frame_id,file,t_recv_wall_ns,gmag,theta_mod90,psi_mod90,n_comp,n_seg,weight,spread_deg,confident,psi_unwrapped
24877,00024877.jpg,1785610138261260800,9.81,0.033,89.967,29,93,1179.9,0.61,1,89.967
24878,00024878.jpg,1785610138334449408,9.81,0.033,89.967,28,94,1188.0,0.55,1,89.967
24879,00024879.jpg,1785610138336494336,9.81,0.033,89.967,27,92,1175.0,0.56,1,89.967
24880,00024880.jpg,1785610138345141504,9.81,0.033,89.967,27,92,1175.0,0.56,1,89.967
24881,00024881.jpg,1785610138398467328,9.81,0.033,89.967,27,92,1175.0,0.56,1,89.967
24882,00024882.jpg,1785610138413777408,9.81,0.033,89.967,27,92,1175.0,0.56,1,89.967
24883,00024883.jpg,1785610138461609216,9.763,0.028,89.972,27,92,1175.5,0.53,1,89.972
24884,00024884.jpg,1785610138478571008,9.561,0.028,89.972,29,94,1198.1,0.47,1,89.972
24885,00024885.jpg,1785610138530497792,9.354,0.026,89.974,28,99,1235.9,0.44,1,89.974
24886,00024886.jpg,1785610138544876800,9.363,0.032,89.968,29,101,1240.6,0.41,1,89.968
24887,00024887.jpg,1785610138595153408,9.756,0.02,89.98,27,94,1190.5,0.73,1,89.98
24888,00024888.jpg,1785610138610644992,9.807,0.032,89.968,24,99,1222.1,0.89,1,89.968
24889,00024889.jpg,1785610138661201152,9.884,0.182,89.818,23,105,1262.1,0.84,1,89.818
24890,00024890.jpg,1785610138679392256,9.892,0.321,89.679,24,97,1162.9,1.26,1,89.679
24891,00024891.jpg,1785610138728536320,9.901,0.023,89.977,22,93,1154.9,1.74,1,89.977
24892,00024892.jpg,1785610138744926464,9.901,0.563,89.437,17,80,1150.1,1.32,1,89.437
24893,00024893.jpg,1785610138795458304,9.899,2.043,87.957,20,90,1055.5,2.03,1,87.957
24894,00024894.jpg,1785610138812089088,9.899,1.475,88.525,23,103,1146.8,1.77,1,88.525
24895,00024895.jpg,1785610138861858304,9.895,0.02,89.98,20,82,985.2,2.74,1,89.98
24896,00024896.jpg,1785610138877883904,9.894,0.575,89.425,16,72,965.5,2.62,1,89.425
24897,00024897.jpg,1785610138930488064,9.89,0.017,89.983,19,86,1025.5,3.08,1,89.983
24898,00024898.jpg,1785610138945079552,9.889,0.015,89.985,18,78,968.9,3.05,1,89.985
24899,00024899.jpg,1785610138995049728,9.886,0.018,89.982,27,103,1119.0,3.52,1,89.982
24900,00024900.jpg,1785610139010683136,9.885,0.018,89.982,27,110,1203.1,3.65,1,89.982
24901,00024901.jpg,1785610139061701376,9.882,0.942,89.058,21,72,908.1,3.05,1,89.058
24902,00024902.jpg,1785610139077768704,9.881,0.016,89.984,23,92,1051.8,3.56,1,89.984
24903,00024903.jpg,1785610139128201984,9.879,0.011,89.989,24,98,1111.0,3.8,1,89.989
24904,00024904.jpg,1785610139144590336,9.878,2.016,87.984,25,92,1039.2,2.66,1,87.984
24905,00024905.jpg,1785610139194988800,9.877,1.992,88.008,15,84,1052.8,2.89,1,88.008
24906,00024906.jpg,1785610139211733248,9.876,0.014,89.986,22,100,1131.9,4.72,1,89.986
24907,00024907.jpg,1785610139261154304,9.873,0.013,89.987,23,92,1038.0,4.19,1,89.987
24908,00024908.jpg,1785610139278548480,9.873,0.012,89.988,21,89,1034.5,4.32,1,89.988
24909,00024909.jpg,1785610139327694592,9.871,0.01,89.99,17,92,1071.3,4.06,1,89.99
24910,00024910.jpg,1785610139344943104,9.871,0.009,89.991,15,78,967.2,4.6,1,89.991
24911,00024911.jpg,1785610139394180864,9.87,0.01,89.99,23,92,1035.5,3.99,1,89.99
24912,00024912.jpg,1785610139411715840,9.87,0.01,89.99,28,119,1198.2,3.69,1,89.99
24913,00024913.jpg,1785610139461242112,9.869,0.006,89.994,13,62,805.9,4.34,1,89.994
24914,00024914.jpg,1785610139477643008,9.869,0.007,89.993,18,85,968.9,4.61,1,89.993
24915,00024915.jpg,1785610139529956864,9.869,0.009,89.991,20,86,949.8,2.98,1,89.991
24916,00024916.jpg,1785610139544150272,9.869,0.01,89.99,23,101,1029.0,4.33,1,89.99
24917,00024917.jpg,1785610139594959872,9.869,0.009,89.991,16,71,888.8,2.9,1,89.991
24918,00024918.jpg,1785610139610696192,9.869,0.008,89.992,20,76,894.9,5.23,1,89.992
24919,00024919.jpg,1785610139662034688,9.87,2.307,87.693,17,58,673.3,3.33,1,87.693
24920,00024920.jpg,1785610139679082496,9.87,2.292,87.708,13,70,820.4,3.35,1,87.708
24921,00024921.jpg,1785610139728207616,9.871,2.19,87.81,21,97,1018.0,2.19,1,87.81
24922,00024922.jpg,1785610139744026112,9.871,0.009,89.991,22,93,994.7,4.01,1,89.991
24923,00024923.jpg,1785610139794424320,9.873,0.008,89.992,16,93,1075.4,5.32,1,89.992
24924,00024924.jpg,1785610139813910272,9.873,2.111,87.889,21,66,749.0,5.53,1,87.889
24925,00024925.jpg,1785610139861033472,9.875,2.057,87.943,16,65,827.0,4.94,1,87.943
24926,00024926.jpg,1785610139878415872,9.875,0.009,89.991,15,75,958.8,3.88,1,89.991
24927,00024927.jpg,1785610139930361856,9.878,0.007,89.993,22,78,981.5,2.51,1,89.993
24928,00024928.jpg,1785610139944807680,9.878,0.007,89.993,20,94,1214.5,3.77,1,89.993
24929,00024929.jpg,1785610139996623360,9.881,0.005,89.995,14,87,1198.9,3.61,1,89.995
24930,00024930.jpg,1785610140010642944,9.881,0.007,89.993,25,84,1061.5,5.03,1,89.993
24931,00024931.jpg,1785610140061216512,9.884,0.005,89.995,16,82,1184.4,3.47,1,89.995
24932,00024932.jpg,1785610140078474240,9.885,0.007,89.993,21,81,1092.3,4.49,1,89.993
24933,00024933.jpg,1785610140128506880,9.888,0.005,89.995,19,81,1156.4,3.42,1,89.995
24934,00024934.jpg,1785610140144892928,9.889,0.006,89.994,19,90,1238.4,5.67,1,89.994
24935,00024935.jpg,1785610140194045440,9.892,0.005,89.995,20,110,1542.6,3.37,1,89.995
24936,00024936.jpg,1785610140211457792,9.893,0.006,89.994,26,100,1298.1,6.26,1,89.994
24937,00024937.jpg,1785610140261757184,9.897,0.005,89.995,24,104,1438.4,5.79,1,89.995
24938,00024938.jpg,1785610140277709824,9.898,0.005,89.995,20,112,1613.2,3.23,1,89.995
24939,00024939.jpg,1785610140327466752,9.902,0.003,89.997,17,82,1159.7,8.22,1,89.997
24940,00024940.jpg,1785610140344983552,9.903,0.004,89.996,22,100,1413.3,5.82,1,89.996
24941,00024941.jpg,1785610140394951424,9.907,0.004,89.996,18,82,1243.7,6.62,1,89.996
24942,00024942.jpg,1785610140410398976,9.907,0.004,89.996,20,96,1377.8,3.9,1,89.996
24943,00024943.jpg,1785610140460575488,9.912,0.003,89.997,22,76,1097.2,8.81,1,89.997
24944,00024944.jpg,1785610140477857280,9.914,0.003,89.997,16,97,1437.2,2.99,1,89.997
24945,00024945.jpg,1785610140527400960,14.252,89.991,0.009,15,84,1465.3,6.91,1,90.009
24946,00024946.jpg,1785610140544435200,10.251,89.99,0.01,19,88,1446.6,6.81,1,90.01
24947,00024947.jpg,1785610140595214592,9.012,89.996,0.004,17,92,1372.3,3.56,1,90.004
24948,00024948.jpg,1785610140611544064,9.118,89.996,0.004,17,96,1424.0,3.56,1,90.004
24949,00024949.jpg,1785610140661430016,9.488,89.998,0.002,16,70,1105.4,3.48,1,90.002
24950,00024950.jpg,1785610140680349184,9.572,89.998,0.002,18,100,1325.1,3.5,1,90.002
24951,00024951.jpg,1785610140729974272,10.422,89.987,0.013,13,80,1251.2,2.68,1,90.013
24952,00024952.jpg,1785610140744200448,10.422,89.987,0.013,13,85,1282.2,2.7,1,90.013
24953,00024953.jpg,1785610140794752512,9.874,89.988,0.012,15,67,1122.5,2.22,1,90.012
24954,00024954.jpg,1785610140814038016,9.844,89.985,0.015,16,72,1163.2,2.21,1,90.015
24955,00024955.jpg,1785610140861192960,9.94,89.988,0.012,13,64,1028.5,3.28,1,90.012
24956,00024956.jpg,1785610140878277888,9.904,89.988,0.012,11,59,988.4,3.38,1,90.012
24957,00024957.jpg,1785610140927884032,9.924,89.986,0.014,13,70,1088.1,2.52,1,90.014
24958,00024958.jpg,1785610140944214784,9.924,89.988,0.012,13,64,1024.4,2.7,1,90.012
24959,00024959.jpg,1785610140994913792,9.861,89.982,0.018,6,36,681.6,2.43,1,90.018
24960,00024960.jpg,1785610141010493440,9.905,89.981,0.019,10,42,718.1,2.38,1,90.019
24961,00024961.jpg,1785610141061467904,9.931,89.983,0.017,7,38,710.8,2.4,1,90.017
24962,00024962.jpg,1785610141077775104,9.879,89.988,0.012,5,34,673.4,2.95,1,90.012
24963,00024963.jpg,1785610141128290816,9.911,89.99,0.01,6,36,669.7,2.21,1,90.01
24964,00024964.jpg,1785610141144132864,9.918,89.992,0.008,8,38,630.2,2.71,1,90.008
24965,00024965.jpg,1785610141194832384,9.909,89.984,0.016,5,20,365.4,2.32,1,90.016
24966,00024966.jpg,1785610141211550976,9.911,89.986,0.014,4,14,198.7,0.01,1,90.014
24967,00024967.jpg,1785610141262081280,9.891,,,0,0,0.0,,0,90.014
24968,00024968.jpg,1785610141277701888,9.903,,,0,0,0.0,,0,90.014
24969,00024969.jpg,1785610141327552000,9.903,,,0,0,0.0,,0,90.013
24970,00024970.jpg,1785610141344758016,9.88,,,0,0,0.0,,0,90.013
24971,00024971.jpg,1785610141395365120,9.885,,,0,0,0.0,,0,90.013
24972,00024972.jpg,1785610141410103296,9.857,,,0,0,0.0,,0,90.013
24973,00024973.jpg,1785610141460612608,13.709,,,0,0,0.0,,0,90.013
24974,00024974.jpg,1785610141478029056,19.815,,,0,0,0.0,,0,89.763
24975,00024975.jpg,1785610141527458560,8.39,,,0,0,0.0,,0,89.44
24976,00024976.jpg,1785610141544359936,7.47,,,0,0,0.0,,0,89.514
24977,00024977.jpg,1785610141594246912,7.311,,,0,0,0.0,,0,89.632
24978,00024978.jpg,1785610141611653376,7.911,,,0,0,0.0,,0,89.843
24979,00024979.jpg,1785610141660670208,5.542,,,0,0,0.0,,0,89.933
24980,00024980.jpg,1785610141678578432,4.813,,,0,0,0.0,,0,89.932
24981,00024981.jpg,1785610141727414016,6.179,,,0,0,0.0,,0,89.933
24982,00024982.jpg,1785610141744731904,7.191,,,0,0,0.0,,0,89.93
24983,00024983.jpg,1785610141794820864,10.277,,,0,0,0.0,,0,89.934
24984,00024984.jpg,1785610141810849280,10.654,,,0,0,0.0,,0,89.937
24985,00024985.jpg,1785610141861567744,10.29,,,0,0,0.0,,0,89.945
24986,00024986.jpg,1785610141877909248,10.092,,,0,0,0.0,,0,89.947
24987,00024987.jpg,1785610141928256768,9.741,,,0,0,0.0,,0,89.949
24988,00024988.jpg,1785610141944665088,9.749,,,0,0,0.0,,0,89.951
24989,00024989.jpg,1785610141994679552,9.817,,,0,0,0.0,,0,89.953
24990,00024990.jpg,1785610142010539264,9.842,,,0,0,0.0,,0,89.954
24991,00024991.jpg,1785610142061926656,9.846,,,0,0,0.0,,0,89.956
24992,00024992.jpg,1785610142079396864,9.848,,,0,0,0.0,,0,89.957
24993,00024993.jpg,1785610142127457280,9.822,,,0,0,0.0,,0,89.959
24994,00024994.jpg,1785610142144703744,9.827,,,0,0,0.0,,0,89.96
24995,00024995.jpg,1785610142194536448,9.823,,,0,0,0.0,,0,89.961
24996,00024996.jpg,1785610142213639936,9.823,,,0,0,0.0,,0,89.962
24997,00024997.jpg,1785610142260485120,9.814,,,0,0,0.0,,0,89.962
24998,00024998.jpg,1785610142277660416,9.82,,,0,0,0.0,,0,89.963
24999,00024999.jpg,1785610142327859712,9.818,,,0,0,0.0,,0,89.964
25000,00025000.jpg,1785610142343976448,9.817,,,0,0,0.0,,0,89.965
25001,00025001.jpg,1785610142394860288,9.815,,,0,0,0.0,,0,89.966
25002,00025002.jpg,1785610142410648576,9.815,,,0,0,0.0,,0,89.967
25003,00025003.jpg,1785610142460647168,9.815,,,0,0,0.0,,0,89.967
25004,00025004.jpg,1785610142478259200,9.814,,,0,0,0.0,,0,89.967
25005,00025005.jpg,1785610142527035648,9.806,,,0,0,0.0,,0,89.968
25006,00025006.jpg,1785610142545041920,9.814,,,0,0,0.0,,0,89.969
25007,00025007.jpg,1785610142594627584,9.812,,,0,0,0.0,,0,89.97
25008,00025008.jpg,1785610142610547200,9.812,,,0,0,0.0,,0,89.97
25009,00025009.jpg,1785610142661392384,9.812,,,0,0,0.0,,0,89.97
25010,00025010.jpg,1785610142677893888,9.811,,,0,0,0.0,,0,89.97
25011,00025011.jpg,1785610142727277824,9.812,,,0,0,0.0,,0,89.971
25012,00025012.jpg,1785610142744876032,9.811,,,0,0,0.0,,0,89.971
25013,00025013.jpg,1785610142796509184,9.812,,,0,0,0.0,,0,89.973
25014,00025014.jpg,1785610142810819840,9.812,,,0,0,0.0,,0,89.973
25015,00025015.jpg,1785610142861100544,9.81,,,0,0,0.0,,0,89.974
25016,00025016.jpg,1785610142878193408,9.81,,,0,0,0.0,,0,89.974
25017,00025017.jpg,1785610142928160256,9.81,,,0,0,0.0,,0,89.975
25018,00025018.jpg,1785610142943985920,9.811,,,0,0,0.0,,0,89.976
25019,00025019.jpg,1785610142994825216,9.81,,,0,0,0.0,,0,89.976
25020,00025020.jpg,1785610143010688768,9.811,,,0,0,0.0,,0,89.977
25021,00025021.jpg,1785610143061911808,9.81,,,0,0,0.0,,0,89.977
25022,00025022.jpg,1785610143077874432,9.81,,,0,0,0.0,,0,89.977
25023,00025023.jpg,1785610143129739520,9.81,,,0,0,0.0,,0,89.977
25024,00025024.jpg,1785610143144735488,9.81,,,0,0,0.0,,0,89.977
25025,00025025.jpg,1785610143194596352,9.81,,,0,0,0.0,,0,89.977
25026,00025026.jpg,1785610143210792192,9.81,,,0,0,0.0,,0,89.977
25027,00025027.jpg,1785610143260562176,9.81,,,0,0,0.0,,0,89.977
25028,00025028.jpg,1785610143277867008,9.81,,,0,0,0.0,,0,89.978
25029,00025029.jpg,1785610143328558080,9.81,,,0,0,0.0,,0,89.978
25030,00025030.jpg,1785610143344120064,9.81,,,0,0,0.0,,0,89.978
25031,00025031.jpg,1785610143395547136,9.81,,,0,0,0.0,,0,89.978
25032,00025032.jpg,1785610143411277824,9.81,,,0,0,0.0,,0,89.978
25033,00025033.jpg,1785610143461662720,9.81,,,0,0,0.0,,0,89.978
25034,00025034.jpg,1785610143477855488,9.81,,,0,0,0.0,,0,89.978
25035,00025035.jpg,1785610143527333120,9.81,,,0,0,0.0,,0,89.978
25036,00025036.jpg,1785610143544829184,9.81,,,0,0,0.0,,0,89.978
25037,00025037.jpg,1785610143594177792,9.81,,,0,0,0.0,,0,89.978
25038,00025038.jpg,1785610143611698688,9.81,,,0,0,0.0,,0,89.978
25039,00025039.jpg,1785610143661249024,9.81,,,0,0,0.0,,0,89.978
25040,00025040.jpg,1785610143678955520,9.81,,,0,0,0.0,,0,89.978
25041,00025041.jpg,1785610143727572224,9.81,,,0,0,0.0,,0,89.978
25042,00025042.jpg,1785610143746829056,9.81,,,0,0,0.0,,0,89.978
25043,00025043.jpg,1785610143794158848,9.81,,,0,0,0.0,,0,89.978
25044,00025044.jpg,1785610143810016256,9.81,,,0,0,0.0,,0,89.978
25045,00025045.jpg,1785610143860903680,9.81,,,0,0,0.0,,0,89.979
25046,00025046.jpg,1785610143877219328,9.81,,,0,0,0.0,,0,89.979
25047,00025047.jpg,1785610143927105792,9.81,,,0,0,0.0,,0,89.979
25048,00025048.jpg,1785610143944389376,9.81,,,0,0,0.0,,0,89.979
25049,00025049.jpg,1785610143994741504,9.81,,,0,0,0.0,,0,89.979
25050,00025050.jpg,1785610144010515712,9.81,,,0,0,0.0,,0,89.979
25051,00025051.jpg,1785610144062584320,9.81,,,0,0,0.0,,0,89.979
25052,00025052.jpg,1785610144077154304,9.81,,,0,0,0.0,,0,89.979
25053,00025053.jpg,1785610144127228672,9.81,,,0,0,0.0,,0,89.979
25054,00025054.jpg,1785610144144525056,9.81,,,0,0,0.0,,0,89.979
25055,00025055.jpg,1785610144193982208,9.81,,,0,0,0.0,,0,89.98
25056,00025056.jpg,1785610144211747072,9.81,,,0,0,0.0,,0,89.98
25057,00025057.jpg,1785610144261096192,9.81,,,0,0,0.0,,0,89.98
25058,00025058.jpg,1785610144278373888,9.81,,,0,0,0.0,,0,89.98
25059,00025059.jpg,1785610144328343296,9.81,,,0,0,0.0,,0,89.98
25060,00025060.jpg,1785610144344468736,9.81,,,0,0,0.0,,0,89.98
25061,00025061.jpg,1785610144394838528,9.81,,,0,0,0.0,,0,89.98
25062,00025062.jpg,1785610144410519808,9.81,,,0,0,0.0,,0,89.98
25063,00025063.jpg,1785610144461246720,9.81,,,0,0,0.0,,0,89.981
25064,00025064.jpg,1785610144477323520,9.81,,,0,0,0.0,,0,89.981
25065,00025065.jpg,1785610144528477696,9.81,,,0,0,0.0,,0,89.981
25066,00025066.jpg,1785610144544205056,9.81,,,0,0,0.0,,0,89.981
25067,00025067.jpg,1785610144593812736,9.81,,,0,0,0.0,,0,89.982
25068,00025068.jpg,1785610144611741440,9.81,,,0,0,0.0,,0,89.982
25069,00025069.jpg,1785610144661198080,9.81,,,0,0,0.0,,0,89.982
25070,00025070.jpg,1785610144677359616,9.81,,,0,0,0.0,,0,89.982
25071,00025071.jpg,1785610144727135744,9.81,,,0,0,0.0,,0,89.982
25072,00025072.jpg,1785610144745006848,9.81,,,0,0,0.0,,0,89.982
25073,00025073.jpg,1785610144794811648,9.81,,,0,0,0.0,,0,89.983
25074,00025074.jpg,1785610144810644992,9.81,,,0,0,0.0,,0,89.983
25075,00025075.jpg,1785610144861577216,9.81,,,0,0,0.0,,0,89.983
25076,00025076.jpg,1785610144877710848,9.81,,,0,0,0.0,,0,89.984
25077,00025077.jpg,1785610144927130624,9.81,,,0,0,0.0,,0,89.984
25078,00025078.jpg,1785610144944358912,9.81,,,0,0,0.0,,0,89.985
25079,00025079.jpg,1785610144995054848,9.81,,,0,0,0.0,,0,89.985
25080,00025080.jpg,1785610145010964992,9.81,,,0,0,0.0,,0,89.986
25081,00025081.jpg,1785610145061933568,9.81,,,0,0,0.0,,0,89.986
25082,00025082.jpg,1785610145078300160,9.81,,,0,0,0.0,,0,89.986
25083,00025083.jpg,1785610145127257344,9.81,,,0,0,0.0,,0,89.986
25084,00025084.jpg,1785610145146064640,9.81,,,0,0,0.0,,0,89.986
25085,00025085.jpg,1785610145194565888,9.81,,,0,0,0.0,,0,89.988
25086,00025086.jpg,1785610145210606336,9.81,,,0,0,0.0,,0,89.988
25087,00025087.jpg,1785610145260322560,9.81,,,0,0,0.0,,0,89.989
25088,00025088.jpg,1785610145277953536,9.81,,,0,0,0.0,,0,89.988
25089,00025089.jpg,1785610145327608832,9.81,,,0,0,0.0,,0,89.989
25090,00025090.jpg,1785610145343463680,9.81,,,0,0,0.0,,0,89.989
25091,00025091.jpg,1785610145394522368,9.81,87.063,2.937,23,56,831.3,5.72,1,92.937
25092,00025092.jpg,1785610145410041344,9.81,,,0,0,0.0,,0,92.937
25093,00025093.jpg,1785610145462799616,9.81,,,0,0,0.0,,0,92.938
25094,00025094.jpg,1785610145477113088,9.81,,,0,0,0.0,,0,92.938
25095,00025095.jpg,1785610145527655424,9.821,,,0,0,0.0,,0,92.938
25096,00025096.jpg,1785610145543554816,9.821,,,0,0,0.0,,0,92.938
25097,00025097.jpg,1785610145594622720,9.821,89.077,0.923,26,99,1139.1,4.28,1,90.923
25098,00025098.jpg,1785610145610650368,9.821,89.077,0.923,25,99,1139.1,4.28,1,90.923
25099,00025099.jpg,1785610145660927232,9.821,89.077,0.923,26,99,1139.1,4.28,1,90.923
25100,00025100.jpg,1785610145678004224,9.821,89.077,0.923,26,99,1139.1,4.28,1,90.923
25101,00025101.jpg,1785610145727990272,9.843,89.101,0.899,26,99,1141.4,4.16,1,90.899
25102,00025102.jpg,1785610145743742464,9.81,89.111,0.889,25,99,1142.1,4.12,1,90.889
25103,00025103.jpg,1785610145794904576,9.81,89.138,0.862,26,99,1144.1,4.03,1,90.862
25104,00025104.jpg,1785610145811570176,9.81,89.146,0.854,26,102,1159.1,3.94,1,90.854
25105,00025105.jpg,1785610145861481472,9.81,89.172,0.828,25,102,1161.2,3.84,1,90.828
25106,00025106.jpg,1785610145877126912,9.81,89.18,0.82,25,102,1161.8,3.81,1,90.82
25107,00025107.jpg,1785610145928132608,9.81,89.212,0.788,26,102,1164.5,3.69,1,90.788
25108,00025108.jpg,1785610145944056576,9.81,89.22,0.78,26,102,1165.1,3.66,1,90.78
25109,00025109.jpg,1785610145994898688,9.81,89.243,0.757,26,102,1167.1,3.57,1,90.757
25110,00025110.jpg,1785610146011022592,9.81,89.25,0.75,26,102,1167.7,3.54,1,90.75
25111,00025111.jpg,1785610146061127680,9.81,89.272,0.728,26,102,1169.5,3.45,1,90.728
25112,00025112.jpg,1785610146078120192,9.81,89.286,0.714,26,102,1170.7,3.4,1,90.714
25113,00025113.jpg,1785610146127574272,9.81,89.306,0.694,26,102,1172.5,3.31,1,90.694
25114,00025114.jpg,1785610146143466240,9.81,89.313,0.687,26,102,1173.1,3.28,1,90.687
25115,00025115.jpg,1785610146193770752,9.81,89.332,0.668,26,102,1174.9,3.25,1,90.668
25116,00025116.jpg,1785610146211521024,9.81,89.339,0.661,26,102,1175.4,3.23,1,90.661
25117,00025117.jpg,1785610146261495808,9.81,89.357,0.643,25,102,1177.1,3.14,1,90.643
25118,00025118.jpg,1785610146277647616,9.81,89.363,0.637,26,102,1177.7,3.12,1,90.637
25119,00025119.jpg,1785610146329986304,9.81,89.381,0.619,26,102,1179.3,3.04,1,90.619
25120,00025120.jpg,1785610146344409344,9.81,89.387,0.613,25,102,1179.8,3.01,1,90.613
25121,00025121.jpg,1785610146393910784,9.81,89.404,0.596,26,102,1181.4,3.0,1,90.596
25122,00025122.jpg,1785610146411287552,9.81,89.409,0.591,26,102,1181.9,2.99,1,90.591
25123,00025123.jpg,1785610146460801792,9.81,89.425,0.575,26,102,1183.4,2.98,1,90.575
25124,00025124.jpg,1785610146478075648,9.81,89.431,0.569,26,102,1183.9,2.97,1,90.569
25125,00025125.jpg,1785610146529710848,9.81,89.446,0.554,26,102,1185.4,2.96,1,90.554
25126,00025126.jpg,1785610146543670528,9.81,89.451,0.549,26,102,1185.9,2.95,1,90.549
25127,00025127.jpg,1785610146594977280,9.81,89.466,0.534,26,102,1187.4,2.9,1,90.534
25128,00025128.jpg,1785610146611258368,9.81,89.471,0.529,26,102,1187.8,2.88,1,90.529
25129,00025129.jpg,1785610146660579072,9.81,89.485,0.515,26,102,1189.2,2.82,1,90.515
25130,00025130.jpg,1785610146677992960,9.81,89.49,0.51,26,102,1189.7,2.8,1,90.51
25131,00025131.jpg,1785610146727100672,9.81,89.503,0.497,26,102,1191.0,2.74,1,90.497
25132,00025132.jpg,1785610146744188416,9.81,89.508,0.492,26,102,1191.5,2.72,1,90.492
25133,00025133.jpg,1785610146794898688,9.81,89.52,0.48,26,102,1192.8,2.67,1,90.48
25134,00025134.jpg,1785610146810668288,9.81,89.525,0.475,26,102,1193.2,2.65,1,90.475
25135,00025135.jpg,1785610146861420032,9.81,89.537,0.463,26,102,1194.5,2.59,1,90.463
25136,00025136.jpg,1785610146877723648,9.81,89.541,0.459,26,102,1194.9,2.57,1,90.459
25137,00025137.jpg,1785610146927077376,9.81,89.553,0.447,26,102,1196.1,2.52,1,90.447
25138,00025138.jpg,1785610146945108736,9.81,89.557,0.443,26,102,1196.5,2.5,1,90.443
25139,00025139.jpg,1785610146993628672,9.81,89.568,0.432,26,102,1197.7,2.45,1,90.432
25140,00025140.jpg,1785610147011492608,9.81,89.584,0.416,26,102,1198.1,2.45,1,90.416
25141,00025141.jpg,1785610147062658048,9.81,89.638,0.362,26,102,1199.3,2.44,1,90.362
25142,00025142.jpg,1785610147077764608,9.81,89.649,0.351,26,102,1199.6,2.43,1,90.351
25143,00025143.jpg,1785610147127020544,9.81,89.658,0.342,26,102,1200.8,2.37,1,90.342
25144,00025144.jpg,1785610147144524032,9.81,89.661,0.339,26,102,1201.1,2.36,1,90.339
25145,00025145.jpg,1785610147194564096,9.81,89.67,0.33,26,102,1202.2,2.29,1,90.33
25146,00025146.jpg,1785610147210399744,9.81,89.672,0.328,26,102,1202.6,2.26,1,90.328
25147,00025147.jpg,1785610147261702912,9.81,89.68,0.32,25,102,1203.6,2.17,1,90.32
25148,00025148.jpg,1785610147277499136,9.81,89.683,0.317,26,102,1204.0,2.15,1,90.317
25149,00025149.jpg,1785610147327077376,9.81,89.693,0.307,26,102,1205.3,2.12,1,90.307
25150,00025150.jpg,1785610147344434432,9.81,89.696,0.304,25,102,1205.7,2.12,1,90.304
25151,00025151.jpg,1785610147394943232,9.81,89.703,0.297,26,102,1206.6,2.11,1,90.297
25152,00025152.jpg,1785610147411446272,9.81,89.706,0.294,26,102,1207.0,2.1,1,90.294
25153,00025153.jpg,1785610147461630720,9.81,89.713,0.287,26,102,1207.9,2.05,1,90.287
25154,00025154.jpg,1785610147477694720,9.81,89.715,0.285,26,102,1208.2,2.04,1,90.285
25155,00025155.jpg,1785610147526875904,9.81,89.722,0.278,26,102,1209.1,2.0,1,90.278
25156,00025156.jpg,1785610147543990016,9.81,89.724,0.276,26,102,1209.4,1.98,1,90.276
25157,00025157.jpg,1785610147593613312,9.81,89.729,0.271,26,102,1210.0,1.95,1,90.271
25158,00025158.jpg,1785610147611252736,9.81,89.733,0.267,26,102,1210.6,1.93,1,90.267
25159,00025159.jpg,1785610147660927488,9.81,89.739,0.261,26,102,1211.5,1.89,1,90.261
25160,00025160.jpg,1785610147677029120,9.81,89.741,0.259,26,102,1211.8,1.88,1,90.259
25161,00025161.jpg,1785610147726943232,9.81,89.748,0.252,26,102,1212.6,1.84,1,90.252
25162,00025162.jpg,1785610147743984896,9.81,89.75,0.25,26,102,1212.9,1.84,1,90.25
25163,00025163.jpg,1785610147795058176,9.81,89.755,0.245,26,102,1213.7,1.84,1,90.245
25164,00025164.jpg,1785610147810187776,9.81,89.757,0.243,26,102,1214.0,1.84,1,90.243
25165,00025165.jpg,1785610147861438976,9.81,89.763,0.237,26,102,1214.7,1.84,1,90.237
25166,00025166.jpg,1785610147877634048,9.81,89.765,0.235,26,102,1215.0,1.83,1,90.235
25167,00025167.jpg,1785610147928104448,9.81,89.77,0.23,26,102,1215.8,1.79,1,90.23
25168,00025168.jpg,1785610147944265728,9.81,89.772,0.228,26,102,1216.0,1.78,1,90.228
25169,00025169.jpg,1785610147994950912,9.81,89.777,0.223,26,102,1216.8,1.75,1,90.223
25170,00025170.jpg,1785610148010734080,9.81,89.779,0.221,26,102,1217.0,1.74,1,90.221
25171,00025171.jpg,1785610148061514496,9.81,89.784,0.216,26,102,1217.7,1.71,1,90.216
25172,00025172.jpg,1785610148077987584,9.81,89.786,0.214,26,102,1217.9,1.7,1,90.214
25173,00025173.jpg,1785610148127785472,9.81,89.791,0.209,26,102,1218.6,1.66,1,90.209
25174,00025174.jpg,1785610148143596288,9.81,89.792,0.208,26,102,1218.9,1.65,1,90.208
25175,00025175.jpg,1785610148194666240,9.81,89.797,0.203,26,102,1219.5,1.62,1,90.203
25176,00025176.jpg,1785610148210502912,9.81,89.799,0.201,26,102,1219.8,1.61,1,90.201
25177,00025177.jpg,1785610148261266944,9.81,89.803,0.197,25,102,1220.4,1.58,1,90.197
25178,00025178.jpg,1785610148278522880,9.81,89.805,0.195,25,102,1220.6,1.57,1,90.195
25179,00025179.jpg,1785610148327933952,9.81,89.834,0.166,26,102,1221.2,1.53,1,90.166
25180,00025180.jpg,1785610148343981568,9.81,89.835,0.165,25,102,1221.5,1.51,1,90.165
25181,00025181.jpg,1785610148394723328,9.81,89.84,0.16,26,102,1222.3,1.46,1,90.16
25182,00025182.jpg,1785610148410374144,9.81,89.84,0.16,26,102,1222.3,1.46,1,90.16
25183,00025183.jpg,1785610148460920320,9.81,89.845,0.155,26,102,1223.0,1.4,1,90.155
25184,00025184.jpg,1785610148477186560,9.81,89.846,0.154,26,102,1223.2,1.39,1,90.154
25185,00025185.jpg,1785610148529714688,9.81,89.827,0.173,26,106,1235.8,1.37,1,90.173
25186,00025186.jpg,1785610148544220416,9.81,89.828,0.172,26,106,1236.0,1.35,1,90.172
25187,00025187.jpg,1785610148594650368,9.81,89.832,0.168,26,106,1236.6,1.31,1,90.168
25188,00025188.jpg,1785610148610382848,9.81,89.833,0.167,26,106,1236.8,1.3,1,90.167
25189,00025189.jpg,1785610148661649408,9.81,89.837,0.163,26,106,1237.3,1.26,1,90.163
25190,00025190.jpg,1785610148676706304,9.81,89.838,0.162,26,106,1237.5,1.25,1,90.162
25191,00025191.jpg,1785610148729747968,9.81,89.841,0.159,24,96,1181.7,1.18,1,90.159
25192,00025192.jpg,1785610148744129280,9.81,89.842,0.158,24,96,1181.9,1.17,1,90.158
25193,00025193.jpg,1785610148794734336,9.81,89.827,0.173,24,96,1182.4,1.12,1,90.173
25194,00025194.jpg,1785610148810421248,9.81,89.821,0.179,24,96,1182.6,1.11,1,90.179
25195,00025195.jpg,1785610148860739072,9.81,89.825,0.175,24,96,1183.1,1.1,1,90.175
25196,00025196.jpg,1785610148876550912,9.81,89.826,0.174,24,96,1183.3,1.11,1,90.174
25197,00025197.jpg,1785610148927052032,9.81,89.83,0.17,24,96,1183.8,1.11,1,90.17
25198,00025198.jpg,1785610148944191232,9.81,89.831,0.169,24,96,1183.9,1.1,1,90.169
25199,00025199.jpg,1785610148994305024,9.81,89.835,0.165,24,96,1184.4,1.08,1,90.165
25200,00025200.jpg,1785610149010372096,9.81,89.837,0.163,24,96,1184.7,1.07,1,90.163
25201,00025201.jpg,1785610149061390592,9.81,89.841,0.159,24,96,1185.1,1.05,1,90.159
25202,00025202.jpg,1785610149077613824,9.188,89.826,0.174,24,96,1185.3,1.02,1,90.174
25203,00025203.jpg,1785610149127976704,12.741,0.111,89.889,22,79,1045.5,0.82,1,89.889
25204,00025204.jpg,1785610149142898176,11.546,89.916,0.084,16,86,1142.6,2.05,1,90.084
25205,00025205.jpg,1785610149194796544,10.017,0.724,89.276,25,93,1112.4,1.17,1,89.276
25206,00025206.jpg,1785610149210577152,10.102,89.934,0.066,16,81,1061.9,1.02,1,90.066
25207,00025207.jpg,1785610149261054976,10.121,89.96,0.04,20,85,1221.9,1.34,1,90.04
25208,00025208.jpg,1785610149278041344,10.121,89.959,0.041,25,117,1427.2,0.62,1,90.041
25209,00025209.jpg,1785610149327563008,10.033,89.969,0.031,20,92,1347.4,0.83,1,90.031
25210,00025210.jpg,1785610149343971584,9.98,0.094,89.906,17,86,1340.4,0.75,1,89.906
25211,00025211.jpg,1785610149393639936,9.848,89.978,0.022,17,87,1394.4,0.79,1,90.022
25212,00025212.jpg,1785610149410377984,9.848,89.979,0.021,25,102,1487.7,0.67,1,90.021
25213,00025213.jpg,1785610149462012928,9.849,0.069,89.931,26,115,1680.1,0.52,1,89.931
25214,00025214.jpg,1785610149478508032,9.849,0.215,89.785,29,97,1580.3,0.5,1,89.785
25215,00025215.jpg,1785610149527757312,9.865,0.274,89.726,21,86,1533.5,0.56,1,89.726
25216,00025216.jpg,1785610149543389696,9.866,0.253,89.747,24,90,1537.0,0.43,1,89.747
25217,00025217.jpg,1785610149594524416,9.873,0.088,89.912,21,93,1568.5,0.39,1,89.912
25218,00025218.jpg,1785610149610489600,9.874,89.987,0.013,24,123,1751.9,0.45,1,90.013
25219,00025219.jpg,1785610149661006592,9.888,89.989,0.011,23,114,1690.7,0.59,1,90.011
25220,00025220.jpg,1785610149677834496,9.897,89.989,0.011,28,110,1615.4,0.38,1,90.011
25221,00025221.jpg,1785610149726978304,9.921,89.989,0.011,21,80,1459.0,1.14,1,90.011
25222,00025222.jpg,1785610149743122176,9.921,89.987,0.013,19,90,1525.3,0.59,1,90.013
25223,00025223.jpg,1785610149794732288,9.92,89.992,0.008,18,87,1304.6,0.36,1,90.008
25224,00025224.jpg,1785610149810592512,9.919,89.994,0.006,26,97,1379.8,0.56,1,90.006
25225,00025225.jpg,1785610149860812288,9.986,89.995,0.005,28,118,1516.3,0.79,1,90.005
25226,00025226.jpg,1785610149878208768,9.942,0.169,89.831,20,92,1366.5,0.99,1,89.831
25227,00025227.jpg,1785610149928029952,9.919,0.319,89.681,25,118,1562.0,1.24,1,89.681
25228,00025228.jpg,1785610149944441600,9.908,0.341,89.659,26,98,1384.4,1.25,1,89.659
25229,00025229.jpg,1785610149994548224,9.87,0.459,89.541,26,116,1568.0,0.81,1,89.541
25230,00025230.jpg,1785610150010236928,9.869,0.143,89.857,18,94,1415.2,1.06,1,89.857
25231,00025231.jpg,1785610150061251328,9.865,0.047,89.953,23,95,1460.8,1.4,1,89.953
25232,00025232.jpg,1785610150077914880,9.865,0.367,89.633,17,87,1392.3,1.04,1,89.633
25233,00025233.jpg,1785610150127986688,9.87,0.863,89.137,27,89,1494.9,0.87,1,89.137
25234,00025234.jpg,1785610150144649216,9.871,0.674,89.326,19,95,1565.2,0.68,1,89.326
25235,00025235.jpg,1785610150197643264,9.872,0.66,89.34,21,114,1710.3,0.67,1,89.34
25236,00025236.jpg,1785610150210586112,9.873,0.939,89.061,26,106,1620.7,0.95,1,89.061
25237,00025237.jpg,1785610150261388032,9.874,0.319,89.681,25,115,1645.9,0.66,1,89.681
25238,00025238.jpg,1785610150278408960,9.874,0.389,89.611,26,106,1634.2,0.81,1,89.611
25239,00025239.jpg,1785610150328426240,9.875,0.681,89.319,27,108,1648.9,0.69,1,89.319
25240,00025240.jpg,1785610150344328192,9.875,0.907,89.093,20,95,1562.0,0.91,1,89.093
25241,00025241.jpg,1785610150393390848,9.875,0.828,89.172,25,103,1591.7,0.83,1,89.172
25242,00025242.jpg,1785610150410581760,9.875,0.921,89.079,21,103,1606.4,0.92,1,89.079
25243,00025243.jpg,1785610150460294400,9.875,0.871,89.129,30,107,1591.6,0.88,1,89.129
25244,00025244.jpg,1785610150477423104,9.875,0.871,89.129,26,115,1662.7,0.88,1,89.129
25245,00025245.jpg,1785610150527190016,9.875,0.717,89.283,20,102,1632.0,0.72,1,89.283
25246,00025246.jpg,1785610150544275456,9.874,0.717,89.283,21,105,1657.1,0.72,1,89.283
25247,00025247.jpg,1785610150593587712,9.874,89.997,0.003,27,103,1583.9,0.92,1,90.003
25248,00025248.jpg,1785610150611234304,9.874,0.302,89.698,27,105,1546.5,0.73,1,89.698
25249,00025249.jpg,1785610150659907840,9.873,0.717,89.283,34,101,1482.9,0.72,1,89.283
25250,00025250.jpg,1785610150677970176,9.873,0.72,89.28,30,96,1494.9,0.73,1,89.28
25251,00025251.jpg,1785610150727106304,9.873,0.787,89.213,23,85,1430.5,0.79,1,89.213
25252,00025252.jpg,1785610150744390912,9.873,0.663,89.337,24,86,1433.2,0.71,1,89.337
25253,00025253.jpg,1785610150794590976,9.872,0.007,89.993,23,81,1382.9,0.84,1,89.993
25254,00025254.jpg,1785610150809925120,9.872,0.399,89.601,27,88,1316.8,0.99,1,89.601
25255,00025255.jpg,1785610150861169664,9.871,0.378,89.622,24,85,1299.7,1.08,1,89.622
25256,00025256.jpg,1785610150878219264,9.871,0.382,89.618,28,94,1324.5,1.08,1,89.618
25257,00025257.jpg,1785610150927772416,9.871,89.997,0.003,24,94,1410.2,1.02,1,90.003
25258,00025258.jpg,1785610150943624192,9.87,0.519,89.481,22,93,1417.1,0.7,1,89.481
25259,00025259.jpg,1785610150994548480,9.87,0.582,89.418,22,94,1414.2,0.78,1,89.418
25260,00025260.jpg,1785610151010323200,9.87,0.336,89.664,23,102,1443.0,0.64,1,89.664
25261,00025261.jpg,1785610151062840576,9.869,0.108,89.892,31,116,1518.7,0.62,1,89.892
25262,00025262.jpg,1785610151077128448,9.869,0.147,89.853,32,115,1521.3,0.66,1,89.853
25263,00025263.jpg,1785610151126603776,9.868,0.174,89.826,31,113,1527.8,0.66,1,89.826
25264,00025264.jpg,1785610151143722240,9.868,0.081,89.919,30,112,1526.9,0.54,1,89.919
25265,00025265.jpg,1785610151193310976,9.868,0.497,89.503,29,114,1515.6,0.75,1,89.503
25266,00025266.jpg,1785610151211171072,9.867,0.326,89.674,24,112,1528.6,0.84,1,89.674
25267,00025267.jpg,1785610151261432576,9.867,0.193,89.807,22,99,1453.2,0.88,1,89.807
25268,00025268.jpg,1785610151277523200,9.867,0.17,89.83,23,100,1463.7,0.65,1,89.83
25269,00025269.jpg,1785610151327017984,9.866,0.236,89.764,22,101,1453.7,0.83,1,89.764
25270,00025270.jpg,1785610151342881536,9.866,89.998,0.002,22,104,1476.0,0.88,1,90.002
25271,00025271.jpg,1785610151394145280,9.865,89.998,0.002,19,95,1377.7,1.07,1,90.002
25272,00025272.jpg,1785610151409901312,9.865,89.998,0.002,21,94,1365.5,1.22,1,90.002
25273,00025273.jpg,1785610151460145152,9.865,89.998,0.002,20,93,1419.0,1.12,1,90.002
25274,00025274.jpg,1785610151477440000,9.865,89.998,0.002,21,93,1414.3,0.66,1,90.002
25275,00025275.jpg,1785610151527080192,9.866,0.25,89.75,25,105,1458.4,0.86,1,89.75
25276,00025276.jpg,1785610151542729728,9.871,0.447,89.553,25,108,1477.2,0.53,1,89.553
25277,00025277.jpg,1785610151593775104,9.866,0.934,89.066,28,107,1380.7,1.35,1,89.066
25278,00025278.jpg,1785610151610462720,9.865,0.976,89.024,28,103,1339.6,0.95,1,89.024
25279,00025279.jpg,1785610151661167616,9.864,0.909,89.091,27,104,1348.4,1.16,1,89.091
25280,00025280.jpg,1785610151677471488,9.864,0.852,89.148,24,99,1365.1,1.17,1,89.148
25281,00025281.jpg,1785610151726511360,9.863,1.027,88.973,28,111,1361.9,0.44,1,88.973
25282,00025282.jpg,1785610151743948544,9.862,0.771,89.229,30,109,1362.7,0.54,1,89.229
25283,00025283.jpg,1785610151794388224,9.861,0.994,89.006,24,101,1331.3,0.76,1,89.006
25284,00025284.jpg,1785610151810149888,9.861,0.824,89.176,28,101,1315.4,0.79,1,89.176
25285,00025285.jpg,1785610151860963840,9.86,0.676,89.324,26,105,1332.8,0.63,1,89.324
25286,00025286.jpg,1785610151876770560,9.86,0.514,89.486,26,101,1334.5,0.8,1,89.486
25287,00025287.jpg,1785610151927360256,9.86,0.511,89.489,27,100,1318.2,0.53,1,89.489
25288,00025288.jpg,1785610151942931200,9.86,0.411,89.589,26,94,1261.7,0.4,1,89.589
25289,00025289.jpg,1785610151995052032,9.859,0.621,89.379,24,88,1241.2,0.73,1,89.379
25290,00025290.jpg,1785610152009718784,9.859,0.521,89.479,24,91,1249.2,0.69,1,89.479
25291,00025291.jpg,1785610152061526528,9.713,0.413,89.587,27,102,1288.4,0.73,1,89.587
25292,00025292.jpg,1785610152076851200,9.365,0.429,89.571,25,100,1315.2,0.49,1,89.571
25293,00025293.jpg,1785610152127408640,7.828,0.314,89.686,23,105,1380.1,0.43,1,89.686
25294,00025294.jpg,1785610152142984704,7.066,0.288,89.712,24,112,1407.7,0.45,1,89.712
25295,00025295.jpg,1785610152195921920,4.769,0.293,89.707,25,106,1383.6,0.73,1,89.707
25296,00025296.jpg,1785610152210068480,4.814,0.277,89.723,25,110,1372.6,0.72,1,89.723
25297,00025297.jpg,1785610152261666304,7.901,0.239,89.761,22,89,1250.1,0.84,1,89.761
25298,00025298.jpg,1785610152276922624,8.515,0.19,89.81,22,82,1213.7,0.89,1,89.81
25299,00025299.jpg,1785610152326746880,9.521,0.16,89.84,25,106,1382.8,0.62,1,89.84
25300,00025300.jpg,1785610152343015680,9.521,0.162,89.838,26,111,1412.6,0.57,1,89.838
25301,00025301.jpg,1785610152393480448,9.815,0.166,89.834,25,85,1258.3,1.04,1,89.834
25302,00025302.jpg,1785610152410311680,9.836,0.391,89.609,22,80,1183.8,0.88,1,89.609
25303,00025303.jpg,1785610152461507072,9.868,0.189,89.811,23,102,1400.4,0.84,1,89.811
25304,00025304.jpg,1785610152477571584,9.872,0.159,89.841,25,116,1478.9,0.57,1,89.841
25305,00025305.jpg,1785610152526958848,9.878,0.217,89.783,22,88,1263.5,0.63,1,89.783
25306,00025306.jpg,1785610152544790528,9.879,0.127,89.873,19,89,1307.9,0.55,1,89.873
25307,00025307.jpg,1785610152593085952,9.881,0.096,89.904,21,89,1281.4,0.54,1,89.904
25308,00025308.jpg,1785610152610433280,9.881,0.141,89.859,23,84,1198.2,1.03,1,89.859
25309,00025309.jpg,1785610152661281792,9.882,0.098,89.902,25,113,1455.2,0.37,1,89.902
25310,00025310.jpg,1785610152677074176,9.882,0.095,89.905,25,120,1470.8,0.67,1,89.905
25311,00025311.jpg,1785610152727709952,9.883,0.063,89.937,21,88,1279.4,0.65,1,89.937
25312,00025312.jpg,1785610152744654848,9.883,0.112,89.888,17,75,1210.3,0.9,1,89.888
25313,00025313.jpg,1785610152793448704,9.884,0.102,89.898,26,97,1357.1,0.72,1,89.898
25314,00025314.jpg,1785610152811288320,9.884,0.083,89.917,28,108,1462.0,0.58,1,89.917
25315,00025315.jpg,1785610152860672256,10.044,0.08,89.92,22,98,1332.9,0.66,1,89.92
25316,00025316.jpg,1785610152876624384,10.218,0.063,89.937,20,97,1338.9,0.61,1,89.937
25317,00025317.jpg,1785610152927113472,11.117,0.062,89.938,18,91,1329.0,0.56,1,89.938
25318,00025318.jpg,1785610152942892032,11.117,0.062,89.938,18,92,1325.1,0.66,1,89.938
25319,00025319.jpg,1785610152994242048,9.461,0.067,89.933,25,108,1471.4,0.63,1,89.933
25320,00025320.jpg,1785610153012588288,8.869,0.075,89.925,26,106,1452.2,0.55,1,89.925
25321,00025321.jpg,1785610153060614144,9.043,0.06,89.94,22,81,1210.4,0.8,1,89.94
25322,00025322.jpg,1785610153093560320,9.373,0.074,89.926,21,94,1322.0,0.64,1,89.926
25323,00025323.jpg,1785610153126894848,9.607,0.064,89.936,17,99,1371.4,0.69,1,89.936
25324,00025324.jpg,1785610153144230144,9.678,0.064,89.936,19,102,1349.4,0.64,1,89.936
25325,00025325.jpg,1785610153195932160,9.822,0.09,89.91,27,97,1254.5,0.72,1,89.91
25326,00025326.jpg,1785610153210183936,9.841,0.097,89.903,24,101,1286.8,0.49,1,89.903
25327,00025327.jpg,1785610153259875328,9.877,0.061,89.939,18,93,1342.1,0.85,1,89.939
25328,00025328.jpg,1785610153277081600,9.882,0.06,89.94,18,87,1295.9,0.59,1,89.94
25329,00025329.jpg,1785610153327833088,9.891,0.09,89.91,28,100,1265.2,0.95,1,89.91
25330,00025330.jpg,1785610153344962048,9.892,0.071,89.929,23,107,1366.5,0.51,1,89.929
25331,00025331.jpg,1785610153394631680,9.895,0.056,89.944,21,107,1407.6,0.54,1,89.944
25332,00025332.jpg,1785610153410461952,9.896,0.068,89.932,20,95,1306.2,0.56,1,89.932
25333,00025333.jpg,1785610153459839232,9.897,0.066,89.934,21,103,1383.8,0.87,1,89.934
25334,00025334.jpg,1785610153477075712,9.897,0.061,89.939,23,107,1412.2,0.64,1,89.939
25335,00025335.jpg,1785610153527867136,9.898,0.34,89.66,23,101,1274.6,0.53,1,89.66
25336,00025336.jpg,1785610153543948032,9.898,0.341,89.659,21,89,1159.9,0.63,1,89.659
25337,00025337.jpg,1785610153593322240,9.899,0.075,89.925,21,89,1180.3,0.58,1,89.925
25338,00025338.jpg,1785610153611202816,9.899,0.355,89.645,20,84,1163.5,0.79,1,89.645
25339,00025339.jpg,1785610153660855040,9.901,0.25,89.75,18,89,1193.7,0.57,1,89.75
25340,00025340.jpg,1785610153676514304,9.901,0.203,89.797,16,86,1206.7,0.57,1,89.797
25341,00025341.jpg,1785610153726843904,9.918,0.08,89.92,23,100,1314.6,1.16,1,89.92
25342,00025342.jpg,1785610153760494080,9.905,0.185,89.815,24,100,1325.7,1.09,1,89.815
25343,00025343.jpg,1785610153794093824,9.913,89.983,0.017,23,101,1255.6,1.12,1,90.017
25344,00025344.jpg,1785610153809877504,9.911,0.573,89.427,22,91,1189.0,0.72,1,89.427
25345,00025345.jpg,1785610153861289216,9.916,0.494,89.506,21,87,1211.8,0.99,1,89.506
25346,00025346.jpg,1785610153876614144,9.914,0.615,89.385,23,104,1281.9,1.05,1,89.385
25347,00025347.jpg,1785610153926419712,9.909,0.45,89.55,22,99,1304.4,1.0,1,89.55
25348,00025348.jpg,1785610153960622848,9.904,0.58,89.42,27,115,1397.1,0.9,1,89.42
25349,00025349.jpg,1785610153993381632,9.902,0.368,89.632,24,116,1417.7,0.93,1,89.632
25350,00025350.jpg,1785610154011063040,9.902,0.164,89.836,25,117,1414.0,1.17,1,89.836
25351,00025351.jpg,1785610154060955392,9.902,0.445,89.555,30,120,1450.1,1.13,1,89.555
25352,00025352.jpg,1785610154093394432,9.902,0.392,89.608,23,105,1466.3,1.13,1,89.608
25353,00025353.jpg,1785610154127439872,9.903,0.129,89.871,27,115,1490.7,1.09,1,89.871
25354,00025354.jpg,1785610154161506560,9.904,0.168,89.832,27,121,1515.6,0.99,1,89.832
25355,00025355.jpg,1785610154193266176,9.904,0.367,89.633,23,109,1468.0,0.89,1,89.633
25356,00025356.jpg,1785610154227302400,9.905,0.5,89.5,26,122,1533.0,1.07,1,89.5
25357,00025357.jpg,1785610154259972864,9.905,89.833,0.167,28,124,1589.5,0.82,1,90.167
25358,00025358.jpg,1785610154294432768,9.906,89.771,0.229,27,119,1570.2,0.72,1,90.229
25359,00025359.jpg,1785610154326972416,9.906,0.396,89.604,27,114,1560.9,0.74,1,89.604
25360,00025360.jpg,1785610154342907136,9.906,89.832,0.168,25,110,1531.5,0.84,1,90.168
25361,00025361.jpg,1785610154393861376,9.907,89.885,0.115,24,114,1611.9,1.04,1,90.115
25362,00025362.jpg,1785610154427077632,9.907,0.146,89.854,20,108,1569.9,0.58,1,89.854
25363,00025363.jpg,1785610154462825216,9.908,0.101,89.899,24,108,1557.5,0.61,1,89.899
25364,00025364.jpg,1785610154477627904,9.908,89.931,0.069,25,118,1621.6,0.75,1,90.069
25365,00025365.jpg,1785610154527311872,9.908,0.286,89.714,24,122,1693.8,0.57,1,89.714
25366,00025366.jpg,1785610154542964992,9.909,89.984,0.016,20,107,1633.9,0.75,1,90.016
25367,00025367.jpg,1785610154594270208,9.909,0.008,89.992,21,96,1569.6,0.8,1,89.992
25368,00025368.jpg,1785610154629470720,9.91,0.087,89.913,20,96,1558.8,0.55,1,89.913
25369,00025369.jpg,1785610154659694592,9.91,0.03,89.97,26,110,1687.3,0.45,1,89.97
25370,00025370.jpg,1785610154692951040,9.954,0.063,89.937,27,117,1716.5,0.61,1,89.937
25371,00025371.jpg,1785610154709988352,9.984,0.306,89.694,27,116,1673.0,0.7,1,89.694
25372,00025372.jpg,1785610154761016320,10.636,0.49,89.51,18,88,1374.1,0.61,1,89.51
25373,00025373.jpg,1785610154792994304,11.539,0.45,89.55,18,94,1398.1,0.42,1,89.55
25374,00025374.jpg,1785610154827510272,12.286,0.505,89.495,22,101,1406.2,0.49,1,89.495
25375,00025375.jpg,1785610154860520192,12.954,0.732,89.268,21,88,1386.0,0.69,1,89.268
25376,00025376.jpg,1785610154893492480,11.117,0.104,89.896,21,89,1401.5,0.36,1,89.896
25377,00025377.jpg,1785610154927961344,7.813,0.158,89.842,21,102,1512.9,0.55,1,89.842
25378,00025378.jpg,1785610154942971648,7.702,0.315,89.685,18,94,1498.2,0.71,1,89.685
25379,00025379.jpg,1785610154993250816,8.206,0.292,89.708,21,84,1447.0,0.58,1,89.708
25380,00025380.jpg,1785610155011272192,8.983,0.282,89.718,19,86,1489.6,0.55,1,89.718
25381,00025381.jpg,1785610155059977216,9.553,0.18,89.82,21,94,1530.6,0.47,1,89.82
25382,00025382.jpg,1785610155078496000,9.666,0.194,89.806,21,99,1541.2,0.44,1,89.806
25383,00025383.jpg,1785610155126352896,9.834,0.184,89.816,21,106,1635.0,0.5,1,89.816
25384,00025384.jpg,1785610155160215808,9.882,0.26,89.74,23,114,1714.0,0.47,1,89.74
25385,00025385.jpg,1785610155192931584,9.905,0.183,89.817,25,112,1702.4,0.58,1,89.817
25386,00025386.jpg,1785610155229761792,9.916,0.474,89.526,28,111,1655.5,0.43,1,89.526
25387,00025387.jpg,1785610155260495104,9.92,0.487,89.513,26,101,1695.2,0.58,1,89.513
25388,00025388.jpg,1785610155277398016,9.921,0.266,89.734,23,101,1725.6,0.6,1,89.734
25389,00025389.jpg,1785610155327133184,9.922,0.176,89.824,21,102,1786.8,0.46,1,89.824
25390,00025390.jpg,1785610155359851520,9.923,0.169,89.831,21,96,1717.2,0.58,1,89.831
25391,00025391.jpg,1785610155377103872,9.928,0.082,89.918,21,90,1686.8,0.15,1,89.918
25392,00025392.jpg,1785610155427556352,9.918,0.067,89.933,24,96,1679.6,0.72,1,89.933
25393,00025393.jpg,1785610155461812992,9.923,0.077,89.923,21,101,1769.3,0.4,1,89.923
25394,00025394.jpg,1785610155477160192,9.92,0.077,89.923,25,102,1637.7,0.34,1,89.923
25395,00025395.jpg,1785610155527719936,9.918,0.087,89.913,21,109,1727.3,0.38,1,89.913
25396,00025396.jpg,1785610155559937024,9.917,0.073,89.927,23,107,1701.5,0.34,1,89.927
25397,00025397.jpg,1785610155593047552,9.915,0.08,89.92,23,107,1730.4,0.49,1,89.92
25398,00025398.jpg,1785610155627862016,9.915,0.058,89.942,22,102,1668.0,0.62,1,89.942
25399,00025399.jpg,1785610155660396544,9.914,0.097,89.903,18,102,1724.9,0.42,1,89.903
25400,00025400.jpg,1785610155676200192,9.914,0.097,89.903,23,118,1815.2,0.73,1,89.903
25401,00025401.jpg,1785610155727628032,9.913,0.067,89.933,20,98,1693.8,0.55,1,89.933
25402,00025402.jpg,1785610155743891968,9.913,0.066,89.934,18,103,1719.2,0.69,1,89.934
25403,00025403.jpg,1785610155793201152,9.912,0.054,89.946,22,107,1718.4,0.49,1,89.946
25404,00025404.jpg,1785610155826426368,9.912,0.063,89.937,20,103,1691.3,0.43,1,89.937
25405,00025405.jpg,1785610155843757312,9.912,0.052,89.948,24,108,1729.6,0.4,1,89.948
25406,00025406.jpg,1785610155893426432,9.911,0.078,89.922,23,105,1709.4,0.78,1,89.922
25407,00025407.jpg,1785610155927133952,9.91,0.06,89.94,20,104,1720.8,0.55,1,89.94
25408,00025408.jpg,1785610155961198592,10.081,0.084,89.916,17,103,1702.3,0.58,1,89.916
25409,00025409.jpg,1785610155978092800,10.249,0.067,89.933,22,103,1715.7,0.41,1,89.933
25410,00025410.jpg,1785610156027246592,11.117,0.041,89.959,22,106,1679.3,0.87,1,89.959
25411,00025411.jpg,1785610156060797440,11.665,0.08,89.92,22,107,1652.4,0.46,1,89.92
25412,00025412.jpg,1785610156077499392,11.292,0.063,89.937,23,108,1650.4,0.69,1,89.937
25413,00025413.jpg,1785610156127735296,8.728,0.055,89.945,23,100,1597.2,0.75,1,89.945
25414,00025414.jpg,1785610156160024576,8.984,0.056,89.944,15,90,1566.2,0.67,1,89.944
25415,00025415.jpg,1785610156193597952,9.337,0.062,89.938,15,89,1560.4,1.05,1,89.938
25416,00025416.jpg,1785610156228104960,9.591,0.055,89.945,22,103,1648.5,0.83,1,89.945
25417,00025417.jpg,1785610156259721472,9.739,0.061,89.939,21,107,1665.7,0.8,1,89.939
25418,00025418.jpg,1785610156293627904,9.947,0.053,89.947,17,88,1552.5,0.8,1,89.947
25419,00025419.jpg,1785610156327451904,10.083,0.075,89.925,17,101,1672.8,0.9,1,89.925
25420,00025420.jpg,1785610156360522240,10.6,0.059,89.941,20,95,1612.8,0.77,1,89.941
25421,00025421.jpg,1785610156393865984,11.308,0.058,89.942,19,106,1640.0,0.67,1,89.942
25422,00025422.jpg,1785610156429393152,11.751,0.067,89.933,17,101,1663.4,0.72,1,89.933
25423,00025423.jpg,1785610156461183232,9.472,0.554,89.446,20,86,1529.6,0.81,1,89.446
25424,00025424.jpg,1785610156477732608,8.825,0.051,89.949,22,96,1559.3,0.67,1,89.949
25425,00025425.jpg,1785610156527920128,8.919,0.233,89.767,17,91,1571.4,0.8,1,89.767
25426,00025426.jpg,1785610156542624512,9.096,0.073,89.927,16,99,1638.7,0.74,1,89.927
25427,00025427.jpg,1785610156594108928,9.571,0.066,89.934,17,89,1540.1,0.69,1,89.934
25428,00025428.jpg,1785610156627944192,9.703,0.056,89.944,19,88,1513.5,0.65,1,89.944
25429,00025429.jpg,1785610156660905472,9.81,0.055,89.945,22,91,1519.8,0.61,1,89.945
25430,00025430.jpg,1785610156693983744,9.853,0.053,89.947,16,87,1511.7,0.58,1,89.947
25431,00025431.jpg,1785610156729475584,9.873,0.396,89.604,15,82,1509.0,0.7,1,89.604
25432,00025432.jpg,1785610156759831808,9.883,0.052,89.948,14,85,1496.7,0.48,1,89.948
25433,00025433.jpg,1785610156793879552,9.887,0.059,89.941,13,76,1461.9,0.56,1,89.941
25434,00025434.jpg,1785610156827925760,9.889,0.05,89.95,16,82,1494.5,0.49,1,89.95
25435,00025435.jpg,1785610156860111104,9.89,0.049,89.951,16,86,1497.3,0.46,1,89.951
25436,00025436.jpg,1785610156894128640,9.89,0.049,89.951,16,84,1486.1,0.4,1,89.951
25437,00025437.jpg,1785610156927290624,9.889,0.042,89.958,15,82,1469.9,0.33,1,89.958
25438,00025438.jpg,1785610156959913216,9.889,0.059,89.941,15,72,1363.6,1.06,1,89.941
25439,00025439.jpg,1785610156992788480,9.888,0.027,89.973,15,74,1358.3,0.29,1,89.973
25440,00025440.jpg,1785610157027012096,9.888,0.039,89.961,14,75,1348.3,0.39,1,89.961
25441,00025441.jpg,1785610157060203008,9.887,0.057,89.943,14,78,1367.2,0.51,1,89.943
25442,00025442.jpg,1785610157095742976,9.887,0.21,89.79,13,76,1349.7,0.56,1,89.79
25443,00025443.jpg,1785610157109556480,9.887,0.038,89.962,11,75,1344.2,0.51,1,89.962
25444,00025444.jpg,1785610157160648704,9.886,0.036,89.964,11,66,1286.1,0.86,1,89.964
25445,00025445.jpg,1785610157194098176,9.886,0.047,89.953,12,66,1297.9,0.53,1,89.953
25446,00025446.jpg,1785610157227003136,9.885,0.046,89.954,14,60,1254.5,0.76,1,89.954
25447,00025447.jpg,1785610157260079104,9.885,0.234,89.766,13,62,1258.9,0.62,1,89.766
25448,00025448.jpg,1785610157294332416,9.884,0.451,89.549,10,58,1237.5,0.84,1,89.549
25449,00025449.jpg,1785610157326806016,9.889,0.027,89.973,8,50,1155.9,0.19,1,89.973
25450,00025450.jpg,1785610157359982080,9.357,0.033,89.967,10,52,1164.0,0.52,1,89.967
25451,00025451.jpg,1785610157392998144,8.166,0.033,89.967,9,54,1173.5,0.42,1,89.967
25452,00025452.jpg,1785610157426268416,7.826,0.038,89.962,10,58,1183.3,0.87,1,89.962
25453,00025453.jpg,1785610157459744000,9.455,0.027,89.973,8,48,1079.9,0.68,1,89.973
25454,00025454.jpg,1785610157493187840,9.72,0.021,89.979,8,46,1025.7,0.6,1,89.979
25455,00025455.jpg,1785610157526246912,9.832,0.031,89.969,8,43,995.7,0.59,1,89.969
25456,00025456.jpg,1785610157560787200,9.878,0.031,89.969,8,44,1011.5,0.47,1,89.969
25457,00025457.jpg,1785610157595013120,9.897,0.024,89.976,8,44,984.2,0.42,1,89.976
25458,00025458.jpg,1785610157610484992,9.901,0.03,89.97,8,43,974.2,0.63,1,89.97
25459,00025459.jpg,1785610157661792768,9.907,0.098,89.902,8,35,840.4,0.7,1,89.902
25460,00025460.jpg,1785610157695198976,9.908,0.028,89.972,9,34,809.6,0.77,1,89.972
25461,00025461.jpg,1785610157726228992,9.908,0.018,89.982,11,34,808.8,0.38,1,89.982
25462,00025462.jpg,1785610157759884288,9.908,0.031,89.969,7,24,510.7,0.62,1,89.969
25463,00025463.jpg,1785610157793618688,9.907,0.031,89.969,6,24,502.7,0.97,1,89.969
25464,00025464.jpg,1785610157826785792,9.907,0.024,89.976,6,22,466.5,0.4,1,89.976
25465,00025465.jpg,1785610157860833024,9.906,0.029,89.971,8,24,479.3,0.97,1,89.971
25466,00025466.jpg,1785610157895101184,9.905,0.029,89.971,9,28,476.1,1.59,1,89.971
25467,00025467.jpg,1785610157927222016,9.905,0.02,89.98,13,36,516.7,0.39,1,89.98
25468,00025468.jpg,1785610157960374784,9.904,0.233,89.767,9,26,417.1,0.39,1,89.767
25469,00025469.jpg,1785610157995072000,9.904,0.05,89.95,13,27,409.3,0.96,1,89.95
25470,00025470.jpg,1785610158027155712,9.903,0.04,89.96,15,38,486.0,0.84,1,89.96
25471,00025471.jpg,1785610158060242176,9.909,0.018,89.982,13,36,423.0,0.78,1,89.982
25472,00025472.jpg,1785610158095708928,9.902,0.039,89.961,11,30,310.8,0.97,1,89.961
25473,00025473.jpg,1785610158110110976,9.902,0.018,89.982,15,44,418.0,1.38,1,89.982
25474,00025474.jpg,1785610158160094464,9.901,0.014,89.986,13,41,327.8,0.63,1,89.986
25475,00025475.jpg,1785610158193818368,9.9,0.044,89.956,13,37,288.1,0.66,1,89.956
25476,00025476.jpg,1785610158226820352,9.899,0.036,89.964,16,37,271.4,1.86,1,89.964
25477,00025477.jpg,1785610158259627520,9.899,0.332,89.668,11,33,233.6,0.31,1,89.668
25478,00025478.jpg,1785610158292675328,9.899,0.041,89.959,10,30,218.2,0.63,1,89.959
25479,00025479.jpg,1785610158326946304,9.898,0.338,89.662,12,34,234.6,0.46,1,89.662
25480,00025480.jpg,1785610158360624640,9.897,0.035,89.965,10,30,213.3,0.5,1,89.965
25481,00025481.jpg,1785610158393755904,9.896,0.028,89.972,17,50,425.2,0.44,1,89.972
25482,00025482.jpg,1785610158427249408,9.896,0.034,89.966,11,46,445.1,0.43,1,89.966
25483,00025483.jpg,1785610158459822336,9.895,0.037,89.963,14,58,514.0,0.6,1,89.963
25484,00025484.jpg,1785610158493596672,9.895,0.03,89.97,19,63,588.1,0.51,1,89.97
25485,00025485.jpg,1785610158526374912,9.894,0.032,89.968,16,60,577.2,0.58,1,89.968
25486,00025486.jpg,1785610158559638528,9.894,0.032,89.968,20,74,763.8,0.77,1,89.968
25487,00025487.jpg,1785610158593538560,9.893,0.031,89.969,16,75,793.6,0.39,1,89.969
25488,00025488.jpg,1785610158626651648,9.893,0.022,89.978,16,84,920.7,0.64,1,89.978
25489,00025489.jpg,1785610158660593920,9.892,0.021,89.979,20,85,955.3,0.45,1,89.979
25490,00025490.jpg,1785610158695098880,9.891,0.027,89.973,19,96,1205.0,0.45,1,89.973
25491,00025491.jpg,1785610158730249216,9.891,0.021,89.979,20,86,1220.9,0.68,1,89.979
25492,00025492.jpg,1785610158743157504,9.891,0.02,89.98,16,90,1260.1,0.75,1,89.98
25493,00025493.jpg,1785610158793559808,9.89,0.02,89.98,17,91,1439.8,0.56,1,89.98
25494,00025494.jpg,1785610158826574848,9.889,0.021,89.979,18,96,1532.5,0.49,1,89.979
25495,00025495.jpg,1785610158860374784,9.889,0.016,89.984,19,95,1564.8,0.66,1,89.984
25496,00025496.jpg,1785610158892843008,9.888,0.117,89.883,19,96,1613.2,0.58,1,89.883
25497,00025497.jpg,1785610158925996032,9.889,0.105,89.895,16,90,1573.6,0.45,1,89.895
25498,00025498.jpg,1785610158959751168,9.902,0.693,89.307,23,105,1649.1,0.84,1,89.307
25499,00025499.jpg,1785610158993607168,9.919,0.948,89.052,28,109,1658.2,1.38,1,89.052
25500,00025500.jpg,1785610159026183936,9.924,1.09,88.91,22,107,1560.7,1.67,1,88.91
25501,00025501.jpg,1785610159059285504,9.906,1.028,88.972,23,116,1546.1,1.62,1,88.972
25502,00025502.jpg,1785610159095103488,9.928,0.473,89.527,24,103,1464.9,1.06,1,89.527
25503,00025503.jpg,1785610159127233792,9.933,0.362,89.638,23,91,1424.1,0.98,1,89.638
25504,00025504.jpg,1785610159160172288,9.948,89.893,0.107,22,90,1409.5,0.91,1,90.107
25505,00025505.jpg,1785610159195132672,9.942,0.13,89.87,22,88,1395.5,0.75,1,89.87
25506,00025506.jpg,1785610159229892864,9.924,0.066,89.934,22,97,1453.3,0.91,1,89.934
25507,00025507.jpg,1785610159244000000,9.913,89.949,0.051,22,94,1437.1,0.83,1,90.051
25508,00025508.jpg,1785610159293008128,9.879,0.084,89.916,24,99,1463.0,0.88,1,89.916
25509,00025509.jpg,1785610159326473984,9.881,89.905,0.095,24,97,1464.4,1.08,1,90.095
25510,00025510.jpg,1785610159360612608,9.914,0.318,89.682,24,96,1437.6,1.12,1,89.682
25511,00025511.jpg,1785610159392805888,9.938,0.258,89.742,23,96,1436.4,0.68,1,89.742
25512,00025512.jpg,1785610159426055680,9.914,0.102,89.898,23,98,1455.4,0.67,1,89.898
25513,00025513.jpg,1785610159459424256,9.933,0.074,89.926,22,86,1408.9,0.94,1,89.926
25514,00025514.jpg,1785610159492914432,9.939,89.787,0.213,23,92,1443.0,0.82,1,90.213
25515,00025515.jpg,1785610159525957888,9.928,89.66,0.34,22,81,1403.6,0.92,1,90.34
25516,00025516.jpg,1785610159559365888,9.902,89.73,0.27,23,89,1415.6,1.0,1,90.27
25517,00025517.jpg,1785610159593464576,9.874,0.097,89.903,24,89,1428.1,0.91,1,89.903
25518,00025518.jpg,1785610159626942208,9.87,89.762,0.238,23,84,1425.8,0.95,1,90.238
25519,00025519.jpg,1785610159660542208,9.864,89.796,0.204,23,101,1490.4,0.69,1,90.204
25520,00025520.jpg,1785610159694002688,9.864,89.925,0.075,22,87,1439.9,0.83,1,90.075
25521,00025521.jpg,1785610159725912320,9.867,89.734,0.266,24,116,1526.6,0.82,1,90.266
25522,00025522.jpg,1785610159760643840,9.876,89.979,0.021,25,104,1525.8,0.92,1,90.021
25523,00025523.jpg,1785610159792877568,9.912,89.879,0.121,21,86,1428.8,0.64,1,90.121
25524,00025524.jpg,1785610159825943552,9.907,0.162,89.838,23,103,1539.6,1.0,1,89.838
25525,00025525.jpg,1785610159863235072,9.987,1.428,88.572,21,97,1524.4,0.67,1,88.572
25526,00025526.jpg,1785610159877008896,10.045,1.686,88.314,26,108,1550.1,0.84,1,88.314
25527,00025527.jpg,1785610159926266112,9.939,3.951,86.049,22,100,1535.0,0.93,1,86.049
25528,00025528.jpg,1785610159959719168,9.896,6.398,83.602,23,115,1572.2,1.12,1,83.602
25529,00025529.jpg,1785610159994254848,9.904,9.191,80.809,32,101,1324.0,0.82,1,80.809
25530,00025530.jpg,1785610160027738624,9.918,11.328,78.672,28,92,1229.0,0.66,1,78.672
25531,00025531.jpg,1785610160059630848,9.895,13.965,76.035,22,83,1154.4,0.58,1,76.035
25532,00025532.jpg,1785610160092467712,9.88,16.377,73.623,17,66,1059.8,0.85,1,73.623
25533,00025533.jpg,1785610160126870528,9.872,17.733,72.267,18,77,1164.8,0.68,1,72.267
25534,00025534.jpg,1785610160159867392,9.869,18.961,71.039,16,70,1152.7,0.78,1,71.039
25535,00025535.jpg,1785610160192918272,9.869,19.527,70.473,13,61,1137.1,0.85,1,70.473
25536,00025536.jpg,1785610160226106880,9.866,20.253,69.747,16,65,1166.0,0.71,1,69.747
25537,00025537.jpg,1785610160260988928,9.875,20.335,69.665,17,67,1197.0,0.66,1,69.665
25538,00025538.jpg,1785610160293981952,9.902,19.427,70.573,14,60,1149.3,0.75,1,70.573
25539,00025539.jpg,1785610160327072768,9.899,19.192,70.808,14,60,1138.1,0.68,1,70.808
25540,00025540.jpg,1785610160360184576,9.979,18.471,71.529,15,64,1104.4,0.84,1,71.529
25541,00025541.jpg,1785610160393474560,10.066,17.308,72.692,16,70,1084.5,0.79,1,72.692
25542,00025542.jpg,1785610160426531584,9.92,14.752,75.248,15,65,1092.2,0.75,1,75.248
25543,00025543.jpg,1785610160459375616,9.881,12.594,77.406,22,84,1233.2,0.58,1,77.406
25544,00025544.jpg,1785610160493379072,9.897,10.394,79.606,25,75,1274.0,0.91,1,79.606
25545,00025545.jpg,1785610160526359552,9.913,7.868,82.132,30,100,1416.3,0.86,1,82.132
25546,00025546.jpg,1785610160559400704,9.908,5.337,84.663,23,93,1528.0,0.9,1,84.663
25547,00025547.jpg,1785610160596008192,9.902,3.016,86.984,19,100,1631.3,0.7,1,86.984
25548,00025548.jpg,1785610160610715392,9.901,2.351,87.649,21,96,1588.8,0.84,1,87.649
25549,00025549.jpg,1785610160659270400,9.903,88.929,1.071,27,118,1596.5,1.1,1,91.071
25550,00025550.jpg,1785610160692942080,9.902,86.35,3.65,22,97,1347.1,0.91,1,93.65
25551,00025551.jpg,1785610160727102208,9.901,84.101,5.899,23,96,1296.4,0.91,1,95.899
25552,00025552.jpg,1785610160759290624,9.9,81.585,8.415,25,99,1312.9,0.78,1,98.415
25553,00025553.jpg,1785610160793378304,9.904,79.279,10.721,19,84,1264.6,1.36,1,100.721
25554,00025554.jpg,1785610160826818304,9.899,76.874,13.126,22,98,1295.7,1.11,1,103.126
25555,00025555.jpg,1785610160860093952,9.899,74.569,15.431,17,77,1132.6,1.32,1,105.431
25556,00025556.jpg,1785610160893899520,9.85,72.524,17.476,20,77,1107.5,1.53,1,107.476
25557,00025557.jpg,1785610160927155712,9.854,69.902,20.098,17,70,1062.7,1.59,1,110.098
25558,00025558.jpg,1785610160960651776,9.863,68.962,21.038,16,65,977.6,1.32,1,111.038
25559,00025559.jpg,1785610160977114624,9.86,68.291,21.709,19,69,990.0,1.36,1,111.709
25560,00025560.jpg,1785610161026499584,9.85,67.493,22.507,19,70,954.3,1.06,1,112.507
25561,00025561.jpg,1785610161059409408,9.852,67.723,22.277,18,62,901.5,1.39,1,112.277
25562,00025562.jpg,1785610161092861696,9.849,67.533,22.467,18,65,929.9,1.39,1,112.467
25563,00025563.jpg,1785610161126378496,9.849,67.501,22.499,18,63,922.8,1.53,1,112.499
25564,00025564.jpg,1785610161160402688,9.848,67.724,22.276,19,63,891.5,1.52,1,112.276
25565,00025565.jpg,1785610161192841984,9.848,67.623,22.377,17,64,913.9,1.59,1,112.377
25566,00025566.jpg,1785610161227348480,9.847,66.912,23.088,20,68,945.7,1.26,1,113.088
25567,00025567.jpg,1785610161260571392,9.847,67.134,22.866,18,65,930.8,1.54,1,112.866
25568,00025568.jpg,1785610161292585472,9.847,67.428,22.572,20,68,949.0,1.65,1,112.572
25569,00025569.jpg,1785610161327239936,9.847,67.478,22.522,21,75,978.4,1.8,1,112.522
25570,00025570.jpg,1785610161359103232,9.846,67.793,22.207,20,70,951.6,1.46,1,112.207
25571,00025571.jpg,1785610161393925120,9.846,67.127,22.873,20,70,930.7,1.46,1,112.873
25572,00025572.jpg,1785610161426921728,9.846,67.349,22.651,18,65,923.6,1.38,1,112.651
25573,00025573.jpg,1785610161462266624,9.846,67.455,22.545,21,74,947.2,1.41,1,112.545
25574,00025574.jpg,1785610161475631104,9.846,67.456,22.544,19,67,934.4,1.18,1,112.544
25575,00025575.jpg,1785610161529880320,9.845,67.747,22.253,19,70,921.2,1.35,1,112.253
25576,00025576.jpg,1785610161560457728,9.845,67.666,22.334,23,78,956.6,1.46,1,112.334
25577,00025577.jpg,1785610161593934080,9.845,67.673,22.327,24,75,971.6,1.44,1,112.327
25578,00025578.jpg,1785610161627216640,9.844,67.6,22.4,23,76,971.2,1.5,1,112.4
25579,00025579.jpg,1785610161659777792,9.844,66.825,23.175,21,71,933.2,1.57,1,113.175
25580,00025580.jpg,1785610161693437184,9.844,67.273,22.727,19,68,945.7,1.42,1,112.727
25581,00025581.jpg,1785610161727739904,9.844,67.376,22.624,19,68,931.6,1.45,1,112.624
25582,00025582.jpg,1785610161760015616,9.843,67.243,22.757,19,73,941.9,1.19,1,112.757
25583,00025583.jpg,1785610161792628480,9.843,67.687,22.313,21,69,927.1,1.47,1,112.313
25584,00025584.jpg,1785610161827881216,9.843,66.94,23.06,21,74,951.1,1.4,1,113.06
25585,00025585.jpg,1785610161859954688,9.843,67.831,22.169,19,73,960.7,1.5,1,112.169
25586,00025586.jpg,1785610161893334784,9.842,67.31,22.69,21,71,950.5,1.37,1,112.69
25587,00025587.jpg,1785610161927847936,9.842,67.459,22.541,19,75,962.9,1.51,1,112.541
25588,00025588.jpg,1785610161961069056,9.842,67.809,22.191,22,69,910.4,1.39,1,112.191
25589,00025589.jpg,1785610161976827904,9.842,67.55,22.45,20,71,958.2,1.35,1,112.45
25590,00025590.jpg,1785610162027194880,9.842,68.039,21.961,21,69,930.1,1.74,1,111.961
25591,00025591.jpg,1785610162059636224,9.841,67.306,22.694,20,70,964.8,1.4,1,112.694
25592,00025592.jpg,1785610162092750080,9.843,67.056,22.944,21,77,991.3,1.7,1,112.944
25593,00025593.jpg,1785610162127557120,9.846,67.152,22.848,19,68,921.5,1.57,1,112.848
25594,00025594.jpg,1785610162159636224,9.865,67.122,22.878,17,66,954.1,1.65,1,112.878
25595,00025595.jpg,1785610162193012480,9.898,67.061,22.939,22,68,910.5,1.6,1,112.939
25596,00025596.jpg,1785610162227284224,9.86,66.327,23.673,18,62,864.1,1.53,1,113.673
25597,00025597.jpg,1785610162260479232,9.882,67.041,22.959,22,78,868.3,1.72,1,112.959
25598,00025598.jpg,1785610162292648192,9.89,67.065,22.935,20,71,832.2,2.08,1,112.935
25599,00025599.jpg,1785610162327054592,9.889,67.832,22.168,27,81,884.9,1.62,1,112.168
25600,00025600.jpg,1785610162359477248,9.88,68.053,21.947,22,82,903.4,1.79,1,111.947
25601,00025601.jpg,1785610162392512000,9.859,67.606,22.394,25,89,924.9,1.63,1,112.394
25602,00025602.jpg,1785610162426677760,9.854,67.595,22.405,18,70,873.0,1.18,1,112.405
25603,00025603.jpg,1785610162462107648,9.869,66.778,23.222,20,74,887.7,1.62,1,113.222
25604,00025604.jpg,1785610162476619776,9.883,67.246,22.754,19,69,857.4,1.23,1,112.754
25605,00025605.jpg,1785610162525648640,9.868,67.096,22.904,28,81,902.4,1.42,1,112.904
25606,00025606.jpg,1785610162558984704,9.891,67.98,22.02,23,77,876.1,1.44,1,112.02
25607,00025607.jpg,1785610162593263616,9.885,67.585,22.415,28,86,920.0,1.57,1,112.415
25608,00025608.jpg,1785610162626592768,9.878,67.948,22.052,24,77,864.7,1.69,1,112.052
25609,00025609.jpg,1785610162660055552,9.855,68.313,21.687,23,77,905.6,1.64,1,111.687
25610,00025610.jpg,1785610162692632320,9.853,68.056,21.944,21,80,900.8,1.84,1,111.944
25611,00025611.jpg,1785610162725951232,9.856,67.351,22.649,23,72,881.3,1.19,1,112.649
25612,00025612.jpg,1785610162759718656,9.907,67.075,22.925,34,91,894.5,1.27,1,112.925
25613,00025613.jpg,1785610162792770048,9.988,67.259,22.741,23,76,845.7,1.56,1,112.741
25614,00025614.jpg,1785610162825873152,9.978,66.505,23.495,22,76,866.7,1.56,1,113.495
25615,00025615.jpg,1785610162859487488,10.01,66.513,23.487,18,84,908.3,1.87,1,113.487
25616,00025616.jpg,1785610162894332672,10.07,67.114,22.886,15,66,821.5,1.39,1,112.886
25617,00025617.jpg,1785610162926875136,10.123,68.739,21.261,20,75,854.1,1.37,1,111.261
25618,00025618.jpg,1785610162962262016,10.182,68.619,21.381,18,62,806.9,1.8,1,111.381
25619,00025619.jpg,1785610162977057024,10.185,69.337,20.663,17,61,811.8,1.66,1,110.663
25620,00025620.jpg,1785610163026369536,10.159,69.361,20.639,18,67,859.4,2.14,1,110.639
25621,00025621.jpg,1785610163059453440,9.988,70.017,19.983,18,66,852.0,1.34,1,109.983
25622,00025622.jpg,1785610163092646400,9.866,69.083,20.917,18,69,865.1,2.05,1,110.917
25623,00025623.jpg,1785610163127107072,9.856,69.529,20.471,21,72,857.8,2.04,1,110.471
25624,00025624.jpg,1785610163159525120,9.898,68.555,21.445,15,61,779.8,1.93,1,111.445
25625,00025625.jpg,1785610163193233664,9.929,68.148,21.852,19,76,827.2,1.71,1,111.852
25626,00025626.jpg,1785610163226906624,9.981,69.412,20.588,20,69,821.2,1.6,1,110.588
25627,00025627.jpg,1785610163258973696,10.009,69.788,20.212,15,60,800.4,1.96,1,110.212
25628,00025628.jpg,1785610163292300544,10.003,70.87,19.13,17,67,836.6,1.69,1,109.13
25629,00025629.jpg,1785610163326770176,9.945,71.166,18.834,20,68,791.6,2.14,1,108.834
25630,00025630.jpg,1785610163359172096,9.863,71.713,18.287,19,70,873.1,1.87,1,108.287
25631,00025631.jpg,1785610163393215232,9.82,71.769,18.231,21,76,832.3,1.79,1,108.231
25632,00025632.jpg,1785610163426785024,9.817,71.081,18.919,22,77,859.9,2.18,1,108.919
25633,00025633.jpg,1785610163460658432,9.797,71.651,18.349,20,77,863.1,1.89,1,108.349
25634,00025634.jpg,1785610163476545024,9.795,71.569,18.431,18,71,834.2,2.02,1,108.431
25635,00025635.jpg,1785610163526046976,9.802,70.829,19.171,22,77,847.3,1.75,1,109.171
25636,00025636.jpg,1785610163559631104,9.805,71.606,18.394,19,73,835.5,1.92,1,108.394
25637,00025637.jpg,1785610163594229248,9.807,71.697,18.303,19,71,782.3,2.16,1,108.303
25638,00025638.jpg,1785610163609402880,9.81,71.067,18.933,19,69,756.0,2.73,1,108.933
25639,00025639.jpg,1785610163659763968,9.814,71.223,18.777,20,71,778.0,1.82,1,108.777
25640,00025640.jpg,1785610163692619776,9.816,71.41,18.59,19,76,732.6,2.27,1,108.59
25641,00025641.jpg,1785610163727475712,9.819,71.14,18.86,18,63,733.8,2.1,1,108.86
25642,00025642.jpg,1785610163760500480,9.82,71.418,18.582,16,74,762.1,2.08,1,108.582
25643,00025643.jpg,1785610163793135872,9.822,71.546,18.454,18,56,672.6,2.42,1,108.454
25644,00025644.jpg,1785610163826459904,9.827,70.998,19.002,19,67,745.3,2.01,1,109.002
25645,00025645.jpg,1785610163860363008,9.844,71.295,18.705,19,70,732.7,2.04,1,108.705
25646,00025646.jpg,1785610163892377600,9.88,71.569,18.431,22,67,700.6,2.86,1,108.431
25647,00025647.jpg,1785610163926007296,9.837,72.121,17.879,19,69,749.1,2.54,1,107.879
25648,00025648.jpg,1785610163959041792,9.856,70.853,19.147,20,64,709.1,1.89,1,109.147
25649,00025649.jpg,1785610163994276352,9.865,69.992,20.008,20,68,719.0,2.58,1,110.008
25650,00025650.jpg,1785610164026951168,9.865,70.335,19.665,22,70,691.3,2.93,1,109.665
25651,00025651.jpg,1785610164059002368,9.859,69.96,20.04,19,66,680.6,2.02,1,110.04
25652,00025652.jpg,1785610164092517120,9.842,69.545,20.455,22,67,695.1,2.64,1,110.455
25653,00025653.jpg,1785610164126567936,9.833,70.204,19.796,20,62,659.7,2.09,1,109.796
25654,00025654.jpg,1785610164159688448,9.826,69.723,20.277,16,61,653.1,2.23,1,110.277
25655,00025655.jpg,1785610164193085184,9.823,69.212,20.788,15,55,627.4,2.36,1,110.788
25656,00025656.jpg,1785610164226697216,9.823,70.369,19.631,17,63,671.9,1.94,1,109.631
25657,00025657.jpg,1785610164260087296,9.823,70.213,19.787,15,59,658.2,2.14,1,109.787
25658,00025658.jpg,1785610164292364032,9.822,69.666,20.334,17,60,653.6,2.2,1,110.334
25659,00025659.jpg,1785610164325437184,9.823,69.601,20.399,18,64,675.7,2.37,1,110.399
25660,00025660.jpg,1785610164359915008,9.822,69.597,20.403,21,66,685.1,2.67,1,110.403
25661,00025661.jpg,1785610164392935936,9.823,70.343,19.657,18,58,662.9,1.83,1,109.657
25662,00025662.jpg,1785610164425750784,9.823,70.493,19.507,18,56,668.1,2.28,1,109.507
25663,00025663.jpg,1785610164459210496,9.823,70.443,19.557,22,65,684.3,1.79,1,109.557
25664,00025664.jpg,1785610164493117440,9.822,70.359,19.641,19,58,667.4,2.11,1,109.641
25665,00025665.jpg,1785610164526396672,9.824,70.439,19.561,18,60,665.9,2.13,1,109.561
25666,00025666.jpg,1785610164559728128,9.836,69.69,20.31,15,60,656.6,2.25,1,110.31
25667,00025667.jpg,1785610164595328256,9.856,69.144,20.856,15,60,653.0,1.68,1,110.856
25668,00025668.jpg,1785610164609765632,9.856,69.657,20.343,17,66,682.4,1.8,1,110.343
25669,00025669.jpg,1785610164659041536,9.942,68.437,21.563,22,66,694.8,1.4,1,111.563
25670,00025670.jpg,1785610164692698624,9.888,69.403,20.597,21,62,691.3,1.54,1,110.597
25671,00025671.jpg,1785610164726268416,9.904,69.04,20.96,23,64,685.7,1.42,1,110.96
25672,00025672.jpg,1785610164759824384,9.962,70.793,19.207,20,62,697.4,1.84,1,109.207
25673,00025673.jpg,1785610164792245760,9.997,70.008,19.992,21,64,683.8,2.99,1,109.992
25674,00025674.jpg,1785610164826045440,9.998,73.046,16.954,19,57,664.2,3.26,1,106.954
25675,00025675.jpg,1785610164860243968,9.988,70.832,19.168,20,66,683.4,5.0,1,109.168
25676,00025676.jpg,1785610164892510464,9.882,72.749,17.251,19,58,662.3,4.19,1,107.251
25677,00025677.jpg,1785610164927756800,9.848,70.525,19.475,16,50,605.0,4.82,1,109.475
25678,00025678.jpg,1785610164961137920,9.808,70.868,19.132,19,61,652.7,5.71,1,109.132
25679,00025679.jpg,1785610164993188096,9.788,72.215,17.785,23,60,629.0,4.15,1,107.785
25680,00025680.jpg,1785610165025935616,9.796,71.765,18.235,21,62,635.0,4.97,1,108.235
25681,00025681.jpg,1785610165059520512,9.795,70.721,19.279,19,48,561.6,4.41,1,109.279
25682,00025682.jpg,1785610165094161920,9.795,69.51,20.49,20,59,612.7,5.39,1,110.49
25683,00025683.jpg,1785610165126941696,9.804,70.621,19.379,19,54,605.3,4.44,1,109.379
25684,00025684.jpg,1785610165160066816,9.805,70.9,19.1,20,51,583.3,3.85,1,109.1
25685,00025685.jpg,1785610165194157056,9.808,70.841,19.159,22,55,590.6,3.89,1,109.159
25686,00025686.jpg,1785610165229517568,9.812,70.531,19.469,18,48,581.7,4.4,1,109.469
25687,00025687.jpg,1785610165243261184,9.814,70.069,19.931,21,53,579.7,5.33,1,109.931
25688,00025688.jpg,1785610165292577280,9.814,71.058,18.942,17,53,568.4,4.22,1,108.942
25689,00025689.jpg,1785610165325596160,9.816,70.915,19.085,16,51,575.5,4.25,1,109.085
25690,00025690.jpg,1785610165359135488,9.817,70.725,19.275,19,57,595.9,4.73,1,109.275
25691,00025691.jpg,1785610165393099008,9.818,70.742,19.258,21,54,569.6,4.03,1,109.258
25692,00025692.jpg,1785610165426609408,9.819,70.352,19.648,16,52,551.3,4.45,1,109.648
25693,00025693.jpg,1785610165459831040,9.819,70.291,19.709,17,50,563.3,4.47,1,109.709
25694,00025694.jpg,1785610165493040128,9.82,70.213,19.787,15,50,563.5,5.47,1,109.787
25695,00025695.jpg,1785610165525739520,9.82,70.408,19.592,16,55,561.6,4.6,1,109.592
25696,00025696.jpg,1785610165559225856,9.821,70.036,19.964,17,53,576.5,4.64,1,109.964
25697,00025697.jpg,1785610165592446720,9.821,69.509,20.491,19,51,556.4,5.51,1,110.491
25698,00025698.jpg,1785610165626703104,9.67,71.045,18.955,17,52,568.5,3.88,1,108.955
25699,00025699.jpg,1785610165660310528,8.673,71.891,18.109,20,57,578.8,3.75,1,108.109
25700,00025700.jpg,1785610165692713472,6.85,70.103,19.897,15,48,545.4,4.84,1,109.897
25701,00025701.jpg,1785610165729669888,5.871,72.411,17.589,16,45,548.0,3.28,1,107.589
25702,00025702.jpg,1785610165743433728,5.414,72.529,17.471,16,49,542.7,3.61,1,107.471
25703,00025703.jpg,1785610165793036288,1.986,69.461,20.539,15,50,563.1,5.08,1,110.539
25704,00025704.jpg,1785610165826039808,3.268,70.453,19.547,16,50,550.3,5.5,1,109.547
25705,00025705.jpg,1785610165859417088,3.65,71.589,18.411,15,45,541.5,4.11,1,108.411
25706,00025706.jpg,1785610165892961792,7.812,69.093,20.907,15,45,510.4,7.02,1,110.907
25707,00025707.jpg,1785610165926546944,9.007,69.588,20.412,16,50,544.3,7.57,1,110.412
25708,00025708.jpg,1785610165959008000,9.596,70.217,19.783,14,49,534.8,9.34,1,109.783
25709,00025709.jpg,1785610165993042432,9.825,72.778,17.222,13,43,527.5,6.06,1,107.222
25710,00025710.jpg,1785610166026656512,9.968,71.712,18.288,10,37,498.4,6.96,1,108.288
25711,00025711.jpg,1785610166058771712,10.064,71.876,18.124,13,44,526.6,6.1,1,108.124
25712,00025712.jpg,1785610166095079424,10.209,74.003,15.997,12,48,554.9,4.79,1,105.997
25713,00025713.jpg,1785610166109346304,10.232,70.564,19.436,14,44,565.1,3.4,1,109.436
25714,00025714.jpg,1785610166159470848,10.329,71.636,18.364,12,37,531.8,1.57,1,108.364
25715,00025715.jpg,1785610166193159680,10.309,70.239,19.761,16,49,587.8,1.48,1,109.761
25716,00025716.jpg,1785610166226740992,10.188,70.272,19.728,15,48,616.2,1.25,1,109.728
25717,00025717.jpg,1785610166258744576,10.027,70.2,19.8,16,46,603.3,1.27,1,109.8
25718,00025718.jpg,1785610166293011456,9.892,69.95,20.05,15,47,609.9,1.28,1,110.05
25719,00025719.jpg,1785610166325925120,9.874,70.507,19.493,13,49,604.5,0.98,1,109.493
25720,00025720.jpg,1785610166359659776,9.858,70.975,19.025,11,43,584.2,1.46,1,109.025
25721,00025721.jpg,1785610166392290048,9.895,71.147,18.853,11,46,619.8,1.42,1,108.853
25722,00025722.jpg,1785610166426456832,9.944,71.503,18.497,12,46,633.7,1.65,1,108.497
25723,00025723.jpg,1785610166461189120,9.977,72.212,17.788,11,44,638.7,1.19,1,107.788
25724,00025724.jpg,1785610166477522176,9.988,71.451,18.549,12,48,662.2,1.31,1,108.549
25725,00025725.jpg,1785610166527598336,10.045,70.479,19.521,13,47,664.8,0.98,1,109.521
25726,00025726.jpg,1785610166559233280,10.077,69.863,20.137,12,45,656.6,1.21,1,110.137
25727,00025727.jpg,1785610166593355264,10.075,69.431,20.569,10,46,658.0,1.84,1,110.569
25728,00025728.jpg,1785610166627432704,10.037,69.057,20.943,14,48,669.2,1.82,1,110.943
25729,00025729.jpg,1785610166659010816,9.924,69.074,20.926,13,53,697.0,1.89,1,110.926
25730,00025730.jpg,1785610166692888832,9.871,68.798,21.202,12,46,672.1,0.98,1,111.202
25731,00025731.jpg,1785610166726584064,9.881,69.487,20.513,14,55,706.8,1.45,1,110.513
25732,00025732.jpg,1785610166758996480,9.843,68.79,21.21,12,46,676.6,1.16,1,111.21
25733,00025733.jpg,1785610166792454144,9.843,69.15,20.85,11,43,650.6,1.18,1,110.85
25734,00025734.jpg,1785610166827276288,9.855,68.76,21.24,14,50,679.5,1.66,1,111.24
25735,00025735.jpg,1785610166859800320,9.854,69.095,20.905,13,53,691.1,1.23,1,110.905
25736,00025736.jpg,1785610166893098752,9.854,68.759,21.241,17,54,732.3,1.24,1,111.241
25737,00025737.jpg,1785610166926579200,9.86,69.098,20.902,13,46,699.6,0.8,1,110.902
25738,00025738.jpg,1785610166958747904,9.862,69.006,20.994,13,49,706.1,1.1,1,110.994
25739,00025739.jpg,1785610166992453888,9.863,68.582,21.418,11,47,700.2,1.32,1,111.418
25740,00025740.jpg,1785610167025579008,9.865,68.628,21.372,13,50,724.6,1.36,1,111.372
25741,00025741.jpg,1785610167058717952,9.866,68.569,21.431,13,51,736.3,0.96,1,111.431
25742,00025742.jpg,1785610167092877056,9.873,69.071,20.929,11,47,719.2,1.71,1,110.929
25743,00025743.jpg,1785610167126034176,9.876,69.143,20.857,13,50,735.2,1.62,1,110.857
25744,00025744.jpg,1785610167159570944,9.902,69.194,20.806,12,51,735.5,1.52,1,110.806
25745,00025745.jpg,1785610167192338688,9.953,69.332,20.668,12,49,718.4,2.88,1,110.668
25746,00025746.jpg,1785610167225873152,9.958,69.065,20.935,14,52,737.2,3.22,1,110.935
25747,00025747.jpg,1785610167259569408,9.986,70.752,19.248,13,50,739.8,3.08,1,109.248
25748,00025748.jpg,1785610167292040192,10.033,70.055,19.945,10,43,682.0,2.61,1,109.945
25749,00025749.jpg,1785610167326987776,10.095,71.048,18.952,9,43,653.7,2.58,1,108.952
25750,00025750.jpg,1785610167359575296,10.14,70.962,19.038,16,53,735.5,2.41,1,109.038
25751,00025751.jpg,1785610167394461952,10.296,68.955,21.045,14,51,756.4,0.72,1,111.045
25752,00025752.jpg,1785610167426664960,10.363,68.031,21.969,15,55,808.3,0.97,1,111.969
25753,00025753.jpg,1785610167461892096,10.421,67.558,22.442,14,59,832.2,1.7,1,112.442
25754,00025754.jpg,1785610167476174336,10.428,67.995,22.005,15,55,824.7,1.5,1,112.005
25755,00025755.jpg,1785610167525956352,10.282,67.262,22.738,13,49,798.7,1.97,1,112.738
25756,00025756.jpg,1785610167560179968,10.043,66.335,23.665,15,60,867.2,2.32,1,113.665
25757,00025757.jpg,1785610167592178432,9.874,67.228,22.772,15,57,819.5,2.1,1,112.772
25758,00025758.jpg,1785610167625341696,9.863,67.867,22.133,15,57,831.7,2.22,1,112.133
25759,00025759.jpg,1785610167658861824,9.825,67.472,22.528,17,60,838.0,2.24,1,112.528
25760,00025760.jpg,1785610167692081408,9.803,66.627,23.373,16,54,822.4,2.59,1,113.373
25761,00025761.jpg,1785610167725718272,9.826,67.449,22.551,13,55,803.1,1.92,1,112.551
25762,00025762.jpg,1785610167758865408,9.862,66.937,23.063,14,59,812.6,1.82,1,113.063
25763,00025763.jpg,1785610167792089344,9.928,67.931,22.069,16,57,821.4,0.99,1,112.069
25764,00025764.jpg,1785610167826891264,9.982,68.26,21.74,15,56,826.0,0.9,1,111.74
25765,00025765.jpg,1785610167858884608,10.127,68.263,21.737,15,57,862.3,0.57,1,111.737
25766,00025766.jpg,1785610167892105216,10.137,68.632,21.368,13,54,889.4,0.88,1,111.368
25767,00025767.jpg,1785610167925408256,10.208,69.49,20.51,15,61,922.2,0.97,1,110.51
25768,00025768.jpg,1785610167958695168,10.322,68.888,21.112,11,45,815.5,1.03,1,111.112
25769,00025769.jpg,1785610167992135936,10.566,67.731,22.269,12,47,737.1,2.18,1,112.269
25770,00025770.jpg,1785610168026569216,10.599,67.145,22.855,13,46,733.7,3.97,1,112.855
25771,00025771.jpg,1785610168058670848,10.635,65.546,24.454,14,51,825.7,2.64,1,114.454
25772,00025772.jpg,1785610168092695552,10.668,65.352,24.648,14,48,857.0,3.22,1,114.648
25773,00025773.jpg,1785610168126275328,10.635,65.612,24.388,14,52,928.7,3.65,1,114.388
25774,00025774.jpg,1785610168158907648,10.386,65.898,24.102,14,53,989.3,3.32,1,114.102
25775,00025775.jpg,1785610168195021824,10.12,66.346,23.654,17,62,1082.4,3.12,1,113.654
25776,00025776.jpg,1785610168209484800,10.095,65.956,24.044,14,57,1059.1,3.55,1,114.044
25777,00025777.jpg,1785610168259399424,9.919,65.747,24.253,12,50,1051.4,3.17,1,114.253
25778,00025778.jpg,1785610168292189952,9.863,65.099,24.901,15,58,1107.8,3.7,1,114.901
25779,00025779.jpg,1785610168326494720,9.896,65.772,24.228,15,56,1109.0,3.12,1,114.228
25780,00025780.jpg,1785610168358919424,9.893,66.935,23.065,13,50,1105.7,3.25,1,113.065
25781,00025781.jpg,1785610168392314112,9.894,65.815,24.185,14,54,1115.8,2.72,1,114.185
25782,00025782.jpg,1785610168425289216,9.922,65.981,24.019,16,56,1169.1,3.36,1,114.019
25783,00025783.jpg,1785610168460020480,9.929,65.991,24.009,16,57,1172.8,3.57,1,114.009
25784,00025784.jpg,1785610168492844288,9.935,66.171,23.829,16,58,1192.5,3.13,1,113.829
25785,00025785.jpg,1785610168525464832,9.949,65.529,24.471,14,55,1175.0,3.65,1,114.471
25786,00025786.jpg,1785610168559938048,9.954,66.698,23.302,15,58,1210.0,2.99,1,113.302
25787,00025787.jpg,1785610168592548608,9.957,65.79,24.21,13,53,1203.0,3.63,1,114.21
25788,00025788.jpg,1785610168625502208,9.964,65.743,24.257,15,54,1226.3,3.06,1,114.257
25789,00025789.jpg,1785610168658944256,9.967,66.4,23.6,14,53,1236.3,2.81,1,113.6
25790,00025790.jpg,1785610168696162560,9.97,66.42,23.58,13,55,1245.6,3.18,1,113.58
25791,00025791.jpg,1785610168709985792,9.97,66.7,23.3,14,55,1262.8,3.11,1,113.3
25792,00025792.jpg,1785610168760020224,9.975,65.995,24.005,15,62,1284.7,2.33,1,114.005
25793,00025793.jpg,1785610168792787712,9.976,66.121,23.879,17,61,1263.2,2.45,1,113.879
25794,00025794.jpg,1785610168826958592,9.978,65.647,24.353,16,64,1262.3,2.35,1,114.353
25795,00025795.jpg,1785610168859005184,9.98,65.905,24.095,17,66,1272.4,2.75,1,114.095
25796,00025796.jpg,1785610168892404480,9.981,66.429,23.571,15,64,1254.9,2.66,1,113.571
25797,00025797.jpg,1785610168926439424,9.982,65.815,24.185,12,59,1240.5,1.58,1,114.185
25798,00025798.jpg,1785610168959503616,9.983,66.672,23.328,14,61,1230.4,2.42,1,113.328
25799,00025799.jpg,1785610168992419584,9.984,66.633,23.367,14,60,1242.9,2.38,1,113.367
25800,00025800.jpg,1785610169027015936,9.986,66.525,23.475,14,60,1231.3,2.24,1,113.475
25801,00025801.jpg,1785610169058501376,10.029,66.17,23.83,15,62,1238.3,2.4,1,113.83
25802,00025802.jpg,1785610169091838976,10.359,66.511,23.489,15,58,1213.9,2.38,1,113.489
25803,00025803.jpg,1785610169127183104,10.802,66.793,23.207,14,59,1217.5,2.34,1,113.207
25804,00025804.jpg,1785610169159191808,11.651,66.686,23.314,12,52,1162.5,2.62,1,113.314
25805,00025805.jpg,1785610169195408640,12.606,66.773,23.227,15,58,1192.1,2.44,1,113.227
25806,00025806.jpg,1785610169209081856,12.881,67.517,22.483,12,53,1156.5,2.61,1,112.483
25807,00025807.jpg,1785610169259212800,11.095,67.486,22.514,14,58,1176.1,3.05,1,112.514
25808,00025808.jpg,1785610169292683776,7.786,67.402,22.598,11,52,1134.4,2.31,1,112.598
25809,00025809.jpg,1785610169325400064,7.967,66.979,23.021,10,48,1095.5,2.82,1,113.021
25810,00025810.jpg,1785610169359287296,8.84,66.873,23.127,13,57,1144.9,2.29,1,113.127
25811,00025811.jpg,1785610169392925184,10.407,67.277,22.723,11,50,1114.7,2.54,1,112.723
25812,00025812.jpg,1785610169425169920,10.831,68.736,21.264,11,52,1135.6,2.52,1,111.264
25813,00025813.jpg,1785610169458951424,11.659,68.267,21.733,11,59,1104.2,2.19,1,111.733
25814,00025814.jpg,1785610169492829440,12.736,68.39,21.61,10,54,1094.6,2.2,1,111.61
25815,00025815.jpg,1785610169526018816,13.603,68.684,21.316,12,59,1079.3,2.38,1,111.316
25816,00025816.jpg,1785610169558703616,14.658,68.798,21.202,11,58,1059.1,2.37,1,111.202
25817,00025817.jpg,1785610169593607424,15.531,68.453,21.547,11,54,1053.1,2.16,1,111.547
25818,00025818.jpg,1785610169625848320,15.952,68.486,21.514,11,52,1031.3,1.89,1,111.514
25819,00025819.jpg,1785610169659039232,7.386,68.807,21.193,9,48,1026.3,2.53,1,111.193
25820,00025820.jpg,1785610169692981504,5.642,69.266,20.734,9,48,1036.1,1.97,1,110.734
25821,00025821.jpg,1785610169725474816,6.002,69.205,20.795,9,45,1026.0,2.17,1,110.795
25822,00025822.jpg,1785610169759965696,8.073,68.279,21.721,9,44,1033.6,1.82,1,111.721
25823,00025823.jpg,1785610169792756480,8.912,69.148,20.852,7,39,1002.7,1.98,1,110.852
25824,00025824.jpg,1785610169827497984,9.401,68.349,21.651,8,41,1012.4,2.08,1,111.651
25825,00025825.jpg,1785610169858857728,9.655,68.12,21.88,8,41,1009.5,1.86,1,111.88
25826,00025826.jpg,1785610169892042496,9.719,67.716,22.284,7,39,991.5,2.34,1,112.284
25827,00025827.jpg,1785610169925082112,9.851,68.105,21.895,7,38,974.4,2.21,1,111.895
25828,00025828.jpg,1785610169959939584,9.882,68.031,21.969,6,36,989.7,1.84,1,111.969
25829,00025829.jpg,1785610169993625600,9.897,68.272,21.728,6,38,988.7,2.01,1,111.728
25830,00025830.jpg,1785610170026779392,9.904,67.857,22.143,7,38,1011.2,1.87,1,112.143
25831,00025831.jpg,1785610170058750720,9.907,68.136,21.864,7,38,1034.0,2.0,1,111.864
25832,00025832.jpg,1785610170092108288,9.911,68.588,21.412,8,40,1060.4,1.8,1,111.412
25833,00025833.jpg,1785610170125985792,9.917,66.831,23.169,7,38,1073.6,2.05,1,113.169
25834,00025834.jpg,1785610170159288320,9.94,69.053,20.947,6,36,1068.7,2.27,1,110.947
25835,00025835.jpg,1785610170192329984,9.985,69.098,20.902,6,37,1089.2,2.66,1,110.902
25836,00025836.jpg,1785610170225724416,10.013,69.255,20.745,6,35,1092.0,2.26,1,110.745
25837,00025837.jpg,1785610170258881024,10.092,69.218,20.782,6,36,1110.0,2.64,1,110.782
25838,00025838.jpg,1785610170292379904,10.117,69.747,20.253,5,34,1106.8,2.98,1,110.253
25839,00025839.jpg,1785610170326912512,10.112,67.859,22.141,6,38,1148.0,2.53,1,112.141
25840,00025840.jpg,1785610170358870784,10.206,68.419,21.581,7,44,1227.3,1.55,1,111.581
25841,00025841.jpg,1785610170392435968,10.25,68.791,21.209,8,46,1249.2,0.96,1,111.209
25842,00025842.jpg,1785610170426996992,10.25,68.373,21.627,8,44,1202.1,0.83,1,111.627
25843,00025843.jpg,1785610170460465152,10.236,68.631,21.369,7,41,1169.7,0.63,1,111.369
25844,00025844.jpg,1785610170477240064,10.184,68.662,21.338,8,41,1167.7,0.59,1,111.338
25845,00025845.jpg,1785610170526009600,10.06,68.588,21.412,7,38,1172.9,0.55,1,111.412
25846,00025846.jpg,1785610170558813440,9.959,68.557,21.443,8,40,1204.7,0.61,1,111.443
25847,00025847.jpg,1785610170592309504,9.922,68.737,21.263,6,36,1207.9,0.58,1,111.263
25848,00025848.jpg,1785610170625679360,9.924,68.984,21.016,8,41,1251.5,0.41,1,111.016
25849,00025849.jpg,1785610170658673920,9.911,68.497,21.503,8,40,1275.0,0.4,1,111.503
25850,00025850.jpg,1785610170692323328,9.906,68.828,21.172,7,39,1295.0,0.49,1,111.172
25851,00025851.jpg,1785610170725385728,9.908,68.725,21.275,7,39,1281.4,0.58,1,111.275
25852,00025852.jpg,1785610170758906368,9.919,68.796,21.204,6,37,1263.6,0.7,1,111.204
25853,00025853.jpg,1785610170792473856,9.952,68.119,21.881,6,38,1271.0,1.02,1,111.881
25854,00025854.jpg,1785610170825928448,9.983,67.73,22.27,6,38,1304.4,1.09,1,112.27
25855,00025855.jpg,1785610170859111680,9.982,68.428,21.572,6,37,1339.7,1.05,1,111.572
25856,00025856.jpg,1785610170892686336,10.0,68.717,21.283,7,39,1366.4,0.45,1,111.283
25857,00025857.jpg,1785610170927314688,9.993,69.127,20.873,7,39,1359.3,0.47,1,110.873
25858,00025858.jpg,1785610170961662720,9.985,69.048,20.952,7,39,1331.0,0.45,1,110.952
25859,00025859.jpg,1785610170992987904,9.947,68.903,21.097,6,37,1307.0,0.45,1,111.097
25860,00025860.jpg,1785610171025909504,9.932,69.028,20.972,6,37,1285.6,0.31,1,110.972
25861,00025861.jpg,1785610171058577920,9.912,69.108,20.892,7,39,1277.5,0.56,1,110.892
25862,00025862.jpg,1785610171092406016,9.905,68.981,21.019,6,35,1262.3,0.5,1,111.019
25863,00025863.jpg,1785610171125217024,9.904,69.01,20.99,6,37,1263.1,0.27,1,110.99
25864,00025864.jpg,1785610171158761472,9.9,69.134,20.866,7,39,1246.8,0.56,1,110.866
25865,00025865.jpg,1785610171192536576,10.065,69.106,20.894,8,40,1224.9,0.54,1,110.894
25866,00025866.jpg,1785610171225271808,10.336,69.459,20.541,9,42,1187.6,0.5,1,110.541
25867,00025867.jpg,1785610171259747072,11.036,69.074,20.926,9,41,1137.2,0.31,1,110.926
25868,00025868.jpg,1785610171292821248,12.038,68.903,21.097,8,36,1081.6,0.55,1,111.097
25869,00025869.jpg,1785610171325913856,12.871,68.981,21.019,7,36,1051.6,0.64,1,111.019
25870,00025870.jpg,1785610171358592000,13.937,69.13,20.87,8,37,1046.0,0.67,1,110.87
25871,00025871.jpg,1785610171392470784,15.179,68.868,21.132,8,35,1015.2,0.43,1,111.132
25872,00025872.jpg,1785610171425614592,16.147,69.046,20.954,8,29,774.0,0.6,1,110.954
25873,00025873.jpg,1785610171461148416,17.176,69.165,20.835,7,36,1003.4,0.42,1,110.835
25874,00025874.jpg,1785610171477028352,17.503,69.254,20.746,7,27,753.1,0.73,1,110.746
25875,00025875.jpg,1785610171526536960,10.821,69.425,20.575,7,27,730.9,0.48,1,110.575
25876,00025876.jpg,1785610171559179520,3.992,68.757,21.243,7,30,728.3,0.42,1,111.243
25877,00025877.jpg,1785610171592691200,4.779,68.835,21.165,6,26,699.1,0.44,1,111.165
25878,00025878.jpg,1785610171626444032,6.594,69.128,20.872,7,27,685.7,0.44,1,110.872
25879,00025879.jpg,1785610171658869760,7.971,68.835,21.165,7,27,683.9,0.71,1,111.165
25880,00025880.jpg,1785610171692356864,8.802,69.098,20.902,6,31,648.8,0.35,1,110.902
25881,00025881.jpg,1785610171725293056,9.259,69.1,20.9,7,29,642.3,0.61,1,110.9
25882,00025882.jpg,1785610171758869504,9.495,69.016,20.984,6,28,605.8,0.56,1,110.984
25883,00025883.jpg,1785610171792227328,9.612,68.497,21.503,6,27,582.5,0.76,1,111.503
25884,00025884.jpg,1785610171825543936,9.669,69.06,20.94,8,30,582.7,0.64,1,110.94
25885,00025885.jpg,1785610171859232768,9.696,68.675,21.325,8,34,574.7,0.7,1,111.325
25886,00025886.jpg,1785610171892949248,9.71,69.385,20.615,10,34,567.5,0.83,1,110.615
25887,00025887.jpg,1785610171925470208,9.716,68.656,21.344,9,32,548.7,0.56,1,111.344
25888,00025888.jpg,1785610171961331456,9.183,68.542,21.458,8,29,509.1,0.5,1,111.458
25889,00025889.jpg,1785610171975684096,8.736,68.847,21.153,10,32,529.4,1.19,1,111.153
25890,00025890.jpg,1785610172026319360,6.833,68.704,21.296,10,24,295.5,0.64,1,111.296
25891,00025891.jpg,1785610172058529280,5.093,68.734,21.266,8,20,267.2,0.14,1,111.266
25892,00025892.jpg,1785610172093194496,3.575,68.803,21.197,7,18,247.3,0.31,1,111.197
25893,00025893.jpg,1785610172125464320,3.212,68.625,21.375,6,14,225.3,0.56,1,111.375
25894,00025894.jpg,1785610172159072512,2.258,68.937,21.063,9,19,253.7,0.13,1,111.063
25895,00025895.jpg,1785610172192395264,1.197,69.242,20.758,6,16,231.8,0.06,1,110.758
25896,00025896.jpg,1785610172225651456,1.072,69.074,20.926,8,17,220.8,1.02,1,110.926
25897,00025897.jpg,1785610172259699712,0.356,69.31,20.69,8,26,332.3,0.78,1,110.69
25898,00025898.jpg,1785610172292583936,0.785,69.123,20.877,5,18,275.9,1.22,1,110.877
25899,00025899.jpg,1785610172325356544,0.818,69.07,20.93,3,14,217.7,1.64,1,110.93
25900,00025900.jpg,1785610172359702016,1.485,68.416,21.584,8,27,388.2,1.29,1,111.584
25901,00025901.jpg,1785610172391631616,1.888,68.396,21.604,8,30,360.2,1.5,1,111.604
25902,00025902.jpg,1785610172426078208,1.045,68.667,21.333,9,28,416.1,0.99,1,111.333
25903,00025903.jpg,1785610172460371712,0.268,68.264,21.736,8,29,425.4,0.78,1,111.736
25904,00025904.jpg,1785610172476196608,0.391,68.68,21.32,10,36,432.6,0.73,1,111.32
25905,00025905.jpg,1785610172526040832,5.677,68.903,21.097,8,30,426.8,0.91,1,111.097
25906,00025906.jpg,1785610172559103232,8.138,69.105,20.895,6,28,419.7,1.17,1,110.895
25907,00025907.jpg,1785610172592557312,9.314,68.479,21.521,7,30,495.0,0.82,1,111.521
25908,00025908.jpg,1785610172625743872,9.834,68.59,21.41,3,22,370.9,0.9,1,111.41
25909,00025909.jpg,1785610172659119360,10.055,68.345,21.655,2,12,215.3,0.92,1,111.655
25910,00025910.jpg,1785610172691673600,10.188,69.416,20.584,2,9,280.9,0.15,1,110.584
25911,00025911.jpg,1785610172726368512,10.362,69.043,20.957,2,8,286.3,0.64,1,110.957
25912,00025912.jpg,1785610172759960832,10.884,68.748,21.252,5,15,338.5,0.64,1,111.252
25913,00025913.jpg,1785610172792880128,11.764,69.664,20.336,6,16,356.4,0.91,1,110.336
25914,00025914.jpg,1785610172825774848,12.53,68.387,21.613,8,25,338.4,1.14,1,111.613
25915,00025915.jpg,1785610172858763776,13.558,68.703,21.297,6,14,175.0,1.04,1,111.297
25916,00025916.jpg,1785610172891870976,14.764,68.93,21.07,9,24,260.9,2.45,1,111.07
25917,00025917.jpg,1785610172926506752,15.728,68.99,21.01,7,28,378.1,1.67,1,111.01
25918,00025918.jpg,1785610172959208960,16.93,69.463,20.537,10,38,559.8,1.04,1,110.537
25919,00025919.jpg,1785610172992786176,18.318,69.559,20.441,11,42,645.0,1.41,1,110.441
25920,00025920.jpg,1785610173025880064,19.404,68.787,21.213,11,39,601.4,1.04,1,111.213
25921,00025921.jpg,1785610173059152384,20.75,69.013,20.987,11,52,1041.6,0.76,1,110.987
25922,00025922.jpg,1785610173092550144,21.339,69.048,20.952,10,44,1004.5,0.6,1,110.952
25923,00025923.jpg,1785610173126135808,23.512,68.995,21.005,9,51,1032.1,0.7,1,111.005
25924,00025924.jpg,1785610173160157696,25.092,68.772,21.228,9,52,1008.2,0.77,1,111.228
25925,00025925.jpg,1785610173193569792,26.672,69.02,20.98,8,49,993.2,1.03,1,110.98
25926,00025926.jpg,1785610173225286912,27.334,69.072,20.928,10,51,983.8,1.0,1,110.928
25927,00025927.jpg,1785610173258901760,12.016,69.036,20.964,7,48,984.2,0.72,1,110.964
25928,00025928.jpg,1785610173291869696,0.952,69.227,20.773,8,45,964.6,0.73,1,110.773
25929,00025929.jpg,1785610173326577408,0.659,69.162,20.838,10,44,940.9,0.71,1,110.838
25930,00025930.jpg,1785610173358707456,4.08,68.951,21.049,9,43,957.4,0.56,1,111.049
25931,00025931.jpg,1785610173392592640,6.705,68.684,21.316,8,43,945.8,0.78,1,111.316
25932,00025932.jpg,1785610173426168832,8.286,68.911,21.089,8,45,1006.5,0.78,1,111.089
25933,00025933.jpg,1785610173458420992,9.233,67.997,22.003,8,47,1134.5,1.06,1,112.003
25934,00025934.jpg,1785610173492766464,9.689,68.146,21.854,8,45,1238.1,1.07,1,111.854
25935,00025935.jpg,1785610173525630976,9.971,68.38,21.62,7,49,1424.1,1.03,1,111.62
25936,00025936.jpg,1785610173558473216,10.139,68.555,21.445,8,53,1535.6,0.77,1,111.445
25937,00025937.jpg,1785610173594738688,10.254,68.6,21.4,8,52,1630.2,0.66,1,111.4
25938,00025938.jpg,1785610173609069312,10.282,68.613,21.387,8,53,1679.3,0.86,1,111.387
25939,00025939.jpg,1785610173659049216,10.454,68.625,21.375,9,54,1808.8,1.01,1,111.375
25940,00025940.jpg,1785610173691821056,10.639,68.55,21.45,8,54,1803.5,0.64,1,111.45
25941,00025941.jpg,1785610173725250560,10.781,68.975,21.025,7,52,1796.6,0.61,1,111.025
25942,00025942.jpg,1785610173760057344,10.98,68.651,21.349,7,53,1812.3,0.51,1,111.349
25943,00025943.jpg,1785610173792413440,11.202,69.026,20.974,8,54,1846.1,0.38,1,110.974
25944,00025944.jpg,1785610173826315776,11.393,69.081,20.919,7,53,1898.4,0.35,1,110.919
25945,00025945.jpg,1785610173858245888,11.602,69.07,20.93,8,54,1936.9,0.49,1,110.93
25946,00025946.jpg,1785610173892205056,11.837,69.331,20.669,8,55,1931.4,0.42,1,110.669
25947,00025947.jpg,1785610173926031360,12.007,69.29,20.71,9,56,1969.2,0.45,1,110.71
25948,00025948.jpg,1785610173958218496,12.187,69.274,20.726,9,58,2023.4,0.51,1,110.726
25949,00025949.jpg,1785610173991558400,12.361,69.388,20.612,9,58,2057.9,0.38,1,110.612
25950,00025950.jpg,1785610174025270784,12.454,69.641,20.359,8,57,2067.5,0.77,1,110.359
25951,00025951.jpg,1785610174058317312,12.43,69.97,20.03,9,57,2002.2,1.28,1,110.03
25952,00025952.jpg,1785610174093394688,11.717,69.63,20.37,7,53,1879.3,1.89,1,110.37
25953,00025953.jpg,1785610174109018112,11.551,69.755,20.245,7,51,1855.2,1.73,1,110.245
25954,00025954.jpg,1785610174159147520,10.531,70.469,19.531,6,48,1749.0,1.77,1,109.531
25955,00025955.jpg,1785610174192253696,9.956,70.94,19.06,6,48,1744.1,2.29,1,109.06
25956,00025956.jpg,1785610174226385920,9.856,70.262,19.738,7,51,1767.0,1.91,1,109.738
25957,00025957.jpg,1785610174258425088,9.544,69.324,20.676,7,51,1765.9,2.3,1,110.676
25958,00025958.jpg,1785610174292214016,9.503,70.793,19.207,7,51,1740.8,1.83,1,109.207
25959,00025959.jpg,1785610174326754304,9.632,70.258,19.742,7,53,1650.5,2.01,1,109.742
25960,00025960.jpg,1785610174358591232,9.62,70.51,19.49,8,55,1579.9,2.16,1,109.49
25961,00025961.jpg,1785610174392089344,9.665,70.743,19.257,7,50,1528.5,2.06,1,109.257
25962,00025962.jpg,1785610174425047296,9.748,71.062,18.938,6,47,1498.8,1.6,1,108.938
25963,00025963.jpg,1785610174458286592,9.771,70.897,19.103,8,50,1501.9,2.19,1,109.103
25964,00025964.jpg,1785610174492553728,9.786,70.555,19.445,8,52,1504.4,2.12,1,109.445
25965,00025965.jpg,1785610174525648896,9.823,70.488,19.512,8,50,1444.9,2.22,1,109.512
25966,00025966.jpg,1785610174559081472,9.837,70.474,19.526,8,48,1410.0,2.39,1,109.526
25967,00025967.jpg,1785610174592481792,9.847,70.874,19.126,8,47,1391.0,2.28,1,109.126
25968,00025968.jpg,1785610174626218752,167.435,68.991,21.009,7,48,1370.9,1.27,1,111.009
25969,00025969.jpg,1785610174658524160,18.553,66.704,23.296,6,45,1391.1,1.9,1,113.296
25970,00025970.jpg,1785610174692465920,9.619,64.067,25.933,6,48,1379.8,1.45,1,115.933
25971,00025971.jpg,1785610174728969216,7.225,64.006,25.994,6,48,1385.4,2.33,1,115.994
25972,00025972.jpg,1785610174741616384,7.378,64.738,25.262,6,50,1365.7,1.93,1,115.262
25973,00025973.jpg,1785610174793298688,8.507,65.684,24.316,6,47,1365.3,1.57,1,114.316
25974,00025974.jpg,1785610174825807360,9.138,65.608,24.392,6,46,1329.8,1.97,1,114.392
25975,00025975.jpg,1785610174859738112,9.502,65.476,24.524,7,48,1324.5,1.6,1,114.524
25976,00025976.jpg,1785610174892081664,9.703,65.082,24.918,7,44,1300.8,1.41,1,114.918
25977,00025977.jpg,1785610174925235456,9.807,65.879,24.121,7,41,1056.6,2.08,1,114.121
25978,00025978.jpg,1785610174958343680,9.857,65.756,24.244,7,43,1056.8,1.81,1,114.244
25979,00025979.jpg,1785610174993949696,9.883,65.194,24.806,6,44,1033.9,1.8,1,114.806
25980,00025980.jpg,1785610175024763904,9.895,65.28,24.72,6,36,639.6,2.0,1,114.72
25981,00025981.jpg,1785610175058885888,9.901,65.497,24.503,4,35,643.9,2.35,1,114.503
25982,00025982.jpg,1785610175092236800,9.903,64.841,25.159,5,35,641.8,2.16,1,115.159
25983,00025983.jpg,1785610175125591040,9.905,63.897,26.103,6,36,635.8,2.14,1,116.103
25984,00025984.jpg,1785610175159370240,9.905,65.7,24.3,6,35,624.3,2.3,1,114.3
25985,00025985.jpg,1785610175191472384,9.905,65.754,24.246,5,34,614.9,2.62,1,114.246
25986,00025986.jpg,1785610175226214656,9.905,65.681,24.319,6,36,623.0,1.73,1,114.319
25987,00025987.jpg,1785610175258700288,9.904,65.528,24.472,7,36,686.8,2.12,1,114.472
25988,00025988.jpg,1785610175292166656,9.904,65.315,24.685,6,35,614.7,2.01,1,114.685
25989,00025989.jpg,1785610175324814080,9.904,64.1,25.9,8,34,610.1,2.28,1,115.9
25990,00025990.jpg,1785610175358748672,9.903,63.741,26.259,6,33,598.4,2.7,1,116.259
25991,00025991.jpg,1785610175392343296,9.903,65.091,24.909,6,31,546.1,2.33,1,114.909
25992,00025992.jpg,1785610175426224896,9.902,65.431,24.569,5,30,537.0,2.16,1,114.569
25993,00025993.jpg,1785610175458228992,9.902,65.366,24.634,6,29,529.2,2.78,1,114.634
25994,00025994.jpg,1785610175492521472,10.058,66.0,24.0,7,29,528.4,2.03,1,114.0
25995,00025995.jpg,1785610175526234368,10.335,63.423,26.577,5,28,543.7,2.62,1,116.577
25996,00025996.jpg,1785610175559151616,33.351,66.067,23.933,6,29,539.4,1.91,1,113.933
25997,00025997.jpg,1785610175592685568,22.198,60.196,29.804,5,32,572.4,1.54,1,119.804
25998,00025998.jpg,1785610175624683776,22.324,55.766,34.234,7,38,709.9,1.19,1,124.234
25999,00025999.jpg,1785610175658507264,13.425,48.883,41.117,7,37,572.7,5.25,1,131.117
26000,00026000.jpg,1785610175692252672,6.093,52.142,37.858,5,28,351.3,5.65,1,127.858
26001,00026001.jpg,1785610175725377024,3.86,54.104,35.896,5,24,355.1,3.75,1,125.896
26002,00026002.jpg,1785610175758673152,5.416,54.18,35.82,6,29,524.1,2.71,1,125.82
26003,00026003.jpg,1785610175791844608,7.221,54.645,35.355,7,29,525.8,1.8,1,125.355
26004,00026004.jpg,1785610175824887808,8.416,53.069,36.931,6,33,530.4,2.91,1,126.931
26005,00026005.jpg,1785610175861489664,9.129,54.945,35.055,6,31,508.4,1.99,1,125.055
26006,00026006.jpg,1785610175876794880,9.314,55.443,34.557,6,28,496.5,2.5,1,124.557
26007,00026007.jpg,1785610175926130432,9.662,54.67,35.33,5,29,507.6,1.87,1,125.33
26008,00026008.jpg,1785610175959062784,9.753,54.079,35.921,5,25,485.2,2.03,1,125.921
26009,00026009.jpg,1785610175992698880,9.809,54.552,35.448,5,29,492.6,2.53,1,125.448
26010,00026010.jpg,1785610176024734720,9.831,55.813,34.187,5,26,493.2,1.9,1,124.187
26011,00026011.jpg,1785610176058618112,9.885,55.503,34.497,3,21,354.9,2.48,1,124.497
26012,00026012.jpg,1785610176092071680,9.967,53.318,36.682,4,21,365.5,2.78,1,126.682
26013,00026013.jpg,1785610176124997888,9.929,55.862,34.138,5,21,354.9,2.54,1,124.138
26014,00026014.jpg,1785610176158660352,9.977,53.278,36.722,3,19,351.3,2.39,1,126.722
26015,00026015.jpg,1785610176193182976,10.007,52.978,37.022,4,24,380.1,3.14,1,127.022
26016,00026016.jpg,1785610176225301760,10.051,53.056,36.944,5,23,404.1,2.79,1,126.944
26017,00026017.jpg,1785610176258502400,10.106,52.574,37.426,6,29,434.0,2.97,1,127.426
26018,00026018.jpg,1785610176291973888,10.114,52.557,37.443,4,23,404.4,2.07,1,127.443
26019,00026019.jpg,1785610176325945600,10.09,52.342,37.658,4,23,422.9,2.27,1,127.658
26020,00026020.jpg,1785610176359978752,9.953,52.476,37.524,6,27,430.5,1.66,1,127.524
26021,00026021.jpg,1785610176375777536,9.891,52.507,37.493,6,27,417.3,2.03,1,127.493
26022,00026022.jpg,1785610176425947136,9.826,52.481,37.519,4,23,392.8,1.42,1,127.519
26023,00026023.jpg,1785610176458051328,9.335,52.777,37.223,5,22,387.1,1.6,1,127.223
26024,00026024.jpg,1785610176494889216,7.809,52.351,37.649,5,23,394.1,2.9,1,127.649
26025,00026025.jpg,1785610176509574400,7.505,52.635,37.365,4,19,368.8,1.04,1,127.365
26026,00026026.jpg,1785610176558472448,5.779,52.587,37.413,3,15,311.8,1.55,1,127.413
26027,00026027.jpg,1785610176591392512,5.708,53.011,36.989,4,17,329.4,1.83,1,126.989
26028,00026028.jpg,1785610176625928960,8.31,52.413,37.587,5,19,397.2,1.33,1,127.587
26029,00026029.jpg,1785610176658986752,9.236,52.545,37.455,5,22,395.7,2.19,1,127.455
26030,00026030.jpg,1785610176692388096,9.635,53.234,36.766,6,28,630.5,0.9,1,126.766
26031,00026031.jpg,1785610176725687552,9.805,52.457,37.543,2,15,306.4,0.95,1,127.543
26032,00026032.jpg,1785610176758878208,9.876,52.45,37.55,4,19,339.4,1.74,1,127.55
26033,00026033.jpg,1785610176792189952,9.901,52.362,37.638,3,17,340.9,2.46,1,127.638
26034,00026034.jpg,1785610176829349120,9.918,52.168,37.832,3,17,363.9,2.58,1,127.832
26035,00026035.jpg,1785610176842722816,9.92,52.519,37.481,2,13,300.4,1.3,1,127.481
26036,00026036.jpg,1785610176892106496,9.925,52.607,37.393,2,11,265.8,0.55,1,127.393
26037,00026037.jpg,1785610176925806592,9.926,52.358,37.642,3,15,288.7,0.91,1,127.642
26038,00026038.jpg,1785610176958633472,9.927,52.925,37.075,3,13,284.6,1.1,1,127.075
26039,00026039.jpg,1785610176992368128,9.928,52.892,37.108,5,21,387.3,0.86,1,127.108
26040,00026040.jpg,1785610177026334208,9.929,53.919,36.081,6,21,373.4,1.53,1,126.081
26041,00026041.jpg,1785610177058758400,9.93,52.334,37.666,8,30,451.1,2.15,1,127.666
26042,00026042.jpg,1785610177092133888,9.938,52.333,37.667,7,29,495.2,1.9,1,127.667
26043,00026043.jpg,1785610177126788608,9.939,52.68,37.32,6,21,409.5,2.78,1,127.32
26044,00026044.jpg,1785610177158633728,9.963,53.602,36.398,7,29,517.0,1.64,1,126.398
26045,00026045.jpg,1785610177191934208,10.011,51.905,38.095,6,22,423.5,1.44,1,128.095
26046,00026046.jpg,1785610177225779200,10.023,52.532,37.468,6,27,561.6,1.8,1,127.468
26047,00026047.jpg,1785610177258329600,9.977,52.843,37.157,7,34,619.7,2.64,1,127.157
26048,00026048.jpg,1785610177292411648,10.013,52.442,37.558,8,38,643.2,3.07,1,127.558
26049,00026049.jpg,1785610177324721152,10.026,52.775,37.225,10,37,626.5,2.44,1,127.225
26050,00026050.jpg,1785610177359328000,10.042,54.606,35.394,10,37,671.7,2.28,1,125.394
26051,00026051.jpg,1785610177391988736,10.025,53.416,36.584,9,34,615.9,2.74,1,126.584
26052,00026052.jpg,1785610177424746496,9.988,53.521,36.479,7,34,626.4,3.49,1,126.479
26053,00026053.jpg,1785610177460414208,9.946,55.016,34.984,9,37,768.9,2.32,1,124.984
26054,00026054.jpg,1785610177492651520,9.923,54.096,35.904,8,38,776.0,2.91,1,125.904
26055,00026055.jpg,1785610177525728256,9.925,55.265,34.735,11,46,796.8,2.22,1,124.735
26056,00026056.jpg,1785610177558324480,9.922,54.443,35.557,9,43,826.1,2.37,1,125.557
26057,00026057.jpg,1785610177592041984,9.926,55.357,34.643,8,45,844.0,2.52,1,124.643
26058,00026058.jpg,1785610177624765440,9.919,55.736,34.264,7,44,857.6,2.3,1,124.264
26059,00026059.jpg,1785610177658623744,9.917,55.289,34.711,8,42,845.0,1.86,1,124.711
26060,00026060.jpg,1785610177691818752,9.918,55.754,34.246,9,44,850.9,1.66,1,124.246
26061,00026061.jpg,1785610177726035968,9.921,54.094,35.906,9,41,844.8,2.63,1,125.906
26062,00026062.jpg,1785610177758959872,9.921,54.978,35.022,8,38,850.3,1.95,1,125.022
26063,00026063.jpg,1785610177791952128,9.933,53.021,36.979,7,37,849.7,3.3,1,126.979
26064,00026064.jpg,1785610177824736768,9.937,53.466,36.534,8,38,847.6,2.6,1,126.534
26065,00026065.jpg,1785610177858387456,9.98,54.29,35.71,6,29,653.0,2.12,1,125.71
26066,00026066.jpg,1785610177893495808,10.065,53.207,36.793,8,37,668.9,1.33,1,126.793
26067,00026067.jpg,1785610177925225216,10.042,52.948,37.052,7,31,584.1,2.1,1,127.052
26068,00026068.jpg,1785610177958870784,10.079,52.3,37.7,10,30,474.6,1.81,1,127.7
26069,00026069.jpg,1785610177992409856,10.108,52.506,37.494,9,32,428.5,1.97,1,127.494
26070,00026070.jpg,1785610178025074688,10.175,53.296,36.704,8,33,398.3,2.95,1,126.704
26071,00026071.jpg,1785610178058990592,10.264,53.557,36.443,6,26,384.2,2.56,1,126.443
26072,00026072.jpg,1785610178092160512,10.296,54.486,35.514,8,36,520.5,2.98,1,125.514
26073,00026073.jpg,1785610178125007616,10.282,54.664,35.336,8,34,547.4,3.78,1,125.336
26074,00026074.jpg,1785610178158650880,10.152,56.061,33.939,6,29,474.3,3.22,1,123.939
26075,00026075.jpg,1785610178192295936,10.004,55.937,34.063,7,33,514.6,3.31,1,124.063
26076,00026076.jpg,1785610178225667840,9.962,56.141,33.859,9,34,558.8,2.89,1,123.859
26077,00026077.jpg,1785610178258815744,9.903,56.25,33.75,10,39,619.2,3.08,1,123.75
26078,00026078.jpg,1785610178292486400,9.888,53.391,36.609,8,33,619.7,3.64,1,126.609
26079,00026079.jpg,1785610178326296064,9.883,54.384,35.616,7,32,661.2,3.23,1,125.616
26080,00026080.jpg,1785610178358473728,9.887,54.789,35.211,7,33,686.7,2.96,1,125.211
26081,00026081.jpg,1785610178393480704,9.88,55.387,34.613,9,37,714.0,2.46,1,124.613
26082,00026082.jpg,1785610178424624384,9.891,54.682,35.318,8,38,749.2,1.94,1,125.318
26083,00026083.jpg,1785610178459199744,9.894,57.516,32.484,7,35,748.8,2.58,1,122.484
26084,00026084.jpg,1785610178492296960,9.896,56.95,33.05,5,29,726.3,3.65,1,123.05
26085,00026085.jpg,1785610178529440000,9.902,56.868,33.132,5,28,733.7,3.3,1,123.132
26086,00026086.jpg,1785610178541525504,9.904,57.045,32.955,6,31,748.7,3.01,1,122.955
26087,00026087.jpg,1785610178591757056,9.903,57.445,32.555,6,33,771.1,1.79,1,122.555
26088,00026088.jpg,1785610178625924096,9.906,57.245,32.755,6,35,790.4,3.01,1,122.755
26089,00026089.jpg,1785610178658780416,9.913,56.974,33.026,5,30,776.5,1.63,1,123.026
26090,00026090.jpg,1785610178692026880,9.929,56.554,33.446,5,33,782.4,3.19,1,123.446
26091,00026091.jpg,1785610178726282496,9.928,56.513,33.487,5,32,770.1,2.72,1,123.487
26092,00026092.jpg,1785610178758334720,9.992,55.469,34.531,5,29,747.4,2.7,1,124.531
26093,00026093.jpg,1785610178792112896,10.038,55.493,34.507,5,29,713.1,2.26,1,124.507
26094,00026094.jpg,1785610178824451584,9.978,55.666,34.334,7,33,725.8,1.64,1,124.334
26095,00026095.jpg,1785610178858765568,10.044,55.887,34.113,9,43,687.6,2.65,1,124.113
26096,00026096.jpg,1785610178892124672,10.086,56.855,33.145,7,31,628.3,2.76,1,123.145
26097,00026097.jpg,1785610178925907712,10.098,57.26,32.74,8,41,710.5,2.56,1,122.74
26098,00026098.jpg,1785610178958873600,10.1,58.133,31.867,9,36,659.7,2.28,1,121.867
26099,00026099.jpg,1785610178991791360,10.024,58.749,31.251,6,37,688.7,2.61,1,121.251
26100,00026100.jpg,1785610179025876224,9.969,58.042,31.958,7,36,732.8,2.5,1,121.958
26101,00026101.jpg,1785610179059134208,9.902,57.874,32.126,7,35,758.4,2.17,1,122.126
26102,00026102.jpg,1785610179092176384,9.878,57.878,32.122,8,33,758.7,1.98,1,122.122
26103,00026103.jpg,1785610179125654784,9.885,57.083,32.917,8,32,770.3,2.59,1,122.917
26104,00026104.jpg,1785610179158958592,9.876,57.697,32.303,7,32,767.9,3.65,1,122.303
26105,00026105.jpg,1785610179192558592,9.878,57.572,32.428,6,33,774.5,2.39,1,122.428
26106,00026106.jpg,1785610179225821952,9.885,57.507,32.493,6,31,792.0,3.28,1,122.493
26107,00026107.jpg,1785610179258951424,9.887,58.15,31.85,5,29,777.8,2.94,1,121.85
26108,00026108.jpg,1785610179292442624,9.891,57.911,32.089,6,33,808.0,2.78,1,122.089
26109,00026109.jpg,1785610179324784896,9.895,57.389,32.611,5,29,795.1,3.4,1,122.611
26110,00026110.jpg,1785610179358685696,9.896,57.654,32.346,5,28,784.6,2.61,1,122.346
26111,00026111.jpg,1785610179393538560,9.897,57.808,32.192,6,30,783.8,2.68,1,122.192
26112,00026112.jpg,1785610179425240832,9.898,57.952,32.048,4,26,750.8,3.36,1,122.048
26113,00026113.jpg,1785610179458398208,9.899,58.366,31.634,5,28,755.4,2.61,1,121.634
26114,00026114.jpg,1785610179491528448,9.9,58.432,31.568,7,31,755.3,2.47,1,121.568
26115,00026115.jpg,1785610179529615360,9.901,57.279,32.721,6,31,745.7,2.71,1,122.721
26116,00026116.jpg,1785610179542194432,9.901,57.354,32.646,6,31,749.1,3.11,1,122.646
26117,00026117.jpg,1785610179592329472,9.901,57.212,32.788,4,26,696.4,2.49,1,122.788
26118,00026118.jpg,1785610179625415936,9.901,57.44,32.56,5,29,707.3,2.62,1,122.56
26119,00026119.jpg,1785610179658157824,9.901,57.465,32.535,6,31,705.9,2.53,1,122.535
26120,00026120.jpg,1785610179691617280,9.901,54.628,35.372,8,30,676.6,3.16,1,125.372
26121,00026121.jpg,1785610179725843712,9.901,57.38,32.62,7,30,663.3,2.93,1,122.62
26122,00026122.jpg,1785610179759267328,9.901,56.739,33.261,10,43,870.3,2.54,1,123.261
26123,00026123.jpg,1785610179791559680,9.909,55.14,34.86,8,43,884.2,2.37,1,124.86
26124,00026124.jpg,1785610179826243072,9.914,56.943,33.057,9,44,893.6,3.26,1,123.057
26125,00026125.jpg,1785610179858057728,9.943,56.092,33.908,9,42,882.4,3.17,1,123.908
26126,00026126.jpg,1785610179892430080,10.004,57.163,32.837,7,38,877.2,4.11,1,122.837
26127,00026127.jpg,1785610179925697024,10.035,59.353,30.647,8,42,884.6,5.45,1,120.647
26128,00026128.jpg,1785610179958278144,10.018,59.322,30.678,6,35,825.2,4.51,1,120.678
26129,00026129.jpg,1785610179992242944,10.058,58.406,31.594,5,29,724.5,2.04,1,121.594
26130,00026130.jpg,1785610180025252608,10.084,56.945,33.055,4,28,708.5,2.31,1,123.055
26131,00026131.jpg,1785610180058931200,10.121,56.389,33.611,3,25,677.4,2.07,1,123.611
26132,00026132.jpg,1785610180092237312,10.124,55.828,34.172,4,27,694.5,1.45,1,124.172
26133,00026133.jpg,1785610180126487040,10.085,56.065,33.935,6,37,815.4,0.93,1,123.935
26134,00026134.jpg,1785610180160493824,10.016,56.576,33.424,6,31,779.7,1.41,1,123.424
26135,00026135.jpg,1785610180175437824,10.013,57.096,32.904,5,31,765.0,2.03,1,122.904
26136,00026136.jpg,1785610180225128960,9.991,56.736,33.264,6,34,799.4,2.25,1,123.264
26137,00026137.jpg,1785610180258348288,10.213,57.462,32.538,6,34,780.8,2.71,1,122.538
26138,00026138.jpg,1785610180291829248,10.179,58.447,31.553,5,33,684.6,3.96,1,121.553
26139,00026139.jpg,1785610180325088768,10.254,57.752,32.248,6,37,730.2,3.77,1,122.248
26140,00026140.jpg,1785610180358915328,10.39,55.183,34.817,6,36,623.6,3.33,1,124.817
26141,00026141.jpg,1785610180392076800,10.518,58.563,31.437,6,28,451.7,3.54,1,121.437
26142,00026142.jpg,1785610180426184192,10.691,56.423,33.577,6,28,398.2,3.25,1,123.577
26143,00026143.jpg,1785610180458177536,10.836,56.872,33.128,5,22,310.9,1.86,1,123.128
26144,00026144.jpg,1785610180491641600,10.989,55.676,34.324,7,22,282.4,1.33,1,124.324
26145,00026145.jpg,1785610180524431872,10.989,56.028,33.972,5,22,300.5,1.42,1,123.972
26146,00026146.jpg,1785610180558215936,10.936,56.167,33.833,5,24,330.6,1.15,1,123.833
26147,00026147.jpg,1785610180591266304,10.541,55.723,34.277,4,22,368.6,1.32,1,124.277
26148,00026148.jpg,1785610180626715904,10.242,55.893,34.107,6,26,393.0,2.06,1,124.107
26149,00026149.jpg,1785610180661633792,9.97,55.456,34.544,7,30,480.1,1.26,1,124.544
26150,00026150.jpg,1785610180676562688,9.877,55.158,34.842,7,30,524.9,0.96,1,124.842
26151,00026151.jpg,1785610180724347648,9.827,55.151,34.849,10,44,648.2,1.01,1,124.849
26152,00026152.jpg,1785610180757901824,9.768,55.038,34.962,6,39,742.5,0.88,1,124.962
26153,00026153.jpg,1785610180792094208,9.761,54.772,35.228,6,39,798.8,0.77,1,125.228
26154,00026154.jpg,1785610180826228224,9.807,55.369,34.631,7,43,883.5,0.65,1,124.631
26155,00026155.jpg,1785610180858585856,9.812,55.362,34.638,8,41,896.8,0.79,1,124.638
26156,00026156.jpg,1785610180893110016,9.815,54.946,35.054,10,43,910.7,0.58,1,125.054
26157,00026157.jpg,1785610180925536256,9.838,55.377,34.623,7,40,883.0,1.15,1,124.623
26158,00026158.jpg,1785610180958183424,9.843,55.162,34.838,8,47,908.5,1.07,1,124.838
26159,00026159.jpg,1785610180992399616,9.846,55.249,34.751,9,48,955.9,0.78,1,124.751
26160,00026160.jpg,1785610181024550912,9.85,55.226,34.774,9,51,1000.6,0.96,1,124.774
26161,00026161.jpg,1785610181058086912,9.881,55.539,34.461,10,49,1017.2,1.03,1,124.461
26162,00026162.jpg,1785610181091060992,9.885,55.778,34.222,8,52,990.4,1.15,1,124.222
26163,00026163.jpg,1785610181125757440,9.894,55.271,34.729,11,49,993.9,0.89,1,124.729
26164,00026164.jpg,1785610181159644672,9.906,55.553,34.447,8,45,986.4,1.11,1,124.447
26165,00026165.jpg,1785610181175582464,9.907,54.859,35.141,8,44,983.4,0.97,1,125.141
26166,00026166.jpg,1785610181224534784,9.895,55.077,34.923,9,48,1020.4,1.16,1,124.923
26167,00026167.jpg,1785610181259005696,9.874,54.701,35.299,8,47,1041.1,0.99,1,125.299
26168,00026168.jpg,1785610181291559680,9.873,55.026,34.974,10,52,1076.7,1.15,1,124.974
26169,00026169.jpg,1785610181325379584,9.875,55.198,34.802,8,49,1091.5,0.95,1,124.802
26170,00026170.jpg,1785610181358844160,9.9,55.564,34.436,8,49,1134.5,0.99,1,124.436
26171,00026171.jpg,1785610181392096000,9.963,55.554,34.446,8,48,1180.3,1.13,1,124.446
26172,00026172.jpg,1785610181425573376,9.975,56.139,33.861,7,48,1197.0,1.14,1,123.861
26173,00026173.jpg,1785610181458028800,9.941,55.411,34.589,7,48,1203.9,0.8,1,124.589
26174,00026174.jpg,1785610181492152576,9.982,54.576,35.424,7,50,1175.8,0.96,1,125.424
26175,00026175.jpg,1785610181526852352,9.992,53.942,36.058,8,49,1180.7,0.87,1,126.058
26176,00026176.jpg,1785610181558732288,10.002,54.299,35.701,8,50,1185.1,1.1,1,125.701
26177,00026177.jpg,1785610181591070720,9.977,53.651,36.349,7,48,1183.6,1.14,1,126.349
26178,00026178.jpg,1785610181625975296,9.924,54.195,35.805,6,46,1163.6,0.97,1,125.805
26179,00026179.jpg,1785610181657707520,9.882,54.245,35.755,7,48,1199.6,1.08,1,125.755
26180,00026180.jpg,1785610181690931200,9.864,54.1,35.9,8,49,1216.8,1.28,1,125.9
26181,00026181.jpg,1785610181726287360,9.864,54.116,35.884,8,47,1229.2,1.22,1,125.884
26182,00026182.jpg,1785610181759142912,9.857,53.962,36.038,9,52,1253.5,0.94,1,126.038
26183,00026183.jpg,1785610181793334272,9.854,53.291,36.709,7,47,1231.3,1.12,1,126.709
26184,00026184.jpg,1785610181809031680,9.857,54.295,35.705,8,47,1240.5,1.21,1,125.705
26185,00026185.jpg,1785610181857625088,9.876,54.204,35.796,8,49,1232.8,0.86,1,125.796
26186,00026186.jpg,1785610181892513024,9.909,54.26,35.74,8,51,1194.3,0.72,1,125.74
26187,00026187.jpg,1785610181926194176,9.923,54.465,35.535,8,49,1118.2,0.63,1,125.535
26188,00026188.jpg,1785610181958491392,9.977,54.852,35.148,8,47,1011.6,0.73,1,125.148
26189,00026189.jpg,1785610181991964928,9.974,54.38,35.62,8,43,967.0,0.95,1,125.62
26190,00026190.jpg,1785610182026348800,10.018,54.491,35.509,8,44,880.9,0.47,1,125.509
26191,00026191.jpg,1785610182059755264,10.106,54.898,35.102,6,37,735.2,0.38,1,125.102
26192,00026192.jpg,1785610182092080384,10.234,54.213,35.787,6,34,620.9,1.07,1,125.787
26193,00026193.jpg,1785610182125738496,10.325,54.27,35.73,4,22,429.2,0.69,1,125.73
26194,00026194.jpg,1785610182157612288,10.502,54.174,35.826,3,18,296.9,1.04,1,125.826
26195,00026195.jpg,1785610182190953472,10.616,52.564,37.436,3,15,254.8,2.65,1,127.436
26196,00026196.jpg,1785610182225291520,10.616,51.992,38.008,3,15,271.7,3.03,1,128.008
26197,00026197.jpg,1785610182258319872,10.594,52.971,37.029,4,21,317.1,3.17,1,127.029
26198,00026198.jpg,1785610182291663360,10.265,51.484,38.516,4,22,419.5,4.85,1,128.516
26199,00026199.jpg,1785610182324868096,10.103,50.697,39.303,4,23,485.2,4.38,1,129.303
26200,00026200.jpg,1785610182358379008,9.821,51.526,38.474,4,28,566.9,3.95,1,128.474
26201,00026201.jpg,1785610182392539648,9.717,50.814,39.186,4,29,663.4,4.54,1,129.186
26202,00026202.jpg,1785610182425476352,9.746,51.239,38.761,4,30,743.7,3.47,1,128.761
26203,00026203.jpg,1785610182458669824,9.724,52.298,37.702,5,32,789.8,3.65,1,127.702
26204,00026204.jpg,1785610182493398272,9.717,52.268,37.732,6,36,831.5,3.39,1,127.732
26205,00026205.jpg,1785610182524943104,9.759,53.507,36.493,6,38,864.2,3.87,1,126.493
26206,00026206.jpg,1785610182558861824,9.77,52.323,37.677,6,40,904.9,3.7,1,127.677
26207,00026207.jpg,1785610182591029248,9.779,52.065,37.935,5,38,927.7,3.29,1,127.935
26208,00026208.jpg,1785610182624600064,9.799,51.91,38.09,6,40,976.5,3.04,1,128.09
26209,00026209.jpg,1785610182659666944,9.812,52.299,37.701,5,38,980.1,3.59,1,127.701
26210,00026210.jpg,1785610182674272000,9.815,51.617,38.383,5,38,986.9,3.16,1,128.383
26211,00026211.jpg,1785610182724888832,9.832,52.577,37.423,5,38,1008.4,3.04,1,127.423
26212,00026212.jpg,1785610182758295808,9.836,52.035,37.965,5,38,1027.9,3.02,1,127.965
26213,00026213.jpg,1785610182792401664,9.847,51.951,38.049,5,39,1039.5,2.89,1,128.049
26214,00026214.jpg,1785610182824702208,9.855,52.333,37.667,5,38,1044.9,3.32,1,127.667
26215,00026215.jpg,1785610182858854912,9.886,53.341,36.659,5,38,1054.2,2.81,1,126.659
26216,00026216.jpg,1785610182892115456,9.946,53.05,36.95,6,40,1091.1,2.84,1,126.95
26217,00026217.jpg,1785610182925605888,9.884,54.584,35.416,5,38,1094.3,2.94,1,125.416
26218,00026218.jpg,1785610182958570752,9.918,54.742,35.258,5,37,1125.8,3.55,1,125.258
26219,00026219.jpg,1785610182991703040,9.935,53.587,36.413,5,38,1112.6,2.72,1,126.413
26220,00026220.jpg,1785610183026524160,9.939,54.113,35.887,5,37,1105.3,2.98,1,125.887
26221,00026221.jpg,1785610183057997568,9.934,51.682,38.318,5,38,1095.7,3.46,1,128.318
26222,00026222.jpg,1785610183092169984,9.895,51.686,38.314,5,36,1091.8,3.17,1,128.314
26223,00026223.jpg,1785610183125746176,9.881,52.774,37.226,6,38,1092.3,2.88,1,127.226
26224,00026224.jpg,1785610183158562304,9.88,52.501,37.499,6,39,1086.0,2.92,1,127.499
26225,00026225.jpg,1785610183192256256,10.261,51.776,38.224,6,39,1081.6,3.34,1,128.224
26226,00026226.jpg,1785610183225804544,10.695,52.802,37.198,6,38,1068.0,3.19,1,127.198
26227,00026227.jpg,1785610183257474304,11.531,51.969,38.031,5,36,1052.1,3.39,1,128.031
26228,00026228.jpg,1785610183292329216,12.433,51.99,38.01,4,34,1028.5,2.78,1,128.01
26229,00026229.jpg,1785610183325635072,12.982,51.903,38.097,5,36,1048.0,3.24,1,128.097
26230,00026230.jpg,1785610183358395648,10.87,52.161,37.839,5,36,1049.3,3.14,1,127.839
26231,00026231.jpg,1785610183390949376,7.6,51.896,38.104,5,35,1047.5,3.05,1,128.104
26232,00026232.jpg,1785610183424500224,7.799,51.806,38.194,5,35,1047.3,2.88,1,128.194
26233,00026233.jpg,1785610183458889984,8.526,51.705,38.295,5,34,1045.2,3.42,1,128.295
26234,00026234.jpg,1785610183493231360,9.101,52.465,37.535,5,33,1043.5,2.94,1,127.535
26235,00026235.jpg,1785610183527059968,9.458,51.662,38.338,5,33,1050.6,3.19,1,128.338
26236,00026236.jpg,1785610183557641984,9.65,51.725,38.275,5,33,1048.9,3.46,1,128.275
26237,00026237.jpg,1785610183592179200,9.751,51.34,38.66,6,35,1072.1,3.25,1,128.66
26238,00026238.jpg,1785610183626234112,9.802,52.919,37.081,6,35,1080.4,2.82,1,127.081
26239,00026239.jpg,1785610183660763392,9.828,52.699,37.301,6,34,1078.0,2.93,1,127.301
26240,00026240.jpg,1785610183674843904,9.835,51.615,38.385,6,34,1079.7,3.03,1,128.385
26241,00026241.jpg,1785610183724268288,9.846,52.225,37.775,6,35,1078.4,2.91,1,127.775
26242,00026242.jpg,1785610183757483008,9.849,52.821,37.179,5,27,846.7,2.85,1,127.179
26243,00026243.jpg,1785610183792143616,9.851,52.594,37.406,7,36,1055.1,3.06,1,127.406
26244,00026244.jpg,1785610183825582080,9.852,52.362,37.638,7,37,1041.5,2.87,1,127.638
26245,00026245.jpg,1785610183857919744,9.853,50.24,39.76,6,28,737.4,3.6,1,129.76
26246,00026246.jpg,1785610183891889408,9.854,50.598,39.402,6,28,717.7,4.13,1,129.402
26247,00026247.jpg,1785610183924879872,9.855,51.283,38.717,6,29,697.7,2.51,1,128.717
26248,00026248.jpg,1785610183958663424,9.855,51.368,38.632,6,29,677.5,2.9,1,128.632
26249,00026249.jpg,1785610183991717888,9.865,52.01,37.99,6,28,662.8,2.72,1,127.99
26250,00026250.jpg,1785610184026231808,9.871,52.387,37.613,6,29,661.6,3.1,1,127.613
26251,00026251.jpg,1785610184057873664,9.906,50.232,39.768,6,28,675.7,2.62,1,129.768
26252,00026252.jpg,1785610184076397056,9.927,51.223,38.777,6,28,699.1,3.49,1,128.777
26253,00026253.jpg,1785610184125315584,10.031,50.172,39.828,6,29,828.1,3.65,1,129.828
26254,00026254.jpg,1785610184160242176,10.037,50.404,39.596,7,30,973.2,4.71,1,129.596
26255,00026255.jpg,1785610184175755008,10.064,49.722,40.278,7,28,1006.7,4.91,1,130.278
26256,00026256.jpg,1785610184225779712,10.203,50.899,39.101,6,32,1129.8,3.92,1,129.101
26257,00026257.jpg,1785610184257809920,10.299,52.197,37.803,9,36,1235.4,3.03,1,127.803
26258,00026258.jpg,1785610184291465728,10.385,51.827,38.173,7,35,1290.1,2.33,1,128.173
26259,00026259.jpg,1785610184325270784,10.467,52.178,37.822,7,37,1328.0,2.03,1,127.822
26260,00026260.jpg,1785610184357936896,10.503,52.744,37.256,9,38,1375.4,1.87,1,127.256
26261,00026261.jpg,1785610184391955200,10.543,52.918,37.082,9,38,1362.7,1.64,1,127.082
26262,00026262.jpg,1785610184425218304,10.472,53.708,36.292,10,49,1503.3,1.15,1,126.292
26263,00026263.jpg,1785610184458704896,10.232,53.413,36.587,11,48,1478.7,1.1,1,126.587
26264,00026264.jpg,1785610184492039424,10.027,53.935,36.065,10,44,1408.5,1.27,1,126.065
26265,00026265.jpg,1785610184525455872,9.939,53.281,36.719,10,44,1387.8,1.2,1,126.719
26266,00026266.jpg,1785610184558338816,9.857,53.461,36.539,10,44,1353.9,1.09,1,126.539
26267,00026267.jpg,1785610184591605504,9.817,53.531,36.469,9,42,1246.7,1.24,1,126.469
26268,00026268.jpg,1785610184624138496,9.839,53.774,36.226,9,42,1179.3,1.09,1,126.226
26269,00026269.jpg,1785610184658310144,9.835,53.563,36.437,9,40,1091.1,0.89,1,126.437
26270,00026270.jpg,1785610184692045824,9.832,53.703,36.297,10,45,1043.5,1.36,1,126.297
26271,00026271.jpg,1785610184726008576,9.843,53.69,36.31,9,44,992.5,1.26,1,126.31
26272,00026272.jpg,1785610184758260992,9.851,53.902,36.098,9,43,938.3,1.88,1,126.098
26273,00026273.jpg,1785610184791747072,9.875,53.279,36.721,9,38,911.2,2.06,1,126.721
26274,00026274.jpg,1785610184824595200,9.899,54.104,35.896,11,40,934.1,1.99,1,125.896
26275,00026275.jpg,1785610184858259968,9.983,52.386,37.614,11,43,965.3,2.09,1,127.614
26276,00026276.jpg,1785610184891900928,10.056,52.182,37.818,11,47,1067.0,2.15,1,127.818
26277,00026277.jpg,1785610184926002176,10.047,52.57,37.43,11,53,1234.3,2.35,1,127.43
26278,00026278.jpg,1785610184958646016,10.142,52.337,37.663,11,52,1402.0,2.3,1,127.663
26279,00026279.jpg,1785610184992114688,10.266,52.995,37.005,12,51,1569.3,2.05,1,127.005
26280,00026280.jpg,1785610185024474112,10.354,53.152,36.848,12,52,1665.3,1.91,1,126.848
26281,00026281.jpg,1785610185058221568,10.477,52.385,37.615,10,47,1677.1,1.82,1,127.615
26282,00026282.jpg,1785610185091331584,10.665,53.673,36.327,8,47,1752.6,1.75,1,126.327
26283,00026283.jpg,1785610185124273664,10.809,53.895,36.105,9,43,1658.1,1.48,1,126.105
26284,00026284.jpg,1785610185157709568,10.982,53.634,36.366,10,45,1736.3,1.14,1,126.366
26285,00026285.jpg,1785610185191694080,11.218,53.617,36.383,9,45,1788.4,1.15,1,126.383
26286,00026286.jpg,1785610185225879808,11.392,53.812,36.188,7,41,1793.0,1.11,1,126.188
26287,00026287.jpg,1785610185258073600,11.632,53.542,36.458,5,38,1825.9,0.95,1,126.458
26288,00026288.jpg,1785610185293620736,11.904,54.028,35.972,4,34,1837.8,0.49,1,125.972
26289,00026289.jpg,1785610185308446208,11.913,53.885,36.115,4,33,1849.4,0.43,1,126.115
26290,00026290.jpg,1785610185358248704,11.856,54.088,35.912,5,37,1779.1,0.25,1,125.912
26291,00026291.jpg,1785610185391734016,11.216,54.66,35.34,8,45,1777.9,0.32,1,125.34
26292,00026292.jpg,1785610185424025344,10.706,54.637,35.363,9,44,1721.4,0.23,1,125.363
26293,00026293.jpg,1785610185458553600,10.149,54.731,35.269,10,45,1659.0,0.57,1,125.269
26294,00026294.jpg,1785610185493166592,9.792,54.886,35.114,10,47,1592.5,0.72,1,125.114
26295,00026295.jpg,1785610185526041856,9.767,54.485,35.515,10,43,1544.2,0.5,1,125.515
26296,00026296.jpg,1785610185558635520,9.621,54.635,35.365,10,41,1458.0,0.63,1,125.365
26297,00026297.jpg,1785610185593460736,9.551,54.384,35.616,10,43,1377.0,0.73,1,125.616
26298,00026298.jpg,1785610185625974272,9.637,54.668,35.332,12,46,1286.4,0.39,1,125.332
26299,00026299.jpg,1785610185658500608,9.632,54.538,35.462,13,54,1351.4,0.57,1,125.462
26300,00026300.jpg,1785610185692043520,9.665,54.573,35.427,14,50,1162.4,0.75,1,125.427
26301,00026301.jpg,1785610185724115712,9.711,54.483,35.517,15,57,1258.9,0.57,1,125.517
26302,00026302.jpg,1785610185758725376,9.73,54.102,35.898,11,49,1157.6,0.8,1,125.898
26303,00026303.jpg,1785610185793705984,9.753,54.136,35.864,12,51,1144.7,0.87,1,125.864
26304,00026304.jpg,1785610185809377024,9.766,54.426,35.574,13,49,1035.5,0.77,1,125.574
26305,00026305.jpg,1785610185858648576,9.78,54.889,35.111,13,48,984.3,0.72,1,125.111
26306,00026306.jpg,1785610185892157440,9.788,54.203,35.797,11,43,952.4,0.66,1,125.797
26307,00026307.jpg,1785610185925146112,9.796,54.576,35.424,13,56,1110.2,1.05,1,125.424
26308,00026308.jpg,1785610185958748160,9.8,54.535,35.465,12,42,938.1,1.07,1,125.465
26309,00026309.jpg,1785610185991940352,9.804,54.542,35.458,13,53,1081.6,1.12,1,125.458
26310,00026310.jpg,1785610186025245184,9.809,54.495,35.505,13,50,1074.8,0.8,1,125.505
26311,00026311.jpg,1785610186057750784,9.81,54.69,35.31,11,44,909.4,1.09,1,125.31
26312,00026312.jpg,1785610186091661312,9.811,54.543,35.457,13,50,1076.0,0.93,1,125.457
26313,00026313.jpg,1785610186124847616,9.813,54.501,35.499,14,52,1087.7,0.77,1,125.499
26314,00026314.jpg,1785610186157815296,9.814,54.626,35.374,11,48,1067.8,0.95,1,125.374
26315,00026315.jpg,1785610186191895296,9.815,54.382,35.618,13,53,1102.0,0.9,1,125.618
26316,00026316.jpg,1785610186225127168,9.815,54.424,35.576,12,48,948.1,0.81,1,125.576
26317,00026317.jpg,1785610186258420992,9.816,54.629,35.371,11,44,947.6,0.91,1,125.371
26318,00026318.jpg,1785610186291881216,9.816,54.772,35.228,11,40,942.0,0.8,1,125.228
26319,00026319.jpg,1785610186325016832,9.817,54.326,35.674,11,40,956.1,0.85,1,125.674
26320,00026320.jpg,1785610186358999040,9.817,54.562,35.438,10,39,954.5,0.94,1,125.438
26321,00026321.jpg,1785610186391728384,9.817,54.47,35.53,10,42,971.5,1.05,1,125.53
26322,00026322.jpg,1785610186424600576,9.818,54.188,35.812,11,40,992.4,1.25,1,125.812
26323,00026323.jpg,1785610186458147328,9.817,54.763,35.237,10,41,993.8,1.14,1,125.237
26324,00026324.jpg,1785610186491800320,9.817,54.284,35.716,9,36,991.4,1.16,1,125.716
26325,00026325.jpg,1785610186524967168,9.817,54.111,35.889,9,36,1000.6,1.0,1,125.889
26326,00026326.jpg,1785610186557548544,9.817,54.555,35.445,9,36,1023.0,1.11,1,125.445
26327,00026327.jpg,1785610186591838976,9.818,54.378,35.622,10,37,1034.7,0.98,1,125.622
26328,00026328.jpg,1785610186626091776,9.672,54.277,35.723,10,39,1046.4,0.8,1,125.723
26329,00026329.jpg,1785610186658287104,8.694,54.3,35.7,9,37,1056.5,0.78,1,125.7
26330,00026330.jpg,1785610186691527424,6.862,54.424,35.576,9,37,1073.5,0.98,1,125.576
26331,00026331.jpg,1785610186724626688,5.929,54.668,35.332,10,38,1089.4,0.93,1,125.332
26332,00026332.jpg,1785610186757907200,4.649,54.251,35.749,11,40,1115.3,1.01,1,125.749
26333,00026333.jpg,1785610186792995840,4.195,54.465,35.535,10,38,1122.5,1.06,1,125.535
26334,00026334.jpg,1785610186809018368,4.36,54.054,35.946,10,38,1128.2,0.78,1,125.946
26335,00026335.jpg,1785610186859709696,8.362,54.303,35.697,10,38,1134.2,0.94,1,125.697
26336,00026336.jpg,1785610186891731200,9.186,54.512,35.488,10,39,1149.2,0.77,1,125.488
26337,00026337.jpg,1785610186924949248,9.431,54.684,35.316,9,35,1129.9,0.86,1,125.316
26338,00026338.jpg,1785610186958454272,9.086,54.35,35.65,10,38,1143.7,0.93,1,125.65
26339,00026339.jpg,1785610186992174592,6.768,54.726,35.274,9,35,1126.4,1.07,1,125.274
26340,00026340.jpg,1785610187024472832,6.015,54.293,35.707,10,38,1136.2,0.85,1,125.707
26341,00026341.jpg,1785610187058017536,5.912,54.145,35.855,11,40,1165.7,1.16,1,125.855
26342,00026342.jpg,1785610187091561984,8.708,54.294,35.706,10,37,1142.6,0.91,1,125.706
26343,00026343.jpg,1785610187123853824,9.371,54.878,35.122,10,39,1151.6,0.9,1,125.122
26344,00026344.jpg,1785610187158628352,9.658,55.014,34.986,10,38,1148.7,0.82,1,124.986
26345,00026345.jpg,1785610187190572544,9.779,54.495,35.505,11,40,1146.2,1.06,1,125.505
26346,00026346.jpg,1785610187224323584,9.83,54.879,35.121,9,30,937.5,0.96,1,125.121
26347,00026347.jpg,1785610187258424320,9.851,54.517,35.483,11,40,1139.8,1.19,1,125.483
26348,00026348.jpg,1785610187293495552,9.86,54.989,35.011,9,30,928.1,1.0,1,125.011
26349,00026349.jpg,1785610187309284608,9.862,55.148,34.852,9,31,926.6,0.84,1,124.852
26350,00026350.jpg,1785610187358082048,9.866,54.782,35.218,11,40,1123.2,1.0,1,125.218
26351,00026351.jpg,1785610187390826752,9.88,55.296,34.704,9,31,914.2,1.02,1,124.704
26352,00026352.jpg,1785610187424059904,9.88,55.502,34.498,10,40,1093.4,1.77,1,124.498
26353,00026353.jpg,1785610187457293568,9.872,55.707,34.293,9,30,873.6,1.72,1,124.293
26354,00026354.jpg,1785610187492123904,9.881,54.601,35.399,9,28,833.2,1.1,1,125.399
26355,00026355.jpg,1785610187526341632,9.88,54.54,35.46,7,26,799.4,1.03,1,125.46
26356,00026356.jpg,1785610187557775616,9.883,54.974,35.026,8,28,824.1,0.76,1,125.026
26357,00026357.jpg,1785610187592032256,9.879,54.651,35.349,8,25,812.0,1.01,1,125.349
26358,00026358.jpg,1785610187624271872,9.872,54.744,35.256,8,26,820.9,0.64,1,125.256
26359,00026359.jpg,1785610187657957376,9.868,54.41,35.59,9,29,838.0,0.61,1,125.59
26360,00026360.jpg,1785610187692255488,9.866,54.922,35.078,8,28,847.0,0.95,1,125.078
26361,00026361.jpg,1785610187725618944,9.869,54.922,35.078,6,24,821.5,0.92,1,125.078
26362,00026362.jpg,1785610187758242304,9.887,55.353,34.647,9,30,851.5,1.25,1,124.647
26363,00026363.jpg,1785610187790535424,9.921,56.123,33.877,7,26,790.0,1.55,1,123.877
26364,00026364.jpg,1785610187825402112,9.929,56.35,33.65,8,27,769.8,1.51,1,123.65
26365,00026365.jpg,1785610187859109376,10.011,55.969,34.031,8,26,655.8,2.54,1,124.031
26366,00026366.jpg,1785610187891649792,10.01,57.39,32.61,8,27,499.7,1.73,1,122.61
26367,00026367.jpg,1785610187925162496,10.08,57.357,32.643,7,18,313.0,2.92,1,122.643
26368,00026368.jpg,1785610187957646080,10.117,55.435,34.565,5,13,212.7,2.48,1,124.565
26369,00026369.jpg,1785610187991558400,10.232,53.078,36.922,4,11,139.6,0.82,1,126.922
26370,00026370.jpg,1785610188025820416,10.28,54.198,35.802,5,16,248.9,1.04,1,125.802
26371,00026371.jpg,1785610188057940224,10.313,51.902,38.098,4,12,128.6,2.14,1,128.098
26372,00026372.jpg,1785610188090661888,10.242,53.71,36.29,4,11,156.0,0.91,1,126.29
26373,00026373.jpg,1785610188125603328,10.122,53.77,36.23,4,11,190.7,0.58,1,126.23
26374,00026374.jpg,1785610188157908992,9.956,54.311,35.689,5,13,235.7,1.51,1,125.689
26375,00026375.jpg,1785610188191289600,9.851,53.965,36.035,3,10,250.9,0.8,1,126.035
26376,00026376.jpg,1785610188223949824,9.853,53.194,36.806,4,18,312.8,1.06,1,126.806
26377,00026377.jpg,1785610188258603264,10.012,54.392,35.608,5,20,390.3,0.77,1,125.608
26378,00026378.jpg,1785610188293226752,10.378,54.149,35.851,5,21,462.5,0.59,1,125.851
26379,00026379.jpg,1785610188308745984,10.513,53.885,36.115,3,17,438.4,0.72,1,126.115
26380,00026380.jpg,1785610188358111744,11.646,54.153,35.847,4,20,529.9,0.5,1,125.847
26381,00026381.jpg,1785610188391367936,12.742,53.705,36.295,3,17,547.2,0.72,1,126.295
26382,00026382.jpg,1785610188424050432,13.594,53.865,36.135,4,20,595.7,0.75,1,126.135
26383,00026383.jpg,1785610188458232064,14.344,54.286,35.714,4,20,620.8,0.51,1,125.714
26384,00026384.jpg,1785610188490723328,11.219,53.695,36.305,4,19,658.9,0.34,1,126.305
26385,00026385.jpg,1785610188524078336,6.814,54.029,35.971,5,21,686.0,0.2,1,125.971
26386,00026386.jpg,1785610188558024704,7.095,54.194,35.806,6,25,715.8,0.33,1,125.806
26387,00026387.jpg,1785610188590855424,8.087,54.493,35.507,4,18,674.8,0.44,1,125.507
26388,00026388.jpg,1785610188624168704,8.87,54.156,35.844,5,22,692.0,0.43,1,125.844
26389,00026389.jpg,1785610188657284352,9.347,54.014,35.986,5,21,687.3,0.3,1,125.986
26390,00026390.jpg,1785610188692013056,9.61,54.021,35.979,4,20,690.4,0.6,1,125.979
26391,00026391.jpg,1785610188725216256,9.747,54.1,35.9,4,20,690.6,0.3,1,125.9
26392,00026392.jpg,1785610188757722624,9.815,54.274,35.726,3,16,662.5,0.38,1,125.726
26393,00026393.jpg,1785610188790347520,9.849,54.16,35.84,3,17,678.5,0.33,1,125.84
26394,00026394.jpg,1785610188824698624,9.865,54.598,35.402,4,19,677.1,0.36,1,125.402
26395,00026395.jpg,1785610188857831424,9.928,53.963,36.037,4,24,714.2,0.42,1,126.037
26396,00026396.jpg,1785610188890701824,10.267,53.972,36.028,3,17,683.9,0.36,1,126.028
26397,00026397.jpg,1785610188926480384,10.725,53.54,36.46,2,16,645.1,0.47,1,126.46
26398,00026398.jpg,1785610188940935424,10.794,53.509,36.491,2,14,635.1,0.37,1,126.491
26399,00026399.jpg,1785610188991919616,12.23,53.358,36.642,2,15,614.8,0.45,1,126.642
26400,00026400.jpg,1785610189023845888,12.617,54.217,35.783,4,18,578.9,0.26,1,125.783
26401,00026401.jpg,1785610189058397696,9.151,54.356,35.644,4,19,542.6,0.47,1,125.644
26402,00026402.jpg,1785610189091628032,8.147,54.593,35.407,5,20,521.0,0.35,1,125.407
26403,00026403.jpg,1785610189124765184,8.564,54.543,35.457,4,20,559.9,0.44,1,125.457
26404,00026404.jpg,1785610189157572864,9.076,54.321,35.679,3,18,581.0,0.38,1,125.679
26405,00026405.jpg,1785610189191844352,9.43,54.624,35.376,3,19,602.9,0.31,1,125.376
26406,00026406.jpg,1785610189226164992,9.649,54.576,35.424,3,19,615.7,0.4,1,125.424
26407,00026407.jpg,1785610189258306048,9.761,54.504,35.496,3,18,634.4,0.37,1,125.496
26408,00026408.jpg,1785610189291429888,9.819,54.387,35.613,4,21,657.1,0.49,1,125.613
26409,00026409.jpg,1785610189325532928,9.854,54.429,35.571,4,21,664.9,0.42,1,125.571
26410,00026410.jpg,1785610189357197056,9.882,54.653,35.347,5,24,690.6,0.16,1,125.347
26411,00026411.jpg,1785610189390422272,9.893,54.254,35.746,5,24,673.5,0.27,1,125.746
26412,00026412.jpg,1785610189423841792,9.972,54.285,35.715,5,22,621.0,0.91,1,125.715
26413,00026413.jpg,1785610189458006016,10.273,54.748,35.252,5,24,544.6,0.96,1,125.252
26414,00026414.jpg,1785610189491265280,11.023,55.078,34.922,5,26,437.4,0.78,1,124.922
26415,00026415.jpg,1785610189524260352,11.728,54.725,35.275,4,20,372.9,0.42,1,125.275
26416,00026416.jpg,1785610189559906048,12.785,54.755,35.245,5,25,390.9,1.45,1,125.245
26417,00026417.jpg,1785610189574542848,13.234,54.296,35.704,5,23,388.2,0.49,1,125.704
26418,00026418.jpg,1785610189624767744,14.363,54.284,35.716,5,25,468.7,1.26,1,125.716
26419,00026419.jpg,1785610189657213952,11.18,54.172,35.828,5,24,515.9,0.59,1,125.828
26420,00026420.jpg,1785610189691197440,6.866,54.074,35.926,5,22,551.3,0.64,1,125.926
26421,00026421.jpg,1785610189724527872,7.174,54.254,35.746,5,24,582.7,0.54,1,125.746
26422,00026422.jpg,1785610189757027328,8.148,54.405,35.595,6,22,612.1,0.22,1,125.595
26423,00026423.jpg,1785610189791604480,8.904,54.293,35.707,6,25,628.0,0.71,1,125.707
26424,00026424.jpg,1785610189824762880,9.379,54.509,35.491,4,20,641.0,0.48,1,125.491
26425,00026425.jpg,1785610189858348544,9.812,54.401,35.599,5,23,629.6,0.21,1,125.599
26426,00026426.jpg,1785610189891904256,10.337,54.96,35.04,5,21,583.0,0.69,1,125.04
26427,00026427.jpg,1785610189925891328,10.731,54.552,35.448,5,29,665.6,1.3,1,125.448
26428,00026428.jpg,1785610189957801472,11.594,54.695,35.305,4,23,477.9,0.5,1,125.305
26429,00026429.jpg,1785610189990572288,12.518,54.55,35.45,2,15,338.5,1.32,1,125.45
26430,00026430.jpg,1785610190024232704,13.069,53.723,36.277,2,15,364.3,0.88,1,126.277
26431,00026431.jpg,1785610190058275584,10.914,54.205,35.795,4,18,418.0,1.07,1,125.795
26432,00026432.jpg,1785610190091837952,7.748,54.628,35.372,2,15,444.5,0.41,1,125.372
26433,00026433.jpg,1785610190124910080,7.91,54.251,35.749,3,16,487.0,0.57,1,125.749
26434,00026434.jpg,1785610190157854208,8.626,53.972,36.028,5,21,528.4,0.49,1,126.028
26435,00026435.jpg,1785610190194276864,9.23,53.85,36.15,5,20,570.5,0.6,1,126.15
26436,00026436.jpg,1785610190209150464,9.389,53.356,36.644,4,20,542.9,0.94,1,126.644
26437,00026437.jpg,1785610190257691648,9.751,53.953,36.047,5,22,557.9,1.14,1,126.047
26438,00026438.jpg,1785610190291527680,9.878,54.543,35.457,3,19,521.4,0.64,1,125.457
26439,00026439.jpg,1785610190324084736,9.922,54.377,35.623,5,23,571.9,0.62,1,125.623
26440,00026440.jpg,1785610190357942272,9.929,54.322,35.678,4,21,584.9,0.77,1,125.678
26441,00026441.jpg,1785610190391433984,9.918,54.508,35.492,4,20,594.5,0.46,1,125.492
26442,00026442.jpg,1785610190424535808,9.915,54.738,35.262,4,20,596.2,0.33,1,125.262
26443,00026443.jpg,1785610190458028288,9.907,54.853,35.147,4,23,620.7,0.43,1,125.147
26444,00026444.jpg,1785610190492566784,9.904,54.595,35.405,4,25,631.0,0.37,1,125.405
26445,00026445.jpg,1785610190524118272,9.905,54.553,35.447,4,23,637.8,0.36,1,125.447
26446,00026446.jpg,1785610190557982208,9.904,54.668,35.332,4,20,623.7,0.54,1,125.332
26447,00026447.jpg,1785610190591676928,9.904,54.315,35.685,6,27,712.8,0.61,1,125.685
26448,00026448.jpg,1785610190624707328,9.905,54.396,35.604,7,28,691.0,0.36,1,125.604
26449,00026449.jpg,1785610190657745408,9.904,54.555,35.445,6,30,739.7,0.87,1,125.445
26450,00026450.jpg,1785610190693482240,10.078,54.665,35.335,6,28,745.0,0.78,1,125.335
26451,00026451.jpg,1785610190723933184,10.347,54.386,35.614,7,31,752.7,0.47,1,125.614
26452,00026452.jpg,1785610190757700864,11.072,55.255,34.745,5,24,648.7,0.51,1,124.745
26453,00026453.jpg,1785610190790409728,12.118,54.315,35.685,4,22,565.4,0.66,1,125.685
26454,00026454.jpg,1785610190823823104,12.946,55.006,34.994,4,23,459.4,1.09,1,124.994
26455,00026455.jpg,1785610190858289920,13.905,56.142,33.858,5,28,536.3,1.48,1,123.858
26456,00026456.jpg,1785610190891879680,14.748,55.174,34.826,3,21,416.8,1.56,1,124.826
26457,00026457.jpg,1785610190924664576,15.153,54.232,35.768,4,17,301.4,0.55,1,125.768
26458,00026458.jpg,1785610190958305536,7.998,54.536,35.464,3,9,90.8,1.03,1,125.464
26459,00026459.jpg,1785610190991807232,6.388,54.375,35.625,2,14,296.2,1.54,1,125.625
26460,00026460.jpg,1785610191024875776,7.311,54.974,35.026,2,7,125.9,1.98,1,125.026
26461,00026461.jpg,1785610191056933632,8.295,54.449,35.551,3,16,376.7,1.52,1,125.551
26462,00026462.jpg,1785610191090586368,8.966,53.943,36.057,2,14,382.1,1.24,1,126.057
26463,00026463.jpg,1785610191124351232,9.209,54.07,35.93,3,10,250.6,1.14,1,125.93
26464,00026464.jpg,1785610191158242304,9.735,54.41,35.59,7,24,349.9,1.68,1,125.59
26465,00026465.jpg,1785610191191588096,10.266,54.523,35.477,6,23,374.4,1.03,1,125.477
26466,00026466.jpg,1785610191224708096,10.684,54.221,35.779,4,24,446.5,1.57,1,125.779
26467,00026467.jpg,1785610191258060544,11.516,54.482,35.518,6,33,654.5,1.34,1,125.518
26468,00026468.jpg,1785610191291433216,12.423,54.68,35.32,5,31,687.1,0.99,1,125.32
26469,00026469.jpg,1785610191323550464,12.974,54.479,35.521,4,24,538.8,0.82,1,125.521
26470,00026470.jpg,1785610191357791744,10.858,54.54,35.46,4,24,574.0,1.01,1,125.46
26471,00026471.jpg,1785610191391468800,7.551,54.205,35.795,4,24,593.2,0.92,1,125.795
26472,00026472.jpg,1785610191424992512,7.748,54.686,35.314,4,25,603.6,0.52,1,125.314
26473,00026473.jpg,1785610191456956160,8.483,54.456,35.544,5,27,660.8,0.79,1,125.544
26474,00026474.jpg,1785610191490492416,9.063,54.502,35.498,4,26,633.6,0.77,1,125.498
26475,00026475.jpg,1785610191525086976,9.419,54.141,35.859,4,26,646.1,1.0,1,125.859
26476,00026476.jpg,1785610191558171904,9.616,54.049,35.951,4,26,645.2,0.95,1,125.951
26477,00026477.jpg,1785610191590223872,9.719,54.437,35.563,4,27,632.9,0.86,1,125.563
26478,00026478.jpg,1785610191624922112,9.771,54.648,35.352,4,27,647.0,0.67,1,125.352
26479,00026479.jpg,1785610191657720832,9.796,54.59,35.41,4,25,652.8,0.61,1,125.41
26480,00026480.jpg,1785610191691515392,9.808,54.551,35.449,4,25,643.8,0.63,1,125.449
26481,00026481.jpg,1785610191724947712,9.814,54.121,35.879,4,26,656.3,0.95,1,125.879
26482,00026482.jpg,1785610191757190912,9.817,54.095,35.905,4,26,649.5,0.65,1,125.905
26483,00026483.jpg,1785610191790974720,9.818,54.115,35.885,4,26,650.7,0.81,1,125.885
26484,00026484.jpg,1785610191823810816,9.819,54.51,35.49,4,26,649.9,0.49,1,125.49
26485,00026485.jpg,1785610191857762560,9.82,54.389,35.611,4,26,643.9,1.03,1,125.611
26486,00026486.jpg,1785610191891284224,9.82,54.567,35.433,4,28,638.5,0.65,1,125.433
26487,00026487.jpg,1785610191925865728,9.82,54.226,35.774,5,29,654.1,1.05,1,125.774
26488,00026488.jpg,1785610191958198528,9.82,53.986,36.014,5,26,558.1,1.02,1,126.014
26489,00026489.jpg,1785610191990742784,9.82,54.268,35.732,5,28,623.2,0.84,1,125.732
26490,00026490.jpg,1785610192026031104,9.82,54.435,35.565,5,26,574.9,0.68,1,125.565
26491,00026491.jpg,1785610192057586176,9.82,54.564,35.436,4,26,605.7,0.92,1,125.436
26492,00026492.jpg,1785610192090592512,9.82,54.174,35.826,4,26,602.9,1.02,1,125.826
26493,00026493.jpg,1785610192124805632,9.82,54.198,35.802,4,25,596.7,1.17,1,125.802
26494,00026494.jpg,1785610192158251264,9.82,54.363,35.637,4,26,600.3,1.24,1,125.637
26495,00026495.jpg,1785610192190959104,9.864,54.342,35.658,4,26,592.6,0.87,1,125.658
26496,00026496.jpg,1785610192223899648,10.0,54.229,35.771,4,26,588.6,0.97,1,125.771
26497,00026497.jpg,1785610192258061312,10.518,54.236,35.764,4,26,578.1,0.61,1,125.764
26498,00026498.jpg,1785610192290451456,11.413,54.507,35.493,4,27,578.8,1.15,1,125.493
26499,00026499.jpg,1785610192324072192,12.135,54.221,35.779,5,28,583.7,0.43,1,125.779
26500,00026500.jpg,1785610192357041920,12.791,54.755,35.245,4,26,557.8,0.87,1,125.245
26501,00026501.jpg,1785610192390406912,10.992,54.251,35.749,4,26,554.8,1.19,1,125.749
26502,00026502.jpg,1785610192423882496,7.681,54.744,35.256,4,25,544.0,1.13,1,125.256
26503,00026503.jpg,1785610192458004992,7.828,53.82,36.18,5,28,562.1,0.75,1,126.18
26504,00026504.jpg,1785610192491476480,8.524,55.255,34.745,5,27,550.2,1.51,1,124.745
26505,00026505.jpg,1785610192524398336,9.08,54.091,35.909,6,29,570.6,0.98,1,125.909
26506,00026506.jpg,1785610192558128384,9.437,53.795,36.205,6,27,551.4,0.46,1,126.205
26507,00026507.jpg,1785610192591620096,9.647,55.382,34.618,6,27,557.5,0.96,1,124.618
26508,00026508.jpg,1785610192624685312,9.752,55.053,34.947,5,25,548.4,0.49,1,124.947
26509,00026509.jpg,1785610192658325760,9.797,54.825,35.175,6,27,575.6,0.9,1,125.175
26510,00026510.jpg,1785610192690579456,9.836,53.727,36.273,5,25,564.8,0.7,1,126.273
26511,00026511.jpg,1785610192723643904,9.837,53.866,36.134,5,25,554.8,0.8,1,126.134
26512,00026512.jpg,1785610192758077696,9.837,53.517,36.483,5,25,546.0,1.09,1,126.483
26513,00026513.jpg,1785610192791591936,9.822,53.969,36.031,6,28,545.9,0.77,1,126.031
26514,00026514.jpg,1785610192824675840,9.812,54.443,35.557,6,28,525.2,0.93,1,125.557
26515,00026515.jpg,1785610192857931776,9.805,53.693,36.307,7,27,544.4,1.16,1,126.307
26516,00026516.jpg,1785610192890411520,9.801,54.426,35.574,5,22,490.7,0.68,1,125.574
26517,00026517.jpg,1785610192923515392,9.802,53.809,36.191,7,25,510.2,1.05,1,126.191
26518,00026518.jpg,1785610192959567616,9.801,54.003,35.997,7,25,500.3,1.12,1,125.997
26519,00026519.jpg,1785610192975825664,9.801,54.243,35.757,7,26,502.6,0.97,1,125.757
26520,00026520.jpg,1785610193023778048,9.803,53.972,36.028,6,24,490.3,1.35,1,126.028
26521,00026521.jpg,1785610193059058176,9.803,53.093,36.907,6,24,486.8,1.28,1,126.907
26522,00026522.jpg,1785610193091462912,9.803,53.663,36.337,8,33,693.7,0.78,1,126.337
26523,00026523.jpg,1785610193125735168,9.804,53.951,36.049,8,35,699.1,0.68,1,126.049
26524,00026524.jpg,1785610193157652992,9.804,53.782,36.218,8,36,691.7,0.57,1,126.218
26525,00026525.jpg,1785610193190588160,9.805,53.904,36.096,8,34,682.3,0.59,1,126.096
26526,00026526.jpg,1785610193223917312,9.805,53.747,36.253,9,38,694.2,0.82,1,126.253
26527,00026527.jpg,1785610193258287360,9.805,53.762,36.238,8,33,683.8,0.75,1,126.238
26528,00026528.jpg,1785610193291627008,9.806,54.445,35.555,8,33,676.5,0.45,1,125.555
26529,00026529.jpg,1785610193324626944,9.806,54.16,35.84,8,32,673.0,0.66,1,125.84
26530,00026530.jpg,1785610193358107392,9.806,54.405,35.595,9,33,686.4,0.82,1,125.595
26531,00026531.jpg,1785610193391534336,9.806,54.221,35.779,10,37,700.0,0.45,1,125.779
26532,00026532.jpg,1785610193424304896,9.806,54.388,35.612,10,36,699.2,0.9,1,125.612
26533,00026533.jpg,1785610193459585280,9.806,54.312,35.688,9,35,687.4,0.89,1,125.688
26534,00026534.jpg,1785610193473977856,9.806,54.306,35.694,10,35,692.1,0.98,1,125.694
26535,00026535.jpg,1785610193524880896,9.806,54.324,35.676,10,36,691.8,0.87,1,125.676
26536,00026536.jpg,1785610193556981504,9.807,53.849,36.151,11,39,707.1,0.71,1,126.151
26537,00026537.jpg,1785610193593387008,9.807,54.279,35.721,13,43,724.5,0.76,1,125.721
26538,00026538.jpg,1785610193609666816,9.807,54.275,35.725,13,43,725.7,0.68,1,125.725
26539,00026539.jpg,1785610193657007360,9.807,54.423,35.577,11,40,707.4,0.8,1,125.577
26540,00026540.jpg,1785610193691639296,9.807,54.25,35.75,12,44,709.7,0.86,1,125.75
26541,00026541.jpg,1785610193723678720,9.807,54.34,35.66,12,42,708.9,1.25,1,125.66
26542,00026542.jpg,1785610193758060288,9.807,54.425,35.575,14,45,724.7,1.04,1,125.575
26543,00026543.jpg,1785610193790532352,9.807,54.233,35.767,15,47,735.1,1.0,1,125.767
26544,00026544.jpg,1785610193823550208,9.807,54.182,35.818,12,45,715.0,1.07,1,125.818
26545,00026545.jpg,1785610193857820672,9.807,54.286,35.714,12,43,695.5,0.69,1,125.714
26546,00026546.jpg,1785610193890492672,9.807,53.97,36.03,12,43,712.0,0.57,1,126.03
26547,00026547.jpg,1785610193924464896,9.808,54.071,35.929,13,44,708.2,0.48,1,125.929
26548,00026548.jpg,1785610193957032704,9.808,54.527,35.473,12,44,711.3,0.85,1,125.473
26549,00026549.jpg,1785610193991383040,9.808,54.529,35.471,13,41,607.0,0.85,1,125.471
26550,00026550.jpg,1785610194025356032,9.808,54.002,35.998,11,39,604.5,0.87,1,125.998
26551,00026551.jpg,1785610194057864704,9.808,53.773,36.227,11,37,602.1,0.7,1,126.227
26552,00026552.jpg,1785610194092983808,9.808,54.22,35.78,10,38,605.3,0.82,1,125.78
26553,00026553.jpg,1785610194108708608,9.808,54.01,35.99,14,49,956.3,0.75,1,125.99
26554,00026554.jpg,1785610194158220800,9.808,54.334,35.666,12,49,979.4,0.75,1,125.666
26555,00026555.jpg,1785610194190085632,9.808,54.401,35.599,13,46,978.0,0.46,1,125.599
26556,00026556.jpg,1785610194223597824,9.808,54.164,35.836,13,48,994.0,0.5,1,125.836
26557,00026557.jpg,1785610194257410048,9.808,54.326,35.674,13,49,996.3,0.81,1,125.674
26558,00026558.jpg,1785610194291456512,9.808,54.579,35.421,13,57,1370.3,0.69,1,125.421
26559,00026559.jpg,1785610194324705280,9.808,54.627,35.373,12,54,1416.7,0.67,1,125.373
26560,00026560.jpg,1785610194358319872,9.808,54.271,35.729,12,55,1474.6,0.43,1,125.729
26561,00026561.jpg,1785610194390234112,9.809,54.23,35.77,13,58,1533.5,0.48,1,125.77
26562,00026562.jpg,1785610194423876608,9.809,54.408,35.592,14,63,1551.7,0.58,1,125.592
26563,00026563.jpg,1785610194456838912,9.809,54.19,35.81,15,59,1541.4,0.55,1,125.81
26564,00026564.jpg,1785610194490201600,9.809,54.207,35.793,12,57,1534.9,0.59,1,125.793
26565,00026565.jpg,1785610194524759296,9.809,54.065,35.935,15,60,1546.9,0.4,1,125.935
26566,00026566.jpg,1785610194557843712,9.809,54.236,35.764,12,57,1537.7,0.44,1,125.764
26567,00026567.jpg,1785610194592166912,9.81,54.148,35.852,14,58,1549.1,0.5,1,125.852
26568,00026568.jpg,1785610194624686080,9.817,54.295,35.705,14,60,1557.1,0.73,1,125.705
26569,00026569.jpg,1785610194656847616,9.846,54.448,35.552,14,60,1569.7,0.43,1,125.552
26570,00026570.jpg,1785610194690253056,9.902,54.941,35.059,11,56,1557.9,0.52,1,125.059
26571,00026571.jpg,1785610194723309312,9.892,55.942,34.058,13,58,1565.8,0.39,1,124.058
26572,00026572.jpg,1785610194757476608,9.973,57.526,32.474,14,62,1573.5,0.46,1,122.474
26573,00026573.jpg,1785610194790171136,9.934,59.513,30.487,13,61,1577.6,0.4,1,120.487
26574,00026574.jpg,1785610194823937024,9.833,61.97,28.03,13,58,1574.4,0.43,1,118.03
26575,00026575.jpg,1785610194859821824,9.825,64.364,25.636,17,64,1624.0,0.43,1,115.636
26576,00026576.jpg,1785610194875311616,9.807,65.725,24.275,15,64,1607.8,0.45,1,114.275
26577,00026577.jpg,1785610194924737024,9.817,68.412,21.588,14,60,1609.6,0.49,1,111.588
26578,00026578.jpg,1785610194957219072,9.817,69.77,20.23,14,63,1594.4,0.38,1,110.23
26579,00026579.jpg,1785610194990556416,9.811,70.48,19.52,13,56,1529.6,0.53,1,109.52
26580,00026580.jpg,1785610195025014528,9.808,70.702,19.298,15,63,1542.5,0.48,1,109.298
26581,00026581.jpg,1785610195057586432,9.852,70.929,19.071,14,60,1529.4,0.63,1,109.071
26582,00026582.jpg,1785610195091187968,9.909,71.353,18.647,13,57,1470.3,0.39,1,108.647
26583,00026583.jpg,1785610195124434944,9.886,72.271,17.729,13,62,1443.7,0.72,1,107.729
26584,00026584.jpg,1785610195156878848,9.967,73.75,16.25,14,61,1409.3,0.47,1,106.25
26585,00026585.jpg,1785610195190328832,9.869,75.826,14.174,14,65,1383.3,0.52,1,104.174
26586,00026586.jpg,1785610195223899136,9.831,78.432,11.568,16,76,1365.8,0.56,1,101.568
26587,00026587.jpg,1785610195258788096,9.842,81.029,8.971,16,67,1332.1,0.55,1,98.971
26588,00026588.jpg,1785610195291509504,9.831,83.422,6.578,20,67,1269.8,0.5,1,96.578
26589,00026589.jpg,1785610195324412416,9.803,85.792,4.208,20,72,1353.3,0.63,1,94.208
26590,00026590.jpg,1785610195359716096,9.829,87.535,2.465,18,73,1358.3,0.71,1,92.465
26591,00026591.jpg,1785610195375434496,9.827,88.391,1.609,14,63,1293.8,0.43,1,91.609
26592,00026592.jpg,1785610195424888064,9.803,89.663,0.337,14,58,1269.2,0.51,1,90.337
26593,00026593.jpg,1785610195457675776,9.296,89.881,0.119,16,67,1336.3,0.48,1,90.119
26594,00026594.jpg,1785610195490515456,7.814,0.131,89.869,21,67,1346.5,0.49,1,89.869
26595,00026595.jpg,1785610195525636096,6.815,89.889,0.111,20,59,1278.4,0.5,1,90.111
26596,00026596.jpg,1785610195558475264,5.369,89.939,0.061,19,55,1234.7,0.19,1,90.061
26597,00026597.jpg,1785610195591379200,4.798,89.941,0.059,17,52,1218.5,0.48,1,90.059
26598,00026598.jpg,1785610195624710144,5.259,89.899,0.101,15,49,1200.0,0.52,1,90.101
26599,00026599.jpg,1785610195656594432,8.489,89.87,0.13,13,51,1032.2,0.35,1,90.13
26600,00026600.jpg,1785610195691563520,9.307,89.849,0.151,14,53,1046.2,0.25,1,90.151
26601,00026601.jpg,1785610195724434176,9.658,89.872,0.128,14,57,1063.8,0.26,1,90.128
26602,00026602.jpg,1785610195756755200,9.808,89.873,0.127,20,59,1095.4,0.4,1,90.127
26603,00026603.jpg,1785610195791252992,9.872,89.898,0.102,20,54,1064.7,0.24,1,90.102
26604,00026604.jpg,1785610195824201216,9.856,89.906,0.094,17,50,1051.7,0.49,1,90.094
26605,00026605.jpg,1785610195856613120,9.21,89.96,0.04,14,48,1083.7,0.35,1,90.04
26606,00026606.jpg,1785610195891225856,9.777,0.058,89.942,12,48,1104.4,0.6,1,89.942
26607,00026607.jpg,1785610195924253696,9.865,0.505,89.495,14,54,1128.7,0.9,1,89.495
26608,00026608.jpg,1785610195957513472,9.936,0.766,89.234,14,63,1119.8,1.1,1,89.234
26609,00026609.jpg,1785610195990492416,9.915,0.267,89.733,13,60,1100.4,0.88,1,89.733
26610,00026610.jpg,1785610196024624128,9.926,0.115,89.885,11,51,1069.5,0.5,1,89.885
26611,00026611.jpg,1785610196056974592,9.942,89.641,0.359,11,50,1073.6,0.58,1,90.359
26612,00026612.jpg,1785610196090115072,9.947,89.914,0.086,10,44,1068.6,0.33,1,90.086
26613,00026613.jpg,1785610196124029184,9.94,89.444,0.556,13,50,1088.6,0.76,1,90.556
26614,00026614.jpg,1785610196157429504,9.927,89.922,0.078,9,42,1055.3,0.49,1,90.078
26615,00026615.jpg,1785610196189904640,9.916,89.607,0.393,11,52,1110.2,0.53,1,90.393
26616,00026616.jpg,1785610196224152320,9.915,89.676,0.324,13,62,1160.4,0.5,1,90.324
26617,00026617.jpg,1785610196257102080,9.913,89.747,0.253,14,62,1189.5,0.48,1,90.253
26618,00026618.jpg,1785610196290442240,9.912,89.904,0.096,14,67,1189.5,0.55,1,90.096
26619,00026619.jpg,1785610196324122880,9.913,89.66,0.34,14,61,1174.3,0.6,1,90.34
26620,00026620.jpg,1785610196358443264,9.914,89.656,0.344,12,59,1214.1,0.46,1,90.344
26621,00026621.jpg,1785610196390536704,9.915,89.867,0.133,17,72,1258.6,0.6,1,90.133
26622,00026622.jpg,1785610196424471552,9.916,0.022,89.978,14,57,1263.8,0.58,1,89.978
26623,00026623.jpg,1785610196457369856,9.916,89.727,0.273,15,62,1270.3,0.7,1,90.273
26624,00026624.jpg,1785610196491259392,9.919,89.713,0.287,16,63,1302.2,0.48,1,90.287
26625,00026625.jpg,1785610196524753920,9.923,89.851,0.149,14,63,1311.5,0.58,1,90.149
26626,00026626.jpg,1785610196557883392,9.94,89.131,0.869,15,55,1300.3,0.96,1,90.869
26627,00026627.jpg,1785610196590084096,9.973,88.568,1.432,12,52,1283.1,1.3,1,91.432
26628,00026628.jpg,1785610196623182848,9.984,87.937,2.063,18,68,1316.3,2.33,1,92.063
26629,00026629.jpg,1785610196658009600,9.952,89.396,0.604,12,57,1220.8,1.06,1,90.604
26630,00026630.jpg,1785610196690780416,9.972,89.846,0.154,13,56,1259.3,0.63,1,90.154
26631,00026631.jpg,1785610196725713920,9.977,89.797,0.203,12,54,1260.8,0.45,1,90.203
26632,00026632.jpg,1785610196757268480,9.986,0.058,89.942,12,55,1277.3,0.51,1,89.942
26633,00026633.jpg,1785610196790367488,9.967,0.178,89.822,12,61,1305.5,0.52,1,89.822
26634,00026634.jpg,1785610196824064256,9.948,0.044,89.956,12,57,1329.1,0.36,1,89.956
26635,00026635.jpg,1785610196857795584,9.925,89.951,0.049,12,60,1326.5,0.6,1,90.049
26636,00026636.jpg,1785610196890993920,9.917,0.124,89.876,12,62,1358.3,0.46,1,89.876
26637,00026637.jpg,1785610196924010496,9.918,0.541,89.459,13,57,1373.6,0.59,1,89.459
26638,00026638.jpg,1785610196957316096,9.916,0.172,89.828,14,61,1392.5,0.39,1,89.828
26639,00026639.jpg,1785610196991103744,9.915,0.294,89.706,14,57,1428.3,0.42,1,89.706
26640,00026640.jpg,1785610197024074496,9.918,0.276,89.724,13,61,1433.8,0.4,1,89.724
26641,00026641.jpg,1785610197056518912,9.918,0.112,89.888,14,58,1473.8,0.45,1,89.888
26642,00026642.jpg,1785610197090211328,9.926,0.182,89.818,16,62,1510.5,0.58,1,89.818
26643,00026643.jpg,1785610197123936256,9.929,89.886,0.114,14,60,1540.0,0.64,1,90.114
26644,00026644.jpg,1785610197157756672,9.959,89.843,0.157,14,56,1532.1,0.62,1,90.157
26645,00026645.jpg,1785610197191582464,10.008,89.495,0.505,13,59,1560.0,1.06,1,90.505
26646,00026646.jpg,1785610197223946240,10.012,89.059,0.941,16,62,1558.2,0.96,1,90.941
26647,00026647.jpg,1785610197257517824,10.028,89.384,0.616,14,61,1597.1,0.84,1,90.616
26648,00026648.jpg,1785610197290970368,9.543,89.154,0.846,13,68,1592.1,0.96,1,90.846
26649,00026649.jpg,1785610197323227392,9.127,89.65,0.35,14,65,1590.5,0.75,1,90.35
26650,00026650.jpg,1785610197356631296,9.919,0.502,89.498,15,61,1556.3,0.4,1,89.498
26651,00026651.jpg,1785610197390165504,10.086,0.792,89.208,17,60,1549.0,0.73,1,89.208
26652,00026652.jpg,1785610197423804416,10.138,0.689,89.311,14,57,1524.1,1.03,1,89.311
26653,00026653.jpg,1785610197457874688,10.141,0.551,89.449,12,56,1526.0,0.99,1,89.449
26654,00026654.jpg,1785610197490331392,10.061,0.812,89.188,15,58,1537.8,1.1,1,89.188
26655,00026655.jpg,1785610197525231616,9.97,0.842,89.158,14,56,1552.6,1.09,1,89.158
26656,00026656.jpg,1785610197557822208,9.909,0.86,89.14,15,56,1566.5,0.98,1,89.14
26657,00026657.jpg,1785610197591025664,9.89,0.875,89.125,13,60,1588.9,0.85,1,89.125
26658,00026658.jpg,1785610197623940864,9.89,0.598,89.402,15,57,1597.1,0.86,1,89.402
26659,00026659.jpg,1785610197656538624,9.897,0.902,89.098,15,57,1616.2,1.02,1,89.098
26660,00026660.jpg,1785610197689822464,9.932,0.567,89.433,15,61,1648.7,0.71,1,89.433
26661,00026661.jpg,1785610197723174144,9.932,0.889,89.111,13,57,1633.4,0.82,1,89.111
26662,00026662.jpg,1785610197758697984,10.062,0.468,89.532,14,60,1676.2,0.45,1,89.532
26663,00026663.jpg,1785610197790610176,10.023,0.019,89.981,14,62,1704.1,0.33,1,89.981
26664,00026664.jpg,1785610197823711488,10.058,0.498,89.502,14,59,1656.2,0.63,1,89.502
26665,00026665.jpg,1785610197857636096,10.134,0.962,89.038,15,59,1604.3,1.05,1,89.038
26666,00026666.jpg,1785610197889921024,10.166,1.178,88.822,15,60,1588.8,1.11,1,88.822
26667,00026667.jpg,1785610197924295936,10.163,0.826,89.174,16,52,1562.7,1.0,1,89.174
26668,00026668.jpg,1785610197957600000,10.106,0.631,89.369,18,55,1577.6,0.88,1,89.369
26669,00026669.jpg,1785610197990481920,9.978,1.034,88.966,11,55,1565.9,1.33,1,88.966
26670,00026670.jpg,1785610198024590848,9.94,0.993,89.007,17,55,1573.4,1.15,1,89.007
26671,00026671.jpg,1785610198056577024,9.895,1.041,88.959,13,53,1567.7,1.26,1,88.959
26672,00026672.jpg,1785610198090048000,9.87,1.046,88.954,15,53,1573.8,1.19,1,88.954
26673,00026673.jpg,1785610198124701184,9.882,1.167,88.833,12,52,1565.5,1.31,1,88.833
26674,00026674.jpg,1785610198157760256,9.88,0.532,89.468,11,52,1575.7,1.37,1,89.468
26675,00026675.jpg,1785610198190315776,9.879,1.052,88.948,11,52,1577.8,1.14,1,88.948
26676,00026676.jpg,1785610198223101696,9.889,1.146,88.854,14,53,1588.4,1.23,1,88.854
26677,00026677.jpg,1785610198259695104,9.891,1.059,88.941,13,54,1586.6,1.25,1,88.941
26678,00026678.jpg,1785610198274317312,9.891,1.055,88.945,15,54,1571.9,1.25,1,88.945
26679,00026679.jpg,1785610198323273472,9.896,0.531,89.469,15,53,1585.5,0.85,1,89.469
26680,00026680.jpg,1785610198357033728,9.897,1.098,88.902,12,52,1563.8,1.27,1,88.902
26681,00026681.jpg,1785610198389783296,9.898,1.029,88.971,13,56,1569.3,1.11,1,88.971
26682,00026682.jpg,1785610198423269888,9.899,1.081,88.919,12,52,1566.2,1.23,1,88.919
26683,00026683.jpg,1785610198457215744,9.908,1.08,88.92,13,54,1561.1,1.16,1,88.92
26684,00026684.jpg,1785610198490012672,9.943,1.087,88.913,13,52,1545.7,1.16,1,88.913
26685,00026685.jpg,1785610198524179712,9.938,1.216,88.784,15,54,1564.5,1.22,1,88.784
26686,00026686.jpg,1785610198557840128,10.013,2.37,87.63,14,53,1558.5,1.02,1,87.63
26687,00026687.jpg,1785610198590454272,10.101,3.743,86.257,16,58,1570.5,1.11,1,86.257
26688,00026688.jpg,1785610198625471488,9.958,5.679,84.321,15,54,1580.4,1.14,1,84.321
26689,00026689.jpg,1785610198657813248,9.919,8.288,81.712,13,59,1597.2,0.98,1,81.712
26690,00026690.jpg,1785610198690440448,9.934,11.024,78.976,12,58,1556.9,0.93,1,78.976
26691,00026691.jpg,1785610198724025088,9.95,13.195,76.805,17,59,1520.7,0.89,1,76.805
26692,00026692.jpg,1785610198757719552,9.945,15.238,74.762,13,57,1484.3,0.91,1,74.762
26693,00026693.jpg,1785610198791001344,9.939,18.128,71.872,16,57,1476.2,1.03,1,71.872
26694,00026694.jpg,1785610198822993920,9.938,20.867,69.133,15,60,1479.5,0.9,1,69.133
26695,00026695.jpg,1785610198856624128,9.939,22.983,67.017,18,66,1483.0,1.03,1,67.017
26696,00026696.jpg,1785610198889980928,9.939,25.41,64.59,16,59,1419.0,1.28,1,64.59
26697,00026697.jpg,1785610198924079872,9.914,27.084,62.916,18,56,1383.6,1.37,1,62.916
26698,00026698.jpg,1785610198957731584,9.905,29.71,60.29,20,61,1358.9,0.99,1,60.29
26699,00026699.jpg,1785610198991204608,9.919,31.2,58.8,20,61,1258.7,0.78,1,58.8
26700,00026700.jpg,1785610199024395776,9.889,32.392,57.608,22,57,1216.0,0.93,1,57.608
26701,00026701.jpg,1785610199056302080,9.889,32.789,57.211,22,56,1202.1,1.19,1,57.211
26702,00026702.jpg,1785610199090174208,9.892,33.115,56.885,24,58,1205.3,1.0,1,56.885
26703,00026703.jpg,1785610199123394816,9.887,33.073,56.927,21,59,1208.7,0.91,1,56.927
26704,00026704.jpg,1785610199156414208,9.887,33.061,56.939,21,56,1214.5,0.89,1,56.939
26705,00026705.jpg,1785610199191102976,9.886,32.91,57.09,21,63,1227.2,0.97,1,57.09
26706,00026706.jpg,1785610199223911680,9.886,33.215,56.785,20,60,1224.4,0.87,1,56.785
26707,00026707.jpg,1785610199259321600,9.887,33.007,56.993,21,61,1219.9,1.06,1,56.993
26708,00026708.jpg,1785610199273654016,9.891,32.865,57.135,21,58,1201.9,1.11,1,57.135
26709,00026709.jpg,1785610199324141568,9.901,32.45,57.55,19,60,1237.9,1.35,1,57.55
26710,00026710.jpg,1785610199357412096,9.936,32.389,57.611,20,59,1244.3,1.85,1,57.611
26711,00026711.jpg,1785610199390163968,9.762,31.719,58.281,20,60,1235.3,2.51,1,58.281
26712,00026712.jpg,1785610199425440256,9.346,32.15,57.85,22,60,1258.7,1.53,1,57.85
26713,00026713.jpg,1785610199457732096,7.909,33.277,56.723,21,60,1283.8,0.89,1,56.723
26714,00026714.jpg,1785610199490032640,6.008,33.729,56.271,20,57,1266.0,0.8,1,56.271
26715,00026715.jpg,1785610199523140608,5.211,33.816,56.184,20,60,1271.9,0.54,1,56.184
26716,00026716.jpg,1785610199556309760,3.873,33.819,56.181,20,60,1273.0,0.43,1,56.181
26717,00026717.jpg,1785610199589931520,2.539,33.61,56.39,20,59,1266.0,0.71,1,56.39
26718,00026718.jpg,1785610199624759552,2.404,33.762,56.238,18,60,1263.3,0.67,1,56.238
26719,00026719.jpg,1785610199656953344,2.413,33.4,56.6,19,56,1268.5,1.04,1,56.6
26720,00026720.jpg,1785610199690059520,6.358,33.494,56.506,19,60,1276.4,0.71,1,56.506
26721,00026721.jpg,1785610199724486144,8.314,33.442,56.558,19,63,1282.6,0.63,1,56.558
26722,00026722.jpg,1785610199757355264,9.215,33.541,56.459,21,67,1303.1,0.58,1,56.459
26723,00026723.jpg,1785610199790259200,9.607,33.395,56.605,21,62,1284.5,0.75,1,56.605
26724,00026724.jpg,1785610199823004672,9.773,33.339,56.661,18,63,1301.2,0.65,1,56.661
26725,00026725.jpg,1785610199857532928,9.842,33.266,56.734,20,62,1299.0,0.79,1,56.734
26726,00026726.jpg,1785610199893303296,9.87,33.37,56.63,21,63,1305.2,0.54,1,56.63
26727,00026727.jpg,1785610199923560192,9.881,33.228,56.772,21,61,1307.6,0.95,1,56.772
26728,00026728.jpg,1785610199957808640,9.885,33.231,56.769,21,62,1307.6,0.79,1,56.769
26729,00026729.jpg,1785610199990227456,9.887,33.285,56.715,19,59,1301.2,0.76,1,56.715
26730,00026730.jpg,1785610200024392960,9.888,33.243,56.757,20,63,1305.5,0.75,1,56.757
26731,00026731.jpg,1785610200057212160,9.888,32.896,57.104,20,61,1339.9,1.02,1,57.104
26732,00026732.jpg,1785610200089912320,9.887,33.316,56.684,21,64,1326.1,0.65,1,56.684
26733,00026733.jpg,1785610200124487936,9.887,33.264,56.736,19,62,1341.4,0.66,1,56.736
26734,00026734.jpg,1785610200157681408,9.887,33.21,56.79,21,65,1332.6,0.68,1,56.79
26735,00026735.jpg,1785610200190104832,9.887,33.283,56.717,20,62,1352.7,0.99,1,56.717
26736,00026736.jpg,1785610200224026880,9.887,33.555,56.445,19,62,1366.4,0.55,1,56.445
26737,00026737.jpg,1785610200256448512,9.887,33.317,56.683,20,69,1398.1,0.71,1,56.683
26738,00026738.jpg,1785610200290318848,9.887,33.115,56.885,19,62,1385.6,0.45,1,56.885
26739,00026739.jpg,1785610200323871488,9.887,33.176,56.824,21,62,1390.6,0.86,1,56.824
26740,00026740.jpg,1785610200357434624,9.887,33.359,56.641,21,67,1402.0,0.62,1,56.641
26741,00026741.jpg,1785610200389800704,9.887,33.185,56.815,20,63,1401.9,0.57,1,56.815
26742,00026742.jpg,1785610200424160512,9.887,33.137,56.863,21,64,1419.6,0.56,1,56.863
26743,00026743.jpg,1785610200457241088,9.887,33.103,56.897,22,61,1409.4,0.55,1,56.897
26744,00026744.jpg,1785610200491108096,9.887,33.04,56.96,21,66,1428.4,0.7,1,56.96
26745,00026745.jpg,1785610200524519680,9.886,32.962,57.038,21,61,1399.2,0.6,1,57.038
26746,00026746.jpg,1785610200557001216,9.894,32.872,57.128,21,68,1442.9,0.51,1,57.128
26747,00026747.jpg,1785610200590384896,9.888,32.635,57.365,22,67,1421.7,0.77,1,57.365
26748,00026748.jpg,1785610200624163584,9.888,32.924,57.076,21,66,1420.9,0.72,1,57.076
26749,00026749.jpg,1785610200657362688,9.89,33.216,56.784,20,66,1425.4,0.84,1,56.784
26750,00026750.jpg,1785610200690388736,9.888,33.149,56.851,18,62,1420.7,0.69,1,56.851
26751,00026751.jpg,1785610200722968320,9.888,33.116,56.884,20,67,1448.0,0.91,1,56.884
26752,00026752.jpg,1785610200756709120,9.887,33.318,56.682,19,64,1459.2,0.64,1,56.682
26753,00026753.jpg,1785610200790059008,9.886,33.013,56.987,19,65,1481.4,0.8,1,56.987
26754,00026754.jpg,1785610200824191488,9.886,32.833,57.167,21,69,1502.7,0.73,1,57.167
26755,00026755.jpg,1785610200857497088,9.887,32.949,57.051,22,71,1522.9,0.59,1,57.051
26756,00026756.jpg,1785610200890773504,9.9,32.86,57.14,20,66,1501.0,0.68,1,57.14
26757,00026757.jpg,1785610200924416000,9.9,32.666,57.334,21,71,1498.2,0.7,1,57.334
26758,00026758.jpg,1785610200956283392,9.892,32.27,57.73,21,65,1459.1,0.96,1,57.73
26759,00026759.jpg,1785610200990066176,9.902,33.171,56.829,20,69,1458.4,0.63,1,56.829
26760,00026760.jpg,1785610201024825856,9.901,33.042,56.958,21,69,1468.1,0.76,1,56.958
26761,00026761.jpg,1785610201039523328,9.904,33.41,56.59,20,66,1449.7,0.84,1,56.59
26762,00026762.jpg,1785610201090295808,9.899,33.471,56.529,22,71,1488.3,0.78,1,56.529
26763,00026763.jpg,1785610201123590912,9.893,33.358,56.642,19,71,1520.1,0.51,1,56.642
26764,00026764.jpg,1785610201156441600,9.887,33.086,56.914,20,74,1482.0,0.6,1,56.914
26765,00026765.jpg,1785610201190743296,9.885,33.142,56.858,22,76,1534.7,0.64,1,56.858
26766,00026766.jpg,1785610201222918656,9.886,33.051,56.949,22,79,1525.7,0.58,1,56.949
26767,00026767.jpg,1785610201256282624,9.9,33.522,56.478,23,77,1534.9,0.77,1,56.478
26768,00026768.jpg,1785610201290151680,9.89,33.447,56.553,21,73,1503.6,1.15,1,56.553
26769,00026769.jpg,1785610201323716608,9.893,33.16,56.84,22,75,1474.1,1.08,1,56.84
26770,00026770.jpg,1785610201356997376,9.899,33.075,56.925,22,68,1430.2,0.86,1,56.925
26771,00026771.jpg,1785610201389723904,9.895,33.146,56.854,22,69,1446.8,0.8,1,56.854
26772,00026772.jpg,1785610201423237376,9.894,33.203,56.797,21,73,1465.7,0.88,1,56.797
26773,00026773.jpg,1785610201456444928,10.044,32.864,57.136,21,68,1471.0,0.88,1,57.136
26774,00026774.jpg,1785610201489744128,10.572,33.05,56.95,21,74,1476.6,0.85,1,56.95
26775,00026775.jpg,1785610201525980416,11.184,33.017,56.983,22,72,1494.1,0.68,1,56.983
26776,00026776.jpg,1785610201556232192,12.069,32.975,57.025,21,67,1466.2,0.71,1,57.025
26777,00026777.jpg,1785610201590696704,13.046,33.089,56.911,22,72,1479.2,0.66,1,56.911
26778,00026778.jpg,1785610201623866880,13.648,32.767,57.233,21,76,1477.2,0.73,1,57.233
26779,00026779.jpg,1785610201657055488,11.078,32.921,57.079,21,73,1474.0,1.0,1,57.079
26780,00026780.jpg,1785610201689995008,7.236,32.937,57.063,23,69,1468.8,0.85,1,57.063
26781,00026781.jpg,1785610201723464704,7.458,33.106,56.894,21,70,1461.5,0.77,1,56.894
26782,00026782.jpg,1785610201756781824,8.317,32.777,57.223,22,75,1492.7,0.72,1,57.223
26783,00026783.jpg,1785610201790013696,8.996,32.919,57.081,22,74,1498.6,0.76,1,57.081
26784,00026784.jpg,1785610201824184576,9.414,32.872,57.128,21,69,1431.1,0.73,1,57.128
26785,00026785.jpg,1785610201857314304,10.046,32.737,57.263,19,68,1442.6,0.82,1,57.263
26786,00026786.jpg,1785610201890288128,10.401,33.09,56.91,21,72,1437.2,0.96,1,56.91
26787,00026787.jpg,1785610201923688960,11.056,32.983,57.017,21,75,1465.9,0.75,1,57.017
26788,00026788.jpg,1785610201956855808,12.05,32.723,57.277,20,70,1439.3,0.77,1,57.277
26789,00026789.jpg,1785610201989729024,13.234,32.928,57.072,17,66,1381.1,1.14,1,57.072
26790,00026790.jpg,1785610202026051584,14.165,33.42,56.58,17,65,1317.1,1.22,1,56.58
26791,00026791.jpg,1785610202040235008,14.532,33.141,56.859,20,68,1298.6,1.31,1,56.859
26792,00026792.jpg,1785610202090928128,11.385,33.926,56.074,19,59,1174.1,1.95,1,56.074
26793,00026793.jpg,1785610202123459584,6.624,33.388,56.612,15,56,1074.2,2.0,1,56.612
26794,00026794.jpg,1785610202157278976,7.135,33.094,56.906,14,53,996.8,1.99,1,56.906
26795,00026795.jpg,1785610202190875904,8.499,33.202,56.798,13,48,908.7,1.83,1,56.798
26796,00026796.jpg,1785610202222879232,9.501,33.194,56.806,14,49,767.6,1.98,1,56.806
26797,00026797.jpg,1785610202256687616,10.31,33.292,56.708,14,44,645.6,2.17,1,56.708
26798,00026798.jpg,1785610202289623040,10.62,33.008,56.992,14,42,563.5,1.71,1,56.992
26799,00026799.jpg,1785610202323935232,10.776,32.77,57.23,12,37,474.7,1.19,1,57.23
26800,00026800.jpg,1785610202357544704,10.956,32.504,57.496,12,35,396.0,1.06,1,57.496
26801,00026801.jpg,1785610202390384384,11.119,32.579,57.421,14,39,372.4,1.01,1,57.421
26802,00026802.jpg,1785610202423923200,11.119,31.851,58.149,16,39,443.5,1.01,1,58.149
26803,00026803.jpg,1785610202457594880,11.146,32.375,57.625,13,38,476.2,0.63,1,57.625
26804,00026804.jpg,1785610202490262528,11.468,32.156,57.844,12,37,531.6,1.22,1,57.844
26805,00026805.jpg,1785610202524459264,11.941,32.011,57.989,14,42,625.6,0.99,1,57.989
26806,00026806.jpg,1785610202556534784,12.771,32.387,57.613,12,42,658.2,0.95,1,57.613
26807,00026807.jpg,1785610202589875456,13.939,32.213,57.787,14,47,779.5,1.02,1,57.787
26808,00026808.jpg,1785610202622984448,14.899,32.422,57.578,14,51,902.5,0.72,1,57.578
26809,00026809.jpg,1785610202657109760,16.116,32.541,57.459,15,54,960.1,0.82,1,57.459
26810,00026810.jpg,1785610202689830912,17.507,32.43,57.57,16,58,1012.9,0.61,1,57.57
26811,00026811.jpg,1785610202723009536,18.528,32.369,57.631,15,56,1030.6,0.39,1,57.631
26812,00026812.jpg,1785610202756629504,19.559,32.565,57.435,15,56,1038.9,0.47,1,57.435
26813,00026813.jpg,1785610202790107392,20.201,32.478,57.522,16,55,1101.5,0.79,1,57.522
26814,00026814.jpg,1785610202823409664,11.08,32.54,57.46,15,57,1121.4,0.62,1,57.46
26815,00026815.jpg,1785610202856707584,2.708,32.348,57.652,16,57,1146.1,0.66,1,57.652
26816,00026816.jpg,1785610202891177728,3.69,32.264,57.736,15,57,1151.4,0.6,1,57.736
26817,00026817.jpg,1785610202922915840,5.945,32.434,57.566,14,56,1181.2,0.56,1,57.566
26818,00026818.jpg,1785610202957413120,7.627,32.468,57.532,15,55,1195.5,0.54,1,57.532
26819,00026819.jpg,1785610202990410240,8.651,32.392,57.608,17,61,1242.3,0.69,1,57.608
26820,00026820.jpg,1785610203023281920,9.215,32.52,57.48,20,62,1245.8,0.42,1,57.48
26821,00026821.jpg,1785610203056165376,9.502,32.514,57.486,19,66,1322.4,0.53,1,57.486
26822,00026822.jpg,1785610203089447168,9.654,32.393,57.607,15,55,1192.9,0.53,1,57.607
26823,00026823.jpg,1785610203122699008,9.728,32.212,57.788,18,67,1295.3,0.4,1,57.788
26824,00026824.jpg,1785610203156585472,9.787,31.995,58.005,22,69,1285.4,0.73,1,58.005
26825,00026825.jpg,1785610203190703872,9.863,31.485,58.515,20,66,1269.0,0.96,1,58.515
26826,00026826.jpg,1785610203223414272,9.886,31.293,58.707,18,68,1274.5,1.35,1,58.707
26827,00026827.jpg,1785610203256192512,9.9,30.93,59.07,17,60,1214.2,1.45,1,59.07
26828,00026828.jpg,1785610203290922496,9.956,31.188,58.812,17,58,1227.9,0.89,1,58.812
26829,00026829.jpg,1785610203323615744,10.019,31.328,58.672,16,63,1215.5,0.9,1,58.672
26830,00026830.jpg,1785610203357531392,10.128,31.309,58.691,16,70,1229.6,1.11,1,58.691
26831,00026831.jpg,1785610203389896192,10.23,32.537,57.463,17,73,1315.6,0.74,1,57.463
26832,00026832.jpg,1785610203422890240,10.316,33.086,56.914,19,77,1322.2,0.81,1,56.914
26833,00026833.jpg,1785610203456813824,10.402,33.444,56.556,15,74,1322.7,1.11,1,56.556
26834,00026834.jpg,1785610203489758976,10.384,34.114,55.886,19,75,1335.3,1.7,1,55.886
26835,00026835.jpg,1785610203522646784,10.3,33.992,56.008,16,65,1308.2,1.57,1,56.008
26836,00026836.jpg,1785610203556657408,10.044,34.724,55.276,21,81,1384.8,1.78,1,55.276
26837,00026837.jpg,1785610203589379072,9.813,34.09,55.91,19,70,1274.7,1.72,1,55.91
26838,00026838.jpg,1785610203625107712,9.774,34.075,55.925,22,79,1328.1,1.71,1,55.925
26839,00026839.jpg,1785610203658661376,9.687,34.183,55.817,20,74,1311.6,1.78,1,55.817
26840,00026840.jpg,1785610203673624064,9.68,34.297,55.703,20,75,1331.1,1.89,1,55.703
26841,00026841.jpg,1785610203723348992,9.716,34.198,55.802,20,74,1332.3,1.76,1,55.802
26842,00026842.jpg,1785610203756828160,9.706,34.136,55.864,19,67,1349.1,1.76,1,55.864
26843,00026843.jpg,1785610203789840896,9.717,33.419,56.581,19,73,1366.6,1.36,1,56.581
26844,00026844.jpg,1785610203822823168,9.736,33.576,56.424,20,71,1344.0,1.26,1,56.424
26845,00026845.jpg,1785610203857174016,9.747,33.495,56.505,17,71,1345.8,1.53,1,56.505
26846,00026846.jpg,1785610203890133248,9.754,33.62,56.38,19,70,1359.5,1.34,1,56.38
26847,00026847.jpg,1785610203922695936,9.765,33.683,56.317,16,65,1342.8,1.47,1,56.317
26848,00026848.jpg,1785610203957267200,9.769,33.759,56.241,18,70,1394.9,1.46,1,56.241
26849,00026849.jpg,1785610203990202368,9.772,33.292,56.708,18,78,1419.8,1.32,1,56.708
26850,00026850.jpg,1785610204026366208,9.777,33.655,56.345,17,71,1404.1,1.55,1,56.345
26851,00026851.jpg,1785610204039439360,9.778,33.565,56.435,18,70,1403.5,1.28,1,56.435
26852,00026852.jpg,1785610204089984000,9.781,33.788,56.212,17,70,1414.4,1.4,1,56.212
26853,00026853.jpg,1785610204122877184,9.783,33.397,56.603,19,73,1468.3,1.26,1,56.603
26854,00026854.jpg,1785610204156258560,9.785,33.917,56.083,17,70,1441.2,1.65,1,56.083
26855,00026855.jpg,1785610204190170624,9.636,33.683,56.317,18,67,1463.8,1.29,1,56.317
26856,00026856.jpg,1785610204222932736,9.24,33.579,56.421,18,67,1469.6,1.34,1,56.421
26857,00026857.jpg,1785610204256151296,7.795,33.882,56.118,16,70,1480.4,1.2,1,56.118
26858,00026858.jpg,1785610204290061568,6.046,33.454,56.546,18,66,1462.0,1.35,1,56.546
26859,00026859.jpg,1785610204323749632,5.65,33.549,56.451,17,69,1463.5,1.39,1,56.451
26860,00026860.jpg,1785610204357455872,5.668,33.443,56.557,16,70,1447.1,1.75,1,56.557
26861,00026861.jpg,1785610204390836224,8.744,34.146,55.854,16,69,1412.6,1.64,1,55.854
26862,00026862.jpg,1785610204423728896,9.402,33.29,56.71,19,70,1427.9,1.04,1,56.71
26863,00026863.jpg,1785610204457225216,9.693,33.66,56.34,17,68,1425.3,1.24,1,56.34
26864,00026864.jpg,1785610204489731328,9.815,33.719,56.281,17,70,1437.6,1.48,1,56.281
26865,00026865.jpg,1785610204523082496,9.866,33.6,56.4,17,70,1450.9,1.29,1,56.4
26866,00026866.jpg,1785610204556350464,9.887,33.605,56.395,19,72,1468.9,1.24,1,56.395
26867,00026867.jpg,1785610204589864704,9.895,33.346,56.654,20,74,1494.0,1.45,1,56.654
26868,00026868.jpg,1785610204623622656,9.898,33.417,56.583,20,73,1470.6,1.23,1,56.583
26869,00026869.jpg,1785610204656559616,9.899,33.907,56.093,19,68,1481.1,1.3,1,56.093
26870,00026870.jpg,1785610204689832704,9.901,33.712,56.288,19,75,1519.7,1.42,1,56.288
26871,00026871.jpg,1785610204723071488,9.905,33.585,56.415,19,69,1492.4,1.28,1,56.415
26872,00026872.jpg,1785610204756799744,9.923,33.973,56.027,17,69,1517.4,1.48,1,56.027
26873,00026873.jpg,1785610204790591232,9.957,34.025,55.975,17,69,1495.3,1.45,1,55.975
26874,00026874.jpg,1785610204823614464,9.973,34.582,55.418,17,67,1557.8,1.68,1,55.418
26875,00026875.jpg,1785610204855990784,9.955,35.051,54.949,18,70,1552.6,1.95,1,54.949
26876,00026876.jpg,1785610204892254464,9.997,33.827,56.173,21,71,1552.9,1.41,1,56.173
26877,00026877.jpg,1785610204908061184,9.998,34.324,55.676,24,75,1587.1,1.54,1,55.676
26878,00026878.jpg,1785610204957033984,10.031,33.551,56.449,23,77,1592.4,1.08,1,56.449
26879,00026879.jpg,1785610204989924096,10.029,33.295,56.705,21,78,1591.9,0.99,1,56.705
26880,00026880.jpg,1785610205023032832,10.001,32.922,57.078,21,73,1583.3,0.65,1,57.078
26881,00026881.jpg,1785610205056397312,9.463,33.261,56.739,19,75,1597.4,0.97,1,56.739
26882,00026882.jpg,1785610205089855744,7.972,33.159,56.841,21,71,1582.2,0.64,1,56.841
26883,00026883.jpg,1785610205125138432,6.975,33.264,56.736,18,71,1587.1,0.92,1,56.736
26884,00026884.jpg,1785610205156164864,5.851,33.195,56.805,18,71,1576.6,0.92,1,56.805
26885,00026885.jpg,1785610205189463552,5.719,33.257,56.743,19,69,1578.1,0.94,1,56.743
26886,00026886.jpg,1785610205222662400,8.262,33.507,56.493,17,68,1568.0,1.03,1,56.493
26887,00026887.jpg,1785610205257584896,9.199,33.056,56.944,19,71,1584.9,0.87,1,56.944
26888,00026888.jpg,1785610205289576192,9.394,32.925,57.075,18,71,1582.2,0.95,1,57.075
26889,00026889.jpg,1785610205322724352,9.757,33.04,56.96,19,71,1573.6,1.17,1,56.96
26890,00026890.jpg,1785610205356887552,9.841,33.606,56.394,18,70,1580.2,1.15,1,56.394
26891,00026891.jpg,1785610205389793024,9.903,34.253,55.747,20,70,1567.3,1.29,1,55.747
26892,00026892.jpg,1785610205425450496,9.921,34.488,55.512,21,77,1611.7,1.32,1,55.512
26893,00026893.jpg,1785610205456085760,10.023,34.255,55.745,20,75,1562.5,1.49,1,55.745
26894,00026894.jpg,1785610205490027264,10.02,34.498,55.502,20,88,1647.5,1.4,1,55.502
26895,00026895.jpg,1785610205523136512,10.074,34.574,55.426,18,86,1689.6,1.76,1,55.426
26896,00026896.jpg,1785610205556774912,10.136,34.16,55.84,20,95,1748.4,1.41,1,55.84
26897,00026897.jpg,1785610205590003200,10.276,33.347,56.653,21,90,1745.8,1.03,1,56.653
26898,00026898.jpg,1785610205624903936,10.339,32.879,57.121,20,84,1696.6,0.61,1,57.121
26899,00026899.jpg,1785610205657340416,10.392,32.269,57.731,23,88,1730.5,0.63,1,57.731
26900,00026900.jpg,1785610205689706496,10.368,32.264,57.736,20,82,1690.5,0.51,1,57.736
26901,00026901.jpg,1785610205723003392,10.208,32.322,57.678,20,94,1736.6,0.44,1,57.678
26902,00026902.jpg,1785610205756584192,10.022,31.638,58.362,20,82,1694.1,0.45,1,58.362
26903,00026903.jpg,1785610205789827584,9.908,31.665,58.335,17,88,1700.3,0.71,1,58.335
26904,00026904.jpg,1785610205822793728,9.895,32.008,57.992,18,84,1668.5,0.67,1,57.992
26905,00026905.jpg,1785610205856093184,9.838,31.938,58.062,19,84,1627.9,0.51,1,58.062
26906,00026906.jpg,1785610205889752576,9.83,32.102,57.898,22,93,1643.8,0.58,1,57.898
26907,00026907.jpg,1785610205922755328,9.854,32.102,57.898,20,88,1629.3,0.82,1,57.898
26908,00026908.jpg,1785610205955946752,9.848,32.075,57.925,20,81,1599.7,0.4,1,57.925
26909,00026909.jpg,1785610205992404224,9.855,31.829,58.171,22,83,1602.0,0.49,1,58.171
26910,00026910.jpg,1785610206023362048,9.869,31.944,58.056,20,75,1565.4,0.43,1,58.056
26911,00026911.jpg,1785610206056167424,9.958,31.923,58.077,24,77,1572.5,0.55,1,58.077
26912,00026912.jpg,1785610206089414912,10.279,32.029,57.971,21,73,1568.9,0.72,1,57.971
26913,00026913.jpg,1785610206125053952,10.716,31.903,58.097,22,79,1578.9,0.49,1,58.097
26914,00026914.jpg,1785610206156691456,11.525,31.934,58.066,24,75,1569.6,0.47,1,58.066
26915,00026915.jpg,1785610206189447424,12.255,32.071,57.929,24,78,1583.6,0.68,1,57.929
26916,00026916.jpg,1785610206223711744,12.656,32.185,57.815,21,73,1560.0,0.83,1,57.815
26917,00026917.jpg,1785610206256162560,9.067,32.033,57.967,21,71,1547.1,0.63,1,57.967
26918,00026918.jpg,1785610206289772288,7.998,32.385,57.615,22,70,1598.2,0.57,1,57.615
26919,00026919.jpg,1785610206322878720,8.452,31.893,58.107,20,71,1586.9,0.47,1,58.107
26920,00026920.jpg,1785610206358156032,9.048,31.79,58.21,20,68,1534.3,0.6,1,58.21
26921,00026921.jpg,1785610206389690112,9.446,31.754,58.246,19,71,1556.2,0.55,1,58.246
26922,00026922.jpg,1785610206422537216,9.649,31.852,58.148,18,68,1575.2,0.72,1,58.148
26923,00026923.jpg,1785610206456028416,9.794,31.845,58.155,18,70,1555.1,0.75,1,58.155
26924,00026924.jpg,1785610206489568000,9.861,32.208,57.792,18,68,1539.0,0.55,1,57.792
26925,00026925.jpg,1785610206524940032,9.883,32.447,57.553,17,66,1549.2,0.66,1,57.553
26926,00026926.jpg,1785610206556626432,9.887,32.693,57.307,19,70,1562.1,0.63,1,57.307
26927,00026927.jpg,1785610206589765376,9.887,32.377,57.623,17,69,1550.0,0.71,1,57.623
26928,00026928.jpg,1785610206622594560,9.89,32.241,57.759,20,73,1566.5,0.6,1,57.759
26929,00026929.jpg,1785610206657266688,9.902,32.254,57.746,18,70,1539.6,0.63,1,57.746
26930,00026930.jpg,1785610206690163712,9.923,32.19,57.81,17,69,1493.3,0.94,1,57.81
26931,00026931.jpg,1785610206722849536,9.928,32.522,57.478,18,68,1438.4,1.13,1,57.478
26932,00026932.jpg,1785610206756914944,10.024,32.654,57.346,18,68,1313.7,1.46,1,57.346
26933,00026933.jpg,1785610206789858048,10.138,32.483,57.517,18,65,1181.9,1.76,1,57.517
26934,00026934.jpg,1785610206822987008,10.406,32.063,57.937,17,59,1086.7,1.65,1,57.937
26935,00026935.jpg,1785610206856272896,11.128,32.252,57.748,16,59,964.7,1.56,1,57.748
26936,00026936.jpg,1785610206889867776,12.102,31.932,58.068,17,58,931.2,2.11,1,58.068
26937,00026937.jpg,1785610206923619584,12.913,32.317,57.683,16,52,849.9,1.0,1,57.683
26938,00026938.jpg,1785610206956916736,13.651,32.156,57.844,16,52,800.7,0.79,1,57.844
26939,00026939.jpg,1785610206994083840,11.394,32.495,57.505,17,54,825.4,1.02,1,57.505
26940,00026940.jpg,1785610207005613056,9.363,31.993,58.007,19,57,810.4,1.17,1,58.007
26941,00026941.jpg,1785610207056269568,8.35,32.094,57.906,16,54,904.1,1.22,1,57.906
26942,00026942.jpg,1785610207090188800,8.843,32.231,57.769,18,59,937.2,1.09,1,57.769
26943,00026943.jpg,1785610207123752448,9.317,32.425,57.575,17,60,973.2,1.08,1,57.575
26944,00026944.jpg,1785610207156880896,9.505,32.474,57.526,19,65,1051.0,0.96,1,57.526
26945,00026945.jpg,1785610207189499392,9.648,32.271,57.729,19,62,1087.9,0.91,1,57.729
26946,00026946.jpg,1785610207222499328,9.771,31.973,58.027,19,63,1105.6,0.98,1,58.027
26947,00026947.jpg,1785610207256492032,9.802,32.353,57.647,19,66,1144.5,1.04,1,57.647
26948,00026948.jpg,1785610207289737472,10.162,32.303,57.697,17,60,1134.8,0.76,1,57.697
26949,00026949.jpg,1785610207323496192,10.432,32.388,57.612,18,66,1184.8,0.88,1,57.612
26950,00026950.jpg,1785610207358353152,11.158,32.541,57.459,18,64,1192.9,0.65,1,57.459
26951,00026951.jpg,1785610207389753600,12.137,32.37,57.63,20,64,1217.5,0.67,1,57.63
26952,00026952.jpg,1785610207422467072,12.976,32.242,57.758,19,65,1243.5,0.71,1,57.758
26953,00026953.jpg,1785610207455781376,14.013,32.432,57.568,21,65,1263.7,0.85,1,57.568
26954,00026954.jpg,1785610207489984512,14.868,32.387,57.613,19,69,1301.7,0.69,1,57.613
26955,00026955.jpg,1785610207523352832,15.292,32.273,57.727,18,70,1314.4,0.55,1,57.727
26956,00026956.jpg,1785610207556138496,7.634,32.296,57.704,22,76,1360.0,0.76,1,57.704
26957,00026957.jpg,1785610207589634560,5.984,32.167,57.833,19,68,1343.0,0.57,1,57.833
26958,00026958.jpg,1785610207623929600,7.017,32.348,57.652,20,74,1374.6,0.75,1,57.652
26959,00026959.jpg,1785610207656320000,8.165,32.315,57.685,18,71,1376.1,0.66,1,57.685
26960,00026960.jpg,1785610207689748736,8.935,32.42,57.58,20,73,1389.8,0.56,1,57.58
26961,00026961.jpg,1785610207723593216,9.381,32.372,57.628,19,76,1415.6,0.6,1,57.628
26962,00026962.jpg,1785610207757261312,9.619,32.455,57.545,21,75,1434.3,0.68,1,57.545
26963,00026963.jpg,1785610207789443072,9.74,32.428,57.572,19,74,1422.1,0.64,1,57.572
26964,00026964.jpg,1785610207822984448,9.801,32.47,57.53,22,78,1456.6,0.69,1,57.53
26965,00026965.jpg,1785610207856347136,9.831,32.222,57.778,21,76,1445.5,0.51,1,57.778
26966,00026966.jpg,1785610207889487360,9.857,31.825,58.175,19,76,1431.5,0.71,1,58.175
26967,00026967.jpg,1785610207922882816,9.864,31.844,58.156,19,70,1429.2,0.83,1,58.156
26968,00026968.jpg,1785610207956328448,9.862,31.961,58.039,23,77,1447.5,0.97,1,58.039
26969,00026969.jpg,1785610207991741952,9.871,32.141,57.859,19,76,1439.7,0.74,1,57.859
26970,00026970.jpg,1785610208022603520,9.87,32.209,57.791,24,83,1462.6,0.68,1,57.791
26971,00026971.jpg,1785610208055756288,9.872,32.227,57.773,22,77,1452.6,0.52,1,57.773
26972,00026972.jpg,1785610208089631488,9.867,32.621,57.379,22,75,1446.4,0.7,1,57.379
26973,00026973.jpg,1785610208123872000,9.862,32.263,57.737,20,73,1421.6,0.41,1,57.737
26974,00026974.jpg,1785610208158174464,9.855,32.469,57.531,19,72,1416.8,0.5,1,57.531
26975,00026975.jpg,1785610208191637504,9.853,32.452,57.548,20,72,1409.9,0.69,1,57.548
26976,00026976.jpg,1785610208223619328,9.853,32.237,57.763,20,73,1421.7,0.66,1,57.763
26977,00026977.jpg,1785610208257287680,9.851,32.356,57.644,20,71,1414.9,0.61,1,57.644
26978,00026978.jpg,1785610208289123584,9.851,32.589,57.411,21,75,1432.3,0.54,1,57.411
26979,00026979.jpg,1785610208323002368,9.851,32.451,57.549,20,73,1424.6,0.65,1,57.549
26980,00026980.jpg,1785610208355979264,9.851,32.448,57.552,20,69,1396.2,0.69,1,57.552
26981,00026981.jpg,1785610208389722624,9.851,32.544,57.456,21,75,1437.9,0.64,1,57.456
26982,00026982.jpg,1785610208422615552,9.851,32.594,57.406,20,71,1432.3,0.44,1,57.406
26983,00026983.jpg,1785610208456076032,9.851,32.331,57.669,20,68,1399.1,0.69,1,57.669
26984,00026984.jpg,1785610208489775360,9.85,32.273,57.727,21,74,1401.9,0.9,1,57.727
26985,00026985.jpg,1785610208522650880,9.85,32.249,57.751,20,71,1428.7,0.62,1,57.751
26986,00026986.jpg,1785610208555960576,9.85,32.549,57.451,21,72,1414.0,0.64,1,57.451
26987,00026987.jpg,1785610208589952768,9.85,32.623,57.377,19,66,1390.8,0.46,1,57.377
26988,00026988.jpg,1785610208622691072,9.85,32.411,57.589,20,69,1410.1,0.56,1,57.589
26989,00026989.jpg,1785610208656105728,9.856,32.453,57.547,18,71,1411.8,0.82,1,57.547
26990,00026990.jpg,1785610208690288640,9.868,32.343,57.657,19,66,1381.8,0.45,1,57.657
26991,00026991.jpg,1785610208722581248,9.852,31.832,58.168,19,68,1384.8,1.03,1,58.168
26992,00026992.jpg,1785610208756381952,9.86,32.225,57.775,20,67,1379.2,0.61,1,57.775
26993,00026993.jpg,1785610208789751552,9.858,32.707,57.293,21,73,1408.6,0.72,1,57.293
26994,00026994.jpg,1785610208822515712,9.856,32.652,57.348,21,65,1377.0,0.67,1,57.348
26995,00026995.jpg,1785610208856521216,9.854,32.458,57.542,18,66,1367.4,0.35,1,57.542
26996,00026996.jpg,1785610208889515008,9.849,32.678,57.322,21,71,1415.5,0.62,1,57.322
26997,00026997.jpg,1785610208922380032,9.848,32.483,57.517,20,65,1388.8,0.67,1,57.517
26998,00026998.jpg,1785610208958027008,9.847,32.367,57.633,22,76,1425.1,0.61,1,57.633
26999,00026999.jpg,1785610208990349312,9.846,32.526,57.474,20,69,1402.8,0.61,1,57.474
27000,00027000.jpg,1785610209024774400,9.846,32.734,57.266,20,68,1401.8,0.46,1,57.266
27001,00027001.jpg,1785610209055980288,9.847,32.762,57.238,20,65,1391.7,0.5,1,57.238
27002,00027002.jpg,1785610209089591296,9.859,32.237,57.763,21,72,1407.1,0.64,1,57.763
27003,00027003.jpg,1785610209122529280,9.859,32.351,57.649,20,71,1413.0,0.8,1,57.649
27004,00027004.jpg,1785610209156491520,9.9,32.325,57.675,17,63,1389.7,0.8,1,57.675
27005,00027005.jpg,1785610209189788416,9.864,31.868,58.132,19,65,1406.3,0.71,1,58.132
27006,00027006.jpg,1785610209223404544,9.871,32.329,57.671,18,63,1387.6,0.46,1,57.671
27007,00027007.jpg,1785610209257056256,9.884,32.756,57.244,19,64,1408.6,0.46,1,57.244
27008,00027008.jpg,1785610209289657344,9.882,32.843,57.157,19,66,1414.3,0.47,1,57.157
27009,00027009.jpg,1785610209323130112,9.874,33.106,56.894,20,66,1441.4,0.47,1,56.894
27010,00027010.jpg,1785610209356384256,9.856,32.691,57.309,18,66,1450.5,0.44,1,57.309
27011,00027011.jpg,1785610209389603840,9.845,32.958,57.042,18,66,1457.7,0.42,1,57.042
27012,00027012.jpg,1785610209423300352,9.842,32.964,57.036,19,67,1460.6,0.47,1,57.036
27013,00027013.jpg,1785610209456903168,9.84,33.118,56.882,20,65,1423.2,0.45,1,56.882
27014,00027014.jpg,1785610209491380992,9.839,33.058,56.942,20,69,1455.7,0.41,1,56.942
27015,00027015.jpg,1785610209523580672,9.84,32.937,57.063,19,69,1451.4,0.64,1,57.063
27016,00027016.jpg,1785610209555789824,9.84,32.974,57.026,18,62,1420.6,0.32,1,57.026
27017,00027017.jpg,1785610209591241472,9.84,33.04,56.96,19,67,1466.2,0.56,1,56.96
27018,00027018.jpg,1785610209624111616,9.841,32.839,57.161,23,72,1466.0,0.63,1,57.161
27019,00027019.jpg,1785610209655965184,9.841,32.892,57.108,18,69,1445.2,0.45,1,57.108
27020,00027020.jpg,1785610209689565184,9.841,32.71,57.29,21,66,1441.8,0.54,1,57.29
27021,00027021.jpg,1785610209723703808,9.841,32.803,57.197,21,70,1469.1,0.87,1,57.197
27022,00027022.jpg,1785610209757736192,9.841,32.597,57.403,20,67,1448.5,0.61,1,57.403
27023,00027023.jpg,1785610209789677824,9.841,32.678,57.322,20,69,1450.7,0.74,1,57.322
27024,00027024.jpg,1785610209823255296,9.841,32.57,57.43,19,68,1456.9,0.93,1,57.43
27025,00027025.jpg,1785610209857368320,9.841,32.664,57.336,20,64,1446.4,0.49,1,57.336
27026,00027026.jpg,1785610209889797888,9.84,32.982,57.018,21,69,1471.3,0.6,1,57.018
27027,00027027.jpg,1785610209923259648,9.84,32.647,57.353,22,73,1476.8,0.54,1,57.353
27028,00027028.jpg,1785610209956855296,9.84,32.703,57.297,20,63,1439.2,0.29,1,57.297
27029,00027029.jpg,1785610209990088448,9.84,32.779,57.221,20,67,1469.5,0.55,1,57.221
27030,00027030.jpg,1785610210022792448,9.84,32.635,57.365,20,67,1459.5,0.35,1,57.365
27031,00027031.jpg,1785610210056085504,9.84,32.781,57.219,19,68,1466.0,0.47,1,57.219
27032,00027032.jpg,1785610210089608960,9.839,32.737,57.263,20,64,1480.0,0.61,1,57.263
27033,00027033.jpg,1785610210122360320,9.839,32.742,57.258,19,67,1461.0,0.4,1,57.258
27034,00027034.jpg,1785610210158096384,9.839,32.902,57.098,22,73,1489.8,0.45,1,57.098
27035,00027035.jpg,1785610210189655296,9.839,32.541,57.459,20,69,1471.3,0.61,1,57.459
27036,00027036.jpg,1785610210222505472,9.839,32.855,57.145,19,69,1477.8,0.36,1,57.145
27037,00027037.jpg,1785610210256095488,9.838,32.659,57.341,19,67,1458.2,0.61,1,57.341
27038,00027038.jpg,1785610210289370880,9.838,32.431,57.569,19,69,1486.4,0.36,1,57.569
27039,00027039.jpg,1785610210322960640,9.838,32.629,57.371,19,67,1460.8,0.8,1,57.371
27040,00027040.jpg,1785610210355933696,9.838,32.674,57.326,20,64,1468.5,0.52,1,57.326
27041,00027041.jpg,1785610210389793024,9.838,32.846,57.154,21,67,1463.8,0.46,1,57.154
27042,00027042.jpg,1785610210423313408,9.838,32.783,57.217,19,63,1456.8,0.44,1,57.217
27043,00027043.jpg,1785610210455851008,9.837,32.672,57.328,20,65,1476.9,0.57,1,57.328
27044,00027044.jpg,1785610210490049280,9.845,32.774,57.226,21,70,1501.5,0.41,1,57.226
27045,00027045.jpg,1785610210525065984,9.844,32.853,57.147,17,66,1479.9,0.43,1,57.147
27046,00027046.jpg,1785610210556883712,9.87,33.204,56.796,21,68,1487.4,0.7,1,56.796
27047,00027047.jpg,1785610210589599744,9.842,33.014,56.986,19,67,1502.7,0.62,1,56.986
27048,00027048.jpg,1785610210623816192,9.844,32.73,57.27,22,67,1497.6,0.47,1,57.27
27049,00027049.jpg,1785610210656160768,9.853,32.542,57.458,24,68,1520.0,0.44,1,57.458
27050,00027050.jpg,1785610210689152000,9.848,32.247,57.753,23,72,1498.5,0.5,1,57.753
27051,00027051.jpg,1785610210723481088,9.846,32.388,57.612,22,68,1507.0,0.43,1,57.612
27052,00027052.jpg,1785610210755756032,9.839,32.62,57.38,22,66,1507.7,0.59,1,57.38
27053,00027053.jpg,1785610210789350144,9.834,32.267,57.733,19,68,1493.8,0.53,1,57.733
27054,00027054.jpg,1785610210823256832,9.833,32.581,57.419,18,62,1484.8,0.6,1,57.419
27055,00027055.jpg,1785610210856580608,9.832,32.347,57.653,19,65,1507.1,0.41,1,57.653
27056,00027056.jpg,1785610210889622016,9.833,32.601,57.399,18,68,1500.7,0.42,1,57.399
27057,00027057.jpg,1785610210923955968,9.833,32.228,57.772,20,65,1498.4,0.69,1,57.772
27058,00027058.jpg,1785610210956334336,9.833,32.326,57.674,19,68,1501.3,0.57,1,57.674
27059,00027059.jpg,1785610210989389568,9.833,32.47,57.53,20,71,1510.1,0.4,1,57.53
27060,00027060.jpg,1785610211022871040,9.833,32.595,57.405,20,66,1515.4,0.36,1,57.405
27061,00027061.jpg,1785610211055677184,9.833,32.516,57.484,19,62,1494.0,0.63,1,57.484
27062,00027062.jpg,1785610211089110016,9.833,32.586,57.414,20,67,1497.5,0.54,1,57.414
27063,00027063.jpg,1785610211123623680,9.833,32.588,57.412,20,67,1519.5,0.51,1,57.412
27064,00027064.jpg,1785610211155512832,9.835,32.53,57.47,20,65,1502.9,0.39,1,57.47
27065,00027065.jpg,1785610211190010624,9.848,32.346,57.654,20,61,1458.7,0.49,1,57.654
27066,00027066.jpg,1785610211224634368,9.848,32.106,57.894,18,66,1470.0,0.69,1,57.894
27067,00027067.jpg,1785610211256343808,9.885,31.767,58.233,19,60,1418.7,1.02,1,58.233
27068,00027068.jpg,1785610211290075648,9.847,31.763,58.237,17,62,1417.1,0.95,1,58.237
27069,00027069.jpg,1785610211323632640,9.854,32.224,57.776,19,63,1413.4,0.46,1,57.776
27070,00027070.jpg,1785610211355533568,9.866,32.749,57.251,18,61,1390.6,0.35,1,57.251
27071,00027071.jpg,1785610211390177024,9.865,32.609,57.391,18,63,1403.6,0.66,1,57.391
27072,00027072.jpg,1785610211423365632,9.858,32.929,57.071,19,62,1421.9,0.59,1,57.071
27073,00027073.jpg,1785610211455821312,9.843,32.881,57.119,19,58,1408.8,0.57,1,57.119
27074,00027074.jpg,1785610211488997888,9.833,32.802,57.198,20,65,1414.5,0.44,1,57.198
27075,00027075.jpg,1785610211522804224,9.685,32.789,57.211,20,62,1427.2,0.47,1,57.211
27076,00027076.jpg,1785610211556811520,8.709,32.828,57.172,19,62,1446.2,0.45,1,57.172
27077,00027077.jpg,1785610211589433600,7.143,32.753,57.247,18,61,1437.9,0.44,1,57.247
27078,00027078.jpg,1785610211622974720,6.121,32.893,57.107,20,66,1466.4,0.39,1,57.107
27079,00027079.jpg,1785610211655803648,5.597,32.667,57.333,19,62,1470.8,0.55,1,57.333
27080,00027080.jpg,1785610211689606400,5.932,32.809,57.191,20,65,1476.2,0.46,1,57.191
27081,00027081.jpg,1785610211723431936,8.721,33.058,56.942,19,67,1488.0,0.63,1,56.942
27082,00027082.jpg,1785610211756395008,9.405,33.053,56.947,18,59,1455.2,0.44,1,56.947
27083,00027083.jpg,1785610211789453824,9.696,32.841,57.159,17,59,1458.7,0.35,1,57.159
27084,00027084.jpg,1785610211822121216,9.82,32.666,57.334,19,65,1501.6,0.54,1,57.334
27085,00027085.jpg,1785610211859053824,9.874,32.892,57.108,19,67,1501.5,0.28,1,57.108
27086,00027086.jpg,1785610211873187840,9.885,32.865,57.135,19,65,1479.6,0.47,1,57.135
27087,00027087.jpg,1785610211923408384,9.903,32.653,57.347,19,68,1512.7,0.48,1,57.347
27088,00027088.jpg,1785610211956421632,9.907,32.858,57.142,20,66,1522.7,0.51,1,57.142
27089,00027089.jpg,1785610211989145600,9.909,32.838,57.162,19,63,1493.3,0.45,1,57.162
27090,00027090.jpg,1785610212023361280,9.91,33.03,56.97,19,67,1506.9,0.4,1,56.97
27091,00027091.jpg,1785610212056183040,9.911,32.923,57.077,19,68,1524.4,0.38,1,57.077
27092,00027092.jpg,1785610212089789184,9.911,32.437,57.563,19,66,1525.7,0.59,1,57.563
27093,00027093.jpg,1785610212122702848,9.912,32.809,57.191,19,64,1501.9,0.29,1,57.191
27094,00027094.jpg,1785610212156048384,9.912,32.886,57.114,19,62,1504.1,0.44,1,57.114
27095,00027095.jpg,1785610212188909824,9.913,32.754,57.246,20,64,1516.0,0.35,1,57.246
27096,00027096.jpg,1785610212227710208,9.913,32.748,57.252,21,66,1533.4,0.45,1,57.252
27097,00027097.jpg,1785610212256315648,9.913,32.925,57.075,20,69,1538.0,0.46,1,57.075
27098,00027098.jpg,1785610212290308608,9.914,32.64,57.36,21,69,1552.9,0.53,1,57.36
27099,00027099.jpg,1785610212322638080,9.914,32.763,57.237,20,65,1540.2,0.43,1,57.237
27100,00027100.jpg,1785610212356348928,9.915,32.939,57.061,22,71,1564.4,0.42,1,57.061
27101,00027101.jpg,1785610212389900544,9.399,32.711,57.289,21,66,1566.6,0.48,1,57.289
27102,00027102.jpg,1785610212423689472,9.012,32.857,57.143,21,72,1603.8,0.49,1,57.143
27103,00027103.jpg,1785610212456584960,9.737,32.764,57.236,21,69,1566.5,0.26,1,57.236
27104,00027104.jpg,1785610212488951296,9.838,32.571,57.429,20,65,1558.0,0.46,1,57.429
27105,00027105.jpg,1785610212522143232,9.88,32.754,57.246,20,69,1584.8,0.25,1,57.246
27106,00027106.jpg,1785610212556444928,9.898,32.818,57.182,20,69,1583.4,0.45,1,57.182
27107,00027107.jpg,1785610212589198080,9.906,32.856,57.144,23,77,1636.4,0.56,1,57.144
27108,00027108.jpg,1785610212622393600,9.909,32.71,57.29,21,76,1629.2,0.33,1,57.29
27109,00027109.jpg,1785610212656463872,9.911,32.8,57.2,19,69,1590.6,0.3,1,57.2
27110,00027110.jpg,1785610212689461248,9.922,32.721,57.279,20,66,1569.2,0.42,1,57.279
27111,00027111.jpg,1785610212722510848,9.912,32.789,57.211,20,68,1584.8,0.49,1,57.211
27112,00027112.jpg,1785610212756401664,9.913,32.875,57.125,22,73,1610.5,0.68,1,57.125
27113,00027113.jpg,1785610212789745408,9.913,32.789,57.211,23,66,1594.1,0.41,1,57.211
27114,00027114.jpg,1785610212823654400,9.914,32.848,57.152,21,73,1599.6,0.52,1,57.152
27115,00027115.jpg,1785610212856562944,9.914,33.081,56.919,21,70,1585.7,0.55,1,56.919
27116,00027116.jpg,1785610212889206016,9.914,32.774,57.226,21,77,1616.5,0.51,1,57.226
27117,00027117.jpg,1785610212922595840,9.915,32.742,57.258,21,71,1586.6,0.75,1,57.258
27118,00027118.jpg,1785610212956738560,9.915,32.915,57.085,20,66,1574.2,0.67,1,57.085
27119,00027119.jpg,1785610212989242112,9.916,32.762,57.238,19,71,1561.6,0.51,1,57.238
27120,00027120.jpg,1785610213022498304,9.916,32.783,57.217,21,76,1588.1,0.55,1,57.217
27121,00027121.jpg,1785610213056645888,9.916,32.69,57.31,24,77,1582.0,0.41,1,57.31
27122,00027122.jpg,1785610213089360384,9.917,32.772,57.228,20,70,1544.6,0.43,1,57.228
27123,00027123.jpg,1785610213123283968,9.917,32.736,57.264,24,77,1563.2,0.65,1,57.264
27124,00027124.jpg,1785610213156898304,9.918,32.754,57.246,22,75,1546.8,0.54,1,57.246
27125,00027125.jpg,1785610213189222400,9.918,32.851,57.149,22,77,1571.5,0.47,1,57.149
27126,00027126.jpg,1785610213224412672,9.918,32.64,57.36,23,76,1571.3,0.32,1,57.36
27127,00027127.jpg,1785610213257262848,9.911,32.625,57.375,19,73,1507.5,0.59,1,57.375
27128,00027128.jpg,1785610213289638656,9.919,32.823,57.177,19,71,1490.9,0.53,1,57.177
27129,00027129.jpg,1785610213323086336,9.92,32.748,57.252,19,70,1510.6,0.56,1,57.252
27130,00027130.jpg,1785610213357635072,9.92,32.647,57.353,19,71,1501.4,0.55,1,57.353
27131,00027131.jpg,1785610213389686784,9.92,32.725,57.275,20,75,1499.2,0.57,1,57.275
27132,00027132.jpg,1785610213422979072,9.921,32.805,57.195,20,73,1493.0,0.43,1,57.195
27133,00027133.jpg,1785610213455837952,9.921,32.718,57.282,18,73,1481.8,0.53,1,57.282
27134,00027134.jpg,1785610213489232384,9.922,32.734,57.266,18,72,1463.1,0.49,1,57.266
27135,00027135.jpg,1785610213522077696,9.922,32.508,57.492,20,70,1451.7,0.68,1,57.492
27136,00027136.jpg,1785610213555525632,9.921,32.648,57.352,19,68,1440.3,0.53,1,57.352
27137,00027137.jpg,1785610213589850624,9.92,32.644,57.356,20,71,1440.0,0.57,1,57.356
27138,00027138.jpg,1785610213622192128,9.92,32.718,57.282,17,67,1413.9,0.6,1,57.282
27139,00027139.jpg,1785610213656384768,9.919,32.627,57.373,17,66,1381.5,0.48,1,57.373
27140,00027140.jpg,1785610213690211584,9.403,32.448,57.552,18,69,1392.1,0.68,1,57.552
27141,00027141.jpg,1785610213723128320,8.733,32.775,57.225,19,70,1372.0,0.48,1,57.225
27142,00027142.jpg,1785610213755248384,7.016,32.576,57.424,15,64,1341.1,0.43,1,57.424
27143,00027143.jpg,1785610213788604672,5.151,32.752,57.248,17,67,1332.4,0.47,1,57.248
27144,00027144.jpg,1785610213823003136,4.461,32.734,57.266,16,61,1317.4,0.57,1,57.266
27145,00027145.jpg,1785610213855446784,3.76,32.721,57.279,16,63,1289.5,0.38,1,57.279
27146,00027146.jpg,1785610213889820672,3.924,32.727,57.273,19,65,1304.4,0.43,1,57.273
27147,00027147.jpg,1785610213923091456,7.218,32.81,57.19,16,65,1283.2,0.39,1,57.19
27148,00027148.jpg,1785610213955585536,8.708,32.845,57.155,18,62,1298.4,0.43,1,57.155
27149,00027149.jpg,1785610213989311232,9.379,32.761,57.239,17,62,1287.8,0.65,1,57.239
27150,00027150.jpg,1785610214022297088,9.668,32.967,57.033,17,63,1266.1,0.55,1,57.033
27151,00027151.jpg,1785610214056388096,9.79,33.058,56.942,15,55,1186.9,0.48,1,56.942
27152,00027152.jpg,1785610214089753344,9.842,32.957,57.043,15,50,1147.1,0.39,1,57.043
27153,00027153.jpg,1785610214122915072,9.863,32.894,57.106,16,54,1184.9,0.6,1,57.106
27154,00027154.jpg,1785610214156047872,9.872,32.817,57.183,17,55,1151.4,0.5,1,57.183
27155,00027155.jpg,1785610214189158912,9.876,32.491,57.509,17,55,1155.4,0.57,1,57.509
27156,00027156.jpg,1785610214222504192,9.878,32.722,57.278,16,57,1153.1,0.69,1,57.278
27157,00027157.jpg,1785610214256352768,9.878,32.57,57.43,16,50,1125.0,0.67,1,57.43
27158,00027158.jpg,1785610214288888832,9.879,32.58,57.42,14,44,1108.5,0.51,1,57.42
27159,00027159.jpg,1785610214323237888,9.879,32.694,57.306,14,50,1111.4,0.72,1,57.306
27160,00027160.jpg,1785610214355706112,9.879,32.406,57.594,14,50,1088.9,0.72,1,57.594
27161,00027161.jpg,1785610214389148160,9.879,32.165,57.835,13,52,1098.9,0.44,1,57.835
27162,00027162.jpg,1785610214422297088,9.879,32.413,57.587,13,47,1075.8,0.68,1,57.587
27163,00027163.jpg,1785610214455728128,9.879,32.705,57.295,13,45,1053.8,0.62,1,57.295
27164,00027164.jpg,1785610214488677120,9.879,32.445,57.555,12,41,1034.0,0.66,1,57.555
27165,00027165.jpg,1785610214522093824,9.879,32.677,57.323,11,46,1058.3,0.52,1,57.323
27166,00027166.jpg,1785610214556071424,9.879,32.34,57.66,10,37,710.6,0.69,1,57.66
27167,00027167.jpg,1785610214589331200,9.879,32.641,57.359,9,35,684.0,0.57,1,57.359
27168,00027168.jpg,1785610214623428608,9.879,32.471,57.529,9,34,678.2,0.64,1,57.529
27169,00027169.jpg,1785610214656106496,9.879,32.119,57.881,9,37,666.6,0.49,1,57.881
27170,00027170.jpg,1785610214689527296,9.879,32.337,57.663,9,31,640.9,0.56,1,57.663
27171,00027171.jpg,1785610214723226112,9.879,32.579,57.421,9,30,640.6,0.73,1,57.421
27172,00027172.jpg,1785610214757677824,9.879,32.699,57.301,9,30,623.7,0.54,1,57.301
27173,00027173.jpg,1785610214789868032,9.879,32.321,57.679,10,32,626.4,0.75,1,57.679
27174,00027174.jpg,1785610214823289856,9.879,32.812,57.188,8,32,622.4,0.54,1,57.188
27175,00027175.jpg,1785610214855804416,9.879,32.276,57.724,9,31,609.4,0.76,1,57.724
27176,00027176.jpg,1785610214889202944,9.879,32.575,57.425,8,28,566.7,0.73,1,57.425
27177,00027177.jpg,1785610214922622720,9.879,32.62,57.38,8,27,544.7,0.39,1,57.38
27178,00027178.jpg,1785610214956188928,9.879,32.77,57.23,7,26,539.2,0.48,1,57.23
27179,00027179.jpg,1785610214989565696,9.882,32.594,57.406,7,22,516.4,0.64,1,57.406
27180,00027180.jpg,1785610215024097792,9.879,32.858,57.142,5,17,450.6,0.81,1,57.142
27181,00027181.jpg,1785610215055560192,9.879,32.725,57.275,5,17,452.6,0.29,1,57.275
27182,00027182.jpg,1785610215089817088,9.879,33.056,56.944,5,18,448.6,1.26,1,56.944
27183,00027183.jpg,1785610215123160320,9.879,32.768,57.232,4,19,444.9,1.0,1,57.232
27184,00027184.jpg,1785610215155199232,9.879,33.192,56.808,5,16,319.6,0.86,1,56.808
27185,00027185.jpg,1785610215189968896,9.879,32.959,57.041,6,22,461.0,0.87,1,57.041
27186,00027186.jpg,1785610215224076288,9.879,33.013,56.987,9,26,349.8,0.5,1,56.987
27187,00027187.jpg,1785610215256494336,9.879,32.566,57.434,7,14,187.5,0.54,1,57.434
27188,00027188.jpg,1785610215288771072,9.879,33.997,56.003,7,15,193.0,1.73,1,56.003
27189,00027189.jpg,1785610215322151168,9.879,32.76,57.24,6,12,181.6,0.87,1,57.24
27190,00027190.jpg,1785610215355871488,9.879,32.583,57.417,6,14,178.4,1.09,1,57.417
27191,00027191.jpg,1785610215389367040,9.879,32.008,57.992,6,12,170.7,1.14,1,57.992
27192,00027192.jpg,1785610215423181824,9.879,34.228,55.772,7,13,180.6,1.83,1,55.772
27193,00027193.jpg,1785610215456181504,9.879,32.673,57.327,7,15,157.6,0.73,1,57.327
27194,00027194.jpg,1785610215489344768,9.879,33.75,56.25,7,15,160.5,2.8,1,56.25
27195,00027195.jpg,1785610215522422016,9.879,32.041,57.959,5,10,133.7,0.08,1,57.959
27196,00027196.jpg,1785610215556363520,9.879,32.169,57.831,6,14,144.3,2.33,1,57.831
27197,00027197.jpg,1785610215589513984,10.031,33.069,56.931,8,16,184.2,1.76,1,56.931
27198,00027198.jpg,1785610215621921792,10.302,32.409,57.591,5,10,111.3,1.77,1,57.591
27199,00027199.jpg,1785610215656054016,11.011,30.955,59.045,5,12,195.9,2.17,1,59.045
27200,00027200.jpg,1785610215689328384,11.83,32.173,57.827,7,16,228.3,2.23,1,57.827
27201,00027201.jpg,1785610215721883904,12.794,33.089,56.911,7,14,203.7,0.52,1,56.911
27202,00027202.jpg,1785610215756459264,13.944,32.839,57.161,7,16,287.3,1.01,1,57.161
27203,00027203.jpg,1785610215789481728,15.257,32.614,57.386,6,17,292.2,0.62,1,57.386
27204,00027204.jpg,1785610215821961472,16.299,32.691,57.309,8,21,304.8,1.45,1,57.309
27205,00027205.jpg,1785610215857072896,17.617,32.079,57.921,6,19,285.3,0.43,1,57.921
27206,00027206.jpg,1785610215889402624,18.462,33.117,56.883,7,21,289.0,0.98,1,56.883
27207,00027207.jpg,1785610215922547456,18.932,32.366,57.634,6,18,281.8,0.79,1,57.634
27208,00027208.jpg,1785610215957301760,6.139,32.665,57.335,5,20,342.9,0.64,1,57.335
27209,00027209.jpg,1785610215989141504,4.274,32.715,57.285,6,24,397.5,0.9,1,57.285
27210,00027210.jpg,1785610216022229760,4.997,32.764,57.236,7,27,420.9,0.34,1,57.236
27211,00027211.jpg,1785610216056631552,10.227,32.971,57.029,7,27,433.0,0.91,1,57.029
27212,00027212.jpg,1785610216089232384,12.086,32.569,57.431,8,26,441.1,0.57,1,57.431
27213,00027213.jpg,1785610216122427904,12.686,32.67,57.33,10,32,470.1,0.47,1,57.33
27214,00027214.jpg,1785610216156300800,13.123,32.764,57.236,9,25,353.3,0.53,1,57.236
27215,00027215.jpg,1785610216189293824,8.56,33.025,56.975,9,26,412.8,1.33,1,56.975
27216,00027216.jpg,1785610216222471680,7.449,32.193,57.807,9,28,425.7,0.42,1,57.807
27217,00027217.jpg,1785610216257249536,8.089,32.768,57.232,12,33,487.8,0.69,1,57.232
27218,00027218.jpg,1785610216289439488,8.794,33.027,56.973,11,33,528.2,1.12,1,56.973
27219,00027219.jpg,1785610216322401280,9.276,32.677,57.323,11,35,565.9,0.97,1,57.323
27220,00027220.jpg,1785610216358226944,9.564,32.514,57.486,10,32,588.4,1.06,1,57.486
27221,00027221.jpg,1785610216389237504,9.706,33.039,56.961,9,31,639.4,0.4,1,56.961
27222,00027222.jpg,1785610216421916416,9.782,32.882,57.118,11,43,808.6,0.49,1,57.118
27223,00027223.jpg,1785610216456237056,9.819,32.747,57.253,12,49,863.8,0.74,1,57.253
27224,00027224.jpg,1785610216489328640,9.837,32.93,57.07,13,48,882.5,0.65,1,57.07
27225,00027225.jpg,1785610216522582272,9.894,32.843,57.157,11,45,872.4,0.48,1,57.157
27226,00027226.jpg,1785610216555755520,10.219,32.586,57.414,11,48,870.0,0.54,1,57.414
27227,00027227.jpg,1785610216589564416,10.966,32.747,57.253,12,49,897.4,0.51,1,57.253
27228,00027228.jpg,1785610216622343168,11.66,32.411,57.589,11,49,894.7,0.53,1,57.589
27229,00027229.jpg,1785610216655903744,12.494,32.491,57.509,15,55,909.2,1.03,1,57.509
27230,00027230.jpg,1785610216689189120,13.005,32.344,57.656,13,52,955.8,0.88,1,57.656
27231,00027231.jpg,1785610216721718272,10.847,32.681,57.319,12,45,901.3,0.51,1,57.319
27232,00027232.jpg,1785610216755104256,7.607,32.729,57.271,15,57,989.0,0.66,1,57.271
27233,00027233.jpg,1785610216789078784,7.812,33.05,56.95,17,62,1077.1,0.73,1,56.95
27234,00027234.jpg,1785610216822267904,8.533,32.626,57.374,18,68,1150.4,0.84,1,57.374
27235,00027235.jpg,1785610216857453312,9.099,32.877,57.123,17,63,1131.4,0.91,1,57.123
27236,00027236.jpg,1785610216889401600,9.663,32.694,57.306,16,59,1124.1,0.79,1,57.306
27237,00027237.jpg,1785610216922792448,10.231,33.068,56.932,17,68,1170.9,0.59,1,56.932
27238,00027238.jpg,1785610216957741824,10.804,33.269,56.731,18,67,1163.4,0.65,1,56.731
27239,00027239.jpg,1785610216989800704,11.976,32.691,57.309,18,63,1141.2,0.91,1,57.309
27240,00027240.jpg,1785610217022414848,12.814,32.874,57.126,20,72,1177.8,0.67,1,57.126
27241,00027241.jpg,1785610217055390720,13.878,32.632,57.368,22,73,1200.0,0.66,1,57.368
27242,00027242.jpg,1785610217089730048,15.122,32.858,57.142,21,73,1225.2,0.63,1,57.142
27243,00027243.jpg,1785610217121977088,16.032,32.488,57.512,20,71,1232.5,0.79,1,57.512
27244,00027244.jpg,1785610217156211968,16.799,32.551,57.449,23,74,1233.9,0.51,1,57.449
27245,00027245.jpg,1785610217189325312,17.164,32.173,57.827,22,70,1229.2,0.73,1,57.827
27246,00027246.jpg,1785610217223826688,6.301,32.078,57.922,23,78,1223.0,1.19,1,57.922
27247,00027247.jpg,1785610217255670016,4.337,32.178,57.822,21,71,1188.8,0.76,1,57.822
27248,00027248.jpg,1785610217289494272,5.856,32.649,57.351,21,75,1212.2,0.75,1,57.351
27249,00027249.jpg,1785610217322118400,7.413,32.846,57.154,21,71,1200.9,0.7,1,57.154
27250,00027250.jpg,1785610217356027904,8.448,32.598,57.402,23,73,1188.8,0.65,1,57.402
27251,00027251.jpg,1785610217389840128,9.046,32.941,57.059,23,74,1202.5,0.78,1,57.059
27252,00027252.jpg,1785610217422225152,9.365,32.637,57.363,22,72,1201.9,0.73,1,57.363
27253,00027253.jpg,1785610217456340224,9.525,32.997,57.003,22,72,1183.7,0.58,1,57.003
27254,00027254.jpg,1785610217490617856,9.607,32.883,57.117,22,71,1180.7,0.72,1,57.117
27255,00027255.jpg,1785610217522447872,9.646,32.575,57.425,21,67,1138.0,0.51,1,57.425
27256,00027256.jpg,1785610217556558080,9.664,32.731,57.269,26,73,1162.8,0.66,1,57.269
27257,00027257.jpg,1785610217589515008,9.675,32.618,57.382,24,73,1180.6,0.85,1,57.382
27258,00027258.jpg,1785610217623074304,9.684,32.176,57.824,25,74,1136.9,0.96,1,57.824
27259,00027259.jpg,1785610217655737344,9.704,32.169,57.831,25,72,1148.4,0.77,1,57.831
27260,00027260.jpg,1785610217689291264,9.693,32.137,57.863,21,68,1120.7,0.88,1,57.863
27261,00027261.jpg,1785610217722612992,9.693,32.4,57.6,22,70,1123.3,0.69,1,57.6
27262,00027262.jpg,1785610217756441600,9.705,32.695,57.305,20,66,1138.0,0.86,1,57.305
27263,00027263.jpg,1785610217788730880,9.706,32.829,57.171,20,67,1098.8,0.92,1,57.171
27264,00027264.jpg,1785610217821866496,9.704,32.636,57.364,21,69,1141.1,1.18,1,57.364
27265,00027265.jpg,1785610217856447488,9.696,32.763,57.237,23,65,865.8,1.0,1,57.237
27266,00027266.jpg,1785610217889497344,9.69,32.577,57.423,22,64,880.1,0.87,1,57.423
27267,00027267.jpg,1785610217921935616,9.69,32.892,57.108,21,59,838.0,1.08,1,57.108
27268,00027268.jpg,1785610217956372480,9.695,32.339,57.661,21,58,844.9,0.86,1,57.661
27269,00027269.jpg,1785610217988793344,9.712,32.414,57.586,19,56,832.0,0.81,1,57.586
27270,00027270.jpg,1785610218022004992,9.714,32.433,57.567,19,59,823.3,1.05,1,57.567
27271,00027271.jpg,1785610218056058368,9.707,31.756,58.244,20,62,864.7,0.99,1,58.244
27272,00027272.jpg,1785610218089211136,9.721,32.696,57.304,24,66,877.9,0.73,1,57.304
27273,00027273.jpg,1785610218124913920,9.724,32.768,57.232,19,63,867.6,1.44,1,57.232
27274,00027274.jpg,1785610218139126272,9.725,32.952,57.048,22,62,869.2,1.14,1,57.048
27275,00027275.jpg,1785610218189190144,9.76,32.19,57.81,19,57,806.4,0.8,1,57.81
27276,00027276.jpg,1785610218222488832,9.732,32.599,57.401,20,56,806.9,0.83,1,57.401
27277,00027277.jpg,1785610218255974912,9.757,32.746,57.254,21,60,817.3,1.31,1,57.254
27278,00027278.jpg,1785610218290687232,9.766,32.914,57.086,20,60,808.7,1.75,1,57.086
27279,00027279.jpg,1785610218322362112,9.761,33.352,56.648,20,61,829.8,1.86,1,56.648
27280,00027280.jpg,1785610218355539456,9.584,32.907,57.093,18,58,822.6,1.44,1,57.093
27281,00027281.jpg,1785610218388423680,8.599,33.227,56.773,20,56,816.9,1.66,1,56.773
27282,00027282.jpg,1785610218422789120,7.674,32.931,57.069,17,49,771.4,0.94,1,57.069
27283,00027283.jpg,1785610218455459584,5.951,32.893,57.107,19,57,811.5,1.67,1,57.107
27284,00027284.jpg,1785610218492595456,4.391,33.052,56.948,15,51,786.8,1.74,1,56.948
27285,00027285.jpg,1785610218504568576,4.348,32.943,57.057,14,50,794.5,1.55,1,57.057
27286,00027286.jpg,1785610218556307968,4.602,33.37,56.63,17,58,1054.9,1.85,1,56.63
27287,00027287.jpg,1785610218588887040,8.243,32.674,57.326,20,66,1141.0,1.43,1,57.326
27288,00027288.jpg,1785610218622361600,9.183,33.122,56.878,22,71,1168.1,1.3,1,56.878
27289,00027289.jpg,1785610218655501056,9.594,33.27,56.73,20,68,1167.0,1.68,1,56.73
27290,00027290.jpg,1785610218689001984,9.768,32.925,57.075,20,64,1144.5,1.27,1,57.075
27291,00027291.jpg,1785610218721595392,9.84,33.455,56.545,20,68,1237.6,1.39,1,56.545
27292,00027292.jpg,1785610218755700224,9.87,33.363,56.637,21,69,1206.5,1.34,1,56.637
27293,00027293.jpg,1785610218789016832,9.882,33.076,56.924,23,70,1212.3,1.53,1,56.924
27294,00027294.jpg,1785610218822174208,9.887,33.017,56.983,23,71,1222.0,1.47,1,56.983
27295,00027295.jpg,1785610218856268800,9.889,33.143,56.857,22,72,1225.9,1.59,1,56.857
27296,00027296.jpg,1785610218889985792,9.889,33.031,56.969,22,74,1251.2,1.46,1,56.969
27297,00027297.jpg,1785610218922310912,9.889,33.18,56.82,22,72,1246.1,1.58,1,56.82
27298,00027298.jpg,1785610218958019072,9.889,33.265,56.735,22,72,1215.5,1.43,1,56.735
27299,00027299.jpg,1785610218989269248,9.891,33.053,56.947,23,72,1245.9,1.34,1,56.947
27300,00027300.jpg,1785610219021949184,9.895,33.105,56.895,22,77,1273.3,1.26,1,56.895
27301,00027301.jpg,1785610219055490048,9.912,33.606,56.394,22,74,1276.7,1.69,1,56.394
27302,00027302.jpg,1785610219089142272,9.939,33.656,56.344,23,75,1280.0,1.87,1,56.344
27303,00027303.jpg,1785610219122983424,9.967,32.988,57.012,23,73,1289.1,2.33,1,57.012
27304,00027304.jpg,1785610219156157952,9.944,32.983,57.017,19,68,1272.4,1.79,1,57.017
27305,00027305.jpg,1785610219189106176,9.965,32.953,57.047,22,70,1269.5,1.85,1,57.047
27306,00027306.jpg,1785610219221678848,9.997,32.847,57.153,20,66,1221.2,0.74,1,57.153
27307,00027307.jpg,1785610219255266816,10.02,32.977,57.023,22,76,1262.7,0.71,1,57.023
27308,00027308.jpg,1785610219289317376,10.013,32.768,57.232,23,82,1270.8,0.63,1,57.232
27309,00027309.jpg,1785610219322056704,9.987,32.785,57.215,23,73,1266.9,0.5,1,57.215
27310,00027310.jpg,1785610219357217280,9.93,32.844,57.156,23,73,1261.1,0.6,1,57.156
27311,00027311.jpg,1785610219389082880,9.906,32.914,57.086,26,74,1286.4,0.46,1,57.086
27312,00027312.jpg,1785610219422636288,9.91,33.081,56.919,24,76,1279.4,0.6,1,56.919
27313,00027313.jpg,1785610219457266176,9.965,33.132,56.868,26,75,1314.4,1.04,1,56.868
27314,00027314.jpg,1785610219489167616,10.059,33.196,56.804,25,80,1329.3,1.22,1,56.804
27315,00027315.jpg,1785610219521713920,9.991,33.229,56.771,23,88,1344.5,1.17,1,56.771
27316,00027316.jpg,1785610219555796992,10.051,32.974,57.026,20,73,1325.5,0.79,1,57.026
27317,00027317.jpg,1785610219589140224,10.078,32.715,57.285,20,71,1282.1,0.41,1,57.285
27318,00027318.jpg,1785610219622524928,10.073,32.267,57.733,21,70,1287.0,0.65,1,57.733
27319,00027319.jpg,1785610219656244224,10.235,32.015,57.985,20,71,1289.2,1.22,1,57.985
27320,00027320.jpg,1785610219688614656,10.752,32.495,57.505,22,72,1294.4,0.76,1,57.505
27321,00027321.jpg,1785610219722121728,11.338,32.549,57.451,21,74,1276.4,0.72,1,57.451
27322,00027322.jpg,1785610219755580672,12.267,32.71,57.29,26,73,1280.9,0.69,1,57.29
27323,00027323.jpg,1785610219789088512,13.117,32.462,57.538,22,71,1276.1,0.76,1,57.538
27324,00027324.jpg,1785610219822215680,13.742,32.604,57.396,25,78,1310.9,0.57,1,57.396
27325,00027325.jpg,1785610219857583104,10.726,32.921,57.079,23,81,1328.4,0.42,1,57.079
27326,00027326.jpg,1785610219889081088,7.209,33.266,56.734,22,74,1285.0,0.57,1,56.734
27327,00027327.jpg,1785610219922085632,7.614,33.149,56.851,20,79,1347.5,0.95,1,56.851
27328,00027328.jpg,1785610219955326720,8.618,33.237,56.763,21,72,1307.5,1.34,1,56.763
27329,00027329.jpg,1785610219988441088,9.578,33.463,56.537,22,72,1350.3,1.47,1,56.537
27330,00027330.jpg,1785610220022757888,10.122,33.915,56.085,19,63,1233.0,1.2,1,56.085
27331,00027331.jpg,1785610220055774720,10.409,33.607,56.393,18,55,1136.9,1.1,1,56.393
27332,00027332.jpg,1785610220088830208,10.57,33.623,56.377,20,55,1218.3,1.08,1,56.377
27333,00027333.jpg,1785610220121964032,10.695,33.31,56.69,18,54,1240.5,0.49,1,56.69
27334,00027334.jpg,1785610220155523328,10.871,33.292,56.708,20,60,1224.1,0.65,1,56.708
27335,00027335.jpg,1785610220189735936,11.04,32.731,57.269,20,56,1137.9,0.47,1,57.269
27336,00027336.jpg,1785610220221974528,11.244,32.571,57.429,21,60,1113.0,0.56,1,57.429
27337,00027337.jpg,1785610220255503872,11.37,32.11,57.89,18,54,1064.1,0.95,1,57.89
27338,00027338.jpg,1785610220288889344,11.298,30.888,59.112,21,61,1078.8,1.67,1,59.112
27339,00027339.jpg,1785610220322791680,10.91,30.985,59.015,21,51,1082.8,1.61,1,59.015
27340,00027340.jpg,1785610220356140800,10.435,30.945,59.055,22,62,1134.6,1.62,1,59.055
27341,00027341.jpg,1785610220388608768,9.945,30.554,59.446,20,59,1178.2,2.3,1,59.446
27342,00027342.jpg,1785610220422925056,9.833,30.601,59.399,18,53,1112.6,2.08,1,59.399
27343,00027343.jpg,1785610220455142144,9.634,31.15,58.85,20,56,1076.3,2.41,1,58.85
27344,00027344.jpg,1785610220489409280,9.536,31.453,58.547,19,58,1058.0,2.2,1,58.547
27345,00027345.jpg,1785610220523237888,9.618,31.573,58.427,17,53,1014.1,1.98,1,58.427
27346,00027346.jpg,1785610220555789824,9.629,31.133,58.867,20,56,1010.8,2.09,1,58.867
27347,00027347.jpg,1785610220588964864,9.66,31.293,58.707,20,58,988.5,2.09,1,58.707
27348,00027348.jpg,1785610220621966080,9.707,31.691,58.309,19,53,982.6,2.16,1,58.309
27349,00027349.jpg,1785610220655919360,9.73,31.724,58.276,17,49,1000.5,2.79,1,58.276
27350,00027350.jpg,1785610220689339392,9.758,31.07,58.93,18,50,970.1,2.43,1,58.93
27351,00027351.jpg,1785610220723168512,10.066,30.306,59.694,18,52,943.3,2.77,1,59.694
27352,00027352.jpg,1785610220756282880,10.664,30.726,59.274,22,54,940.7,3.2,1,59.274
27353,00027353.jpg,1785610220789364736,11.408,31.982,58.018,23,48,917.6,4.0,1,58.018
27354,00027354.jpg,1785610220822592000,12.055,31.822,58.178,18,55,970.0,3.66,1,58.178
27355,00027355.jpg,1785610220855799040,12.524,31.944,58.056,19,55,995.1,2.54,1,58.056
27356,00027356.jpg,1785610220889225984,9.154,31.551,58.449,18,57,977.3,1.64,1,58.449
27357,00027357.jpg,1785610220922281216,8.122,31.875,58.125,18,55,975.2,1.77,1,58.125
27358,00027358.jpg,1785610220955846144,8.536,31.364,58.636,18,50,946.1,1.75,1,58.636
27359,00027359.jpg,1785610220989226240,9.048,31.309,58.691,19,51,915.0,1.5,1,58.691
27360,00027360.jpg,1785610221022168064,9.399,31.123,58.877,17,48,882.1,1.97,1,58.877
27361,00027361.jpg,1785610221055868160,9.604,31.481,58.519,16,47,857.0,1.69,1,58.519
27362,00027362.jpg,1785610221089479168,9.722,32.027,57.973,19,50,854.0,1.8,1,57.973
27363,00027363.jpg,1785610221122476800,9.8,30.915,59.085,19,52,861.6,2.44,1,59.085
27364,00027364.jpg,1785610221156139520,9.83,32.465,57.535,18,48,830.2,1.36,1,57.535
27365,00027365.jpg,1785610221189310208,9.689,32.3,57.7,20,53,819.6,1.33,1,57.7
27366,00027366.jpg,1785610221225387776,9.269,32.514,57.486,18,51,798.0,1.1,1,57.486
27367,00027367.jpg,1785610221254852096,7.899,31.472,58.528,17,48,760.2,1.67,1,58.528
27368,00027368.jpg,1785610221288929792,6.806,31.671,58.329,18,50,749.6,1.57,1,58.329
27369,00027369.jpg,1785610221321627136,6.442,31.338,58.662,20,46,712.3,2.05,1,58.662
27370,00027370.jpg,1785610221355355904,9.06,31.178,58.822,19,49,699.3,1.92,1,58.822
27371,00027371.jpg,1785610221389381120,9.541,31.695,58.305,19,46,697.8,1.52,1,58.305
27372,00027372.jpg,1785610221422439424,9.745,31.893,58.107,18,47,691.8,1.25,1,58.107
27373,00027373.jpg,1785610221455030784,9.83,32.015,57.985,18,43,654.4,1.47,1,57.985
27374,00027374.jpg,1785610221488097280,9.865,31.993,58.007,16,40,634.2,1.42,1,58.007
27375,00027375.jpg,1785610221521818624,9.879,32.36,57.64,19,50,657.9,1.46,1,57.64
27376,00027376.jpg,1785610221556284928,9.884,32.489,57.511,18,43,609.2,1.46,1,57.511
27377,00027377.jpg,1785610221588968192,9.885,32.409,57.591,17,43,606.4,0.99,1,57.591
27378,00027378.jpg,1785610221622125312,9.886,32.595,57.405,19,44,611.4,0.86,1,57.405
27379,00027379.jpg,1785610221656187648,9.885,32.455,57.545,17,41,578.0,1.03,1,57.545
27380,00027380.jpg,1785610221689500416,9.885,32.794,57.206,19,46,567.8,0.92,1,57.206
27381,00027381.jpg,1785610221724477952,9.884,32.984,57.016,17,40,533.0,1.32,1,57.016
27382,00027382.jpg,1785610221755531776,9.881,32.712,57.288,17,39,517.5,0.99,1,57.288
27383,00027383.jpg,1785610221789280768,9.883,33.022,56.978,21,41,516.5,0.75,1,56.978
27384,00027384.jpg,1785610221821464832,9.883,32.747,57.253,17,35,491.9,0.95,1,57.253
27385,00027385.jpg,1785610221854818560,9.884,32.959,57.041,15,34,468.7,0.69,1,57.041
27386,00027386.jpg,1785610221889293056,9.895,33.034,56.966,19,38,470.5,0.62,1,56.966
27387,00027387.jpg,1785610221922082048,9.892,32.983,57.017,18,40,411.7,1.56,1,57.017
27388,00027388.jpg,1785610221955581184,9.93,33.632,56.368,14,34,353.8,1.75,1,56.368
27389,00027389.jpg,1785610221989895680,10.002,34.294,55.706,15,30,301.2,1.57,1,55.706
27390,00027390.jpg,1785610222021833216,9.957,34.032,55.968,11,26,276.4,0.58,1,55.968
27391,00027391.jpg,1785610222055544832,10.0,33.823,56.177,13,32,280.0,1.28,1,56.177
27392,00027392.jpg,1785610222089511680,10.052,33.819,56.181,15,29,259.3,1.29,1,56.181
27393,00027393.jpg,1785610222121498112,10.079,33.623,56.377,13,31,274.5,1.41,1,56.377
27394,00027394.jpg,1785610222155983104,10.205,32.683,57.317,16,31,271.9,1.25,1,57.317
27395,00027395.jpg,1785610222188758784,10.289,30.473,59.527,17,33,259.3,2.59,1,59.527
27396,00027396.jpg,1785610222223923200,10.246,30.319,59.681,12,33,240.8,1.92,1,59.681
27397,00027397.jpg,1785610222255745792,10.2,29.462,60.538,11,26,211.6,2.24,1,60.538
27398,00027398.jpg,1785610222288815104,10.048,29.597,60.403,12,29,221.8,1.8,1,60.403
27399,00027399.jpg,1785610222321590016,9.939,29.163,60.837,12,24,193.7,1.84,1,60.837
27400,00027400.jpg,1785610222356207872,9.839,29.321,60.679,9,23,184.8,1.73,1,60.679
27401,00027401.jpg,1785610222389097216,9.806,30.19,59.81,12,23,181.2,1.04,1,59.81
27402,00027402.jpg,1785610222422476544,9.814,29.604,60.396,10,22,167.5,1.79,1,60.396
27403,00027403.jpg,1785610222455981312,9.802,28.894,61.106,10,22,175.7,1.14,1,61.106
27404,00027404.jpg,1785610222489173760,9.812,28.903,61.097,12,20,165.0,3.01,1,61.097
27405,00027405.jpg,1785610222522262016,9.834,29.207,60.793,8,22,175.3,1.77,1,60.793
27406,00027406.jpg,1785610222554753536,9.838,29.178,60.822,12,22,178.2,1.27,1,60.822
27407,00027407.jpg,1785610222589444608,9.846,29.473,60.527,11,25,184.2,2.5,1,60.527
27408,00027408.jpg,1785610222621953792,9.854,29.676,60.324,13,24,184.6,2.39,1,60.324
27409,00027409.jpg,1785610222655032064,9.859,29.892,60.108,8,19,167.3,1.46,1,60.108
27410,00027410.jpg,1785610222689361152,9.863,29.491,60.509,8,19,159.5,1.26,1,60.509
27411,00027411.jpg,1785610222722692864,9.867,29.049,60.951,9,17,153.8,1.24,1,60.951
27412,00027412.jpg,1785610222755228416,9.869,30.305,59.695,10,19,157.7,2.21,1,59.695
27413,00027413.jpg,1785610222788588032,9.871,28.579,61.421,10,16,140.9,1.53,1,61.421
27414,00027414.jpg,1785610222821727232,9.873,28.866,61.134,6,13,131.6,0.9,1,61.134
27415,00027415.jpg,1785610222855180288,9.874,30.226,59.774,10,14,135.5,2.48,1,59.774
27416,00027416.jpg,1785610222888289536,9.874,28.963,61.037,6,12,131.1,1.49,1,61.037
27417,00027417.jpg,1785610222921308672,9.875,31.209,58.791,8,18,152.9,1.6,1,58.791
27418,00027418.jpg,1785610222956805120,9.878,28.333,61.667,7,18,143.0,1.7,1,61.667
27419,00027419.jpg,1785610222989426688,9.876,30.346,59.654,7,19,150.8,1.29,1,59.654
27420,00027420.jpg,1785610223021788416,9.364,29.671,60.329,7,18,161.5,1.85,1,60.329
27421,00027421.jpg,1785610223055491072,7.864,29.871,60.129,8,18,157.5,1.75,1,60.129
27422,00027422.jpg,1785610223090102784,6.57,30.399,59.601,7,16,145.9,1.34,1,59.601
27423,00027423.jpg,1785610223123193088,5.297,29.835,60.165,8,16,144.8,0.61,1,60.165
27424,00027424.jpg,1785610223155851008,3.822,30.422,59.578,6,14,131.4,1.09,1,59.578
27425,00027425.jpg,1785610223188870400,3.102,28.875,61.125,6,15,142.9,2.35,1,61.125
27426,00027426.jpg,1785610223224531200,2.513,29.195,60.805,4,15,162.9,1.9,1,60.805
27427,00027427.jpg,1785610223255863296,2.383,30.14,59.86,6,15,146.8,2.68,1,59.86
27428,00027428.jpg,1785610223288580096,6.402,30.738,59.262,7,18,166.9,1.78,1,59.262
27429,00027429.jpg,1785610223322608896,8.32,29.955,60.045,6,17,161.2,2.03,1,60.045
27430,00027430.jpg,1785610223355691776,9.224,29.697,60.303,4,11,155.2,1.87,1,60.303
27431,00027431.jpg,1785610223389063680,9.615,28.985,61.015,9,18,180.8,1.64,1,61.015
27432,00027432.jpg,1785610223421964032,9.802,26.894,63.106,6,19,204.7,3.52,1,63.106
27433,00027433.jpg,1785610223454854656,9.856,26.234,63.766,4,14,193.5,2.53,1,63.766
27434,00027434.jpg,1785610223488975616,9.89,30.718,59.282,5,20,217.1,1.72,1,59.282
27435,00027435.jpg,1785610223522654976,9.912,29.736,60.264,5,15,217.8,1.98,1,60.264
27436,00027436.jpg,1785610223555094784,9.928,29.921,60.079,6,18,231.3,2.01,1,60.079
27437,00027437.jpg,1785610223588757248,9.922,30.219,59.781,6,16,229.5,1.82,1,59.781
27438,00027438.jpg,1785610223622131200,9.917,30.833,59.167,6,20,234.1,1.57,1,59.167
27439,00027439.jpg,1785610223655907584,9.919,31.463,58.537,7,25,264.7,1.66,1,58.537
27440,00027440.jpg,1785610223689002496,9.914,30.825,59.175,6,22,243.1,1.77,1,59.175
27441,00027441.jpg,1785610223723310592,9.954,29.967,60.033,7,25,271.9,1.46,1,60.033
27442,00027442.jpg,1785610223756015872,9.934,30.168,59.832,6,24,312.0,0.96,1,59.832
27443,00027443.jpg,1785610223789227776,9.95,31.951,58.049,9,33,332.2,2.51,1,58.049
27444,00027444.jpg,1785610223821583616,9.971,31.728,58.272,7,22,331.5,1.97,1,58.272
27445,00027445.jpg,1785610223857925888,9.986,32.69,57.31,6,22,330.3,1.45,1,57.31
27446,00027446.jpg,1785610223889791232,9.971,32.481,57.519,8,24,346.9,2.34,1,57.519
27447,00027447.jpg,1785610223921195776,9.961,32.481,57.519,7,24,346.9,1.81,1,57.519
27448,00027448.jpg,1785610223955930880,9.983,31.852,58.148,7,25,381.6,1.35,1,58.148
27449,00027449.jpg,1785610223988976384,10.002,32.12,57.88,9,26,396.3,1.38,1,57.88
27450,00027450.jpg,1785610224021906432,10.115,30.948,59.052,7,27,413.9,2.05,1,59.052
27451,00027451.jpg,1785610224055999232,10.057,31.155,58.845,5,28,418.2,2.23,1,58.845
27452,00027452.jpg,1785610224088571136,10.135,32.725,57.275,6,29,448.3,1.07,1,57.275
27453,00027453.jpg,1785610224121210624,10.148,34.122,55.878,6,34,457.5,1.17,1,55.878
27454,00027454.jpg,1785610224155956992,10.158,33.692,56.308,6,31,466.7,1.24,1,56.308
27455,00027455.jpg,1785610224188517888,10.102,35.686,54.314,6,30,461.1,2.32,1,54.314
27456,00027456.jpg,1785610224223384832,9.993,34.886,55.114,4,27,458.3,1.46,1,55.114
27457,00027457.jpg,1785610224254593024,9.913,34.545,55.455,7,28,482.5,1.27,1,55.455
27458,00027458.jpg,1785610224289288704,9.871,34.573,55.427,11,37,522.6,1.46,1,55.427
27459,00027459.jpg,1785610224322572032,9.883,34.656,55.344,10,35,511.3,1.8,1,55.344
27460,00027460.jpg,1785610224354710528,9.911,35.15,54.85,9,34,540.1,1.62,1,54.85
27461,00027461.jpg,1785610224389277952,9.888,34.709,55.291,8,35,529.2,1.1,1,55.291
27462,00027462.jpg,1785610224422130176,9.88,36.073,53.927,8,35,555.0,1.97,1,53.927
27463,00027463.jpg,1785610224455681536,9.87,35.551,54.449,9,40,575.5,1.79,1,54.449
27464,00027464.jpg,1785610224488690176,9.869,34.536,55.464,7,37,591.4,1.13,1,55.464
27465,00027465.jpg,1785610224522107648,9.871,34.251,55.749,8,38,614.8,1.28,1,55.749
27466,00027466.jpg,1785610224555554816,9.723,33.82,56.18,7,37,627.5,0.95,1,56.18
27467,00027467.jpg,1785610224588713984,9.173,34.482,55.518,6,36,609.5,1.27,1,55.518
27468,00027468.jpg,1785610224621642496,7.901,34.774,55.226,6,34,628.9,1.19,1,55.226
27469,00027469.jpg,1785610224656290816,6.575,34.001,55.999,7,37,645.7,1.46,1,55.999
27470,00027470.jpg,1785610224689020160,6.42,33.935,56.065,7,38,695.5,1.4,1,56.065
27471,00027471.jpg,1785610224722242560,9.051,33.62,56.38,5,36,675.6,1.66,1,56.38
27472,00027472.jpg,1785610224755696128,9.375,34.157,55.843,7,38,703.3,1.3,1,55.843
27473,00027473.jpg,1785610224789137152,9.752,33.687,56.313,7,37,706.2,1.61,1,56.313
27474,00027474.jpg,1785610224822091264,9.84,34.264,55.736,8,41,734.0,1.54,1,55.736
27475,00027475.jpg,1785610224855704832,9.877,34.187,55.813,7,39,743.5,1.16,1,55.813
27476,00027476.jpg,1785610224889024768,9.9,34.476,55.524,7,43,754.2,1.43,1,55.524
27477,00027477.jpg,1785610224921678848,9.908,33.835,56.165,7,44,806.3,1.66,1,56.165
27478,00027478.jpg,1785610224955623424,9.934,34.902,55.098,7,40,775.6,2.11,1,55.098
27479,00027479.jpg,1785610224989252352,9.913,34.443,55.557,8,42,831.4,1.9,1,55.557
27480,00027480.jpg,1785610225022407936,9.92,33.58,56.42,8,40,800.0,1.2,1,56.42
27481,00027481.jpg,1785610225055606016,9.945,33.247,56.753,10,48,842.9,0.81,1,56.753
27482,00027482.jpg,1785610225088473344,9.943,32.783,57.217,8,44,829.7,0.79,1,57.217
27483,00027483.jpg,1785610225121625856,9.998,32.189,57.811,8,44,862.0,0.97,1,57.811
27484,00027484.jpg,1785610225155672064,10.028,31.925,58.075,9,46,916.9,0.62,1,58.075
27485,00027485.jpg,1785610225189048576,10.018,33.224,56.776,13,54,973.6,0.69,1,56.776
27486,00027486.jpg,1785610225225683456,10.026,32.735,57.265,9,46,987.0,0.55,1,57.265
27487,00027487.jpg,1785610225254691072,10.105,33.499,56.501,9,48,998.4,0.59,1,56.501
27488,00027488.jpg,1785610225289047552,10.183,34.364,55.636,10,53,1035.8,0.99,1,55.636
27489,00027489.jpg,1785610225323356928,10.251,35.71,54.29,8,46,1005.6,1.22,1,54.29
27490,00027490.jpg,1785610225355555840,10.281,36.749,53.251,7,47,1033.5,1.54,1,53.251
27491,00027491.jpg,1785610225389011712,10.253,36.78,53.22,9,50,1065.0,1.84,1,53.22
27492,00027492.jpg,1785610225422379008,10.129,36.836,53.164,9,50,1051.1,1.36,1,53.164
27493,00027493.jpg,1785610225455895808,9.966,37.194,52.806,8,48,1060.2,1.41,1,52.806
27494,00027494.jpg,1785610225487878144,9.89,37.335,52.665,10,49,1078.3,1.62,1,52.665
27495,00027495.jpg,1785610225521778176,9.872,36.767,53.233,13,52,1105.7,1.47,1,53.233
27496,00027496.jpg,1785610225555019008,9.86,37.845,52.155,11,50,1100.2,1.02,1,52.155
27497,00027497.jpg,1785610225589597184,9.859,36.926,53.074,14,51,1117.5,1.34,1,53.074
27498,00027498.jpg,1785610225622509824,9.868,36.149,53.851,15,57,1153.0,1.96,1,53.851
27499,00027499.jpg,1785610225655915264,9.865,36.411,53.589,12,57,1168.3,1.65,1,53.589
27500,00027500.jpg,1785610225689093376,9.887,35.903,54.097,12,58,1190.6,1.51,1,54.097
27501,00027501.jpg,1785610225721614080,9.911,35.431,54.569,14,61,1235.2,1.16,1,54.569
27502,00027502.jpg,1785610225756702464,9.934,35.74,54.26,13,55,1202.2,1.43,1,54.26
27503,00027503.jpg,1785610225788003584,9.945,36.863,53.137,12,53,1207.5,1.62,1,53.137
27504,00027504.jpg,1785610225821615872,9.941,36.822,53.178,14,61,1263.1,1.37,1,53.178
27505,00027505.jpg,1785610225856519680,9.92,36.719,53.281,15,59,1238.7,1.46,1,53.281
27506,00027506.jpg,1785610225889209856,9.898,37.013,52.987,13,59,1276.6,1.85,1,52.987
27507,00027507.jpg,1785610225922198784,9.894,36.446,53.554,11,58,1279.4,1.62,1,53.554
27508,00027508.jpg,1785610225955340800,9.889,36.452,53.548,11,56,1276.3,1.59,1,53.548
27509,00027509.jpg,1785610225989346816,9.902,36.448,53.552,10,56,1297.9,1.55,1,53.552
27510,00027510.jpg,1785610226021285120,9.906,37.041,52.959,14,63,1339.4,2.16,1,52.959
27511,00027511.jpg,1785610226054441984,9.948,36.594,53.406,13,64,1367.9,2.04,1,53.406
27512,00027512.jpg,1785610226088094976,10.041,36.911,53.089,15,66,1426.2,2.65,1,53.089
27513,00027513.jpg,1785610226121256704,9.936,37.648,52.352,13,64,1419.7,2.51,1,52.352
27514,00027514.jpg,1785610226155917824,9.984,36.31,53.69,12,60,1381.2,1.57,1,53.69
27515,00027515.jpg,1785610226189125888,10.004,34.991,55.009,12,63,1404.9,1.18,1,55.009
27516,00027516.jpg,1785610226221172736,10.026,34.846,55.154,14,70,1419.8,0.85,1,55.154
27517,00027517.jpg,1785610226255844352,10.027,34.575,55.425,14,65,1408.3,1.13,1,55.425
27518,00027518.jpg,1785610226288204288,9.971,34.389,55.611,15,69,1448.2,0.94,1,55.611
27519,00027519.jpg,1785610226323482880,9.939,34.58,55.42,14,69,1444.0,0.97,1,55.42
27520,00027520.jpg,1785610226354798592,9.929,34.833,55.167,14,69,1477.1,1.13,1,55.167
27521,00027521.jpg,1785610226389026816,9.934,35.284,54.716,14,68,1473.3,0.92,1,54.716
27522,00027522.jpg,1785610226422595328,10.014,35.095,54.905,13,65,1478.0,1.11,1,54.905
27523,00027523.jpg,1785610226455891456,9.989,35.301,54.699,17,71,1526.0,1.15,1,54.699
27524,00027524.jpg,1785610226488752128,10.018,34.462,55.538,17,70,1498.9,1.03,1,55.538
27525,00027525.jpg,1785610226523738624,10.022,33.639,56.361,15,70,1493.9,1.23,1,56.361
27526,00027526.jpg,1785610226557370880,10.022,33.743,56.257,16,71,1490.6,1.41,1,56.257
27527,00027527.jpg,1785610226589080320,9.962,33.798,56.202,16,69,1491.3,1.43,1,56.202
27528,00027528.jpg,1785610226623869184,9.933,34.226,55.774,14,71,1504.0,1.56,1,55.774
27529,00027529.jpg,1785610226655625216,9.916,34.476,55.524,15,70,1519.2,1.38,1,55.524
27530,00027530.jpg,1785610226689022720,9.931,33.916,56.084,16,68,1483.6,1.06,1,56.084
27531,00027531.jpg,1785610226721441280,9.938,33.358,56.642,14,64,1454.8,1.13,1,56.642
27532,00027532.jpg,1785610226755180032,9.913,32.868,57.132,12,66,1500.0,1.32,1,57.132
27533,00027533.jpg,1785610226789150208,9.901,33.415,56.585,13,64,1480.9,1.4,1,56.585
27534,00027534.jpg,1785610226822089472,9.892,33.308,56.692,15,68,1506.0,1.5,1,56.692
27535,00027535.jpg,1785610226854396672,9.886,33.415,56.585,15,71,1491.1,0.99,1,56.585
27536,00027536.jpg,1785610226888726528,9.885,33.47,56.53,13,69,1446.2,1.75,1,56.53
27537,00027537.jpg,1785610226921967616,9.886,33.897,56.103,15,66,1417.7,1.15,1,56.103
27538,00027538.jpg,1785610226957777408,9.886,33.66,56.34,17,72,1411.5,1.79,1,56.34
27539,00027539.jpg,1785610226972061696,9.927,33.961,56.039,16,73,1393.8,1.85,1,56.039
27540,00027540.jpg,1785610227021241088,59.748,36.609,53.391,14,62,1253.8,1.46,1,53.391
27541,00027541.jpg,1785610227054554112,16.302,35.494,54.506,17,70,1311.9,1.01,1,54.506
27542,00027542.jpg,1785610227089179904,12.641,34.415,55.585,16,66,1298.2,1.0,1,55.585
27543,00027543.jpg,1785610227121811712,13.261,35.442,54.558,16,66,1329.7,1.33,1,54.558
27544,00027544.jpg,1785610227155243520,13.918,35.08,54.92,15,66,1305.1,1.14,1,54.92
27545,00027545.jpg,1785610227188998400,15.055,35.129,54.871,16,70,1346.4,1.23,1,54.871
27546,00027546.jpg,1785610227223067648,16.05,35.42,54.58,16,68,1334.4,1.06,1,54.58
27547,00027547.jpg,1785610227255116288,17.1,35.388,54.612,14,64,1327.1,1.25,1,54.612
27548,00027548.jpg,1785610227289335040,17.757,35.078,54.922,15,69,1324.4,1.15,1,54.922
27549,00027549.jpg,1785610227323724544,9.867,35.438,54.562,14,69,1320.1,1.11,1,54.562
27550,00027550.jpg,1785610227355591424,3.987,35.405,54.595,15,66,1300.0,1.11,1,54.595
27551,00027551.jpg,1785610227389481984,4.8,35.427,54.573,17,70,1292.2,1.33,1,54.573
27552,00027552.jpg,1785610227421881088,6.614,35.186,54.814,17,70,1286.4,1.03,1,54.814
27553,00027553.jpg,1785610227455217920,8.51,35.408,54.592,16,70,1284.1,1.23,1,54.592
27554,00027554.jpg,1785610227488664064,9.747,35.618,54.382,17,75,1302.7,1.5,1,54.382
27555,00027555.jpg,1785610227522390016,10.652,35.41,54.59,15,75,1260.2,1.26,1,54.59
27556,00027556.jpg,1785610227556397824,9.422,35.622,54.378,19,73,1254.4,1.36,1,54.378
27557,00027557.jpg,1785610227589369344,9.009,35.144,54.856,16,69,1237.2,1.41,1,54.856
27558,00027558.jpg,1785610227621451264,9.174,35.087,54.913,15,69,1227.9,1.39,1,54.913
27559,00027559.jpg,1785610227654978304,9.385,35.513,54.487,15,62,1188.6,1.09,1,54.487
27560,00027560.jpg,1785610227687482112,9.533,35.694,54.306,14,66,1204.5,1.23,1,54.306
27561,00027561.jpg,1785610227721726720,9.619,35.395,54.605,14,65,1199.2,1.43,1,54.605
27562,00027562.jpg,1785610227756811008,9.673,36.017,53.983,14,63,1179.3,1.3,1,53.983
27563,00027563.jpg,1785610227788861952,9.7,35.637,54.363,14,67,1221.3,1.7,1,54.363
27564,00027564.jpg,1785610227822046208,9.738,35.683,54.317,14,68,1231.5,1.66,1,54.317
27565,00027565.jpg,1785610227855231232,9.731,36.235,53.765,13,61,1196.1,1.59,1,53.765
27566,00027566.jpg,1785610227889494784,9.736,35.497,54.503,16,69,1220.0,1.37,1,54.503
27567,00027567.jpg,1785610227922605312,9.748,35.368,54.632,16,67,1210.5,1.05,1,54.632
27568,00027568.jpg,1785610227955308800,9.76,35.519,54.481,18,68,1207.2,1.21,1,54.481
27569,00027569.jpg,1785610227988989184,9.751,35.45,54.55,17,74,1194.1,1.25,1,54.55
27570,00027570.jpg,1785610228022131712,9.739,35.058,54.942,13,68,1137.5,1.27,1,54.942
27571,00027571.jpg,1785610228054242816,9.726,35.461,54.539,16,67,1134.3,1.22,1,54.539
27572,00027572.jpg,1785610228088125952,9.723,35.178,54.822,14,59,1082.3,1.15,1,54.822
27573,00027573.jpg,1785610228121001216,9.727,35.643,54.357,14,64,1125.7,1.6,1,54.357
27574,00027574.jpg,1785610228154906112,9.759,35.537,54.463,16,67,1111.4,1.61,1,54.463
27575,00027575.jpg,1785610228188760320,9.771,36.096,53.904,16,64,1101.7,1.17,1,53.904
27576,00027576.jpg,1785610228222138112,9.859,36.398,53.602,15,62,1101.3,1.63,1,53.602
27577,00027577.jpg,1785610228254898176,9.865,36.542,53.458,16,66,1139.4,2.16,1,53.458
27578,00027578.jpg,1785610228288389888,9.892,36.497,53.503,14,60,1094.3,2.16,1,53.503
27579,00027579.jpg,1785610228323235072,9.926,35.954,54.046,15,60,1097.5,1.83,1,54.046
27580,00027580.jpg,1785610228354205696,10.041,35.38,54.62,12,58,1058.1,1.41,1,54.62
27581,00027581.jpg,1785610228389133824,10.088,35.169,54.831,13,66,1080.8,2.16,1,54.831
27582,00027582.jpg,1785610228422628352,10.104,35.473,54.527,13,61,1039.2,2.01,1,54.527
27583,00027583.jpg,1785610228454207744,10.078,33.747,56.253,12,62,1047.2,2.51,1,56.253
27584,00027584.jpg,1785610228488123392,9.902,34.171,55.829,13,61,1005.9,3.42,1,55.829
27585,00027585.jpg,1785610228521338624,9.831,35.62,54.38,11,56,946.0,3.64,1,54.38
27586,00027586.jpg,1785610228557400320,9.787,34.768,55.232,11,53,934.8,2.86,1,55.232
27587,00027587.jpg,1785610228587616512,9.843,33.988,56.012,12,52,904.3,2.5,1,56.012
27588,00027588.jpg,1785610228622216192,9.859,34.989,55.011,12,54,889.8,2.01,1,55.011
27589,00027589.jpg,1785610228654157824,9.999,35.265,54.735,12,58,925.4,2.11,1,54.735
27590,00027590.jpg,1785610228689115136,10.055,34.617,55.383,11,55,978.1,1.62,1,55.383
27591,00027591.jpg,1785610228721530624,10.09,33.396,56.604,13,68,1002.4,2.55,1,56.604
27592,00027592.jpg,1785610228754739456,10.176,32.763,57.237,10,52,948.1,2.52,1,57.237
27593,00027593.jpg,1785610228787908096,10.199,31.989,58.011,10,58,943.8,2.4,1,58.011
27594,00027594.jpg,1785610228821977088,10.176,32.29,57.71,9,57,934.7,2.56,1,57.71
27595,00027595.jpg,1785610228855425792,10.021,32.259,57.741,9,48,902.0,3.63,1,57.741
27596,00027596.jpg,1785610228888058368,9.876,32.421,57.579,11,48,862.9,3.13,1,57.579
27597,00027597.jpg,1785610228922842880,9.854,32.673,57.327,9,46,818.0,2.42,1,57.327
27598,00027598.jpg,1785610228957240064,9.929,32.677,57.323,12,55,830.2,2.61,1,57.323
27599,00027599.jpg,1785610228988472576,10.107,32.584,57.416,9,50,811.8,2.64,1,57.416
27600,00027600.jpg,1785610229020874496,10.124,32.684,57.316,8,49,814.2,2.22,1,57.316
27601,00027601.jpg,1785610229054323968,10.222,33.56,56.44,9,55,832.7,2.11,1,56.44
27602,00027602.jpg,1785610229088946432,10.351,33.637,56.363,9,48,805.9,2.45,1,56.363
27603,00027603.jpg,1785610229122798592,10.431,33.288,56.712,9,51,765.1,2.08,1,56.712
27604,00027604.jpg,1785610229155545344,10.651,32.121,57.879,11,53,742.9,2.98,1,57.879
27605,00027605.jpg,1785610229188840960,10.691,30.965,59.035,7,40,620.4,2.94,1,59.035
27606,00027606.jpg,1785610229220799488,10.67,31.587,58.413,6,39,628.6,2.84,1,58.413
27607,00027607.jpg,1785610229254973440,10.4,31.922,58.078,10,47,700.9,2.97,1,58.078
27608,00027608.jpg,1785610229287792640,10.066,31.059,58.941,9,41,687.3,2.92,1,58.941
27609,00027609.jpg,1785610229325435392,9.943,31.496,58.504,8,41,682.5,3.09,1,58.504
27610,00027610.jpg,1785610229354552320,9.949,31.795,58.205,8,40,680.7,2.66,1,58.205
27611,00027611.jpg,1785610229388805376,10.006,32.264,57.736,6,39,660.7,2.71,1,57.736
27612,00027612.jpg,1785610229420995072,10.162,32.171,57.829,7,38,653.2,2.5,1,57.829
27613,00027613.jpg,1785610229454413824,10.276,31.807,58.193,7,41,662.4,3.44,1,58.193
27614,00027614.jpg,1785610229488218112,10.291,31.404,58.596,9,43,668.4,3.67,1,58.596
27615,00027615.jpg,1785610229520935168,10.259,31.199,58.801,6,38,678.9,3.43,1,58.801
27616,00027616.jpg,1785610229554106880,10.064,30.753,59.247,9,44,692.9,3.18,1,59.247
27617,00027617.jpg,1785610229588271104,9.865,29.571,60.429,6,38,682.0,3.19,1,60.429
27618,00027618.jpg,1785610229623262976,9.787,30.839,59.161,8,41,668.9,3.99,1,59.161
27619,00027619.jpg,1785610229655322880,9.69,30.978,59.022,7,37,663.3,3.08,1,59.022
27620,00027620.jpg,1785610229688369152,9.643,29.497,60.503,8,40,662.9,2.87,1,60.503
27621,00027621.jpg,1785610229722521344,9.665,29.747,60.253,5,35,630.4,3.0,1,60.253
27622,00027622.jpg,1785610229755097088,9.669,31.579,58.421,9,38,597.5,1.81,1,58.421
27623,00027623.jpg,1785610229788371968,9.698,31.734,58.266,7,44,697.3,3.58,1,58.266
27624,00027624.jpg,1785610229821721856,9.734,31.588,58.412,9,45,710.4,4.37,1,58.412
27625,00027625.jpg,1785610229854523904,9.79,30.687,59.313,6,44,720.5,3.92,1,59.313
27626,00027626.jpg,1785610229887704576,9.795,30.159,59.841,8,43,727.3,3.9,1,59.841
27627,00027627.jpg,1785610229921389056,9.775,29.941,60.059,6,44,709.9,3.5,1,60.059
27628,00027628.jpg,1785610229955014912,9.742,30.307,59.693,6,42,685.4,3.29,1,59.693
27629,00027629.jpg,1785610229988445440,9.726,30.822,59.178,9,49,702.1,4.56,1,59.178
27630,00027630.jpg,1785610230021006080,9.725,29.911,60.089,12,50,683.8,3.49,1,60.089
27631,00027631.jpg,1785610230055560960,9.72,30.056,59.944,10,49,684.3,3.95,1,59.944
27632,00027632.jpg,1785610230087744256,9.722,30.465,59.535,11,53,667.6,4.0,1,59.535
27633,00027633.jpg,1785610230122161664,9.727,29.476,60.524,8,42,638.6,3.86,1,60.524
27634,00027634.jpg,1785610230155216896,9.73,30.655,59.345,11,46,652.6,3.48,1,59.345
27635,00027635.jpg,1785610230187370496,9.733,30.53,59.47,11,45,619.0,3.43,1,59.47
27636,00027636.jpg,1785610230222052608,9.736,29.697,60.303,7,42,596.6,3.48,1,60.303
27637,00027637.jpg,1785610230254533120,9.738,30.494,59.506,11,48,610.6,3.17,1,59.506
27638,00027638.jpg,1785610230288147712,9.739,30.701,59.299,9,44,569.8,3.56,1,59.299
27639,00027639.jpg,1785610230322299392,9.592,30.594,59.406,10,46,611.4,3.55,1,59.406
27640,00027640.jpg,1785610230354971392,8.611,30.399,59.601,10,44,594.8,2.39,1,59.601
27641,00027641.jpg,1785610230388677888,7.392,29.495,60.505,7,40,590.1,4.3,1,60.505
27642,00027642.jpg,1785610230422145536,5.982,30.076,59.924,8,40,592.7,4.29,1,59.924
27643,00027643.jpg,1785610230455331072,4.508,30.269,59.731,7,38,571.5,3.4,1,59.731
27644,00027644.jpg,1785610230489180160,4.227,30.807,59.193,9,40,583.6,3.06,1,59.193
27645,00027645.jpg,1785610230520835584,4.664,30.42,59.58,9,39,586.5,3.53,1,59.58
27646,00027646.jpg,1785610230554205440,8.258,29.548,60.452,9,40,593.1,3.92,1,60.452
27647,00027647.jpg,1785610230588259584,9.208,30.944,59.056,8,42,582.3,2.9,1,59.056
27648,00027648.jpg,1785610230622366208,9.625,28.904,61.096,8,39,591.6,3.57,1,61.096
27649,00027649.jpg,1785610230655505408,9.759,31.053,58.947,8,40,598.4,1.92,1,58.947
27650,00027650.jpg,1785610230687380224,9.639,30.29,59.71,7,37,586.3,2.71,1,59.71
27651,00027651.jpg,1785610230721665792,8.298,29.723,60.277,8,38,595.8,3.88,1,60.277
27652,00027652.jpg,1785610230755512576,6.21,30.508,59.492,8,42,617.0,2.92,1,59.492
27653,00027653.jpg,1785610230787884032,4.696,30.068,59.932,7,36,590.6,3.72,1,59.932
27654,00027654.jpg,1785610230820744192,3.963,26.859,63.141,9,44,617.4,4.3,1,63.141
27655,00027655.jpg,1785610230855117568,3.73,29.848,60.152,7,37,605.5,3.84,1,60.152
27656,00027656.jpg,1785610230887602176,7.274,29.642,60.358,8,39,629.6,2.86,1,60.358
27657,00027657.jpg,1785610230922098688,8.732,27.506,62.494,8,40,626.7,4.33,1,62.494
27658,00027658.jpg,1785610230957108480,9.397,26.951,63.049,7,34,604.5,4.06,1,63.049
27659,00027659.jpg,1785610230988534784,9.664,26.48,63.52,8,38,627.1,3.74,1,63.52
27660,00027660.jpg,1785610231021271296,9.783,27.49,62.51,6,40,646.6,3.69,1,62.51
27661,00027661.jpg,1785610231055152128,9.833,26.862,63.138,7,39,652.6,4.16,1,63.138
27662,00027662.jpg,1785610231088147200,9.854,26.491,63.509,7,40,669.5,3.76,1,63.509
27663,00027663.jpg,1785610231121024000,9.863,26.349,63.651,8,40,676.6,3.96,1,63.651
27664,00027664.jpg,1785610231155457792,9.874,25.504,64.496,7,38,674.5,3.03,1,64.496
27665,00027665.jpg,1785610231187783680,9.892,25.046,64.954,10,49,727.3,4.45,1,64.954
27666,00027666.jpg,1785610231221386240,9.894,24.414,65.586,6,39,688.7,4.63,1,65.586
27667,00027667.jpg,1785610231255452672,9.881,23.206,66.794,8,40,703.6,6.57,1,66.794
27668,00027668.jpg,1785610231288885760,9.887,25.286,64.714,7,39,707.6,3.58,1,64.714
27669,00027669.jpg,1785610231321938176,9.899,25.345,64.655,8,42,739.4,2.58,1,64.655
27670,00027670.jpg,1785610231356014592,9.91,27.283,62.717,7,39,744.5,2.83,1,62.717
27671,00027671.jpg,1785610231388207616,9.9,26.588,63.412,7,39,745.8,3.26,1,63.412
27672,00027672.jpg,1785610231421261824,9.892,27.177,62.823,8,39,747.2,2.38,1,62.823
27673,00027673.jpg,1785610231454895616,9.877,27.338,62.662,9,43,779.7,2.42,1,62.662
27674,00027674.jpg,1785610231487776768,9.87,27.579,62.421,9,44,773.0,2.35,1,62.421
27675,00027675.jpg,1785610231521260800,9.871,26.717,63.283,6,41,750.1,2.85,1,63.283
27676,00027676.jpg,1785610231554466816,9.889,26.202,63.798,6,38,741.8,3.26,1,63.798
27677,00027677.jpg,1785610231590211328,9.929,26.375,63.625,8,44,774.5,4.16,1,63.625
27678,00027678.jpg,1785610231621563392,9.939,24.509,65.491,8,46,769.0,4.61,1,65.491
27679,00027679.jpg,1785610231655188736,10.058,22.941,67.059,7,42,774.5,3.76,1,67.059
27680,00027680.jpg,1785610231687853056,10.594,24.43,65.57,7,46,771.7,3.95,1,65.57
27681,00027681.jpg,1785610231721376768,11.131,25.207,64.793,9,44,792.5,3.5,1,64.793
27682,00027682.jpg,1785610231755237376,11.688,26.954,63.046,12,52,841.9,2.87,1,63.046
27683,00027683.jpg,1785610231788608000,9.946,28.192,61.808,9,45,813.3,1.74,1,61.808
27684,00027684.jpg,1785610231821805568,9.08,28.116,61.884,9,43,830.4,1.54,1,61.884
27685,00027685.jpg,1785610231854935552,9.167,29.296,60.704,10,49,864.9,0.88,1,60.704
27686,00027686.jpg,1785610231887653376,9.41,28.635,61.365,12,49,869.3,1.52,1,61.365
27687,00027687.jpg,1785610231920679168,9.605,28.38,61.62,9,45,835.6,1.74,1,61.62
27688,00027688.jpg,1785610231955498496,9.701,28.737,61.263,10,48,861.4,1.06,1,61.263
27689,00027689.jpg,1785610231987873536,10.096,28.227,61.773,8,45,840.0,1.52,1,61.773
27690,00027690.jpg,1785610232021803008,10.365,28.301,61.699,10,46,822.3,1.7,1,61.699
27691,00027691.jpg,1785610232055242240,11.03,27.276,62.724,11,51,854.2,2.24,1,62.724
27692,00027692.jpg,1785610232089098496,11.704,25.996,64.004,10,48,816.0,3.59,1,64.004
27693,00027693.jpg,1785610232121160448,11.084,25.471,64.529,8,47,837.8,3.71,1,64.529
27694,00027694.jpg,1785610232155553024,8.993,25.663,64.337,8,46,827.9,4.28,1,64.337
27695,00027695.jpg,1785610232188576512,9.087,26.886,63.114,13,56,900.5,2.81,1,63.114
27696,00027696.jpg,1785610232221925888,9.537,28.123,61.877,11,52,860.7,1.87,1,61.877
27697,00027697.jpg,1785610232255084800,9.761,28.56,61.44,12,55,864.1,1.15,1,61.44
27698,00027698.jpg,1785610232288112128,9.962,29.18,60.82,11,55,900.6,1.0,1,60.82
27699,00027699.jpg,1785610232321381888,9.984,29.472,60.528,12,57,915.7,0.78,1,60.528
27700,00027700.jpg,1785610232354428416,9.902,29.516,60.484,13,53,934.2,1.08,1,60.484
27701,00027701.jpg,1785610232388084480,9.844,29.465,60.535,13,50,889.2,0.89,1,60.535
27702,00027702.jpg,1785610232421949952,9.844,29.825,60.175,12,52,916.8,0.62,1,60.175
27703,00027703.jpg,1785610232454909696,9.831,29.243,60.757,11,48,888.1,0.87,1,60.757
27704,00027704.jpg,1785610232487224576,9.837,29.043,60.957,12,51,897.6,0.86,1,60.957
27705,00027705.jpg,1785610232520902144,9.841,29.085,60.915,13,52,904.4,0.95,1,60.915
27706,00027706.jpg,1785610232555729408,9.841,29.738,60.262,12,54,918.2,0.86,1,60.262
27707,00027707.jpg,1785610232588508160,9.844,29.036,60.964,14,58,939.4,1.03,1,60.964
27708,00027708.jpg,1785610232621563136,9.851,29.16,60.84,12,50,887.1,0.98,1,60.84
27709,00027709.jpg,1785610232654499840,9.855,29.667,60.333,13,54,914.6,0.86,1,60.333
27710,00027710.jpg,1785610232687689984,9.859,29.653,60.347,12,51,887.2,0.93,1,60.347
27711,00027711.jpg,1785610232720950272,9.861,29.138,60.862,12,49,896.4,1.05,1,60.862
27712,00027712.jpg,1785610232755052544,9.863,29.217,60.783,11,48,871.7,0.83,1,60.783
27713,00027713.jpg,1785610232788824576,9.864,29.695,60.305,13,55,908.7,0.72,1,60.305
27714,00027714.jpg,1785610232821875968,9.866,29.644,60.356,12,56,915.6,0.93,1,60.356
27715,00027715.jpg,1785610232855121408,9.879,29.069,60.931,11,50,886.0,0.82,1,60.931
27716,00027716.jpg,1785610232887570176,9.9,28.726,61.274,13,57,935.6,1.07,1,61.274
27717,00027717.jpg,1785610232921873664,9.907,28.559,61.441,13,52,935.9,0.87,1,61.441
27718,00027718.jpg,1785610232954159104,9.995,27.6,62.4,9,48,925.0,0.71,1,62.4
27719,00027719.jpg,1785610232987403264,9.976,27.794,62.206,10,49,933.3,1.02,1,62.206
27720,00027720.jpg,1785610233021840128,10.0,27.898,62.102,11,51,978.9,0.98,1,62.102
27721,00027721.jpg,1785610233054237696,10.104,28.595,61.405,12,56,1039.9,0.93,1,61.405
27722,00027722.jpg,1785610233087222784,10.196,28.666,61.334,15,64,1084.4,0.67,1,61.334
27723,00027723.jpg,1785610233120732160,10.317,29.058,60.942,18,73,1197.2,0.94,1,60.942
27724,00027724.jpg,1785610233155345152,10.437,29.415,60.585,18,73,1244.7,1.25,1,60.585
27725,00027725.jpg,1785610233188634112,10.584,29.795,60.205,16,77,1256.5,0.69,1,60.205
27726,00027726.jpg,1785610233221996288,10.692,30.624,59.376,17,76,1225.2,0.84,1,59.376
27727,00027727.jpg,1785610233254179584,10.765,31.138,58.862,16,75,1238.2,0.7,1,58.862
27728,00027728.jpg,1785610233288030720,11.045,31.736,58.264,14,73,1223.9,0.78,1,58.264
27729,00027729.jpg,1785610233320651264,11.532,31.401,58.599,18,77,1222.0,1.07,1,58.599
27730,00027730.jpg,1785610233355076352,12.421,31.581,58.419,20,76,1211.2,1.3,1,58.419
27731,00027731.jpg,1785610233388468480,13.356,32.297,57.703,15,65,1150.5,0.66,1,57.703
27732,00027732.jpg,1785610233423000320,14.367,31.259,58.741,18,74,1160.3,0.95,1,58.741
27733,00027733.jpg,1785610233454434560,15.583,31.602,58.398,18,66,1082.6,0.97,1,58.398
27734,00027734.jpg,1785610233487679488,16.51,30.831,59.169,11,59,1046.4,1.13,1,59.169
27735,00027735.jpg,1785610233521935616,17.049,30.869,59.131,11,54,1004.8,0.81,1,59.131
27736,00027736.jpg,1785610233554359808,7.236,30.938,59.062,12,61,1040.7,1.04,1,59.062
27737,00027737.jpg,1785610233587740160,5.179,30.272,59.728,13,60,1031.8,1.1,1,59.728
27738,00027738.jpg,1785610233622412800,6.439,30.724,59.276,10,52,996.0,0.82,1,59.276
27739,00027739.jpg,1785610233655040256,7.816,30.249,59.751,10,54,988.6,0.79,1,59.751
27740,00027740.jpg,1785610233688388608,8.767,30.504,59.496,12,57,999.9,0.67,1,59.496
27741,00027741.jpg,1785610233723223296,9.335,30.122,59.878,13,52,987.8,0.88,1,59.878
27742,00027742.jpg,1785610233755796480,9.607,30.438,59.562,11,54,982.8,0.6,1,59.562
27743,00027743.jpg,1785610233788485632,9.756,30.303,59.697,10,50,986.9,0.72,1,59.697
27744,00027744.jpg,1785610233820448000,9.832,30.388,59.612,14,58,1050.6,0.53,1,59.612
27745,00027745.jpg,1785610233855010304,9.868,30.445,59.555,14,57,1018.8,0.78,1,59.555
27746,00027746.jpg,1785610233887145216,9.887,30.186,59.814,10,52,1003.9,0.56,1,59.814
27747,00027747.jpg,1785610233920525824,9.897,30.545,59.455,12,54,995.5,0.82,1,59.455
27748,00027748.jpg,1785610233953809152,9.901,30.305,59.695,12,53,1016.1,0.82,1,59.695
27749,00027749.jpg,1785610233987127808,9.904,30.488,59.512,12,53,988.1,0.85,1,59.512
27750,00027750.jpg,1785610234021348608,9.906,30.529,59.471,11,52,1009.0,0.94,1,59.471
27751,00027751.jpg,1785610234055062784,9.906,30.509,59.491,13,54,996.9,0.69,1,59.491
27752,00027752.jpg,1785610234089846016,9.907,30.353,59.647,16,63,1057.4,0.57,1,59.647
27753,00027753.jpg,1785610234121854720,9.908,30.194,59.806,15,59,1027.6,1.02,1,59.806
27754,00027754.jpg,1785610234154038016,9.908,30.337,59.663,15,59,1018.9,0.83,1,59.663
27755,00027755.jpg,1785610234188485888,9.909,30.543,59.457,16,62,1035.8,0.77,1,59.457
27756,00027756.jpg,1785610234221320704,9.909,30.395,59.605,12,54,993.3,1.08,1,59.605
27757,00027757.jpg,1785610234255062016,9.909,30.326,59.674,14,57,1011.2,0.8,1,59.674
27758,00027758.jpg,1785610234287725824,9.909,30.519,59.481,14,57,1016.3,0.96,1,59.481
27759,00027759.jpg,1785610234320734976,9.91,30.463,59.537,12,59,1005.4,0.82,1,59.537
27760,00027760.jpg,1785610234355248896,9.91,30.52,59.48,14,59,1011.6,0.79,1,59.48
27761,00027761.jpg,1785610234388572416,9.91,30.597,59.403,13,56,987.6,0.73,1,59.403
27762,00027762.jpg,1785610234421138688,9.91,30.559,59.441,13,57,1011.6,0.76,1,59.441
27763,00027763.jpg,1785610234456132864,9.91,30.736,59.264,13,59,1017.1,0.88,1,59.264
27764,00027764.jpg,1785610234487232000,9.91,30.517,59.483,13,59,1008.0,0.83,1,59.483
27765,00027765.jpg,1785610234521703680,9.91,30.366,59.634,10,51,975.3,0.87,1,59.634
27766,00027766.jpg,1785610234554046976,9.91,30.277,59.723,12,53,967.0,0.81,1,59.723
27767,00027767.jpg,1785610234587323904,9.91,30.294,59.706,10,53,966.4,0.73,1,59.706
27768,00027768.jpg,1785610234621136384,9.91,30.144,59.856,13,60,1003.0,0.68,1,59.856
27769,00027769.jpg,1785610234655117312,9.91,30.283,59.717,13,57,988.0,0.79,1,59.717
27770,00027770.jpg,1785610234687514112,9.91,30.301,59.699,14,57,997.4,0.59,1,59.699
27771,00027771.jpg,1785610234723517696,9.91,30.36,59.64,13,59,1016.0,0.78,1,59.64
27772,00027772.jpg,1785610234755194112,9.91,30.691,59.309,12,59,1015.3,0.79,1,59.309
27773,00027773.jpg,1785610234787983616,9.911,30.658,59.342,12,54,992.0,0.71,1,59.342
27774,00027774.jpg,1785610234821787392,9.914,30.089,59.911,16,64,1050.0,0.68,1,59.911
27775,00027775.jpg,1785610234855036416,9.93,29.781,60.219,15,60,1043.3,1.11,1,60.219
27776,00027776.jpg,1785610234887665408,9.931,30.272,59.728,12,54,1024.3,0.67,1,59.728
27777,00027777.jpg,1785610234921561088,9.986,29.631,60.369,13,56,1037.7,0.64,1,60.369
27778,00027778.jpg,1785610234953950464,9.937,29.497,60.503,11,56,1039.9,0.92,1,60.503
27779,00027779.jpg,1785610234988468992,9.954,30.494,59.506,12,59,1040.0,1.01,1,59.506
27780,00027780.jpg,1785610235021702144,9.98,29.983,60.017,15,60,994.4,1.04,1,60.017
27781,00027781.jpg,1785610235054844416,10.014,30.652,59.348,12,56,992.4,0.86,1,59.348
27782,00027782.jpg,1785610235087974400,9.976,30.666,59.334,11,57,1000.1,0.94,1,59.334
27783,00027783.jpg,1785610235121514496,9.973,31.432,58.568,9,54,981.0,0.79,1,58.568
27784,00027784.jpg,1785610235154438912,9.98,31.456,58.544,10,50,956.2,1.19,1,58.544
27785,00027785.jpg,1785610235188719616,9.973,31.598,58.402,12,55,995.6,1.23,1,58.402
27786,00027786.jpg,1785610235221975296,9.953,31.897,58.103,12,56,981.6,0.98,1,58.103
27787,00027787.jpg,1785610235255076864,9.928,31.445,58.555,8,46,941.2,1.29,1,58.555
27788,00027788.jpg,1785610235288769792,9.92,31.61,58.39,11,50,971.2,1.31,1,58.39
27789,00027789.jpg,1785610235322096384,10.103,31.297,58.703,11,52,974.8,1.39,1,58.703
27790,00027790.jpg,1785610235354692608,10.639,31.497,58.503,11,52,969.5,1.21,1,58.503
27791,00027791.jpg,1785610235387732736,11.469,31.538,58.462,12,50,965.3,1.22,1,58.462
27792,00027792.jpg,1785610235421138944,12.136,31.976,58.024,10,49,951.0,0.94,1,58.024
27793,00027793.jpg,1785610235454286080,13.361,30.958,59.042,12,50,941.3,1.24,1,59.042
27794,00027794.jpg,1785610235487377664,14.395,31.49,58.51,11,53,960.8,0.93,1,58.51
27795,00027795.jpg,1785610235521332992,15.256,31.699,58.301,11,53,974.2,1.21,1,58.301
27796,00027796.jpg,1785610235554116352,15.81,31.468,58.532,11,52,980.5,1.33,1,58.532
27797,00027797.jpg,1785610235587397888,10.836,31.774,58.226,11,55,963.0,0.81,1,58.226
27798,00027798.jpg,1785610235622247424,5.517,32.15,57.85,11,52,953.9,1.15,1,57.85
27799,00027799.jpg,1785610235654753280,6.082,31.352,58.648,9,48,937.2,1.05,1,58.648
27800,00027800.jpg,1785610235687498752,7.455,31.337,58.663,12,54,990.6,0.85,1,58.663
27801,00027801.jpg,1785610235721696512,8.499,31.219,58.781,12,50,950.6,1.06,1,58.781
27802,00027802.jpg,1785610235754290688,9.135,31.745,58.255,13,58,1014.8,1.15,1,58.255
27803,00027803.jpg,1785610235787419904,9.481,31.937,58.063,11,48,948.7,1.09,1,58.063
27804,00027804.jpg,1785610235821276928,9.661,31.427,58.573,10,50,956.2,1.4,1,58.573
27805,00027805.jpg,1785610235855077376,9.75,31.146,58.854,12,51,957.1,0.94,1,58.854
27806,00027806.jpg,1785610235887123456,9.794,31.519,58.481,11,54,968.2,0.79,1,58.481
27807,00027807.jpg,1785610235922102784,9.814,31.383,58.617,12,52,961.9,1.31,1,58.617
27808,00027808.jpg,1785610235954991104,9.824,31.62,58.38,10,50,970.7,1.13,1,58.38
27809,00027809.jpg,1785610235988289536,9.828,31.946,58.054,10,52,956.3,1.11,1,58.054
27810,00027810.jpg,1785610236021647872,9.83,30.981,59.019,10,52,980.6,1.12,1,59.019
27811,00027811.jpg,1785610236054820096,9.831,31.016,58.984,10,52,967.0,0.87,1,58.984
27812,00027812.jpg,1785610236088143360,9.832,31.802,58.198,11,52,985.4,0.93,1,58.198
27813,00027813.jpg,1785610236121285376,9.832,31.804,58.196,9,50,973.5,0.97,1,58.196
27814,00027814.jpg,1785610236154719488,9.832,31.809,58.191,9,48,962.6,0.95,1,58.191
27815,00027815.jpg,1785610236188433408,9.832,31.89,58.11,10,52,978.4,1.1,1,58.11
27816,00027816.jpg,1785610236221817344,9.832,31.793,58.207,12,51,986.4,1.16,1,58.207
27817,00027817.jpg,1785610236254296576,9.832,32.026,57.974,12,53,987.4,0.88,1,57.974
27818,00027818.jpg,1785610236287358208,9.831,31.725,58.275,10,51,981.8,1.02,1,58.275
27819,00027819.jpg,1785610236321205760,9.831,31.988,58.012,10,50,966.6,0.67,1,58.012
27820,00027820.jpg,1785610236355075328,9.831,31.463,58.537,10,53,966.7,0.9,1,58.537
27821,00027821.jpg,1785610236388571904,9.831,31.702,58.298,10,49,967.0,0.8,1,58.298
27822,00027822.jpg,1785610236422068736,9.831,31.302,58.698,10,50,994.2,0.88,1,58.698
27823,00027823.jpg,1785610236454777088,9.831,31.856,58.144,12,52,1005.9,1.01,1,58.144
27824,00027824.jpg,1785610236488285952,9.831,32.033,57.967,8,50,966.6,0.98,1,57.967
27825,00027825.jpg,1785610236522140160,9.831,31.62,58.38,11,52,992.3,1.04,1,58.38
27826,00027826.jpg,1785610236554729984,9.831,31.678,58.322,8,50,980.8,0.88,1,58.322
27827,00027827.jpg,1785610236588863488,9.831,31.47,58.53,9,50,984.6,1.21,1,58.53
27828,00027828.jpg,1785610236620495360,9.831,31.832,58.168,8,51,973.4,1.0,1,58.168
27829,00027829.jpg,1785610236653676288,9.83,31.614,58.386,9,49,983.2,1.15,1,58.386
27830,00027830.jpg,1785610236687697408,9.83,31.684,58.316,8,48,954.3,1.29,1,58.316
27831,00027831.jpg,1785610236722984704,9.83,31.178,58.822,9,48,986.3,0.98,1,58.822
27832,00027832.jpg,1785610236754529792,9.83,31.526,58.474,8,46,957.2,1.19,1,58.474
27833,00027833.jpg,1785610236789711872,9.83,31.481,58.519,9,49,971.6,1.22,1,58.519
27834,00027834.jpg,1785610236821190400,9.83,31.477,58.523,8,48,954.3,1.25,1,58.523
27835,00027835.jpg,1785610236854759680,9.83,31.965,58.035,9,51,997.4,1.2,1,58.035
27836,00027836.jpg,1785610236889744640,9.83,31.96,58.04,8,51,989.5,1.04,1,58.04
27837,00027837.jpg,1785610236921560320,9.83,31.397,58.603,8,48,996.6,1.12,1,58.603
27838,00027838.jpg,1785610236954559232,9.83,32.025,57.975,8,48,976.6,1.03,1,57.975
27839,00027839.jpg,1785610236989399040,9.83,31.75,58.25,9,50,984.4,1.05,1,58.25
27840,00027840.jpg,1785610237021448960,9.83,31.349,58.651,9,48,949.2,1.43,1,58.651
27841,00027841.jpg,1785610237054021888,9.83,31.395,58.605,8,46,976.5,0.89,1,58.605
27842,00027842.jpg,1785610237087640832,9.83,31.278,58.722,7,46,966.1,1.28,1,58.722
27843,00027843.jpg,1785610237121475584,9.829,32.042,57.958,10,53,1013.8,1.33,1,57.958
27844,00027844.jpg,1785610237155000576,9.829,31.563,58.437,8,47,984.5,1.07,1,58.437
27845,00027845.jpg,1785610237187084800,9.829,32.336,57.664,8,46,974.6,1.33,1,57.664
27846,00027846.jpg,1785610237222770176,9.829,31.905,58.095,10,50,998.2,1.02,1,58.095
27847,00027847.jpg,1785610237253863680,9.829,31.54,58.46,7,46,979.2,1.09,1,58.46
27848,00027848.jpg,1785610237287402752,9.829,31.535,58.465,9,50,998.5,0.77,1,58.465
27849,00027849.jpg,1785610237320366080,9.829,31.789,58.211,8,51,1001.6,1.16,1,58.211
27850,00027850.jpg,1785610237353707264,9.829,31.55,58.45,9,50,991.5,0.97,1,58.45
27851,00027851.jpg,1785610237386834176,9.829,31.765,58.235,9,50,996.0,1.28,1,58.235
27852,00027852.jpg,1785610237421379072,9.829,31.46,58.54,9,51,980.5,1.24,1,58.54
27853,00027853.jpg,1785610237453474304,9.829,31.653,58.347,11,54,1000.5,0.96,1,58.347
27854,00027854.jpg,1785610237488621312,9.829,31.499,58.501,11,54,1000.4,1.21,1,58.501
27855,00027855.jpg,1785610237521279488,9.83,31.73,58.27,10,52,990.0,1.14,1,58.27
27856,00027856.jpg,1785610237554745856,9.841,31.567,58.433,10,53,987.4,0.85,1,58.433
27857,00027857.jpg,1785610237588158720,9.838,31.563,58.437,9,52,979.9,0.59,1,58.437
27858,00027858.jpg,1785610237620531712,9.87,31.06,58.94,8,49,947.3,0.51,1,58.94
27859,00027859.jpg,1785610237654531840,9.83,31.428,58.572,9,49,936.9,1.14,1,58.572
27860,00027860.jpg,1785610237687609600,9.839,31.622,58.378,7,45,954.0,0.81,1,58.378
27861,00027861.jpg,1785610237722316032,9.844,32.264,57.736,9,52,989.9,1.26,1,57.736
27862,00027862.jpg,1785610237755254528,9.846,32.672,57.328,12,56,1011.9,1.74,1,57.328
27863,00027863.jpg,1785610237787640064,9.842,32.9,57.1,9,48,964.0,1.91,1,57.1
27864,00027864.jpg,1785610237822267392,9.829,32.083,57.917,8,47,949.8,1.68,1,57.917
27865,00027865.jpg,1785610237856268288,9.82,32.824,57.176,9,48,963.5,1.88,1,57.176
27866,00027866.jpg,1785610237887577856,9.827,32.118,57.882,7,47,964.9,1.72,1,57.882
27867,00027867.jpg,1785610237922378496,9.83,31.409,58.591,10,55,972.4,1.28,1,58.591
27868,00027868.jpg,1785610237954212608,9.87,31.134,58.866,9,50,930.1,0.91,1,58.866
27869,00027869.jpg,1785610237987160576,9.877,31.33,58.67,8,49,915.2,0.76,1,58.67
27870,00027870.jpg,1785610238020235008,9.945,31.161,58.839,11,52,885.6,1.24,1,58.839
27871,00027871.jpg,1785610238053969408,9.936,30.762,59.238,10,48,809.4,1.25,1,59.238
27872,00027872.jpg,1785610238087278080,10.008,31.507,58.493,9,49,760.2,0.87,1,58.493
27873,00027873.jpg,1785610238120926976,10.076,30.715,59.285,10,47,715.5,0.7,1,59.285
27874,00027874.jpg,1785610238154208000,10.181,30.564,59.436,8,39,638.4,1.28,1,59.436
27875,00027875.jpg,1785610238187077632,10.304,30.799,59.201,8,38,618.1,1.92,1,59.201
27876,00027876.jpg,1785610238221702912,10.371,31.953,58.047,7,39,659.7,2.42,1,58.047
27877,00027877.jpg,1785610238254871296,10.441,33.689,56.311,8,38,703.6,3.42,1,56.311
27878,00027878.jpg,1785610238288151296,10.411,33.342,56.658,8,40,698.5,3.19,1,56.658
27879,00027879.jpg,1785610238321590272,10.266,33.023,56.977,8,40,679.2,3.38,1,56.977
27880,00027880.jpg,1785610238355620096,9.976,35.885,54.115,8,42,703.5,4.9,1,54.115
27881,00027881.jpg,1785610238387479808,9.833,33.794,56.206,7,40,683.4,4.19,1,56.206
27882,00027882.jpg,1785610238421012992,9.747,34.063,55.937,9,46,719.5,4.08,1,55.937
27883,00027883.jpg,1785610238454782976,9.648,32.637,57.363,7,38,685.7,3.53,1,57.363
27884,00027884.jpg,1785610238489165824,9.665,30.905,59.095,7,40,702.0,4.06,1,59.095
27885,00027885.jpg,1785610238520717824,9.686,30.477,59.523,6,38,705.1,4.11,1,59.523
27886,00027886.jpg,1785610238554554368,9.706,31.213,58.787,7,40,696.4,4.16,1,58.787
27887,00027887.jpg,1785610238588344320,9.731,31.887,58.113,7,41,714.8,3.99,1,58.113
27888,00027888.jpg,1785610238620217856,9.758,31.67,58.33,6,37,697.0,3.4,1,58.33
27889,00027889.jpg,1785610238653853696,9.769,31.824,58.176,7,39,679.1,3.37,1,58.176
27890,00027890.jpg,1785610238687707648,9.781,31.262,58.738,6,38,662.5,3.48,1,58.738
27891,00027891.jpg,1785610238721941504,9.797,30.821,59.179,5,36,671.2,3.0,1,59.179
27892,00027892.jpg,1785610238753767936,9.815,31.736,58.264,6,33,657.0,3.41,1,58.264
27893,00027893.jpg,1785610238787660800,9.827,31.809,58.191,5,33,652.1,3.07,1,58.191
27894,00027894.jpg,1785610238821000704,9.829,31.031,58.969,8,36,673.0,3.36,1,58.969
27895,00027895.jpg,1785610238855019264,9.843,32.532,57.468,6,38,706.7,3.89,1,57.468
27896,00027896.jpg,1785610238888418304,9.846,33.588,56.412,5,32,685.9,4.25,1,56.412
27897,00027897.jpg,1785610238920112896,9.847,32.201,57.799,5,36,691.7,3.52,1,57.799
27898,00027898.jpg,1785610238953451008,9.846,33.123,56.877,4,32,691.0,4.02,1,56.877
27899,00027899.jpg,1785610238987324160,9.847,32.183,57.817,4,30,680.2,3.77,1,57.817
27900,00027900.jpg,1785610239020652544,9.849,32.575,57.425,4,31,683.4,3.45,1,57.425
27901,00027901.jpg,1785610239054716672,9.864,30.505,59.495,5,34,710.6,3.58,1,59.495
27902,00027902.jpg,1785610239088178944,9.87,34.992,55.008,5,34,692.9,3.91,1,55.008
27903,00027903.jpg,1785610239120718592,9.914,31.269,58.731,4,32,647.2,3.52,1,58.731
27904,00027904.jpg,1785610239153994752,9.481,30.975,59.025,5,26,560.6,2.77,1,59.025
27905,00027905.jpg,1785610239187737600,8.782,35.732,54.268,5,23,510.6,4.48,1,54.268
27906,00027906.jpg,1785610239221503744,7.069,36.611,53.389,6,28,528.9,5.02,1,53.389
27907,00027907.jpg,1785610239254411776,5.751,34.635,55.365,6,24,481.2,4.61,1,55.365
27908,00027908.jpg,1785610239287633408,5.738,35.486,54.514,3,18,441.6,4.43,1,54.514
27909,00027909.jpg,1785610239320503296,8.569,37.101,52.899,5,22,458.6,4.56,1,52.899
27910,00027910.jpg,1785610239355099392,9.828,36.053,53.947,5,23,440.7,4.49,1,53.947
27911,00027911.jpg,1785610239388105472,10.461,36.813,53.187,8,25,385.1,4.96,1,53.187
27912,00027912.jpg,1785610239423112704,10.813,38.123,51.877,7,22,292.4,1.89,1,51.877
27913,00027913.jpg,1785610239454336768,11.097,38.338,51.662,11,25,215.4,3.0,1,51.662
27914,00027914.jpg,1785610239487427584,11.399,36.86,53.14,8,24,195.7,2.64,1,53.14
27915,00027915.jpg,1785610239520538880,11.573,36.616,53.384,11,23,192.6,3.33,1,53.384
27916,00027916.jpg,1785610239554855936,11.617,35.06,54.94,7,18,177.4,2.77,1,54.94
27917,00027917.jpg,1785610239587296000,11.449,33.925,56.075,7,21,185.7,1.61,1,56.075
27918,00027918.jpg,1785610239620857088,10.995,33.636,56.364,7,33,461.1,2.04,1,56.364
27919,00027919.jpg,1785610239654491648,10.379,32.397,57.603,8,37,491.6,2.59,1,57.603
27920,00027920.jpg,1785610239687918336,9.989,32.204,57.796,8,43,550.1,2.96,1,57.796
27921,00027921.jpg,1785610239721340928,9.867,31.467,58.533,9,53,710.0,2.99,1,58.533
27922,00027922.jpg,1785610239754738176,9.751,31.526,58.474,13,61,884.2,3.35,1,58.474
27923,00027923.jpg,1785610239787369216,9.775,32.94,57.06,11,57,971.6,2.4,1,57.06
27924,00027924.jpg,1785610239821819392,9.79,30.956,59.044,13,60,1050.5,2.87,1,59.044
27925,00027925.jpg,1785610239856410112,9.811,32.208,57.792,10,56,1039.0,2.43,1,57.792
27926,00027926.jpg,1785610239888303104,9.837,31.668,58.332,12,63,1066.0,2.12,1,58.332
27927,00027927.jpg,1785610239921373440,9.86,32.096,57.904,13,64,1063.5,2.73,1,57.904
27928,00027928.jpg,1785610239954691328,9.871,32.232,57.768,10,61,1046.2,2.7,1,57.768
27929,00027929.jpg,1785610239987533568,9.895,31.756,58.244,17,71,1081.5,2.96,1,58.244
27930,00027930.jpg,1785610240021368064,9.908,32.066,57.934,14,64,1067.6,2.63,1,57.934
27931,00027931.jpg,1785610240055953920,9.917,31.845,58.155,16,58,1038.1,2.25,1,58.155
27932,00027932.jpg,1785610240088782080,9.926,31.235,58.765,14,57,1037.6,2.84,1,58.765
27933,00027933.jpg,1785610240122067968,9.931,32.481,57.519,12,53,1026.1,1.97,1,57.519
27934,00027934.jpg,1785610240154487296,9.786,32.006,57.994,11,52,1023.6,2.41,1,57.994
27935,00027935.jpg,1785610240187318272,8.953,31.076,58.924,12,52,1005.7,2.59,1,58.924
27936,00027936.jpg,1785610240221456384,7.851,31.03,58.97,12,54,1057.8,2.75,1,58.97
27937,00027937.jpg,1785610240254871040,6.128,31.238,58.762,11,55,1036.3,2.19,1,58.762
27938,00027938.jpg,1785610240287100160,5.332,30.907,59.093,13,61,1089.2,2.24,1,59.093
27939,00027939.jpg,1785610240320450816,4.025,30.277,59.723,13,54,1042.3,2.19,1,59.723
27940,00027940.jpg,1785610240354713600,3.217,30.726,59.274,14,59,1067.1,2.21,1,59.274
27941,00027941.jpg,1785610240387002624,3.493,29.907,60.093,12,58,1073.5,2.33,1,60.093
27942,00027942.jpg,1785610240420231680,7.061,30.753,59.247,12,60,1083.2,2.24,1,59.247
27943,00027943.jpg,1785610240454559488,8.685,30.71,59.29,14,60,1090.3,2.84,1,59.29
27944,00027944.jpg,1785610240488378624,9.427,29.759,60.241,12,55,1072.5,2.78,1,60.241
27945,00027945.jpg,1785610240520698112,9.747,29.795,60.205,12,57,1092.1,2.33,1,60.205
27946,00027946.jpg,1785610240553508096,9.885,29.774,60.226,14,59,1119.0,2.3,1,60.226
27947,00027947.jpg,1785610240589007872,9.943,30.555,59.445,13,56,1090.0,2.63,1,59.445
27948,00027948.jpg,1785610240622422528,9.968,29.834,60.166,11,52,1067.5,2.47,1,60.166
27949,00027949.jpg,1785610240653476608,9.979,30.104,59.896,14,59,1097.8,2.1,1,59.896
27950,00027950.jpg,1785610240687612672,9.984,30.493,59.507,13,57,1075.6,2.2,1,59.507
27951,00027951.jpg,1785610240720529920,9.987,30.105,59.895,13,57,1079.5,2.28,1,59.895
27952,00027952.jpg,1785610240754192128,9.989,30.572,59.428,10,50,1017.8,1.98,1,59.428
27953,00027953.jpg,1785610240788067328,9.99,30.976,59.024,13,55,1052.2,1.94,1,59.024
27954,00027954.jpg,1785610240821549312,9.992,31.484,58.516,12,54,1049.0,1.88,1,58.516
27955,00027955.jpg,1785610240854088192,10.006,31.545,58.455,14,58,1093.8,2.27,1,58.455
27956,00027956.jpg,1785610240887600128,10.049,31.508,58.492,12,56,1096.8,1.78,1,58.492
27957,00027957.jpg,1785610240921457408,10.41,30.887,59.113,11,49,1056.2,2.05,1,59.113
27958,00027958.jpg,1785610240954034432,11.113,31.413,58.587,15,58,1099.9,1.69,1,58.587
27959,00027959.jpg,1785610240988501248,11.775,31.13,58.87,16,62,1108.6,1.6,1,58.87
27960,00027960.jpg,1785610241020732416,12.344,30.979,59.021,17,59,1152.3,1.67,1,59.021
27961,00027961.jpg,1785610241054270464,11.193,30.817,59.183,18,67,1199.4,1.79,1,59.183
27962,00027962.jpg,1785610241088393472,8.438,30.831,59.169,13,61,1215.4,1.64,1,59.169
27963,00027963.jpg,1785610241120375296,8.501,31.083,58.917,14,64,1242.9,1.57,1,58.917
27964,00027964.jpg,1785610241154140416,9.029,30.498,59.502,17,65,1243.0,1.85,1,59.502
27965,00027965.jpg,1785610241186987776,9.456,30.661,59.339,17,60,1238.5,1.53,1,59.339
27966,00027966.jpg,1785610241220276480,9.718,30.602,59.398,15,61,1236.4,1.49,1,59.398
27967,00027967.jpg,1785610241253371136,9.865,30.555,59.445,13,58,1231.0,1.49,1,59.445
27968,00027968.jpg,1785610241288575488,9.944,30.444,59.556,16,64,1284.7,1.64,1,59.556
27969,00027969.jpg,1785610241320218112,10.183,30.458,59.542,14,63,1259.3,1.64,1,59.542
27970,00027970.jpg,1785610241354862080,10.713,30.118,59.882,13,66,1231.5,1.49,1,59.882
27971,00027971.jpg,1785610241388084992,11.251,30.595,59.405,16,70,1233.9,1.38,1,59.405
27972,00027972.jpg,1785610241420508672,11.79,31.112,58.888,15,65,1252.3,1.36,1,58.888
27973,00027973.jpg,1785610241454534144,9.753,30.236,59.764,15,64,1309.9,1.7,1,59.764
27974,00027974.jpg,1785610241489052416,8.872,30.118,59.882,14,60,1302.3,1.37,1,59.882
27975,00027975.jpg,1785610241520235264,9.113,29.856,60.144,16,65,1331.5,1.62,1,60.144
27976,00027976.jpg,1785610241554779648,9.465,30.417,59.583,17,68,1338.1,1.53,1,59.583
27977,00027977.jpg,1785610241588268032,9.717,30.136,59.864,16,69,1319.3,1.63,1,59.864
27978,00027978.jpg,1785610241620797440,9.865,30.328,59.672,18,73,1365.7,1.57,1,59.672
27979,00027979.jpg,1785610241654923520,9.954,30.281,59.719,16,67,1312.0,1.85,1,59.719
27980,00027980.jpg,1785610241687141376,9.994,30.657,59.343,18,73,1338.4,1.88,1,59.343
27981,00027981.jpg,1785610241720425216,10.032,30.781,59.219,17,69,1379.8,1.97,1,59.219
27982,00027982.jpg,1785610241753602816,10.079,31.618,58.382,17,68,1408.9,2.87,1,58.382
27983,00027983.jpg,1785610241788236288,10.07,31.992,58.008,17,72,1512.4,1.72,1,58.008
27984,00027984.jpg,1785610241821427200,10.002,32.263,57.737,17,66,1553.0,2.59,1,57.737
27985,00027985.jpg,1785610241854238720,10.022,31.318,58.682,19,74,1651.6,1.61,1,58.682
27986,00027986.jpg,1785610241886887936,10.058,30.013,59.987,19,74,1662.7,0.76,1,59.987
27987,00027987.jpg,1785610241920280064,10.085,29.917,60.083,20,83,1733.4,0.7,1,60.083
27988,00027988.jpg,1785610241953511424,10.09,29.71,60.29,19,82,1687.4,0.71,1,60.29
27989,00027989.jpg,1785610241987200512,10.052,29.351,60.649,21,83,1693.0,0.64,1,60.649
27990,00027990.jpg,1785610242019875584,10.027,29.651,60.349,21,78,1671.8,0.66,1,60.349
27991,00027991.jpg,1785610242054622464,9.925,29.398,60.602,19,76,1599.9,0.76,1,60.602
27992,00027992.jpg,1785610242087502080,9.903,29.73,60.27,21,80,1584.8,0.56,1,60.27
27993,00027993.jpg,1785610242121000448,9.904,29.561,60.439,20,80,1548.1,0.66,1,60.439
27994,00027994.jpg,1785610242154187776,9.9,29.611,60.389,20,76,1455.5,0.54,1,60.389
27995,00027995.jpg,1785610242187979008,9.906,29.669,60.331,21,81,1443.2,0.73,1,60.331
27996,00027996.jpg,1785610242221280512,9.911,29.412,60.588,20,75,1378.3,0.79,1,60.588
27997,00027997.jpg,1785610242254410496,9.913,29.468,60.532,19,73,1349.7,0.66,1,60.532
27998,00027998.jpg,1785610242288628480,9.917,29.411,60.589,21,75,1310.4,0.69,1,60.589
27999,00027999.jpg,1785610242320043776,9.922,29.167,60.833,18,71,1313.2,0.54,1,60.833
28000,00028000.jpg,1785610242353366272,18.697,28.378,61.622,19,70,1282.1,1.03,1,61.622
28001,00028001.jpg,1785610242387696896,11.401,28.978,61.022,21,74,1325.2,0.75,1,61.022
28002,00028002.jpg,1785610242420152576,10.339,29.259,60.741,20,68,1341.0,0.76,1,60.741
28003,00028003.jpg,1785610242453686784,10.253,29.46,60.54,22,73,1391.2,0.76,1,60.54
28004,00028004.jpg,1785610242488519168,9.661,29.512,60.488,21,72,1449.0,0.84,1,60.488
28005,00028005.jpg,1785610242520237824,9.786,29.7,60.3,24,82,1544.0,0.7,1,60.3
28006,00028006.jpg,1785610242553304576,9.916,28.792,61.208,24,88,1500.9,1.51,1,61.208
28007,00028007.jpg,1785610242587877632,9.959,28.86,61.14,25,83,1447.9,1.16,1,61.14
28008,00028008.jpg,1785610242620903424,9.956,29.024,60.976,23,84,1453.2,1.22,1,60.976
28009,00028009.jpg,1785610242653891072,9.943,29.043,60.957,22,78,1447.0,0.86,1,60.957
28010,00028010.jpg,1785610242688335360,9.941,29.121,60.879,21,72,1367.8,1.38,1,60.879
28011,00028011.jpg,1785610242719841024,9.934,28.735,61.265,18,68,1382.8,1.02,1,61.265
28012,00028012.jpg,1785610242754840832,9.928,28.98,61.02,19,68,1371.8,1.05,1,61.02
28013,00028013.jpg,1785610242788459776,9.927,28.869,61.131,21,77,1412.1,0.87,1,61.131
28014,00028014.jpg,1785610242819912448,9.925,29.075,60.925,16,68,1341.3,1.05,1,60.925
28015,00028015.jpg,1785610242854451200,9.922,29.045,60.955,19,77,1370.6,1.24,1,60.955
28016,00028016.jpg,1785610242887949312,9.921,28.932,61.068,20,75,1396.1,0.93,1,61.068
28017,00028017.jpg,1785610242921061376,9.92,29.021,60.979,20,74,1333.3,0.98,1,60.979
28018,00028018.jpg,1785610242953266944,10.083,29.285,60.715,20,72,1362.6,1.17,1,60.715
28019,00028019.jpg,1785610242987987712,10.441,29.065,60.935,19,72,1392.5,1.13,1,60.935
28020,00028020.jpg,1785610243021619200,11.096,29.084,60.916,18,71,1388.4,1.07,1,60.916
28021,00028021.jpg,1785610243053310720,12.081,28.898,61.102,19,76,1365.3,1.15,1,61.102
28022,00028022.jpg,1785610243087954432,12.862,29.012,60.988,18,70,1339.5,0.95,1,60.988
28023,00028023.jpg,1785610243121423104,13.549,29.047,60.953,20,76,1421.7,0.99,1,60.953
28024,00028024.jpg,1785610243153362176,11.044,29.282,60.718,19,71,1406.8,0.96,1,60.718
28025,00028025.jpg,1785610243187880704,7.289,29.43,60.57,18,67,1366.5,1.13,1,60.57
28026,00028026.jpg,1785610243219926272,7.514,29.308,60.692,16,63,1382.4,1.04,1,60.692
28027,00028027.jpg,1785610243254670592,8.355,29.067,60.933,16,64,1393.4,0.93,1,60.933
28028,00028028.jpg,1785610243288521216,9.02,29.384,60.616,16,65,1383.5,0.92,1,60.616
28029,00028029.jpg,1785610243320164096,9.427,29.338,60.662,15,62,1349.1,0.97,1,60.662
28030,00028030.jpg,1785610243353422848,9.659,28.996,61.004,16,66,1350.9,1.03,1,61.004
28031,00028031.jpg,1785610243388186368,9.793,28.488,61.512,19,74,1423.8,0.73,1,61.512
28032,00028032.jpg,1785610243419963136,9.834,29.225,60.775,18,71,1402.2,1.02,1,60.775
28033,00028033.jpg,1785610243453802496,9.876,29.115,60.885,17,70,1429.6,0.85,1,60.885
28034,00028034.jpg,1785610243486915072,9.886,29.437,60.563,16,65,1379.4,0.76,1,60.563
28035,00028035.jpg,1785610243520004608,9.885,29.612,60.388,17,69,1420.8,1.08,1,60.388
28036,00028036.jpg,1785610243555465472,9.882,29.135,60.865,17,69,1418.3,0.91,1,60.865
28037,00028037.jpg,1785610243588431872,9.88,29.084,60.916,19,72,1395.7,1.32,1,60.916
28038,00028038.jpg,1785610243621436928,9.877,28.98,61.02,18,67,1319.2,1.17,1,61.02
28039,00028039.jpg,1785610243654048512,9.876,28.967,61.033,19,71,1300.3,1.07,1,61.033
28040,00028040.jpg,1785610243688440832,9.875,29.511,60.489,20,76,1343.6,1.11,1,60.489
28041,00028041.jpg,1785610243720566528,9.874,29.256,60.744,21,72,1328.6,1.44,1,60.744
28042,00028042.jpg,1785610243753996800,9.873,29.523,60.477,18,72,1350.3,0.87,1,60.477
28043,00028043.jpg,1785610243786886400,9.873,29.449,60.551,20,72,1383.8,1.26,1,60.551
28044,00028044.jpg,1785610243820259328,9.872,29.574,60.426,17,66,1410.6,0.98,1,60.426
28045,00028045.jpg,1785610243853789440,9.871,29.224,60.776,18,69,1415.1,1.09,1,60.776
28046,00028046.jpg,1785610243888387072,9.871,29.295,60.705,18,73,1423.6,1.07,1,60.705
28047,00028047.jpg,1785610243920863232,9.876,29.47,60.53,17,70,1418.0,1.02,1,60.53
28048,00028048.jpg,1785610243953848064,9.893,29.202,60.798,17,66,1414.1,0.88,1,60.798
28049,00028049.jpg,1785610243988561920,9.896,28.958,61.042,18,70,1435.8,0.77,1,61.042
28050,00028050.jpg,1785610244020214784,9.888,28.77,61.23,17,69,1438.9,0.65,1,61.23
28051,00028051.jpg,1785610244054110464,9.902,28.849,61.151,17,73,1438.6,0.95,1,61.151
28052,00028052.jpg,1785610244088873472,9.905,29.136,60.864,18,71,1446.6,0.94,1,60.864
28053,00028053.jpg,1785610244119998720,9.915,29.491,60.509,18,67,1451.1,1.19,1,60.509
28054,00028054.jpg,1785610244153756416,9.904,29.516,60.484,14,66,1418.3,1.07,1,60.484
28055,00028055.jpg,1785610244188604928,9.891,29.483,60.517,19,73,1462.2,1.38,1,60.517
28056,00028056.jpg,1785610244221789184,9.886,29.681,60.319,16,69,1454.3,0.84,1,60.319
28057,00028057.jpg,1785610244254515200,9.907,29.363,60.637,17,68,1456.7,0.83,1,60.637
28058,00028058.jpg,1785610244288915456,9.921,28.902,61.098,14,65,1410.9,1.02,1,61.098
28059,00028059.jpg,1785610244319707136,10.011,28.691,61.309,18,72,1461.1,0.88,1,61.309
28060,00028060.jpg,1785610244354818048,10.021,28.396,61.604,14,66,1453.7,0.59,1,61.604
28061,00028061.jpg,1785610244386996736,10.053,28.809,61.191,14,68,1435.9,0.71,1,61.191
28062,00028062.jpg,1785610244421002496,10.158,28.866,61.134,16,64,1424.2,1.17,1,61.134
28063,00028063.jpg,1785610244453656576,10.24,29.463,60.537,17,84,1564.8,1.27,1,60.537
28064,00028064.jpg,1785610244488023552,10.325,30.067,59.933,19,81,1614.3,1.17,1,59.933
28065,00028065.jpg,1785610244519917312,10.412,31.011,58.989,18,81,1599.3,1.16,1,58.989
28066,00028066.jpg,1785610244553726976,10.501,30.823,59.177,18,85,1625.3,1.49,1,59.177
28067,00028067.jpg,1785610244587278592,10.371,30.848,59.152,20,83,1597.0,1.69,1,59.152
28068,00028068.jpg,1785610244621137664,10.183,31.192,58.808,22,83,1526.8,1.69,1,58.808
28069,00028069.jpg,1785610244653904384,9.922,30.646,59.354,18,69,1345.8,1.46,1,59.354
28070,00028070.jpg,1785610244686798336,9.864,30.929,59.071,14,58,1329.2,1.6,1,59.071
28071,00028071.jpg,1785610244720221696,9.82,30.307,59.693,15,65,1338.9,1.47,1,59.693
28072,00028072.jpg,1785610244753895936,9.778,30.383,59.617,13,62,1395.7,1.4,1,59.617
28073,00028073.jpg,1785610244786791680,9.786,31.357,58.643,14,65,1419.0,1.64,1,58.643
28074,00028074.jpg,1785610244820240896,9.787,30.516,59.484,16,65,1479.4,1.36,1,59.484
28075,00028075.jpg,1785610244856856320,9.815,30.149,59.851,14,63,1477.3,1.47,1,59.851
28076,00028076.jpg,1785610244888143360,9.846,30.455,59.545,16,67,1506.7,1.21,1,59.545
28077,00028077.jpg,1785610244920392704,9.931,29.673,60.327,16,70,1475.2,1.01,1,60.327
28078,00028078.jpg,1785610244954313472,10.033,29.81,60.19,14,64,1481.2,1.11,1,60.19
28079,00028079.jpg,1785610244987778816,10.002,30.016,59.984,15,68,1499.7,0.87,1,59.984
28080,00028080.jpg,1785610245019965696,10.005,30.211,59.789,22,85,1600.6,1.36,1,59.789
28081,00028081.jpg,1785610245054070272,10.099,30.855,59.145,19,77,1592.1,1.42,1,59.145
28082,00028082.jpg,1785610245087126272,10.178,31.102,58.898,16,82,1633.4,1.75,1,58.898
28083,00028083.jpg,1785610245120686592,10.198,31.695,58.305,17,77,1587.6,1.55,1,58.305
28084,00028084.jpg,1785610245154227200,10.17,32.922,57.078,18,79,1594.9,2.76,1,57.078
28085,00028085.jpg,1785610245186456832,10.009,32.557,57.443,19,83,1612.7,2.62,1,57.443
28086,00028086.jpg,1785610245221378304,9.872,32.199,57.801,18,75,1553.2,2.29,1,57.801
28087,00028087.jpg,1785610245253732096,9.801,31.68,58.32,14,66,1493.1,1.61,1,58.32
28088,00028088.jpg,1785610245287976960,9.79,31.553,58.447,16,69,1540.9,1.92,1,58.447
28089,00028089.jpg,1785610245321852416,9.773,31.483,58.517,15,69,1517.6,1.78,1,58.517
28090,00028090.jpg,1785610245353299200,9.775,31.997,58.003,16,68,1512.0,1.85,1,58.003
28091,00028091.jpg,1785610245387060224,9.786,31.915,58.085,16,68,1525.6,1.9,1,58.085
28092,00028092.jpg,1785610245420165632,9.801,31.942,58.058,17,69,1537.1,1.8,1,58.058
28093,00028093.jpg,1785610245453734912,9.819,31.403,58.597,17,71,1544.3,1.85,1,58.597
28094,00028094.jpg,1785610245488279552,9.829,31.683,58.317,15,68,1522.6,1.97,1,58.317
28095,00028095.jpg,1785610245520004096,9.861,31.993,58.007,16,68,1554.1,1.85,1,58.007
28096,00028096.jpg,1785610245555451136,9.912,33.114,56.886,18,69,1525.1,2.33,1,56.886
28097,00028097.jpg,1785610245586233088,9.937,33.035,56.965,19,74,1552.0,2.51,1,56.965
28098,00028098.jpg,1785610245621223680,9.957,33.305,56.695,15,68,1499.2,2.62,1,56.695
28099,00028099.jpg,1785610245653134592,9.965,32.424,57.576,15,64,1468.0,1.78,1,57.576
28100,00028100.jpg,1785610245687198208,10.039,31.388,58.612,21,78,1494.7,1.61,1,58.612
28101,00028101.jpg,1785610245722830848,10.088,30.951,59.049,21,92,1542.2,1.7,1,59.049
28102,00028102.jpg,1785610245752969984,10.125,30.786,59.214,21,86,1533.3,1.56,1,59.214
28103,00028103.jpg,1785610245788070912,10.116,30.048,59.952,19,83,1518.5,1.21,1,59.952
28104,00028104.jpg,1785610245819588096,10.096,30.219,59.781,19,79,1520.1,1.36,1,59.781
28105,00028105.jpg,1785610245852991488,9.95,30.194,59.806,20,80,1507.5,1.36,1,59.806
28106,00028106.jpg,1785610245887359744,9.914,30.595,59.405,19,73,1513.5,1.63,1,59.405
28107,00028107.jpg,1785610245919926016,9.857,30.571,59.429,19,78,1536.6,1.39,1,59.429
28108,00028108.jpg,1785610245953208832,9.832,30.326,59.674,20,72,1516.1,1.45,1,59.674
28109,00028109.jpg,1785610245986465536,9.835,31.043,58.957,17,70,1531.2,1.89,1,58.957
28110,00028110.jpg,1785610246020399104,9.834,30.34,59.66,20,73,1548.1,1.69,1,59.66
28111,00028111.jpg,1785610246053024768,9.832,30.742,59.258,18,71,1552.8,1.53,1,59.258
28112,00028112.jpg,1785610246087627008,9.834,30.537,59.463,18,68,1546.3,1.55,1,59.463
28113,00028113.jpg,1785610246121043200,9.84,30.054,59.946,21,76,1589.4,1.39,1,59.946
28114,00028114.jpg,1785610246153711872,9.838,30.448,59.552,20,73,1593.7,1.23,1,59.552
28115,00028115.jpg,1785610246187120896,9.845,30.633,59.367,19,77,1614.2,1.39,1,59.367
28116,00028116.jpg,1785610246221066752,9.852,30.349,59.651,18,75,1611.4,0.97,1,59.651
28117,00028117.jpg,1785610246253577728,9.874,30.296,59.704,19,76,1644.8,0.81,1,59.704
28118,00028118.jpg,1785610246286776832,9.885,30.148,59.852,17,70,1641.1,0.85,1,59.852
28119,00028119.jpg,1785610246319966464,9.859,30.769,59.231,19,76,1744.2,1.23,1,59.231
28120,00028120.jpg,1785610246354520320,9.877,30.749,59.251,19,77,1750.0,1.72,1,59.251
28121,00028121.jpg,1785610246387548672,9.877,29.538,60.462,17,75,1713.2,1.64,1,60.462
28122,00028122.jpg,1785610246421352960,9.875,29.528,60.472,19,79,1736.1,1.7,1,60.472
28123,00028123.jpg,1785610246453361920,9.866,29.397,60.603,17,75,1698.9,1.71,1,60.603
28124,00028124.jpg,1785610246486894080,9.859,30.05,59.95,19,76,1704.8,1.74,1,59.95
28125,00028125.jpg,1785610246520118016,9.878,30.356,59.644,18,77,1682.2,1.87,1,59.644
28126,00028126.jpg,1785610246553472512,9.942,30.069,59.931,18,72,1622.3,1.66,1,59.931
28127,00028127.jpg,1785610246586672896,9.967,31.595,58.405,18,70,1643.1,2.39,1,58.405
28128,00028128.jpg,1785610246620196096,9.99,30.863,59.137,17,66,1557.1,1.78,1,59.137
28129,00028129.jpg,1785610246653463296,10.001,30.375,59.625,21,85,1590.1,2.12,1,59.625
28130,00028130.jpg,1785610246687149056,10.058,30.511,59.489,18,87,1631.9,2.06,1,59.489
28131,00028131.jpg,1785610246719801344,10.136,29.634,60.366,19,99,1649.0,1.73,1,60.366
28132,00028132.jpg,1785610246753546496,10.168,29.077,60.923,19,87,1586.4,1.35,1,60.923
28133,00028133.jpg,1785610246788037888,10.155,29.013,60.987,22,94,1624.3,1.73,1,60.987
28134,00028134.jpg,1785610246821258752,10.106,28.636,61.364,22,99,1656.4,1.7,1,61.364
28135,00028135.jpg,1785610246854444800,9.934,28.95,61.05,20,98,1625.7,1.57,1,61.05
28136,00028136.jpg,1785610246886327296,9.871,29.052,60.948,18,82,1561.4,1.57,1,60.948
28137,00028137.jpg,1785610246919540224,9.847,28.377,61.623,19,77,1552.0,1.67,1,61.623
28138,00028138.jpg,1785610246954021120,9.807,28.689,61.311,25,80,1578.1,1.62,1,61.311
28139,00028139.jpg,1785610246986531584,9.811,28.794,61.206,20,78,1574.4,1.78,1,61.206
28140,00028140.jpg,1785610247019762688,9.837,28.746,61.254,23,84,1572.9,1.8,1,61.254
28141,00028141.jpg,1785610247054009088,9.896,29.145,60.855,20,79,1563.0,1.87,1,60.855
28142,00028142.jpg,1785610247091216128,9.909,29.542,60.458,24,85,1577.8,1.7,1,60.458
28143,00028143.jpg,1785610247119541248,9.923,29.161,60.839,21,81,1562.2,1.61,1,60.839
28144,00028144.jpg,1785610247154992896,9.954,28.376,61.624,18,91,1601.2,1.71,1,61.624
28145,00028145.jpg,1785610247186605312,9.953,28.334,61.666,18,79,1551.9,1.48,1,61.666
28146,00028146.jpg,1785610247219436288,9.956,28.7,61.3,22,82,1551.2,1.48,1,61.3
28147,00028147.jpg,1785610247253100032,9.896,28.212,61.788,21,77,1561.5,1.44,1,61.788
28148,00028148.jpg,1785610247286507008,9.854,27.791,62.209,21,69,1535.8,1.5,1,62.209
28149,00028149.jpg,1785610247320687104,9.837,27.827,62.173,20,76,1564.9,1.51,1,62.173
28150,00028150.jpg,1785610247353291008,9.821,28.492,61.508,21,76,1563.3,1.46,1,61.508
28151,00028151.jpg,1785610247386868992,9.817,28.13,61.87,21,75,1564.7,1.56,1,61.87
28152,00028152.jpg,1785610247420165888,9.82,28.015,61.985,20,71,1561.1,1.66,1,61.985
28153,00028153.jpg,1785610247453297664,9.819,27.802,62.198,18,74,1589.9,1.4,1,62.198
28154,00028154.jpg,1785610247486557440,9.821,28.069,61.931,18,69,1549.3,1.63,1,61.931
28155,00028155.jpg,1785610247520504064,9.823,27.777,62.223,16,72,1557.2,1.67,1,62.223
28156,00028156.jpg,1785610247554713600,9.822,27.816,62.184,17,71,1554.3,1.87,1,62.184
28157,00028157.jpg,1785610247588910080,9.824,27.948,62.052,17,73,1565.6,1.58,1,62.052
28158,00028158.jpg,1785610247620409856,9.825,27.86,62.14,17,73,1562.5,1.63,1,62.14
28159,00028159.jpg,1785610247653915136,9.832,27.667,62.333,18,75,1583.6,1.53,1,62.333
28160,00028160.jpg,1785610247687358976,9.833,28.242,61.758,17,72,1587.5,1.25,1,61.758
28161,00028161.jpg,1785610247720377344,9.828,28.412,61.588,17,72,1604.5,1.06,1,61.588
28162,00028162.jpg,1785610247754670336,9.832,27.858,62.142,18,75,1617.5,1.48,1,62.142
28163,00028163.jpg,1785610247787814656,9.83,27.987,62.013,18,72,1625.0,1.8,1,62.013
28164,00028164.jpg,1785610247820674816,9.829,28.087,61.913,17,70,1597.5,1.84,1,61.913
28165,00028165.jpg,1785610247853808896,9.826,27.85,62.15,17,70,1603.5,2.11,1,62.15
28166,00028166.jpg,1785610247886734848,9.824,27.773,62.227,17,71,1598.0,1.84,1,62.227
28167,00028167.jpg,1785610247920675584,9.823,27.574,62.426,21,76,1628.8,2.05,1,62.426
28168,00028168.jpg,1785610247954677248,9.823,27.856,62.144,16,69,1566.8,1.96,1,62.144
28169,00028169.jpg,1785610247987034624,9.823,27.992,62.008,17,70,1587.7,2.03,1,62.008
28170,00028170.jpg,1785610248020412928,9.823,28.014,61.986,16,70,1575.9,1.89,1,61.986
28171,00028171.jpg,1785610248054952960,9.823,27.723,62.277,18,74,1598.0,2.03,1,62.277
28172,00028172.jpg,1785610248088154624,9.83,28.259,61.741,16,67,1565.5,1.63,1,61.741
28173,00028173.jpg,1785610248120663040,9.831,28.014,61.986,18,70,1587.3,1.57,1,61.986
28174,00028174.jpg,1785610248154843136,9.852,28.439,61.561,16,69,1606.6,1.18,1,61.561
28175,00028175.jpg,1785610248186508288,9.822,28.776,61.224,18,70,1641.6,1.02,1,61.224
28176,00028176.jpg,1785610248219898368,9.83,28.408,61.592,16,66,1587.5,1.69,1,61.592
28177,00028177.jpg,1785610248254126080,9.838,28.454,61.546,17,68,1589.1,2.08,1,61.546
28178,00028178.jpg,1785610248287057920,9.834,27.839,62.161,16,65,1560.6,2.38,1,62.161
28179,00028179.jpg,1785610248320491520,9.829,28.345,61.655,17,71,1573.8,2.31,1,61.655
28180,00028180.jpg,1785610248353357312,9.821,27.83,62.17,15,63,1533.5,2.19,1,62.17
28181,00028181.jpg,1785610248386445824,9.819,27.705,62.295,15,64,1529.5,2.23,1,62.295
28182,00028182.jpg,1785610248419456256,9.818,28.4,61.6,17,65,1517.1,1.88,1,61.6
28183,00028183.jpg,1785610248454319360,9.291,27.777,62.223,15,65,1500.8,2.17,1,62.223
28184,00028184.jpg,1785610248487899904,8.443,27.951,62.049,17,65,1519.9,2.23,1,62.049
28185,00028185.jpg,1785610248519699200,6.964,28.234,61.766,14,60,1478.5,2.23,1,61.766
28186,00028186.jpg,1785610248554807296,5.157,28.559,61.441,17,67,1512.3,2.0,1,61.441
28187,00028187.jpg,1785610248586676736,4.5,27.457,62.543,15,63,1482.6,2.16,1,62.543
28188,00028188.jpg,1785610248619900160,3.798,27.875,62.125,17,68,1475.4,2.0,1,62.125
28189,00028189.jpg,1785610248653903872,3.931,27.885,62.115,15,66,1462.6,1.91,1,62.115
28190,00028190.jpg,1785610248686426624,8.016,27.659,62.341,15,62,1461.1,2.4,1,62.341
28191,00028191.jpg,1785610248719491584,9.064,27.622,62.378,17,67,1473.0,2.23,1,62.378
28192,00028192.jpg,1785610248753980928,9.525,27.772,62.228,15,62,1443.2,2.42,1,62.228
28193,00028193.jpg,1785610248786932224,9.722,27.423,62.577,16,65,1444.1,2.12,1,62.577
28194,00028194.jpg,1785610248820348672,9.804,27.884,62.116,15,61,1430.5,2.08,1,62.116
28195,00028195.jpg,1785610248853201152,9.839,27.708,62.292,16,67,1430.0,1.96,1,62.292
28196,00028196.jpg,1785610248886432768,9.853,27.053,62.947,16,65,1422.3,2.07,1,62.947
28197,00028197.jpg,1785610248920584192,9.859,27.946,62.054,16,64,1424.6,2.03,1,62.054
28198,00028198.jpg,1785610248954031872,9.863,27.672,62.328,16,65,1418.2,2.0,1,62.328
28199,00028199.jpg,1785610248987925760,9.865,27.038,62.962,16,64,1392.3,2.1,1,62.962
28200,00028200.jpg,1785610249019739392,9.867,27.529,62.471,17,67,1400.2,2.16,1,62.471
28201,00028201.jpg,1785610249053664256,9.868,27.397,62.603,15,64,1374.0,2.29,1,62.603
28202,00028202.jpg,1785610249087162880,9.869,27.387,62.613,14,63,1388.6,1.97,1,62.613
28203,00028203.jpg,1785610249119919104,9.87,27.78,62.22,17,67,1412.6,2.12,1,62.22
28204,00028204.jpg,1785610249153379584,9.871,27.647,62.353,17,65,1393.5,2.37,1,62.353
28205,00028205.jpg,1785610249187855104,9.872,27.645,62.355,16,66,1400.2,2.42,1,62.355
28206,00028206.jpg,1785610249221520384,9.873,27.721,62.279,17,69,1402.3,1.97,1,62.279
28207,00028207.jpg,1785610249252871936,9.875,27.513,62.487,17,68,1402.3,2.49,1,62.487
28208,00028208.jpg,1785610249286665728,9.876,27.587,62.413,15,64,1384.8,2.4,1,62.413
28209,00028209.jpg,1785610249321710592,9.877,27.452,62.548,17,66,1399.5,2.25,1,62.548
28210,00028210.jpg,1785610249353643776,9.878,28.16,61.84,16,63,1384.5,2.17,1,61.84
28211,00028211.jpg,1785610249386358016,9.879,28.774,61.226,19,66,1396.5,1.66,1,61.226
28212,00028212.jpg,1785610249419587584,9.88,28.069,61.931,17,65,1386.9,2.07,1,61.931
28213,00028213.jpg,1785610249454892288,9.881,28.064,61.936,16,65,1378.1,2.34,1,61.936
28214,00028214.jpg,1785610249486688512,9.883,28.296,61.704,16,66,1384.3,2.1,1,61.704
28215,00028215.jpg,1785610249520283392,9.884,28.107,61.893,16,68,1372.8,1.96,1,61.893
28216,00028216.jpg,1785610249553532928,9.885,28.91,61.09,17,67,1368.5,2.0,1,61.09
28217,00028217.jpg,1785610249586863616,9.886,27.478,62.522,18,69,1374.4,2.14,1,62.522
28218,00028218.jpg,1785610249621438464,9.887,28.172,61.828,18,68,1384.3,2.12,1,61.828
28219,00028219.jpg,1785610249653564928,9.889,27.873,62.127,16,64,1361.3,2.08,1,62.127
28220,00028220.jpg,1785610249686927104,9.89,28.114,61.886,18,69,1374.6,1.82,1,61.886
28221,00028221.jpg,1785610249720323840,9.891,28.045,61.955,18,72,1381.6,2.15,1,61.955
28222,00028222.jpg,1785610249752853248,9.892,27.718,62.282,18,71,1373.0,2.51,1,62.282
28223,00028223.jpg,1785610249786250240,9.894,27.577,62.423,17,71,1351.7,2.09,1,62.423
28224,00028224.jpg,1785610249820113152,9.895,27.999,62.001,15,64,1308.5,2.08,1,62.001
28225,00028225.jpg,1785610249853461504,9.896,27.447,62.553,18,73,1359.2,2.35,1,62.553
28226,00028226.jpg,1785610249887882496,9.897,27.79,62.21,17,71,1341.4,2.17,1,62.21
28227,00028227.jpg,1785610249919469824,9.899,27.357,62.643,17,71,1326.1,2.27,1,62.643
28228,00028228.jpg,1785610249955174400,9.9,27.874,62.126,17,66,1307.6,2.15,1,62.126
28229,00028229.jpg,1785610249987885824,9.901,28.147,61.853,15,60,1273.8,2.21,1,61.853
28230,00028230.jpg,1785610250019770624,9.902,29.313,60.687,16,63,1289.5,1.66,1,60.687
28231,00028231.jpg,1785610250053522432,9.904,28.475,61.525,18,69,1326.1,1.79,1,61.525
28232,00028232.jpg,1785610250086644480,9.905,27.965,62.035,17,69,1330.8,2.04,1,62.035
28233,00028233.jpg,1785610250119728384,9.906,27.752,62.248,18,72,1338.4,1.96,1,62.248
28234,00028234.jpg,1785610250153569280,9.907,27.881,62.119,16,65,1316.6,1.88,1,62.119
28235,00028235.jpg,1785610250186937600,9.908,27.44,62.56,18,72,1348.4,2.37,1,62.56
28236,00028236.jpg,1785610250219757056,9.909,27.485,62.515,17,70,1339.5,1.99,1,62.515
28237,00028237.jpg,1785610250254436608,9.909,27.766,62.234,17,68,1339.8,1.94,1,62.234
28238,00028238.jpg,1785610250286854912,9.91,27.393,62.607,15,67,1318.5,2.26,1,62.607
28239,00028239.jpg,1785610250320512512,9.911,27.251,62.749,15,65,1322.0,2.24,1,62.749
28240,00028240.jpg,1785610250353690368,9.911,27.713,62.287,16,64,1331.5,2.08,1,62.287
28241,00028241.jpg,1785610250386491904,9.912,27.641,62.359,15,65,1334.7,2.23,1,62.359
28242,00028242.jpg,1785610250419612928,9.913,27.723,62.277,14,68,1331.7,2.13,1,62.277
28243,00028243.jpg,1785610250455500544,9.913,27.952,62.048,18,70,1362.9,1.74,1,62.048
28244,00028244.jpg,1785610250487141120,9.914,27.737,62.263,13,59,1314.1,2.04,1,62.263
28245,00028245.jpg,1785610250520084480,9.914,27.591,62.409,14,63,1339.4,1.87,1,62.409
28246,00028246.jpg,1785610250553399808,9.915,27.716,62.284,15,64,1361.0,1.83,1,62.284
28247,00028247.jpg,1785610250586380032,9.916,27.506,62.494,15,63,1354.0,2.01,1,62.494
28248,00028248.jpg,1785610250620050944,9.916,27.52,62.48,15,63,1362.9,2.09,1,62.48
28249,00028249.jpg,1785610250654752512,9.917,28.186,61.814,15,63,1363.5,1.91,1,61.814
28250,00028250.jpg,1785610250687082240,9.917,27.301,62.699,15,64,1374.4,2.07,1,62.699
28251,00028251.jpg,1785610250719495168,9.959,27.301,62.699,15,63,1372.3,2.12,1,62.699
28252,00028252.jpg,1785610250753540608,10.286,27.583,62.417,15,61,1362.2,1.97,1,62.417
28253,00028253.jpg,1785610250786992896,10.729,27.261,62.739,16,65,1382.7,2.14,1,62.739
28254,00028254.jpg,1785610250819302144,11.59,27.361,62.639,15,65,1360.1,2.43,1,62.639
28255,00028255.jpg,1785610250853121792,12.533,26.792,63.208,16,64,1320.0,3.05,1,63.208
28256,00028256.jpg,1785610250886482432,13.115,26.484,63.516,14,62,1232.5,3.13,1,63.516
28257,00028257.jpg,1785610250919880192,11.034,26.059,63.941,15,65,1171.1,3.45,1,63.941
28258,00028258.jpg,1785610250954313472,7.869,28.052,61.948,12,58,1133.9,2.1,1,61.948
28259,00028259.jpg,1785610250986396672,8.053,28.092,61.908,14,56,1116.6,1.76,1,61.908
28260,00028260.jpg,1785610251019924736,8.732,27.94,62.06,15,61,1149.6,1.39,1,62.06
28261,00028261.jpg,1785610251053437696,9.247,27.849,62.151,16,65,1192.3,1.68,1,62.151
28262,00028262.jpg,1785610251087115008,9.564,28.095,61.905,16,68,1228.6,1.84,1,61.905
28263,00028263.jpg,1785610251121676288,9.736,28.01,61.99,15,65,1251.9,2.18,1,61.99
28264,00028264.jpg,1785610251152722688,9.851,26.82,63.18,16,67,1239.2,2.21,1,63.18
28265,00028265.jpg,1785610251186712576,9.917,27.023,62.977,16,64,1218.4,2.99,1,62.977
28266,00028266.jpg,1785610251219553536,10.048,26.26,63.74,15,63,1135.2,3.7,1,63.74
28267,00028267.jpg,1785610251253336576,9.995,26.358,63.642,15,59,1051.6,3.9,1,63.642
28268,00028268.jpg,1785610251286896896,10.012,27.606,62.394,14,59,1004.2,2.54,1,62.394
28269,00028269.jpg,1785610251320484096,10.077,28.18,61.82,14,57,964.0,1.47,1,61.82
28270,00028270.jpg,1785610251353335808,10.119,28.823,61.177,14,54,963.3,1.12,1,61.177
28271,00028271.jpg,1785610251387023104,10.123,28.425,61.575,15,58,996.3,0.57,1,61.575
28272,00028272.jpg,1785610251420668928,10.109,28.777,61.223,16,60,1034.7,0.76,1,61.223
28273,00028273.jpg,1785610251456080640,9.957,28.642,61.358,14,56,1047.7,0.73,1,61.358
28274,00028274.jpg,1785610251487092480,9.92,28.992,61.008,15,61,1068.5,0.71,1,61.008
28275,00028275.jpg,1785610251521584128,9.928,28.564,61.436,15,58,1068.8,0.92,1,61.436
28276,00028276.jpg,1785610251554724608,9.945,28.649,61.351,15,60,1058.0,0.82,1,61.351
28277,00028277.jpg,1785610251587230464,9.971,28.807,61.193,14,59,1050.6,0.71,1,61.193
28278,00028278.jpg,1785610251619665920,9.977,29.335,60.665,16,60,1068.2,0.87,1,60.665
28279,00028279.jpg,1785610251652778752,9.93,29.2,60.8,16,65,1127.2,0.7,1,60.8
28280,00028280.jpg,1785610251687186688,9.901,28.927,61.073,15,62,1169.5,0.68,1,61.073
28281,00028281.jpg,1785610251719627520,9.888,29.279,60.721,17,69,1234.8,0.69,1,60.721
28282,00028282.jpg,1785610251753486848,9.882,29.167,60.833,16,70,1278.3,0.67,1,60.833
28283,00028283.jpg,1785610251787603968,9.885,29.078,60.922,15,65,1286.7,0.61,1,60.922
28284,00028284.jpg,1785610251821984000,9.885,29.211,60.789,15,67,1318.3,0.79,1,60.789
28285,00028285.jpg,1785610251852572928,9.888,29.369,60.631,15,63,1309.4,0.65,1,60.631
28286,00028286.jpg,1785610251886796032,9.892,29.111,60.889,15,68,1373.2,0.69,1,60.889
28287,00028287.jpg,1785610251919316480,9.894,29.221,60.779,13,65,1348.5,0.6,1,60.779
28288,00028288.jpg,1785610251954085120,9.896,29.224,60.776,18,69,1420.1,0.7,1,60.776
28289,00028289.jpg,1785610251987020288,9.898,29.163,60.837,18,74,1428.4,0.54,1,60.837
28290,00028290.jpg,1785610252020378112,9.9,29.051,60.949,16,67,1416.3,0.48,1,60.949
28291,00028291.jpg,1785610252055173888,9.901,29.037,60.963,15,62,1378.6,0.54,1,60.963
28292,00028292.jpg,1785610252086256384,9.902,29.138,60.862,13,62,1376.8,0.58,1,60.862
28293,00028293.jpg,1785610252119480576,9.903,28.973,61.027,14,62,1389.3,0.5,1,61.027
28294,00028294.jpg,1785610252154661632,9.904,29.15,60.85,13,59,1363.1,0.63,1,60.85
28295,00028295.jpg,1785610252189382400,9.904,29.212,60.788,16,67,1414.5,0.76,1,60.788
28296,00028296.jpg,1785610252220586496,9.905,29.118,60.882,14,61,1376.7,0.55,1,60.882
28297,00028297.jpg,1785610252254496768,9.905,29.327,60.673,15,65,1397.3,0.49,1,60.673
28298,00028298.jpg,1785610252286571264,9.906,29.185,60.815,13,63,1364.1,0.69,1,60.815
28299,00028299.jpg,1785610252319380992,9.906,29.174,60.826,16,65,1405.0,0.58,1,60.826
28300,00028300.jpg,1785610252353239296,9.907,29.311,60.689,15,63,1362.9,0.55,1,60.689
28301,00028301.jpg,1785610252386507008,9.907,28.858,61.142,16,70,1415.9,0.87,1,61.142
28302,00028302.jpg,1785610252420661248,9.908,29.209,60.791,17,70,1424.7,0.68,1,60.791
28303,00028303.jpg,1785610252453276672,9.908,29.152,60.848,17,72,1432.3,0.68,1,60.848
28304,00028304.jpg,1785610252487039488,9.909,29.235,60.765,14,65,1387.1,0.84,1,60.765
28305,00028305.jpg,1785610252520181248,9.909,29.135,60.865,13,65,1357.6,0.62,1,60.865
28306,00028306.jpg,1785610252553112576,9.909,29.309,60.691,15,67,1380.1,0.64,1,60.691
28307,00028307.jpg,1785610252586808576,9.91,29.141,60.859,15,66,1391.5,0.7,1,60.859
28308,00028308.jpg,1785610252619186176,9.91,29.147,60.853,16,69,1396.2,0.46,1,60.853
28309,00028309.jpg,1785610252653487104,9.911,28.872,61.128,15,68,1396.0,0.72,1,61.128
28310,00028310.jpg,1785610252688269824,9.911,29.283,60.717,13,65,1359.8,0.52,1,60.717
28311,00028311.jpg,1785610252719869952,9.911,29.101,60.899,14,66,1366.6,0.78,1,60.899
28312,00028312.jpg,1785610252753328896,9.912,29.201,60.799,15,64,1373.9,0.56,1,60.799
28313,00028313.jpg,1785610252786618880,9.912,28.919,61.081,12,63,1335.6,0.72,1,61.081
28314,00028314.jpg,1785610252819760896,9.913,29.169,60.831,14,65,1369.2,0.67,1,60.831
28315,00028315.jpg,1785610252853274880,9.913,29.143,60.857,14,61,1338.2,0.78,1,60.857
28316,00028316.jpg,1785610252886808320,9.913,29.25,60.75,11,60,1317.6,0.7,1,60.75
28317,00028317.jpg,1785610252921501184,9.914,29.146,60.854,13,60,1336.4,0.67,1,60.854
28318,00028318.jpg,1785610252953347584,9.914,28.934,61.066,13,59,1322.5,0.84,1,61.066
28319,00028319.jpg,1785610252986470912,9.915,29.37,60.63,12,62,1339.5,0.45,1,60.63
28320,00028320.jpg,1785610253019606528,9.915,29.164,60.836,12,60,1322.8,0.65,1,60.836
28321,00028321.jpg,1785610253053089280,9.916,29.464,60.536,12,61,1316.1,0.55,1,60.536
28322,00028322.jpg,1785610253086863872,9.916,29.141,60.859,14,65,1355.4,0.62,1,60.859
28323,00028323.jpg,1785610253119404544,9.916,29.164,60.836,12,59,1328.3,0.67,1,60.836
28324,00028324.jpg,1785610253154738432,9.917,29.263,60.737,14,62,1349.3,0.59,1,60.737
28325,00028325.jpg,1785610253188238080,9.917,29.376,60.624,16,66,1378.5,0.59,1,60.624
28326,00028326.jpg,1785610253220538624,9.918,29.261,60.739,16,68,1383.7,0.6,1,60.739
28327,00028327.jpg,1785610253253044480,9.918,29.234,60.766,15,65,1372.8,0.68,1,60.766
28328,00028328.jpg,1785610253286756352,9.919,29.163,60.837,15,63,1360.8,0.55,1,60.837
28329,00028329.jpg,1785610253320589312,9.919,29.06,60.94,15,65,1366.0,0.65,1,60.94
28330,00028330.jpg,1785610253354597120,9.92,29.143,60.857,13,64,1338.9,0.79,1,60.857
28331,00028331.jpg,1785610253386621440,9.92,29.097,60.903,16,68,1365.9,0.46,1,60.903
28332,00028332.jpg,1785610253420159232,9.921,29.376,60.624,13,59,1326.5,0.5,1,60.624
28333,00028333.jpg,1785610253453394944,9.921,29.41,60.59,16,65,1370.0,0.74,1,60.59
28334,00028334.jpg,1785610253485854976,9.922,29.33,60.67,12,59,1323.3,0.68,1,60.67
28335,00028335.jpg,1785610253521355520,9.922,29.352,60.648,13,62,1348.0,0.44,1,60.648
28336,00028336.jpg,1785610253553202944,9.921,28.994,61.006,13,61,1337.0,0.55,1,61.006
28337,00028337.jpg,1785610253586389504,9.92,28.942,61.058,11,57,1301.4,0.64,1,61.058
28338,00028338.jpg,1785610253619169280,9.919,28.943,61.057,13,62,1322.0,0.76,1,61.057
28339,00028339.jpg,1785610253653695232,9.919,29.013,60.987,12,60,1311.3,0.64,1,60.987
28340,00028340.jpg,1785610253687146240,9.918,28.996,61.004,12,57,1309.0,0.68,1,61.004
28341,00028341.jpg,1785610253720683008,9.917,29.024,60.976,14,58,1313.9,0.56,1,60.976
28342,00028342.jpg,1785610253752597760,9.916,29.406,60.594,14,62,1333.0,0.63,1,60.594
28343,00028343.jpg,1785610253787155200,9.916,29.363,60.637,14,62,1333.7,0.67,1,60.637
28344,00028344.jpg,1785610253819884800,9.915,29.088,60.912,14,62,1306.7,0.52,1,60.912
28345,00028345.jpg,1785610253852890880,9.914,29.132,60.868,15,61,1304.5,0.75,1,60.868
28346,00028346.jpg,1785610253887105280,9.914,29.152,60.848,17,69,1303.0,0.71,1,60.848
28347,00028347.jpg,1785610253919529728,9.913,29.234,60.766,16,65,1281.9,0.47,1,60.766
28348,00028348.jpg,1785610253954329088,9.912,29.336,60.664,16,65,1283.3,0.61,1,60.664
28349,00028349.jpg,1785610253987002624,9.912,29.232,60.768,16,67,1278.5,0.7,1,60.768
28350,00028350.jpg,1785610254020154624,9.911,29.183,60.817,16,63,1257.8,0.44,1,60.817
28351,00028351.jpg,1785610254053669120,9.91,29.62,60.38,15,63,1277.1,0.9,1,60.38
28352,00028352.jpg,1785610254087429120,9.91,29.11,60.89,16,65,1265.7,1.23,1,60.89
28353,00028353.jpg,1785610254119531776,9.909,29.002,60.998,15,63,1247.1,0.71,1,60.998
28354,00028354.jpg,1785610254153003776,9.908,29.244,60.756,16,66,1285.1,0.74,1,60.756
28355,00028355.jpg,1785610254186277632,9.908,29.572,60.428,14,63,1281.6,0.79,1,60.428
28356,00028356.jpg,1785610254219339776,9.907,29.253,60.747,15,59,1256.7,0.59,1,60.747
28357,00028357.jpg,1785610254254280704,9.906,29.253,60.747,14,58,1257.1,0.66,1,60.747
28358,00028358.jpg,1785610254286384384,9.906,29.45,60.55,15,65,1264.8,0.62,1,60.55
28359,00028359.jpg,1785610254322983936,9.905,29.008,60.992,14,62,1186.3,0.67,1,60.992
28360,00028360.jpg,1785610254353082368,9.904,29.274,60.726,15,61,1189.2,0.71,1,60.726
28361,00028361.jpg,1785610254386208000,9.904,29.457,60.543,14,60,1182.6,0.73,1,60.543
28362,00028362.jpg,1785610254419719424,9.903,29.313,60.687,15,61,1179.4,1.0,1,60.687
28363,00028363.jpg,1785610254453080320,9.902,29.392,60.608,15,64,1209.2,0.62,1,60.608
28364,00028364.jpg,1785610254486654464,9.902,29.123,60.877,15,62,1175.8,0.64,1,60.877
28365,00028365.jpg,1785610254519661312,9.901,29.123,60.877,16,63,1195.9,0.96,1,60.877
28366,00028366.jpg,1785610254552850688,9.901,29.131,60.869,16,61,1190.5,0.67,1,60.869
28367,00028367.jpg,1785610254586369280,9.9,29.349,60.651,16,63,1189.0,0.89,1,60.651
28368,00028368.jpg,1785610254619561728,9.899,29.044,60.956,16,64,1155.0,0.68,1,60.956
28369,00028369.jpg,1785610254653410304,9.899,29.229,60.771,16,64,1167.3,0.76,1,60.771
28370,00028370.jpg,1785610254686232320,9.898,29.115,60.885,14,61,1179.8,0.7,1,60.885
28371,00028371.jpg,1785610254719382016,9.897,29.286,60.714,15,59,1179.2,1.03,1,60.714
28372,00028372.jpg,1785610254752716544,9.897,29.502,60.498,14,62,1195.7,0.76,1,60.498
28373,00028373.jpg,1785610254786657536,9.896,29.488,60.512,18,67,1219.6,0.66,1,60.512
28374,00028374.jpg,1785610254820763136,9.896,29.329,60.671,18,70,1220.9,0.74,1,60.671
28375,00028375.jpg,1785610254852524288,9.895,28.984,61.016,16,63,1201.7,0.76,1,61.016
28376,00028376.jpg,1785610254886687488,9.896,29.313,60.687,16,61,1209.5,0.63,1,60.687
28377,00028377.jpg,1785610254919519232,9.899,29.034,60.966,16,65,1210.3,0.56,1,60.966
28378,00028378.jpg,1785610254953618432,9.928,29.221,60.779,18,66,1184.1,0.59,1,60.779
28379,00028379.jpg,1785610254986466304,9.933,28.322,61.678,17,63,1164.3,0.97,1,61.678
28380,00028380.jpg,1785610255020086272,10.029,28.319,61.681,17,62,1161.9,1.24,1,61.681
28381,00028381.jpg,1785610255052633856,9.998,28.1,61.9,16,62,1138.5,0.89,1,61.9
28382,00028382.jpg,1785610255086118144,10.032,27.968,62.032,16,60,1050.5,1.23,1,62.032
28383,00028383.jpg,1785610255119558912,10.106,28.506,61.494,11,52,917.9,1.61,1,61.494
28384,00028384.jpg,1785610255153864960,10.216,28.589,61.411,15,54,766.8,1.2,1,61.411
28385,00028385.jpg,1785610255186854144,10.327,28.69,61.31,15,55,702.3,0.76,1,61.31
28386,00028386.jpg,1785610255220192000,10.444,28.175,61.825,14,48,616.3,1.14,1,61.825
28387,00028387.jpg,1785610255252583936,10.499,28.783,61.217,11,40,486.4,1.39,1,61.217
28388,00028388.jpg,1785610255286715392,10.8,29.341,60.659,12,38,371.0,1.65,1,60.659
28389,00028389.jpg,1785610255320892672,10.953,28.751,61.249,12,31,262.9,1.38,1,61.249
28390,00028390.jpg,1785610255353686528,11.169,29.575,60.425,11,30,229.8,1.42,1,60.425
28391,00028391.jpg,1785610255386836736,11.336,28.156,61.844,7,16,116.9,1.7,1,61.844
28392,00028392.jpg,1785610255419213568,11.524,29.297,60.703,8,16,128.0,0.91,1,60.703
28393,00028393.jpg,1785610255453541120,11.734,31.826,58.174,8,17,115.8,3.39,1,58.174
28394,00028394.jpg,1785610255487049984,11.87,32.793,57.207,9,18,120.8,5.16,1,57.207
28395,00028395.jpg,1785610255519848192,11.948,32.689,57.311,8,16,118.5,2.55,1,57.311
28396,00028396.jpg,1785610255553316608,11.644,32.887,57.113,10,20,169.3,2.91,1,57.113
28397,00028397.jpg,1785610255586427648,11.079,33.405,56.595,11,26,214.2,1.99,1,56.595
28398,00028398.jpg,1785610255619696640,10.552,33.099,56.901,13,36,387.9,3.51,1,56.901
28399,00028399.jpg,1785610255653758208,9.973,33.661,56.339,10,35,447.5,2.17,1,56.339
28400,00028400.jpg,1785610255686844416,9.747,32.627,57.373,14,46,609.8,3.89,1,57.373
28401,00028401.jpg,1785610255719111680,9.613,32.58,57.42,12,46,693.5,3.06,1,57.42
28402,00028402.jpg,1785610255752569856,9.466,32.364,57.636,12,48,745.7,2.79,1,57.636
28403,00028403.jpg,1785610255786794240,9.545,31.888,58.112,14,52,801.4,3.64,1,58.112
28404,00028404.jpg,1785610255820019200,9.614,30.903,59.097,14,51,844.4,3.64,1,59.097
28405,00028405.jpg,1785610255853414912,9.665,31.658,58.342,16,57,908.0,2.81,1,58.342
28406,00028406.jpg,1785610255886743296,9.745,32.346,57.654,13,55,952.5,3.97,1,57.654
28407,00028407.jpg,1785610255919263488,9.813,32.965,57.035,13,54,945.8,3.58,1,57.035
28408,00028408.jpg,1785610255955959808,9.927,32.596,57.404,19,63,1011.7,2.97,1,57.404
28409,00028409.jpg,1785610255986352896,9.936,32.764,57.236,20,76,1035.2,3.24,1,57.236
28410,00028410.jpg,1785610256019180544,10.021,32.465,57.535,14,66,970.5,2.45,1,57.535
28411,00028411.jpg,1785610256052290304,10.033,30.902,59.098,14,68,1023.0,2.64,1,59.098
28412,00028412.jpg,1785610256087122688,10.085,29.747,60.253,16,76,1077.9,3.02,1,60.253
28413,00028413.jpg,1785610256121046272,10.142,31.437,58.563,17,75,1079.5,3.47,1,58.563
28414,00028414.jpg,1785610256153207808,10.154,30.15,59.85,18,77,1120.9,3.18,1,59.85
28415,00028415.jpg,1785610256186686464,10.133,28.557,61.443,20,81,1169.5,3.44,1,61.443
28416,00028416.jpg,1785610256219815680,10.021,28.567,61.433,17,83,1203.5,3.42,1,61.433
28417,00028417.jpg,1785610256252969728,9.902,28.808,61.192,15,73,1133.7,3.14,1,61.192
28418,00028418.jpg,1785610256286552064,9.864,29.947,60.053,20,86,1192.5,2.68,1,60.053
28419,00028419.jpg,1785610256322541824,9.847,30.492,59.508,18,81,1170.4,2.59,1,59.508
28420,00028420.jpg,1785610256353444864,9.83,31.059,58.941,17,78,1180.9,2.53,1,58.941
28421,00028421.jpg,1785610256386290688,9.847,30.684,59.316,21,87,1220.0,2.12,1,59.316
28422,00028422.jpg,1785610256419361536,9.853,31.302,58.698,19,72,1178.9,2.94,1,58.698
28423,00028423.jpg,1785610256453076224,9.859,30.856,59.144,19,78,1226.4,2.12,1,59.144
28424,00028424.jpg,1785610256486940672,9.872,29.71,60.29,20,75,1213.5,2.55,1,60.29
28425,00028425.jpg,1785610256520740864,9.88,30.794,59.206,21,85,1228.1,1.77,1,59.206
28426,00028426.jpg,1785610256553377280,9.884,30.993,59.007,21,77,1223.7,2.38,1,59.007
28427,00028427.jpg,1785610256586616320,9.888,29.786,60.214,21,66,1195.9,2.58,1,60.214
28428,00028428.jpg,1785610256619566592,9.891,30.441,59.559,18,77,1209.4,2.63,1,59.559
28429,00028429.jpg,1785610256652700672,9.894,29.639,60.361,16,64,1199.2,2.26,1,60.361
28430,00028430.jpg,1785610256686259200,9.897,30.567,59.433,19,64,1199.6,1.72,1,59.433
28431,00028431.jpg,1785610256719511040,9.898,29.316,60.684,18,70,1203.1,2.72,1,60.684
28432,00028432.jpg,1785610256753061376,9.905,30.66,59.34,18,65,1209.2,2.74,1,59.34
28433,00028433.jpg,1785610256786498560,9.901,29.83,60.17,18,68,1239.7,2.08,1,60.17
28434,00028434.jpg,1785610256822575104,9.902,29.804,60.196,18,64,1218.4,1.95,1,60.196
28435,00028435.jpg,1785610256852499968,9.903,29.793,60.207,18,63,1237.9,2.21,1,60.207
28436,00028436.jpg,1785610256886724608,9.683,30.351,59.649,17,65,1226.0,2.13,1,59.649
28437,00028437.jpg,1785610256919609088,9.471,30.413,59.587,17,62,1235.1,2.0,1,59.587
28438,00028438.jpg,1785610256952914688,7.849,29.791,60.209,18,64,1247.3,2.26,1,60.209
28439,00028439.jpg,1785610256986416128,9.212,30.65,59.35,19,66,1259.3,2.18,1,59.35
28440,00028440.jpg,1785610257019838976,9.66,29.78,60.22,22,74,1301.7,2.22,1,60.22
28441,00028441.jpg,1785610257052696832,9.822,29.948,60.052,18,65,1262.4,2.09,1,60.052
28442,00028442.jpg,1785610257086615552,9.89,29.987,60.013,19,66,1275.2,1.89,1,60.013
28443,00028443.jpg,1785610257119578368,9.919,30.431,59.569,19,64,1250.9,1.66,1,59.569
28444,00028444.jpg,1785610257153027584,9.933,30.514,59.486,18,62,1239.1,1.79,1,59.486
28445,00028445.jpg,1785610257186170112,9.936,29.725,60.275,17,63,1245.9,2.12,1,60.275
28446,00028446.jpg,1785610257219601408,9.938,30.353,59.647,18,66,1269.9,2.11,1,59.647
28447,00028447.jpg,1785610257253505024,9.938,30.296,59.704,19,64,1286.5,1.95,1,59.704
28448,00028448.jpg,1785610257286426624,9.939,30.358,59.642,17,60,1270.1,1.8,1,59.642
28449,00028449.jpg,1785610257321203968,9.939,30.109,59.891,17,61,1297.1,1.77,1,59.891
28450,00028450.jpg,1785610257353359104,9.939,30.283,59.717,19,63,1312.0,1.71,1,59.717
28451,00028451.jpg,1785610257386523648,9.939,30.35,59.65,19,66,1339.0,1.67,1,59.65
28452,00028452.jpg,1785610257421346304,9.938,30.288,59.712,20,70,1342.3,1.43,1,59.712
28453,00028453.jpg,1785610257453134848,9.938,29.912,60.088,20,65,1329.7,1.71,1,60.088
28454,00028454.jpg,1785610257486669312,9.938,30.727,59.273,18,70,1349.4,1.91,1,59.273
28455,00028455.jpg,1785610257521056512,9.938,30.273,59.727,21,70,1361.8,1.26,1,59.727
28456,00028456.jpg,1785610257552663296,9.938,30.322,59.678,19,66,1353.0,1.72,1,59.678
28457,00028457.jpg,1785610257587226880,9.939,30.051,59.949,19,67,1371.8,1.61,1,59.949
28458,00028458.jpg,1785610257619286784,9.954,30.339,59.661,20,68,1349.0,1.29,1,59.661
28459,00028459.jpg,1785610257653296640,9.975,29.998,60.002,18,69,1370.7,1.33,1,60.002
28460,00028460.jpg,1785610257686550784,9.953,30.109,59.891,18,66,1374.7,1.61,1,59.891
28461,00028461.jpg,1785610257719700224,9.966,30.01,59.99,17,66,1369.0,1.53,1,59.99
28462,00028462.jpg,1785610257752417280,9.972,29.939,60.061,18,69,1389.8,1.36,1,60.061
28463,00028463.jpg,1785610257786681600,9.965,30.156,59.844,19,68,1383.0,1.32,1,59.844
28464,00028464.jpg,1785610257819444224,9.961,30.168,59.832,14,57,1338.2,1.43,1,59.832
28465,00028465.jpg,1785610257852679680,9.95,29.793,60.207,16,63,1406.3,1.47,1,60.207
28466,00028466.jpg,1785610257886085376,9.948,30.023,59.977,16,65,1387.3,1.53,1,59.977
28467,00028467.jpg,1785610257919145472,9.966,29.512,60.488,17,63,1414.0,1.44,1,60.488
28468,00028468.jpg,1785610257954175232,10.005,29.374,60.626,16,66,1407.7,1.88,1,60.626
28469,00028469.jpg,1785610257986582272,10.021,29.274,60.726,15,63,1399.5,1.37,1,60.726
28470,00028470.jpg,1785610258019838208,10.0,29.693,60.307,16,64,1395.8,1.72,1,60.307
28471,00028471.jpg,1785610258052635904,10.036,30.024,59.976,15,65,1402.4,1.21,1,59.976
28472,00028472.jpg,1785610258086061056,10.04,30.278,59.722,15,64,1375.0,0.92,1,59.722
28473,00028473.jpg,1785610258121365248,10.045,30.25,59.75,14,63,1349.5,0.84,1,59.75
28474,00028474.jpg,1785610258153062144,10.005,30.116,59.884,16,67,1366.2,1.14,1,59.884
28475,00028475.jpg,1785610258186625024,9.976,30.36,59.64,17,68,1387.5,1.2,1,59.64
28476,00028476.jpg,1785610258221200896,9.812,30.031,59.969,17,67,1373.5,1.1,1,59.969
28477,00028477.jpg,1785610258252599552,8.815,29.933,60.067,20,71,1347.3,1.14,1,60.067
28478,00028478.jpg,1785610258285785088,8.099,30.012,59.988,19,69,1324.1,1.22,1,59.988
28479,00028479.jpg,1785610258319629056,9.259,30.31,59.69,17,68,1289.1,0.9,1,59.69
28480,00028480.jpg,1785610258353051904,9.72,30.282,59.718,17,67,1286.9,0.83,1,59.718
28481,00028481.jpg,1785610258386927104,9.865,29.915,60.085,17,69,1286.1,1.33,1,60.085
28482,00028482.jpg,1785610258419218432,9.924,29.992,60.008,19,65,1262.8,1.11,1,60.008
28483,00028483.jpg,1785610258454457088,9.947,29.481,60.519,17,65,1274.0,1.34,1,60.519
28484,00028484.jpg,1785610258486626304,9.954,30.202,59.798,19,68,1258.5,0.93,1,59.798
28485,00028485.jpg,1785610258519029504,9.957,29.71,60.29,20,66,1278.2,1.1,1,60.29
28486,00028486.jpg,1785610258553737728,9.956,29.682,60.318,18,69,1271.5,1.14,1,60.318
28487,00028487.jpg,1785610258586032640,9.956,30.179,59.821,15,57,1222.1,0.92,1,59.821
28488,00028488.jpg,1785610258619536128,9.956,30.117,59.883,17,59,1261.0,1.21,1,59.883
28489,00028489.jpg,1785610258652731904,9.968,29.892,60.108,18,63,1290.6,1.3,1,60.108
28490,00028490.jpg,1785610258687022592,9.969,29.842,60.158,17,61,1270.6,1.09,1,60.158
28491,00028491.jpg,1785610258720355584,9.965,29.983,60.017,16,59,1264.1,1.13,1,60.017
28492,00028492.jpg,1785610258752932864,9.972,29.966,60.034,15,59,1278.7,0.78,1,60.034
28493,00028493.jpg,1785610258786148096,9.964,30.261,59.739,18,63,1282.0,0.63,1,59.739
28494,00028494.jpg,1785610258819621888,9.96,29.935,60.065,17,63,1270.7,0.81,1,60.065
28495,00028495.jpg,1785610258852949248,9.954,30.124,59.876,17,64,1287.4,0.97,1,59.876
28496,00028496.jpg,1785610258886422528,9.954,29.825,60.175,15,56,1272.7,0.81,1,60.175
28497,00028497.jpg,1785610258919688448,9.973,30.317,59.683,16,61,1277.9,1.01,1,59.683
28498,00028498.jpg,1785610258952644352,9.963,29.81,60.19,18,62,1299.5,0.93,1,60.19
28499,00028499.jpg,1785610258987158784,9.964,30.105,59.895,17,61,1287.1,0.48,1,59.895
28500,00028500.jpg,1785610259021159424,9.964,30.025,59.975,16,60,1290.6,0.58,1,59.975
28501,00028501.jpg,1785610259053065728,9.958,29.985,60.015,18,60,1301.0,0.81,1,60.015
28502,00028502.jpg,1785610259087955456,9.951,30.074,59.926,17,57,1286.6,0.69,1,59.926
28503,00028503.jpg,1785610259119776000,9.946,30.133,59.867,18,59,1314.4,0.68,1,59.867
28504,00028504.jpg,1785610259152493056,9.943,29.961,60.039,17,60,1305.8,0.6,1,60.039
28505,00028505.jpg,1785610259186190592,9.949,30.089,59.911,19,63,1328.3,0.63,1,59.911
28506,00028506.jpg,1785610259219629312,9.94,30.125,59.875,16,62,1330.0,0.68,1,59.875
28507,00028507.jpg,1785610259253236736,9.434,29.917,60.083,19,63,1322.8,0.59,1,60.083
28508,00028508.jpg,1785610259286927872,8.75,29.71,60.29,18,61,1344.6,0.69,1,60.29
28509,00028509.jpg,1785610259319128064,7.205,30.275,59.725,21,73,1385.8,0.52,1,59.725
28510,00028510.jpg,1785610259352996352,6.421,30.141,59.859,20,68,1375.4,0.58,1,59.859
28511,00028511.jpg,1785610259386640384,8.763,30.232,59.768,20,64,1346.6,0.44,1,59.768
28512,00028512.jpg,1785610259419086336,9.459,30.333,59.667,20,70,1368.6,0.45,1,59.667
28513,00028513.jpg,1785610259453442048,9.767,30.024,59.976,20,70,1391.4,0.64,1,59.976
28514,00028514.jpg,1785610259487572992,9.895,29.8,60.2,22,76,1424.9,0.89,1,60.2
28515,00028515.jpg,1785610259519292416,9.815,29.691,60.309,21,67,1373.4,0.77,1,60.309
28516,00028516.jpg,1785610259552708096,8.26,29.188,60.812,23,73,1392.6,1.29,1,60.812
28517,00028517.jpg,1785610259586669312,6.976,29.007,60.993,21,71,1397.0,1.68,1,60.993
28518,00028518.jpg,1785610259619135744,5.92,29.048,60.952,18,64,1314.7,1.03,1,60.952
28519,00028519.jpg,1785610259652000768,5.812,30.068,59.932,19,75,1328.3,0.72,1,59.932
28520,00028520.jpg,1785610259686422784,8.346,30.381,59.619,21,75,1341.1,0.64,1,59.619
28521,00028521.jpg,1785610259720768000,9.381,30.587,59.413,21,78,1337.6,0.69,1,59.413
28522,00028522.jpg,1785610259753339904,9.763,30.565,59.435,20,73,1314.4,0.61,1,59.435
28523,00028523.jpg,1785610259786289408,9.93,30.434,59.566,23,75,1292.7,0.81,1,59.566
28524,00028524.jpg,1785610259819433216,9.998,30.149,59.851,23,78,1329.5,0.55,1,59.851
28525,00028525.jpg,1785610259852406784,10.046,29.588,60.412,23,78,1287.6,0.88,1,60.412
28526,00028526.jpg,1785610259886851840,10.058,29.664,60.336,20,71,1234.5,1.1,1,60.336
28527,00028527.jpg,1785610259920993024,10.173,28.747,61.253,22,77,1252.9,1.66,1,61.253
28528,00028528.jpg,1785610259954261504,10.136,28.508,61.492,19,72,1160.0,1.93,1,61.492
28529,00028529.jpg,1785610259986945536,10.165,30.124,59.876,19,69,1159.9,0.85,1,59.876
28530,00028530.jpg,1785610260018587392,10.281,30.461,59.539,19,76,1192.1,0.68,1,59.539
28531,00028531.jpg,1785610260054432000,10.347,31.056,58.944,22,84,1243.3,0.92,1,58.944
28532,00028532.jpg,1785610260086478592,10.35,31.728,58.272,21,86,1226.6,1.37,1,58.272
28533,00028533.jpg,1785610260118615808,10.294,31.61,58.39,21,80,1210.2,1.13,1,58.39
28534,00028534.jpg,1785610260154436096,10.104,31.455,58.545,21,78,1220.6,1.87,1,58.545
28535,00028535.jpg,1785610260186637824,10.033,31.983,58.017,20,69,1226.2,1.56,1,58.017
28536,00028536.jpg,1785610260219516416,9.944,31.936,58.064,20,76,1251.3,1.66,1,58.064
28537,00028537.jpg,1785610260253082368,9.907,30.913,59.087,23,74,1249.6,1.27,1,59.087
28538,00028538.jpg,1785610260287341312,9.911,31.61,58.39,21,74,1288.5,1.38,1,58.39
28539,00028539.jpg,1785610260319403008,9.913,31.77,58.23,18,68,1289.9,1.67,1,58.23
28540,00028540.jpg,1785610260352967168,9.911,31.413,58.587,23,77,1312.3,1.65,1,58.587
28541,00028541.jpg,1785610260386271488,10.039,30.879,59.121,24,78,1327.3,1.56,1,59.121
28542,00028542.jpg,1785610260419896832,10.357,31.46,58.54,21,77,1311.4,1.5,1,58.54
28543,00028543.jpg,1785610260452282624,11.097,31.201,58.799,21,77,1337.1,1.48,1,58.799
28544,00028544.jpg,1785610260486600704,11.809,31.009,58.991,21,72,1313.3,1.68,1,58.991
28545,00028545.jpg,1785610260519398656,12.769,31.269,58.731,19,72,1317.5,1.58,1,58.731
28546,00028546.jpg,1785610260554260480,13.603,31.191,58.809,19,71,1266.0,1.71,1,58.809
28547,00028547.jpg,1785610260587052288,14.044,31.175,58.825,18,65,1263.1,1.5,1,58.825
28548,00028548.jpg,1785610260619654144,8.645,31.08,58.92,18,65,1267.1,1.86,1,58.92
28549,00028549.jpg,1785610260653189376,8.332,31.196,58.804,17,63,1258.7,2.32,1,58.804
28550,00028550.jpg,1785610260686554880,10.009,31.173,58.827,17,68,1301.7,2.18,1,58.827
28551,00028551.jpg,1785610260720430080,11.77,31.361,58.639,18,69,1368.7,1.81,1,58.639
28552,00028552.jpg,1785610260752282624,12.607,30.98,59.02,19,71,1391.1,1.26,1,59.02
28553,00028553.jpg,1785610260786752000,13.148,30.386,59.614,21,72,1385.1,0.94,1,59.614
28554,00028554.jpg,1785610260819326208,10.911,30.438,59.562,20,74,1396.9,1.23,1,59.562
28555,00028555.jpg,1785610260852749312,7.71,30.44,59.56,18,65,1295.3,1.0,1,59.56
28556,00028556.jpg,1785610260886561792,8.081,30.313,59.687,17,67,1287.2,1.24,1,59.687
28557,00028557.jpg,1785610260919837184,9.503,29.958,60.042,16,58,1234.0,1.13,1,60.042
28558,00028558.jpg,1785610260953338112,9.311,30.268,59.732,17,62,1252.3,0.94,1,59.732
28559,00028559.jpg,1785610260986169856,9.421,30.573,59.427,17,65,1275.7,1.12,1,59.427
28560,00028560.jpg,1785610261019478272,9.619,31.174,58.826,17,60,1259.8,1.28,1,58.826
28561,00028561.jpg,1785610261053377280,9.764,30.679,59.321,16,59,1241.3,1.14,1,59.321
28562,00028562.jpg,1785610261086204928,9.853,31.121,58.879,17,59,1262.4,1.27,1,58.879
28563,00028563.jpg,1785610261119262464,9.893,30.648,59.352,18,62,1278.7,1.19,1,59.352
28564,00028564.jpg,1785610261153052416,9.947,31.231,58.769,20,66,1321.9,1.68,1,58.769
28565,00028565.jpg,1785610261186281472,9.962,31.707,58.293,21,71,1363.6,1.59,1,58.293
28566,00028566.jpg,1785610261221302016,9.959,30.524,59.476,21,69,1348.6,0.98,1,59.476
28567,00028567.jpg,1785610261252414464,9.971,30.359,59.641,23,75,1460.3,0.94,1,59.641
28568,00028568.jpg,1785610261286478848,9.971,30.382,59.618,23,77,1515.7,0.87,1,59.618
28569,00028569.jpg,1785610261318949632,9.969,30.366,59.634,26,72,1147.3,1.1,1,59.634
28570,00028570.jpg,1785610261354628608,9.958,31.082,58.918,24,71,1195.9,0.85,1,58.918
28571,00028571.jpg,1785610261386791424,9.952,31.082,58.918,23,69,1281.6,1.31,1,58.918
28572,00028572.jpg,1785610261419213312,9.948,30.735,59.265,23,68,1215.3,0.98,1,59.265
28573,00028573.jpg,1785610261452256512,9.945,30.766,59.234,25,66,1082.7,1.24,1,59.234
28574,00028574.jpg,1785610261486681344,9.945,30.784,59.216,24,67,999.4,1.4,1,59.216
28575,00028575.jpg,1785610261519575296,9.944,30.537,59.463,20,63,999.1,1.51,1,59.463
28576,00028576.jpg,1785610261553088000,9.943,31.177,58.823,16,55,916.6,1.33,1,58.823
28577,00028577.jpg,1785610261586421248,9.943,31.201,58.799,16,46,853.4,1.52,1,58.799
28578,00028578.jpg,1785610261620583168,9.942,30.426,59.574,13,46,815.2,1.0,1,59.574
28579,00028579.jpg,1785610261653305088,9.941,31.492,58.508,11,42,655.7,1.46,1,58.508
28580,00028580.jpg,1785610261686947328,9.94,30.892,59.108,8,30,531.4,1.69,1,59.108
28581,00028581.jpg,1785610261719680512,9.939,31.471,58.529,9,28,425.1,0.73,1,58.529
28582,00028582.jpg,1785610261753559296,9.946,31.321,58.679,8,22,269.5,1.7,1,58.679
28583,00028583.jpg,1785610261786656000,9.946,31.583,58.417,8,23,257.0,1.18,1,58.417
28584,00028584.jpg,1785610261819470336,9.96,31.765,58.235,9,25,259.4,1.0,1,58.235
28585,00028585.jpg,1785610261852529664,10.72,34.305,55.695,8,26,272.6,1.29,1,55.695
28586,00028586.jpg,1785610261886328320,9.869,34.317,55.683,11,31,305.2,0.79,1,55.683
28587,00028587.jpg,1785610261919412480,9.764,32.986,57.014,9,25,283.5,1.08,1,57.014
28588,00028588.jpg,1785610261951812608,9.972,32.199,57.801,10,30,343.3,1.35,1,57.801
28589,00028589.jpg,1785610261986509568,10.091,31.24,58.76,9,34,423.4,1.24,1,58.76
28590,00028590.jpg,1785610262019764992,10.157,31.175,58.825,15,45,436.1,1.18,1,58.825
28591,00028591.jpg,1785610262053572608,10.215,30.637,59.363,13,41,423.4,1.04,1,59.363
28592,00028592.jpg,1785610262086212096,10.189,30.53,59.47,12,42,431.4,1.49,1,59.47
28593,00028593.jpg,1785610262119392512,10.152,29.486,60.514,12,41,438.6,1.34,1,60.514
28594,00028594.jpg,1785610262152312832,9.979,28.554,61.446,10,36,387.8,1.67,1,61.446
28595,00028595.jpg,1785610262186448384,9.929,29.736,60.264,9,31,355.4,1.06,1,60.264
28596,00028596.jpg,1785610262219448320,9.89,29.707,60.293,11,26,320.9,0.95,1,60.293
28597,00028597.jpg,1785610262252269568,9.851,29.912,60.088,13,34,336.6,1.27,1,60.088
28598,00028598.jpg,1785610262286545152,9.862,31.04,58.96,10,37,444.9,1.4,1,58.96
28599,00028599.jpg,1785610262319549440,9.861,30.311,59.689,13,38,476.9,0.99,1,59.689
28600,00028600.jpg,1785610262354722816,9.863,31.111,58.889,11,34,441.5,1.49,1,58.889
28601,00028601.jpg,1785610262386762752,9.875,31.051,58.949,11,35,489.8,1.01,1,58.949
28602,00028602.jpg,1785610262419687680,9.881,30.653,59.347,13,34,469.4,1.75,1,59.347
28603,00028603.jpg,1785610262452840192,9.883,30.962,59.038,13,37,505.1,1.46,1,59.038
28604,00028604.jpg,1785610262486802176,9.886,30.454,59.546,13,41,530.5,1.12,1,59.546
28605,00028605.jpg,1785610262519006976,9.889,30.907,59.093,13,38,545.5,1.28,1,59.093
28606,00028606.jpg,1785610262553191424,9.896,30.983,59.017,11,34,520.1,0.38,1,59.017
28607,00028607.jpg,1785610262586290176,9.9,30.962,59.038,11,35,536.6,1.35,1,59.038
28608,00028608.jpg,1785610262619377664,10.089,31.112,58.888,13,37,582.0,0.81,1,58.888
28609,00028609.jpg,1785610262652286720,10.602,30.638,59.362,11,34,498.7,1.17,1,59.362
28610,00028610.jpg,1785610262686286080,11.188,30.296,59.704,11,34,493.9,1.16,1,59.704
28611,00028611.jpg,1785610262719595264,12.08,30.786,59.214,12,40,541.9,0.81,1,59.214
28612,00028612.jpg,1785610262752809984,12.834,31.359,58.641,13,40,538.0,1.04,1,58.641
28613,00028613.jpg,1785610262786316544,13.221,30.928,59.072,14,37,529.7,1.3,1,59.072
28614,00028614.jpg,1785610262819641600,13.584,31.213,58.787,15,46,595.0,1.09,1,58.787
28615,00028615.jpg,1785610262853161216,14.326,30.65,59.35,13,36,557.9,1.23,1,59.35
28616,00028616.jpg,1785610262888414464,15.237,31.4,58.6,12,37,562.6,0.87,1,58.6
28617,00028617.jpg,1785610262918866688,15.996,31.493,58.507,13,39,576.0,1.01,1,58.507
28618,00028618.jpg,1785610262952651776,16.517,30.608,59.392,11,32,523.5,1.25,1,59.392
28619,00028619.jpg,1785610262988846592,9.753,30.937,59.063,13,37,564.7,1.28,1,59.063
28620,00028620.jpg,1785610263019254272,4.9,30.753,59.247,15,42,595.9,1.69,1,59.247
28621,00028621.jpg,1785610263053261056,6.603,30.761,59.239,14,41,589.7,1.3,1,59.239
28622,00028622.jpg,1785610263085613568,9.114,31.09,58.91,12,35,557.4,1.01,1,58.91
28623,00028623.jpg,1785610263118840576,11.433,30.934,59.066,13,39,594.7,0.58,1,59.066
28624,00028624.jpg,1785610263152209408,12.248,30.937,59.063,14,40,593.7,1.28,1,59.063
28625,00028625.jpg,1785610263186279680,12.754,30.494,59.506,11,38,577.0,0.48,1,59.506
28626,00028626.jpg,1785610263219324160,13.067,30.952,59.048,11,36,587.4,0.93,1,59.048
28627,00028627.jpg,1785610263252668672,13.566,30.67,59.33,12,36,582.9,0.7,1,59.33
28628,00028628.jpg,1785610263286950144,14.117,30.414,59.586,11,32,522.6,1.1,1,59.586
28629,00028629.jpg,1785610263318438400,14.883,30.856,59.144,10,29,483.1,0.88,1,59.144
28630,00028630.jpg,1785610263353397504,15.414,30.874,59.126,8,31,701.2,0.54,1,59.126
28631,00028631.jpg,1785610263386550784,10.255,30.79,59.21,5,24,697.6,0.34,1,59.21
28632,00028632.jpg,1785610263419305984,5.075,30.628,59.372,5,26,735.4,0.37,1,59.372
28633,00028633.jpg,1785610263452549376,5.194,30.784,59.216,4,26,772.0,0.48,1,59.216
28634,00028634.jpg,1785610263487700992,5.326,30.655,59.345,4,25,760.9,0.6,1,59.345
28635,00028635.jpg,1785610263519013888,5.206,30.038,59.962,5,33,925.6,0.5,1,59.962
28636,00028636.jpg,1785610263551736832,4.428,30.303,59.697,5,33,941.9,0.57,1,59.697
28637,00028637.jpg,1785610263586451712,4.499,29.851,60.149,8,41,1020.3,0.3,1,60.149
28638,00028638.jpg,1785610263618503936,4.877,30.358,59.642,9,45,1069.3,0.67,1,59.642
28639,00028639.jpg,1785610263651966720,5.008,30.972,59.028,10,49,1118.5,0.54,1,59.028
28640,00028640.jpg,1785610263686576128,4.87,30.87,59.13,12,52,1137.2,0.6,1,59.13
28641,00028641.jpg,1785610263719201024,3.559,30.974,59.026,16,62,1170.9,0.74,1,59.026
28642,00028642.jpg,1785610263753950720,2.549,31.214,58.786,16,66,1206.5,0.84,1,58.786
28643,00028643.jpg,1785610263785904384,2.751,30.739,59.261,19,68,1220.5,0.81,1,59.261
28644,00028644.jpg,1785610263818969600,6.318,30.579,59.421,18,61,1176.3,0.75,1,59.421
28645,00028645.jpg,1785610263853257216,7.572,30.802,59.198,18,67,1182.9,0.73,1,59.198
28646,00028646.jpg,1785610263886684672,9.268,30.066,59.934,19,70,1172.9,1.45,1,59.934
28647,00028647.jpg,1785610263918513920,9.639,29.831,60.169,19,64,1139.2,1.67,1,60.169
28648,00028648.jpg,1785610263951650048,9.833,30.628,59.372,17,61,1106.6,0.72,1,59.372
28649,00028649.jpg,1785610263987715072,9.933,31.287,58.713,15,61,1089.7,1.1,1,58.713
28650,00028650.jpg,1785610264019969024,9.972,31.498,58.502,16,60,1108.0,1.23,1,58.502
28651,00028651.jpg,1785610264052967424,9.99,31.723,58.277,18,65,1108.3,1.66,1,58.277
28652,00028652.jpg,1785610264086145792,9.981,31.386,58.614,17,62,1096.6,1.17,1,58.614
28653,00028653.jpg,1785610264119169280,9.967,31.176,58.824,20,66,1149.0,1.58,1,58.824
28654,00028654.jpg,1785610264152820480,9.942,30.963,59.037,18,62,1128.7,1.34,1,59.037
28655,00028655.jpg,1785610264186779392,9.897,31.51,58.49,18,65,1163.6,1.42,1,58.49
28656,00028656.jpg,1785610264219097856,9.89,31.49,58.51,22,68,1171.3,1.23,1,58.51
28657,00028657.jpg,1785610264253389056,9.883,30.881,59.119,21,70,1221.9,1.15,1,59.119
28658,00028658.jpg,1785610264286045696,9.888,32.042,57.958,19,68,1196.4,1.61,1,57.958
28659,00028659.jpg,1785610264319039744,9.89,31.496,58.504,18,65,1201.0,1.29,1,58.504
28660,00028660.jpg,1785610264353424384,9.89,31.175,58.825,20,65,1205.9,1.22,1,58.825
28661,00028661.jpg,1785610264386660608,9.893,31.599,58.401,23,76,1217.7,1.17,1,58.401
28662,00028662.jpg,1785610264419329024,9.895,31.188,58.812,24,77,1245.7,1.26,1,58.812
28663,00028663.jpg,1785610264452581376,9.896,31.431,58.569,23,77,1246.9,1.34,1,58.569
28664,00028664.jpg,1785610264485913344,9.745,31.449,58.551,22,76,1244.0,1.65,1,58.551
28665,00028665.jpg,1785610264518528512,8.757,31.607,58.393,19,69,1222.1,1.25,1,58.393
28666,00028666.jpg,1785610264553642496,7.81,31.433,58.567,19,70,1208.7,1.18,1,58.567
28667,00028667.jpg,1785610264587168512,7.624,31.094,58.906,22,74,1256.7,0.89,1,58.906
28668,00028668.jpg,1785610264618491904,9.603,31.489,58.511,20,68,1206.8,1.47,1,58.511
28669,00028669.jpg,1785610264653981184,9.761,31.424,58.576,20,75,1246.0,1.09,1,58.576
28670,00028670.jpg,1785610264685928192,9.83,31.93,58.07,21,70,1244.5,1.32,1,58.07
28671,00028671.jpg,1785610264719689728,9.869,31.796,58.204,23,71,1225.4,1.48,1,58.204
28672,00028672.jpg,1785610264751593472,9.898,31.783,58.217,20,75,1247.7,1.48,1,58.217
28673,00028673.jpg,1785610264786454784,9.906,32.367,57.633,24,75,1190.7,1.85,1,57.633
28674,00028674.jpg,1785610264819468032,9.89,31.555,58.445,20,68,1147.1,1.34,1,58.445
28675,00028675.jpg,1785610264852845824,9.913,32.377,57.623,22,68,1132.5,1.58,1,57.623
28676,00028676.jpg,1785610264885793024,9.92,31.245,58.755,22,66,1113.5,1.46,1,58.755
28677,00028677.jpg,1785610264918889728,9.937,31.369,58.631,23,72,1160.3,1.01,1,58.631
28678,00028678.jpg,1785610264952186880,9.934,31.029,58.971,21,69,1159.1,1.28,1,58.971
28679,00028679.jpg,1785610264986560256,9.919,31.045,58.955,22,68,1154.7,0.85,1,58.955
28680,00028680.jpg,1785610265019073792,9.896,31.134,58.866,22,67,1149.1,1.28,1,58.866
28681,00028681.jpg,1785610265052764672,9.898,30.852,59.148,21,68,1176.6,1.28,1,59.148
28682,00028682.jpg,1785610265086083584,9.905,31.587,58.413,20,64,1136.7,1.21,1,58.413
28683,00028683.jpg,1785610265121645824,9.981,31.42,58.58,21,69,1135.3,1.27,1,58.58
28684,00028684.jpg,1785610265152969472,10.048,32.056,57.944,22,71,1140.1,1.6,1,57.944
28685,00028685.jpg,1785610265186369280,10.023,31.839,58.161,23,71,1088.7,1.64,1,58.161
28686,00028686.jpg,1785610265219387904,10.096,31.438,58.562,22,67,943.8,2.01,1,58.562
28687,00028687.jpg,1785610265252515840,10.217,31.55,58.45,18,54,777.2,1.45,1,58.45
28688,00028688.jpg,1785610265286870016,10.311,31.419,58.581,19,54,698.8,1.76,1,58.581
28689,00028689.jpg,1785610265318633984,10.478,31.694,58.306,18,50,622.0,1.46,1,58.306
28690,00028690.jpg,1785610265351718400,10.691,30.638,59.362,18,49,530.4,1.39,1,59.362
28691,00028691.jpg,1785610265385749504,10.843,31.495,58.505,21,45,468.8,2.03,1,58.505
28692,00028692.jpg,1785610265418732032,11.05,31.311,58.689,19,39,388.7,1.58,1,58.689
28693,00028693.jpg,1785610265451926272,11.235,30.509,59.491,18,38,361.0,1.57,1,59.491
28694,00028694.jpg,1785610265486722560,11.248,30.261,59.739,18,40,404.8,1.4,1,59.739
28695,00028695.jpg,1785610265518831872,11.072,30.019,59.981,17,39,429.3,1.02,1,59.981
28696,00028696.jpg,1785610265552354048,10.572,29.834,60.166,20,50,534.1,1.31,1,60.166
28697,00028697.jpg,1785610265586746880,10.353,30.353,59.647,19,51,665.8,1.32,1,59.647
28698,00028698.jpg,1785610265620900096,9.983,29.257,60.743,18,56,711.6,1.05,1,60.743
28699,00028699.jpg,1785610265652592896,9.775,30.116,59.884,20,60,788.4,0.81,1,59.884
28700,00028700.jpg,1785610265686252032,9.81,29.804,60.196,19,54,802.0,1.0,1,60.196
28701,00028701.jpg,1785610265718596352,9.783,29.872,60.128,18,55,839.2,0.69,1,60.128
28702,00028702.jpg,1785610265752690944,9.774,29.636,60.364,19,56,903.1,1.12,1,60.364
28703,00028703.jpg,1785610265785728000,9.831,30.049,59.951,18,64,966.6,1.04,1,59.951
28704,00028704.jpg,1785610265819290624,9.854,30.074,59.926,18,65,1025.6,1.23,1,59.926
28705,00028705.jpg,1785610265851521024,9.857,30.252,59.748,18,58,1046.7,0.91,1,59.748
28706,00028706.jpg,1785610265886818304,9.875,29.977,60.023,17,59,1059.5,0.9,1,60.023
28707,00028707.jpg,1785610265919371008,9.888,30.532,59.468,17,54,1056.1,0.71,1,59.468
28708,00028708.jpg,1785610265952384768,9.89,30.182,59.818,17,62,1129.3,0.81,1,59.818
28709,00028709.jpg,1785610265985601536,9.903,30.436,59.564,15,54,1106.2,0.96,1,59.564
28710,00028710.jpg,1785610266020058624,9.91,29.994,60.006,15,59,1118.4,0.94,1,60.006
28711,00028711.jpg,1785610266052544000,9.913,30.07,59.93,14,52,1069.9,0.58,1,59.93
28712,00028712.jpg,1785610266086398720,9.917,30.471,59.529,13,51,1067.6,0.73,1,59.529
28713,00028713.jpg,1785610266119386112,9.919,29.651,60.349,11,44,1016.9,0.88,1,60.349
28714,00028714.jpg,1785610266153660160,9.922,29.912,60.088,12,46,1040.3,0.81,1,60.088
28715,00028715.jpg,1785610266186212096,9.924,30.346,59.654,13,49,1046.3,0.71,1,59.654
28716,00028716.jpg,1785610266218422016,9.925,30.075,59.925,12,45,1024.1,0.73,1,59.925
28717,00028717.jpg,1785610266252252672,9.926,30.435,59.565,11,39,850.5,1.06,1,59.565
28718,00028718.jpg,1785610266286510592,9.928,30.29,59.71,10,41,848.6,0.84,1,59.71
28719,00028719.jpg,1785610266320029696,9.929,29.61,60.39,10,41,838.7,0.94,1,60.39
28720,00028720.jpg,1785610266353094400,9.93,29.808,60.192,9,37,816.3,0.95,1,60.192
28721,00028721.jpg,1785610266386138880,9.931,30.297,59.703,9,35,787.6,0.66,1,59.703
28722,00028722.jpg,1785610266418845696,9.931,30.088,59.912,8,32,767.9,1.18,1,59.912
28723,00028723.jpg,1785610266452060672,9.932,30.079,59.921,8,34,762.8,0.73,1,59.921
28724,00028724.jpg,1785610266488293120,9.933,30.098,59.902,8,33,735.1,1.05,1,59.902
28725,00028725.jpg,1785610266519564032,9.934,30.028,59.972,10,35,714.4,1.15,1,59.972
28726,00028726.jpg,1785610266552487424,9.934,30.006,59.994,13,41,747.9,1.33,1,59.994
28727,00028727.jpg,1785610266586534656,9.935,29.951,60.049,12,40,716.4,1.01,1,60.049
28728,00028728.jpg,1785610266618610432,9.936,30.161,59.839,14,43,667.2,1.04,1,59.839
28729,00028729.jpg,1785610266652344576,9.936,30.435,59.565,11,35,528.1,1.52,1,59.565
28730,00028730.jpg,1785610266685812224,9.937,30.28,59.72,10,31,484.2,1.37,1,59.72
28731,00028731.jpg,1785610266719753728,9.938,31.047,58.953,9,25,403.5,1.48,1,58.953
28732,00028732.jpg,1785610266752522752,9.939,30.857,59.143,9,27,374.0,1.86,1,59.143
28733,00028733.jpg,1785610266786486784,9.939,30.827,59.173,9,26,310.6,0.95,1,59.173
28734,00028734.jpg,1785610266820556032,9.94,31.491,58.509,7,15,220.3,1.57,1,58.509
28735,00028735.jpg,1785610266852922880,9.94,29.987,60.013,6,16,215.9,1.84,1,60.013
28736,00028736.jpg,1785610266886614784,9.941,31.233,58.767,6,14,215.5,2.14,1,58.767
28737,00028737.jpg,1785610266919030528,9.942,30.718,59.282,7,18,238.8,2.15,1,59.282
28738,00028738.jpg,1785610266952743936,9.942,30.115,59.885,7,18,222.1,0.81,1,59.885
28739,00028739.jpg,1785610266986798848,9.943,30.68,59.32,6,14,212.9,0.76,1,59.32
28740,00028740.jpg,1785610267018361600,9.944,30.545,59.455,7,19,228.2,1.84,1,59.455
28741,00028741.jpg,1785610267051587584,9.944,31.443,58.557,9,24,259.8,2.41,1,58.557
28742,00028742.jpg,1785610267086158336,9.944,30.581,59.419,12,37,439.5,1.1,1,59.419
28743,00028743.jpg,1785610267118061056,9.943,29.703,60.297,21,51,685.2,1.6,1,60.297
28744,00028744.jpg,1785610267151814400,14.091,31.769,58.231,25,72,1105.5,1.47,1,58.231
28745,00028745.jpg,1785610267186038272,10.089,30.723,59.277,24,73,1145.1,1.1,1,59.277
28746,00028746.jpg,1785610267218599424,8.834,30.564,59.436,26,77,1185.8,1.08,1,59.436
28747,00028747.jpg,1785610267252269824,8.981,29.988,60.012,23,71,1152.7,1.08,1,60.012
28748,00028748.jpg,1785610267285809920,9.327,29.887,60.113,23,72,1167.2,1.28,1,60.113
28749,00028749.jpg,1785610267318832384,9.591,30.254,59.746,23,76,1160.9,1.08,1,59.746
28750,00028750.jpg,1785610267353694464,9.754,30.462,59.538,23,76,1172.1,1.19,1,59.538
28751,00028751.jpg,1785610267386522112,9.84,30.434,59.566,23,78,1165.8,0.97,1,59.566
28752,00028752.jpg,1785610267418881024,9.877,30.69,59.31,25,78,1168.3,1.06,1,59.31
28753,00028753.jpg,1785610267452316928,9.909,30.428,59.572,26,75,1157.2,1.08,1,59.572
28754,00028754.jpg,1785610267487463680,9.921,30.399,59.601,26,77,1155.9,1.04,1,59.601
28755,00028755.jpg,1785610267519377664,9.927,30.717,59.283,23,73,1122.1,0.88,1,59.283
28756,00028756.jpg,1785610267552453120,9.93,30.053,59.947,24,76,1102.2,1.1,1,59.947
28757,00028757.jpg,1785610267585879808,9.931,30.547,59.453,22,71,1098.7,0.88,1,59.453
28758,00028758.jpg,1785610267619080960,9.933,30.074,59.926,24,77,1106.7,1.0,1,59.926
28759,00028759.jpg,1785610267651720704,9.933,30.531,59.469,26,80,1148.4,1.28,1,59.469
28760,00028760.jpg,1785610267686675456,9.934,30.204,59.796,26,75,1111.3,1.15,1,59.796
28761,00028761.jpg,1785610267719085824,9.935,30.278,59.722,26,72,1090.6,1.34,1,59.722
28762,00028762.jpg,1785610267752984576,9.935,30.183,59.817,25,74,1096.5,1.3,1,59.817
28763,00028763.jpg,1785610267787167744,9.936,30.781,59.219,24,75,1086.5,1.13,1,59.219
28764,00028764.jpg,1785610267819276288,9.938,31.105,58.895,22,70,1067.2,1.04,1,58.895
28765,00028765.jpg,1785610267851608576,9.951,30.097,59.903,25,70,1084.0,0.8,1,59.903
28766,00028766.jpg,1785610267886026496,9.949,29.979,60.021,25,76,1099.5,1.0,1,60.021
28767,00028767.jpg,1785610267919267584,9.982,29.781,60.219,25,75,1121.2,1.0,1,60.219
28768,00028768.jpg,1785610267952462592,10.058,29.874,60.126,24,77,1187.8,1.01,1,60.126
28769,00028769.jpg,1785610267985436672,9.952,29.484,60.516,24,75,1267.9,0.91,1,60.516
28770,00028770.jpg,1785610268018551040,9.997,30.437,59.563,22,78,1318.8,1.04,1,59.563
28771,00028771.jpg,1785610268054029824,10.023,30.955,59.045,22,83,1365.8,1.22,1,59.045
28772,00028772.jpg,1785610268086523136,10.034,31.039,58.961,24,75,1305.4,0.93,1,58.961
28773,00028773.jpg,1785610268118535424,10.039,31.048,58.952,22,75,1299.9,1.0,1,58.952
28774,00028774.jpg,1785610268151684352,9.992,31.135,58.865,23,81,1298.4,1.27,1,58.865
28775,00028775.jpg,1785610268186408704,9.955,31.462,58.538,26,81,1261.8,1.12,1,58.538
28776,00028776.jpg,1785610268218918400,9.925,31.579,58.421,22,72,1181.0,1.08,1,58.421
28777,00028777.jpg,1785610268252150528,9.913,30.823,59.177,24,77,1195.2,1.19,1,59.177
28778,00028778.jpg,1785610268287541504,9.914,30.844,59.156,25,75,1155.0,0.82,1,59.156
28779,00028779.jpg,1785610268319257088,9.916,31.083,58.917,23,79,1162.3,1.13,1,58.917
28780,00028780.jpg,1785610268353163264,9.916,30.826,59.174,23,72,1117.5,1.08,1,59.174
28781,00028781.jpg,1785610268386088192,9.92,31.215,58.785,21,66,1103.6,1.34,1,58.785
28782,00028782.jpg,1785610268419059200,9.923,31.131,58.869,20,67,1098.4,1.09,1,58.869
28783,00028783.jpg,1785610268451442176,9.925,30.993,59.007,20,71,1138.7,1.12,1,59.007
28784,00028784.jpg,1785610268487790080,9.926,30.766,59.234,23,68,1127.7,0.96,1,59.234
28785,00028785.jpg,1785610268518501120,9.926,31.27,58.73,21,73,1158.9,1.03,1,58.73
28786,00028786.jpg,1785610268552458496,9.926,30.835,59.165,22,74,1176.2,0.83,1,59.165
28787,00028787.jpg,1785610268586632704,9.925,30.958,59.042,21,71,1136.5,1.15,1,59.042
28788,00028788.jpg,1785610268619226368,9.925,30.881,59.119,22,73,1175.4,1.17,1,59.119
28789,00028789.jpg,1785610268651787008,9.924,30.897,59.103,23,75,1195.7,1.08,1,59.103
28790,00028790.jpg,1785610268686200320,9.923,30.768,59.232,20,73,1164.3,0.94,1,59.232
28791,00028791.jpg,1785610268720525312,9.922,31.068,58.932,20,71,1143.7,1.0,1,58.932
28792,00028792.jpg,1785610268751922176,9.922,31.356,58.644,24,74,1199.0,0.96,1,58.644
28793,00028793.jpg,1785610268786572288,9.921,30.743,59.257,23,79,1198.1,1.52,1,59.257
28794,00028794.jpg,1785610268818812160,9.92,30.845,59.155,23,73,1165.8,0.76,1,59.155
28795,00028795.jpg,1785610268852626944,9.919,30.869,59.131,22,72,1178.9,0.91,1,59.131
28796,00028796.jpg,1785610268886684416,9.919,31.235,58.765,22,74,1186.9,1.29,1,58.765
28797,00028797.jpg,1785610268918247680,9.918,31.326,58.674,24,73,1171.2,1.01,1,58.674
28798,00028798.jpg,1785610268952082432,9.917,31.19,58.81,24,77,1165.2,1.11,1,58.81
28799,00028799.jpg,1785610268985349632,9.917,31.207,58.793,23,75,1179.3,1.05,1,58.793
28800,00028800.jpg,1785610269018086656,9.916,31.408,58.592,20,68,1133.7,1.07,1,58.592
28801,00028801.jpg,1785610269052272896,9.916,31.029,58.971,23,71,1144.8,0.88,1,58.971
28802,00028802.jpg,1785610269086040832,9.915,31.168,58.832,24,77,1162.9,0.97,1,58.832
28803,00028803.jpg,1785610269119779328,9.914,31.071,58.929,25,77,1151.6,1.11,1,58.929
28804,00028804.jpg,1785610269152755712,9.914,31.457,58.543,22,72,1136.6,1.51,1,58.543
28805,00028805.jpg,1785610269186021888,9.913,31.58,58.42,24,74,1129.1,1.25,1,58.42
28806,00028806.jpg,1785610269219205632,9.913,31.457,58.543,23,78,1160.5,1.2,1,58.543
28807,00028807.jpg,1785610269251439616,9.912,31.702,58.298,25,76,1154.7,1.3,1,58.298
28808,00028808.jpg,1785610269286200832,9.911,31.745,58.255,25,79,1162.6,1.11,1,58.255
28809,00028809.jpg,1785610269318435584,9.911,31.702,58.298,23,78,1140.0,1.35,1,58.298
28810,00028810.jpg,1785610269352359424,9.91,31.181,58.819,23,80,1161.2,0.87,1,58.819
28811,00028811.jpg,1785610269386273280,9.91,31.579,58.421,23,79,1141.3,1.18,1,58.421
28812,00028812.jpg,1785610269418237952,9.909,31.495,58.505,26,85,1190.3,1.44,1,58.505
28813,00028813.jpg,1785610269452657664,9.909,31.187,58.813,24,79,1140.3,1.36,1,58.813
28814,00028814.jpg,1785610269486630912,9.908,31.177,58.823,24,81,1140.1,1.26,1,58.823
28815,00028815.jpg,1785610269518106368,9.908,31.578,58.422,24,81,1129.7,1.31,1,58.422
28816,00028816.jpg,1785610269551340800,9.907,31.307,58.693,23,75,1122.1,1.4,1,58.693
28817,00028817.jpg,1785610269586362624,9.907,31.265,58.735,24,82,1141.5,1.28,1,58.735
28818,00028818.jpg,1785610269617940224,9.906,31.454,58.546,23,80,1138.6,1.2,1,58.546
28819,00028819.jpg,1785610269651218688,9.905,31.641,58.359,22,74,1121.9,1.17,1,58.359
28820,00028820.jpg,1785610269685278720,9.905,31.506,58.494,23,79,1132.4,1.27,1,58.494
28821,00028821.jpg,1785610269718976000,9.904,31.753,58.247,26,80,1131.0,1.22,1,58.247
28822,00028822.jpg,1785610269752878592,9.904,31.325,58.675,24,75,1111.5,1.06,1,58.675
28823,00028823.jpg,1785610269786499328,9.903,31.385,58.615,24,78,1138.5,1.8,1,58.615
28824,00028824.jpg,1785610269817971968,9.903,31.565,58.435,25,74,1113.3,1.05,1,58.435
28825,00028825.jpg,1785610269852555008,9.902,31.623,58.377,27,74,1131.8,1.32,1,58.377
28826,00028826.jpg,1785610269887416576,9.902,31.202,58.798,24,75,1128.3,0.96,1,58.798
28827,00028827.jpg,1785610269917902848,9.901,31.668,58.332,25,74,1118.1,1.16,1,58.332
28828,00028828.jpg,1785610269953360640,9.901,31.288,58.712,24,73,1123.8,1.17,1,58.712
28829,00028829.jpg,1785610269986305280,9.9,31.75,58.25,27,84,1154.0,1.18,1,58.25
28830,00028830.jpg,1785610270017888000,9.9,31.202,58.798,25,78,1108.3,1.2,1,58.798
28831,00028831.jpg,1785610270052591872,9.899,31.862,58.138,26,79,1105.7,1.16,1,58.138
28832,00028832.jpg,1785610270086090752,9.899,31.742,58.258,26,72,1087.2,1.23,1,58.258
28833,00028833.jpg,1785610270119179776,9.898,31.578,58.422,23,71,1076.7,1.03,1,58.422
28834,00028834.jpg,1785610270151335424,9.898,30.989,59.011,21,70,1063.8,1.38,1,59.011
28835,00028835.jpg,1785610270186129920,9.897,31.829,58.171,24,75,1070.1,1.33,1,58.171
28836,00028836.jpg,1785610270219409920,9.897,31.191,58.809,25,72,1058.9,1.17,1,58.809
28837,00028837.jpg,1785610270253723904,9.896,31.683,58.317,25,77,1102.5,1.1,1,58.317
28838,00028838.jpg,1785610270285616128,9.896,31.5,58.5,25,75,1090.4,1.09,1,58.5
28839,00028839.jpg,1785610270319001600,9.896,31.606,58.394,25,71,1075.0,1.24,1,58.394
28840,00028840.jpg,1785610270352525568,9.895,31.45,58.55,26,78,1082.3,1.34,1,58.55
28841,00028841.jpg,1785610270386457344,9.895,31.897,58.103,23,77,1058.2,1.51,1,58.103
28842,00028842.jpg,1785610270418349312,9.894,31.392,58.608,22,69,1043.6,1.34,1,58.608
28843,00028843.jpg,1785610270453110272,9.894,31.543,58.457,24,71,1034.1,1.5,1,58.457
28844,00028844.jpg,1785610270486572288,9.893,31.532,58.468,24,78,1043.0,1.62,1,58.468
28845,00028845.jpg,1785610270518611968,9.898,32.182,57.818,26,73,1043.0,1.55,1,57.818
28846,00028846.jpg,1785610270553284864,9.892,31.549,58.451,22,66,1016.8,1.29,1,58.451
28847,00028847.jpg,1785610270586273280,9.892,31.497,58.503,23,76,1040.3,1.02,1,58.503
28848,00028848.jpg,1785610270619238400,9.891,31.333,58.667,24,74,1002.6,1.3,1,58.667
28849,00028849.jpg,1785610270651156224,9.891,31.721,58.279,22,68,1003.3,1.41,1,58.279
28850,00028850.jpg,1785610270686134784,9.89,31.648,58.352,21,68,1004.8,1.1,1,58.352
28851,00028851.jpg,1785610270717873664,9.89,32.126,57.874,24,71,979.5,1.24,1,57.874
28852,00028852.jpg,1785610270752396544,9.89,31.571,58.429,21,70,992.6,1.36,1,58.429
28853,00028853.jpg,1785610270785777664,9.889,31.41,58.59,22,71,989.5,1.69,1,58.59
28854,00028854.jpg,1785610270820683520,9.889,30.863,59.137,22,74,987.2,1.22,1,59.137
28855,00028855.jpg,1785610270852609280,9.888,31.38,58.62,21,69,972.7,1.13,1,58.62
28856,00028856.jpg,1785610270886440448,9.888,31.022,58.978,20,68,968.9,1.02,1,58.978
28857,00028857.jpg,1785610270918058496,9.887,31.699,58.301,21,74,979.7,1.49,1,58.301
28858,00028858.jpg,1785610270953363712,9.887,30.873,59.127,23,72,971.4,1.18,1,59.127
28859,00028859.jpg,1785610270985411840,9.886,31.46,58.54,23,70,942.3,1.07,1,58.54
28860,00028860.jpg,1785610271020382720,9.886,31.335,58.665,21,69,943.0,1.29,1,58.665
28861,00028861.jpg,1785610271053105152,9.886,31.069,58.931,22,68,928.6,1.15,1,58.931
28862,00028862.jpg,1785610271086821120,9.885,31.165,58.835,20,64,910.7,1.13,1,58.835
28863,00028863.jpg,1785610271118139904,9.885,31.419,58.581,21,71,928.1,1.37,1,58.581
28864,00028864.jpg,1785610271153394176,9.884,31.859,58.141,21,64,919.5,1.35,1,58.141
28865,00028865.jpg,1785610271185991680,9.884,31.712,58.288,20,69,935.0,1.17,1,58.288
28866,00028866.jpg,1785610271218478080,9.883,31.591,58.409,20,67,939.8,1.21,1,58.409
28867,00028867.jpg,1785610271251564800,9.883,31.334,58.666,19,68,931.5,1.14,1,58.666
28868,00028868.jpg,1785610271286406912,9.883,31.617,58.383,21,71,935.0,1.22,1,58.383
28869,00028869.jpg,1785610271319028480,9.882,31.57,58.43,19,67,905.3,1.09,1,58.43
28870,00028870.jpg,1785610271352393728,9.882,31.814,58.186,19,66,903.3,1.46,1,58.186
28871,00028871.jpg,1785610271386322176,9.881,31.325,58.675,20,71,926.2,1.02,1,58.675
28872,00028872.jpg,1785610271419351296,9.881,31.456,58.544,19,66,900.0,0.89,1,58.544
28873,00028873.jpg,1785610271453353216,9.881,31.164,58.836,22,65,907.2,1.19,1,58.836
28874,00028874.jpg,1785610271486514688,9.882,31.399,58.601,20,63,884.9,1.2,1,58.601
28875,00028875.jpg,1785610271519080960,9.896,31.386,58.614,23,71,924.5,1.23,1,58.614
28876,00028876.jpg,1785610271553668352,9.918,30.947,59.053,20,69,918.4,1.2,1,59.053
28877,00028877.jpg,1785610271586607104,9.929,30.907,59.093,19,64,933.8,1.21,1,59.093
28878,00028878.jpg,1785610271619880704,10.022,30.458,59.542,21,70,966.6,1.06,1,59.542
28879,00028879.jpg,1785610271653443840,10.016,30.639,59.361,25,78,1046.8,1.25,1,59.361
28880,00028880.jpg,1785610271686436096,10.054,30.294,59.706,28,84,1198.6,1.23,1,59.706
28881,00028881.jpg,1785610271718576896,10.091,31.597,58.403,23,81,1236.1,0.79,1,58.403
28882,00028882.jpg,1785610271753154304,10.168,32.247,57.753,22,78,1243.9,1.22,1,57.753
28883,00028883.jpg,1785610271788098304,10.205,32.208,57.792,22,85,1279.8,1.15,1,57.792
28884,00028884.jpg,1785610271818183424,10.195,32.103,57.897,23,83,1250.6,1.14,1,57.897
28885,00028885.jpg,1785610271851438080,10.136,32.697,57.303,25,81,1213.9,1.16,1,57.303
28886,00028886.jpg,1785610271886338560,10.023,32.817,57.183,23,79,1196.2,1.6,1,57.183
28887,00028887.jpg,1785610271918401536,9.935,32.852,57.148,23,79,1164.1,1.24,1,57.148
28888,00028888.jpg,1785610271951174912,9.86,32.396,57.604,22,81,1125.5,1.49,1,57.604
28889,00028889.jpg,1785610271986446848,9.858,32.269,57.731,25,80,1090.4,1.8,1,57.731
28890,00028890.jpg,1785610272018559744,9.855,32.522,57.478,24,84,1082.0,1.08,1,57.478
28891,00028891.jpg,1785610272052976384,9.844,32.07,57.93,24,77,1023.9,1.94,1,57.93
28892,00028892.jpg,1785610272086524672,9.853,32.234,57.766,23,79,1013.1,1.46,1,57.766
28893,00028893.jpg,1785610272118113280,9.855,32.698,57.302,19,63,970.7,1.64,1,57.302
28894,00028894.jpg,1785610272152292352,9.856,32.749,57.251,21,69,1020.7,1.25,1,57.251
28895,00028895.jpg,1785610272185948928,9.861,32.275,57.725,23,71,1022.9,1.26,1,57.725
28896,00028896.jpg,1785610272218931968,9.862,32.453,57.547,19,65,1000.8,1.29,1,57.547
28897,00028897.jpg,1785610272252527616,9.862,32.393,57.607,22,77,1043.0,1.25,1,57.607
28898,00028898.jpg,1785610272288080640,9.866,32.435,57.565,21,68,1006.5,1.09,1,57.565
28899,00028899.jpg,1785610272318004480,9.869,32.754,57.246,20,65,992.9,1.6,1,57.246
28900,00028900.jpg,1785610272353534464,9.888,32.501,57.499,22,65,991.1,1.67,1,57.499
28901,00028901.jpg,1785610272385854464,9.895,32.714,57.286,23,75,997.3,1.97,1,57.286
28902,00028902.jpg,1785610272417827840,9.884,33.554,56.446,20,70,942.1,1.91,1,56.446
28903,00028903.jpg,1785610272451153920,9.893,32.356,57.644,18,66,915.2,1.63,1,57.644
28904,00028904.jpg,1785610272485907200,9.891,31.868,58.132,21,64,927.3,1.11,1,58.132
28905,00028905.jpg,1785610272518604288,9.887,32.324,57.676,21,65,928.8,1.0,1,57.676
28906,00028906.jpg,1785610272552053504,9.876,31.667,58.333,21,66,964.8,0.82,1,58.333
28907,00028907.jpg,1785610272586103808,9.87,32.153,57.847,23,68,960.7,1.15,1,57.847
28908,00028908.jpg,1785610272618656512,9.865,32.194,57.806,21,74,997.8,0.77,1,57.806
28909,00028909.jpg,1785610272652932096,9.863,32.425,57.575,21,70,965.1,0.79,1,57.575
28910,00028910.jpg,1785610272686565888,9.862,31.999,58.001,22,70,994.2,0.71,1,58.001
28911,00028911.jpg,1785610272718068736,9.861,32.676,57.324,23,71,994.5,0.78,1,57.324
28912,00028912.jpg,1785610272752345344,9.86,32.494,57.506,24,73,998.4,1.18,1,57.506
28913,00028913.jpg,1785610272786161920,9.86,32.151,57.849,23,67,1021.7,0.76,1,57.849
28914,00028914.jpg,1785610272818909440,9.859,32.435,57.565,21,67,1007.3,0.87,1,57.565
28915,00028915.jpg,1785610272852665344,9.858,32.317,57.683,21,70,1031.3,1.39,1,57.683
28916,00028916.jpg,1785610272885551360,9.858,31.996,58.004,23,69,1040.3,1.16,1,58.004
28917,00028917.jpg,1785610272921345280,9.858,32.269,57.731,19,62,1014.0,0.87,1,57.731
28918,00028918.jpg,1785610272952436480,9.858,32.467,57.533,25,70,1049.6,1.12,1,57.533
28919,00028919.jpg,1785610272986547712,9.862,32.263,57.737,21,65,1051.4,1.11,1,57.737
28920,00028920.jpg,1785610273018048512,9.879,32.777,57.223,21,66,1002.8,1.84,1,57.223
28921,00028921.jpg,1785610273051141888,9.914,33.36,56.64,25,71,1031.3,1.83,1,56.64
28922,00028922.jpg,1785610273086360576,9.927,34.3,55.7,21,66,965.9,2.82,1,55.7
28923,00028923.jpg,1785610273118889472,9.994,33.152,56.848,24,74,972.0,2.81,1,56.848
28924,00028924.jpg,1785610273152391168,10.005,33.95,56.05,22,70,920.4,2.8,1,56.05
28925,00028925.jpg,1785610273186705920,10.063,33.369,56.631,26,83,968.0,1.96,1,56.631
28926,00028926.jpg,1785610273218479104,10.162,32.103,57.897,23,77,887.3,2.45,1,57.897
28927,00028927.jpg,1785610273252128256,10.302,32.26,57.74,24,70,789.7,2.18,1,57.74
28928,00028928.jpg,1785610273286598400,10.406,31.615,58.385,19,59,738.3,1.17,1,58.385
28929,00028929.jpg,1785610273318859520,10.558,31.578,58.422,21,66,779.3,1.1,1,58.422
28930,00028930.jpg,1785610273352387840,10.766,31.668,58.332,22,70,761.6,1.59,1,58.332
28931,00028931.jpg,1785610273385832192,10.906,31.803,58.197,18,61,701.7,1.55,1,58.197
28932,00028932.jpg,1785610273419127808,11.126,31.626,58.374,19,63,622.3,1.64,1,58.374
28933,00028933.jpg,1785610273451558656,11.272,31.083,58.917,16,54,548.0,1.4,1,58.917
28934,00028934.jpg,1785610273485703424,11.248,30.965,59.035,21,70,633.1,1.65,1,59.035
28935,00028935.jpg,1785610273518179840,11.015,31.032,58.968,23,65,673.4,1.28,1,58.968
28936,00028936.jpg,1785610273552893184,10.541,30.118,59.882,20,65,717.1,2.42,1,59.882
28937,00028937.jpg,1785610273586363904,10.239,31.247,58.753,21,64,723.9,1.14,1,58.753
28938,00028938.jpg,1785610273618660352,9.933,30.064,59.936,22,65,743.3,2.16,1,59.936
28939,00028939.jpg,1785610273651304448,9.632,30.171,59.829,21,63,711.3,2.06,1,59.829
28940,00028940.jpg,1785610273685520896,9.653,30.837,59.163,23,65,710.5,1.5,1,59.163
28941,00028941.jpg,1785610273718540800,9.609,30.05,59.95,25,73,764.7,2.03,1,59.95
28942,00028942.jpg,1785610273753587200,9.64,29.911,60.089,21,67,826.5,2.52,1,60.089
28943,00028943.jpg,1785610273786571776,9.714,29.405,60.595,22,73,820.7,2.76,1,60.595
28944,00028944.jpg,1785610273818709504,9.732,29.156,60.844,24,77,883.9,2.93,1,60.844
28945,00028945.jpg,1785610273851086592,9.238,30.126,59.874,22,74,851.2,2.07,1,59.874
28946,00028946.jpg,1785610273885082368,8.61,29.99,60.01,21,70,822.9,1.97,1,60.01
28947,00028947.jpg,1785610273918457088,7.677,29.947,60.053,26,70,799.1,2.18,1,60.053
28948,00028948.jpg,1785610273953172992,5.134,29.899,60.101,25,64,785.9,1.72,1,60.101
28949,00028949.jpg,1785610273985170176,4.517,30.989,59.011,19,64,799.8,1.59,1,59.011
28950,00028950.jpg,1785610274019066880,3.497,30.892,59.108,24,66,801.0,2.02,1,59.108
28951,00028951.jpg,1785610274052781568,3.206,30.434,59.566,21,59,777.8,2.32,1,59.566
28952,00028952.jpg,1785610274086542592,3.758,29.228,60.772,22,66,837.7,2.99,1,60.772
28953,00028953.jpg,1785610274118016768,7.756,30.513,59.487,20,60,841.8,1.7,1,59.487
28954,00028954.jpg,1785610274152850688,8.968,30.919,59.081,20,60,837.9,1.38,1,59.081
28955,00028955.jpg,1785610274186402048,9.484,30.93,59.07,19,60,839.6,1.34,1,59.07
28956,00028956.jpg,1785610274218476800,9.712,30.605,59.395,22,63,856.9,1.63,1,59.395
28957,00028957.jpg,1785610274251336192,9.805,31.024,58.976,20,66,885.6,1.43,1,58.976
28958,00028958.jpg,1785610274286098944,9.845,31.134,58.866,20,65,868.2,1.29,1,58.866
28959,00028959.jpg,1785610274317597184,9.86,30.97,59.03,18,62,864.2,1.51,1,59.03
28960,00028960.jpg,1785610274352392448,9.867,31.017,58.983,18,70,882.0,1.42,1,58.983
28961,00028961.jpg,1785610274386375936,9.869,30.899,59.101,18,68,862.7,1.54,1,59.101
28962,00028962.jpg,1785610274419051520,9.87,31.47,58.53,20,68,840.0,1.15,1,58.53
28963,00028963.jpg,1785610274452615424,9.869,30.772,59.228,21,68,860.5,1.88,1,59.228
28964,00028964.jpg,1785610274486469376,9.871,30.543,59.457,18,64,867.1,2.06,1,59.457
28965,00028965.jpg,1785610274518170624,9.883,31.393,58.607,17,63,817.3,1.47,1,58.607
28966,00028966.jpg,1785610274551883520,9.902,31.211,58.789,20,65,822.4,1.71,1,58.789
28967,00028967.jpg,1785610274586552832,9.871,31.853,58.147,19,63,784.8,1.05,1,58.147
28968,00028968.jpg,1785610274618222592,9.881,31.009,58.991,19,61,782.1,1.7,1,58.991
28969,00028969.jpg,1785610274651982080,9.888,30.541,59.459,20,56,770.5,1.77,1,59.459
28970,00028970.jpg,1785610274686605824,9.885,31.29,58.71,17,58,757.5,1.63,1,58.71
28971,00028971.jpg,1785610274718551808,9.881,31.333,58.667,19,60,787.9,1.33,1,58.667
28972,00028972.jpg,1785610274751158528,9.87,30.922,59.078,17,58,771.5,1.39,1,59.078
28973,00028973.jpg,1785610274786121472,9.868,30.791,59.209,15,53,760.6,1.29,1,59.209
28974,00028974.jpg,1785610274818403328,9.866,30.483,59.517,16,57,772.3,1.94,1,59.517
28975,00028975.jpg,1785610274851936000,9.865,30.534,59.466,17,54,758.7,1.73,1,59.466
28976,00028976.jpg,1785610274886467072,9.867,30.273,59.727,15,56,772.9,1.88,1,59.727
28977,00028977.jpg,1785610274918164736,9.88,29.642,60.358,14,49,773.5,2.28,1,60.358
28978,00028978.jpg,1785610274951678720,9.899,29.714,60.286,14,53,743.6,2.6,1,60.286
28979,00028979.jpg,1785610274986329344,9.907,29.136,60.864,15,56,787.4,3.54,1,60.864
28980,00028980.jpg,1785610275018206976,9.993,28.226,61.774,16,55,862.4,3.61,1,61.774
28981,00028981.jpg,1785610275052303872,9.979,28.341,61.659,17,60,899.4,4.26,1,61.659
28982,00028982.jpg,1785610275086382848,10.005,27.27,62.73,16,59,902.2,2.5,1,62.73
28983,00028983.jpg,1785610275118275328,10.037,29.966,60.034,17,63,928.4,3.0,1,60.034
28984,00028984.jpg,1785610275152201984,10.123,31.409,58.591,17,62,907.0,1.0,1,58.591
28985,00028985.jpg,1785610275187889920,10.159,31.712,58.288,18,70,936.0,0.89,1,58.288
28986,00028986.jpg,1785610275218152704,10.149,31.582,58.418,18,64,957.1,1.11,1,58.418
28987,00028987.jpg,1785610275252090112,10.083,32.148,57.852,15,60,951.0,1.11,1,57.852
28988,00028988.jpg,1785610275286175488,10.002,32.476,57.524,14,57,910.1,1.11,1,57.524
28989,00028989.jpg,1785610275318228480,9.905,32.541,57.459,17,62,906.9,0.89,1,57.459
28990,00028990.jpg,1785610275351650816,9.849,32.249,57.751,13,55,877.8,1.06,1,57.751
28991,00028991.jpg,1785610275386131456,9.854,32.616,57.384,15,56,867.7,1.34,1,57.384
28992,00028992.jpg,1785610275418382592,9.846,31.93,58.07,12,51,852.7,1.27,1,58.07
28993,00028993.jpg,1785610275452326656,9.851,31.884,58.116,12,54,847.4,1.4,1,58.116
28994,00028994.jpg,1785610275485518336,9.872,32.227,57.773,13,54,835.5,1.44,1,57.773
28995,00028995.jpg,1785610275519215872,9.911,32.515,57.485,12,51,795.8,1.05,1,57.485
28996,00028996.jpg,1785610275551335424,10.0,33.185,56.815,12,50,733.2,1.88,1,56.815
28997,00028997.jpg,1785610275586214656,9.996,34.333,55.667,10,42,637.3,1.53,1,55.667
28998,00028998.jpg,1785610275617914624,9.924,35.841,54.159,10,42,563.1,1.26,1,54.159
28999,00028999.jpg,1785610275651721216,9.881,38.5,51.5,11,41,578.4,1.71,1,51.5
29000,00029000.jpg,1785610275686006528,9.883,39.552,50.448,12,45,623.6,1.61,1,50.448
29001,00029001.jpg,1785610275718254080,9.876,40.644,49.356,10,49,689.5,1.54,1,49.356
29002,00029002.jpg,1785610275751153152,9.875,41.092,48.908,14,52,721.0,2.07,1,48.908
29003,00029003.jpg,1785610275786105344,9.875,42.001,47.999,12,56,725.9,2.04,1,47.999
29004,00029004.jpg,1785610275818187776,9.874,41.061,48.939,11,49,722.8,1.49,1,48.939
29005,00029005.jpg,1785610275853039872,9.875,41.021,48.979,11,46,737.1,1.44,1,48.979
29006,00029006.jpg,1785610275885971200,9.875,41.063,48.937,10,48,701.6,1.36,1,48.937
29007,00029007.jpg,1785610275918166016,9.876,41.604,48.396,10,48,715.9,1.92,1,48.396
29008,00029008.jpg,1785610275953877504,9.896,41.284,48.716,9,47,762.8,1.26,1,48.716
29009,00029009.jpg,1785610275985518336,9.901,40.894,49.106,10,50,759.1,1.62,1,49.106
29010,00029010.jpg,1785610276018554112,9.952,40.091,49.909,10,49,789.8,2.01,1,49.909
29011,00029011.jpg,1785610276051381248,17.499,38.28,51.72,8,48,828.4,1.06,1,51.72
29012,00029012.jpg,1785610276086093568,13.521,36.153,53.847,8,44,669.0,1.66,1,53.847
29013,00029013.jpg,1785610276118688000,8.282,32.735,57.265,14,53,742.5,1.8,1,57.265
29014,00029014.jpg,1785610276151074304,8.182,31.552,58.448,14,55,835.7,2.64,1,58.448
29015,00029015.jpg,1785610276186116608,8.595,29.625,60.375,15,61,937.4,2.55,1,60.375
29016,00029016.jpg,1785610276218226176,9.085,27.201,62.799,15,66,1099.9,1.99,1,62.799
29017,00029017.jpg,1785610276250956288,9.474,25.443,64.557,18,72,1201.6,2.13,1,64.557
29018,00029018.jpg,1785610276286421760,9.713,22.684,67.316,14,66,1252.7,1.94,1,67.316
29019,00029019.jpg,1785610276318765568,9.825,20.807,69.193,17,68,1191.8,1.44,1,69.193
29020,00029020.jpg,1785610276351112192,9.849,18.02,71.98,14,60,1144.3,2.11,1,71.98
29021,00029021.jpg,1785610276386148352,9.854,15.759,74.241,16,70,1176.9,2.33,1,74.241
29022,00029022.jpg,1785610276418450688,9.892,13.904,76.096,12,63,1177.3,1.61,1,76.096
29023,00029023.jpg,1785610276451370496,9.888,12.148,77.852,15,68,1213.9,1.63,1,77.852
29024,00029024.jpg,1785610276486741248,9.875,11.768,78.232,15,71,1239.7,1.96,1,78.232
29025,00029025.jpg,1785610276518584320,9.886,11.784,78.216,14,60,1207.8,1.4,1,78.216
29026,00029026.jpg,1785610276551052800,9.901,12.179,77.821,16,65,1201.7,1.49,1,77.821
29027,00029027.jpg,1785610276586428160,9.9,12.193,77.807,15,69,1177.2,1.49,1,77.807
29028,00029028.jpg,1785610276618675200,9.957,11.989,78.011,15,61,1094.9,1.62,1,78.011
29029,00029029.jpg,1785610276651709440,10.004,12.369,77.631,14,67,1084.3,1.52,1,77.631
29030,00029030.jpg,1785610276686472704,9.987,12.686,77.314,13,58,1066.5,1.9,1,77.314
29031,00029031.jpg,1785610276718808832,10.041,12.322,77.678,15,63,1149.6,1.59,1,77.678
29032,00029032.jpg,1785610276751601664,10.342,11.683,78.317,15,69,1134.2,2.71,1,78.317
29033,00029033.jpg,1785610276786287360,10.651,11.582,78.418,22,79,1052.8,4.5,1,78.418
29034,00029034.jpg,1785610276821047552,11.343,14.18,75.82,16,79,1090.5,4.34,1,75.82
29035,00029035.jpg,1785610276852145664,12.337,9.918,80.082,15,69,929.1,3.57,1,80.082
29036,00029036.jpg,1785610276885424128,13.158,9.437,80.563,16,63,917.0,2.35,1,80.563
29037,00029037.jpg,1785610276917419264,13.592,9.438,80.562,16,63,927.9,2.43,1,80.562
29038,00029038.jpg,1785610276952067840,15.633,9.978,80.022,16,70,1112.6,0.89,1,80.022
29039,00029039.jpg,1785610276985707776,16.609,10.073,79.927,17,71,1165.7,0.99,1,79.927
29040,00029040.jpg,1785610277019769600,17.608,10.244,79.756,18,79,1240.9,0.68,1,79.756
29041,00029041.jpg,1785610277051954176,18.249,11.084,78.916,14,73,1220.8,0.99,1,78.916
29042,00029042.jpg,1785610277085833984,11.501,11.134,78.866,17,82,1236.6,0.88,1,78.866
29043,00029043.jpg,1785610277119311104,4.57,11.352,78.648,18,86,1323.6,1.29,1,78.648
29044,00029044.jpg,1785610277152569600,13.165,15.19,74.81,17,86,1272.2,4.05,1,74.81
29045,00029045.jpg,1785610277187659776,7.764,9.899,80.101,17,76,1237.7,1.64,1,80.101
29046,00029046.jpg,1785610277217842688,6.287,9.324,80.676,14,73,1244.8,1.09,1,80.676
29047,00029047.jpg,1785610277252612096,6.844,10.711,79.289,17,83,1312.8,1.87,1,79.289
29048,00029048.jpg,1785610277286420736,7.684,11.327,78.673,19,84,1347.3,2.03,1,78.673
29049,00029049.jpg,1785610277319289088,8.303,11.153,78.847,20,87,1362.0,1.58,1,78.847
29050,00029050.jpg,1785610277351476224,8.827,11.044,78.956,19,86,1247.6,1.35,1,78.956
29051,00029051.jpg,1785610277386575872,9.301,11.214,78.786,26,85,1223.1,1.61,1,78.786
29052,00029052.jpg,1785610277418034688,9.452,11.527,78.473,25,82,1230.1,1.76,1,78.473
29053,00029053.jpg,1785610277451458816,9.62,11.269,78.731,21,85,1251.3,2.09,1,78.731
29054,00029054.jpg,1785610277485986816,9.68,11.204,78.796,21,87,1252.7,1.85,1,78.796
29055,00029055.jpg,1785610277517569024,9.749,11.378,78.622,19,77,1242.0,2.47,1,78.622
29056,00029056.jpg,1785610277551832576,9.647,11.203,78.797,16,72,1218.0,2.38,1,78.797
29057,00029057.jpg,1785610277585609984,9.801,11.501,78.499,17,79,1263.1,2.41,1,78.499
29058,00029058.jpg,1785610277618504192,9.874,11.432,78.568,18,77,1264.8,1.95,1,78.568
29059,00029059.jpg,1785610277652164608,9.875,11.375,78.625,18,82,1258.0,2.3,1,78.625
29060,00029060.jpg,1785610277686890240,9.878,11.732,78.268,15,70,1238.2,1.66,1,78.268
29061,00029061.jpg,1785610277717565696,9.879,11.145,78.855,16,72,1233.7,1.69,1,78.855
29062,00029062.jpg,1785610277750979584,9.881,11.707,78.293,17,72,1222.5,1.33,1,78.293
29063,00029063.jpg,1785610277784936192,9.884,11.647,78.353,17,74,1221.9,1.54,1,78.353
29064,00029064.jpg,1785610277818606848,9.902,11.992,78.008,15,73,1213.7,1.95,1,78.008
29065,00029065.jpg,1785610277851600896,10.042,11.896,78.104,14,63,1131.8,1.61,1,78.104
29066,00029066.jpg,1785610277886450688,10.366,12.256,77.744,14,66,1063.1,1.57,1,77.744
29067,00029067.jpg,1785610277918348544,11.11,13.392,76.608,12,66,1049.8,1.55,1,76.608
29068,00029068.jpg,1785610277950976768,12.075,13.314,76.686,13,58,1074.8,1.68,1,76.686
29069,00029069.jpg,1785610277986369280,9.403,13.165,76.835,13,64,1116.4,2.33,1,76.835
29070,00029070.jpg,1785610278018585600,13.586,12.972,77.028,15,62,934.4,1.49,1,77.028
29071,00029071.jpg,1785610278052092416,11.709,13.119,76.881,13,54,793.0,1.66,1,76.881
29072,00029072.jpg,1785610278086017536,8.44,11.592,78.408,14,54,698.0,2.13,1,78.408
29073,00029073.jpg,1785610278118777856,8.792,10.112,79.888,13,55,630.8,2.31,1,79.888
29074,00029074.jpg,1785610278151720192,9.471,10.569,79.431,12,48,642.1,1.54,1,79.431
29075,00029075.jpg,1785610278185948160,9.842,10.242,79.758,12,46,677.2,1.74,1,79.758
29076,00029076.jpg,1785610278218556928,9.903,10.746,79.254,14,57,815.1,2.36,1,79.254
29077,00029077.jpg,1785610278251327488,9.882,10.792,79.208,15,63,934.8,2.2,1,79.208
29078,00029078.jpg,1785610278286223872,9.833,11.351,78.649,20,86,1262.9,2.38,1,78.649
29079,00029079.jpg,1785610278321072384,9.836,11.285,78.715,22,86,1335.6,2.09,1,78.715
29080,00029080.jpg,1785610278350848768,9.84,10.878,79.122,16,78,1302.9,1.21,1,79.122
29081,00029081.jpg,1785610278385733376,9.851,10.395,79.605,18,76,1301.1,1.09,1,79.605
29082,00029082.jpg,1785610278418032640,9.817,10.697,79.303,20,83,1337.6,1.03,1,79.303
29083,00029083.jpg,1785610278451469312,9.781,10.437,79.563,19,85,1323.7,1.4,1,79.563
29084,00029084.jpg,1785610278485851904,9.8,10.419,79.581,18,87,1319.1,0.93,1,79.581
29085,00029085.jpg,1785610278518025728,9.797,10.586,79.414,20,87,1256.6,1.3,1,79.414
29086,00029086.jpg,1785610278550891776,9.797,10.669,79.331,18,76,1220.3,1.28,1,79.331
29087,00029087.jpg,1785610278586257408,9.815,10.374,79.626,20,80,1214.6,0.78,1,79.626
29088,00029088.jpg,1785610278618225408,9.82,10.61,79.39,17,82,1222.3,1.03,1,79.39
29089,00029089.jpg,1785610278651302656,9.825,10.373,79.627,21,83,1204.2,0.89,1,79.627
29090,00029090.jpg,1785610278686032896,9.832,11.126,78.874,17,77,1173.9,1.09,1,78.874
29091,00029091.jpg,1785610278718660096,9.837,10.845,79.155,17,81,1171.9,0.96,1,79.155
29092,00029092.jpg,1785610278753185792,9.839,10.814,79.186,17,72,1154.3,1.08,1,79.186
29093,00029093.jpg,1785610278785195776,9.845,11.022,78.978,16,69,1147.3,1.24,1,78.978
29094,00029094.jpg,1785610278819390720,9.865,10.988,79.012,16,77,1159.3,1.13,1,79.012
29095,00029095.jpg,1785610278853081344,9.9,12.188,77.812,19,77,1171.5,1.78,1,77.812
29096,00029096.jpg,1785610278886108672,9.908,12.208,77.792,16,81,1253.2,1.66,1,77.792
29097,00029097.jpg,1785610278918504192,9.976,13.183,76.817,15,73,1234.1,2.39,1,76.817
29098,00029098.jpg,1785610278951623680,9.976,12.924,77.076,19,87,1400.4,2.47,1,77.076
29099,00029099.jpg,1785610278986064384,10.026,12.724,77.276,17,72,1287.6,2.5,1,77.276
29100,00029100.jpg,1785610279017929216,10.06,12.575,77.425,17,77,1291.1,1.85,1,77.425
29101,00029101.jpg,1785610279050904832,10.186,11.311,78.689,19,78,1266.6,0.79,1,78.689
29102,00029102.jpg,1785610279085843200,10.221,11.002,78.998,19,77,1245.6,1.03,1,78.998
29103,00029103.jpg,1785610279118194944,10.249,10.23,79.77,17,71,1207.3,1.17,1,79.77
29104,00029104.jpg,1785610279152184576,10.174,10.516,79.484,14,67,1198.1,0.86,1,79.484
29105,00029105.jpg,1785610279185299968,10.056,10.086,79.914,16,70,1241.3,1.22,1,79.914
29106,00029106.jpg,1785610279218604800,9.895,10.604,79.396,17,73,1254.5,1.31,1,79.396
29107,00029107.jpg,1785610279251288576,9.794,10.349,79.651,16,69,1228.2,1.34,1,79.651
29108,00029108.jpg,1785610279285926912,9.8,10.209,79.791,18,80,1276.3,1.2,1,79.791
29109,00029109.jpg,1785610279317815808,9.805,10.347,79.653,19,77,1241.3,1.01,1,79.653
29110,00029110.jpg,1785610279351901952,9.841,10.321,79.679,15,69,1140.7,1.21,1,79.679
29111,00029111.jpg,1785610279386017792,9.851,9.478,80.522,18,72,1169.8,1.25,1,80.522
29112,00029112.jpg,1785610279418642176,9.975,8.024,81.976,14,73,1221.1,1.0,1,81.976
29113,00029113.jpg,1785610279453190912,9.89,6.26,83.74,15,74,1290.8,1.11,1,83.74
29114,00029114.jpg,1785610279486247936,9.817,3.898,86.102,18,78,1263.5,0.97,1,86.102
29115,00029115.jpg,1785610279518283776,9.866,1.395,88.605,12,64,1265.0,1.11,1,88.605
29116,00029116.jpg,1785610279551781120,9.841,0.315,89.685,11,60,1213.9,1.06,1,89.685
29117,00029117.jpg,1785610279585655808,9.831,89.676,0.324,16,67,1226.1,1.29,1,90.324
29118,00029118.jpg,1785610279618604032,9.835,89.653,0.347,13,63,1175.3,0.96,1,90.347
29119,00029119.jpg,1785610279651033600,9.837,89.333,0.667,14,68,1212.9,1.08,1,90.667
29120,00029120.jpg,1785610279686351872,9.837,89.265,0.735,14,68,1181.8,1.18,1,90.735
29121,00029121.jpg,1785610279717978624,9.839,89.405,0.595,13,70,1196.7,0.9,1,90.595
29122,00029122.jpg,1785610279751066368,9.839,89.287,0.713,13,67,1162.2,1.02,1,90.713
29123,00029123.jpg,1785610279786354688,9.841,89.363,0.637,14,66,1170.9,1.05,1,90.637
29124,00029124.jpg,1785610279819582976,9.841,89.349,0.651,14,70,1170.4,1.11,1,90.651
29125,00029125.jpg,1785610279851583232,9.851,89.637,0.363,13,73,1182.3,1.06,1,90.363
29126,00029126.jpg,1785610279885771520,9.86,89.558,0.442,14,76,1175.8,1.28,1,90.442
29127,00029127.jpg,1785610279917188608,9.896,88.978,1.022,12,67,1120.8,0.76,1,91.022
29128,00029128.jpg,1785610279952360192,9.843,88.323,1.677,12,61,1086.4,1.12,1,91.677
29129,00029129.jpg,1785610279985920768,9.853,87.146,2.854,12,62,1073.7,0.99,1,92.854
29130,00029130.jpg,1785610280017568768,9.852,86.58,3.42,13,60,1062.6,0.6,1,93.42
29131,00029131.jpg,1785610280051932416,9.843,86.679,3.321,11,52,1008.3,0.73,1,93.321
29132,00029132.jpg,1785610280083823872,9.843,86.671,3.329,15,66,1065.1,0.93,1,93.329
29133,00029133.jpg,1785610280117297408,9.843,86.536,3.464,15,62,1020.3,1.0,1,93.464
29134,00029134.jpg,1785610280150929408,9.843,86.681,3.319,13,59,1016.9,0.94,1,93.319
29135,00029135.jpg,1785610280185924096,9.843,86.651,3.349,13,58,1012.6,0.65,1,93.349
29136,00029136.jpg,1785610280218177792,9.843,86.189,3.811,10,56,977.4,1.45,1,93.811
29137,00029137.jpg,1785610280251112192,9.843,86.341,3.659,9,52,967.4,1.39,1,93.659
29138,00029138.jpg,1785610280285576960,9.843,86.695,3.305,9,52,973.6,1.25,1,93.305
29139,00029139.jpg,1785610280317981952,9.843,86.614,3.386,10,48,951.6,1.44,1,93.386
29140,00029140.jpg,1785610280351725568,9.843,86.652,3.348,12,55,967.8,0.88,1,93.348
29141,00029141.jpg,1785610280385472768,9.843,87.049,2.951,14,59,971.5,1.1,1,92.951
29142,00029142.jpg,1785610280417171200,9.843,86.976,3.024,14,58,954.9,1.12,1,93.024
29143,00029143.jpg,1785610280453974016,9.843,86.809,3.191,12,53,922.2,0.98,1,93.191
29144,00029144.jpg,1785610280485978880,9.843,86.618,3.382,14,58,922.9,1.17,1,93.382
29145,00029145.jpg,1785610280517974528,9.844,86.746,3.254,13,56,923.3,0.89,1,93.254
29146,00029146.jpg,1785610280551554048,9.866,86.486,3.514,14,57,907.0,1.52,1,93.514
29147,00029147.jpg,1785610280585890048,9.869,86.545,3.455,11,49,870.0,0.92,1,93.455
29148,00029148.jpg,1785610280617288192,9.92,85.998,4.002,14,59,905.5,1.21,1,94.002
29149,00029149.jpg,1785610280652812288,9.842,84.782,5.218,12,53,893.0,1.4,1,95.218
29150,00029150.jpg,1785610280686228992,9.854,83.927,6.073,11,50,894.9,0.89,1,96.073
29151,00029151.jpg,1785610280718379776,9.851,82.898,7.102,13,50,879.3,1.16,1,97.102
29152,00029152.jpg,1785610280751018240,9.844,82.805,7.195,12,52,890.1,1.3,1,97.195
29153,00029153.jpg,1785610280786001152,9.842,82.727,7.273,11,51,873.9,0.96,1,97.273
29154,00029154.jpg,1785610280819075072,9.842,83.146,6.854,14,57,895.2,0.81,1,96.854
29155,00029155.jpg,1785610280850734336,9.842,82.923,7.077,14,57,891.3,1.0,1,97.077
29156,00029156.jpg,1785610280885352704,9.842,82.519,7.481,14,59,869.2,0.91,1,97.481
29157,00029157.jpg,1785610280917150208,9.843,82.683,7.317,12,49,830.0,0.99,1,97.317
29158,00029158.jpg,1785610280953577984,9.857,82.531,7.469,13,61,874.0,1.2,1,97.469
29159,00029159.jpg,1785610280985783808,9.858,83.095,6.905,15,60,852.7,1.21,1,96.905
29160,00029160.jpg,1785610281017355264,9.898,82.115,7.885,15,57,849.6,0.8,1,97.885
29161,00029161.jpg,1785610281051335936,9.981,81.759,8.241,15,58,889.9,0.96,1,98.241
29162,00029162.jpg,1785610281086059264,9.946,81.901,8.099,14,55,882.5,1.7,1,98.099
29163,00029163.jpg,1785610281117854720,9.938,82.584,7.416,17,67,913.5,1.02,1,97.416
29164,00029164.jpg,1785610281150665472,10.011,83.197,6.803,16,62,883.4,1.31,1,96.803
29165,00029165.jpg,1785610281186381312,10.032,82.758,7.242,17,65,867.6,1.51,1,97.242
29166,00029166.jpg,1785610281217323008,10.052,82.084,7.916,16,63,838.4,1.6,1,97.916
29167,00029167.jpg,1785610281251916288,10.036,81.814,8.186,16,59,806.2,2.76,1,98.186
29168,00029168.jpg,1785610281286006016,9.967,81.686,8.314,20,70,835.9,2.62,1,98.314
29169,00029169.jpg,1785610281318042880,9.882,82.387,7.613,19,72,839.4,2.78,1,97.613
29170,00029170.jpg,1785610281351089920,9.832,82.568,7.432,19,70,806.4,2.26,1,97.432
29171,00029171.jpg,1785610281385668608,9.831,82.152,7.848,23,70,807.9,2.21,1,97.848
29172,00029172.jpg,1785610281418576384,9.822,81.793,8.207,21,76,806.2,2.25,1,98.207
29173,00029173.jpg,1785610281451756032,9.817,82.773,7.227,18,69,772.6,2.79,1,97.227
29174,00029174.jpg,1785610281483722496,9.828,81.267,8.733,18,70,770.5,1.38,1,98.733
29175,00029175.jpg,1785610281518191616,9.846,81.826,8.174,18,68,753.2,2.26,1,98.174
29176,00029176.jpg,1785610281550441216,9.87,81.727,8.273,20,74,761.1,2.6,1,98.273
29177,00029177.jpg,1785610281586164480,9.891,81.129,8.871,20,76,792.1,3.03,1,98.871
29178,00029178.jpg,1785610281617796352,10.001,80.776,9.224,21,77,840.6,2.6,1,99.224
29179,00029179.jpg,1785610281650999552,9.994,81.122,8.878,20,78,885.5,4.37,1,98.878
29180,00029180.jpg,1785610281686121216,10.032,81.836,8.164,18,63,718.0,3.74,1,98.164
29181,00029181.jpg,1785610281717621760,10.127,81.408,8.592,14,48,656.9,3.45,1,98.592
29182,00029182.jpg,1785610281750969856,10.193,81.522,8.478,16,45,668.7,3.18,1,98.478
29183,00029183.jpg,1785610281786286592,10.278,82.976,7.024,15,44,644.8,2.57,1,97.024
29184,00029184.jpg,1785610281818007552,10.369,82.368,7.632,15,44,642.7,2.26,1,97.632
29185,00029185.jpg,1785610281851800064,10.375,84.389,5.611,14,45,631.1,2.04,1,95.611
29186,00029186.jpg,1785610281885556224,10.338,84.511,5.489,13,44,622.4,2.02,1,95.489
29187,00029187.jpg,1785610281917388800,10.152,84.643,5.357,15,45,661.4,2.38,1,95.357
29188,00029188.jpg,1785610281951731456,9.965,84.956,5.044,15,48,669.5,1.9,1,95.044
29189,00029189.jpg,1785610281985495808,9.89,84.662,5.338,16,49,658.6,2.39,1,95.338
29190,00029190.jpg,1785610282017116672,9.839,85.244,4.756,15,52,648.2,2.27,1,94.756
29191,00029191.jpg,1785610282050756352,9.828,84.647,5.353,16,54,649.4,2.36,1,95.353
29192,00029192.jpg,1785610282086227200,9.799,85.281,4.719,16,62,675.7,2.44,1,94.719
29193,00029193.jpg,1785610282118496768,9.796,84.813,5.187,19,68,689.1,2.62,1,95.187
29194,00029194.jpg,1785610282150924032,9.797,84.139,5.861,18,61,660.2,2.18,1,95.861
29195,00029195.jpg,1785610282186522112,9.813,83.949,6.051,20,76,720.8,2.94,1,96.051
29196,00029196.jpg,1785610282218268672,9.816,84.343,5.657,19,70,718.6,2.21,1,95.657
29197,00029197.jpg,1785610282250623232,9.817,82.96,7.04,20,73,757.8,2.46,1,97.04
29198,00029198.jpg,1785610282285815040,9.826,83.088,6.912,19,70,750.2,2.17,1,96.912
29199,00029199.jpg,1785610282317330432,9.833,82.983,7.017,23,81,784.4,2.39,1,97.017
29200,00029200.jpg,1785610282350917120,9.894,82.894,7.106,27,85,789.6,2.83,1,97.106
29201,00029201.jpg,1785610282386142208,9.91,83.259,6.741,21,65,662.3,2.38,1,96.741
29202,00029202.jpg,1785610282417850880,9.9,81.409,8.591,17,65,645.6,2.36,1,98.591
29203,00029203.jpg,1785610282451866624,9.946,84.535,5.465,15,49,605.8,2.26,1,95.465
29204,00029204.jpg,1785610282483723520,9.959,85.697,4.303,18,53,622.3,1.85,1,94.303
29205,00029205.jpg,1785610282517464832,9.98,86.501,3.499,17,51,614.1,2.61,1,93.499
29206,00029206.jpg,1785610282550510080,9.976,86.159,3.841,18,55,628.8,2.34,1,93.841
29207,00029207.jpg,1785610282584976896,9.932,86.747,3.253,17,54,613.1,3.05,1,93.253
29208,00029208.jpg,1785610282617048832,9.874,86.086,3.914,18,60,632.1,2.21,1,93.914
29209,00029209.jpg,1785610282652817920,9.825,84.473,5.527,19,62,627.0,2.85,1,95.527
29210,00029210.jpg,1785610282685672960,9.82,85.368,4.632,18,65,623.3,2.92,1,94.632
29211,00029211.jpg,1785610282718282752,9.812,86.145,3.855,23,71,663.4,2.81,1,93.855
29212,00029212.jpg,1785610282751133696,9.809,86.356,3.644,17,62,635.4,3.2,1,93.644
29213,00029213.jpg,1785610282786073088,9.815,84.772,5.228,18,68,646.3,4.06,1,95.228
29214,00029214.jpg,1785610282818248192,9.815,85.402,4.598,18,66,654.3,4.25,1,94.598
29215,00029215.jpg,1785610282850742016,9.816,85.692,4.308,20,75,704.2,4.08,1,94.308
29216,00029216.jpg,1785610282885838080,9.819,85.472,4.528,21,65,620.8,4.22,1,94.528
29217,00029217.jpg,1785610282917174272,9.82,85.604,4.396,19,70,656.5,2.47,1,94.396
29218,00029218.jpg,1785610282950373632,9.821,85.598,4.402,24,74,683.1,2.82,1,94.402
29219,00029219.jpg,1785610282985897216,9.826,85.948,4.052,22,64,633.2,2.47,1,94.052
29220,00029220.jpg,1785610283017942784,9.825,86.031,3.969,23,82,699.3,3.15,1,93.969
29221,00029221.jpg,1785610283051043328,9.823,86.344,3.656,19,63,626.2,3.32,1,93.656
29222,00029222.jpg,1785610283085874176,9.822,86.35,3.65,17,62,633.3,2.98,1,93.65
29223,00029223.jpg,1785610283117591040,9.821,86.345,3.655,24,70,608.1,3.92,1,93.655
29224,00029224.jpg,1785610283150624256,9.821,86.773,3.227,24,73,653.8,1.59,1,93.227
29225,00029225.jpg,1785610283185310976,9.82,86.026,3.974,22,73,634.6,2.77,1,93.974
29226,00029226.jpg,1785610283218118656,9.302,86.835,3.165,24,73,671.0,3.85,1,93.165
29227,00029227.jpg,1785610283250908928,7.807,86.686,3.314,23,77,693.0,4.02,1,93.314
29228,00029228.jpg,1785610283285096704,6.815,86.435,3.565,26,73,656.0,3.34,1,93.565
29229,00029229.jpg,1785610283316965120,5.222,87.241,2.759,25,76,687.2,2.63,1,92.759
29230,00029230.jpg,1785610283353515520,4.188,86.929,3.071,21,64,658.4,4.32,1,93.071
29231,00029231.jpg,1785610283385715200,4.395,88.187,1.813,24,70,663.8,3.46,1,91.813
29232,00029232.jpg,1785610283417239808,7.563,87.069,2.931,22,71,661.2,2.41,1,92.931
29233,00029233.jpg,1785610283452777984,8.874,87.155,2.845,18,67,653.0,2.22,1,92.845
29234,00029234.jpg,1785610283485722624,9.457,87.008,2.992,21,70,670.4,2.24,1,92.992
29235,00029235.jpg,1785610283518276096,9.707,86.538,3.462,22,74,735.1,2.71,1,93.462
29236,00029236.jpg,1785610283550727680,9.812,87.125,2.875,21,75,705.8,2.5,1,92.875
29237,00029237.jpg,1785610283583613952,9.857,87.109,2.891,20,79,723.6,2.57,1,92.891
29238,00029238.jpg,1785610283617131520,9.834,87.253,2.747,20,75,728.9,2.26,1,92.747
29239,00029239.jpg,1785610283652738816,8.865,86.942,3.058,22,71,695.0,2.59,1,93.058
29240,00029240.jpg,1785610283685978624,8.122,87.471,2.529,26,81,746.6,2.14,1,92.529
29241,00029241.jpg,1785610283718003200,6.246,86.918,3.082,22,72,708.8,2.63,1,93.082
29242,00029242.jpg,1785610283750920960,5.48,86.459,3.541,19,70,723.6,3.02,1,93.541
29243,00029243.jpg,1785610283785650176,5.81,86.644,3.356,15,65,727.7,3.05,1,93.356
29244,00029244.jpg,1785610283817597184,8.701,85.96,4.04,23,72,738.1,4.26,1,94.04
29245,00029245.jpg,1785610283851022848,9.138,86.666,3.334,24,80,780.4,2.75,1,93.334
29246,00029246.jpg,1785610283885703680,9.673,86.828,3.172,18,67,734.6,2.61,1,93.172
29247,00029247.jpg,1785610283918246400,9.796,86.363,3.637,21,72,744.6,3.29,1,93.637
29248,00029248.jpg,1785610283950812416,9.847,86.303,3.697,22,78,794.6,2.92,1,93.697
29249,00029249.jpg,1785610283983564288,9.869,86.712,3.288,22,74,780.4,2.91,1,93.288
29250,00029250.jpg,1785610284016905472,9.878,86.631,3.369,24,71,752.6,2.86,1,93.369
29251,00029251.jpg,1785610284051011584,9.89,86.746,3.254,19,78,814.7,2.78,1,93.254
29252,00029252.jpg,1785610284085598720,9.883,86.996,3.004,21,79,831.1,2.53,1,93.004
29253,00029253.jpg,1785610284120387584,9.883,86.702,3.298,20,70,773.1,2.83,1,93.298
29254,00029254.jpg,1785610284150247168,9.883,86.774,3.226,20,77,860.3,2.77,1,93.226
29255,00029255.jpg,1785610284185283584,9.883,86.23,3.77,22,77,814.3,3.31,1,93.77
29256,00029256.jpg,1785610284216936704,9.883,86.689,3.311,20,68,778.0,2.87,1,93.311
29257,00029257.jpg,1785610284250493184,9.883,86.875,3.125,19,72,820.5,2.69,1,93.125
29258,00029258.jpg,1785610284283536128,9.882,86.138,3.862,21,80,865.6,3.24,1,93.862
29259,00029259.jpg,1785610284317624320,9.882,86.69,3.31,23,79,875.2,3.1,1,93.31
29260,00029260.jpg,1785610284351040256,9.882,87.268,2.732,21,77,873.2,2.35,1,92.732
29261,00029261.jpg,1785610284385966592,9.882,86.119,3.881,23,81,903.6,3.35,1,93.881
29262,00029262.jpg,1785610284416955136,9.881,87.19,2.81,22,87,918.8,2.52,1,92.81
29263,00029263.jpg,1785610284450657024,9.881,86.948,3.052,19,85,918.7,2.66,1,93.052
29264,00029264.jpg,1785610284485689344,9.881,86.178,3.822,20,82,904.5,3.37,1,93.822
29265,00029265.jpg,1785610284518070272,9.88,86.263,3.737,19,79,887.2,3.29,1,93.737
29266,00029266.jpg,1785610284551347712,9.88,86.342,3.658,20,90,965.0,3.29,1,93.658
29267,00029267.jpg,1785610284586202624,9.88,86.19,3.81,15,75,873.3,3.44,1,93.81
29268,00029268.jpg,1785610284618091776,9.879,86.124,3.876,18,85,941.5,3.45,1,93.876
29269,00029269.jpg,1785610284650217216,9.879,87.063,2.937,16,81,936.0,2.58,1,92.937
29270,00029270.jpg,1785610284685571328,9.879,86.139,3.861,22,84,925.2,3.52,1,93.861
29271,00029271.jpg,1785610284717590272,9.878,86.94,3.06,21,83,920.5,2.66,1,93.06
29272,00029272.jpg,1785610284751990016,9.878,87.269,2.731,17,79,940.9,2.4,1,92.731
29273,00029273.jpg,1785610284785758208,9.878,86.564,3.436,18,83,925.4,3.19,1,93.436
29274,00029274.jpg,1785610284817009920,9.878,86.369,3.631,21,83,959.8,3.25,1,93.631
29275,00029275.jpg,1785610284850231296,9.877,86.741,3.259,19,87,984.0,2.94,1,93.259
29276,00029276.jpg,1785610284883518208,9.877,86.227,3.773,20,84,958.9,3.4,1,93.773
29277,00029277.jpg,1785610284918005248,9.877,86.712,3.288,19,87,973.9,2.97,1,93.288
29278,00029278.jpg,1785610284951462400,9.876,86.729,3.271,24,92,1051.9,3.02,1,93.271
29279,00029279.jpg,1785610284985918720,9.876,86.815,3.185,24,93,1018.2,2.83,1,93.185
29280,00029280.jpg,1785610285018215168,9.876,86.811,3.189,21,86,1010.1,2.84,1,93.189
29281,00029281.jpg,1785610285050750208,9.875,86.611,3.389,17,86,1040.6,2.98,1,93.389
29282,00029282.jpg,1785610285085932288,9.875,86.538,3.462,23,93,1071.6,3.12,1,93.462
29283,00029283.jpg,1785610285117451008,9.875,86.23,3.77,23,91,1061.9,3.33,1,93.77
29284,00029284.jpg,1785610285151842304,9.874,86.843,3.157,20,82,1023.8,2.87,1,93.157
29285,00029285.jpg,1785610285185872896,9.874,86.461,3.539,19,91,1107.5,3.21,1,93.539
29286,00029286.jpg,1785610285217044224,9.874,86.592,3.408,22,87,1036.6,3.03,1,93.408
29287,00029287.jpg,1785610285253601536,9.874,86.08,3.92,26,96,1108.6,3.54,1,93.92
29288,00029288.jpg,1785610285285775616,9.873,87.071,2.929,20,92,1126.6,2.66,1,92.929
29289,00029289.jpg,1785610285318091776,9.873,86.901,3.099,18,89,1125.6,2.79,1,93.099
29290,00029290.jpg,1785610285351013632,9.873,86.564,3.436,23,90,1101.0,3.07,1,93.436
29291,00029291.jpg,1785610285385756672,9.872,86.541,3.459,19,84,1115.0,2.98,1,93.459
29292,00029292.jpg,1785610285417705984,9.872,86.352,3.648,22,97,1208.5,3.25,1,93.648
29293,00029293.jpg,1785610285451521792,9.872,86.37,3.63,24,89,1122.1,3.24,1,93.63
29294,00029294.jpg,1785610285485232128,9.872,86.235,3.765,20,92,1156.5,2.88,1,93.765
29295,00029295.jpg,1785610285516845824,9.871,86.13,3.87,21,91,1165.5,3.02,1,93.87
29296,00029296.jpg,1785610285550411776,9.871,86.435,3.565,23,100,1239.5,3.23,1,93.565
29297,00029297.jpg,1785610285585874432,9.871,86.708,3.292,20,92,1166.3,2.92,1,93.292
29298,00029298.jpg,1785610285620065792,9.87,86.843,3.157,22,89,1157.3,2.7,1,93.157
29299,00029299.jpg,1785610285650587648,9.87,86.408,3.592,21,93,1220.2,3.16,1,93.592
29300,00029300.jpg,1785610285685413888,9.87,86.151,3.849,17,82,1191.2,3.37,1,93.849
29301,00029301.jpg,1785610285718028800,9.87,86.188,3.812,25,97,1225.6,3.39,1,93.812
29302,00029302.jpg,1785610285750210048,9.869,86.099,3.901,22,91,1185.0,2.19,1,93.901
29303,00029303.jpg,1785610285783641088,9.869,86.763,3.237,19,85,1218.2,2.89,1,93.237
29304,00029304.jpg,1785610285818119168,9.869,86.38,3.62,23,96,1265.6,3.14,1,93.62
29305,00029305.jpg,1785610285850106112,9.869,86.259,3.741,20,86,1213.4,3.32,1,93.741
29306,00029306.jpg,1785610285883641600,9.869,86.017,3.983,26,94,1196.0,3.25,1,93.983
29307,00029307.jpg,1785610285918343680,9.868,86.358,3.642,22,96,1218.2,3.17,1,93.642
29308,00029308.jpg,1785610285950372096,9.868,86.338,3.662,22,100,1279.9,2.25,1,93.662
29309,00029309.jpg,1785610285983470848,9.868,85.82,4.18,23,100,1281.2,2.64,1,94.18
29310,00029310.jpg,1785610286017257472,9.868,86.534,3.466,22,94,1230.5,3.0,1,93.466
29311,00029311.jpg,1785610286050804736,9.867,86.191,3.809,25,99,1208.5,3.15,1,93.809
29312,00029312.jpg,1785610286085767424,9.872,86.271,3.729,22,101,1252.5,3.37,1,93.729
29313,00029313.jpg,1785610286117271296,9.867,86.411,3.589,25,110,1304.3,3.27,1,93.589
29314,00029314.jpg,1785610286150209280,9.867,86.27,3.73,20,98,1275.9,3.44,1,93.73
29315,00029315.jpg,1785610286186001664,9.867,86.038,3.962,25,104,1257.6,2.56,1,93.962
29316,00029316.jpg,1785610286218374144,9.867,85.738,4.262,21,91,1204.7,2.14,1,94.262
29317,00029317.jpg,1785610286252440576,9.866,86.365,3.635,21,101,1282.1,3.32,1,93.635
29318,00029318.jpg,1785610286285178112,9.866,86.196,3.804,24,107,1315.1,3.44,1,93.804
29319,00029319.jpg,1785610286318023424,9.866,85.658,4.342,23,98,1265.6,2.94,1,94.342
29320,00029320.jpg,1785610286353349888,9.866,86.434,3.566,21,102,1300.9,3.12,1,93.566
29321,00029321.jpg,1785610286383488000,9.866,86.433,3.567,24,102,1235.0,2.41,1,93.567
29322,00029322.jpg,1785610286417100544,9.867,86.204,3.796,20,95,1300.0,3.28,1,93.796
29323,00029323.jpg,1785610286450633728,9.879,86.239,3.761,22,92,1247.0,3.19,1,93.761
29324,00029324.jpg,1785610286483457792,9.88,86.278,3.722,20,111,1386.0,3.56,1,93.722
29325,00029325.jpg,1785610286517108736,9.92,86.867,3.133,24,98,1262.5,2.85,1,93.133
29326,00029326.jpg,1785610286550524160,9.988,87.381,2.619,23,101,1238.0,2.75,1,92.619
29327,00029327.jpg,1785610286585214976,9.956,86.98,3.02,20,80,1194.1,3.16,1,93.02
29328,00029328.jpg,1785610286616787712,9.99,86.431,3.569,17,72,1227.6,3.18,1,93.569
29329,00029329.jpg,1785610286650150144,10.029,86.259,3.741,17,71,1252.7,2.8,1,93.741
29330,00029330.jpg,1785610286684455680,10.083,85.057,4.943,21,76,1298.2,2.05,1,94.943
29331,00029331.jpg,1785610286718584832,10.185,84.959,5.041,18,72,1291.8,2.21,1,95.041
29332,00029332.jpg,1785610286750336512,10.53,84.342,5.658,18,71,1303.4,1.74,1,95.658
29333,00029333.jpg,1785610286783542272,10.978,83.969,6.031,19,76,1331.3,1.51,1,96.031
29334,00029334.jpg,1785610286817563392,11.833,84.334,5.666,20,75,1333.8,1.57,1,95.666
29335,00029335.jpg,1785610286853511424,12.993,83.689,6.311,19,79,1316.9,1.85,1,96.311
29336,00029336.jpg,1785610286884855040,13.848,84.374,5.626,18,77,1289.7,1.59,1,95.626
29337,00029337.jpg,1785610286916865024,15.035,84.397,5.603,19,75,1277.5,1.65,1,95.603
29338,00029338.jpg,1785610286951890688,16.221,85.108,4.892,19,77,1266.9,1.14,1,94.892
29339,00029339.jpg,1785610286986050304,16.922,85.056,4.944,18,81,1269.8,1.42,1,94.944
29340,00029340.jpg,1785610287017515008,11.209,84.811,5.189,20,86,1298.3,1.83,1,95.189
29341,00029341.jpg,1785610287050120192,5.154,85.21,4.79,22,96,1315.1,1.15,1,94.79
29342,00029342.jpg,1785610287085138688,5.917,84.753,5.247,17,75,1221.5,1.53,1,95.247
29343,00029343.jpg,1785610287117659904,8.434,85.544,4.456,18,80,1250.8,1.45,1,94.456
29344,00029344.jpg,1785610287151331328,11.205,85.049,4.951,19,88,1304.3,1.44,1,94.951
29345,00029345.jpg,1785610287185849344,11.782,85.27,4.73,20,94,1331.4,1.43,1,94.73
29346,00029346.jpg,1785610287218448128,12.383,85.315,4.685,18,90,1312.6,1.04,1,94.685
29347,00029347.jpg,1785610287250193920,10.83,84.96,5.04,19,87,1307.3,1.23,1,95.04
29348,00029348.jpg,1785610287285788160,8.144,85.101,4.899,19,84,1310.7,1.06,1,94.899
29349,00029349.jpg,1785610287317909504,8.278,85.606,4.394,23,99,1410.3,1.39,1,94.394
29350,00029350.jpg,1785610287353394432,8.886,85.31,4.69,21,95,1425.8,1.21,1,94.69
29351,00029351.jpg,1785610287385668864,9.319,85.862,4.138,21,95,1463.8,1.56,1,94.138
29352,00029352.jpg,1785610287417072128,9.457,85.211,4.789,24,106,1519.5,1.25,1,94.789
29353,00029353.jpg,1785610287450653440,9.812,85.545,4.455,23,99,1489.6,0.9,1,94.455
29354,00029354.jpg,1785610287485865728,9.912,85.946,4.054,19,91,1447.2,1.2,1,94.054
29355,00029355.jpg,1785610287516807680,10.048,86.464,3.536,22,86,1409.1,2.16,1,93.536
29356,00029356.jpg,1785610287550417920,10.044,86.322,3.678,19,75,1354.2,1.74,1,93.678
29357,00029357.jpg,1785610287583504640,10.103,85.989,4.011,22,84,1361.2,2.98,1,94.011
29358,00029358.jpg,1785610287618051328,10.205,86.07,3.93,20,78,1334.9,2.09,1,93.93
29359,00029359.jpg,1785610287650582016,10.289,85.983,4.017,20,74,1291.5,1.54,1,94.017
29360,00029360.jpg,1785610287685815552,10.376,85.277,4.723,21,77,1290.8,1.77,1,94.723
29361,00029361.jpg,1785610287717829120,10.464,84.029,5.971,21,80,1287.1,1.66,1,95.971
29362,00029362.jpg,1785610287750136832,10.459,82.853,7.147,18,69,1254.3,1.31,1,97.147
29363,00029363.jpg,1785610287785988864,10.41,82.96,7.04,19,76,1288.2,1.69,1,97.04
29364,00029364.jpg,1785610287817295104,10.172,82.331,7.669,21,79,1311.5,1.4,1,97.669
29365,00029365.jpg,1785610287852539392,9.976,82.703,7.297,18,75,1257.2,1.97,1,97.297
29366,00029366.jpg,1785610287885847296,9.904,83.24,6.76,20,74,1273.4,1.53,1,96.76
29367,00029367.jpg,1785610287917208576,9.836,82.882,7.118,18,74,1303.0,1.69,1,97.118
29368,00029368.jpg,1785610287950801664,9.817,83.596,6.404,18,68,1254.7,1.67,1,96.404
29369,00029369.jpg,1785610287985665792,9.834,83.301,6.699,15,72,1363.0,1.81,1,96.699
29370,00029370.jpg,1785610288017022208,9.835,82.809,7.191,18,74,1353.9,1.71,1,97.191
29371,00029371.jpg,1785610288050938880,9.846,83.224,6.776,20,76,1346.1,1.75,1,96.776
29372,00029372.jpg,1785610288085798912,9.866,82.688,7.312,21,78,1358.7,1.65,1,97.312
29373,00029373.jpg,1785610288117685760,9.894,82.649,7.351,20,80,1373.1,1.94,1,97.351
29374,00029374.jpg,1785610288151394048,9.933,83.011,6.989,24,84,1379.3,2.68,1,96.989
29375,00029375.jpg,1785610288185980928,9.966,82.661,7.339,20,75,1353.4,2.53,1,97.339
29376,00029376.jpg,1785610288217188096,10.048,82.085,7.915,18,75,1303.1,2.93,1,97.915
29377,00029377.jpg,1785610288250954496,10.042,81.733,8.267,19,80,1259.3,3.39,1,98.267
29378,00029378.jpg,1785610288285089280,10.104,82.17,7.83,19,76,1182.4,3.02,1,97.83
29379,00029379.jpg,1785610288316795392,10.131,82.082,7.918,17,70,1052.7,2.07,1,97.918
29380,00029380.jpg,1785610288352814592,10.306,80.72,9.28,14,57,819.7,1.99,1,99.28
29381,00029381.jpg,1785610288386615808,10.417,80.905,9.095,13,56,731.3,2.99,1,99.095
29382,00029382.jpg,1785610288418099968,10.523,82.026,7.974,13,51,711.5,2.98,1,97.974
29383,00029383.jpg,1785610288450234880,10.766,82.122,7.878,15,53,675.6,1.29,1,97.878
29384,00029384.jpg,1785610288483524352,10.837,83.1,6.9,14,54,618.8,1.2,1,96.9
29385,00029385.jpg,1785610288517445376,10.869,83.04,6.96,15,61,713.0,1.18,1,96.96
29386,00029386.jpg,1785610288549978368,10.669,81.981,8.019,14,59,774.3,1.65,1,98.019
29387,00029387.jpg,1785610288585810176,10.432,82.986,7.014,14,57,754.2,1.97,1,97.014
29388,00029388.jpg,1785610288617775104,10.095,83.182,6.818,14,64,829.6,1.87,1,96.818
29389,00029389.jpg,1785610288651073280,9.848,82.668,7.332,16,69,895.0,1.53,1,97.332
29390,00029390.jpg,1785610288685684480,9.84,82.298,7.702,18,72,1023.8,1.54,1,97.702
29391,00029391.jpg,1785610288717423360,9.781,82.841,7.159,20,94,1155.6,1.73,1,97.159
29392,00029392.jpg,1785610288750131712,9.757,82.58,7.42,20,80,1186.2,1.83,1,97.42
29393,00029393.jpg,1785610288786086656,9.802,82.31,7.69,20,76,1194.2,1.35,1,97.69
29394,00029394.jpg,1785610288817923072,9.954,82.244,7.756,20,81,1210.0,1.55,1,97.756
29395,00029395.jpg,1785610288851811584,10.338,83.153,6.847,19,84,1232.4,1.74,1,96.847
29396,00029396.jpg,1785610288883412224,10.764,83.004,6.996,21,78,1236.7,1.94,1,96.996
29397,00029397.jpg,1785610288916923392,11.597,82.817,7.183,20,85,1326.7,1.67,1,97.183
29398,00029398.jpg,1785610288950676992,12.632,82.995,7.005,19,82,1338.4,1.6,1,97.005
29399,00029399.jpg,1785610288986959616,13.374,82.788,7.212,17,76,1306.4,1.59,1,97.212
29400,00029400.jpg,1785610289016643072,13.82,82.755,7.245,20,82,1309.1,1.3,1,97.245
29401,00029401.jpg,1785610289050981888,8.411,83.095,6.905,18,79,1276.2,0.95,1,96.905
29402,00029402.jpg,1785610289085594368,7.054,82.942,7.058,19,79,1278.7,0.77,1,97.058
29403,00029403.jpg,1785610289117678848,7.847,83.026,6.974,19,80,1248.7,1.58,1,96.974
29404,00029404.jpg,1785610289150810880,8.624,82.237,7.763,20,82,1187.8,1.35,1,97.763
29405,00029405.jpg,1785610289183344896,9.364,81.499,8.501,18,77,1095.7,1.47,1,98.501
29406,00029406.jpg,1785610289217777152,9.889,82.099,7.901,18,72,991.0,1.51,1,97.901
29407,00029407.jpg,1785610289251062272,10.152,82.159,7.841,16,64,831.3,1.91,1,97.841
29408,00029408.jpg,1785610289285212160,10.232,81.879,8.121,13,51,715.1,2.06,1,98.121
29409,00029409.jpg,1785610289316616192,10.371,83.152,6.848,15,60,701.0,1.76,1,96.848
29410,00029410.jpg,1785610289352856576,10.607,83.112,6.888,19,73,624.6,1.73,1,96.888
29411,00029411.jpg,1785610289385826816,10.758,83.253,6.747,25,70,495.8,2.31,1,96.747
29412,00029412.jpg,1785610289416610560,10.898,81.825,8.175,14,57,503.2,3.13,1,98.175
29413,00029413.jpg,1785610289450432000,11.175,85.487,4.513,15,37,302.9,1.56,1,94.513
29414,00029414.jpg,1785610289485924096,11.364,85.635,4.365,11,38,258.6,1.55,1,94.365
29415,00029415.jpg,1785610289517905664,11.534,86.277,3.723,12,39,267.9,1.33,1,93.723
29416,00029416.jpg,1785610289550262784,11.459,86.902,3.098,13,44,319.5,5.07,1,93.098
29417,00029417.jpg,1785610289584811520,11.146,85.111,4.889,13,48,397.7,3.08,1,94.889
29418,00029418.jpg,1785610289616815872,10.484,86.19,3.81,17,60,566.5,3.82,1,93.81
29419,00029419.jpg,1785610289651082240,9.99,85.513,4.487,17,68,643.3,3.51,1,94.487
29420,00029420.jpg,1785610289685200640,9.779,85.52,4.48,19,70,725.7,2.4,1,94.48
29421,00029421.jpg,1785610289716962048,9.563,83.795,6.205,19,77,834.5,3.69,1,96.205
29422,00029422.jpg,1785610289750551040,9.512,83.27,6.73,22,89,1020.3,2.99,1,96.73
29423,00029423.jpg,1785610289785703168,9.579,83.404,6.596,27,108,1091.2,3.2,1,96.596
29424,00029424.jpg,1785610289817126912,9.601,83.323,6.677,26,91,1019.3,3.61,1,96.677
29425,00029425.jpg,1785610289850251776,9.63,84.694,5.306,27,96,1016.9,3.5,1,95.306
29426,00029426.jpg,1785610289883246080,9.706,84.404,5.596,23,91,1008.9,3.13,1,95.596
29427,00029427.jpg,1785610289917348608,9.735,84.175,5.825,21,86,1000.3,3.74,1,95.825
29428,00029428.jpg,1785610289950772992,9.755,83.102,6.898,21,81,970.6,3.47,1,96.898
29429,00029429.jpg,1785610289985807616,9.791,83.916,6.084,21,89,1064.5,3.54,1,96.084
29430,00029430.jpg,1785610290018010624,9.81,82.773,7.227,22,87,1093.8,4.26,1,97.227
29431,00029431.jpg,1785610290050712064,9.819,83.109,6.891,20,85,1122.9,4.07,1,96.891
29432,00029432.jpg,1785610290085586176,9.829,82.976,7.024,21,86,1092.9,3.51,1,97.024
29433,00029433.jpg,1785610290117985536,9.838,82.68,7.32,21,78,1093.4,3.37,1,97.32
29434,00029434.jpg,1785610290150475008,9.846,82.877,7.123,20,77,1074.3,3.24,1,97.123
29435,00029435.jpg,1785610290183185408,9.854,83.652,6.348,23,82,1122.9,3.25,1,96.348
29436,00029436.jpg,1785610290217870592,9.859,82.971,7.029,23,83,1127.1,3.52,1,97.029
29437,00029437.jpg,1785610290250856960,9.862,82.981,7.019,21,81,1104.1,3.44,1,97.019
29438,00029438.jpg,1785610290285965824,9.866,83.47,6.53,22,82,1110.4,2.86,1,96.53
29439,00029439.jpg,1785610290317710080,9.868,84.014,5.986,20,81,1083.7,4.14,1,95.986
29440,00029440.jpg,1785610290350981632,9.871,83.306,6.694,18,70,1040.5,3.2,1,96.694
29441,00029441.jpg,1785610290386520576,9.878,83.936,6.064,20,82,1077.0,3.37,1,96.064
29442,00029442.jpg,1785610290417597696,9.899,81.862,8.138,19,74,1056.3,4.12,1,98.138
29443,00029443.jpg,1785610290450300928,9.414,83.086,6.914,23,91,1121.9,3.53,1,96.914
29444,00029444.jpg,1785610290485947904,8.746,80.386,9.614,27,99,1166.4,4.24,1,99.614
29445,00029445.jpg,1785610290517656832,7.014,79.875,10.125,24,103,1288.3,3.47,1,100.125
29446,00029446.jpg,1785610290551208192,5.698,79.44,10.56,23,89,1143.4,4.25,1,100.56
29447,00029447.jpg,1785610290586002432,5.689,79.557,10.443,20,78,989.1,3.79,1,100.443
29448,00029448.jpg,1785610290620030464,8.478,80.47,9.53,17,74,909.8,4.65,1,99.53
29449,00029449.jpg,1785610290650640384,9.425,80.651,9.349,20,74,926.8,4.07,1,99.349
29450,00029450.jpg,1785610290685689344,9.854,80.981,9.019,20,71,928.4,3.65,1,99.019
29451,00029451.jpg,1785610290717946880,10.008,82.475,7.525,21,79,966.0,3.73,1,97.525
29452,00029452.jpg,1785610290749954560,10.059,81.117,8.883,23,89,1026.0,3.75,1,98.883
29453,00029453.jpg,1785610290783403520,10.066,81.381,8.619,23,93,1071.0,3.48,1,98.619
29454,00029454.jpg,1785610290817774080,10.077,81.474,8.526,23,82,1001.6,3.69,1,98.526
29455,00029455.jpg,1785610290850842112,10.095,81.242,8.758,23,88,1010.1,3.82,1,98.758
29456,00029456.jpg,1785610290885216512,10.087,81.616,8.384,24,85,990.2,3.78,1,98.384
29457,00029457.jpg,1785610290917359104,10.074,82.162,7.838,25,98,1096.1,2.7,1,97.838
29458,00029458.jpg,1785610290950318080,10.014,82.278,7.722,25,103,1174.7,3.14,1,97.722
29459,00029459.jpg,1785610290985525504,9.997,82.854,7.146,22,95,1175.0,2.58,1,97.146
29460,00029460.jpg,1785610291019312640,9.986,83.336,6.664,23,115,1346.2,2.37,1,96.664
29461,00029461.jpg,1785610291049996800,9.974,84.189,5.811,22,109,1316.3,1.82,1,95.811
29462,00029462.jpg,1785610291083467520,9.976,83.718,6.282,28,106,1238.0,2.57,1,96.282
29463,00029463.jpg,1785610291119446016,9.978,84.056,5.944,28,125,1328.2,2.55,1,95.944
29464,00029464.jpg,1785610291150023680,9.977,84.791,5.209,28,114,1255.4,2.21,1,95.209
29465,00029465.jpg,1785610291183295488,9.979,84.748,5.252,32,117,1206.0,2.43,1,95.252
29466,00029466.jpg,1785610291217404160,9.98,84.38,5.62,29,109,1167.8,2.94,1,95.62
29467,00029467.jpg,1785610291250784256,9.98,83.533,6.467,27,98,1098.4,3.01,1,96.467
29468,00029468.jpg,1785610291285822976,9.982,83.902,6.098,25,97,1091.0,2.35,1,96.098
29469,00029469.jpg,1785610291316695808,9.982,83.94,6.06,23,95,1097.4,3.13,1,96.06
29470,00029470.jpg,1785610291351594240,9.986,84.097,5.903,29,111,1194.2,2.73,1,95.903
29471,00029471.jpg,1785610291385912064,9.982,83.732,6.268,25,99,1133.1,3.14,1,96.268
29472,00029472.jpg,1785610291418827520,9.982,83.76,6.24,23,102,1163.8,2.73,1,96.24
29473,00029473.jpg,1785610291450756352,9.982,83.167,6.833,24,102,1165.8,2.42,1,96.833
29474,00029474.jpg,1785610291485300480,9.981,82.598,7.402,27,101,1194.0,3.11,1,97.402
29475,00029475.jpg,1785610291516654592,9.99,83.182,6.818,26,113,1269.6,3.16,1,96.818
29476,00029476.jpg,1785610291550087168,10.01,83.196,6.804,25,107,1257.5,3.69,1,96.804
29477,00029477.jpg,1785610291585842432,10.021,83.086,6.914,24,103,1275.0,3.78,1,96.914
29478,00029478.jpg,1785610291619623936,10.016,82.686,7.314,27,101,1294.9,4.42,1,97.314
29479,00029479.jpg,1785610291650999296,10.028,82.838,7.162,22,97,1289.6,2.95,1,97.162
29480,00029480.jpg,1785610291685696768,10.027,82.78,7.22,24,110,1374.4,2.76,1,97.22
29481,00029481.jpg,1785610291716597248,10.035,82.262,7.738,22,111,1407.8,2.35,1,97.738
29482,00029482.jpg,1785610291750292480,10.025,82.362,7.638,26,106,1374.9,1.79,1,97.638
29483,00029483.jpg,1785610291785829888,10.015,82.464,7.536,21,89,1348.7,1.91,1,97.536
29484,00029484.jpg,1785610291817585664,10.002,83.158,6.842,23,110,1496.0,2.24,1,96.842
29485,00029485.jpg,1785610291850557184,9.993,82.058,7.942,24,118,1543.0,1.81,1,97.942
29486,00029486.jpg,1785610291885767680,9.994,82.537,7.463,21,101,1504.7,2.31,1,97.463
29487,00029487.jpg,1785610291917903360,10.014,82.431,7.569,24,110,1544.6,2.78,1,97.569
29488,00029488.jpg,1785610291950663424,10.042,82.171,7.829,21,93,1502.0,2.53,1,97.829
29489,00029489.jpg,1785610291985796352,10.012,82.339,7.661,21,97,1541.0,2.74,1,97.661
29490,00029490.jpg,1785610292017220608,10.031,81.929,8.071,24,107,1553.5,1.58,1,98.071
29491,00029491.jpg,1785610292050521088,10.05,82.25,7.75,22,106,1537.0,1.31,1,97.75
29492,00029492.jpg,1785610292086045440,10.037,82.028,7.972,21,102,1516.2,0.82,1,97.972
29493,00029493.jpg,1785610292118556416,10.022,82.057,7.943,22,105,1467.2,0.73,1,97.943
29494,00029494.jpg,1785610292151340544,9.998,82.077,7.923,23,99,1411.3,0.84,1,97.923
29495,00029495.jpg,1785610292185562624,9.99,82.075,7.925,19,99,1407.8,0.92,1,97.925
29496,00029496.jpg,1785610292217228544,9.98,82.157,7.843,18,76,1290.8,0.82,1,97.843
29497,00029497.jpg,1785610292253413888,9.976,81.943,8.057,17,83,1297.7,0.77,1,98.057
29498,00029498.jpg,1785610292285321728,9.951,81.886,8.114,18,89,1294.9,0.64,1,98.114
29499,00029499.jpg,1785610292317471488,9.97,82.116,7.884,18,88,1319.9,0.86,1,97.884
29500,00029500.jpg,1785610292350423808,9.968,81.96,8.04,16,83,1287.8,0.77,1,98.04
29501,00029501.jpg,1785610292385362688,9.967,81.941,8.059,17,85,1288.5,0.9,1,98.059
29502,00029502.jpg,1785610292416521216,9.965,81.819,8.181,16,80,1276.2,0.68,1,98.181
29503,00029503.jpg,1785610292449992192,9.963,81.816,8.184,17,82,1272.6,0.83,1,98.184
29504,00029504.jpg,1785610292484296960,9.961,82.071,7.929,16,82,1287.3,0.78,1,97.929
29505,00029505.jpg,1785610292517629952,9.967,81.746,8.254,15,78,1241.1,0.72,1,98.254
29506,00029506.jpg,1785610292550598144,9.986,81.584,8.416,15,75,1222.3,1.16,1,98.416
29507,00029507.jpg,1785610292585155840,9.973,82.083,7.917,15,66,1195.1,1.36,1,97.917
29508,00029508.jpg,1785610292618073600,9.985,81.412,8.588,14,71,1177.9,0.72,1,98.588
29509,00029509.jpg,1785610292650405376,9.98,82.078,7.922,14,66,1064.5,0.74,1,97.922
29510,00029510.jpg,1785610292685651712,9.974,82.041,7.959,11,54,977.2,0.87,1,97.959
29511,00029511.jpg,1785610292717132800,9.969,82.002,7.998,12,54,992.5,0.57,1,97.998
29512,00029512.jpg,1785610292750337024,9.96,82.171,7.829,12,51,974.1,0.87,1,97.829
29513,00029513.jpg,1785610292785406720,9.957,81.806,8.194,11,50,959.7,0.77,1,98.194
29514,00029514.jpg,1785610292816865536,9.953,82.054,7.946,12,48,923.3,0.95,1,97.946
29515,00029515.jpg,1785610292851463936,9.951,81.723,8.277,12,53,930.8,1.14,1,98.277
29516,00029516.jpg,1785610292885322240,9.949,82.147,7.853,10,45,820.2,0.62,1,97.853
29517,00029517.jpg,1785610292917022976,9.939,82.2,7.8,9,40,748.0,0.94,1,97.8
29518,00029518.jpg,1785610292950220544,9.946,82.36,7.64,10,34,613.7,0.91,1,97.64
29519,00029519.jpg,1785610292985525760,9.944,81.98,8.02,11,38,592.1,1.07,1,98.02
29520,00029520.jpg,1785610293016781312,9.943,82.138,7.862,9,33,522.8,0.82,1,97.862
29521,00029521.jpg,1785610293050507008,9.942,82.159,7.841,10,34,470.4,1.04,1,97.841
29522,00029522.jpg,1785610293085524736,9.94,82.31,7.69,10,34,444.4,1.33,1,97.69
29523,00029523.jpg,1785610293116664320,9.939,82.248,7.752,10,37,404.7,1.53,1,97.752
29524,00029524.jpg,1785610293149825280,9.938,82.774,7.226,12,42,387.5,1.62,1,97.226
29525,00029525.jpg,1785610293184989440,9.937,84.094,5.906,12,41,260.6,2.84,1,95.906
29526,00029526.jpg,1785610293216817920,9.936,82.452,7.548,11,33,343.1,1.12,1,97.548
29527,00029527.jpg,1785610293250106112,9.935,82.594,7.406,15,55,464.4,1.36,1,97.406
29528,00029528.jpg,1785610293285971712,9.933,82.504,7.496,14,55,510.3,1.04,1,97.496
29529,00029529.jpg,1785610293316700160,9.932,82.53,7.47,18,73,679.7,0.85,1,97.47
29530,00029530.jpg,1785610293349791488,9.931,82.538,7.462,19,79,821.4,1.12,1,97.462
29531,00029531.jpg,1785610293386643456,9.93,82.598,7.402,20,84,947.7,1.14,1,97.402
29532,00029532.jpg,1785610293416994304,9.931,82.511,7.489,22,102,1346.6,1.0,1,97.489
29533,00029533.jpg,1785610293451081984,9.942,82.522,7.478,26,109,1411.9,1.45,1,97.478
29534,00029534.jpg,1785610293485010688,9.941,81.646,8.354,29,110,1424.7,1.1,1,98.354
29535,00029535.jpg,1785610293517193216,9.977,81.724,8.276,32,115,1459.7,1.2,1,98.276
29536,00029536.jpg,1785610293550152960,9.94,81.148,8.852,21,112,1569.2,1.44,1,98.852
29537,00029537.jpg,1785610293585711104,9.945,81.614,8.386,23,110,1479.6,1.46,1,98.386
29538,00029538.jpg,1785610293617799936,9.957,82.321,7.679,24,103,1446.5,1.19,1,97.679
29539,00029539.jpg,1785610293650424832,9.955,82.744,7.256,23,106,1431.7,1.1,1,97.256
29540,00029540.jpg,1785610293685644032,9.949,82.635,7.365,19,96,1433.9,1.25,1,97.365
29541,00029541.jpg,1785610293716229376,9.931,82.779,7.221,22,106,1463.4,1.16,1,97.221
29542,00029542.jpg,1785610293750583552,9.929,82.481,7.519,20,110,1548.6,1.28,1,97.519
29543,00029543.jpg,1785610293785384960,9.933,82.429,7.571,21,109,1505.4,1.23,1,97.571
29544,00029544.jpg,1785610293817476352,9.979,81.436,8.564,20,108,1491.5,1.68,1,98.564
29545,00029545.jpg,1785610293850744832,10.053,80.827,9.173,23,107,1382.8,1.75,1,99.173
29546,00029546.jpg,1785610293885748736,10.035,80.661,9.339,21,88,1213.2,2.25,1,99.339
29547,00029547.jpg,1785610293916942336,10.071,81.507,8.493,17,71,1005.9,1.62,1,98.493
29548,00029548.jpg,1785610293950612480,10.106,81.11,8.89,17,61,956.4,1.26,1,98.89
29549,00029549.jpg,1785610293985212416,10.175,83.033,6.967,16,61,937.8,1.15,1,96.967
29550,00029550.jpg,1785610294017041920,10.247,82.513,7.487,17,62,948.3,1.33,1,97.487
29551,00029551.jpg,1785610294049800704,10.288,82.706,7.294,17,62,964.4,1.1,1,97.294
29552,00029552.jpg,1785610294085711360,10.269,83.596,6.404,15,53,943.4,0.82,1,96.404
29553,00029553.jpg,1785610294116131840,10.14,83.198,6.802,16,64,992.9,1.21,1,96.802
29554,00029554.jpg,1785610294149898752,9.981,83.667,6.333,17,64,1005.9,0.9,1,96.333
29555,00029555.jpg,1785610294185559552,9.914,83.767,6.233,18,66,1043.5,0.84,1,96.233
29556,00029556.jpg,1785610294216536064,9.87,83.171,6.829,16,65,1043.3,1.51,1,96.829
29557,00029557.jpg,1785610294250004480,9.837,83.372,6.628,17,78,1080.0,1.45,1,96.628
29558,00029558.jpg,1785610294283424512,9.843,83.527,6.473,19,73,1104.9,1.09,1,96.473
29559,00029559.jpg,1785610294317102336,9.852,83.488,6.512,19,81,1148.5,1.18,1,96.512
29560,00029560.jpg,1785610294351121408,9.856,83.554,6.446,16,79,1163.4,0.9,1,96.446
29561,00029561.jpg,1785610294383406592,9.872,83.27,6.73,20,85,1209.5,1.22,1,96.73
29562,00029562.jpg,1785610294416316928,9.897,83.014,6.986,18,85,1229.5,0.95,1,96.986
29563,00029563.jpg,1785610294451456256,9.944,82.791,7.209,21,86,1263.7,1.19,1,97.209
29564,00029564.jpg,1785610294485554432,9.977,82.426,7.574,18,91,1302.5,1.3,1,97.574
29565,00029565.jpg,1785610294518142208,10.054,82.597,7.403,22,95,1449.9,1.6,1,97.403
29566,00029566.jpg,1785610294550062592,10.074,82.172,7.828,20,99,1493.1,1.59,1,97.828
29567,00029567.jpg,1785610294585077760,10.121,82.155,7.845,21,99,1538.5,1.38,1,97.845
29568,00029568.jpg,1785610294617398784,10.193,82.27,7.73,19,96,1583.5,1.42,1,97.73
29569,00029569.jpg,1785610294652349184,10.273,82.136,7.864,20,100,1636.1,1.56,1,97.864
29570,00029570.jpg,1785610294685802240,10.373,82.769,7.231,22,107,1687.1,0.8,1,97.231
29571,00029571.jpg,1785610294716610816,10.51,83.561,6.439,24,114,1731.0,1.36,1,96.439
29572,00029572.jpg,1785610294750577408,10.555,84.316,5.684,24,110,1669.8,1.94,1,95.684
29573,00029573.jpg,1785610294785512704,10.535,84.56,5.44,21,105,1685.8,2.14,1,95.44
29574,00029574.jpg,1785610294817361152,10.398,84.537,5.463,19,95,1578.6,1.95,1,95.463
29575,00029575.jpg,1785610294850215680,10.098,85.531,4.469,22,99,1583.1,2.81,1,94.469
29576,00029576.jpg,1785610294885836544,9.994,84.702,5.298,19,99,1582.1,2.44,1,95.298
29577,00029577.jpg,1785610294918871296,9.878,85.5,4.5,23,101,1592.2,2.36,1,94.5
29578,00029578.jpg,1785610294951239424,9.818,85.14,4.86,18,99,1563.8,2.49,1,94.86
29579,00029579.jpg,1785610294985687552,9.843,85.059,4.941,19,90,1472.3,2.28,1,94.941
29580,00029580.jpg,1785610295016564480,9.836,84.798,5.202,20,97,1503.7,2.24,1,95.202
29581,00029581.jpg,1785610295049753088,9.834,84.426,5.574,19,90,1441.7,2.09,1,95.574
29582,00029582.jpg,1785610295083326208,9.855,84.964,5.036,23,99,1494.3,2.34,1,95.036
29583,00029583.jpg,1785610295117731328,9.862,84.825,5.175,20,85,1406.9,2.4,1,95.175
29584,00029584.jpg,1785610295151957504,9.862,84.685,5.315,21,83,1385.8,2.25,1,95.315
29585,00029585.jpg,1785610295184443904,9.867,85.381,4.619,18,92,1491.7,2.48,1,94.619
29586,00029586.jpg,1785610295217157120,9.869,85.164,4.836,18,86,1395.4,2.05,1,94.836
29587,00029587.jpg,1785610295250984960,9.87,84.692,5.308,19,82,1327.2,1.84,1,95.308
29588,00029588.jpg,1785610295285285120,9.873,85.073,4.927,16,83,1351.0,2.47,1,94.927
29589,00029589.jpg,1785610295316160000,9.874,85.143,4.857,18,93,1346.2,2.48,1,94.857
29590,00029590.jpg,1785610295349673216,9.875,85.397,4.603,17,91,1335.4,1.82,1,94.603
29591,00029591.jpg,1785610295382857216,9.876,85.211,4.789,17,82,1298.0,1.89,1,94.789
29592,00029592.jpg,1785610295417389056,9.875,85.041,4.959,17,85,1297.6,2.25,1,94.959
29593,00029593.jpg,1785610295450669312,9.876,85.463,4.537,16,75,1217.4,1.94,1,94.537
29594,00029594.jpg,1785610295482949120,9.883,85.403,4.597,18,76,1220.7,1.68,1,94.597
29595,00029595.jpg,1785610295517614592,9.91,85.262,4.738,17,72,1225.9,1.36,1,94.738
29596,00029596.jpg,1785610295550037760,9.967,85.783,4.217,16,70,1231.3,1.76,1,94.217
29597,00029597.jpg,1785610295583329792,9.878,86.453,3.547,19,73,1236.6,1.86,1,93.547
29598,00029598.jpg,1785610295617135360,9.901,88.112,1.888,17,80,1315.6,1.39,1,91.888
29599,00029599.jpg,1785610295652865280,9.889,88.91,1.09,18,83,1341.5,1.54,1,91.09
29600,00029600.jpg,1785610295685444608,9.874,88.873,1.127,17,79,1334.0,1.6,1,91.127
29601,00029601.jpg,1785610295716448768,9.926,88.966,1.034,15,81,1330.5,1.49,1,91.034
29602,00029602.jpg,1785610295750355712,9.975,89.214,0.786,16,79,1349.1,1.56,1,90.786
29603,00029603.jpg,1785610295783182080,9.945,89.559,0.441,20,86,1342.3,2.26,1,90.441
29604,00029604.jpg,1785610295817844992,10.027,1.786,88.214,17,86,1341.5,2.08,1,88.214
29605,00029605.jpg,1785610295851296512,9.932,3.689,86.311,18,87,1348.0,2.01,1,86.311
29606,00029606.jpg,1785610295883250688,9.876,6.165,83.835,19,80,1364.4,1.77,1,83.835
29607,00029607.jpg,1785610295916325632,9.886,8.589,81.411,19,80,1352.7,1.78,1,81.411
29608,00029608.jpg,1785610295950322176,9.89,10.148,79.852,20,91,1347.4,1.72,1,79.852
29609,00029609.jpg,1785610295982835200,9.863,11.474,78.526,19,94,1348.2,1.5,1,78.526
29610,00029610.jpg,1785610296016688640,9.864,11.825,78.175,16,75,1277.5,1.75,1,78.175
29611,00029611.jpg,1785610296049786368,9.867,12.079,77.921,17,82,1289.3,1.77,1,77.921
29612,00029612.jpg,1785610296082842880,9.862,12.146,77.854,16,88,1296.2,1.77,1,77.854
29613,00029613.jpg,1785610296116283648,9.862,11.877,78.123,18,82,1292.5,1.44,1,78.123
29614,00029614.jpg,1785610296151585280,9.861,11.877,78.123,18,84,1312.3,1.76,1,78.123
29615,00029615.jpg,1785610296185351936,9.861,12.002,77.998,18,80,1316.3,1.63,1,77.998
29616,00029616.jpg,1785610296217152000,9.861,11.952,78.048,18,88,1316.3,1.86,1,78.048
29617,00029617.jpg,1785610296249560320,9.86,12.016,77.984,18,88,1340.6,1.76,1,77.984
29618,00029618.jpg,1785610296285648128,9.86,12.151,77.849,18,85,1325.1,1.7,1,77.849
29619,00029619.jpg,1785610296317223680,9.86,11.709,78.291,18,83,1325.7,1.81,1,78.291
29620,00029620.jpg,1785610296349737472,9.86,11.891,78.109,20,89,1351.5,1.61,1,78.109
29621,00029621.jpg,1785610296385171968,9.859,11.944,78.056,18,78,1339.3,1.79,1,78.056
29622,00029622.jpg,1785610296416466944,9.859,11.999,78.001,18,80,1353.3,1.55,1,78.001
29623,00029623.jpg,1785610296450111744,9.859,12.216,77.784,21,93,1362.2,1.66,1,77.784
29624,00029624.jpg,1785610296484909824,9.859,12.068,77.932,19,82,1389.6,1.66,1,77.932
29625,00029625.jpg,1785610296517073152,9.858,11.807,78.193,18,85,1344.4,1.84,1,78.193
29626,00029626.jpg,1785610296550418432,9.858,11.952,78.048,18,83,1378.6,1.67,1,78.048
29627,00029627.jpg,1785610296584909056,9.858,11.644,78.356,20,81,1344.3,1.75,1,78.356
29628,00029628.jpg,1785610296616357632,9.858,11.76,78.24,17,76,1332.5,1.85,1,78.24
29629,00029629.jpg,1785610296650225408,9.858,11.855,78.145,15,74,1323.5,1.31,1,78.145
29630,00029630.jpg,1785610296683314944,9.857,11.916,78.084,17,78,1309.8,1.31,1,78.084
29631,00029631.jpg,1785610296717003008,9.857,11.792,78.208,17,76,1298.2,1.66,1,78.208
29632,00029632.jpg,1785610296749715712,9.857,11.386,78.614,16,77,1309.4,2.08,1,78.614
29633,00029633.jpg,1785610296784240384,9.857,11.741,78.259,17,71,1298.3,1.48,1,78.259
29634,00029634.jpg,1785610296816673792,9.857,11.52,78.48,18,84,1327.4,1.66,1,78.48
29635,00029635.jpg,1785610296850468608,9.857,11.804,78.196,17,80,1328.7,1.6,1,78.196
29636,00029636.jpg,1785610296885741056,9.857,11.865,78.135,18,73,1273.4,1.34,1,78.135
29637,00029637.jpg,1785610296916182784,9.857,11.626,78.374,15,76,1285.9,1.5,1,78.374
29638,00029638.jpg,1785610296950494464,9.857,11.853,78.147,17,70,1258.9,1.35,1,78.147
29639,00029639.jpg,1785610296985469952,9.856,11.492,78.508,16,77,1268.0,1.73,1,78.508
29640,00029640.jpg,1785610297015956224,9.856,11.531,78.469,17,75,1257.9,1.48,1,78.469
29641,00029641.jpg,1785610297050426880,9.856,11.692,78.308,18,79,1276.6,1.32,1,78.308
29642,00029642.jpg,1785610297085657088,9.856,11.44,78.56,20,87,1293.6,1.6,1,78.56
29643,00029643.jpg,1785610297116328192,9.856,11.304,78.696,16,73,1248.3,1.33,1,78.696
29644,00029644.jpg,1785610297151128064,9.856,11.056,78.944,16,79,1251.0,1.44,1,78.944
29645,00029645.jpg,1785610297185534464,9.856,11.192,78.808,17,70,1230.5,1.61,1,78.808
29646,00029646.jpg,1785610297216281088,9.856,11.716,78.284,17,81,1251.2,1.37,1,78.284
29647,00029647.jpg,1785610297249688576,9.856,11.21,78.79,17,79,1237.8,1.63,1,78.79
29648,00029648.jpg,1785610297282652672,9.856,11.433,78.567,20,83,1240.9,1.44,1,78.567
29649,00029649.jpg,1785610297317228800,9.856,11.44,78.56,20,85,1248.5,1.29,1,78.56
29650,00029650.jpg,1785610297351429888,9.856,11.344,78.656,21,83,1245.5,1.44,1,78.656
29651,00029651.jpg,1785610297385504256,9.856,11.448,78.552,20,79,1215.1,1.31,1,78.552
29652,00029652.jpg,1785610297416702208,9.856,11.493,78.507,19,84,1230.6,1.4,1,78.507
29653,00029653.jpg,1785610297450070016,9.856,11.438,78.562,20,84,1253.8,1.56,1,78.562
29654,00029654.jpg,1785610297485240832,9.857,10.48,79.52,21,86,1259.3,1.39,1,79.52
29655,00029655.jpg,1785610297517396736,9.857,10.671,79.329,18,76,1257.2,1.62,1,79.329
29656,00029656.jpg,1785610297550264832,9.857,11.072,78.928,16,75,1228.7,1.3,1,78.928
29657,00029657.jpg,1785610297583181824,9.859,11.104,78.896,21,83,1313.3,1.28,1,78.896
29658,00029658.jpg,1785610297616452608,9.874,11.27,78.73,18,81,1318.1,1.23,1,78.73
29659,00029659.jpg,1785610297651390976,9.898,11.292,78.708,20,73,1291.2,1.49,1,78.708
29660,00029660.jpg,1785610297683097600,9.911,11.489,78.511,19,78,1223.9,1.51,1,78.511
29661,00029661.jpg,1785610297716423424,10.017,12.041,77.959,21,79,1133.6,1.46,1,77.959
29662,00029662.jpg,1785610297749453056,10.032,13.345,76.655,19,63,1046.8,1.39,1,76.655
29663,00029663.jpg,1785610297782820096,10.08,13.101,76.899,19,76,1119.0,1.34,1,76.899
29664,00029664.jpg,1785610297817110016,10.238,12.988,77.012,16,70,1071.8,1.37,1,77.012
29665,00029665.jpg,1785610297849982208,10.392,12.887,77.113,20,80,1237.5,1.66,1,77.113
29666,00029666.jpg,1785610297884480768,10.495,13.097,76.903,19,73,1119.4,1.7,1,76.903
29667,00029667.jpg,1785610297920067584,10.695,12.558,77.442,20,75,1168.2,2.28,1,77.442
29668,00029668.jpg,1785610297950366208,10.935,11.168,78.832,17,69,1112.0,1.85,1,78.832
29669,00029669.jpg,1785610297983070976,11.191,9.755,80.245,14,54,946.3,1.96,1,80.245
29670,00029670.jpg,1785610298016071424,11.564,8.917,81.083,14,52,878.1,1.67,1,81.083
29671,00029671.jpg,1785610298050255360,12.036,9.174,80.826,13,47,775.9,1.88,1,80.826
29672,00029672.jpg,1785610298085046784,12.487,8.14,81.86,11,39,667.4,1.76,1,81.86
29673,00029673.jpg,1785610298116797184,13.044,7.989,82.011,12,42,646.6,1.29,1,82.011
29674,00029674.jpg,1785610298150910208,13.637,5.959,84.041,12,42,613.4,1.25,1,84.041
29675,00029675.jpg,1785610298182915072,13.963,5.919,84.081,12,42,589.6,1.66,1,84.081
29676,00029676.jpg,1785610298215983872,14.099,5.316,84.684,13,41,585.6,2.19,1,84.684
29677,00029677.jpg,1785610298250064640,14.023,5.225,84.775,11,39,553.1,1.71,1,84.775
29678,00029678.jpg,1785610298285516800,13.364,5.377,84.623,12,41,611.7,1.64,1,84.623
29679,00029679.jpg,1785610298317345536,11.946,6.095,83.905,13,44,685.2,1.57,1,83.905
29680,00029680.jpg,1785610298350218496,10.839,6.371,83.629,13,47,734.8,1.72,1,83.629
29681,00029681.jpg,1785610298385000704,10.333,6.323,83.677,14,48,874.8,1.31,1,83.677
29682,00029682.jpg,1785610298419933440,9.641,7.109,82.891,18,66,1040.1,1.29,1,82.891
29683,00029683.jpg,1785610298450081536,9.253,7.169,82.831,17,57,1025.5,1.25,1,82.831
29684,00029684.jpg,1785610298485328384,9.381,7.428,82.572,16,66,1052.6,1.21,1,82.572
29685,00029685.jpg,1785610298517366272,9.341,7.695,82.305,19,68,1073.5,1.25,1,82.305
29686,00029686.jpg,1785610298550636800,9.343,7.855,82.145,14,50,1001.6,1.32,1,82.145
29687,00029687.jpg,1785610298585633024,9.502,8.466,81.534,14,59,1019.1,1.16,1,81.534
29688,00029688.jpg,1785610298616869888,9.548,8.403,81.597,17,80,1126.0,1.4,1,81.597
29689,00029689.jpg,1785610298650357760,9.556,9.11,80.89,19,69,1093.5,1.44,1,80.89
29690,00029690.jpg,1785610298682604544,9.659,8.283,81.717,20,76,1188.9,1.7,1,81.717
29691,00029691.jpg,1785610298717285376,9.686,7.935,82.065,19,70,1237.1,1.36,1,82.065
29692,00029692.jpg,1785610298750159360,9.704,7.803,82.197,20,79,1330.8,1.41,1,82.197
29693,00029693.jpg,1785610298783271936,9.737,8.338,81.662,17,71,1281.3,1.29,1,81.662
29694,00029694.jpg,1785610298816136960,9.749,8.319,81.681,21,76,1282.0,1.35,1,81.681
29695,00029695.jpg,1785610298850965760,9.758,8.096,81.904,19,79,1320.6,1.73,1,81.904
29696,00029696.jpg,1785610298885530624,9.771,7.96,82.04,18,82,1364.7,1.45,1,82.04
29697,00029697.jpg,1785610298917569792,9.777,8.152,81.848,16,76,1287.3,1.67,1,81.848
29698,00029698.jpg,1785610298949837312,9.782,8.279,81.721,19,75,1335.2,1.56,1,81.721
29699,00029699.jpg,1785610298983166464,9.787,8.465,81.535,16,78,1321.5,1.56,1,81.535
29700,00029700.jpg,1785610299016658176,9.79,8.847,81.153,22,80,1314.5,1.27,1,81.153
29701,00029701.jpg,1785610299050039552,9.792,7.924,82.076,22,79,1307.2,1.8,1,82.076
29702,00029702.jpg,1785610299084801024,9.794,8.13,81.87,19,78,1294.3,2.11,1,81.87
29703,00029703.jpg,1785610299117661952,9.795,7.988,82.012,21,72,1276.0,1.7,1,82.012
29704,00029704.jpg,1785610299150384896,9.796,7.98,82.02,19,77,1296.0,1.84,1,82.02
29705,00029705.jpg,1785610299182786816,9.797,8.11,81.89,22,83,1314.4,1.64,1,81.89
29706,00029706.jpg,1785610299216344320,9.798,8.052,81.948,19,72,1247.6,1.8,1,81.948
29707,00029707.jpg,1785610299249879296,9.798,8.246,81.754,23,75,1247.6,1.28,1,81.754
29708,00029708.jpg,1785610299285572096,9.799,8.076,81.924,18,73,1220.8,1.6,1,81.924
29709,00029709.jpg,1785610299315814912,9.799,7.858,82.142,22,81,1285.8,2.1,1,82.142
29710,00029710.jpg,1785610299350609152,9.799,7.928,82.072,19,72,1212.6,1.53,1,82.072
29711,00029711.jpg,1785610299384997120,9.799,8.192,81.808,20,81,1249.9,1.79,1,81.808
29712,00029712.jpg,1785610299416796928,9.799,7.631,82.369,18,72,1226.5,2.09,1,82.369
29713,00029713.jpg,1785610299450027008,9.806,7.742,82.258,16,77,1233.8,2.22,1,82.258
29714,00029714.jpg,1785610299483257856,9.806,8.008,81.992,17,74,1208.6,2.39,1,81.992
29715,00029715.jpg,1785610299517271552,9.798,8.021,81.979,19,73,1154.1,2.2,1,81.979
29716,00029716.jpg,1785610299550086400,9.803,8.238,81.762,19,72,1170.9,1.46,1,81.762
29717,00029717.jpg,1785610299584773376,9.801,8.176,81.824,18,73,1168.0,1.77,1,81.824
29718,00029718.jpg,1785610299615938816,9.8,7.953,82.047,19,79,1193.2,2.04,1,82.047
29719,00029719.jpg,1785610299650905088,9.799,8.094,81.906,25,82,1199.8,1.5,1,81.906
29720,00029720.jpg,1785610299682569216,9.798,8.08,81.92,22,76,1196.3,1.63,1,81.92
29721,00029721.jpg,1785610299716425728,9.797,7.953,82.047,24,80,1201.9,1.51,1,82.047
29722,00029722.jpg,1785610299750092032,9.797,8.467,81.533,24,87,1219.4,1.51,1,81.533
29723,00029723.jpg,1785610299784004352,9.797,7.872,82.128,19,77,1159.0,1.86,1,82.128
29724,00029724.jpg,1785610299815930880,9.798,7.668,82.332,17,73,1159.7,1.69,1,82.332
29725,00029725.jpg,1785610299849582592,9.798,8.043,81.957,26,80,1193.7,1.76,1,81.957
29726,00029726.jpg,1785610299884100864,9.798,8.261,81.739,18,76,1173.1,1.77,1,81.739
29727,00029727.jpg,1785610299917565696,9.799,7.731,82.269,19,76,1150.9,1.74,1,82.269
29728,00029728.jpg,1785610299951497984,9.799,7.713,82.287,18,74,1140.5,1.98,1,82.287
29729,00029729.jpg,1785610299985094912,9.799,7.873,82.127,20,76,1149.8,1.89,1,82.127
29730,00029730.jpg,1785610300016787200,9.8,7.729,82.271,15,68,1111.5,1.84,1,82.271
29731,00029731.jpg,1785610300052277248,9.8,7.941,82.059,18,75,1121.0,2.07,1,82.059
29732,00029732.jpg,1785610300082427904,9.8,7.949,82.051,18,74,1129.7,1.92,1,82.051
29733,00029733.jpg,1785610300115942144,9.652,8.297,81.703,18,70,1093.8,1.63,1,81.703
29734,00029734.jpg,1785610300151608832,8.663,8.112,81.888,17,78,1111.6,1.79,1,81.888
29735,00029735.jpg,1785610300184228352,8.039,8.053,81.947,22,76,1103.9,2.11,1,81.947
29736,00029736.jpg,1785610300217265408,9.129,8.419,81.581,17,67,1057.9,1.82,1,81.581
29737,00029737.jpg,1785610300249650176,9.407,8.232,81.768,18,75,1111.8,1.86,1,81.768
29738,00029738.jpg,1785610300285424640,9.725,8.799,81.201,17,74,1066.8,1.82,1,81.201
29739,00029739.jpg,1785610300315936000,9.787,7.262,82.738,21,81,1115.2,2.83,1,82.738
29740,00029740.jpg,1785610300351662336,9.813,8.107,81.893,20,77,1059.1,2.0,1,81.893
29741,00029741.jpg,1785610300383762688,9.824,8.447,81.553,22,73,1064.3,2.02,1,81.553
29742,00029742.jpg,1785610300417668352,9.828,8.841,81.159,16,65,1014.2,2.02,1,81.159
29743,00029743.jpg,1785610300449088512,9.832,7.821,82.179,18,69,1056.9,2.35,1,82.179
29744,00029744.jpg,1785610300485437952,9.835,7.488,82.512,18,67,1029.3,2.86,1,82.512
29745,00029745.jpg,1785610300516475136,9.849,9.018,80.982,21,66,956.8,1.94,1,80.982
29746,00029746.jpg,1785610300550126080,9.877,9.403,80.597,18,63,907.1,2.4,1,80.597
29747,00029747.jpg,1785610300582822656,9.881,10.269,79.731,19,65,875.9,3.15,1,79.731
29748,00029748.jpg,1785610300616648192,9.842,9.423,80.577,17,59,877.4,2.58,1,80.577
29749,00029749.jpg,1785610300649944064,9.866,8.606,81.394,18,64,907.4,1.51,1,81.394
29750,00029750.jpg,1785610300684754688,9.872,7.148,82.852,15,58,877.9,2.07,1,82.852
29751,00029751.jpg,1785610300716501504,9.882,7.585,82.415,16,68,942.4,1.7,1,82.415
29752,00029752.jpg,1785610300749910784,9.862,7.715,82.285,22,72,950.7,1.59,1,82.285
29753,00029753.jpg,1785610300783042304,9.843,7.627,82.373,18,70,944.2,1.57,1,82.373
29754,00029754.jpg,1785610300817714688,9.823,7.102,82.898,19,76,942.5,1.85,1,82.898
29755,00029755.jpg,1785610300849624320,9.813,7.285,82.715,18,69,930.6,1.52,1,82.715
29756,00029756.jpg,1785610300882385920,9.814,8.096,81.904,18,77,950.1,1.35,1,81.904
29757,00029757.jpg,1785610300917209856,9.815,6.86,83.14,20,74,933.1,2.04,1,83.14
29758,00029758.jpg,1785610300953189632,9.816,7.521,82.479,23,65,875.7,1.33,1,82.479
29759,00029759.jpg,1785610300985204224,9.819,7.313,82.687,18,81,942.1,1.79,1,82.687
29760,00029760.jpg,1785610301016771072,9.821,7.234,82.766,18,74,916.4,1.52,1,82.766
29761,00029761.jpg,1785610301049777664,9.822,7.396,82.604,21,68,862.1,1.51,1,82.604
29762,00029762.jpg,1785610301082733568,9.825,6.852,83.148,21,74,906.6,2.03,1,83.148
29763,00029763.jpg,1785610301117164544,9.848,6.747,83.253,21,73,893.3,1.97,1,83.253
29764,00029764.jpg,1785610301149735680,9.839,8.159,81.841,21,72,812.8,1.4,1,81.841
29765,00029765.jpg,1785610301185364224,9.828,8.856,81.144,20,73,820.7,1.1,1,81.144
29766,00029766.jpg,1785610301216666880,9.843,8.597,81.403,18,65,747.6,1.65,1,81.403
29767,00029767.jpg,1785610301249281280,9.828,8.895,81.105,19,66,735.1,1.82,1,81.105
29768,00029768.jpg,1785610301282357504,9.827,9.084,80.916,20,74,786.9,1.49,1,80.916
29769,00029769.jpg,1785610301315620864,9.845,9.176,80.824,21,69,744.8,1.3,1,80.824
29770,00029770.jpg,1785610301350059520,9.897,7.77,82.23,18,64,731.9,2.32,1,82.23
29771,00029771.jpg,1785610301385144064,9.885,7.919,82.081,17,74,779.1,1.71,1,82.081
29772,00029772.jpg,1785610301416733696,10.001,6.544,83.456,19,68,801.8,1.81,1,83.456
29773,00029773.jpg,1785610301450121728,9.947,4.663,85.337,17,63,855.3,2.12,1,85.337
29774,00029774.jpg,1785610301485190400,9.857,2.368,87.632,13,55,894.8,1.39,1,87.632
29775,00029775.jpg,1785610301516871680,9.853,0.878,89.122,18,65,939.2,1.21,1,89.122
29776,00029776.jpg,1785610301550383104,9.873,89.041,0.959,19,69,889.8,0.83,1,90.959
29777,00029777.jpg,1785610301585894400,9.878,86.539,3.461,13,60,885.5,1.44,1,93.461
29778,00029778.jpg,1785610301615635200,9.85,83.848,6.152,11,53,911.9,0.84,1,96.152
29779,00029779.jpg,1785610301649917952,9.839,81.39,8.61,12,53,975.1,1.37,1,98.61
29780,00029780.jpg,1785610301685120000,9.829,79.72,10.28,11,52,972.4,1.13,1,100.28
29781,00029781.jpg,1785610301716766208,9.827,78.048,11.952,10,49,968.8,1.18,1,101.952
29782,00029782.jpg,1785610301750205952,9.828,78.176,11.824,9,50,958.5,1.04,1,101.824
29783,00029783.jpg,1785610301785270784,9.825,78.244,11.756,8,40,937.4,1.27,1,101.756
29784,00029784.jpg,1785610301817306624,9.824,78.173,11.827,10,50,968.5,1.08,1,101.827
29785,00029785.jpg,1785610301849385216,9.835,78.031,11.969,9,47,943.2,0.95,1,101.969
29786,00029786.jpg,1785610301882669824,9.831,78.239,11.761,10,48,935.3,0.96,1,101.761
29787,00029787.jpg,1785610301916213504,9.865,78.856,11.144,9,45,928.0,0.75,1,101.144
29788,00029788.jpg,1785610301952060928,9.818,78.817,11.183,9,43,892.9,1.11,1,101.183
29789,00029789.jpg,1785610301985057024,9.82,77.814,12.186,10,45,876.5,1.17,1,102.186
29790,00029790.jpg,1785610302015803136,9.833,77.644,12.356,10,47,851.5,1.44,1,102.356
29791,00029791.jpg,1785610302050225408,9.835,77.127,12.873,9,45,817.6,1.62,1,102.873
29792,00029792.jpg,1785610302084116480,9.837,76.514,13.486,10,43,814.3,2.01,1,103.486
29793,00029793.jpg,1785610302116656896,9.818,76.883,13.117,9,44,801.2,1.99,1,103.117
29794,00029794.jpg,1785610302150384128,9.809,76.133,13.867,9,41,791.0,1.81,1,103.867
29795,00029795.jpg,1785610302185333248,9.808,76.564,13.436,10,46,786.2,1.54,1,103.436
29796,00029796.jpg,1785610302216185344,9.808,77.271,12.729,10,47,775.4,1.75,1,102.729
29797,00029797.jpg,1785610302249441024,9.813,76.989,13.011,10,47,764.1,1.73,1,103.011
29798,00029798.jpg,1785610302282475520,9.821,77.923,12.077,9,49,750.2,1.93,1,102.077
29799,00029799.jpg,1785610302315779328,9.838,76.289,13.711,10,47,748.9,2.19,1,103.711
29800,00029800.jpg,1785610302350119936,9.877,76.631,13.369,9,45,729.0,2.7,1,103.369
29801,00029801.jpg,1785610302385354752,9.9,77.141,12.859,11,51,714.1,2.34,1,102.859
29802,00029802.jpg,1785610302416256256,9.955,74.987,15.013,15,51,771.3,2.65,1,105.013
29803,00029803.jpg,1785610302449919744,9.976,73.736,16.264,10,48,809.5,3.49,1,106.264
29804,00029804.jpg,1785610302484876288,10.035,74.85,15.15,10,51,772.5,2.48,1,105.15
29805,00029805.jpg,1785610302516672512,10.072,75.809,14.191,9,40,744.0,2.48,1,104.191
29806,00029806.jpg,1785610302549634304,10.196,76.862,13.138,10,46,767.1,1.72,1,103.138
29807,00029807.jpg,1785610302585097728,10.232,77.665,12.335,10,44,767.9,0.85,1,102.335
29808,00029808.jpg,1785610302616510720,10.236,77.93,12.07,10,38,747.7,0.97,1,102.07
29809,00029809.jpg,1785610302649835008,10.26,76.959,13.041,9,40,743.1,1.38,1,103.041
29810,00029810.jpg,1785610302682890496,10.237,76.186,13.814,9,41,727.2,1.7,1,103.814
29811,00029811.jpg,1785610302717105920,10.38,75.258,14.742,11,45,729.6,2.61,1,104.742
29812,00029812.jpg,1785610302748935168,10.371,74.555,15.445,9,39,608.5,2.89,1,105.445
29813,00029813.jpg,1785610302782679808,10.477,76.59,13.41,9,40,600.6,2.17,1,103.41
29814,00029814.jpg,1785610302816539904,10.619,77.121,12.879,9,38,590.3,1.62,1,102.879
29815,00029815.jpg,1785610302849737984,10.778,78.039,11.961,10,41,610.2,0.92,1,101.961
29816,00029816.jpg,1785610302883120128,10.779,78.876,11.124,9,36,619.7,0.83,1,101.124
29817,00029817.jpg,1785610302916894464,10.688,79.066,10.934,10,38,612.8,0.64,1,100.934
29818,00029818.jpg,1785610302949427712,10.255,79.024,10.976,9,37,618.7,0.61,1,100.976
29819,00029819.jpg,1785610302982216960,10.046,78.811,11.189,9,39,635.4,0.62,1,101.189
29820,00029820.jpg,1785610303017004288,9.948,78.394,11.606,10,41,624.2,0.57,1,101.606
29821,00029821.jpg,1785610303050197760,10.009,77.55,12.45,10,39,623.6,1.61,1,102.45
29822,00029822.jpg,1785610303085183488,10.129,77.251,12.749,12,44,606.0,1.68,1,102.749
29823,00029823.jpg,1785610303115691520,10.352,76.934,13.066,11,45,614.4,1.95,1,103.066
29824,00029824.jpg,1785610303150222848,10.437,77.367,12.633,8,36,573.8,2.09,1,102.633
29825,00029825.jpg,1785610303182831104,10.493,77.425,12.575,8,35,562.8,1.06,1,102.575
29826,00029826.jpg,1785610303216098816,10.676,78.513,11.487,8,36,576.6,0.66,1,101.487
29827,00029827.jpg,1785610303250236416,10.739,80.174,9.826,9,37,604.7,1.0,1,99.826
29828,00029828.jpg,1785610303283091712,10.713,79.755,10.245,9,36,596.9,0.88,1,100.245
29829,00029829.jpg,1785610303315885312,10.355,80.226,9.774,8,37,607.1,1.05,1,99.774
29830,00029830.jpg,1785610303349733632,10.029,80.298,9.702,9,38,617.9,0.82,1,99.702
29831,00029831.jpg,1785610303385078272,9.904,80.186,9.814,11,41,630.8,1.53,1,99.814
29832,00029832.jpg,1785610303415766016,9.711,80.3,9.7,11,42,643.2,1.52,1,99.7
29833,00029833.jpg,1785610303450034944,9.633,79.712,10.288,10,40,641.5,0.89,1,100.288
29834,00029834.jpg,1785610303484942080,9.651,81.016,8.984,10,44,637.7,1.33,1,98.984
29835,00029835.jpg,1785610303516003584,9.667,80.658,9.342,11,38,714.9,1.01,1,99.342
29836,00029836.jpg,1785610303550019584,9.658,80.346,9.654,11,39,704.8,0.87,1,99.654
29837,00029837.jpg,1785610303585558016,9.7,80.15,9.85,13,41,711.8,0.89,1,99.85
29838,00029838.jpg,1785610303615757312,9.73,80.365,9.635,12,42,721.9,0.73,1,99.635
29839,00029839.jpg,1785610303650279680,9.75,80.67,9.33,9,45,752.9,1.08,1,99.33
29840,00029840.jpg,1785610303682965504,9.773,80.777,9.223,11,41,751.6,1.48,1,99.223
29841,00029841.jpg,1785610303715627264,9.828,81.284,8.716,11,41,759.2,1.05,1,98.716
29842,00029842.jpg,1785610303751081984,9.885,81.017,8.983,11,46,777.2,1.34,1,98.983
29843,00029843.jpg,1785610303782503424,9.889,81.924,8.076,9,42,755.2,2.45,1,98.076
29844,00029844.jpg,1785610303815891712,9.958,81.684,8.316,14,41,681.3,1.52,1,98.316
29845,00029845.jpg,1785610303850545152,9.977,81.588,8.412,8,40,652.2,2.1,1,98.412
29846,00029846.jpg,1785610303884991488,10.03,81.2,8.8,9,39,621.9,1.37,1,98.8
29847,00029847.jpg,1785610303916805120,10.089,80.385,9.615,10,40,611.6,0.85,1,99.615
29848,00029848.jpg,1785610303950450688,10.103,79.86,10.14,11,41,616.6,0.68,1,100.14
29849,00029849.jpg,1785610303982541824,10.075,79.031,10.969,13,43,620.8,1.54,1,100.969
29850,00029850.jpg,1785610304016711936,10.022,80.43,9.57,9,39,635.0,1.06,1,99.57
29851,00029851.jpg,1785610304050309120,10.035,80.886,9.114,11,41,655.6,1.44,1,99.114
29852,00029852.jpg,1785610304085610240,10.081,81.563,8.437,11,42,682.4,1.61,1,98.437
29853,00029853.jpg,1785610304116018432,10.206,81.575,8.425,13,46,668.1,2.31,1,98.425
29854,00029854.jpg,1785610304150604288,10.194,81.321,8.679,12,40,650.5,1.58,1,98.679
29855,00029855.jpg,1785610304182845696,10.281,80.35,9.65,10,40,625.9,0.77,1,99.65
29856,00029856.jpg,1785610304216015872,10.367,80.092,9.908,10,38,619.0,0.91,1,99.908
29857,00029857.jpg,1785610304248795392,10.37,79.128,10.872,9,38,600.7,1.64,1,100.872
29858,00029858.jpg,1785610304282164992,10.329,78.793,11.207,10,35,607.7,0.82,1,101.207
29859,00029859.jpg,1785610304316359680,10.103,79.058,10.942,7,35,641.9,1.21,1,100.942
29860,00029860.jpg,1785610304351119360,9.993,79.89,10.11,15,52,677.9,1.06,1,100.11
29861,00029861.jpg,1785610304382265600,10.014,79.942,10.058,14,45,669.7,0.91,1,100.058
29862,00029862.jpg,1785610304415583232,10.21,80.73,9.27,9,40,679.1,1.07,1,99.27
29863,00029863.jpg,1785610304449622784,10.291,81.263,8.737,13,46,667.2,2.21,1,98.737
29864,00029864.jpg,1785610304483092224,10.355,80.359,9.641,7,33,619.4,1.88,1,99.641
29865,00029865.jpg,1785610304515722240,10.478,79.741,10.259,9,38,626.5,1.34,1,100.259
29866,00029866.jpg,1785610304549746944,10.608,78.387,11.613,9,41,628.9,0.43,1,101.613
29867,00029867.jpg,1785610304584620544,10.618,77.195,12.805,9,38,610.8,1.22,1,102.805
29868,00029868.jpg,1785610304617028864,10.579,77.502,12.498,9,35,600.1,1.06,1,102.498
29869,00029869.jpg,1785610304648718592,10.441,77.553,12.447,15,42,599.9,1.06,1,102.447
29870,00029870.jpg,1785610304682097664,10.101,76.824,13.176,11,42,600.5,1.83,1,103.176
29871,00029871.jpg,1785610304715602432,9.839,76.999,13.001,9,40,616.0,1.97,1,103.001
29872,00029872.jpg,1785610304749774336,9.738,76.352,13.648,11,41,634.0,1.97,1,103.648
29873,00029873.jpg,1785610304782981376,9.756,78.298,11.702,9,38,667.7,1.4,1,101.702
29874,00029874.jpg,1785610304815940608,9.729,77.856,12.144,10,38,642.5,1.86,1,102.144
29875,00029875.jpg,1785610304849750272,9.716,77.211,12.789,11,42,683.0,1.53,1,102.789
29876,00029876.jpg,1785610304882887680,9.747,77.533,12.467,10,41,673.9,1.24,1,102.467
29877,00029877.jpg,1785610304915987456,9.751,77.323,12.677,12,47,710.0,1.41,1,102.677
29878,00029878.jpg,1785610304950159616,9.758,77.439,12.561,11,39,704.7,1.04,1,102.561
29879,00029879.jpg,1785610304982668544,9.771,77.275,12.725,8,36,693.4,1.27,1,102.725
29880,00029880.jpg,1785610305015532544,9.778,77.246,12.754,10,41,710.4,1.5,1,102.754
29881,00029881.jpg,1785610305048884224,9.778,77.437,12.563,10,42,714.9,1.25,1,102.563
29882,00029882.jpg,1785610305086097152,9.785,76.945,13.055,11,44,725.0,1.61,1,103.055
29883,00029883.jpg,1785610305116259072,9.8,77.959,12.041,10,39,717.3,1.17,1,102.041
29884,00029884.jpg,1785610305149700864,9.829,78.721,11.279,10,40,724.4,1.16,1,101.279
29885,00029885.jpg,1785610305182935040,9.84,78.994,11.006,9,39,703.1,0.68,1,101.006
29886,00029886.jpg,1785610305216498176,9.929,79.569,10.431,9,37,684.0,0.83,1,100.431
29887,00029887.jpg,1785610305251344896,9.863,79.457,10.543,11,38,658.8,1.09,1,100.543
29888,00029888.jpg,1785610305285086720,9.885,78.355,11.645,9,37,620.0,1.22,1,101.645
29889,00029889.jpg,1785610305316659968,9.919,77.335,12.665,9,33,592.5,1.08,1,102.665
29890,00029890.jpg,1785610305349186816,9.928,76.68,13.32,9,35,585.1,1.95,1,103.32
29891,00029891.jpg,1785610305383129344,9.913,76.734,13.266,7,30,571.3,2.05,1,103.266
29892,00029892.jpg,1785610305416237568,9.854,75.579,14.421,8,31,578.1,2.39,1,104.421
29893,00029893.jpg,1785610305449811200,9.805,75.861,14.139,7,28,570.0,2.19,1,104.139
29894,00029894.jpg,1785610305482365696,9.796,75.767,14.233,10,33,583.6,2.29,1,104.233
29895,00029895.jpg,1785610305515663360,9.783,75.72,14.28,8,34,601.8,2.88,1,104.28
29896,00029896.jpg,1785610305549006592,9.777,77.068,12.932,8,33,597.8,2.34,1,102.932
29897,00029897.jpg,1785610305584747520,9.783,75.391,14.609,8,36,595.1,2.35,1,104.609
29898,00029898.jpg,1785610305616408576,9.784,76.521,13.479,8,32,585.4,2.22,1,103.479
29899,00029899.jpg,1785610305649775104,9.784,75.943,14.057,9,35,591.8,2.21,1,104.057
29900,00029900.jpg,1785610305682196480,9.789,75.667,14.333,7,30,577.9,2.3,1,104.333
29901,00029901.jpg,1785610305718981376,9.79,76.627,13.373,8,35,584.8,2.35,1,103.373
29902,00029902.jpg,1785610305750140672,9.792,76.702,13.298,7,31,568.8,2.2,1,103.298
29903,00029903.jpg,1785610305782950144,9.793,76.544,13.456,8,34,571.4,1.61,1,103.456
29904,00029904.jpg,1785610305816382976,9.794,75.698,14.302,7,29,560.0,2.44,1,104.302
29905,00029905.jpg,1785610305849688576,9.795,75.764,14.236,8,33,561.5,2.22,1,104.236
29906,00029906.jpg,1785610305885403904,9.796,76.467,13.533,8,34,555.4,2.52,1,103.533
29907,00029907.jpg,1785610305915426304,9.796,76.814,13.186,9,34,556.8,2.46,1,103.186
29908,00029908.jpg,1785610305949041408,9.796,76.187,13.813,9,33,549.2,2.52,1,103.813
29909,00029909.jpg,1785610305982049280,9.797,75.777,14.223,8,32,536.4,2.74,1,104.223
29910,00029910.jpg,1785610306016035328,9.797,76.525,13.475,8,33,529.2,3.18,1,103.475
29911,00029911.jpg,1785610306049530624,9.797,75.267,14.733,8,29,507.2,2.36,1,104.733
29912,00029912.jpg,1785610306084659968,9.797,77.285,12.715,9,32,514.4,2.11,1,102.715
29913,00029913.jpg,1785610306116769280,9.798,75.928,14.072,8,31,512.0,2.3,1,104.072
29914,00029914.jpg,1785610306150116864,9.798,75.742,14.258,8,30,494.5,2.46,1,104.258
29915,00029915.jpg,1785610306182159872,9.798,76.202,13.798,7,30,476.8,2.19,1,103.798
29916,00029916.jpg,1785610306215906816,9.798,75.961,14.039,9,32,473.1,2.1,1,104.039
29917,00029917.jpg,1785610306249811200,9.798,75.987,14.013,8,32,473.0,2.19,1,104.013
29918,00029918.jpg,1785610306284895232,9.798,75.6,14.4,7,28,445.6,2.41,1,104.4
29919,00029919.jpg,1785610306316414976,9.798,75.085,14.915,9,28,421.0,2.55,1,104.915
29920,00029920.jpg,1785610306349974528,9.798,75.167,14.833,7,22,387.8,1.89,1,104.833
29921,00029921.jpg,1785610306385033728,9.798,76.817,13.183,8,28,420.5,3.28,1,103.183
29922,00029922.jpg,1785610306417088512,9.798,74.318,15.682,8,29,406.1,3.07,1,105.682
29923,00029923.jpg,1785610306449996800,9.799,75.818,14.182,9,29,391.5,2.89,1,104.182
29924,00029924.jpg,1785610306482499584,9.799,74.834,15.166,9,29,380.3,3.19,1,105.166
29925,00029925.jpg,1785610306515388928,9.799,75.973,14.027,8,24,358.6,2.86,1,104.027
29926,00029926.jpg,1785610306550487040,9.799,75.794,14.206,9,26,360.5,2.94,1,104.206
29927,00029927.jpg,1785610306586030336,9.799,75.414,14.586,8,25,369.9,2.86,1,104.586
29928,00029928.jpg,1785610306616006144,9.799,75.632,14.368,11,29,355.5,3.04,1,104.368
29929,00029929.jpg,1785610306649464576,9.799,75.051,14.949,8,23,341.7,2.89,1,104.949
29930,00029930.jpg,1785610306682307840,9.799,75.172,14.828,10,26,336.6,2.77,1,104.828
29931,00029931.jpg,1785610306716287488,9.799,73.945,16.055,8,25,340.0,3.95,1,106.055
29932,00029932.jpg,1785610306749716480,9.806,75.063,14.937,8,24,317.8,3.02,1,104.937
29933,00029933.jpg,1785610306782166272,9.806,74.527,15.473,9,22,314.1,3.4,1,105.473
29934,00029934.jpg,1785610306815377408,9.828,78.018,11.982,7,19,293.4,2.16,1,101.982
29935,00029935.jpg,1785610306849690880,9.876,78.537,11.463,6,18,300.3,1.84,1,101.463
29936,00029936.jpg,1785610306882247168,9.887,79.694,10.306,6,21,305.1,1.46,1,100.306
29937,00029937.jpg,1785610306916685568,9.882,79.535,10.465,3,17,292.7,1.51,1,100.465
29938,00029938.jpg,1785610306949646848,9.934,78.073,11.927,6,19,291.4,0.49,1,101.927
29939,00029939.jpg,1785610306982981120,9.992,78.438,11.562,4,16,284.6,1.14,1,101.562
29940,00029940.jpg,1785610307016374016,10.034,78.715,11.285,7,22,321.7,2.7,1,101.285
29941,00029941.jpg,1785610307049582592,10.165,71.365,18.635,5,17,249.1,4.85,1,108.635
29942,00029942.jpg,1785610307085104640,10.202,69.245,20.755,4,14,239.0,4.08,1,110.755
29943,00029943.jpg,1785610307115564288,10.218,67.36,22.64,6,18,235.1,5.5,1,112.64
29944,00029944.jpg,1785610307149482240,10.082,65.338,24.662,4,12,198.5,3.62,1,114.662
29945,00029945.jpg,1785610307185198336,9.643,64.357,25.643,6,10,186.9,3.46,1,115.643
29946,00029946.jpg,1785610307218383616,8.115,64.236,25.764,6,10,183.3,3.59,1,115.764
29947,00029947.jpg,1785610307249605376,6.33,65.639,24.361,8,12,187.2,3.31,1,114.361
29948,00029948.jpg,1785610307282816512,5.484,64.971,25.029,7,10,178.9,3.18,1,115.029
29949,00029949.jpg,1785610307315638784,4.319,65.234,24.766,7,10,173.6,3.74,1,114.766
29950,00029950.jpg,1785610307350067200,3.959,66.03,23.97,5,10,174.2,3.19,1,113.97
29951,00029951.jpg,1785610307384856576,4.54,65.83,24.17,6,10,174.4,3.16,1,114.17
29952,00029952.jpg,1785610307416279808,8.206,67.052,22.948,6,12,169.6,4.32,1,112.948
29953,00029953.jpg,1785610307449960960,9.19,66.443,23.557,5,12,171.0,3.12,1,113.557
29954,00029954.jpg,1785610307484840704,9.619,66.42,23.58,5,10,174.9,2.79,1,113.58
29955,00029955.jpg,1785610307516087808,9.797,66.573,23.427,4,10,173.3,2.15,1,113.427
29956,00029956.jpg,1785610307549783040,9.868,67.164,22.836,4,10,174.5,2.57,1,112.836
29957,00029957.jpg,1785610307584809216,9.898,68.177,21.823,3,10,176.3,4.04,1,111.823
29958,00029958.jpg,1785610307616649216,9.908,67.6,22.4,5,10,180.7,1.93,1,112.4
29959,00029959.jpg,1785610307649886720,9.912,68.599,21.401,4,10,176.4,3.02,1,111.401
29960,00029960.jpg,1785610307682347776,9.913,68.708,21.292,3,10,175.9,3.18,1,111.292
29961,00029961.jpg,1785610307717068800,9.914,68.394,21.606,3,10,180.9,2.75,1,111.606
29962,00029962.jpg,1785610307749454080,9.923,67.479,22.521,4,10,178.4,1.8,1,112.521
29963,00029963.jpg,1785610307782597888,9.923,67.611,22.389,3,10,179.8,3.4,1,112.389
29964,00029964.jpg,1785610307816323584,9.946,66.549,23.451,4,11,181.1,3.72,1,113.451
29965,00029965.jpg,1785610307851486720,9.915,64.996,25.004,5,12,181.7,2.19,1,115.004
29966,00029966.jpg,1785610307882389504,9.914,66.991,23.009,5,11,179.0,2.59,1,113.009
29967,00029967.jpg,1785610307915483648,9.927,68.441,21.559,4,11,183.7,2.56,1,111.559
29968,00029968.jpg,1785610307949934336,9.935,70.533,19.467,5,10,180.6,2.73,1,109.467
29969,00029969.jpg,1785610307982090240,9.931,72.532,17.468,5,11,196.9,3.21,1,107.468
29970,00029970.jpg,1785610308016672768,9.923,71.349,18.651,5,11,178.2,3.25,1,108.651
29971,00029971.jpg,1785610308048883712,9.91,71.439,18.561,5,10,172.3,2.49,1,108.561
29972,00029972.jpg,1785610308082703616,9.91,70.873,19.127,3,10,171.4,1.48,1,109.127
29973,00029973.jpg,1785610308115770880,9.927,69.462,20.538,5,12,175.4,4.62,1,110.538
29974,00029974.jpg,1785610308149942016,9.964,69.398,20.602,5,14,179.3,3.85,1,110.602
29975,00029975.jpg,1785610308184829440,9.966,69.682,20.318,7,13,175.9,4.13,1,110.318
29976,00029976.jpg,1785610308216174848,10.037,63.128,26.872,6,16,211.2,4.9,1,116.872
29977,00029977.jpg,1785610308249264384,10.02,64.605,25.395,3,12,183.0,3.38,1,115.395
29978,00029978.jpg,1785610308282324992,10.043,66.351,23.649,5,15,190.3,3.59,1,113.649
29979,00029979.jpg,1785610308315618304,10.132,69.941,20.059,6,14,190.3,1.66,1,110.059
29980,00029980.jpg,1785610308350996992,10.216,74.14,15.86,6,13,201.6,2.56,1,105.86
29981,00029981.jpg,1785610308382447360,10.233,75.775,14.225,6,17,227.9,2.88,1,104.225
29982,00029982.jpg,1785610308415890432,10.285,75.953,14.047,4,14,216.7,2.74,1,104.047
29983,00029983.jpg,1785610308449314304,9.132,75.934,14.066,4,16,255.9,2.53,1,104.066
29984,00029984.jpg,1785610308482663424,8.158,75.732,14.268,5,15,245.8,3.64,1,104.268
29985,00029985.jpg,1785610308516054528,6.534,74.842,15.158,4,14,217.7,3.75,1,105.158
29986,00029986.jpg,1785610308549392896,5.787,76.642,13.358,6,18,219.8,3.0,1,103.358
29987,00029987.jpg,1785610308582472704,6.125,72.703,17.297,4,15,185.6,3.38,1,107.297
29988,00029988.jpg,1785610308615876608,9.018,70.407,19.593,4,11,178.6,3.49,1,109.593
29989,00029989.jpg,1785610308649694208,9.607,70.038,19.962,3,10,178.2,1.5,1,109.962
29990,00029990.jpg,1785610308682902016,9.905,74.149,15.851,5,14,219.5,2.92,1,105.851
29991,00029991.jpg,1785610308716066816,10.052,78.089,11.911,5,17,242.7,1.54,1,101.911
29992,00029992.jpg,1785610308749989120,10.089,78.267,11.733,5,19,268.0,2.1,1,101.733
29993,00029993.jpg,1785610308784711168,10.076,79.043,10.957,4,16,260.2,0.91,1,100.957
29994,00029994.jpg,1785610308815182848,10.036,78.992,11.008,4,19,263.4,1.73,1,101.008
29995,00029995.jpg,1785610308849359872,9.983,78.135,11.865,4,18,250.9,2.02,1,101.865
29996,00029996.jpg,1785610308882341120,9.895,78.871,11.129,5,20,253.5,1.63,1,101.129
29997,00029997.jpg,1785610308916098304,9.856,78.992,11.008,5,19,238.9,1.51,1,101.008
29998,00029998.jpg,1785610308949892864,9.847,79.203,10.797,6,20,261.2,1.84,1,100.797
29999,00029999.jpg,1785610308984613632,9.857,79.495,10.505,7,24,279.9,1.96,1,100.505
30000,00030000.jpg,1785610309016141568,9.864,78.273,11.727,9,20,267.4,1.72,1,101.727
30001,00030001.jpg,1785610309049868800,9.879,80.317,9.683,5,19,248.5,2.65,1,99.683
30002,00030002.jpg,1785610309082655488,9.887,80.228,9.772,9,18,224.0,2.5,1,99.772
30003,00030003.jpg,1785610309115940096,9.96,83.85,6.15,12,16,207.6,4.06,1,96.15
30004,00030004.jpg,1785610309149497344,9.908,82.501,7.499,9,20,220.0,1.84,1,97.499
30005,00030005.jpg,1785610309182415616,9.918,80.043,9.957,10,18,225.2,0.69,1,99.957
30006,00030006.jpg,1785610309216510464,9.946,79.391,10.609,7,16,215.8,0.89,1,100.609
30007,00030007.jpg,1785610309248481536,9.968,78.874,11.126,12,20,226.9,1.86,1,101.126
30008,00030008.jpg,1785610309284661504,9.933,77.547,12.453,10,21,224.3,1.68,1,102.453
30009,00030009.jpg,1785610309316061184,9.907,77.497,12.503,6,23,211.4,1.04,1,102.503
30010,00030010.jpg,1785610309350668544,9.884,77.759,12.241,8,25,220.0,1.2,1,102.241
30011,00030011.jpg,1785610309382875392,9.878,77.303,12.697,5,22,205.4,0.58,1,102.697
30012,00030012.jpg,1785610309415422208,9.873,76.977,13.023,9,30,235.8,0.73,1,103.023
30013,00030013.jpg,1785610309449867776,9.867,77.417,12.583,7,26,224.6,0.93,1,102.583
30014,00030014.jpg,1785610309484811008,9.869,77.079,12.921,7,18,199.1,0.8,1,102.921
30015,00030015.jpg,1785610309516541184,9.87,76.754,13.246,7,27,224.1,0.53,1,103.246
30016,00030016.jpg,1785610309550506752,9.87,77.137,12.863,9,29,231.7,1.83,1,102.863
30017,00030017.jpg,1785610309581946624,9.874,78.455,11.545,8,25,222.3,1.06,1,101.545
30018,00030018.jpg,1785610309618078976,9.893,78.522,11.478,8,20,208.4,1.65,1,101.478
30019,00030019.jpg,1785610309649622528,9.901,76.125,13.875,9,24,221.8,2.1,1,103.875
30020,00030020.jpg,1785610309682260736,9.939,79.371,10.629,8,20,209.7,1.78,1,100.629
30021,00030021.jpg,1785610309716346624,9.917,80.661,9.339,10,26,222.1,2.19,1,99.339
30022,00030022.jpg,1785610309749755136,9.956,76.774,13.226,9,23,217.2,1.36,1,103.226
30023,00030023.jpg,1785610309782206976,9.97,77.75,12.25,9,25,227.9,0.71,1,102.25
30024,00030024.jpg,1785610309816025600,9.994,76.668,13.332,9,26,244.5,1.42,1,103.332
30025,00030025.jpg,1785610309849543424,9.994,75.832,14.168,9,26,256.3,3.47,1,104.168
30026,00030026.jpg,1785610309882814208,9.964,75.245,14.755,7,25,244.3,2.52,1,104.755
30027,00030027.jpg,1785610309915340032,9.912,77.923,12.077,11,30,259.0,2.73,1,102.077
30028,00030028.jpg,1785610309948672256,9.868,76.263,13.737,7,25,269.8,1.74,1,103.737
30029,00030029.jpg,1785610309982781184,9.866,75.665,14.335,6,21,261.9,1.41,1,104.335
30030,00030030.jpg,1785610310016248320,9.899,76.846,13.154,15,42,324.8,1.01,1,103.154
30031,00030031.jpg,1785610310049361920,9.969,77.008,12.992,10,28,272.8,0.81,1,102.992
30032,00030032.jpg,1785610310084618752,9.991,79.031,10.969,9,23,265.2,1.67,1,100.969
30033,00030033.jpg,1785610310116250624,10.036,78.661,11.339,7,23,262.5,2.15,1,101.339
30034,00030034.jpg,1785610310148813312,10.091,77.813,12.187,6,19,249.1,1.94,1,102.187
30035,00030035.jpg,1785610310182882816,10.173,78.96,11.04,9,26,274.8,1.66,1,101.04
30036,00030036.jpg,1785610310216148480,10.236,78.451,11.549,7,29,297.4,1.55,1,101.549
30037,00030037.jpg,1785610310248470272,10.413,76.698,13.302,9,28,313.6,2.87,1,103.302
30038,00030038.jpg,1785610310284663808,10.465,76.105,13.895,5,22,303.2,3.3,1,103.895
30039,00030039.jpg,1785610310315792896,10.491,76.203,13.797,11,34,340.5,4.06,1,103.797
30040,00030040.jpg,1785610310349254400,10.315,76.262,13.738,6,18,293.6,4.64,1,103.738
30041,00030041.jpg,1785610310382763264,10.171,77.193,12.807,7,25,314.3,4.6,1,102.807
30042,00030042.jpg,1785610310415703552,10.016,78.555,11.445,7,23,321.4,5.18,1,101.445
30043,00030043.jpg,1785610310449481984,9.857,75.835,14.165,12,39,367.6,3.44,1,104.165
30044,00030044.jpg,1785610310482159360,9.854,76.101,13.899,11,33,346.6,4.89,1,103.899
30045,00030045.jpg,1785610310515207936,9.834,78.473,11.527,8,29,353.0,2.71,1,101.527
30046,00030046.jpg,1785610310549374208,9.827,75.826,14.174,8,28,342.7,5.37,1,104.174
30047,00030047.jpg,1785610310581792768,9.856,77.852,12.148,9,30,347.7,7.14,1,102.148
30048,00030048.jpg,1785610310615713792,9.862,76.512,13.488,7,26,347.7,6.12,1,103.488
30049,00030049.jpg,1785610310649471488,9.869,77.664,12.336,10,35,373.6,4.72,1,102.336
30050,00030050.jpg,1785610310682703616,9.881,77.703,12.297,8,30,369.1,4.87,1,102.297
30051,00030051.jpg,1785610310715955968,9.885,76.002,13.998,7,31,354.5,5.23,1,103.998
30052,00030052.jpg,1785610310749239808,9.889,75.438,14.562,9,33,375.3,4.77,1,104.562
30053,00030053.jpg,1785610310782206720,9.896,76.925,13.075,9,36,384.1,4.69,1,103.075
30054,00030054.jpg,1785610310816058368,9.9,77.572,12.428,10,39,403.3,5.29,1,102.428
30055,00030055.jpg,1785610310849821696,9.902,77.37,12.63,11,37,377.6,5.36,1,102.63
30056,00030056.jpg,1785610310881866496,9.906,77.677,12.323,13,44,467.2,5.93,1,102.323
30057,00030057.jpg,1785610310916929792,9.914,77.754,12.246,10,37,422.6,6.07,1,102.246
30058,00030058.jpg,1785610310948320512,9.925,77.274,12.726,8,32,416.9,4.9,1,102.726
30059,00030059.jpg,1785610310982235392,9.934,77.512,12.488,13,44,447.4,4.39,1,102.488
30060,00030060.jpg,1785610311015386624,9.979,77.865,12.135,11,39,433.9,3.4,1,102.135
30061,00030061.jpg,1785610311048975104,10.057,77.81,12.19,9,34,406.8,1.78,1,102.19
30062,00030062.jpg,1785610311081687552,9.972,77.614,12.386,9,36,392.0,2.04,1,102.386
30063,00030063.jpg,1785610311116732160,10.032,76.942,13.058,9,30,385.4,3.25,1,103.058
30064,00030064.jpg,1785610311150405888,10.066,77.982,12.018,13,40,417.3,7.11,1,102.018
30065,00030065.jpg,1785610311182278912,10.078,79.407,10.593,11,41,429.4,8.75,1,100.593
30066,00030066.jpg,1785610311215409408,10.131,79.264,10.736,9,35,414.3,9.16,1,100.736
30067,00030067.jpg,1785610311248713216,10.45,78.841,11.159,12,43,428.8,8.54,1,101.159
30068,00030068.jpg,1785610311284590592,10.893,78.168,11.832,10,32,408.4,7.89,1,101.832
30069,00030069.jpg,1785610311316187904,11.739,78.728,11.272,11,36,419.3,8.57,1,101.272
30070,00030070.jpg,1785610311348877824,12.671,78.622,11.378,14,46,463.9,9.17,1,101.378
30071,00030071.jpg,1785610311382006784,13.259,77.502,12.498,12,43,462.4,7.99,1,102.498
30072,00030072.jpg,1785610311415295488,11.103,77.257,12.743,13,41,460.6,7.32,1,102.743
30073,00030073.jpg,1785610311448355840,7.719,75.745,14.255,13,41,450.6,6.17,1,104.255
30074,00030074.jpg,1785610311482595328,7.9,79.36,10.64,13,42,442.6,9.14,1,100.64
30075,00030075.jpg,1785610311515844608,8.78,77.866,12.134,11,36,434.1,7.47,1,102.134
30076,00030076.jpg,1785610311548741888,10.358,77.98,12.02,14,44,469.3,7.84,1,102.02
30077,00030077.jpg,1785610311581932800,10.817,77.057,12.943,13,43,486.9,6.74,1,102.943
30078,00030078.jpg,1785610311615415296,11.644,76.924,13.076,9,35,433.3,6.34,1,103.076
30079,00030079.jpg,1785610311648553728,12.746,77.234,12.766,13,44,479.5,6.69,1,102.766
30080,00030080.jpg,1785610311682132480,13.637,78.229,11.771,12,47,488.3,7.08,1,101.771
30081,00030081.jpg,1785610311715799040,14.697,78.48,11.52,15,53,511.8,7.72,1,101.52
30082,00030082.jpg,1785610311750047488,15.583,78.579,11.421,11,41,492.9,5.66,1,101.421
30083,00030083.jpg,1785610311782164992,15.995,76.705,13.295,13,43,490.3,5.61,1,103.295
30084,00030084.jpg,1785610311815533568,7.418,79.311,10.689,11,38,479.5,7.76,1,100.689
30085,00030085.jpg,1785610311849993472,5.645,77.764,12.236,14,53,580.3,7.55,1,102.236
30086,00030086.jpg,1785610311885869824,6.857,77.637,12.363,10,38,536.6,6.11,1,102.363
30087,00030087.jpg,1785610311915770112,8.056,76.916,13.084,10,38,482.1,6.21,1,103.084
30088,00030088.jpg,1785610311948224768,8.915,77.205,12.795,9,32,482.6,5.46,1,102.795
30089,00030089.jpg,1785610311983067392,9.407,77.105,12.895,9,36,473.5,5.4,1,102.895
30090,00030090.jpg,1785610312015364608,10.097,78.191,11.809,11,42,483.7,6.4,1,101.809
30091,00030091.jpg,1785610312049597952,10.631,77.001,12.999,7,35,465.6,6.11,1,102.999
30092,00030092.jpg,1785610312082455808,11.168,76.886,13.114,8,36,469.8,5.93,1,103.114
30093,00030093.jpg,1785610312117058816,11.72,78.269,11.731,10,41,445.8,6.01,1,101.731
30094,00030094.jpg,1785610312149726464,9.689,78.41,11.59,12,46,478.1,6.89,1,101.59
30095,00030095.jpg,1785610312182751232,8.73,78.783,11.217,8,33,422.4,7.56,1,101.217
30096,00030096.jpg,1785610312216250624,8.969,77.873,12.127,9,39,426.2,7.04,1,102.127
30097,00030097.jpg,1785610312250583296,9.858,75.362,14.638,7,31,396.7,4.36,1,104.638
30098,00030098.jpg,1785610312284571392,10.375,76.989,13.011,8,32,396.2,4.96,1,103.011
30099,00030099.jpg,1785610312316177664,11.061,77.637,12.363,10,33,400.2,6.69,1,102.363
30100,00030100.jpg,1785610312349232896,12.056,76.377,13.623,6,30,379.9,5.79,1,103.623
30101,00030101.jpg,1785610312384857856,12.917,77.258,12.742,8,27,359.4,4.58,1,102.742
30102,00030102.jpg,1785610312415019776,13.942,77.593,12.407,9,33,392.0,4.71,1,102.407
30103,00030103.jpg,1785610312449490432,15.145,78.575,11.425,9,36,397.9,7.04,1,101.425
30104,00030104.jpg,1785610312481885184,15.936,78.884,11.116,8,35,393.1,6.73,1,101.116
30105,00030105.jpg,1785610312515172096,16.451,78.006,11.994,8,31,372.3,7.59,1,101.994
30106,00030106.jpg,1785610312549313792,7.04,78.164,11.836,7,28,364.7,6.33,1,101.836
30107,00030107.jpg,1785610312582341632,5.133,78.714,11.286,7,27,361.1,5.48,1,101.286
30108,00030108.jpg,1785610312615178240,6.918,77.99,12.01,8,27,358.8,7.29,1,102.01
30109,00030109.jpg,1785610312649081600,9.805,78.482,11.518,9,31,370.9,6.37,1,101.518
30110,00030110.jpg,1785610312682238976,11.15,77.614,12.386,9,30,361.5,7.2,1,102.386
30111,00030111.jpg,1785610312715188736,12.01,77.543,12.457,9,27,342.2,6.42,1,102.457
30112,00030112.jpg,1785610312748431360,13.12,78.966,11.034,8,29,345.8,7.55,1,101.034
30113,00030113.jpg,1785610312782312704,14.004,77.676,12.324,11,31,347.1,8.62,1,102.324
30114,00030114.jpg,1785610312816253952,15.06,77.487,12.513,8,27,320.2,4.2,1,102.513
30115,00030115.jpg,1785610312848513280,15.93,77.378,12.622,6,21,283.3,4.51,1,102.622
30116,00030116.jpg,1785610312882960896,16.339,79.982,10.018,6,24,281.4,2.79,1,100.018
30117,00030117.jpg,1785610312915044096,6.747,79.355,10.645,7,21,260.1,9.2,1,100.645
30118,00030118.jpg,1785610312949553664,4.875,78.681,11.319,4,20,237.7,4.16,1,101.319
30119,00030119.jpg,1785610312983208448,6.181,74.963,15.037,4,16,213.3,5.17,1,105.037
30120,00030120.jpg,1785610313016335360,7.616,75.009,14.991,3,12,202.7,5.25,1,104.991
30121,00030121.jpg,1785610313049700096,8.55,74.789,15.211,2,10,174.4,4.39,1,105.211
30122,00030122.jpg,1785610313081664256,8.81,74.834,15.166,2,10,167.1,5.09,1,105.166
30123,00030123.jpg,1785610313115069184,9.392,76.376,13.624,2,10,159.0,5.96,1,103.624
30124,00030124.jpg,1785610313149527552,9.542,76.419,13.581,3,10,154.2,5.93,1,103.581
30125,00030125.jpg,1785610313184489216,9.616,76.705,13.295,3,12,153.1,5.66,1,103.295
30126,00030126.jpg,1785610313216309248,9.653,76.499,13.501,3,10,141.0,3.38,1,103.501
30127,00030127.jpg,1785610313249238528,9.672,76.287,13.713,6,17,165.7,5.85,1,103.713
30128,00030128.jpg,1785610313281823232,9.681,75.8,14.2,4,10,134.7,5.06,1,104.2
30129,00030129.jpg,1785610313315750144,9.687,75.567,14.433,6,14,136.7,4.84,1,104.433
30130,00030130.jpg,1785610313349435392,9.69,75.031,14.969,4,14,128.3,6.92,1,104.969
30131,00030131.jpg,1785610313381957120,9.693,74.77,15.23,4,10,105.3,5.85,1,105.23
30132,00030132.jpg,1785610313415437312,9.695,76.56,13.44,7,15,104.6,9.66,1,103.44
30133,00030133.jpg,1785610313449166592,9.706,,,0,0,0.0,,0,103.441
30134,00030134.jpg,1785610313482557952,9.716,87.858,2.142,6,10,47.9,14.59,0,103.441
30135,00030135.jpg,1785610313516224000,9.754,69.072,20.928,3,9,39.5,0.71,1,110.928
30136,00030136.jpg,1785610313550070016,9.83,71.684,18.316,6,16,67.1,5.86,1,108.316
30137,00030137.jpg,1785610313582240256,9.786,75.786,14.214,4,12,62.0,9.58,1,104.214
30138,00030138.jpg,1785610313615598336,9.838,70.248,19.752,4,12,57.7,3.83,1,109.752
30139,00030139.jpg,1785610313650775552,9.85,86.191,3.809,4,9,47.2,3.32,1,93.809
30140,00030140.jpg,1785610313681452800,9.847,74.866,15.134,6,12,58.7,3.8,1,105.134
30141,00030141.jpg,1785610313715907328,9.835,88.609,1.391,7,11,49.2,15.97,0,105.133
30142,00030142.jpg,1785610313749767680,9.79,89.468,0.532,7,14,64.1,16.66,0,105.132
30143,00030143.jpg,1785610313782394368,9.77,74.775,15.225,5,14,61.0,2.6,1,105.225
30144,00030144.jpg,1785610313815230464,9.75,72.561,17.439,7,12,55.7,0.82,1,107.439
30145,00030145.jpg,1785610313849402624,9.739,76.479,13.521,5,12,52.2,0.88,1,103.521
30146,00030146.jpg,1785610313881987328,9.737,70.254,19.746,8,12,58.7,0.95,1,109.746
30147,00030147.jpg,1785610313914791936,9.733,72.862,17.138,8,12,55.6,2.49,1,107.138
30148,00030148.jpg,1785610313949130240,9.732,72.143,17.857,6,13,61.9,5.1,1,107.857
30149,00030149.jpg,1785610313982501632,9.738,82.147,7.853,6,14,74.3,7.46,1,97.853
30150,00030150.jpg,1785610314016607232,9.763,74.653,15.347,6,18,88.3,5.98,1,105.347
30151,00030151.jpg,1785610314048924416,9.813,73.805,16.195,8,12,74.2,3.81,1,106.195
30152,00030152.jpg,1785610314082164992,9.844,76.451,13.549,8,18,104.0,9.51,1,103.549
30153,00030153.jpg,1785610314115454464,9.938,79.936,10.064,9,20,117.3,9.71,1,100.064
30154,00030154.jpg,1785610314151037440,9.965,74.313,15.687,5,13,104.0,6.83,1,105.687
30155,00030155.jpg,1785610314182746624,10.037,76.221,13.779,5,12,116.7,5.81,1,103.779
30156,00030156.jpg,1785610314216016384,10.118,78.833,11.167,11,19,159.9,4.42,1,101.167
30157,00030157.jpg,1785610314250119424,10.206,78.84,11.16,7,16,139.6,2.65,1,101.16
30158,00030158.jpg,1785610314282337280,10.217,78.097,11.903,7,14,127.6,1.31,1,101.903
30159,00030159.jpg,1785610314314770688,10.203,78.815,11.185,12,14,105.6,0.79,1,101.185
30160,00030160.jpg,1785610314349297408,10.07,79.333,10.667,9,11,90.6,1.67,1,100.667
30161,00030161.jpg,1785610314383035648,9.957,80.03,9.97,8,8,72.1,1.71,1,99.97
30162,00030162.jpg,1785610314414688768,9.827,81.011,8.989,6,8,75.4,0.25,1,98.989
30163,00030163.jpg,1785610314448123392,9.75,78.55,11.45,6,10,79.8,2.83,1,101.45
30164,00030164.jpg,1785610314482312704,9.749,78.201,11.799,8,6,52.0,0.15,1,101.799
30165,00030165.jpg,1785610314515883008,9.732,78.219,11.781,4,4,42.9,0.0,1,101.781
30166,00030166.jpg,1785610314549630208,9.722,78.101,11.899,9,6,48.5,0.0,1,101.899
30167,00030167.jpg,1785610314585135872,9.733,79.433,10.567,6,6,39.4,0.0,1,100.567
30168,00030168.jpg,1785610314615865856,9.736,82.198,7.802,7,4,30.4,0.0,1,97.802
30169,00030169.jpg,1785610314649603840,9.758,78.042,11.958,8,8,61.5,0.6,1,101.958
30170,00030170.jpg,1785610314682750720,9.779,78.85,11.15,8,6,54.7,0.0,1,101.15
30171,00030171.jpg,1785610314714722304,9.866,76.989,13.011,8,6,47.9,1.48,1,103.011
30172,00030172.jpg,1785610314748190208,9.949,79.84,10.16,7,6,52.1,0.0,1,100.16
30173,00030173.jpg,1785610314784865280,9.941,80.325,9.675,7,7,62.0,0.0,1,99.675
30174,00030174.jpg,1785610314815315712,10.021,80.454,9.546,8,8,65.0,0.0,1,99.546
30175,00030175.jpg,1785610314848206336,10.147,82.008,7.992,6,6,57.9,7.61,1,97.992
30176,00030176.jpg,1785610314882542080,10.268,76.963,13.037,1,5,62.8,2.13,1,103.037
30177,00030177.jpg,1785610314916869376,10.4,78.706,11.294,2,4,53.3,3.56,1,101.294
30178,00030178.jpg,1785610314948777216,10.553,,,0,0,0.0,,0,101.297
30179,00030179.jpg,1785610314982408704,10.762,,,0,0,0.0,,0,101.299
30180,00030180.jpg,1785610315015422720,10.917,,,0,0,0.0,,0,101.302
30181,00030181.jpg,1785610315049033216,11.183,,,0,0,0.0,,0,101.304
30182,00030182.jpg,1785610315082661376,11.282,,,0,0,0.0,,0,101.303
30183,00030183.jpg,1785610315115401216,11.301,,,0,0,0.0,,0,101.302
30184,00030184.jpg,1785610315148285696,11.03,,,0,0,0.0,,0,101.299
30185,00030185.jpg,1785610315181738496,10.688,,,0,0,0.0,,0,101.296
30186,00030186.jpg,1785610315215066112,10.184,,,0,0,0.0,,0,101.293
30187,00030187.jpg,1785610315248382464,9.74,,,0,0,0.0,,0,101.29
30188,00030188.jpg,1785610315282585088,9.686,,,1,0,0.0,,0,101.287
30189,00030189.jpg,1785610315315299328,9.567,,,3,0,0.0,,0,101.285
30190,00030190.jpg,1785610315348227840,9.51,,,3,0,0.0,,0,101.283
30191,00030191.jpg,1785610315382725632,9.58,,,1,0,0.0,,0,101.281
30192,00030192.jpg,1785610315416706304,9.609,,,0,0,0.0,,0,101.279
30193,00030193.jpg,1785610315448049920,9.601,,,0,0,0.0,,0,101.278
30194,00030194.jpg,1785610315482539008,9.639,,,1,0,0.0,,0,101.277
30195,00030195.jpg,1785610315515115520,9.653,,,0,0,0.0,,0,101.276
30196,00030196.jpg,1785610315549279232,9.53,,,1,0,0.0,,0,101.275
30197,00030197.jpg,1785610315582033408,9.168,,,0,0,0.0,,0,101.274
30198,00030198.jpg,1785610315615656448,7.752,,,0,0,0.0,,0,101.274
30199,00030199.jpg,1785610315648312576,5.874,,,0,0,0.0,,0,101.273
30200,00030200.jpg,1785610315684932096,5.066,,,0,0,0.0,,0,101.273
30201,00030201.jpg,1785610315715026176,3.86,,,0,0,0.0,,0,101.273
30202,00030202.jpg,1785610315748133376,2.682,,,0,0,0.0,,0,101.272
30203,00030203.jpg,1785610315781411840,2.802,,,0,0,0.0,,0,101.272
30204,00030204.jpg,1785610315815748864,3.188,,,0,0,0.0,,0,101.272
30205,00030205.jpg,1785610315849431808,7.523,,,0,0,0.0,,0,101.272
30206,00030206.jpg,1785610315882716160,8.846,,,0,0,0.0,,0,101.271
30207,00030207.jpg,1785610315915355392,9.434,,,0,0,0.0,,0,101.271
30208,00030208.jpg,1785610315948930048,9.686,,,0,0,0.0,,0,101.271
30209,00030209.jpg,1785610315982075904,9.792,,,0,0,0.0,,0,101.271
30210,00030210.jpg,1785610316015209728,9.836,,,0,0,0.0,,0,101.271
30211,00030211.jpg,1785610316048020480,9.854,,,0,0,0.0,,0,101.271
30212,00030212.jpg,1785610316082660608,9.861,,,0,0,0.0,,0,101.271
30213,00030213.jpg,1785610316115039488,9.863,,,0,0,0.0,,0,101.271
30214,00030214.jpg,1785610316148008192,9.864,,,1,0,0.0,,0,101.271
30215,00030215.jpg,1785610316184834304,9.864,,,0,0,0.0,,0,101.271
30216,00030216.jpg,1785610316215062528,9.864,,,0,0,0.0,,0,101.271
30217,00030217.jpg,1785610316248176640,9.863,,,1,0,0.0,,0,101.271
30218,00030218.jpg,1785610316281560064,9.862,,,0,0,0.0,,0,101.271
30219,00030219.jpg,1785610316315944704,9.862,,,1,0,0.0,,0,101.271
30220,00030220.jpg,1785610316348254208,9.861,,,0,0,0.0,,0,101.271
30221,00030221.jpg,1785610316382172416,9.861,,,2,0,0.0,,0,101.271
30222,00030222.jpg,1785610316415120128,9.86,,,0,0,0.0,,0,101.271
30223,00030223.jpg,1785610316449698048,9.859,,,2,0,0.0,,0,101.27
30224,00030224.jpg,1785610316481553920,9.86,,,1,0,0.0,,0,101.27
30225,00030225.jpg,1785610316515937280,9.861,,,2,0,0.0,,0,101.27
30226,00030226.jpg,1785610316547935232,9.863,,,3,0,0.0,,0,101.27
30227,00030227.jpg,1785610316583915776,9.864,,,0,0,0.0,,0,101.27
30228,00030228.jpg,1785610316615412480,9.866,,,2,0,0.0,,0,101.27
30229,00030229.jpg,1785610316648791296,9.868,,,1,0,0.0,,0,101.27
30230,00030230.jpg,1785610316681521920,9.869,,,1,0,0.0,,0,101.27
30231,00030231.jpg,1785610316715289344,9.871,,,3,0,0.0,,0,101.27
30232,00030232.jpg,1785610316748824064,9.873,,,1,0,0.0,,0,101.27
30233,00030233.jpg,1785610316782280192,9.874,,,2,0,0.0,,0,101.27
30234,00030234.jpg,1785610316814947328,9.876,,,3,0,0.0,,0,101.27
30235,00030235.jpg,1785610316849420288,9.879,,,1,0,0.0,,0,101.27
30236,00030236.jpg,1785610316882426880,9.887,,,2,0,0.0,,0,101.327
30237,00030237.jpg,1785610316915207936,9.907,,,3,0,0.0,,0,101.572
30238,00030238.jpg,1785610316948218112,9.978,,,1,0,0.0,,0,102.185
30239,00030239.jpg,1785610316981757696,9.969,,,0,0,0.0,,0,103.409
30240,00030240.jpg,1785610317014624256,10.055,,,1,0,0.0,,0,105.051
30241,00030241.jpg,1785610317048340992,9.957,71.836,18.164,3,2,6.6,0.0,0,107.336
30242,00030242.jpg,1785610317084982784,9.921,66.499,23.501,4,2,17.9,0.0,0,110.12
30243,00030243.jpg,1785610317114850816,9.935,65.027,24.973,6,2,24.4,0.0,0,112.278
30244,00030244.jpg,1785610317149212928,9.951,63.046,26.954,6,2,22.8,0.0,0,114.672
30245,00030245.jpg,1785610317182428928,9.95,60.901,29.099,5,2,20.8,0.0,0,117.004
30246,00030246.jpg,1785610317216694272,9.947,58.812,31.188,4,4,33.9,0.42,1,121.188
30247,00030247.jpg,1785610317248144640,9.948,55.685,34.315,2,4,31.3,0.3,1,124.315
30248,00030248.jpg,1785610317281985280,9.95,55.65,34.35,2,2,18.4,0.0,0,126.718
30249,00030249.jpg,1785610317314912000,9.952,52.437,37.563,2,4,28.0,0.21,1,127.563
30250,00030250.jpg,1785610317348398592,9.953,51.588,38.412,2,2,16.7,0.0,0,129.942
30251,00030251.jpg,1785610317382123520,9.954,47.715,42.285,1,2,13.8,0.0,0,132.339
30252,00030252.jpg,1785610317416392704,9.955,45.746,44.254,4,8,67.1,1.14,1,134.254
30253,00030253.jpg,1785610317448041984,9.956,43.744,46.256,4,6,56.4,0.18,1,136.256
30254,00030254.jpg,1785610317481867776,9.957,41.003,48.997,3,7,63.8,0.38,1,138.997
30255,00030255.jpg,1785610317515231744,9.911,38.479,51.521,6,8,61.0,1.19,1,141.521
30256,00030256.jpg,1785610317548180992,9.945,37.007,52.993,7,11,106.2,0.23,1,142.993
30257,00030257.jpg,1785610317582061056,9.915,35.597,54.403,6,10,102.9,0.68,1,144.403
30258,00030258.jpg,1785610317616169216,9.915,34.812,55.188,6,11,102.5,0.44,1,145.188
30259,00030259.jpg,1785610317648387584,9.921,34.244,55.756,6,10,98.6,1.03,1,145.756
30260,00030260.jpg,1785610317681184000,9.917,34.386,55.614,7,12,102.8,0.57,1,145.614
30261,00030261.jpg,1785610317715752704,9.917,34.229,55.771,8,8,88.8,0.49,1,145.771
30262,00030262.jpg,1785610317749288192,9.92,34.349,55.651,7,8,88.8,0.57,1,145.651
30263,00030263.jpg,1785610317782218496,9.924,34.732,55.268,6,9,91.6,0.25,1,145.268
30264,00030264.jpg,1785610317815353088,9.94,34.317,55.683,6,14,116.6,0.42,1,145.683
30265,00030265.jpg,1785610317849383936,9.97,34.149,55.851,8,13,101.4,0.53,1,145.851
30266,00030266.jpg,1785610317882363136,9.979,34.529,55.471,7,17,124.4,0.22,1,145.471
30267,00030267.jpg,1785610317915041024,10.034,34.992,55.008,7,14,109.6,0.91,1,145.008
30268,00030268.jpg,1785610317948113152,10.035,35.219,54.781,6,14,109.0,1.11,1,144.781
30269,00030269.jpg,1785610317984818688,10.085,34.835,55.165,7,20,181.2,1.72,1,145.165
30270,00030270.jpg,1785610318015524096,10.109,34.58,55.42,6,21,141.5,0.75,1,145.42
30271,00030271.jpg,1785610318049028352,10.236,34.246,55.754,6,15,116.1,0.47,1,145.754
30272,00030272.jpg,1785610318082355200,10.279,34.03,55.97,6,16,117.7,0.94,1,145.97
30273,00030273.jpg,1785610318115590912,10.309,33.491,56.509,7,16,112.9,0.94,1,146.509
30274,00030274.jpg,1785610318147916288,10.3,33.698,56.302,6,14,118.0,0.78,1,146.302
30275,00030275.jpg,1785610318181632512,10.15,34.033,55.967,6,13,116.5,1.32,1,145.967
30276,00030276.jpg,1785610318214771968,9.992,32.781,57.219,7,14,115.4,1.54,1,147.219
30277,00030277.jpg,1785610318248746752,9.934,33.566,56.434,7,14,113.1,1.01,1,146.434
30278,00030278.jpg,1785610318281816320,9.893,32.808,57.192,6,15,113.0,1.6,1,147.192
30279,00030279.jpg,1785610318315230976,9.923,33.367,56.633,9,14,110.9,0.37,1,146.633
30280,00030280.jpg,1785610318348768256,10.006,34.241,55.759,8,10,98.9,0.61,1,145.759
30281,00030281.jpg,1785610318382940160,10.068,34.261,55.739,6,15,121.4,1.17,1,145.739
30282,00030282.jpg,1785610318415659520,10.176,34.326,55.674,7,22,129.4,0.48,1,145.674
30283,00030283.jpg,1785610318449190912,10.217,34.418,55.582,6,15,108.4,0.55,1,145.582
30284,00030284.jpg,1785610318481976064,10.326,34.541,55.459,6,15,111.4,0.6,1,145.459
30285,00030285.jpg,1785610318515473408,10.424,34.088,55.912,8,17,121.5,0.53,1,145.912
30286,00030286.jpg,1785610318548847360,10.567,33.953,56.047,6,13,112.2,0.63,1,146.047
30287,00030287.jpg,1785610318582412288,10.598,33.569,56.431,7,15,116.6,1.11,1,146.431
30288,00030288.jpg,1785610318616926208,10.585,33.197,56.803,7,13,108.9,0.87,1,146.803
30289,00030289.jpg,1785610318649083904,10.373,33.544,56.456,6,10,101.4,0.27,1,146.456
30290,00030290.jpg,1785610318682320896,10.198,32.85,57.15,7,14,107.4,1.07,1,147.15
30291,00030291.jpg,1785610318715528704,10.029,31.252,58.748,4,8,62.6,0.44,1,148.748
30292,00030292.jpg,1785610318751820544,9.857,31.277,58.723,4,8,57.2,1.89,1,148.723
30293,00030293.jpg,1785610318782458880,9.86,31.213,58.787,4,10,59.8,0.57,1,148.787
30294,00030294.jpg,1785610318814526976,9.863,31.685,58.315,4,9,60.4,0.41,1,148.315
30295,00030295.jpg,1785610318849232640,9.845,31.355,58.645,6,7,50.6,0.4,1,148.645
30296,00030296.jpg,1785610318882305792,9.877,31.392,58.608,4,6,49.1,1.23,1,148.608
30297,00030297.jpg,1785610318915733504,9.908,30.705,59.295,6,8,58.9,0.7,1,149.295
30298,00030298.jpg,1785610318949101056,9.938,30.732,59.268,6,12,74.9,2.54,1,149.268
30299,00030299.jpg,1785610318981431552,9.966,29.38,60.62,5,8,58.9,3.62,1,150.62
30300,00030300.jpg,1785610319015302912,10.058,30.209,59.791,7,7,51.7,6.38,1,149.791
30301,00030301.jpg,1785610319048583424,10.051,29.579,60.421,6,9,61.5,8.22,1,150.421
30302,00030302.jpg,1785610319084847360,10.09,36.772,53.228,3,7,47.6,0.36,1,143.228
30303,00030303.jpg,1785610319116592640,10.165,36.64,53.36,5,9,71.7,0.65,1,143.36
30304,00030304.jpg,1785610319148955904,10.281,36.558,53.442,4,7,52.6,0.69,1,143.442
30305,00030305.jpg,1785610319181949696,10.367,36.684,53.316,5,9,78.4,0.4,1,143.316
30306,00030306.jpg,1785610319214828800,10.509,36.344,53.656,5,6,55.4,0.27,1,143.656
30307,00030307.jpg,1785610319250890752,10.73,35.641,54.359,5,9,76.1,0.63,1,144.359
30308,00030308.jpg,1785610319281803776,10.876,34.277,55.723,5,9,73.9,1.61,1,145.723
30309,00030309.jpg,1785610319315296256,11.025,35.128,54.872,5,10,72.1,0.38,1,144.872
30310,00030310.jpg,1785610319348768000,11.314,31.941,58.059,6,8,71.1,1.31,1,148.059
30311,00030311.jpg,1785610319381445888,11.358,32.924,57.076,4,9,73.2,0.47,1,147.076
30312,00030312.jpg,1785610319415328768,11.331,32.251,57.749,5,11,86.2,1.65,1,147.749
30313,00030313.jpg,1785610319448631040,10.839,32.255,57.745,6,11,89.1,0.67,1,147.745
30314,00030314.jpg,1785610319482335744,10.584,33.59,56.41,6,11,94.7,1.06,1,146.41
30315,00030315.jpg,1785610319515383552,10.142,32.658,57.342,6,15,97.3,0.37,1,147.342
30316,00030316.jpg,1785610319548762624,9.809,31.917,58.083,5,14,96.8,1.44,1,148.083
30317,00030317.jpg,1785610319582800384,9.76,32.43,57.57,5,11,84.2,2.02,1,147.57
30318,00030318.jpg,1785610319615674624,9.752,32.665,57.335,6,11,91.3,0.83,1,147.335
30319,00030319.jpg,1785610319648515328,9.727,32.775,57.225,6,11,89.7,0.33,1,147.225
30320,00030320.jpg,1785610319684154624,9.795,33.141,56.859,6,14,92.3,0.96,1,146.859
30321,00030321.jpg,1785610319715893760,9.821,33.563,56.437,6,12,94.9,1.11,1,146.437
30322,00030322.jpg,1785610319747984896,9.813,33.58,56.42,5,13,92.6,1.21,1,146.42
30323,00030323.jpg,1785610319782534400,9.846,33.546,56.454,8,10,81.3,1.47,1,146.454
30324,00030324.jpg,1785610319814475264,9.856,32.742,57.258,7,14,94.6,0.6,1,147.258
30325,00030325.jpg,1785610319848099328,9.864,33.293,56.707,7,21,128.5,0.7,1,146.707
30326,00030326.jpg,1785610319882704640,9.882,33.27,56.73,8,16,122.2,0.5,1,146.73
30327,00030327.jpg,1785610319915333376,9.888,33.082,56.918,8,17,116.0,0.94,1,146.918
30328,00030328.jpg,1785610319948595968,9.892,32.953,57.047,8,17,114.8,0.65,1,147.047
30329,00030329.jpg,1785610319982013440,9.759,33.724,56.276,8,21,124.6,1.19,1,146.276
30330,00030330.jpg,1785610320014766592,8.777,33.125,56.875,9,14,98.0,0.52,1,146.875
30331,00030331.jpg,1785610320049261824,6.946,33.763,56.237,8,14,105.2,1.09,1,146.237
30332,00030332.jpg,1785610320082456832,5.993,33.498,56.502,8,11,76.4,0.47,1,146.502
30333,00030333.jpg,1785610320115858432,4.503,33.772,56.228,5,11,74.9,0.68,1,146.228
30334,00030334.jpg,1785610320148557824,3.1,33.313,56.687,7,14,88.4,0.95,1,146.687
30335,00030335.jpg,1785610320182606336,2.762,33.45,56.55,6,12,85.8,0.47,1,146.55
30336,00030336.jpg,1785610320214637824,1.816,33.668,56.332,7,12,89.9,0.65,1,146.332
30337,00030337.jpg,1785610320251169280,1.229,34.089,55.911,6,14,102.5,1.16,1,145.911
30338,00030338.jpg,1785610320281725184,1.735,33.035,56.965,4,10,80.3,0.28,1,146.965
30339,00030339.jpg,1785610320315093248,5.808,33.147,56.853,7,12,91.9,0.35,1,146.853
30340,00030340.jpg,1785610320348530176,8.062,33.258,56.742,7,16,101.3,0.5,1,146.742
30341,00030341.jpg,1785610320382778880,9.133,33.972,56.028,6,12,98.5,1.41,1,146.028
30342,00030342.jpg,1785610320414513920,9.601,33.482,56.518,6,16,107.2,0.35,1,146.518
30343,00030343.jpg,1785610320447701504,9.8,34.098,55.902,6,16,124.5,1.11,1,145.902
30344,00030344.jpg,1785610320482463488,9.884,33.69,56.31,7,14,108.4,1.43,1,146.31
30345,00030345.jpg,1785610320515470592,9.919,33.354,56.646,8,15,115.0,0.69,1,146.646
30346,00030346.jpg,1785610320548079616,9.934,33.469,56.531,7,21,129.9,1.21,1,146.531
30347,00030347.jpg,1785610320582860032,9.898,33.254,56.746,10,20,127.3,1.14,1,146.746
30348,00030348.jpg,1785610320614576640,8.869,33.051,56.949,9,21,140.2,0.82,1,146.949
30349,00030349.jpg,1785610320649023744,7.032,33.454,56.546,8,24,143.1,0.56,1,146.546
30350,00030350.jpg,1785610320682540288,6.096,33.377,56.623,8,23,154.7,0.58,1,146.623
30351,00030351.jpg,1785610320714287104,4.785,33.707,56.293,7,19,150.1,0.5,1,146.293
30352,00030352.jpg,1785610320751129856,4.332,33.808,56.192,7,20,154.2,0.84,1,146.192
30353,00030353.jpg,1785610320785228544,4.875,33.511,56.489,10,25,202.7,1.03,1,146.489
30354,00030354.jpg,1785610320815601920,8.383,33.166,56.834,7,24,201.3,0.85,1,146.834
30355,00030355.jpg,1785610320849063424,9.333,33.326,56.674,7,22,200.9,0.83,1,146.674
30356,00030356.jpg,1785610320885427712,9.766,32.905,57.095,9,27,221.0,1.26,1,147.095
30357,00030357.jpg,1785610320915756032,9.927,33.118,56.882,8,20,193.7,0.6,1,146.882
30358,00030358.jpg,1785610320948592896,10.001,33.097,56.903,6,20,202.6,0.83,1,146.903
30359,00030359.jpg,1785610320981750528,10.031,33.019,56.981,8,24,235.2,2.41,1,146.981
30360,00030360.jpg,1785610321014282240,10.043,32.884,57.116,8,26,232.2,2.69,1,147.116
30361,00030361.jpg,1785610321047742720,10.048,32.892,57.108,9,17,175.3,1.2,1,147.108
30362,00030362.jpg,1785610321082341120,10.049,33.322,56.678,9,24,178.7,0.39,1,146.678
30363,00030363.jpg,1785610321115407616,10.049,33.539,56.461,11,27,245.1,0.97,1,146.461
30364,00030364.jpg,1785610321148023040,10.048,32.537,57.463,9,21,236.8,1.52,1,147.463
30365,00030365.jpg,1785610321182385152,10.049,33.076,56.924,13,34,294.1,1.87,1,146.924
30366,00030366.jpg,1785610321214482432,10.061,33.266,56.734,11,30,261.5,0.71,1,146.734
30367,00030367.jpg,1785610321249118976,10.077,32.364,57.636,10,32,331.5,1.2,1,147.636
30368,00030368.jpg,1785610321282080512,10.078,32.227,57.773,8,28,318.5,1.42,1,147.773
30369,00030369.jpg,1785610321314209024,10.161,32.256,57.744,9,27,308.9,1.43,1,147.744
30370,00030370.jpg,1785610321348041728,10.075,31.734,58.266,14,34,369.3,1.14,1,148.266
30371,00030371.jpg,1785610321384946176,10.095,30.905,59.095,11,38,401.3,2.06,1,149.095
30372,00030372.jpg,1785610321414223616,10.126,32.668,57.332,9,29,392.5,1.05,1,147.332
30373,00030373.jpg,1785610321447596800,10.141,31.777,58.223,9,32,443.4,2.53,1,148.223
30374,00030374.jpg,1785610321482067712,10.13,32.334,57.666,8,29,436.9,3.46,1,147.666
30375,00030375.jpg,1785610321515329280,10.086,31.58,58.42,12,34,459.1,2.67,1,148.42
30376,00030376.jpg,1785610321548245248,10.041,31.03,58.97,7,28,449.4,2.54,1,148.97
30377,00030377.jpg,1785610321582358272,10.033,31.03,58.97,7,28,456.3,2.62,1,148.97
30378,00030378.jpg,1785610321615501056,10.025,31.976,58.024,9,36,505.4,2.55,1,148.024
30379,00030379.jpg,1785610321647736320,10.015,31.199,58.801,7,35,515.1,3.12,1,148.801
30380,00030380.jpg,1785610321681488640,10.019,31.961,58.039,12,37,543.0,3.29,1,148.039
30381,00030381.jpg,1785610321715115520,10.2,32.261,57.739,13,47,585.9,3.64,1,147.739
30382,00030382.jpg,1785610321747604224,10.351,30.69,59.31,12,42,602.1,2.08,1,149.31
30383,00030383.jpg,1785610321780962048,11.312,31.529,58.471,12,42,606.6,2.83,1,148.471
30384,00030384.jpg,1785610321814705920,12.239,31.691,58.309,12,42,613.0,2.98,1,148.309
30385,00030385.jpg,1785610321848100608,13.395,29.479,60.521,10,48,701.3,3.97,1,150.521
30386,00030386.jpg,1785610321882291456,14.236,31.331,58.669,12,50,708.7,3.37,1,148.669
30387,00030387.jpg,1785610321914175232,14.973,31.081,58.919,9,46,749.1,2.09,1,148.919
30388,00030388.jpg,1785610321949029120,11.366,31.72,58.28,13,51,738.9,1.93,1,148.28
30389,00030389.jpg,1785610321982373632,6.549,32.075,57.925,13,55,765.8,1.75,1,147.925
30390,00030390.jpg,1785610322017152256,6.932,31.711,58.289,9,50,779.5,1.79,1,148.289
30391,00030391.jpg,1785610322049797888,8.162,31.074,58.926,7,41,737.2,2.27,1,148.926
30392,00030392.jpg,1785610322082419712,9.436,31.453,58.547,12,51,824.8,1.96,1,148.547
30393,00030393.jpg,1785610322115124224,10.474,31.487,58.513,12,54,867.6,2.07,1,148.513
30394,00030394.jpg,1785610322147780096,11.421,32.058,57.942,12,52,887.7,2.08,1,147.942
30395,00030395.jpg,1785610322181842176,11.856,31.64,58.36,11,56,920.1,1.89,1,148.36
30396,00030396.jpg,1785610322215162880,9.539,31.99,58.01,12,51,951.6,1.92,1,148.01
30397,00030397.jpg,1785610322248926208,8.695,31.308,58.692,11,55,938.9,1.62,1,148.692
30398,00030398.jpg,1785610322281360384,8.987,31.514,58.486,10,57,992.2,1.78,1,148.486
30399,00030399.jpg,1785610322314561792,9.371,31.602,58.398,12,54,1009.9,1.92,1,148.398
30400,00030400.jpg,1785610322349475072,9.79,31.638,58.362,10,54,1024.8,1.58,1,148.362
30401,00030401.jpg,1785610322382319104,10.169,31.266,58.734,9,49,948.7,1.84,1,148.734
30402,00030402.jpg,1785610322414906624,10.667,31.596,58.404,10,58,1073.4,1.88,1,148.404
30403,00030403.jpg,1785610322448250368,11.562,32.362,57.638,10,61,1090.6,1.97,1,147.638
30404,00030404.jpg,1785610322481468928,12.344,31.172,58.828,15,65,1108.7,1.92,1,148.828
30405,00030405.jpg,1785610322515984384,13.406,31.248,58.752,12,54,1012.1,2.5,1,148.752
30406,00030406.jpg,1785610322549041408,14.649,29.914,60.086,11,57,1016.7,3.4,1,150.086
30407,00030407.jpg,1785610322584614656,15.647,29.594,60.406,10,51,1023.5,3.23,1,150.406
30408,00030408.jpg,1785610322615621120,16.805,29.242,60.758,11,62,1068.3,3.71,1,150.758
30409,00030409.jpg,1785610322651091712,18.273,31.314,58.686,11,59,1081.9,2.22,1,148.686
30410,00030410.jpg,1785610322681236224,19.332,32.136,57.864,13,63,1164.2,1.81,1,147.864
30411,00030411.jpg,1785610322715904512,20.648,32.042,57.958,10,53,1024.8,1.56,1,147.958
30412,00030412.jpg,1785610322748146176,21.839,32.24,57.76,13,64,1149.4,1.63,1,147.76
30413,00030413.jpg,1785610322783817216,22.473,32.127,57.873,15,63,1157.2,1.33,1,147.873
30414,00030414.jpg,1785610322814432512,6.407,32.503,57.497,10,53,1059.9,1.15,1,147.497
30415,00030415.jpg,1785610322848242432,2.04,32.36,57.64,12,66,1186.2,1.16,1,147.64
30416,00030416.jpg,1785610322881272832,4.193,32.197,57.803,12,66,1231.2,1.07,1,147.803
30417,00030417.jpg,1785610322914932992,5.88,31.991,58.009,15,71,1268.9,1.08,1,148.009
30418,00030418.jpg,1785610322947566592,10.141,32.076,57.924,15,70,1273.1,1.55,1,147.924
30419,00030419.jpg,1785610322982142208,9.677,32.017,57.983,12,68,1266.1,1.48,1,147.983
30420,00030420.jpg,1785610323014681344,8.899,31.753,58.247,13,63,1230.7,1.58,1,148.247
30421,00030421.jpg,1785610323047502336,9.097,31.891,58.109,11,61,1218.5,1.65,1,148.109
30422,00030422.jpg,1785610323081969408,9.416,31.385,58.615,11,65,1223.0,1.56,1,148.615
30423,00030423.jpg,1785610323115108608,9.639,31.927,58.073,13,66,1282.4,1.3,1,148.073
30424,00030424.jpg,1785610323151566080,9.776,31.404,58.596,16,67,1253.9,1.48,1,148.596
30425,00030425.jpg,1785610323182155776,9.848,31.837,58.163,13,66,1261.1,1.52,1,148.163
30426,00030426.jpg,1785610323214163712,9.888,31.339,58.661,13,66,1234.5,1.47,1,148.661
30427,00030427.jpg,1785610323248851712,9.907,31.609,58.391,12,58,1187.8,1.69,1,148.391
30428,00030428.jpg,1785610323284400384,9.918,31.918,58.082,13,60,1161.0,1.7,1,148.082
30429,00030429.jpg,1785610323314543104,9.923,31.463,58.537,13,56,1038.9,1.73,1,148.537
30430,00030430.jpg,1785610323347965184,9.926,31.766,58.234,14,68,1198.6,1.56,1,148.234
30431,00030431.jpg,1785610323382397184,9.928,31.801,58.199,12,54,1016.6,1.08,1,148.199
30432,00030432.jpg,1785610323414871296,9.929,32.373,57.627,16,66,1192.2,1.37,1,147.627
30433,00030433.jpg,1785610323447503616,9.93,32.147,57.853,14,61,1127.0,1.49,1,147.853
30434,00030434.jpg,1785610323482199296,9.931,31.278,58.722,13,62,1122.3,1.93,1,148.722
30435,00030435.jpg,1785610323515197184,9.939,31.376,58.624,11,57,1010.9,1.45,1,148.624
30436,00030436.jpg,1785610323547997184,9.954,31.477,58.523,10,50,954.2,2.19,1,148.523
30437,00030437.jpg,1785610323582312704,9.933,30.566,59.434,11,50,929.8,2.28,1,149.434
30438,00030438.jpg,1785610323615487488,9.943,32.04,57.96,16,64,1076.5,1.49,1,147.96
30439,00030439.jpg,1785610323648782848,9.942,31.639,58.361,12,51,946.2,1.72,1,148.361
30440,00030440.jpg,1785610323684165888,9.941,31.976,58.024,13,56,942.9,1.41,1,148.024
30441,00030441.jpg,1785610323714170880,9.939,32.263,57.737,15,59,962.3,1.14,1,147.737
30442,00030442.jpg,1785610323750508288,9.935,31.663,58.337,14,62,1026.7,1.82,1,148.337
30443,00030443.jpg,1785610323785004544,9.935,31.969,58.031,14,63,1091.9,1.61,1,148.031
30444,00030444.jpg,1785610323815400704,9.935,32.045,57.955,13,65,1077.1,1.53,1,147.955
30445,00030445.jpg,1785610323847938560,9.935,31.518,58.482,10,55,1007.9,1.11,1,148.482
30446,00030446.jpg,1785610323882331904,9.936,32.047,57.953,10,49,984.5,1.45,1,147.953
30447,00030447.jpg,1785610323915479296,9.936,31.538,58.462,9,52,906.4,1.45,1,148.462
30448,00030448.jpg,1785610323948312832,9.937,31.618,58.382,10,49,921.0,1.51,1,148.382
30449,00030449.jpg,1785610323982421504,9.938,32.01,57.99,15,60,1079.8,1.48,1,147.99
30450,00030450.jpg,1785610324014260992,9.938,31.569,58.431,13,53,966.8,1.26,1,148.431
30451,00030451.jpg,1785610324048918784,9.939,31.811,58.189,12,55,994.2,1.16,1,148.189
30452,00030452.jpg,1785610324084226304,9.939,31.624,58.376,12,53,1000.8,1.11,1,148.376
30453,00030453.jpg,1785610324116002816,9.94,32.166,57.834,12,66,1227.8,1.41,1,147.834
30454,00030454.jpg,1785610324149473792,9.94,31.723,58.277,12,68,1218.5,0.89,1,148.277
30455,00030455.jpg,1785610324181126912,9.941,31.564,58.436,13,54,1041.8,1.72,1,148.436
30456,00030456.jpg,1785610324215248384,9.941,32.056,57.944,14,59,1046.2,1.12,1,147.944
30457,00030457.jpg,1785610324248289024,9.942,31.677,58.323,12,60,1053.5,1.41,1,148.323
30458,00030458.jpg,1785610324284607744,9.942,32.065,57.935,14,63,1086.3,0.99,1,147.935
30459,00030459.jpg,1785610324316909824,9.942,32.059,57.941,15,65,1117.1,1.11,1,147.941
30460,00030460.jpg,1785610324347531776,10.101,31.511,58.489,14,63,1112.0,1.35,1,148.489
30461,00030461.jpg,1785610324382304512,10.38,31.81,58.19,16,64,1156.1,1.41,1,148.19
30462,00030462.jpg,1785610324414493184,11.101,31.276,58.724,16,62,1165.5,1.52,1,148.724
30463,00030463.jpg,1785610324448094976,12.151,31.105,58.895,14,65,1155.4,1.9,1,148.895
30464,00030464.jpg,1785610324481592320,13.002,30.071,59.929,15,66,1145.5,2.29,1,149.929
30465,00030465.jpg,1785610324515456768,14.108,30.14,59.86,16,76,1197.8,2.09,1,149.86
30466,00030466.jpg,1785610324547739648,15.109,30.979,59.021,17,69,1171.6,2.04,1,149.021
30467,00030467.jpg,1785610324582339840,15.735,32.239,57.761,17,73,1156.3,1.5,1,147.761
30468,00030468.jpg,1785610324614794752,16.262,32.314,57.686,17,75,1153.4,1.69,1,147.686
30469,00030469.jpg,1785610324648852224,6.196,32.719,57.281,19,76,1185.7,1.33,1,147.281
30470,00030470.jpg,1785610324682548224,6.617,33.116,56.884,16,70,1164.4,1.27,1,146.884
30471,00030471.jpg,1785610324714475264,8.37,32.387,57.613,16,69,1185.3,1.22,1,147.613
30472,00030472.jpg,1785610324747370240,10.862,32.235,57.765,18,75,1238.6,1.55,1,147.765
30473,00030473.jpg,1785610324784646912,11.425,31.835,58.165,21,75,1212.8,1.64,1,148.165
30474,00030474.jpg,1785610324814982656,12.312,31.671,58.329,18,73,1177.9,1.51,1,148.329
30475,00030475.jpg,1785610324847901440,13.083,30.536,59.464,17,71,1169.1,2.72,1,149.464
30476,00030476.jpg,1785610324882108416,13.423,29.772,60.228,19,77,1125.5,2.66,1,150.228
30477,00030477.jpg,1785610324916484864,9.216,30.898,59.102,16,66,1100.4,2.03,1,149.102
30478,00030478.jpg,1785610324947818496,8.459,32.615,57.385,18,80,1157.6,1.57,1,147.385
30479,00030479.jpg,1785610324981781248,8.626,32.633,57.367,20,80,1148.2,1.47,1,147.367
30480,00030480.jpg,1785610325014456320,9.489,32.871,57.129,20,72,1126.9,1.43,1,147.129
30481,00030481.jpg,1785610325047599616,9.674,33.803,56.197,20,86,1224.1,1.08,1,146.197
30482,00030482.jpg,1785610325082692096,9.748,33.795,56.205,20,83,1232.0,0.89,1,146.205
30483,00030483.jpg,1785610325114025984,9.7,33.63,56.37,19,74,1167.0,1.35,1,146.37
30484,00030484.jpg,1785610325148231680,9.692,33.794,56.206,20,72,1204.0,0.86,1,146.206
30485,00030485.jpg,1785610325182353152,9.741,34.016,55.984,19,65,1169.7,1.03,1,145.984
30486,00030486.jpg,1785610325214434304,9.718,34.099,55.901,18,68,1183.6,1.07,1,145.901
30487,00030487.jpg,1785610325248887552,9.728,33.322,56.678,18,67,1168.5,1.07,1,146.678
30488,00030488.jpg,1785610325282805248,9.762,33.036,56.964,17,68,1237.6,1.08,1,146.964
30489,00030489.jpg,1785610325314044160,9.762,33.229,56.771,14,68,1198.9,1.15,1,146.771
30490,00030490.jpg,1785610325347812096,9.772,32.829,57.171,16,64,1224.5,0.83,1,147.171
30491,00030491.jpg,1785610325381152512,9.789,33.121,56.879,15,62,1226.1,0.98,1,146.879
30492,00030492.jpg,1785610325414362624,9.794,33.282,56.718,15,68,1243.5,0.6,1,146.718
30493,00030493.jpg,1785610325447886848,9.797,33.006,56.994,18,72,1303.9,0.99,1,146.994
30494,00030494.jpg,1785610325481856256,9.804,32.904,57.096,20,76,1335.4,0.8,1,147.096
30495,00030495.jpg,1785610325515363328,9.807,32.867,57.133,17,67,1278.6,0.77,1,147.133
30496,00030496.jpg,1785610325547443968,9.809,33.108,56.892,20,76,1364.9,1.04,1,146.892
30497,00030497.jpg,1785610325582176512,9.813,32.757,57.243,16,70,1333.0,1.05,1,147.243
30498,00030498.jpg,1785610325616491008,9.814,32.858,57.142,14,69,1350.3,0.77,1,147.142
30499,00030499.jpg,1785610325649673216,9.815,32.713,57.287,15,67,1338.1,1.27,1,147.287
30500,00030500.jpg,1785610325683291648,9.817,33.107,56.893,17,74,1339.6,1.05,1,146.893
30501,00030501.jpg,1785610325717064192,9.818,33.186,56.814,16,70,1358.3,0.88,1,146.814
30502,00030502.jpg,1785610325750836992,9.818,32.979,57.021,20,76,1412.8,0.96,1,147.021
30503,00030503.jpg,1785610325784065792,9.819,33.077,56.923,20,73,1384.2,0.98,1,146.923
30504,00030504.jpg,1785610325815471616,9.821,33.104,56.896,17,72,1368.4,0.84,1,146.896
30505,00030505.jpg,1785610325849280000,9.833,32.782,57.218,20,77,1396.5,0.9,1,147.218
30506,00030506.jpg,1785610325881565696,9.831,32.864,57.136,15,69,1373.1,0.94,1,147.136
30507,00030507.jpg,1785610325915463680,9.821,32.617,57.383,18,75,1348.9,1.14,1,147.383
30508,00030508.jpg,1785610325947656704,9.828,32.913,57.087,19,75,1360.1,1.13,1,147.087
30509,00030509.jpg,1785610325984135680,9.824,33.461,56.539,16,72,1316.1,0.96,1,146.539
30510,00030510.jpg,1785610326014395904,9.823,33.165,56.835,19,72,1362.3,0.81,1,146.835
30511,00030511.jpg,1785610326047494912,9.819,33.315,56.685,17,71,1346.6,1.07,1,146.685
30512,00030512.jpg,1785610326081262080,9.818,33.451,56.549,16,69,1345.4,0.84,1,146.549
30513,00030513.jpg,1785610326115074560,9.818,33.35,56.65,17,73,1365.8,0.93,1,146.65
30514,00030514.jpg,1785610326149690624,9.818,33.717,56.283,16,70,1374.1,0.84,1,146.283
30515,00030515.jpg,1785610326181522176,9.819,33.54,56.46,15,68,1325.6,0.66,1,146.46
30516,00030516.jpg,1785610326215083264,9.82,33.188,56.812,16,72,1343.9,0.95,1,146.812
30517,00030517.jpg,1785610326247413248,9.865,33.369,56.631,16,69,1331.9,0.84,1,146.631
30518,00030518.jpg,1785610326282089728,10.004,33.626,56.374,16,71,1350.6,0.72,1,146.374
30519,00030519.jpg,1785610326313977344,10.52,33.434,56.566,16,70,1340.7,0.94,1,146.566
30520,00030520.jpg,1785610326347393536,11.411,33.653,56.347,17,68,1353.8,0.89,1,146.347
30521,00030521.jpg,1785610326382293760,12.189,33.069,56.931,17,67,1314.7,0.89,1,146.931
30522,00030522.jpg,1785610326416075264,13.038,33.296,56.704,16,73,1388.3,0.83,1,146.704
30523,00030523.jpg,1785610326449090304,13.607,33.48,56.52,21,81,1689.0,0.66,1,146.52
30524,00030524.jpg,1785610326481010176,10.74,33.454,56.546,21,81,1683.3,0.72,1,146.546
30525,00030525.jpg,1785610326514449664,6.997,33.17,56.83,18,79,1693.9,0.93,1,146.83
30526,00030526.jpg,1785610326548008960,6.931,33.627,56.373,15,71,1549.0,0.61,1,146.373
30527,00030527.jpg,1785610326581731840,8.752,33.53,56.47,19,75,1584.3,1.14,1,146.47
30528,00030528.jpg,1785610326614430208,10.541,33.703,56.297,20,77,1606.9,0.79,1,146.297
30529,00030529.jpg,1785610326649619968,11.406,33.414,56.586,21,81,1626.0,0.8,1,146.586
30530,00030530.jpg,1785610326681203712,12.139,33.223,56.777,18,76,1602.1,0.89,1,146.777
30531,00030531.jpg,1785610326714874624,12.974,33.231,56.769,21,81,1604.6,0.76,1,146.769
30532,00030532.jpg,1785610326750252800,13.542,33.334,56.666,17,75,1564.1,0.65,1,146.666
30533,00030533.jpg,1785610326782308096,10.619,33.534,56.466,21,80,1611.4,0.75,1,146.466
30534,00030534.jpg,1785610326814179840,6.941,33.576,56.424,24,84,1634.4,0.84,1,146.424
30535,00030535.jpg,1785610326847486464,7.25,33.341,56.659,20,80,1616.2,0.71,1,146.659
30536,00030536.jpg,1785610326881314560,8.157,33.307,56.693,22,81,1635.9,0.74,1,146.693
30537,00030537.jpg,1785610326914291456,8.845,33.625,56.375,22,84,1622.1,1.06,1,146.375
30538,00030538.jpg,1785610326948316416,9.272,33.354,56.646,25,82,1629.8,0.73,1,146.646
30539,00030539.jpg,1785610326981633536,9.507,33.543,56.457,22,81,1618.2,0.73,1,146.457
30540,00030540.jpg,1785610327015202048,9.627,33.217,56.783,24,85,1638.5,0.74,1,146.783
30541,00030541.jpg,1785610327047284736,9.688,33.389,56.611,24,87,1718.5,0.74,1,146.611
30542,00030542.jpg,1785610327081035008,9.718,33.22,56.78,24,85,1703.9,0.75,1,146.78
30543,00030543.jpg,1785610327115207680,9.733,33.399,56.601,24,87,1719.3,0.8,1,146.601
30544,00030544.jpg,1785610327149626624,9.742,33.438,56.562,20,76,1599.6,0.68,1,146.562
30545,00030545.jpg,1785610327182168832,9.75,33.392,56.608,23,82,1652.9,0.82,1,146.608
30546,00030546.jpg,1785610327215580160,9.775,33.263,56.737,25,85,1676.0,1.15,1,146.737
30547,00030547.jpg,1785610327248022784,9.814,33.17,56.83,26,84,1706.0,0.96,1,146.83
30548,00030548.jpg,1785610327284182784,9.84,32.882,57.118,25,86,1784.3,1.39,1,147.118
30549,00030549.jpg,1785610327314334976,9.819,33.333,56.667,27,97,1984.4,0.76,1,146.667
30550,00030550.jpg,1785610327348591616,9.848,33.291,56.709,28,98,2078.3,0.68,1,146.709
30551,00030551.jpg,1785610327381749504,9.851,33.292,56.708,27,101,2075.3,0.57,1,146.708
30552,00030552.jpg,1785610327414827264,9.857,33.386,56.614,26,99,2035.4,0.95,1,146.614
30553,00030553.jpg,1785610327447607296,9.828,33.431,56.569,29,98,1980.2,0.89,1,146.569
30554,00030554.jpg,1785610327482382080,9.798,33.229,56.771,24,88,1836.4,0.61,1,146.771
30555,00030555.jpg,1785610327514174720,9.775,33.68,56.32,24,88,1808.4,0.9,1,146.32
30556,00030556.jpg,1785610327548399360,9.765,33.329,56.671,25,91,1778.9,0.69,1,146.671
30557,00030557.jpg,1785610327582439424,9.768,33.302,56.698,24,82,1770.1,0.68,1,146.698
30558,00030558.jpg,1785610327613946368,9.788,33.474,56.526,24,82,1767.4,0.56,1,146.526
30559,00030559.jpg,1785610327648911616,9.794,33.48,56.52,24,79,1748.8,0.57,1,146.52
30560,00030560.jpg,1785610327681013248,9.806,33.508,56.492,20,78,1795.9,0.6,1,146.492
30561,00030561.jpg,1785610327715675648,9.817,33.423,56.577,21,81,1812.1,0.77,1,146.577
30562,00030562.jpg,1785610327747370752,9.81,33.191,56.809,21,79,1773.1,1.19,1,146.809
30563,00030563.jpg,1785610327784317952,9.799,33.226,56.774,22,80,1750.9,1.14,1,146.774
30564,00030564.jpg,1785610327814009344,9.779,33.175,56.825,22,77,1737.4,1.03,1,146.825
30565,00030565.jpg,1785610327848562432,9.766,33.262,56.738,23,84,1755.9,0.94,1,146.738
30566,00030566.jpg,1785610327882154240,9.764,33.383,56.617,23,81,1729.8,1.32,1,146.617
30567,00030567.jpg,1785610327916784896,9.76,33.0,57.0,20,77,1706.9,0.9,1,147.0
30568,00030568.jpg,1785610327947075584,9.759,33.091,56.909,21,75,1694.1,0.9,1,146.909
30569,00030569.jpg,1785610327981686528,9.759,32.986,57.014,21,79,1719.5,1.09,1,147.014
30570,00030570.jpg,1785610328014877952,9.759,33.044,56.956,23,79,1727.9,1.01,1,146.956
30571,00030571.jpg,1785610328048191488,9.765,33.137,56.863,20,72,1671.1,1.02,1,146.863
30572,00030572.jpg,1785610328082337280,9.77,33.444,56.556,20,79,1738.5,0.74,1,146.556
30573,00030573.jpg,1785610328114266112,9.801,33.323,56.677,22,77,1728.9,0.44,1,146.677
30574,00030574.jpg,1785610328149906944,9.859,33.35,56.65,21,77,1804.6,0.66,1,146.65
30575,00030575.jpg,1785610328181723904,9.885,33.315,56.685,19,81,1847.1,0.62,1,146.685
30576,00030576.jpg,1785610328215418880,9.919,33.465,56.535,22,82,1977.0,0.93,1,146.535
30577,00030577.jpg,1785610328248498432,9.976,33.444,56.556,24,86,2138.1,0.49,1,146.556
30578,00030578.jpg,1785610328283753472,10.06,33.421,56.579,23,85,1884.0,0.59,1,146.579
30579,00030579.jpg,1785610328316773632,10.164,33.511,56.489,22,88,1998.5,0.67,1,146.489
30580,00030580.jpg,1785610328349639424,10.325,33.437,56.563,20,80,2102.8,0.59,1,146.563
30581,00030581.jpg,1785610328382295040,10.452,33.473,56.527,21,86,2260.8,0.39,1,146.527
30582,00030582.jpg,1785610328416172288,10.636,33.223,56.777,19,81,2360.8,0.76,1,146.777
30583,00030583.jpg,1785610328447633664,10.806,33.737,56.263,14,74,2311.1,1.01,1,146.263
30584,00030584.jpg,1785610328482082304,10.845,34.098,55.902,13,68,2259.5,1.18,1,145.902
30585,00030585.jpg,1785610328514091776,10.834,34.403,55.597,14,75,2270.8,0.97,1,145.597
30586,00030586.jpg,1785610328547506176,10.558,34.478,55.522,17,81,2251.4,1.25,1,145.522
30587,00030587.jpg,1785610328582651904,10.308,34.835,55.165,21,86,2220.9,1.46,1,145.165
30588,00030588.jpg,1785610328613830656,9.955,34.967,55.033,21,84,2095.3,1.43,1,145.033
30589,00030589.jpg,1785610328647283200,9.693,34.412,55.588,19,81,1988.2,1.55,1,145.588
30590,00030590.jpg,1785610328682806016,9.689,34.465,55.535,19,76,1891.7,1.8,1,145.535
30591,00030591.jpg,1785610328714113792,9.625,34.182,55.818,20,80,1834.1,2.22,1,145.818
30592,00030592.jpg,1785610328748135168,9.621,35.158,54.842,20,73,1728.1,2.35,1,144.842
30593,00030593.jpg,1785610328782889216,9.679,33.78,56.22,19,74,1692.8,3.03,1,146.22
30594,00030594.jpg,1785610328814557696,9.689,33.923,56.077,23,83,2128.6,2.34,1,146.077
30595,00030595.jpg,1785610328847568896,9.696,33.439,56.561,24,85,2044.3,2.61,1,146.561
30596,00030596.jpg,1785610328882773760,9.72,33.404,56.596,22,80,1996.9,2.45,1,146.596
30597,00030597.jpg,1785610328914117376,9.722,33.206,56.794,21,78,1939.0,2.83,1,146.794
30598,00030598.jpg,1785610328948769536,9.724,33.732,56.268,21,74,1892.4,2.14,1,146.268
30599,00030599.jpg,1785610328981618688,9.736,33.864,56.136,22,79,1882.2,2.61,1,146.136
30600,00030600.jpg,1785610329014107648,9.741,33.415,56.585,18,69,1756.3,2.59,1,146.585
30601,00030601.jpg,1785610329051538688,9.742,33.923,56.077,19,73,1772.7,2.29,1,146.077
30602,00030602.jpg,1785610329082325504,9.747,33.904,56.096,18,70,1760.4,2.26,1,146.096
30603,00030603.jpg,1785610329115076096,9.75,33.843,56.157,21,77,1801.0,2.5,1,146.157
30604,00030604.jpg,1785610329148500992,9.751,33.823,56.177,21,79,1890.2,2.3,1,146.177
30605,00030605.jpg,1785610329182324480,9.755,33.62,56.38,20,75,1909.6,2.46,1,146.38
30606,00030606.jpg,1785610329215096064,9.771,33.934,56.066,20,76,1911.5,2.79,1,146.066
30607,00030607.jpg,1785610329247308288,9.796,33.62,56.38,20,79,1912.8,3.25,1,146.38
30608,00030608.jpg,1785610329284391168,9.808,34.737,55.263,21,74,1627.9,3.16,1,145.263
30609,00030609.jpg,1785610329313939712,9.901,34.377,55.623,21,77,1886.1,3.37,1,145.623
30610,00030610.jpg,1785610329347522560,9.898,35.102,54.898,23,76,1656.4,2.85,1,144.898
30611,00030611.jpg,1785610329381462528,9.931,34.991,55.009,22,75,1920.2,3.06,1,145.009
30612,00030612.jpg,1785610329414953728,9.965,34.889,55.111,23,84,1993.9,2.43,1,145.111
30613,00030613.jpg,1785610329448016896,10.082,33.735,56.265,24,83,1721.9,2.22,1,146.265
30614,00030614.jpg,1785610329482511104,10.116,33.476,56.524,24,82,1716.6,1.32,1,146.524
30615,00030615.jpg,1785610329513903104,10.148,32.829,57.171,20,76,1620.9,1.15,1,147.171
30616,00030616.jpg,1785610329548699136,10.113,32.606,57.394,23,78,1608.7,0.8,1,147.394
30617,00030617.jpg,1785610329581792768,10.001,32.592,57.408,23,73,1632.3,1.04,1,147.408
30618,00030618.jpg,1785610329614938112,9.855,32.295,57.705,20,71,1605.0,1.08,1,147.705
30619,00030619.jpg,1785610329648629760,9.759,32.626,57.374,19,69,1584.2,0.58,1,147.374
30620,00030620.jpg,1785610329684774400,9.754,32.314,57.686,17,62,1597.1,0.75,1,147.686
30621,00030621.jpg,1785610329715071488,9.734,32.806,57.194,20,73,1733.0,0.63,1,147.194
30622,00030622.jpg,1785610329747908352,9.725,32.904,57.096,22,69,1712.1,0.74,1,147.096
30623,00030623.jpg,1785610329782203136,9.738,32.524,57.476,20,66,1732.4,1.06,1,147.476
30624,00030624.jpg,1785610329813755136,9.739,32.47,57.53,22,76,1802.4,1.13,1,147.53
30625,00030625.jpg,1785610329847191808,9.751,32.465,57.535,19,66,1766.6,1.38,1,147.535
30626,00030626.jpg,1785610329881338368,9.768,33.303,56.697,19,67,1709.8,1.01,1,146.697
30627,00030627.jpg,1785610329913945088,9.825,33.416,56.584,18,62,1674.4,0.98,1,146.584
30628,00030628.jpg,1785610329947517696,9.913,34.385,55.615,22,72,1687.5,1.09,1,145.615
30629,00030629.jpg,1785610329980329472,9.891,33.679,56.321,23,72,1682.3,1.25,1,146.321
30630,00030630.jpg,1785610330014285824,9.887,33.254,56.746,21,75,1686.5,1.21,1,146.746
30631,00030631.jpg,1785610330047926272,9.917,32.304,57.696,22,77,1641.8,0.74,1,147.696
30632,00030632.jpg,1785610330080995584,9.921,31.813,58.187,22,73,1646.7,0.82,1,148.187
30633,00030633.jpg,1785610330114412544,9.918,31.721,58.279,18,70,1686.7,0.89,1,148.279
30634,00030634.jpg,1785610330147873536,9.829,31.508,58.492,20,71,1625.2,0.56,1,148.492
30635,00030635.jpg,1785610330181299200,9.796,31.493,58.507,19,66,1652.0,1.03,1,148.507
30636,00030636.jpg,1785610330214632192,9.76,31.49,58.51,21,69,1686.8,1.05,1,148.51
30637,00030637.jpg,1785610330248555008,9.742,31.484,58.516,21,69,1637.7,0.88,1,148.516
30638,00030638.jpg,1785610330280560128,9.749,31.75,58.25,22,72,1627.2,0.89,1,148.25
30639,00030639.jpg,1785610330313860608,9.748,31.755,58.245,23,68,1633.3,1.16,1,148.245
30640,00030640.jpg,1785610330347430912,9.748,31.432,58.568,22,74,1634.4,1.62,1,148.568
30641,00030641.jpg,1785610330380275712,9.754,31.648,58.352,25,74,1630.7,1.07,1,148.352
30642,00030642.jpg,1785610330413789184,9.758,31.552,58.448,23,71,1623.4,1.33,1,148.448
30643,00030643.jpg,1785610330447318528,9.761,31.652,58.348,18,64,1586.6,0.57,1,148.348
30644,00030644.jpg,1785610330480285696,9.763,31.836,58.164,20,67,1593.2,1.68,1,148.164
30645,00030645.jpg,1785610330514758144,9.766,31.406,58.594,22,69,1590.5,1.41,1,148.594
30646,00030646.jpg,1785610330548352256,9.768,31.41,58.59,22,74,1609.0,1.74,1,148.59
30647,00030647.jpg,1785610330581047296,9.77,31.425,58.575,21,67,1579.0,1.14,1,148.575
30648,00030648.jpg,1785610330614272000,9.771,31.655,58.345,21,68,1589.9,1.14,1,148.345
30649,00030649.jpg,1785610330648455936,9.772,31.574,58.426,21,65,1579.1,0.9,1,148.426
30650,00030650.jpg,1785610330682348288,9.773,31.87,58.13,20,63,1577.5,0.67,1,148.13
30651,00030651.jpg,1785610330714779904,9.774,31.812,58.188,16,61,1573.7,1.22,1,148.188
30652,00030652.jpg,1785610330747896832,9.628,31.518,58.482,17,66,1603.3,1.03,1,148.482
30653,00030653.jpg,1785610330781285888,9.23,31.871,58.129,21,68,1613.4,1.12,1,148.129
30654,00030654.jpg,1785610330814874880,7.765,31.583,58.417,17,63,1551.6,1.51,1,148.417
30655,00030655.jpg,1785610330847704320,6.488,31.612,58.388,18,65,1516.5,1.67,1,148.388
30656,00030656.jpg,1785610330882341888,6.379,31.649,58.351,15,62,1456.3,0.69,1,148.351
30657,00030657.jpg,1785610330913978112,8.993,31.717,58.283,20,63,1403.8,0.91,1,148.283
30658,00030658.jpg,1785610330949027840,9.491,31.816,58.184,19,65,1382.5,1.2,1,148.184
30659,00030659.jpg,1785610330983189504,9.663,31.541,58.459,18,56,1314.5,0.92,1,148.459
30660,00030660.jpg,1785610331015676672,9.315,31.495,58.505,18,58,1321.8,1.4,1,148.505
30661,00030661.jpg,1785610331047778816,8.13,31.248,58.752,16,60,1287.5,1.05,1,148.752
30662,00030662.jpg,1785610331081331200,9.221,31.596,58.404,18,59,1299.2,1.22,1,148.404
30663,00030663.jpg,1785610331116430080,9.603,31.05,58.95,16,69,1513.8,1.54,1,148.95
30664,00030664.jpg,1785610331147476992,9.765,31.368,58.632,17,59,1253.3,1.07,1,148.632
30665,00030665.jpg,1785610331181558016,9.834,31.242,58.758,15,55,1220.5,0.88,1,148.758
30666,00030666.jpg,1785610331214951424,9.862,31.083,58.917,16,62,1427.9,1.99,1,148.917
30667,00030667.jpg,1785610331248101376,9.874,31.309,58.691,15,53,1165.2,1.16,1,148.691
30668,00030668.jpg,1785610331281260544,9.879,31.022,58.978,12,49,1131.0,0.7,1,148.978
30669,00030669.jpg,1785610331316169472,9.882,31.525,58.475,17,59,1140.5,1.79,1,148.475
30670,00030670.jpg,1785610331347780608,9.891,31.13,58.87,16,56,1113.7,0.94,1,148.87
30671,00030671.jpg,1785610331382114304,9.895,31.544,58.456,15,58,1220.8,1.4,1,148.456
30672,00030672.jpg,1785610331413729792,9.926,31.315,58.685,14,56,1182.4,2.08,1,148.685
30673,00030673.jpg,1785610331447778304,9.915,32.515,57.485,10,48,996.1,1.68,1,147.485
30674,00030674.jpg,1785610331480861440,9.926,31.095,58.905,14,59,1152.4,2.18,1,148.905
30675,00030675.jpg,1785610331514179072,9.943,31.212,58.788,15,56,1143.6,2.06,1,148.788
30676,00030676.jpg,1785610331546881024,9.948,30.823,59.177,17,58,1186.8,2.06,1,149.177
30677,00030677.jpg,1785610331580676352,9.938,29.973,60.027,14,61,1161.9,1.66,1,150.027
30678,00030678.jpg,1785610331615685632,9.922,30.924,59.076,14,54,1098.4,1.99,1,149.076
30679,00030679.jpg,1785610331647047168,9.917,30.851,59.149,15,60,1126.0,1.35,1,149.149
30680,00030680.jpg,1785610331681688832,9.922,31.052,58.948,12,52,1042.9,2.2,1,148.948
30681,00030681.jpg,1785610331714579968,9.933,31.204,58.796,13,52,1027.7,1.93,1,148.796
30682,00030682.jpg,1785610331747313408,9.948,31.027,58.973,16,50,914.3,1.98,1,148.973
30683,00030683.jpg,1785610331781006592,9.947,30.49,59.51,16,48,963.7,2.12,1,149.51
30684,00030684.jpg,1785610331813920000,9.943,29.849,60.151,16,51,972.1,2.31,1,150.151
30685,00030685.jpg,1785610331847301376,9.922,29.28,60.72,17,51,915.2,2.19,1,150.72
30686,00030686.jpg,1785610331882048512,9.909,29.643,60.357,16,57,951.4,1.91,1,150.357
30687,00030687.jpg,1785610331914209024,9.912,29.302,60.698,12,43,918.9,2.0,1,150.698
30688,00030688.jpg,1785610331947745024,9.938,30.905,59.095,13,47,877.1,2.1,1,149.095
30689,00030689.jpg,1785610331981419264,9.958,30.968,59.032,8,48,874.7,1.93,1,149.032
30690,00030690.jpg,1785610332014286080,10.056,30.875,59.125,7,44,838.0,2.01,1,149.125
30691,00030691.jpg,1785610332047174144,10.078,32.908,57.092,9,52,866.8,1.77,1,147.092
30692,00030692.jpg,1785610332081463808,10.107,31.385,58.615,13,52,863.4,1.9,1,148.615
30693,00030693.jpg,1785610332114420992,10.152,30.654,59.346,12,55,879.4,2.38,1,149.346
30694,00030694.jpg,1785610332147156736,10.237,28.918,61.082,13,53,926.8,2.41,1,151.082
30695,00030695.jpg,1785610332184055808,10.262,29.365,60.635,13,54,898.3,2.73,1,150.635
30696,00030696.jpg,1785610332214946304,10.264,28.053,61.947,15,55,889.1,2.9,1,151.947
30697,00030697.jpg,1785610332248344064,10.174,29.182,60.818,14,49,851.7,3.0,1,150.818
30698,00030698.jpg,1785610332281613824,10.072,28.667,61.333,11,56,856.2,2.79,1,151.333
30699,00030699.jpg,1785610332314977024,9.937,28.556,61.444,10,49,826.8,2.45,1,151.444
30700,00030700.jpg,1785610332347858432,9.898,26.982,63.018,14,52,813.4,2.9,1,153.018
30701,00030701.jpg,1785610332381183232,9.891,27.233,62.767,12,53,797.0,2.82,1,152.767
30702,00030702.jpg,1785610332413603840,9.929,27.711,62.289,10,49,735.0,3.03,1,152.289
30703,00030703.jpg,1785610332449654016,9.91,27.45,62.55,14,54,739.8,4.1,1,152.55
30704,00030704.jpg,1785610332482431488,9.934,27.986,62.014,11,48,688.1,3.33,1,152.014
30705,00030705.jpg,1785610332514071808,9.947,28.652,61.348,11,45,692.0,2.75,1,151.348
30706,00030706.jpg,1785610332547204608,9.93,28.795,61.205,11,49,714.1,2.57,1,151.205
30707,00030707.jpg,1785610332581190144,9.915,30.459,59.541,9,42,640.1,1.74,1,149.541
30708,00030708.jpg,1785610332613836800,9.898,28.661,61.339,10,45,631.6,2.68,1,151.339
30709,00030709.jpg,1785610332648576768,9.905,27.359,62.641,9,48,632.7,2.92,1,152.641
30710,00030710.jpg,1785610332684628480,9.917,28.682,61.318,13,50,642.4,3.38,1,151.318
30711,00030711.jpg,1785610332714952192,9.928,27.369,62.631,11,45,638.0,4.13,1,152.631
30712,00030712.jpg,1785610332747038208,9.948,28.426,61.574,11,46,621.0,3.04,1,151.574
30713,00030713.jpg,1785610332781711104,9.948,30.566,59.434,11,45,617.0,1.91,1,149.434
30714,00030714.jpg,1785610332815840256,9.953,30.066,59.934,8,42,610.1,1.78,1,149.934
30715,00030715.jpg,1785610332847627264,9.926,30.293,59.707,12,44,607.4,1.63,1,149.707
30716,00030716.jpg,1785610332884525568,9.901,30.666,59.334,10,39,590.9,1.91,1,149.334
30717,00030717.jpg,1785610332914485504,9.885,30.447,59.553,6,36,522.9,1.88,1,149.553
30718,00030718.jpg,1785610332947352576,9.365,29.745,60.255,8,39,542.8,2.24,1,150.255
30719,00030719.jpg,1785610332980395776,8.688,30.141,59.859,8,39,526.0,1.82,1,149.859
30720,00030720.jpg,1785610333014168832,6.983,29.896,60.104,6,32,510.2,1.36,1,150.104
30721,00030721.jpg,1785610333047288832,5.148,30.428,59.572,8,41,528.6,1.78,1,149.572
30722,00030722.jpg,1785610333081799936,4.507,29.309,60.691,9,41,522.7,1.97,1,150.691
30723,00030723.jpg,1785610333114870016,3.333,29.855,60.145,7,35,513.4,1.65,1,150.145
30724,00030724.jpg,1785610333147322624,2.096,29.387,60.613,13,44,511.6,1.29,1,150.613
30725,00030725.jpg,1785610333182136320,1.98,30.168,59.832,9,36,489.8,1.49,1,149.832
30726,00030726.jpg,1785610333214131200,2.039,30.05,59.95,9,39,479.6,1.42,1,149.95
30727,00030727.jpg,1785610333247557376,6.092,29.341,60.659,6,37,483.4,1.64,1,150.659
30728,00030728.jpg,1785610333282017536,8.189,30.665,59.335,9,41,511.6,1.69,1,149.335
30729,00030729.jpg,1785610333315129344,9.174,30.178,59.822,7,34,506.1,1.45,1,149.822
30730,00030730.jpg,1785610333348226048,9.582,29.47,60.53,7,39,514.4,1.73,1,150.53
30731,00030731.jpg,1785610333380146176,9.722,30.094,59.906,8,37,531.7,1.75,1,149.906
30732,00030732.jpg,1785610333415319040,9.559,30.042,59.958,8,38,520.7,1.8,1,149.958
30733,00030733.jpg,1785610333450707200,8.228,29.24,60.76,8,38,497.2,3.04,1,150.76
30734,00030734.jpg,1785610333480735488,9.279,29.179,60.821,9,39,521.8,2.46,1,150.821
30735,00030735.jpg,1785610333514252032,9.714,29.537,60.463,9,42,499.0,2.23,1,150.463
30736,00030736.jpg,1785610333547403520,9.819,29.697,60.303,9,38,452.9,2.13,1,150.303
30737,00030737.jpg,1785610333581757952,9.898,30.65,59.35,11,39,451.2,2.12,1,149.35
30738,00030738.jpg,1785610333613873408,9.947,31.7,58.3,9,31,436.9,1.18,1,148.3
30739,00030739.jpg,1785610333647172608,9.966,31.321,58.679,11,41,461.6,1.62,1,148.679
30740,00030740.jpg,1785610333682447872,9.959,31.502,58.498,10,37,439.1,1.09,1,148.498
30741,00030741.jpg,1785610333714532096,9.948,31.354,58.646,11,39,468.5,1.61,1,148.646
30742,00030742.jpg,1785610333749255424,9.918,31.097,58.903,8,35,479.1,0.95,1,148.903
30743,00030743.jpg,1785610333782559744,9.909,30.883,59.117,11,42,489.5,1.55,1,149.117
30744,00030744.jpg,1785610333814247680,9.923,30.026,59.974,9,37,497.4,1.77,1,149.974
30745,00030745.jpg,1785610333847183872,9.966,29.911,60.089,8,41,511.8,2.25,1,150.089
30746,00030746.jpg,1785610333880588544,9.98,29.643,60.357,8,34,487.3,1.89,1,150.357
30747,00030747.jpg,1785610333914243584,10.073,30.918,59.082,9,38,495.1,1.62,1,149.082
30748,00030748.jpg,1785610333949320192,10.019,30.364,59.636,10,40,518.4,2.23,1,149.636
30749,00030749.jpg,1785610333980324864,10.061,30.56,59.44,7,42,532.7,1.57,1,149.44
30750,00030750.jpg,1785610334013666560,10.116,32.202,57.798,9,44,568.7,1.0,1,147.798
30751,00030751.jpg,1785610334047047680,10.132,32.684,57.316,8,37,515.9,1.24,1,147.316
30752,00030752.jpg,1785610334083393792,10.118,33.074,56.926,13,53,577.8,1.52,1,146.926
30753,00030753.jpg,1785610334114044672,10.031,33.316,56.684,8,37,548.2,1.64,1,146.684
30754,00030754.jpg,1785610334147786752,9.931,33.948,56.052,9,36,535.9,1.55,1,146.052
30755,00030755.jpg,1785610334180885248,9.911,32.874,57.126,13,48,586.5,1.14,1,147.126
30756,00030756.jpg,1785610334213785344,9.882,33.647,56.353,10,36,533.9,1.28,1,146.353
30757,00030757.jpg,1785610334247154944,9.879,33.446,56.554,8,35,550.9,1.5,1,146.554
30758,00030758.jpg,1785610334284308992,9.902,32.379,57.621,7,34,536.0,0.75,1,147.621
30759,00030759.jpg,1785610334314219520,9.943,32.74,57.26,7,33,528.2,1.06,1,147.26
30760,00030760.jpg,1785610334347235584,9.947,33.917,56.083,8,38,526.5,1.49,1,146.083
30761,00030761.jpg,1785610334380577024,9.922,33.057,56.943,7,36,550.8,1.56,1,146.943
30762,00030762.jpg,1785610334414249472,9.899,33.355,56.645,12,42,585.2,1.74,1,146.645
30763,00030763.jpg,1785610334448506880,9.89,32.783,57.217,8,43,560.9,0.8,1,147.217
30764,00030764.jpg,1785610334481536256,9.892,33.051,56.949,8,41,565.2,1.29,1,146.949
30765,00030765.jpg,1785610334513764352,9.889,33.13,56.87,8,36,549.0,1.82,1,146.87
30766,00030766.jpg,1785610334547069440,9.889,32.896,57.104,8,37,510.9,0.83,1,147.104
30767,00030767.jpg,1785610334581540096,9.892,33.103,56.897,7,35,500.3,1.08,1,146.897
30768,00030768.jpg,1785610334613285632,9.892,32.554,57.446,6,34,505.0,1.0,1,147.446
30769,00030769.jpg,1785610334646829568,9.893,32.852,57.148,8,40,527.3,1.26,1,147.148
30770,00030770.jpg,1785610334681515776,9.894,32.465,57.535,7,34,497.4,1.54,1,147.535
30771,00030771.jpg,1785610334714732800,9.894,32.816,57.184,8,41,515.7,1.08,1,147.184
30772,00030772.jpg,1785610334746750464,9.894,32.8,57.2,8,38,534.9,1.18,1,147.2
30773,00030773.jpg,1785610334781121024,9.895,32.395,57.605,10,46,581.7,0.97,1,147.605
30774,00030774.jpg,1785610334814371840,9.895,32.925,57.075,10,41,557.3,1.38,1,147.075
30775,00030775.jpg,1785610334846577664,9.895,33.085,56.915,10,46,561.8,0.89,1,146.915
30776,00030776.jpg,1785610334881468416,9.895,33.08,56.92,11,44,583.3,1.22,1,146.92
30777,00030777.jpg,1785610334913540352,9.895,33.033,56.967,9,40,581.7,1.02,1,146.967
30778,00030778.jpg,1785610334946816768,9.895,32.962,57.038,11,45,616.9,1.28,1,147.038
30779,00030779.jpg,1785610334981585664,9.895,33.095,56.905,14,54,667.3,1.0,1,146.905
30780,00030780.jpg,1785610335013548544,9.895,32.845,57.155,10,44,619.1,1.36,1,147.155
30781,00030781.jpg,1785610335048676096,9.895,32.648,57.352,9,38,512.9,1.38,1,147.352
30782,00030782.jpg,1785610335084302336,9.895,33.289,56.711,11,47,631.1,1.31,1,146.711
30783,00030783.jpg,1785610335113440000,9.894,33.026,56.974,12,42,553.0,1.36,1,146.974
30784,00030784.jpg,1785610335147133184,9.894,32.451,57.549,12,41,535.7,1.2,1,147.549
30785,00030785.jpg,1785610335180785920,9.894,33.755,56.245,10,37,528.9,1.51,1,146.245
30786,00030786.jpg,1785610335214245888,9.894,32.855,57.145,11,46,655.2,1.73,1,147.145
30787,00030787.jpg,1785610335247294464,9.894,32.365,57.635,9,39,541.9,0.76,1,147.635
30788,00030788.jpg,1785610335280757504,9.894,33.043,56.957,10,38,563.4,1.53,1,146.957
30789,00030789.jpg,1785610335314130688,9.894,32.824,57.176,10,39,579.9,0.62,1,147.176
30790,00030790.jpg,1785610335347678464,9.894,33.056,56.944,11,41,587.6,1.37,1,146.944
30791,00030791.jpg,1785610335381571584,9.894,32.909,57.091,11,41,592.3,1.1,1,147.091
30792,00030792.jpg,1785610335413527552,9.934,32.993,57.007,11,43,598.4,1.25,1,147.007
30793,00030793.jpg,1785610335448238592,10.254,32.809,57.191,10,39,609.8,1.09,1,147.191
30794,00030794.jpg,1785610335480098816,10.692,33.022,56.978,10,38,613.0,1.32,1,146.978
30795,00030795.jpg,1785610335514935296,11.554,32.836,57.164,10,42,625.7,1.53,1,147.164
30796,00030796.jpg,1785610335547078400,12.635,33.308,56.692,10,39,628.5,1.58,1,146.692
30797,00030797.jpg,1785610335584381952,13.564,32.768,57.232,10,42,624.8,1.46,1,147.232
30798,00030798.jpg,1785610335614307328,14.689,32.474,57.526,9,40,593.1,1.26,1,147.526
30799,00030799.jpg,1785610335647854336,15.981,32.964,57.036,10,44,607.7,1.98,1,147.036
30800,00030800.jpg,1785610335680718080,16.815,33.115,56.885,10,40,601.0,1.93,1,146.885
30801,00030801.jpg,1785610335717285632,17.442,33.621,56.379,9,36,585.6,1.97,1,146.379
30802,00030802.jpg,1785610335747311360,8.198,32.803,57.197,11,47,708.3,1.87,1,147.197
30803,00030803.jpg,1785610335780941312,5.611,32.501,57.499,11,43,573.5,3.33,1,147.499
30804,00030804.jpg,1785610335814544384,7.179,33.682,56.318,10,51,661.6,2.38,1,146.318
30805,00030805.jpg,1785610335846737920,9.075,32.204,57.796,11,48,585.0,1.73,1,147.796
30806,00030806.jpg,1785610335881923840,10.206,32.245,57.755,10,44,531.0,1.45,1,147.755
30807,00030807.jpg,1785610335913219840,11.022,32.038,57.962,15,51,430.0,1.6,1,147.962
30808,00030808.jpg,1785610335947817984,11.237,32.881,57.119,7,26,276.5,1.68,1,147.119
30809,00030809.jpg,1785610335982002688,11.392,33.132,56.868,8,34,291.7,1.82,1,146.868
30810,00030810.jpg,1785610336014236928,11.526,34.162,55.838,5,25,267.5,1.18,1,145.838
30811,00030811.jpg,1785610336047575808,11.454,34.047,55.953,12,40,332.1,1.93,1,145.953
30812,00030812.jpg,1785610336081953024,11.113,33.939,56.061,9,37,401.6,2.34,1,146.061
30813,00030813.jpg,1785610336113592064,10.597,32.347,57.653,13,41,384.6,2.84,1,147.653
30814,00030814.jpg,1785610336147409664,10.088,32.254,57.746,10,38,472.3,1.57,1,147.746
30815,00030815.jpg,1785610336181851904,9.964,31.606,58.394,12,45,577.1,1.99,1,148.394
30816,00030816.jpg,1785610336213851392,9.762,31.263,58.737,10,42,635.2,1.31,1,148.737
30817,00030817.jpg,1785610336247886080,9.939,31.599,58.401,11,44,652.7,1.22,1,148.401
30818,00030818.jpg,1785610336280967424,10.465,31.241,58.759,11,39,676.6,1.23,1,148.759
30819,00030819.jpg,1785610336313561856,10.979,31.256,58.744,11,47,705.8,0.96,1,148.744
30820,00030820.jpg,1785610336347142912,11.901,32.123,57.877,10,43,718.3,1.33,1,147.877
30821,00030821.jpg,1785610336381173504,12.718,31.442,58.558,13,47,749.4,1.76,1,148.558
30822,00030822.jpg,1785610336413629440,13.755,31.665,58.335,11,45,707.9,1.06,1,148.335
30823,00030823.jpg,1785610336447940096,14.642,31.65,58.35,12,44,711.6,1.36,1,148.35
30824,00030824.jpg,1785610336481147648,15.046,31.93,58.07,10,48,740.3,1.21,1,148.07
30825,00030825.jpg,1785610336513430528,7.93,32.205,57.795,10,43,703.7,1.0,1,147.795
30826,00030826.jpg,1785610336547250176,6.353,31.96,58.04,9,41,683.6,1.28,1,148.04
30827,00030827.jpg,1785610336583984384,7.332,31.894,58.106,11,43,697.4,1.3,1,148.106
30828,00030828.jpg,1785610336613819904,8.359,31.851,58.149,10,49,749.1,1.35,1,148.149
30829,00030829.jpg,1785610336647810304,9.074,32.284,57.716,13,42,690.0,2.03,1,147.716
30830,00030830.jpg,1785610336681087488,9.487,32.255,57.745,14,49,734.6,1.06,1,147.745
30831,00030831.jpg,1785610336715951104,9.739,31.244,58.756,13,43,709.9,1.71,1,148.756
30832,00030832.jpg,1785610336747246848,9.905,31.475,58.525,12,57,875.7,1.4,1,148.525
30833,00030833.jpg,1785610336780480256,9.989,30.827,59.173,13,53,817.2,2.11,1,149.173
30834,00030834.jpg,1785610336813761792,10.042,30.364,59.636,13,58,959.1,2.02,1,149.636
30835,00030835.jpg,1785610336847031296,10.04,31.611,58.389,11,56,966.9,1.7,1,148.389
30836,00030836.jpg,1785610336880628480,10.103,32.02,57.98,18,71,1002.7,1.43,1,147.98
30837,00030837.jpg,1785610336913851136,10.173,32.904,57.096,16,68,972.5,1.03,1,147.096
30838,00030838.jpg,1785610336947966208,10.206,33.523,56.477,15,69,988.1,1.38,1,146.477
30839,00030839.jpg,1785610336981203712,10.199,33.899,56.101,16,71,994.5,1.18,1,146.101
30840,00030840.jpg,1785610337013762816,10.135,34.873,55.127,13,65,994.1,1.82,1,145.127
30841,00030841.jpg,1785610337046759680,10.157,34.795,55.205,13,65,1021.5,1.79,1,145.205
30842,00030842.jpg,1785610337084149504,10.288,33.859,56.141,17,75,1077.3,1.4,1,146.141
30843,00030843.jpg,1785610337114019328,10.782,33.436,56.564,17,58,917.1,1.66,1,146.564
30844,00030844.jpg,1785610337147341056,11.697,33.339,56.661,15,57,903.2,2.01,1,146.661
30845,00030845.jpg,1785610337179947264,12.482,33.499,56.501,10,53,878.1,1.99,1,146.501
30846,00030846.jpg,1785610337214650880,13.528,33.143,56.857,14,57,901.3,1.71,1,146.857
30847,00030847.jpg,1785610337246955520,14.751,33.78,56.22,9,52,882.2,1.55,1,146.22
30848,00030848.jpg,1785610337281182464,15.705,33.669,56.331,13,53,904.0,1.63,1,146.331
30849,00030849.jpg,1785610337313850368,16.89,33.15,56.85,13,53,900.3,1.7,1,146.85
30850,00030850.jpg,1785610337346522624,18.033,33.04,56.96,15,59,920.3,1.15,1,146.96
30851,00030851.jpg,1785610337380898816,18.677,33.692,56.308,15,59,899.3,1.62,1,146.308
30852,00030852.jpg,1785610337413827072,11.025,33.739,56.261,13,59,856.8,1.21,1,146.261
30853,00030853.jpg,1785610337448257536,3.484,33.544,56.456,12,50,841.1,1.35,1,146.456
30854,00030854.jpg,1785610337479947520,4.357,33.982,56.018,15,56,840.4,1.39,1,146.018
30855,00030855.jpg,1785610337513208832,6.38,34.42,55.58,11,53,801.7,2.27,1,145.58
30856,00030856.jpg,1785610337546430464,7.876,35.283,54.717,13,55,791.8,2.75,1,144.717
30857,00030857.jpg,1785610337581264896,8.818,34.726,55.274,10,51,695.0,1.81,1,145.274
30858,00030858.jpg,1785610337614522624,9.356,33.092,56.908,12,45,688.0,2.03,1,146.908
30859,00030859.jpg,1785610337647338496,9.626,32.45,57.55,8,39,666.3,1.25,1,147.55
30860,00030860.jpg,1785610337680530944,9.73,32.777,57.223,11,49,704.2,1.67,1,147.223
30861,00030861.jpg,1785610337715414784,9.751,32.012,57.988,10,45,705.2,0.83,1,147.988
30862,00030862.jpg,1785610337747365376,9.752,32.365,57.635,12,48,802.7,1.1,1,147.635
30863,00030863.jpg,1785610337780792064,9.753,32.38,57.62,10,49,722.4,1.4,1,147.62
30864,00030864.jpg,1785610337813613568,9.763,32.844,57.156,8,42,687.9,1.66,1,147.156
30865,00030865.jpg,1785610337847348992,9.769,32.898,57.102,14,60,911.4,1.22,1,147.102
30866,00030866.jpg,1785610337880205824,9.777,32.528,57.472,12,56,907.0,1.28,1,147.472
30867,00030867.jpg,1785610337913934592,9.768,32.484,57.516,11,57,907.4,0.69,1,147.516
30868,00030868.jpg,1785610337947531264,9.762,32.529,57.471,13,56,922.2,1.21,1,147.471
30869,00030869.jpg,1785610337981056512,9.76,32.65,57.35,14,64,969.8,0.88,1,147.35
30870,00030870.jpg,1785610338014478080,9.757,32.499,57.501,12,66,960.3,1.16,1,147.501
30871,00030871.jpg,1785610338047686400,9.923,32.444,57.556,15,63,980.9,1.22,1,147.556
30872,00030872.jpg,1785610338081538560,10.21,32.612,57.388,13,60,980.7,0.83,1,147.388
30873,00030873.jpg,1785610338113786112,10.888,32.412,57.588,13,51,786.4,1.54,1,147.588
30874,00030874.jpg,1785610338147249408,11.89,32.379,57.621,8,45,772.8,1.34,1,147.621
30875,00030875.jpg,1785610338180917504,12.716,32.652,57.348,13,51,785.1,0.86,1,147.348
30876,00030876.jpg,1785610338216217600,13.825,32.562,57.438,11,46,782.0,0.74,1,147.438
30877,00030877.jpg,1785610338247584000,14.948,32.422,57.578,12,45,785.2,0.93,1,147.578
30878,00030878.jpg,1785610338281159680,15.745,33.055,56.945,12,50,905.8,1.44,1,146.945
30879,00030879.jpg,1785610338314169856,16.272,33.272,56.728,12,53,914.6,1.21,1,146.728
30880,00030880.jpg,1785610338347610880,6.895,33.925,56.075,9,41,772.0,1.18,1,146.075
30881,00030881.jpg,1785610338380216320,5.021,34.335,55.665,9,48,878.3,1.7,1,145.665
30882,00030882.jpg,1785610338414448384,6.328,34.072,55.928,12,54,971.1,1.53,1,145.928
30883,00030883.jpg,1785610338447026176,7.775,32.876,57.124,8,40,766.3,0.8,1,147.124
30884,00030884.jpg,1785610338483758080,8.708,32.145,57.855,11,47,778.1,0.71,1,147.855
30885,00030885.jpg,1785610338515571712,9.217,32.214,57.786,16,61,961.1,1.56,1,147.786
30886,00030886.jpg,1785610338547020800,9.351,31.996,58.004,12,52,862.1,1.04,1,148.004
30887,00030887.jpg,1785610338580681216,9.567,32.367,57.633,9,47,881.8,1.41,1,147.633
30888,00030888.jpg,1785610338613817344,9.611,32.268,57.732,9,42,805.6,1.24,1,147.732
30889,00030889.jpg,1785610338646424320,9.635,31.999,58.001,10,46,852.8,0.68,1,148.001
30890,00030890.jpg,1785610338681036800,9.658,33.128,56.872,11,46,859.0,1.22,1,146.872
30891,00030891.jpg,1785610338713248256,9.703,33.462,56.538,10,52,969.8,1.11,1,146.538
30892,00030892.jpg,1785610338748900864,9.78,33.899,56.101,9,47,881.9,1.19,1,146.101
30893,00030893.jpg,1785610338781001216,9.804,34.204,55.796,17,55,891.7,0.95,1,145.796
30894,00030894.jpg,1785610338813816320,9.858,34.85,55.15,12,57,988.0,1.09,1,145.15
30895,00030895.jpg,1785610338848930816,9.924,35.029,54.971,13,58,990.4,1.66,1,144.971
30896,00030896.jpg,1785610338880857344,10.008,33.924,56.076,15,71,1081.4,1.16,1,146.076
30897,00030897.jpg,1785610338914429952,10.157,33.87,56.13,16,60,1090.9,1.4,1,146.13
30898,00030898.jpg,1785610338947559424,10.301,34.453,55.547,14,62,1107.5,1.52,1,145.547
30899,00030899.jpg,1785610338980858368,10.429,34.126,55.874,14,66,1139.4,1.34,1,145.874
30900,00030900.jpg,1785610339014914560,10.625,32.865,57.135,12,63,1103.4,1.03,1,147.135
30901,00030901.jpg,1785610339047478528,10.739,31.238,58.762,9,49,1079.9,1.28,1,148.762
30902,00030902.jpg,1785610339079647232,10.73,31.705,58.295,8,49,1062.0,1.78,1,148.295
30903,00030903.jpg,1785610339114230016,10.551,32.085,57.915,11,52,1009.8,1.76,1,147.915
30904,00030904.jpg,1785610339147556096,10.129,30.646,59.354,15,60,1103.5,1.97,1,149.354
30905,00030905.jpg,1785610339181452544,9.962,30.142,59.858,12,62,1180.1,2.04,1,149.858
30906,00030906.jpg,1785610339214524672,9.725,29.77,60.23,13,63,1146.7,2.16,1,150.23
30907,00030907.jpg,1785610339247796224,9.565,28.934,61.066,14,66,1149.1,3.15,1,151.066
30908,00030908.jpg,1785610339280774912,9.57,28.84,61.16,14,62,1123.6,3.25,1,151.16
30909,00030909.jpg,1785610339313162240,9.473,27.284,62.716,12,59,1121.1,3.55,1,152.716
30910,00030910.jpg,1785610339349879296,9.444,30.191,59.809,14,53,1045.2,2.11,1,149.809
30911,00030911.jpg,1785610339379858944,9.509,30.244,59.756,12,45,962.8,2.06,1,149.756
30912,00030912.jpg,1785610339414649856,9.573,29.883,60.117,13,53,1059.2,2.19,1,150.117
30913,00030913.jpg,1785610339446925568,9.613,29.404,60.596,14,48,898.4,2.54,1,150.596
30914,00030914.jpg,1785610339481341696,9.644,29.639,60.361,15,55,1085.6,2.45,1,150.361
30915,00030915.jpg,1785610339513241600,9.66,31.139,58.861,14,59,1120.6,1.78,1,148.861
30916,00030916.jpg,1785610339547522816,9.671,30.451,59.549,13,56,1099.6,1.88,1,149.549
30917,00030917.jpg,1785610339580739584,9.679,30.845,59.155,17,58,1092.5,1.71,1,149.155
30918,00030918.jpg,1785610339613935616,9.683,30.278,59.722,15,55,1134.3,1.95,1,149.722
30919,00030919.jpg,1785610339648721920,9.696,28.924,61.076,12,48,925.8,2.74,1,151.076
30920,00030920.jpg,1785610339680598016,9.698,29.808,60.192,12,57,1150.7,2.21,1,150.192
30921,00030921.jpg,1785610339713740800,9.728,28.87,61.13,16,66,1179.7,2.76,1,151.13
30922,00030922.jpg,1785610339746327040,9.785,27.134,62.866,11,49,1048.8,3.63,1,152.866
30923,00030923.jpg,1785610339780921088,9.804,29.449,60.551,11,51,1089.4,3.01,1,150.551
30924,00030924.jpg,1785610339813310976,9.781,28.84,61.16,11,50,1102.7,3.2,1,151.16
30925,00030925.jpg,1785610339850061312,9.828,29.952,60.048,16,60,1173.0,2.37,1,150.048
30926,00030926.jpg,1785610339880532992,9.855,29.965,60.035,17,66,1195.1,2.14,1,150.035
30927,00030927.jpg,1785610339913839104,9.889,31.075,58.925,14,61,1218.0,1.46,1,148.925
30928,00030928.jpg,1785610339947533056,9.888,31.46,58.54,12,55,1189.8,1.46,1,148.54
30929,00030929.jpg,1785610339981107456,9.893,31.105,58.895,16,68,1256.8,1.41,1,148.895
30930,00030930.jpg,1785610340012939264,9.966,29.337,60.663,13,62,1233.4,2.21,1,150.663
30931,00030931.jpg,1785610340046973952,10.04,27.835,62.165,16,70,1278.7,3.73,1,152.165
30932,00030932.jpg,1785610340080151808,10.008,28.492,61.508,13,63,1095.0,3.2,1,151.508
30933,00030933.jpg,1785610340113579776,10.122,30.386,59.614,15,64,1119.3,1.83,1,149.614
30934,00030934.jpg,1785610340147442176,10.204,31.668,58.332,13,71,1278.4,0.92,1,148.332
30935,00030935.jpg,1785610340181294592,10.209,32.131,57.869,15,72,1265.0,0.77,1,147.869
30936,00030936.jpg,1785610340213385984,10.194,32.444,57.556,16,71,1126.7,0.74,1,147.556
30937,00030937.jpg,1785610340247382784,9.955,32.964,57.036,13,63,1107.0,1.19,1,147.036
30938,00030938.jpg,1785610340280478976,9.837,33.483,56.517,13,67,1133.0,1.2,1,146.517
30939,00030939.jpg,1785610340313932544,9.703,33.296,56.704,13,58,1114.0,1.36,1,146.704
30940,00030940.jpg,1785610340348910336,9.629,33.026,56.974,18,58,1141.6,1.34,1,146.974
30941,00030941.jpg,1785610340380826368,9.648,32.868,57.132,20,69,1288.6,1.13,1,147.132
30942,00030942.jpg,1785610340413446144,9.821,33.113,56.887,12,48,1112.3,1.41,1,146.887
30943,00030943.jpg,1785610340448849152,10.169,31.97,58.03,13,54,1117.0,0.91,1,148.03
30944,00030944.jpg,1785610340480770304,10.596,32.755,57.245,16,66,1312.1,1.12,1,147.245
30945,00030945.jpg,1785610340513892608,11.225,32.476,57.524,12,53,1160.4,1.16,1,147.524
30946,00030946.jpg,1785610340547408384,10.868,32.677,57.323,14,54,1163.0,1.27,1,147.323
30947,00030947.jpg,1785610340581117952,8.69,31.83,58.17,12,50,1182.5,0.73,1,148.17
30948,00030948.jpg,1785610340613020416,8.658,32.201,57.799,18,68,1434.0,1.04,1,147.799
30949,00030949.jpg,1785610340646721536,9.008,32.273,57.727,11,46,1184.8,0.8,1,147.727
30950,00030950.jpg,1785610340681363712,9.309,32.315,57.685,12,49,1172.9,0.99,1,147.685
30951,00030951.jpg,1785610340715582976,9.496,32.31,57.69,12,52,1197.1,1.16,1,147.69
30952,00030952.jpg,1785610340747649536,9.601,32.304,57.696,12,50,1182.0,0.91,1,147.696
30953,00030953.jpg,1785610340781200128,9.658,32.299,57.701,14,62,1452.4,0.98,1,147.701
30954,00030954.jpg,1785610340813367808,9.687,32.354,57.646,18,73,1495.0,0.8,1,147.646
30955,00030955.jpg,1785610340847248128,9.702,32.257,57.743,15,68,1444.4,0.62,1,147.743
30956,00030956.jpg,1785610340880139264,9.71,32.319,57.681,14,64,1440.0,0.65,1,147.681
30957,00030957.jpg,1785610340913918976,9.716,32.368,57.632,12,64,1433.1,0.56,1,147.632
30958,00030958.jpg,1785610340947716096,9.73,32.097,57.903,14,59,1422.4,0.65,1,147.903
30959,00030959.jpg,1785610340984117760,9.731,31.612,58.388,11,57,1432.2,0.52,1,148.388
30960,00030960.jpg,1785610341013679360,9.722,31.819,58.181,13,58,1443.1,0.72,1,148.181
30961,00030961.jpg,1785610341046282496,9.731,31.948,58.052,12,53,1185.3,0.64,1,148.052
30962,00030962.jpg,1785610341081054464,9.731,32.519,57.481,12,55,1194.8,0.9,1,147.481
30963,00030963.jpg,1785610341113312256,9.734,33.321,56.679,14,57,1189.5,0.67,1,146.679
30964,00030964.jpg,1785610341149199616,9.731,33.104,56.896,11,54,1165.0,0.92,1,146.896
30965,00030965.jpg,1785610341180854272,9.727,33.395,56.605,14,54,1187.3,0.78,1,146.605
30966,00030966.jpg,1785610341213711616,9.723,32.257,57.743,11,46,1133.9,1.12,1,147.743
30967,00030967.jpg,1785610341247161856,9.721,32.826,57.174,13,48,1148.7,1.0,1,147.174
30968,00030968.jpg,1785610341281767936,9.722,33.075,56.925,16,52,1161.8,1.23,1,146.925
30969,00030969.jpg,1785610341313455616,9.723,32.961,57.039,13,49,1147.3,1.08,1,147.039
30970,00030970.jpg,1785610341348095232,9.725,32.884,57.116,16,57,1188.0,0.8,1,147.116
30971,00030971.jpg,1785610341381964800,9.727,32.557,57.443,11,55,1449.4,0.95,1,147.443
30972,00030972.jpg,1785610341414744832,9.728,33.12,56.88,13,60,1461.5,0.82,1,146.88
30973,00030973.jpg,1785610341446957056,9.729,32.842,57.158,13,59,1456.4,0.65,1,147.158
30974,00030974.jpg,1785610341483620096,9.73,32.836,57.164,13,58,1447.7,0.96,1,147.164
30975,00030975.jpg,1785610341515113472,9.731,32.933,57.067,12,56,1427.4,0.78,1,147.067
30976,00030976.jpg,1785610341547232768,9.732,32.954,57.046,13,59,1460.1,0.82,1,147.046
30977,00030977.jpg,1785610341579785216,9.733,32.763,57.237,15,60,1432.7,0.87,1,147.237
30978,00030978.jpg,1785610341616477184,9.734,33.119,56.881,16,62,1437.2,0.64,1,146.881
30979,00030979.jpg,1785610341648245248,9.223,32.908,57.092,16,62,1453.2,0.69,1,147.092
30980,00030980.jpg,1785610341680768768,8.538,32.837,57.163,17,64,1449.9,0.81,1,147.163
30981,00030981.jpg,1785610341714671872,7.017,32.832,57.168,16,59,1434.2,0.7,1,147.168
30982,00030982.jpg,1785610341747921408,6.24,32.921,57.079,14,60,1457.3,0.8,1,147.079
30983,00030983.jpg,1785610341781236736,8.601,33.544,56.456,13,57,1408.3,0.59,1,146.456
30984,00030984.jpg,1785610341813329152,9.314,33.862,56.138,14,61,1431.9,0.75,1,146.138
30985,00030985.jpg,1785610341848042496,9.607,34.308,55.692,13,59,1472.1,1.02,1,145.692
30986,00030986.jpg,1785610341881243648,9.738,33.568,56.432,15,59,1448.2,0.89,1,146.432
30987,00030987.jpg,1785610341914450176,9.803,33.062,56.938,15,56,1432.9,0.71,1,146.938
30988,00030988.jpg,1785610341948060928,9.825,32.377,57.623,16,59,1451.5,0.55,1,147.623
30989,00030989.jpg,1785610341980931840,9.831,32.581,57.419,15,57,1452.7,0.78,1,147.419
30990,00030990.jpg,1785610342013996288,9.831,32.556,57.444,12,53,1437.6,0.62,1,147.444
30991,00030991.jpg,1785610342047372800,9.83,32.602,57.398,11,51,1447.0,0.57,1,147.398
30992,00030992.jpg,1785610342081585408,9.831,32.44,57.56,13,60,1443.7,0.63,1,147.56
30993,00030993.jpg,1785610342116037888,9.847,33.401,56.599,13,59,1451.8,0.61,1,146.599
30994,00030994.jpg,1785610342147479552,9.883,33.581,56.419,15,54,1431.5,0.93,1,146.419
30995,00030995.jpg,1785610342181030400,9.844,33.721,56.279,12,56,1455.3,1.39,1,146.279
30996,00030996.jpg,1785610342213171200,9.866,33.227,56.773,14,59,1444.9,1.16,1,146.773
30997,00030997.jpg,1785610342247032320,9.879,32.259,57.741,15,55,1437.0,0.49,1,147.741
30998,00030998.jpg,1785610342281153024,9.88,32.057,57.943,13,57,1436.0,0.57,1,147.943
30999,00030999.jpg,1785610342313299456,9.863,32.198,57.802,15,59,1466.0,0.51,1,147.802
31000,00031000.jpg,1785610342347516416,9.838,31.939,58.061,12,50,1481.0,0.42,1,148.061
31001,00031001.jpg,1785610342381044224,9.827,31.911,58.089,13,57,1475.9,0.48,1,148.089
31002,00031002.jpg,1785610342412937216,9.82,32.07,57.93,13,54,1472.0,0.23,1,147.93
31003,00031003.jpg,1785610342446948096,9.816,32.128,57.872,13,56,1487.1,0.29,1,147.872
31004,00031004.jpg,1785610342480266496,9.819,32.138,57.862,12,50,1479.9,0.47,1,147.862
31005,00031005.jpg,1785610342514234624,9.823,32.376,57.624,12,52,1478.7,0.78,1,147.624
31006,00031006.jpg,1785610342546980608,9.837,32.051,57.949,15,57,1486.0,0.26,1,147.949
31007,00031007.jpg,1785610342580914176,9.831,32.023,57.977,15,54,1489.0,0.3,1,147.977
31008,00031008.jpg,1785610342614568192,9.824,31.961,58.039,14,57,1490.8,0.3,1,148.039
31009,00031009.jpg,1785610342647286272,9.819,31.936,58.064,15,56,1488.8,0.41,1,148.064
31010,00031010.jpg,1785610342680559360,9.818,32.059,57.941,15,58,1510.8,0.37,1,147.941
31011,00031011.jpg,1785610342713323008,9.817,31.959,58.041,13,52,1510.1,0.37,1,148.041
31012,00031012.jpg,1785610342751880192,9.816,31.766,58.234,10,38,907.3,0.37,1,148.234
31013,00031013.jpg,1785610342781114112,9.816,32.023,57.977,13,50,1517.5,0.27,1,147.977
31014,00031014.jpg,1785610342813114880,9.816,31.91,58.09,11,40,911.0,0.47,1,148.09
31015,00031015.jpg,1785610342849398272,9.816,31.907,58.093,11,41,908.1,0.4,1,148.093
31016,00031016.jpg,1785610342882390784,9.816,31.891,58.109,11,43,911.3,0.52,1,148.109
31017,00031017.jpg,1785610342912881408,9.816,32.053,57.947,11,39,892.6,0.43,1,147.947
31018,00031018.jpg,1785610342947360512,9.816,31.875,58.125,11,39,894.1,0.42,1,148.125
31019,00031019.jpg,1785610342980715776,9.816,31.708,58.292,10,40,883.2,0.93,1,148.292
31020,00031020.jpg,1785610343013918464,9.816,32.0,58.0,9,41,865.8,0.69,1,148.0
31021,00031021.jpg,1785610343048319488,9.816,31.933,58.067,9,37,840.6,0.46,1,148.067
31022,00031022.jpg,1785610343080592384,9.816,31.883,58.117,10,42,843.4,0.44,1,148.117
31023,00031023.jpg,1785610343113831168,9.816,32.202,57.798,9,38,824.4,0.47,1,147.798
31024,00031024.jpg,1785610343147220480,9.816,32.098,57.902,9,39,806.2,0.55,1,147.902
31025,00031025.jpg,1785610343181315072,9.816,32.133,57.867,9,35,801.2,0.56,1,147.867
31026,00031026.jpg,1785610343214419200,9.816,31.968,58.032,8,36,766.6,0.91,1,148.032
31027,00031027.jpg,1785610343249056000,9.815,31.567,58.433,8,35,727.4,0.82,1,148.433
31028,00031028.jpg,1785610343280983296,9.815,31.84,58.16,9,34,698.1,0.77,1,148.16
31029,00031029.jpg,1785610343313778688,9.815,31.846,58.154,8,34,665.7,0.88,1,148.154
31030,00031030.jpg,1785610343346680320,9.669,31.701,58.299,7,30,639.4,1.18,1,148.299
31031,00031031.jpg,1785610343380717312,9.263,32.115,57.885,8,32,611.0,0.6,1,147.885
31032,00031032.jpg,1785610343413438976,7.83,32.237,57.763,8,33,628.0,0.55,1,147.763
31033,00031033.jpg,1785610343446563840,5.922,31.888,58.112,7,30,599.5,0.72,1,148.112
31034,00031034.jpg,1785610343480773120,5.286,32.256,57.744,8,33,1273.7,0.22,1,147.744
31035,00031035.jpg,1785610343513918720,4.975,32.544,57.456,9,38,1262.7,0.3,1,147.456
31036,00031036.jpg,1785610343546619136,7.971,32.803,57.197,8,33,1084.3,0.53,1,147.197
31037,00031037.jpg,1785610343580986624,8.926,32.394,57.606,10,30,1052.0,0.19,1,147.606
31038,00031038.jpg,1785610343614517504,9.579,32.14,57.86,12,32,1034.1,0.33,1,147.86
31039,00031039.jpg,1785610343646709760,9.787,31.671,58.329,11,36,1029.8,0.29,1,148.329
31040,00031040.jpg,1785610343679929600,9.871,31.733,58.267,9,32,1004.3,0.41,1,148.267
31041,00031041.jpg,1785610343713382144,9.905,31.603,58.397,10,31,974.2,0.56,1,148.397
31042,00031042.jpg,1785610343747129088,9.918,31.79,58.21,10,33,961.5,0.33,1,148.21
31043,00031043.jpg,1785610343779649024,9.923,31.94,58.06,9,30,919.7,0.43,1,148.06
31044,00031044.jpg,1785610343813058048,9.444,31.899,58.101,11,29,897.3,0.19,1,148.101
31045,00031045.jpg,1785610343847326976,7.932,31.97,58.03,10,33,873.8,0.49,1,148.03
31046,00031046.jpg,1785610343884154112,6.85,31.538,58.462,8,25,730.2,0.49,1,148.462
31047,00031047.jpg,1785610343913617664,5.311,31.927,58.073,8,27,711.0,0.5,1,148.073
31048,00031048.jpg,1785610343946984448,4.196,31.924,58.076,8,30,777.5,0.25,1,148.076
31049,00031049.jpg,1785610343980256768,4.379,31.839,58.161,8,23,545.2,1.14,1,148.161
31050,00031050.jpg,1785610344013633280,7.569,31.906,58.094,6,19,518.2,0.66,1,148.094
31051,00031051.jpg,1785610344047158784,8.86,32.029,57.971,7,20,493.7,0.44,1,147.971
31052,00031052.jpg,1785610344080563968,9.442,32.138,57.862,9,21,477.6,0.48,1,147.862
31053,00031053.jpg,1785610344113937664,9.687,32.007,57.993,7,16,447.5,0.51,1,147.993
31054,00031054.jpg,1785610344147090176,9.79,32.186,57.814,5,16,433.9,0.73,1,147.814
31055,00031055.jpg,1785610344180720640,9.835,32.392,57.608,7,18,430.2,0.55,1,147.608
31056,00031056.jpg,1785610344214416640,9.853,31.949,58.051,9,30,980.4,0.24,1,148.051
31057,00031057.jpg,1785610344248628224,9.86,31.923,58.077,8,29,975.5,0.3,1,148.077
31058,00031058.jpg,1785610344279978496,9.863,31.727,58.273,9,31,986.1,0.35,1,148.273
31059,00031059.jpg,1785610344313196032,9.864,32.133,57.867,7,27,971.0,0.24,1,147.867
31060,00031060.jpg,1785610344346433792,9.865,31.964,58.036,8,28,965.1,0.41,1,148.036
31061,00031061.jpg,1785610344383471872,9.866,31.987,58.013,7,22,841.1,0.22,1,148.013
31062,00031062.jpg,1785610344413835264,9.866,31.804,58.196,8,22,815.4,0.13,1,148.196
31063,00031063.jpg,1785610344448668160,9.909,31.947,58.053,5,19,808.3,0.16,1,148.053
31064,00031064.jpg,1785610344480715008,10.048,32.078,57.922,8,26,1129.1,0.33,1,147.922
31065,00031065.jpg,1785610344516944384,10.602,32.148,57.852,8,27,1139.5,0.21,1,147.852
31066,00031066.jpg,1785610344547472640,11.438,32.099,57.901,6,22,1138.6,0.31,1,147.901
31067,00031067.jpg,1785610344580953856,12.244,31.842,58.158,8,29,1199.6,0.48,1,148.158
31068,00031068.jpg,1785610344613880832,13.297,31.932,58.068,6,29,1276.0,0.38,1,148.068
31069,00031069.jpg,1785610344647051776,14.499,31.975,58.025,9,36,1379.2,0.28,1,148.025
31070,00031070.jpg,1785610344680876288,15.366,32.025,57.975,7,30,1413.7,0.2,1,147.975
31071,00031071.jpg,1785610344715033088,15.97,31.723,58.277,7,31,1454.2,0.39,1,148.277
31072,00031072.jpg,1785610344747222784,7.615,31.842,58.158,8,34,1463.6,0.37,1,148.158
31073,00031073.jpg,1785610344780479488,5.777,32.042,57.958,10,38,1611.8,0.34,1,147.958
31074,00031074.jpg,1785610344814374400,6.865,32.041,57.959,11,41,1583.8,0.38,1,147.959
31075,00031075.jpg,1785610344846614528,8.075,31.976,58.024,9,39,1556.8,0.33,1,148.024
31076,00031076.jpg,1785610344879924224,8.892,32.003,57.997,9,40,1506.6,0.4,1,147.997
31077,00031077.jpg,1785610344913762048,15.064,31.34,58.66,9,41,1436.0,1.53,1,148.66
31078,00031078.jpg,1785610344947146752,11.06,32.358,57.642,10,37,1204.1,0.64,1,147.642
31079,00031079.jpg,1785610344980530432,9.116,32.341,57.659,8,34,1255.8,0.67,1,147.659
31080,00031080.jpg,1785610345014965504,8.737,32.855,57.145,9,38,1263.5,0.73,1,147.145
31081,00031081.jpg,1785610345046976512,9.009,32.716,57.284,10,37,1252.3,0.58,1,147.284
31082,00031082.jpg,1785610345080337408,9.399,33.133,56.867,9,36,1272.9,0.8,1,146.867
31083,00031083.jpg,1785610345114136576,9.684,32.508,57.492,11,36,1311.7,0.63,1,147.492
31084,00031084.jpg,1785610345146469120,9.828,32.288,57.712,10,36,1315.3,0.65,1,147.712
31085,00031085.jpg,1785610345181607424,9.888,31.834,58.166,10,36,1310.2,0.58,1,148.166
31086,00031086.jpg,1785610345213546752,9.905,31.988,58.012,11,38,1309.4,0.48,1,148.012
31087,00031087.jpg,1785610345246901248,9.905,31.844,58.156,10,35,1294.4,0.56,1,148.156
31088,00031088.jpg,1785610345279727360,9.907,31.776,58.224,12,36,1291.8,0.49,1,148.224
31089,00031089.jpg,1785610345313786112,9.914,31.84,58.16,10,40,1277.2,0.42,1,148.16
31090,00031090.jpg,1785610345346772736,9.906,32.043,57.957,12,40,1258.4,0.31,1,147.957
31091,00031091.jpg,1785610345381311488,9.908,31.858,58.142,15,39,1244.9,0.57,1,148.142
31092,00031092.jpg,1785610345414078208,9.908,31.573,58.427,13,39,1229.3,0.79,1,148.427
31093,00031093.jpg,1785610345447295488,9.908,31.975,58.025,11,34,1192.2,0.41,1,148.025
31094,00031094.jpg,1785610345480745472,9.91,31.868,58.132,13,40,1209.3,0.63,1,148.132
31095,00031095.jpg,1785610345515604736,9.91,31.783,58.217,11,35,1183.7,0.38,1,148.217
31096,00031096.jpg,1785610345547136512,9.911,31.845,58.155,10,36,1176.7,0.56,1,148.155
31097,00031097.jpg,1785610345580254720,9.911,31.603,58.397,10,34,1159.2,0.56,1,148.397
31098,00031098.jpg,1785610345613467648,9.912,31.976,58.024,11,37,1154.2,0.34,1,148.024
31099,00031099.jpg,1785610345646555392,9.912,31.655,58.345,9,32,1127.0,0.35,1,148.345
31100,00031100.jpg,1785610345679571712,9.913,31.532,58.468,9,31,1123.8,0.23,1,148.468
31101,00031101.jpg,1785610345712664320,9.913,31.554,58.446,12,33,1116.3,0.66,1,148.446
31102,00031102.jpg,1785610345747125504,9.914,31.953,58.047,10,35,1126.4,0.38,1,148.047
31103,00031103.jpg,1785610345780160512,9.914,31.765,58.235,11,34,1122.0,0.38,1,148.235
31104,00031104.jpg,1785610345812682496,9.915,31.736,58.264,9,31,1114.9,0.5,1,148.264
31105,00031105.jpg,1785610345848300544,9.915,31.367,58.633,8,30,1102.1,0.53,1,148.633
31106,00031106.jpg,1785610345883657216,9.916,31.656,58.344,9,32,1110.5,0.41,1,148.344
31107,00031107.jpg,1785610345913803008,9.916,31.622,58.378,11,33,1103.5,0.42,1,148.378
31108,00031108.jpg,1785610345945858816,9.916,31.6,58.4,9,31,1096.4,0.35,1,148.4
31109,00031109.jpg,1785610345980794368,9.917,31.286,58.714,9,31,1098.0,0.41,1,148.714
31110,00031110.jpg,1785610346013556992,9.917,31.387,58.613,9,32,1090.2,0.42,1,148.613
31111,00031111.jpg,1785610346049360384,9.917,31.643,58.357,8,32,1094.6,0.33,1,148.357
31112,00031112.jpg,1785610346080206592,9.917,31.419,58.581,9,33,1076.5,0.31,1,148.581
31113,00031113.jpg,1785610346113829376,9.916,31.587,58.413,7,29,1055.9,0.37,1,148.413
31114,00031114.jpg,1785610346147065088,9.915,31.284,58.716,8,30,1057.1,0.28,1,148.716
31115,00031115.jpg,1785610346180633344,9.914,31.739,58.261,9,30,1046.9,0.26,1,148.261
31116,00031116.jpg,1785610346214833920,9.914,31.44,58.56,7,26,1031.6,0.34,1,148.56
31117,00031117.jpg,1785610346246774272,9.913,31.791,58.209,8,28,1040.8,0.51,1,148.209
31118,00031118.jpg,1785610346280807424,9.912,31.456,58.544,7,24,1015.0,0.4,1,148.544
31119,00031119.jpg,1785610346313443840,9.912,31.567,58.433,6,26,1011.7,0.4,1,148.433
31120,00031120.jpg,1785610346347060480,9.911,31.48,58.52,7,26,1016.5,0.44,1,148.52
31121,00031121.jpg,1785610346381756928,9.91,31.615,58.385,7,26,1014.4,0.13,1,148.385
31122,00031122.jpg,1785610346413565696,9.91,31.473,58.527,7,29,1012.6,0.29,1,148.527
31123,00031123.jpg,1785610346446462720,9.909,31.424,58.576,7,28,1001.0,0.35,1,148.576
31124,00031124.jpg,1785610346481485824,9.908,31.375,58.625,5,24,992.5,0.19,1,148.625
31125,00031125.jpg,1785610346512630016,9.908,31.64,58.36,8,29,1011.9,0.17,1,148.36
31126,00031126.jpg,1785610346547489792,9.907,31.233,58.767,6,26,993.5,0.37,1,148.767
31127,00031127.jpg,1785610346581342208,9.906,31.568,58.432,7,27,999.3,0.45,1,148.432
31128,00031128.jpg,1785610346613559296,9.906,31.662,58.338,8,28,990.8,0.43,1,148.338
31129,00031129.jpg,1785610346646834944,9.905,31.347,58.653,7,28,987.9,0.54,1,148.653
31130,00031130.jpg,1785610346680451840,9.904,31.449,58.551,7,28,978.8,0.37,1,148.551
31131,00031131.jpg,1785610346713819648,9.904,31.478,58.522,6,25,952.1,0.46,1,148.522
31132,00031132.jpg,1785610346747310848,9.903,31.416,58.584,6,25,941.6,0.46,1,148.584
31133,00031133.jpg,1785610346780682496,9.903,31.631,58.369,7,26,939.1,0.31,1,148.369
31134,00031134.jpg,1785610346813393664,9.902,31.422,58.578,5,24,923.1,0.26,1,148.578
31135,00031135.jpg,1785610346846600448,9.901,31.534,58.466,7,27,911.7,0.32,1,148.466
31136,00031136.jpg,1785610346883938048,9.901,31.62,58.38,7,27,914.7,0.5,1,148.38
31137,00031137.jpg,1785610346912752896,9.9,31.494,58.506,6,24,889.7,0.38,1,148.506
31138,00031138.jpg,1785610346947072000,9.899,31.529,58.471,7,26,883.0,0.53,1,148.471
31139,00031139.jpg,1785610346980154880,9.899,31.223,58.777,7,24,870.9,0.56,1,148.777
31140,00031140.jpg,1785610347013374208,9.898,31.45,58.55,8,25,866.7,0.33,1,148.55
31141,00031141.jpg,1785610347046726656,9.898,31.133,58.867,8,25,856.0,0.46,1,148.867
31142,00031142.jpg,1785610347080626432,9.897,31.202,58.798,7,25,851.9,0.48,1,148.798
31143,00031143.jpg,1785610347112809984,9.896,31.052,58.948,8,27,848.2,0.29,1,148.948
31144,00031144.jpg,1785610347148858368,9.896,31.388,58.612,8,25,838.6,0.37,1,148.612
31145,00031145.jpg,1785610347179165184,9.895,31.608,58.392,8,26,824.0,0.36,1,148.392
31146,00031146.jpg,1785610347213460224,9.895,31.402,58.598,8,23,814.5,0.34,1,148.598
31147,00031147.jpg,1785610347246590720,9.894,31.437,58.563,7,22,799.8,0.45,1,148.563
31148,00031148.jpg,1785610347281962240,9.894,31.209,58.791,8,26,808.0,0.33,1,148.791
31149,00031149.jpg,1785610347313771264,9.893,31.508,58.492,9,27,807.5,0.19,1,148.492
31150,00031150.jpg,1785610347345707008,9.744,31.114,58.886,7,25,788.3,0.52,1,148.886
31151,00031151.jpg,1785610347379077632,9.347,31.295,58.705,7,22,776.0,0.65,1,148.705
31152,00031152.jpg,1785610347413094144,7.9,31.255,58.745,8,24,768.6,0.63,1,148.745
31153,00031153.jpg,1785610347447208704,6.011,31.094,58.906,7,23,762.7,0.27,1,148.906
31154,00031154.jpg,1785610347481832960,5.171,31.332,58.668,8,25,763.8,0.56,1,148.668
31155,00031155.jpg,1785610347513667584,3.997,31.157,58.843,7,22,745.8,0.34,1,148.843
31156,00031156.jpg,1785610347548150528,3.645,30.585,59.415,7,22,730.1,0.43,1,149.415
31157,00031157.jpg,1785610347579422976,4.208,30.999,59.001,7,21,706.7,0.29,1,149.001
31158,00031158.jpg,1785610347613064192,8.067,30.266,59.734,7,21,680.2,0.52,1,149.734
31159,00031159.jpg,1785610347646549760,9.186,29.734,60.266,6,21,643.9,0.4,1,150.266
31160,00031160.jpg,1785610347680955648,9.598,29.827,60.173,10,25,601.1,0.5,1,150.173
31161,00031161.jpg,1785610347713822208,9.85,30.794,59.206,7,21,526.1,0.34,1,149.206
31162,00031162.jpg,1785610347746670848,9.986,31.156,58.844,7,22,496.9,0.69,1,148.844
31163,00031163.jpg,1785610347781522432,10.035,32.089,57.911,7,20,474.4,0.91,1,147.911
31164,00031164.jpg,1785610347814395392,10.058,31.985,58.015,7,18,457.5,0.59,1,148.015
31165,00031165.jpg,1785610347846790144,10.035,32.787,57.213,7,21,465.8,0.43,1,147.213
31166,00031166.jpg,1785610347879750400,9.998,32.205,57.795,8,17,443.7,0.61,1,147.795
31167,00031167.jpg,1785610347915241984,9.91,32.732,57.268,6,16,451.8,0.39,1,147.268
31168,00031168.jpg,1785610347947274240,9.873,32.572,57.428,8,16,469.1,0.28,1,147.428
31169,00031169.jpg,1785610347979624960,9.865,32.721,57.279,5,16,479.2,0.23,1,147.279
31170,00031170.jpg,1785610348013111296,9.857,32.513,57.487,6,17,495.0,0.53,1,147.487
31171,00031171.jpg,1785610348046400256,9.854,31.887,58.113,7,17,504.5,0.8,1,148.113
31172,00031172.jpg,1785610348080098048,9.863,32.572,57.428,6,16,493.5,0.24,1,147.428
31173,00031173.jpg,1785610348113551360,9.865,32.364,57.636,6,18,498.1,0.23,1,147.636
31174,00031174.jpg,1785610348147343360,9.866,32.679,57.321,6,18,487.3,0.22,1,147.321
31175,00031175.jpg,1785610348179541504,9.87,32.54,57.46,6,17,483.1,0.37,1,147.46
31176,00031176.jpg,1785610348212643584,9.871,32.037,57.963,6,17,478.4,0.52,1,147.963
31177,00031177.jpg,1785610348246187008,9.873,32.676,57.324,5,16,463.5,0.88,1,147.324
31178,00031178.jpg,1785610348280820736,9.875,32.164,57.836,6,17,465.9,0.37,1,147.836
31179,00031179.jpg,1785610348313081344,9.875,32.513,57.487,6,16,455.0,0.32,1,147.487
31180,00031180.jpg,1785610348347278080,9.876,32.404,57.596,6,16,448.6,0.2,1,147.596
31181,00031181.jpg,1785610348380464384,9.877,32.461,57.539,5,17,446.7,0.36,1,147.539
31182,00031182.jpg,1785610348415611904,9.877,32.592,57.408,4,14,422.5,0.41,1,147.408
31183,00031183.jpg,1785610348446692352,9.877,32.52,57.48,4,13,407.1,0.24,1,147.48
31184,00031184.jpg,1785610348480187136,9.877,32.359,57.641,4,13,402.4,0.22,1,147.641
31185,00031185.jpg,1785610348513740288,9.877,32.393,57.607,5,13,395.6,0.08,1,147.607
31186,00031186.jpg,1785610348546895872,9.878,32.505,57.495,6,18,420.0,0.09,1,147.495
31187,00031187.jpg,1785610348579882752,9.878,32.337,57.663,6,20,415.2,0.8,1,147.663
31188,00031188.jpg,1785610348612325888,9.878,32.428,57.572,4,14,377.6,0.31,1,147.572
31189,00031189.jpg,1785610348646782208,9.878,32.513,57.487,4,14,372.7,0.63,1,147.487
31190,00031190.jpg,1785610348679880704,9.878,32.588,57.412,4,16,373.4,0.23,1,147.412
31191,00031191.jpg,1785610348713846016,9.887,32.5,57.5,3,14,359.5,0.13,1,147.5
31192,00031192.jpg,1785610348745883648,9.922,32.773,57.227,4,15,354.0,0.24,1,147.227
31193,00031193.jpg,1785610348781558272,9.916,33.044,56.956,4,14,368.0,0.16,1,146.956
31194,00031194.jpg,1785610348812703488,9.993,33.912,56.088,4,16,412.6,0.13,1,146.088
31195,00031195.jpg,1785610348846257408,10.082,35.202,54.798,3,13,421.0,0.65,1,144.798
31196,00031196.jpg,1785610348881480704,9.91,37.43,52.57,5,18,494.4,0.22,1,142.57
31197,00031197.jpg,1785610348915155712,9.916,39.894,50.106,6,23,603.5,0.12,1,140.106
31198,00031198.jpg,1785610348945637632,9.917,41.518,48.482,8,27,686.8,0.4,1,138.482
31199,00031199.jpg,1785610348980664320,9.878,42.602,47.398,10,34,722.3,0.45,1,137.398
31200,00031200.jpg,1785610349013725184,9.879,43.023,46.977,9,29,731.2,0.32,1,136.977
31201,00031201.jpg,1785610349048558080,9.883,43.312,46.688,7,25,697.7,0.24,1,136.688
31202,00031202.jpg,1785610349081907968,9.878,43.212,46.788,8,25,693.5,0.16,1,136.788
31203,00031203.jpg,1785610349113433088,9.879,43.368,46.632,8,29,705.6,0.46,1,136.632
31204,00031204.jpg,1785610349146417920,9.882,43.146,46.854,9,28,701.3,0.17,1,136.854
31205,00031205.jpg,1785610349180350976,9.878,43.147,46.853,10,29,700.3,0.15,1,136.853
31206,00031206.jpg,1785610349213329920,9.878,43.078,46.922,9,27,687.4,0.39,1,136.922
31207,00031207.jpg,1785610349247220480,9.878,43.005,46.995,8,28,676.5,0.33,1,136.995
31208,00031208.jpg,1785610349279018240,9.878,43.16,46.84,10,31,708.2,0.42,1,136.84
31209,00031209.jpg,1785610349313246208,9.879,42.961,47.039,11,32,713.8,0.27,1,137.039
31210,00031210.jpg,1785610349346453504,9.879,43.188,46.812,11,31,703.1,0.33,1,136.812
31211,00031211.jpg,1785610349380499200,9.879,42.896,47.104,11,33,700.9,0.39,1,137.104
31212,00031212.jpg,1785610349413356032,9.879,43.199,46.801,11,29,687.6,0.26,1,136.801
31213,00031213.jpg,1785610349447055872,9.886,43.116,46.884,11,29,675.6,0.28,1,136.884
31214,00031214.jpg,1785610349479709952,9.887,42.9,47.1,10,30,678.7,0.28,1,137.1
31215,00031215.jpg,1785610349512354304,9.881,42.979,47.021,9,28,660.8,0.67,1,137.021
31216,00031216.jpg,1785610349547983616,9.887,43.159,46.841,10,32,652.1,0.32,1,136.841
31217,00031217.jpg,1785610349580449280,9.884,43.059,46.941,9,29,645.5,0.31,1,136.941
31218,00031218.jpg,1785610349613256448,9.883,43.062,46.938,9,29,643.6,0.3,1,136.938
31219,00031219.jpg,1785610349646474752,9.881,43.066,46.934,9,27,635.4,0.41,1,136.934
31220,00031220.jpg,1785610349680978432,9.879,43.077,46.923,9,28,626.7,0.22,1,136.923
31221,00031221.jpg,1785610349712800256,9.878,43.099,46.901,10,29,634.0,0.16,1,136.901
31222,00031222.jpg,1785610349746852096,9.877,43.148,46.852,9,29,621.4,0.34,1,136.852
31223,00031223.jpg,1785610349779846912,9.877,43.042,46.958,11,35,646.2,0.58,1,136.958
31224,00031224.jpg,1785610349814246656,9.877,42.84,47.16,9,31,615.1,0.27,1,137.16
31225,00031225.jpg,1785610349845618688,9.877,42.983,47.017,10,32,609.8,0.19,1,137.017
31226,00031226.jpg,1785610349881785600,9.877,42.837,47.163,9,30,588.0,0.44,1,137.163
31227,00031227.jpg,1785610349913429760,9.877,42.964,47.036,9,29,577.7,0.42,1,137.036
31228,00031228.jpg,1785610349946643456,9.877,42.842,47.158,11,32,590.4,0.66,1,137.158
31229,00031229.jpg,1785610349981978368,9.877,43.056,46.944,9,30,566.5,0.27,1,136.944
31230,00031230.jpg,1785610350012232192,9.877,42.934,47.066,8,27,545.3,0.26,1,137.066
31231,00031231.jpg,1785610350046900736,9.877,43.078,46.922,10,32,557.3,0.39,1,136.922
31232,00031232.jpg,1785610350080523520,9.877,42.667,47.333,10,31,568.2,0.45,1,137.333
31233,00031233.jpg,1785610350113015552,9.877,43.093,46.907,8,30,517.6,0.34,1,136.907
31234,00031234.jpg,1785610350146366976,9.877,42.697,47.303,8,28,513.6,0.38,1,137.303
31235,00031235.jpg,1785610350179137792,9.877,43.208,46.792,7,28,499.3,0.31,1,136.792
31236,00031236.jpg,1785610350213646336,9.877,42.884,47.116,9,29,510.5,0.33,1,137.116
31237,00031237.jpg,1785610350247080960,9.877,42.843,47.157,8,29,503.0,0.35,1,137.157
31238,00031238.jpg,1785610350279831296,9.879,43.025,46.975,8,28,482.4,0.53,1,136.975
31239,00031239.jpg,1785610350315098880,9.891,43.299,46.701,8,24,447.5,0.5,1,136.701
31240,00031240.jpg,1785610350346791424,9.91,42.633,47.367,8,26,421.9,0.58,1,137.367
31241,00031241.jpg,1785610350380680192,9.913,42.545,47.455,8,24,382.9,0.79,1,137.455
31242,00031242.jpg,1785610350412582400,9.896,42.911,47.089,9,25,341.0,0.59,1,137.089
31243,00031243.jpg,1785610350449153024,9.917,42.867,47.133,8,22,320.0,0.25,1,137.133
31244,00031244.jpg,1785610350481452800,9.921,43.234,46.766,7,20,307.4,0.32,1,136.766
31245,00031245.jpg,1785610350512597504,9.936,43.16,46.84,8,24,321.3,0.47,1,136.84
31246,00031246.jpg,1785610350546441728,9.931,43.161,46.839,7,25,321.9,0.49,1,136.839
31247,00031247.jpg,1785610350580616448,9.916,43.033,46.967,6,20,302.8,0.95,1,136.967
31248,00031248.jpg,1785610350613419520,9.889,42.764,47.236,6,22,303.7,0.26,1,137.236
31249,00031249.jpg,1785610350646801920,9.884,42.802,47.198,6,19,298.4,0.63,1,137.198
31250,00031250.jpg,1785610350680606976,9.884,43.415,46.585,6,24,316.9,0.49,1,136.585
31251,00031251.jpg,1785610350714074368,9.877,42.921,47.079,8,26,352.2,0.62,1,137.079
31252,00031252.jpg,1785610350746599680,9.894,42.891,47.109,7,23,346.3,0.38,1,137.109
31253,00031253.jpg,1785610350780378880,9.896,42.876,47.124,8,26,378.7,0.78,1,137.124
31254,00031254.jpg,1785610350813562112,9.894,42.675,47.325,9,27,379.1,0.22,1,137.325
31255,00031255.jpg,1785610350846707968,9.882,43.085,46.915,8,27,377.4,1.05,1,136.915
31256,00031256.jpg,1785610350880555776,9.879,43.085,46.915,8,23,350.6,0.64,1,136.915
31257,00031257.jpg,1785610350912692736,9.874,43.002,46.998,6,22,331.0,0.31,1,136.998
31258,00031258.jpg,1785610350948779776,9.871,43.371,46.629,5,21,307.8,0.62,1,136.629
31259,00031259.jpg,1785610350979285504,9.872,43.209,46.791,7,24,324.2,0.57,1,136.791
31260,00031260.jpg,1785610351013597440,9.872,43.007,46.993,5,19,292.8,0.6,1,136.993
31261,00031261.jpg,1785610351045436672,9.872,42.969,47.031,5,19,286.4,0.56,1,137.031
31262,00031262.jpg,1785610351080631552,9.873,42.811,47.189,5,19,285.2,0.35,1,137.189
31263,00031263.jpg,1785610351113681664,9.919,42.89,47.11,5,19,279.2,0.22,1,137.11
31264,00031264.jpg,1785610351146848512,10.246,42.705,47.295,6,21,281.1,0.42,1,137.295
31265,00031265.jpg,1785610351180704000,10.69,42.991,47.009,7,22,284.9,0.37,1,137.009
31266,00031266.jpg,1785610351212765184,11.524,42.924,47.076,4,19,251.9,0.74,1,137.076
31267,00031267.jpg,1785610351247320576,12.624,42.99,47.01,4,17,246.6,0.09,1,137.01
31268,00031268.jpg,1785610351279709696,13.536,43.29,46.71,6,20,263.3,0.46,1,136.71
31269,00031269.jpg,1785610351314492160,14.7,43.218,46.782,4,16,231.5,0.49,1,136.782
31270,00031270.jpg,1785610351346963456,16.036,42.841,47.159,4,18,235.0,0.26,1,137.159
31271,00031271.jpg,1785610351379872256,17.033,42.952,47.048,5,16,247.5,0.5,1,137.048
31272,00031272.jpg,1785610351413267200,17.819,42.926,47.074,5,15,224.4,0.3,1,137.074
31273,00031273.jpg,1785610351449469696,10.223,43.244,46.756,4,16,225.1,0.39,1,136.756
31274,00031274.jpg,1785610351479650048,4.377,42.972,47.028,6,18,232.2,0.7,1,137.028
31275,00031275.jpg,1785610351513634304,5.132,43.102,46.898,5,19,227.2,0.27,1,136.898
31276,00031276.jpg,1785610351546875904,6.936,43.065,46.935,6,18,239.4,0.82,1,136.935
31277,00031277.jpg,1785610351579894272,7.757,43.24,46.76,4,19,240.3,0.71,1,136.76
31278,00031278.jpg,1785610351613115136,9.097,42.686,47.314,5,18,286.6,0.37,1,137.314
31279,00031279.jpg,1785610351645684480,9.546,42.789,47.211,4,16,247.8,0.62,1,137.211
31280,00031280.jpg,1785610351679316224,9.757,42.686,47.314,6,21,276.7,0.46,1,137.314
31281,00031281.jpg,1785610351712846336,9.836,42.878,47.122,5,21,276.1,0.26,1,137.122
31282,00031282.jpg,1785610351746736896,9.865,43.112,46.888,5,17,239.0,0.4,1,136.888
31283,00031283.jpg,1785610351780973312,9.884,42.917,47.083,4,13,222.5,0.16,1,137.083
31284,00031284.jpg,1785610351813590528,9.888,43.123,46.877,4,16,220.5,0.22,1,136.877
31285,00031285.jpg,1785610351846864384,9.889,43.031,46.969,6,18,218.5,0.36,1,136.969
31286,00031286.jpg,1785610351879173376,9.892,42.832,47.168,4,13,180.4,0.56,1,137.168
31287,00031287.jpg,1785610351912979968,9.893,43.044,46.956,4,11,162.3,0.15,1,136.956
31288,00031288.jpg,1785610351946588416,9.902,42.957,47.043,4,12,158.0,0.48,1,137.043
31289,00031289.jpg,1785610351980680192,9.911,43.095,46.905,6,16,177.1,0.54,1,136.905
31290,00031290.jpg,1785610352012813056,9.895,42.449,47.551,4,9,140.7,0.57,1,137.551
31291,00031291.jpg,1785610352046803712,9.906,42.313,47.687,4,11,86.4,0.78,1,137.687
31292,00031292.jpg,1785610352084125440,9.893,42.208,47.792,3,8,68.3,0.19,1,137.792
31293,00031293.jpg,1785610352112607232,9.894,42.255,47.745,2,5,49.3,0.25,1,137.745
31294,00031294.jpg,1785610352145595904,9.892,41.727,48.273,3,6,57.9,0.25,1,138.273
31295,00031295.jpg,1785610352180005632,9.892,41.193,48.807,5,12,96.2,1.33,1,138.807
31296,00031296.jpg,1785610352213857024,9.891,41.405,48.595,3,6,67.5,0.28,1,138.595
31297,00031297.jpg,1785610352247446528,9.891,42.296,47.704,2,7,64.6,0.61,1,137.704
31298,00031298.jpg,1785610352280443136,9.89,41.512,48.488,3,9,67.1,0.79,1,138.488
31299,00031299.jpg,1785610352313556736,9.89,41.519,48.481,3,7,60.9,0.63,1,138.481
31300,00031300.jpg,1785610352347287040,9.889,41.334,48.666,3,8,64.3,0.19,1,138.666
31301,00031301.jpg,1785610352379763712,9.889,42.287,47.713,3,6,60.8,0.27,1,137.713
31302,00031302.jpg,1785610352413304832,9.897,41.342,48.658,4,8,67.3,0.98,1,138.658
31303,00031303.jpg,1785610352447129344,9.931,42.261,47.739,3,10,68.7,0.4,1,137.739
31304,00031304.jpg,1785610352480152320,9.924,40.713,49.287,4,12,75.0,2.37,1,139.287
31305,00031305.jpg,1785610352513480448,9.999,43.694,46.306,5,13,84.9,0.95,1,136.306
31306,00031306.jpg,1785610352546698496,9.885,44.914,45.086,2,4,77.7,1.86,1,135.086
31307,00031307.jpg,1785610352581561600,9.899,46.559,43.441,7,19,212.6,0.38,1,133.441
31308,00031308.jpg,1785610352612512000,9.893,47.394,42.606,7,20,228.6,0.53,1,132.606
31309,00031309.jpg,1785610352646701312,9.888,48.045,41.955,6,18,244.7,0.46,1,131.955
31310,00031310.jpg,1785610352679952640,9.883,48.044,41.956,7,20,238.4,0.3,1,131.956
31311,00031311.jpg,1785610352713441024,9.882,47.854,42.146,6,18,233.7,0.49,1,132.146
31312,00031312.jpg,1785610352746841088,9.882,47.762,42.238,6,18,220.5,0.17,1,132.238
31313,00031313.jpg,1785610352780307712,9.881,47.671,42.329,7,20,231.5,0.45,1,132.329
31314,00031314.jpg,1785610352813556480,9.881,47.967,42.033,5,16,204.9,0.05,1,132.033
31315,00031315.jpg,1785610352845524480,9.88,47.875,42.125,6,18,211.1,0.05,1,132.125
31316,00031316.jpg,1785610352879569152,9.881,47.817,42.183,6,18,211.5,0.42,1,132.183
31317,00031317.jpg,1785610352912015872,9.902,48.154,41.846,6,19,213.1,0.19,1,131.846
31318,00031318.jpg,1785610352946810624,9.946,48.154,41.846,7,20,230.1,0.19,1,131.846
31319,00031319.jpg,1785610352979851520,9.932,48.825,41.175,5,16,220.5,0.01,1,131.175
31320,00031320.jpg,1785610353013397248,9.881,50.234,39.766,5,16,246.5,0.36,1,129.766
31321,00031321.jpg,1785610353045344000,9.904,51.298,38.702,8,22,295.1,0.52,1,128.702
31322,00031322.jpg,1785610353083162112,9.878,52.046,37.954,8,22,302.3,0.78,1,127.954
31323,00031323.jpg,1785610353113315584,9.876,52.238,37.762,8,21,302.9,0.95,1,127.762
31324,00031324.jpg,1785610353145556992,9.875,51.9,38.1,8,21,296.9,0.32,1,128.1
31325,00031325.jpg,1785610353179211008,9.874,51.87,38.13,7,20,288.6,0.5,1,128.13
31326,00031326.jpg,1785610353213275904,9.874,51.82,38.18,8,20,287.0,0.66,1,128.18
31327,00031327.jpg,1785610353245479680,9.874,52.022,37.978,7,21,288.5,0.99,1,127.978
31328,00031328.jpg,1785610353279309824,9.873,51.918,38.082,8,20,282.4,0.83,1,128.082
31329,00031329.jpg,1785610353312613888,9.873,51.814,38.186,8,20,271.5,0.39,1,128.186
31330,00031330.jpg,1785610353347249408,9.872,51.729,38.271,7,20,269.1,0.34,1,128.271
31331,00031331.jpg,1785610353380248576,9.872,52.114,37.886,7,21,273.5,0.6,1,127.886
31332,00031332.jpg,1785610353412558848,9.871,52.173,37.827,6,19,262.4,1.09,1,127.827
31333,00031333.jpg,1785610353446830080,9.871,52.068,37.932,7,19,259.7,0.51,1,127.932
31334,00031334.jpg,1785610353480432384,9.871,52.218,37.782,7,20,249.5,0.85,1,127.782
31335,00031335.jpg,1785610353512680960,9.87,52.298,37.702,6,19,256.7,0.48,1,127.702
31336,00031336.jpg,1785610353545548032,9.87,52.193,37.807,7,19,246.1,0.87,1,127.807
31337,00031337.jpg,1785610353581225216,9.869,52.087,37.913,6,20,245.4,0.53,1,127.913
31338,00031338.jpg,1785610353613705728,9.869,51.645,38.355,7,20,243.0,0.62,1,128.355
31339,00031339.jpg,1785610353645647872,9.868,51.866,38.134,8,20,245.8,0.67,1,128.134
31340,00031340.jpg,1785610353681257216,9.868,51.761,38.239,9,19,235.9,0.97,1,128.239
31341,00031341.jpg,1785610353715135488,9.868,51.78,38.22,9,18,222.7,0.54,1,128.22
31342,00031342.jpg,1785610353747789568,9.867,51.98,38.02,7,16,212.0,0.54,1,128.02
31343,00031343.jpg,1785610353781160960,9.867,51.875,38.125,6,19,218.5,0.64,1,128.125
31344,00031344.jpg,1785610353813177600,9.866,52.218,37.782,6,18,218.5,0.29,1,127.782
31345,00031345.jpg,1785610353846906112,9.866,52.17,37.83,6,19,221.7,0.34,1,127.83
31346,00031346.jpg,1785610353880225280,9.866,52.065,37.935,6,20,217.6,0.2,1,127.935
31347,00031347.jpg,1785610353913303296,9.865,52.069,37.931,6,20,218.7,0.53,1,127.931
31348,00031348.jpg,1785610353947535104,9.865,51.657,38.343,5,19,210.9,1.03,1,128.343
31349,00031349.jpg,1785610353980310784,9.864,51.678,38.322,5,20,210.4,0.42,1,128.322
31350,00031350.jpg,1785610354012227840,9.864,52.564,37.436,5,17,201.4,0.76,1,127.436
31351,00031351.jpg,1785610354045236224,9.864,51.997,38.003,5,14,183.8,0.37,1,128.003
31352,00031352.jpg,1785610354081014784,9.863,51.806,38.194,4,15,192.0,0.86,1,128.194
31353,00031353.jpg,1785610354112667392,9.863,51.81,38.19,6,17,186.2,0.75,1,128.19
31354,00031354.jpg,1785610354145974016,9.863,51.777,38.223,7,17,182.4,0.81,1,128.223
31355,00031355.jpg,1785610354180383744,9.862,52.206,37.794,7,15,181.9,0.67,1,127.794
31356,00031356.jpg,1785610354214001920,9.862,51.927,38.073,5,13,168.5,0.38,1,128.073
31357,00031357.jpg,1785610354245939712,9.861,51.484,38.516,5,14,161.7,0.72,1,128.516
31358,00031358.jpg,1785610354280131072,9.861,51.413,38.587,6,13,146.8,0.42,1,128.587
31359,00031359.jpg,1785610354312402688,9.861,51.432,38.568,6,15,144.4,0.55,1,128.568
31360,00031360.jpg,1785610354348953088,9.86,51.163,38.837,5,12,126.4,0.38,1,128.837
31361,00031361.jpg,1785610354380504320,9.86,51.688,38.312,5,14,125.8,0.45,1,128.312
31362,00031362.jpg,1785610354412393472,9.867,51.676,38.324,4,13,111.6,0.5,1,128.324
31363,00031363.jpg,1785610354445313280,9.88,51.775,38.225,3,9,79.6,0.28,1,128.225
31364,00031364.jpg,1785610354479471104,9.878,51.518,38.482,3,8,74.5,0.45,1,128.482
31365,00031365.jpg,1785610354511930112,9.898,51.722,38.278,3,8,72.7,0.37,1,128.278
31366,00031366.jpg,1785610354545314048,9.966,51.335,38.665,3,7,72.7,0.15,1,128.665
31367,00031367.jpg,1785610354579356416,9.941,51.133,38.867,3,8,82.2,0.74,1,128.867
31368,00031368.jpg,1785610354613182464,9.946,50.962,39.038,4,7,67.6,0.66,1,129.038
31369,00031369.jpg,1785610354646767104,10.039,51.867,38.133,4,8,52.6,0.33,1,128.133
31370,00031370.jpg,1785610354680449024,10.073,52.23,37.77,3,3,30.0,0.24,0,128.133
31371,00031371.jpg,1785610354714177792,10.107,52.381,37.619,3,5,38.1,2.24,1,127.619
31372,00031372.jpg,1785610354746876160,10.095,52.37,37.63,3,7,41.7,0.71,1,127.63
31373,00031373.jpg,1785610354781217792,10.034,54.948,35.052,3,6,45.8,2.24,1,125.052
31374,00031374.jpg,1785610354813225984,9.919,53.245,36.755,2,5,34.9,0.5,1,126.755
31375,00031375.jpg,1785610354848611840,9.856,52.786,37.214,3,8,48.6,0.42,1,127.214
31376,00031376.jpg,1785610354879266816,9.857,53.404,36.596,2,4,36.0,0.3,1,126.596
31377,00031377.jpg,1785610354912525056,9.948,53.161,36.839,4,4,17.1,3.78,1,126.839
31378,00031378.jpg,1785610354946032128,9.907,54.306,35.694,2,2,13.3,0.0,0,127.059
31379,00031379.jpg,1785610354979219968,9.939,28.421,61.579,8,11,59.7,1.12,1,151.579
31380,00031380.jpg,1785610355012876288,9.96,33.165,56.835,1,7,55.9,3.04,1,146.835
31381,00031381.jpg,1785610355045557504,9.965,33.771,56.229,1,7,60.1,2.92,1,146.229
31382,00031382.jpg,1785610355080113152,9.945,66.229,23.771,1,2,5.5,0.0,0,146.241
31383,00031383.jpg,1785610355113218304,10.098,32.534,57.466,2,4,28.5,0.0,1,147.466
31384,00031384.jpg,1785610355146648064,10.631,43.788,46.212,5,5,38.9,9.24,1,136.212
31385,00031385.jpg,1785610355179814912,11.225,53.037,36.963,1,2,10.1,0.0,0,136.213
31386,00031386.jpg,1785610355212521984,12.149,9.315,80.685,3,2,8.4,0.0,0,136.213
31387,00031387.jpg,1785610355246694144,13.091,54.634,35.366,2,2,10.1,0.0,0,136.213
31388,00031388.jpg,1785610355279010816,13.668,54.663,35.337,3,1,5.0,0.0,0,136.213
31389,00031389.jpg,1785610355311900672,10.897,54.66,35.34,3,2,8.2,0.0,0,136.213
31390,00031390.jpg,1785610355345672192,7.034,53.034,36.966,4,2,9.8,0.0,0,136.213
31391,00031391.jpg,1785610355379660800,7.325,,,2,0,0.0,,0,136.213
31392,00031392.jpg,1785610355411879424,8.217,42.792,47.208,3,4,18.7,0.0,1,137.208
31393,00031393.jpg,1785610355445508608,8.913,43.295,46.705,1,2,10.7,0.0,0,137.208
31394,00031394.jpg,1785610355483470848,9.356,44.077,45.923,1,2,10.7,0.0,0,137.208
31395,00031395.jpg,1785610355511960320,9.577,,,0,0,0.0,,0,137.208
31396,00031396.jpg,1785610355546307840,9.7,,,0,0,0.0,,0,137.207
31397,00031397.jpg,1785610355580367360,9.864,41.653,48.347,1,2,8.6,0.0,0,137.207
31398,00031398.jpg,1785610355614719488,10.202,41.903,48.097,3,6,25.8,0.18,1,138.097
31399,00031399.jpg,1785610355646245376,10.906,41.115,48.885,2,4,17.0,0.0,1,138.885
31400,00031400.jpg,1785610355679459584,11.61,,,0,0,0.0,,0,138.887
31401,00031401.jpg,1785610355712367872,12.568,,,0,0,0.0,,0,138.891
31402,00031402.jpg,1785610355745547776,13.563,42.612,47.388,1,2,7.3,0.0,0,138.894
31403,00031403.jpg,1785610355780179712,14.15,42.355,47.645,3,6,22.1,0.15,1,137.645
31404,00031404.jpg,1785610355812594176,10.953,43.229,46.771,3,6,22.3,0.15,1,136.771
31405,00031405.jpg,1785610355846691328,6.629,,,1,0,0.0,,0,136.771
31406,00031406.jpg,1785610355880541440,6.961,52.041,37.959,3,8,64.6,0.22,1,127.959
31407,00031407.jpg,1785610355912932352,7.961,51.597,38.403,1,4,53.1,0.56,1,128.403
31408,00031408.jpg,1785610355946449408,8.759,52.678,37.322,3,10,95.1,0.47,1,127.322
31409,00031409.jpg,1785610355980447744,9.254,52.843,37.157,4,13,102.2,0.73,1,127.157
31410,00031410.jpg,1785610356012346368,9.944,52.885,37.115,2,7,78.7,0.14,1,127.115
31411,00031411.jpg,1785610356045864960,10.47,52.253,37.747,4,15,141.9,1.94,1,127.747
31412,00031412.jpg,1785610356079124224,11.058,52.046,37.954,5,14,122.2,6.6,1,127.954
31413,00031413.jpg,1785610356115361024,11.959,51.635,38.365,3,10,103.5,2.94,1,128.365
31414,00031414.jpg,1785610356145270016,12.665,51.201,38.799,5,14,121.8,2.56,1,128.799
31415,00031415.jpg,1785610356179794176,13.06,51.329,38.671,4,11,126.6,3.11,1,128.671
31416,00031416.jpg,1785610356212708608,8.589,54.001,35.999,4,12,147.1,1.46,1,125.999
31417,00031417.jpg,1785610356246563584,7.379,52.034,37.966,5,14,172.2,1.79,1,127.966
31418,00031418.jpg,1785610356279699200,7.988,51.544,38.456,5,15,172.4,1.59,1,128.456
31419,00031419.jpg,1785610356312045312,8.695,53.388,36.612,6,15,168.4,2.35,1,126.612
31420,00031420.jpg,1785610356347049984,9.204,52.449,37.551,7,19,182.8,2.08,1,127.551
31421,00031421.jpg,1785610356380158720,9.48,54.336,35.664,7,16,181.8,1.9,1,125.664
31422,00031422.jpg,1785610356413587200,9.619,54.533,35.467,8,17,194.3,1.12,1,125.467
31423,00031423.jpg,1785610356446713088,9.687,53.18,36.82,6,17,201.3,1.61,1,126.82
31424,00031424.jpg,1785610356479041536,9.722,52.69,37.31,6,17,201.2,2.52,1,127.31
31425,00031425.jpg,1785610356512207872,9.739,53.094,36.906,6,19,207.5,1.54,1,126.906
31426,00031426.jpg,1785610356545377792,9.747,52.877,37.123,7,19,209.0,1.77,1,127.123
31427,00031427.jpg,1785610356580389376,9.753,54.395,35.605,7,18,190.6,2.32,1,125.605
31428,00031428.jpg,1785610356614007808,9.757,53.065,36.935,7,20,206.0,2.06,1,126.935
31429,00031429.jpg,1785610356646228480,9.759,53.633,36.367,5,16,211.3,0.77,1,126.367
31430,00031430.jpg,1785610356679010304,9.761,52.828,37.172,8,22,209.3,2.48,1,127.172
31431,00031431.jpg,1785610356711759104,9.763,53.783,36.217,6,19,214.3,1.11,1,126.217
31432,00031432.jpg,1785610356747858688,9.764,54.32,35.68,6,19,206.1,2.69,1,125.68
31433,00031433.jpg,1785610356780455424,9.765,53.827,36.173,6,18,207.7,1.51,1,126.173
31434,00031434.jpg,1785610356813524224,9.766,53.962,36.038,6,19,212.3,1.96,1,126.038
31435,00031435.jpg,1785610356845531648,9.767,53.085,36.915,6,21,218.2,1.13,1,126.915
31436,00031436.jpg,1785610356880455168,9.768,53.172,36.828,6,19,227.0,1.61,1,126.828
31437,00031437.jpg,1785610356912090112,9.769,52.969,37.031,5,21,226.2,1.14,1,127.031
31438,00031438.jpg,1785610356946712064,9.77,53.656,36.344,6,17,226.1,2.06,1,126.344
31439,00031439.jpg,1785610356980090112,9.77,53.13,36.87,5,17,219.3,1.51,1,126.87
31440,00031440.jpg,1785610357012386560,9.771,52.727,37.273,7,21,222.0,2.41,1,127.273
31441,00031441.jpg,1785610357046190080,9.772,53.033,36.967,5,16,217.0,1.9,1,126.967
31442,00031442.jpg,1785610357079285760,9.772,53.341,36.659,5,20,235.1,1.56,1,126.659
31443,00031443.jpg,1785610357113805568,9.773,53.684,36.316,5,17,219.5,1.35,1,126.316
31444,00031444.jpg,1785610357145241088,9.627,52.332,37.668,5,16,220.2,2.34,1,127.668
31445,00031445.jpg,1785610357179529472,9.234,53.565,36.435,5,18,222.0,1.18,1,126.435
31446,00031446.jpg,1785610357213522176,7.821,53.856,36.144,5,17,223.7,1.18,1,126.144
31447,00031447.jpg,1785610357248448512,5.852,54.892,35.108,5,18,228.8,1.95,1,125.108
31448,00031448.jpg,1785610357280127232,5.125,53.783,36.217,5,20,228.5,1.68,1,126.217
31449,00031449.jpg,1785610357313423360,3.994,52.727,37.273,5,18,227.7,1.81,1,127.273
31450,00031450.jpg,1785610357347635968,3.643,53.082,36.918,5,19,229.1,2.06,1,126.918
31451,00031451.jpg,1785610357379560704,4.224,52.442,37.558,5,21,239.6,2.6,1,127.558
31452,00031452.jpg,1785610357413423104,8.001,53.458,36.542,7,22,253.9,1.77,1,126.542
31453,00031453.jpg,1785610357445328640,9.097,52.577,37.423,6,23,250.0,1.3,1,127.423
31454,00031454.jpg,1785610357478988800,9.577,53.196,36.804,6,20,261.2,1.97,1,126.804
31455,00031455.jpg,1785610357511621376,9.778,52.556,37.444,7,25,276.2,2.07,1,127.444
31456,00031456.jpg,1785610357546168320,9.866,52.452,37.548,8,31,301.1,0.95,1,127.548
31457,00031457.jpg,1785610357579975168,9.903,52.311,37.689,6,22,288.6,1.96,1,127.689
31458,00031458.jpg,1785610357611982080,9.616,52.295,37.705,7,27,305.2,2.18,1,127.705
31459,00031459.jpg,1785610357645420544,8.001,52.62,37.38,7,32,330.5,1.54,1,127.38
31460,00031460.jpg,1785610357679819520,6.925,52.005,37.995,9,30,316.3,1.52,1,127.995
31461,00031461.jpg,1785610357712657152,5.818,52.772,37.228,8,30,320.2,1.15,1,127.228
31462,00031462.jpg,1785610357745907712,5.665,52.945,37.055,10,34,348.8,1.14,1,127.055
31463,00031463.jpg,1785610357779022592,8.248,52.729,37.271,5,25,372.0,1.03,1,127.271
31464,00031464.jpg,1785610357812766720,9.236,53.177,36.823,7,31,372.0,0.91,1,126.823
31465,00031465.jpg,1785610357846480640,9.692,53.908,36.092,8,31,405.5,1.14,1,126.092
31466,00031466.jpg,1785610357879129088,9.808,54.008,35.992,10,38,431.0,1.26,1,125.992
31467,00031467.jpg,1785610357912284928,9.936,52.996,37.004,6,32,455.8,1.16,1,127.004
31468,00031468.jpg,1785610357946708480,10.019,51.834,38.166,7,37,486.1,2.02,1,128.166
31469,00031469.jpg,1785610357979040000,10.047,51.383,38.617,7,38,497.8,1.19,1,128.617
31470,00031470.jpg,1785610358015657728,10.061,51.124,38.876,9,37,495.8,1.78,1,128.876
31471,00031471.jpg,1785610358046196992,10.03,51.347,38.653,6,28,483.0,2.84,1,128.653
31472,00031472.jpg,1785610358080539904,9.956,50.974,39.026,6,34,500.7,1.66,1,129.026
31473,00031473.jpg,1785610358113164288,9.886,50.887,39.113,6,32,488.3,1.87,1,129.113
31474,00031474.jpg,1785610358146566144,9.847,50.324,39.676,6,32,507.3,1.95,1,129.676
31475,00031475.jpg,1785610358179390208,9.85,50.801,39.199,7,33,508.1,0.99,1,129.199
31476,00031476.jpg,1785610358212807168,9.844,50.713,39.287,4,25,494.2,1.24,1,129.287
31477,00031477.jpg,1785610358246417664,9.842,50.251,39.749,5,32,518.1,1.36,1,129.749
31478,00031478.jpg,1785610358279390464,9.848,50.837,39.163,7,33,509.7,0.99,1,129.163
31479,00031479.jpg,1785610358313403392,9.85,51.278,38.722,9,39,549.8,0.77,1,128.722
31480,00031480.jpg,1785610358345352960,9.854,51.057,38.943,11,37,555.1,1.07,1,128.943
31481,00031481.jpg,1785610358378970624,9.859,50.815,39.185,8,33,521.8,1.29,1,129.185
31482,00031482.jpg,1785610358412580608,9.873,50.311,39.689,7,30,521.8,2.04,1,129.689
31483,00031483.jpg,1785610358446446080,9.714,50.784,39.216,7,31,506.9,3.3,1,129.216
31484,00031484.jpg,1785610358479166464,9.321,50.504,39.496,6,30,477.5,1.59,1,129.496
31485,00031485.jpg,1785610358514555648,7.82,50.267,39.733,5,31,521.9,1.57,1,129.733
31486,00031486.jpg,1785610358546489856,6.011,50.941,39.059,7,32,545.4,1.59,1,129.059
31487,00031487.jpg,1785610358578970112,5.169,51.001,38.999,6,28,551.2,1.61,1,128.999
31488,00031488.jpg,1785610358612431616,3.871,50.184,39.816,7,34,580.0,1.4,1,129.816
31489,00031489.jpg,1785610358647107328,2.589,50.72,39.28,6,31,606.8,1.09,1,129.28
31490,00031490.jpg,1785610358679834112,2.473,51.251,38.749,8,34,617.4,0.99,1,128.749
31491,00031491.jpg,1785610358712510976,2.505,50.66,39.34,7,32,644.3,1.16,1,129.34
31492,00031492.jpg,1785610358745166080,6.477,51.122,38.878,6,30,666.7,0.98,1,128.878
31493,00031493.jpg,1785610358778342400,8.41,51.166,38.834,6,29,657.5,0.99,1,128.834
31494,00031494.jpg,1785610358812310272,9.308,50.47,39.53,11,42,743.8,1.17,1,129.53
31495,00031495.jpg,1785610358847201536,9.7,51.074,38.926,10,40,723.5,1.02,1,128.926
31496,00031496.jpg,1785610358879384832,9.865,51.122,38.878,8,37,745.0,0.77,1,128.878
31497,00031497.jpg,1785610358913159936,9.935,50.528,39.472,6,34,779.0,1.24,1,129.472
31498,00031498.jpg,1785610358945637120,9.963,51.368,38.632,10,38,797.5,1.06,1,128.632
31499,00031499.jpg,1785610358978872320,9.976,51.136,38.864,10,41,828.4,1.11,1,128.864
31500,00031500.jpg,1785610359014498560,9.994,51.18,38.82,11,44,852.2,1.47,1,128.82
31501,00031501.jpg,1785610359045358592,10.017,49.787,40.213,8,41,856.1,1.62,1,130.213
31502,00031502.jpg,1785610359078841856,10.025,50.267,39.733,10,48,948.1,1.94,1,129.733
31503,00031503.jpg,1785610359113378816,10.117,49.215,40.785,10,50,1036.9,2.92,1,130.785
31504,00031504.jpg,1785610359146369536,10.106,47.852,42.148,9,48,1034.3,3.39,1,132.148
31505,00031505.jpg,1785610359179503360,10.131,49.28,40.72,8,49,1063.5,2.32,1,130.72
31506,00031506.jpg,1785610359212754176,10.218,49.771,40.229,7,45,1081.6,2.33,1,130.229
31507,00031507.jpg,1785610359245696000,10.336,49.414,40.586,7,37,1001.9,2.34,1,130.586
31508,00031508.jpg,1785610359278870784,10.45,50.396,39.604,10,45,1036.2,2.58,1,129.604
31509,00031509.jpg,1785610359312374528,10.542,50.754,39.246,7,42,1079.8,2.29,1,129.246
31510,00031510.jpg,1785610359345812992,10.739,51.032,38.968,9,44,1073.7,0.54,1,128.968
31511,00031511.jpg,1785610359380952320,10.78,51.555,38.445,9,47,1091.5,0.7,1,128.445
31512,00031512.jpg,1785610359412648704,10.795,52.09,37.91,11,50,1083.3,0.89,1,127.91
31513,00031513.jpg,1785610359446748672,10.598,51.781,38.219,10,50,1097.0,1.08,1,128.219
31514,00031514.jpg,1785610359481017088,10.408,52.049,37.951,6,43,1091.8,1.63,1,127.951
31515,00031515.jpg,1785610359514072576,10.13,51.962,38.038,7,45,1120.4,1.07,1,128.038
31516,00031516.jpg,1785610359546170880,9.935,52.09,37.91,7,46,1101.0,1.38,1,127.91
31517,00031517.jpg,1785610359581493248,9.928,52.281,37.719,6,43,1114.1,0.97,1,127.719
31518,00031518.jpg,1785610359611855616,9.882,51.817,38.183,7,43,1108.1,1.08,1,128.183
31519,00031519.jpg,1785610359647976704,9.86,52.19,37.81,7,43,1075.3,1.39,1,127.81
31520,00031520.jpg,1785610359680042496,9.896,52.024,37.976,5,33,969.4,1.38,1,127.976
31521,00031521.jpg,1785610359711649280,9.902,51.793,38.207,6,34,973.3,1.47,1,128.207
31522,00031522.jpg,1785610359744958976,10.063,52.255,37.745,4,29,941.6,1.02,1,127.745
31523,00031523.jpg,1785610359778414080,10.199,52.383,37.617,6,35,948.3,1.11,1,127.617
31524,00031524.jpg,1785610359812248064,10.713,52.142,37.858,4,30,956.2,0.95,1,127.858
31525,00031525.jpg,1785610359845129728,11.607,52.139,37.861,6,35,952.8,0.86,1,127.861
31526,00031526.jpg,1785610359880229376,12.392,51.832,38.168,7,34,944.4,0.98,1,128.168
31527,00031527.jpg,1785610359911834624,13.429,51.709,38.291,8,39,975.4,0.59,1,128.291
31528,00031528.jpg,1785610359946572032,14.682,52.01,37.99,6,35,963.3,0.66,1,127.99
31529,00031529.jpg,1785610359981102080,15.623,52.02,37.98,6,34,972.4,0.96,1,127.98
31530,00031530.jpg,1785610360013231360,16.426,51.838,38.162,6,35,996.0,0.71,1,128.162
31531,00031531.jpg,1785610360045558528,11.266,52.096,37.904,8,35,986.7,0.74,1,127.904
31532,00031532.jpg,1785610360078917120,5.432,52.042,37.958,5,30,990.8,0.57,1,127.958
31533,00031533.jpg,1785610360111949312,5.942,52.078,37.922,6,33,991.9,0.77,1,127.922
31534,00031534.jpg,1785610360147780864,7.989,51.604,38.396,5,31,1002.9,0.53,1,128.396
31535,00031535.jpg,1785610360179397120,9.732,51.811,38.189,4,30,998.3,0.5,1,128.189
31536,00031536.jpg,1785610360213247488,11.1,51.644,38.356,4,32,1007.9,0.75,1,128.356
31537,00031537.jpg,1785610360246394624,12.081,51.693,38.307,5,34,1010.0,0.64,1,128.307
31538,00031538.jpg,1785610360280975104,12.915,52.097,37.903,5,36,1013.2,0.63,1,127.903
31539,00031539.jpg,1785610360312264704,14.001,52.176,37.824,5,35,996.6,0.69,1,127.824
31540,00031540.jpg,1785610360345142272,15.1,52.036,37.964,4,32,982.3,1.08,1,127.964
31541,00031541.jpg,1785610360380236288,15.769,51.779,38.221,5,36,992.5,0.57,1,128.221
31542,00031542.jpg,1785610360412694528,11.163,51.849,38.151,5,34,1011.4,0.71,1,128.151
31543,00031543.jpg,1785610360446262784,5.813,51.677,38.323,5,31,955.5,0.64,1,128.323
31544,00031544.jpg,1785610360480164352,6.308,51.887,38.113,4,29,972.4,0.52,1,128.113
31545,00031545.jpg,1785610360511843840,7.595,51.656,38.344,3,24,856.4,0.59,1,128.344
31546,00031546.jpg,1785610360546169600,8.607,52.053,37.947,4,33,962.0,0.7,1,127.947
31547,00031547.jpg,1785610360580175872,9.223,51.658,38.342,4,30,957.2,0.67,1,128.342
31548,00031548.jpg,1785610360611372032,9.565,52.146,37.854,4,31,969.5,0.68,1,127.854
31549,00031549.jpg,1785610360647640832,9.763,52.512,37.488,4,30,972.9,0.73,1,127.488
31550,00031550.jpg,1785610360679967744,9.855,52.882,37.118,4,31,984.4,0.5,1,127.118
31551,00031551.jpg,1785610360712577792,10.003,52.754,37.246,4,30,1002.4,0.95,1,127.246
31552,00031552.jpg,1785610360745213184,9.999,53.284,36.716,4,28,1046.6,1.44,1,126.716
31553,00031553.jpg,1785610360783296000,10.025,53.145,36.855,4,29,1060.2,1.11,1,126.855
31554,00031554.jpg,1785610360812003584,10.105,52.895,37.105,4,22,898.6,1.0,1,127.105
31555,00031555.jpg,1785610360846483200,10.163,52.301,37.699,4,23,872.7,0.73,1,127.699
31556,00031556.jpg,1785610360879738112,10.246,51.32,38.68,3,19,823.9,0.21,1,128.68
31557,00031557.jpg,1785610360912806144,10.338,51.031,38.969,5,33,1025.5,0.49,1,128.969
31558,00031558.jpg,1785610360946087168,10.355,50.698,39.302,5,32,1029.4,0.63,1,129.302
31559,00031559.jpg,1785610360978805248,10.329,50.897,39.103,4,24,867.8,0.39,1,129.103
31560,00031560.jpg,1785610361011837696,10.153,50.915,39.085,4,23,880.7,0.62,1,129.085
31561,00031561.jpg,1785610361045509376,10.054,50.694,39.306,6,28,934.4,0.39,1,129.306
31562,00031562.jpg,1785610361079128064,9.91,50.317,39.683,4,20,824.8,0.43,1,129.683
31563,00031563.jpg,1785610361112965120,9.845,50.148,39.852,4,22,834.8,0.34,1,129.852
31564,00031564.jpg,1785610361146406912,9.813,50.392,39.608,6,30,961.6,0.51,1,129.608
31565,00031565.jpg,1785610361179689984,9.836,50.578,39.422,5,25,858.4,0.52,1,129.422
31566,00031566.jpg,1785610361212537856,9.837,50.609,39.391,4,23,795.4,0.48,1,129.391
31567,00031567.jpg,1785610361245700096,9.838,50.477,39.523,4,23,776.9,0.63,1,129.523
31568,00031568.jpg,1785610361283478528,9.855,50.377,39.623,4,22,768.8,0.5,1,129.623
31569,00031569.jpg,1785610361311750144,9.858,50.643,39.357,3,20,746.1,0.3,1,129.357
31570,00031570.jpg,1785610361344784640,9.86,50.83,39.17,3,20,735.3,0.37,1,129.17
31571,00031571.jpg,1785610361378794752,9.868,51.075,38.925,4,23,720.4,0.54,1,128.925
31572,00031572.jpg,1785610361412489472,9.869,50.748,39.252,4,22,726.1,0.52,1,129.252
31573,00031573.jpg,1785610361446367488,10.043,50.816,39.184,3,21,714.3,0.22,1,129.184
31574,00031574.jpg,1785610361479244800,10.318,50.872,39.128,4,22,712.5,0.58,1,129.128
31575,00031575.jpg,1785610361512516608,11.022,51.134,38.866,4,20,701.3,0.29,1,128.866
31576,00031576.jpg,1785610361545466880,12.034,51.065,38.935,3,20,690.5,0.71,1,128.935
31577,00031577.jpg,1785610361578650880,38.387,50.02,39.98,3,19,643.7,0.67,1,129.98
31578,00031578.jpg,1785610361612305152,18.949,51.117,38.883,4,26,754.4,0.63,1,128.883
31579,00031579.jpg,1785610361645245696,16.558,50.929,39.071,4,21,580.9,0.96,1,129.071
31580,00031580.jpg,1785610361678656512,16.757,50.94,39.06,3,19,588.0,0.61,1,129.06
31581,00031581.jpg,1785610361711655424,17.638,51.051,38.949,4,27,800.3,0.53,1,128.949
31582,00031582.jpg,1785610361745512448,18.868,50.847,39.153,3,22,642.9,0.62,1,129.153
31583,00031583.jpg,1785610361779290880,19.834,50.949,39.051,4,21,650.7,0.66,1,129.051
31584,00031584.jpg,1785610361812075520,21.062,50.75,39.25,4,27,847.1,0.6,1,129.25
31585,00031585.jpg,1785610361846770176,22.475,50.684,39.316,5,31,898.8,0.54,1,129.316
31586,00031586.jpg,1785610361878641408,23.488,50.528,39.472,4,26,801.3,0.64,1,129.472
31587,00031587.jpg,1785610361914249728,24.695,50.797,39.203,4,29,871.1,0.81,1,129.203
31588,00031588.jpg,1785610361946487552,25.546,50.348,39.652,5,30,868.7,0.77,1,129.652
31589,00031589.jpg,1785610361980852480,25.84,50.425,39.575,5,31,902.5,0.67,1,129.575
31590,00031590.jpg,1785610362012142592,2.697,50.76,39.24,6,31,906.0,0.37,1,129.24
31591,00031591.jpg,1785610362047748352,2.295,50.859,39.141,5,28,890.8,0.43,1,129.141
31592,00031592.jpg,1785610362080083200,0.781,50.557,39.443,5,29,896.6,0.52,1,129.443
31593,00031593.jpg,1785610362111913984,4.087,50.722,39.278,4,30,885.6,0.72,1,129.278
31594,00031594.jpg,1785610362145159424,6.358,50.328,39.672,4,28,883.3,0.7,1,129.672
31595,00031595.jpg,1785610362178493184,7.68,50.681,39.319,4,28,870.6,0.67,1,129.319
31596,00031596.jpg,1785610362212309504,8.383,50.38,39.62,5,28,855.6,0.7,1,129.62
31597,00031597.jpg,1785610362245249792,8.76,50.662,39.338,3,25,834.3,0.63,1,129.338
31598,00031598.jpg,1785610362279461120,8.926,50.916,39.084,4,26,818.1,0.65,1,129.084
31599,00031599.jpg,1785610362311969792,9.035,50.291,39.709,5,33,920.1,0.87,1,129.709
31600,00031600.jpg,1785610362344965120,9.08,50.197,39.803,4,26,826.1,0.91,1,129.803
31601,00031601.jpg,1785610362383068672,9.099,50.698,39.302,4,24,801.4,0.48,1,129.302
31602,00031602.jpg,1785610362413721344,9.107,50.339,39.661,4,30,897.1,0.85,1,129.661
31603,00031603.jpg,1785610362446308352,9.114,50.072,39.928,5,40,957.9,1.31,1,129.928
31604,00031604.jpg,1785610362479321344,9.122,49.956,40.044,6,39,956.1,1.12,1,130.044
31605,00031605.jpg,1785610362511900672,9.129,50.1,39.9,5,38,976.6,0.95,1,129.9
31606,00031606.jpg,1785610362547885568,9.137,49.637,40.363,5,41,982.5,1.09,1,130.363
31607,00031607.jpg,1785610362578056960,9.144,49.786,40.214,5,42,966.2,1.22,1,130.214
31608,00031608.jpg,1785610362612513792,9.152,49.761,40.239,5,40,944.0,1.15,1,130.239
31609,00031609.jpg,1785610362645070080,9.159,49.511,40.489,5,43,932.6,1.25,1,130.489
31610,00031610.jpg,1785610362683026688,9.166,49.467,40.533,5,43,909.8,1.4,1,130.533
31611,00031611.jpg,1785610362711541248,9.173,49.555,40.445,6,41,856.2,1.2,1,130.445
31612,00031612.jpg,1785610362746474752,9.18,50.153,39.847,9,46,846.0,0.93,1,129.847
31613,00031613.jpg,1785610362779257344,9.187,49.767,40.233,9,40,768.9,1.13,1,130.233
31614,00031614.jpg,1785610362814320384,9.194,49.669,40.331,6,37,747.6,1.16,1,130.331
31615,00031615.jpg,1785610362846262528,9.201,49.673,40.327,7,36,726.2,1.35,1,130.327
31616,00031616.jpg,1785610362878939648,9.208,49.691,40.309,8,42,737.6,0.85,1,130.309
31617,00031617.jpg,1785610362912679680,9.214,50.369,39.631,8,40,718.7,1.1,1,129.631
31618,00031618.jpg,1785610362946440960,9.07,49.228,40.772,7,41,737.8,1.45,1,130.772
31619,00031619.jpg,1785610362980109824,8.683,49.529,40.471,9,48,752.3,1.29,1,130.471
31620,00031620.jpg,1785610363011302400,7.301,49.33,40.67,8,49,739.5,1.42,1,130.67
31621,00031621.jpg,1785610363046040576,5.439,49.242,40.758,8,43,731.4,1.41,1,130.758
31622,00031622.jpg,1785610363079770624,4.669,49.279,40.721,8,38,705.4,1.27,1,130.721
31623,00031623.jpg,1785610363113832960,3.461,49.398,40.602,10,40,711.9,1.3,1,130.602
31624,00031624.jpg,1785610363145319936,2.701,48.721,41.279,7,34,667.3,1.16,1,131.279
31625,00031625.jpg,1785610363183000320,3.139,49.034,40.966,8,37,664.2,1.39,1,130.966
31626,00031626.jpg,1785610363212935168,6.698,48.977,41.023,8,38,647.1,1.71,1,131.023
31627,00031627.jpg,1785610363244688128,8.275,48.666,41.334,9,42,647.1,1.35,1,131.334
31628,00031628.jpg,1785610363279007744,8.892,48.49,41.51,9,43,632.5,1.73,1,131.51
31629,00031629.jpg,1785610363311610112,8.731,48.281,41.719,8,36,629.7,1.51,1,131.719
31630,00031630.jpg,1785610363346201600,7.471,48.772,41.228,11,42,580.9,1.51,1,131.228
31631,00031631.jpg,1785610363379146240,6.839,48.473,41.527,11,48,578.6,1.62,1,131.527
31632,00031632.jpg,1785610363412392448,8.812,48.9,41.1,14,51,535.0,1.96,1,131.1
31633,00031633.jpg,1785610363446145792,9.315,48.592,41.408,13,45,476.7,2.09,1,131.408
31634,00031634.jpg,1785610363478056192,9.53,47.909,42.091,9,35,410.6,2.0,1,132.091
31635,00031635.jpg,1785610363511777536,9.621,48.457,41.543,12,38,395.4,2.26,1,131.543
31636,00031636.jpg,1785610363546306816,9.669,48.145,41.855,12,38,419.8,2.35,1,131.855
31637,00031637.jpg,1785610363578780672,9.69,48.011,41.989,11,34,438.5,1.89,1,131.989
31638,00031638.jpg,1785610363612507392,9.704,46.863,43.137,6,30,463.7,2.25,1,133.137
31639,00031639.jpg,1785610363645195008,9.794,47.879,42.121,7,31,456.5,1.85,1,132.121
31640,00031640.jpg,1785610363678976768,9.825,46.455,43.545,9,35,442.0,3.13,1,133.545
31641,00031641.jpg,1785610363712091648,9.851,46.819,43.181,8,30,406.1,1.46,1,133.181
31642,00031642.jpg,1785610363744699904,9.92,45.454,44.546,11,35,416.1,2.82,1,134.546
31643,00031643.jpg,1785610363779206912,9.944,47.49,42.51,7,27,382.1,1.85,1,132.51
31644,00031644.jpg,1785610363813669376,10.072,49.335,40.665,8,34,378.3,1.06,1,130.665
31645,00031645.jpg,1785610363845944576,10.118,50.899,39.101,7,32,375.1,0.51,1,129.101
31646,00031646.jpg,1785610363883625216,10.115,51.58,38.42,7,29,363.3,0.81,1,128.42
31647,00031647.jpg,1785610363911340544,10.065,52.413,37.587,9,32,379.3,1.73,1,127.587
31648,00031648.jpg,1785610363948080896,9.9,51.595,38.405,11,35,415.3,1.14,1,128.405
31649,00031649.jpg,1785610363978226432,9.805,52.522,37.478,7,28,408.9,1.21,1,127.478
31650,00031650.jpg,1785610364011489280,9.739,52.047,37.953,8,30,396.8,1.81,1,127.953
31651,00031651.jpg,1785610364046031872,11.316,52.185,37.815,8,30,388.3,1.74,1,127.815
31652,00031652.jpg,1785610364080139264,11.639,51.326,38.674,7,26,350.8,2.81,1,128.674
31653,00031653.jpg,1785610364111527936,8.501,51.365,38.635,6,25,364.1,2.66,1,128.635
31654,00031654.jpg,1785610364145126912,8.385,51.001,38.999,9,32,368.6,2.07,1,128.999
31655,00031655.jpg,1785610364178675200,8.853,50.22,39.78,12,35,355.2,2.04,1,129.78
31656,00031656.jpg,1785610364212138496,9.256,51.081,38.919,8,30,332.3,1.38,1,128.919
31657,00031657.jpg,1785610364246163200,9.513,51.559,38.441,8,25,341.3,2.17,1,128.441
31658,00031658.jpg,1785610364278836992,9.659,51.959,38.041,10,28,332.7,1.87,1,128.041
31659,00031659.jpg,1785610364312360704,9.736,50.17,39.83,7,25,315.4,1.76,1,129.83
31660,00031660.jpg,1785610364345049856,9.78,50.324,39.676,8,27,330.0,1.53,1,129.676
31661,00031661.jpg,1785610364379207424,9.803,50.298,39.702,8,27,321.9,1.99,1,129.702
31662,00031662.jpg,1785610364412748800,8.718,50.622,39.378,8,24,321.5,2.19,1,129.378
31663,00031663.jpg,1785610364446447104,11.341,49.32,40.68,10,21,304.1,2.09,1,130.68
31664,00031664.jpg,1785610364478776320,9.519,48.339,41.661,10,25,287.6,2.4,1,131.661
31665,00031665.jpg,1785610364511699456,8.519,50.665,39.335,10,29,343.5,1.31,1,129.335
31666,00031666.jpg,1785610364544957184,9.245,49.471,40.529,9,27,313.9,2.16,1,130.529
31667,00031667.jpg,1785610364581072896,9.127,50.987,39.013,10,34,328.8,1.45,1,129.013
31668,00031668.jpg,1785610364611713280,9.437,50.598,39.402,10,32,288.5,1.54,1,129.402
31669,00031669.jpg,1785610364645011712,9.458,50.609,39.391,10,30,294.5,2.0,1,129.391
31670,00031670.jpg,1785610364678267392,9.545,50.684,39.316,11,27,301.6,1.39,1,129.316
31671,00031671.jpg,1785610364714863360,9.026,48.673,41.327,11,30,308.8,1.97,1,131.327
31672,00031672.jpg,1785610364745265920,7.644,50.14,39.86,9,28,312.6,2.97,1,129.86
31673,00031673.jpg,1785610364780451584,6.665,50.33,39.67,9,27,291.8,1.42,1,129.67
31674,00031674.jpg,1785610364811947264,5.355,50.008,39.992,7,26,281.4,1.71,1,129.992
31675,00031675.jpg,1785610364845345280,4.873,49.378,40.622,10,29,296.1,1.0,1,130.622
31676,00031676.jpg,1785610364878595072,5.381,49.296,40.704,11,29,291.2,0.92,1,130.704
31677,00031677.jpg,1785610364912193536,8.724,48.969,41.031,10,30,297.2,1.31,1,131.031
31678,00031678.jpg,1785610364945443328,9.61,48.614,41.386,11,31,298.8,1.78,1,131.386
31679,00031679.jpg,1785610364978996992,9.995,48.556,41.444,10,32,310.1,1.69,1,131.444
31680,00031680.jpg,1785610365013187584,10.147,49.688,40.312,11,36,317.8,1.11,1,130.312
31681,00031681.jpg,1785610365045037568,10.21,48.498,41.502,9,30,304.4,1.76,1,131.502
31682,00031682.jpg,1785610365078639360,10.243,49.486,40.514,10,33,311.6,1.48,1,130.514
31683,00031683.jpg,1785610365112152576,10.152,49.537,40.463,11,29,314.4,2.27,1,130.463
31684,00031684.jpg,1785610365145757696,9.933,48.83,41.17,9,31,304.8,1.01,1,131.17
31685,00031685.jpg,1785610365179449856,9.92,48.32,41.68,9,29,315.4,2.09,1,131.68
31686,00031686.jpg,1785610365212145152,9.947,47.851,42.149,10,31,300.2,2.35,1,132.149
31687,00031687.jpg,1785610365246426880,10.052,48.978,41.022,9,25,295.4,1.48,1,131.022
31688,00031688.jpg,1785610365278374656,9.933,48.516,41.484,8,28,301.1,1.93,1,131.484
31689,00031689.jpg,1785610365312371712,9.929,49.16,40.84,8,29,289.2,1.76,1,130.84
31690,00031690.jpg,1785610365348542976,9.93,49.248,40.752,8,25,293.5,0.33,1,130.752
31691,00031691.jpg,1785610365378869504,9.924,49.192,40.808,8,26,292.6,1.14,1,130.808
31692,00031692.jpg,1785610365412973312,9.908,48.894,41.106,8,25,300.8,0.87,1,131.106
31693,00031693.jpg,1785610365446372096,9.898,49.019,40.981,8,29,305.7,1.15,1,130.981
31694,00031694.jpg,1785610365480965376,9.898,49.465,40.535,8,28,307.5,1.09,1,130.535
31695,00031695.jpg,1785610365512372736,9.897,49.113,40.887,8,26,312.3,0.84,1,130.887
31696,00031696.jpg,1785610365546512384,9.896,49.119,40.881,7,27,328.3,1.24,1,130.881
31697,00031697.jpg,1785610365579434496,9.898,49.141,40.859,8,27,296.5,0.94,1,130.859
31698,00031698.jpg,1785610365612538368,9.898,49.035,40.965,8,31,317.6,0.83,1,130.965
31699,00031699.jpg,1785610365644968704,9.899,49.42,40.58,10,32,343.6,1.36,1,130.58
31700,00031700.jpg,1785610365678947328,9.901,49.039,40.961,8,29,306.1,1.19,1,130.961
31701,00031701.jpg,1785610365711307008,10.238,48.844,41.156,9,30,312.7,1.25,1,131.156
31702,00031702.jpg,1785610365746045952,9.974,48.233,41.767,9,31,305.5,1.36,1,131.767
31703,00031703.jpg,1785610365779742976,9.954,48.228,41.772,11,31,307.8,2.31,1,131.772
31704,00031704.jpg,1785610365811543296,10.023,48.333,41.667,9,30,299.0,2.07,1,131.667
31705,00031705.jpg,1785610365846667264,10.023,47.832,42.168,8,26,287.9,2.14,1,132.168
31706,00031706.jpg,1785610365878476800,10.039,48.038,41.962,8,27,281.9,2.95,1,131.962
31707,00031707.jpg,1785610365913114624,10.064,47.384,42.616,10,30,306.9,2.14,1,132.616
31708,00031708.jpg,1785610365945914880,10.179,48.116,41.884,8,31,321.4,1.35,1,131.884
31709,00031709.jpg,1785610365979984384,10.21,48.586,41.414,10,34,330.6,0.65,1,131.414
31710,00031710.jpg,1785610366011319296,10.253,48.858,41.142,10,34,334.2,0.89,1,131.142
31711,00031711.jpg,1785610366046137856,10.234,48.723,41.277,10,33,329.1,0.83,1,131.277
31712,00031712.jpg,1785610366078056448,10.139,49.188,40.812,10,33,329.3,0.87,1,130.812
31713,00031713.jpg,1785610366111475200,9.993,49.255,40.745,9,30,341.8,1.24,1,130.745
31714,00031714.jpg,1785610366146275584,9.898,49.463,40.537,12,34,342.1,1.36,1,130.537
31715,00031715.jpg,1785610366178705408,9.894,49.249,40.751,10,33,346.0,1.66,1,130.751
31716,00031716.jpg,1785610366211545088,9.875,48.472,41.528,11,35,349.2,1.57,1,131.528
31717,00031717.jpg,1785610366246198016,9.866,48.865,41.135,9,35,357.8,1.07,1,131.135
31718,00031718.jpg,1785610366280453120,9.882,48.949,41.051,11,34,346.7,1.53,1,131.051
31719,00031719.jpg,1785610366311611392,9.884,49.158,40.842,9,33,356.0,0.72,1,130.842
31720,00031720.jpg,1785610366347768064,9.887,49.037,40.963,9,34,372.5,1.51,1,130.963
31721,00031721.jpg,1785610366379894528,9.895,48.965,41.035,9,33,371.3,1.73,1,131.035
31722,00031722.jpg,1785610366413843712,9.898,49.325,40.675,8,31,368.1,1.6,1,130.675
31723,00031723.jpg,1785610366445975552,9.9,48.514,41.486,9,33,385.7,1.37,1,131.486
31724,00031724.jpg,1785610366478574080,9.905,48.959,41.041,9,30,374.9,1.46,1,131.041
31725,00031725.jpg,1785610366511261184,9.906,48.831,41.169,9,29,371.1,1.38,1,131.169
31726,00031726.jpg,1785610366546664192,9.907,48.948,41.052,10,35,383.9,0.63,1,131.052
31727,00031727.jpg,1785610366578505728,9.909,48.917,41.083,9,28,391.7,1.01,1,131.083
31728,00031728.jpg,1785610366613718272,9.91,48.665,41.335,9,35,395.4,1.08,1,131.335
31729,00031729.jpg,1785610366645844736,9.908,49.023,40.977,9,31,410.5,1.0,1,130.977
31730,00031730.jpg,1785610366678671104,9.912,49.013,40.987,8,35,404.9,0.77,1,130.987
31731,00031731.jpg,1785610366713736192,9.913,48.815,41.185,8,33,397.0,0.87,1,131.185
31732,00031732.jpg,1785610366745770496,9.913,48.483,41.517,8,30,406.1,1.47,1,131.517
31733,00031733.jpg,1785610366779719680,9.914,48.743,41.257,9,33,425.8,1.35,1,131.257
31734,00031734.jpg,1785610366811465728,9.401,48.751,41.249,9,32,428.4,1.42,1,131.249
31735,00031735.jpg,1785610366846608640,7.877,48.57,41.43,8,29,416.1,1.23,1,131.43
31736,00031736.jpg,1785610366879761664,6.864,48.885,41.115,8,31,415.5,0.78,1,131.115
31737,00031737.jpg,1785610366914201088,5.737,49.436,40.564,9,33,435.4,0.76,1,130.564
31738,00031738.jpg,1785610366945410816,5.619,48.959,41.041,9,32,426.3,1.16,1,131.041
31739,00031739.jpg,1785610366982760448,8.286,49.094,40.906,7,33,433.3,0.66,1,130.906
31740,00031740.jpg,1785610367011275264,9.154,49.262,40.738,8,30,434.7,0.75,1,130.738
31741,00031741.jpg,1785610367046573312,9.57,48.582,41.418,7,32,440.0,1.47,1,131.418
31742,00031742.jpg,1785610367077975552,9.743,49.228,40.772,6,28,442.9,0.86,1,130.772
31743,00031743.jpg,1785610367111433728,9.816,49.216,40.784,6,32,440.6,0.84,1,130.784
31744,00031744.jpg,1785610367146868480,9.848,49.472,40.528,7,27,441.6,1.11,1,130.528
31745,00031745.jpg,1785610367178073344,9.861,49.026,40.974,7,31,451.9,0.66,1,130.974
31746,00031746.jpg,1785610367211339008,9.866,49.29,40.71,6,28,459.8,1.27,1,130.71
31747,00031747.jpg,1785610367246382592,9.868,48.507,41.493,6,29,473.3,0.89,1,131.493
31748,00031748.jpg,1785610367279008768,9.869,48.951,41.049,6,28,467.6,1.18,1,131.049
31749,00031749.jpg,1785610367311521792,9.869,48.468,41.532,6,25,457.3,1.2,1,131.532
31750,00031750.jpg,1785610367346317056,9.869,49.399,40.601,7,28,467.2,1.27,1,130.601
31751,00031751.jpg,1785610367378465280,9.869,48.633,41.367,7,29,464.8,1.27,1,131.367
31752,00031752.jpg,1785610367411392512,9.869,49.154,40.846,6,27,459.1,0.39,1,130.846
31753,00031753.jpg,1785610367445114624,9.869,49.171,40.829,7,30,468.6,0.68,1,130.829
31754,00031754.jpg,1785610367482905600,9.869,49.042,40.958,6,25,469.3,1.44,1,130.958
31755,00031755.jpg,1785610367511464448,9.869,48.995,41.005,6,30,469.0,0.89,1,131.005
31756,00031756.jpg,1785610367546314496,9.868,49.105,40.895,6,28,464.3,1.78,1,130.895
31757,00031757.jpg,1785610367578728960,9.868,48.941,41.059,6,27,462.5,0.76,1,131.059
31758,00031758.jpg,1785610367611227904,9.868,49.204,40.796,6,27,469.6,1.41,1,130.796
31759,00031759.jpg,1785610367646300160,9.868,48.019,41.981,6,27,462.8,1.58,1,131.981
31760,00031760.jpg,1785610367679737856,9.868,48.714,41.286,8,36,482.4,0.59,1,131.286
31761,00031761.jpg,1785610367711321088,9.868,48.409,41.591,8,33,474.7,1.72,1,131.591
31762,00031762.jpg,1785610367746264320,9.868,48.635,41.365,8,30,476.1,1.31,1,131.365
31763,00031763.jpg,1785610367778073088,9.868,48.474,41.526,9,34,470.7,1.25,1,131.526
31764,00031764.jpg,1785610367812200704,9.867,48.637,41.363,8,33,471.0,2.59,1,131.363
31765,00031765.jpg,1785610367845686784,9.867,48.707,41.293,8,34,458.2,1.14,1,131.293
31766,00031766.jpg,1785610367878897152,9.867,48.258,41.742,8,30,467.7,1.18,1,131.742
31767,00031767.jpg,1785610367912397568,9.867,48.513,41.487,7,31,461.5,1.0,1,131.487
31768,00031768.jpg,1785610367944902656,9.867,48.555,41.445,9,34,472.7,1.46,1,131.445
31769,00031769.jpg,1785610367978592512,9.867,48.752,41.248,8,28,451.9,1.07,1,131.248
31770,00031770.jpg,1785610368013670400,9.867,48.048,41.952,8,32,482.7,1.04,1,131.952
31771,00031771.jpg,1785610368045446912,9.867,47.946,42.054,9,34,493.6,1.44,1,132.054
31772,00031772.jpg,1785610368079045888,9.866,48.964,41.036,6,29,468.3,1.39,1,131.036
31773,00031773.jpg,1785610368113157120,9.866,48.279,41.721,11,35,496.5,1.3,1,131.721
31774,00031774.jpg,1785610368145907968,9.866,48.165,41.835,10,35,492.8,1.29,1,131.835
31775,00031775.jpg,1785610368179116800,9.866,48.61,41.39,7,29,482.0,1.52,1,131.39
31776,00031776.jpg,1785610368211496704,9.866,48.464,41.536,9,34,514.5,1.46,1,131.536
31777,00031777.jpg,1785610368245117184,9.867,49.434,40.566,8,31,506.0,1.16,1,130.566
31778,00031778.jpg,1785610368279012608,9.87,48.221,41.779,9,37,510.5,1.77,1,131.779
31779,00031779.jpg,1785610368312118784,9.886,48.405,41.595,9,34,517.0,1.23,1,131.595
31780,00031780.jpg,1785610368344691200,9.918,47.994,42.006,9,34,545.6,1.39,1,132.006
31781,00031781.jpg,1785610368378553856,9.926,46.795,43.205,10,37,526.7,2.09,1,133.205
31782,00031782.jpg,1785610368411858432,9.991,47.479,42.521,13,43,548.9,2.49,1,132.521
31783,00031783.jpg,1785610368445016576,9.993,45.745,44.255,13,46,610.9,3.18,1,134.255
31784,00031784.jpg,1785610368478684672,10.042,47.204,42.796,12,46,659.4,2.19,1,132.796
31785,00031785.jpg,1785610368512118528,10.152,46.374,43.626,9,40,673.3,2.66,1,133.626
31786,00031786.jpg,1785610368546113280,10.225,47.49,42.51,10,47,697.9,1.4,1,132.51
31787,00031787.jpg,1785610368579801088,10.297,48.756,41.244,10,40,660.5,0.89,1,131.244
31788,00031788.jpg,1785610368612125952,10.412,49.401,40.599,10,42,673.9,0.93,1,130.599
31789,00031789.jpg,1785610368645010688,10.412,50.678,39.322,9,40,656.3,0.9,1,129.322
31790,00031790.jpg,1785610368678560000,10.365,50.138,39.862,9,44,699.5,0.79,1,129.862
31791,00031791.jpg,1785610368712144128,10.097,50.726,39.274,11,53,731.1,0.81,1,129.274
31792,00031792.jpg,1785610368746778624,9.952,49.998,40.002,9,43,697.3,0.86,1,130.002
31793,00031793.jpg,1785610368779883008,9.952,49.761,40.239,10,50,733.3,0.47,1,130.239
31794,00031794.jpg,1785610368812295424,10.019,49.319,40.681,10,53,769.4,1.03,1,130.681
31795,00031795.jpg,1785610368846394624,10.204,48.304,41.696,12,55,768.5,1.16,1,131.696
31796,00031796.jpg,1785610368878942976,10.265,48.125,41.875,10,51,760.7,1.85,1,131.875
31797,00031797.jpg,1785610368911263232,10.369,48.039,41.961,10,55,788.5,1.32,1,131.961
31798,00031798.jpg,1785610368945993984,10.476,47.904,42.096,11,51,754.6,1.65,1,132.096
31799,00031799.jpg,1785610368977996288,10.616,49.336,40.664,9,47,747.2,0.9,1,130.664
31800,00031800.jpg,1785610369011326208,10.752,50.199,39.801,11,52,765.2,0.82,1,129.801
31801,00031801.jpg,1785610369046476032,10.755,50.996,39.004,10,50,788.2,1.21,1,129.004
31802,00031802.jpg,1785610369078203392,10.691,51.675,38.325,9,46,812.2,0.8,1,128.325
31803,00031803.jpg,1785610369112892160,10.361,51.749,38.251,9,47,821.5,1.32,1,128.251
31804,00031804.jpg,1785610369146118656,10.072,52.141,37.859,11,51,873.6,1.36,1,127.859
31805,00031805.jpg,1785610369179121920,10.002,52.737,37.263,11,47,885.2,1.23,1,127.263
31806,00031806.jpg,1785610369213041152,9.921,52.166,37.834,11,46,904.9,1.57,1,127.834
31807,00031807.jpg,1785610369248104192,9.825,52.106,37.894,11,52,934.1,1.44,1,127.894
31808,00031808.jpg,1785610369278120192,9.851,52.442,37.558,10,54,966.3,1.46,1,127.558
31809,00031809.jpg,1785610369313448448,9.855,51.92,38.08,11,55,980.5,0.84,1,128.08
31810,00031810.jpg,1785610369345241856,9.861,51.919,38.081,8,50,974.3,1.05,1,128.081
31811,00031811.jpg,1785610369379191040,9.886,52.112,37.888,9,53,1016.5,0.96,1,127.888
31812,00031812.jpg,1785610369413163520,10.037,51.909,38.091,8,49,1025.0,1.08,1,128.091
31813,00031813.jpg,1785610369444941056,10.363,52.133,37.867,8,47,993.5,1.33,1,127.867
31814,00031814.jpg,1785610369477971200,10.806,51.348,38.652,9,47,985.0,1.51,1,128.652
31815,00031815.jpg,1785610369511051520,11.458,51.721,38.279,10,48,1018.8,1.32,1,128.279
31816,00031816.jpg,1785610369545800704,11.114,52.015,37.985,9,44,1036.6,1.18,1,127.985
31817,00031817.jpg,1785610369578577664,8.985,51.724,38.276,8,49,1034.1,1.23,1,128.276
31818,00031818.jpg,1785610369612320512,8.937,51.668,38.332,8,55,1061.8,1.33,1,128.332
31819,00031819.jpg,1785610369646233600,9.272,51.579,38.421,10,53,1065.8,1.28,1,128.421
31820,00031820.jpg,1785610369679299072,9.565,51.514,38.486,10,50,1090.9,1.16,1,128.486
31821,00031821.jpg,1785610369711307520,9.885,51.567,38.433,11,56,1084.2,1.33,1,128.433
31822,00031822.jpg,1785610369746019328,10.329,51.169,38.831,7,41,1057.0,1.44,1,128.831
31823,00031823.jpg,1785610369778553344,10.768,51.887,38.113,8,51,1123.8,1.38,1,128.113
31824,00031824.jpg,1785610369812457984,11.625,52.156,37.844,9,48,1133.4,1.5,1,127.844
31825,00031825.jpg,1785610369845601280,12.042,51.78,38.22,9,46,1122.3,1.29,1,128.22
31826,00031826.jpg,1785610369878161920,13.573,52.204,37.796,7,39,1055.4,0.9,1,127.796
31827,00031827.jpg,1785610369912060928,14.313,51.61,38.39,6,37,1004.0,1.09,1,128.39
31828,00031828.jpg,1785610369945059584,11.18,50.957,39.043,7,37,1014.7,1.01,1,129.043
31829,00031829.jpg,1785610369978242304,7.0,50.589,39.411,8,41,1036.1,0.66,1,129.411
31830,00031830.jpg,1785610370012337664,7.268,50.765,39.235,6,39,1049.4,0.76,1,129.235
31831,00031831.jpg,1785610370046224384,8.24,50.432,39.568,9,49,1103.5,0.56,1,129.568
31832,00031832.jpg,1785610370078389248,8.986,50.77,39.23,6,44,1134.3,0.79,1,129.23
31833,00031833.jpg,1785610370112189696,9.6,50.86,39.14,7,45,1144.7,0.68,1,129.14
31834,00031834.jpg,1785610370146146560,10.354,50.803,39.197,7,50,1196.9,0.84,1,129.197
31835,00031835.jpg,1785610370178622720,10.786,51.041,38.959,9,50,1174.9,0.76,1,128.959
31836,00031836.jpg,1785610370212175360,11.607,50.901,39.099,9,52,1219.9,0.6,1,129.099
31837,00031837.jpg,1785610370247995136,12.766,51.757,38.243,7,46,1237.9,1.11,1,128.243
31838,00031838.jpg,1785610370277875200,13.598,52.014,37.986,7,45,1212.1,0.81,1,127.986
31839,00031839.jpg,1785610370311002112,14.711,52.321,37.679,7,48,1261.6,1.47,1,127.679
31840,00031840.jpg,1785610370345898752,15.621,53.07,36.93,7,49,1314.4,1.41,1,126.93
31841,00031841.jpg,1785610370379176704,16.019,52.981,37.019,8,42,1236.4,0.82,1,127.019
31842,00031842.jpg,1785610370412166912,7.835,51.218,38.782,7,37,1169.4,1.25,1,128.782
31843,00031843.jpg,1785610370445478400,6.421,50.583,39.417,6,37,1126.0,0.77,1,129.417
31844,00031844.jpg,1785610370479509504,7.202,50.545,39.455,5,37,1158.8,0.59,1,129.455
31845,00031845.jpg,1785610370512009216,8.342,50.058,39.942,7,41,1209.3,0.59,1,129.942
31846,00031846.jpg,1785610370545273088,9.059,50.136,39.864,5,38,1221.3,0.79,1,129.864
31847,00031847.jpg,1785610370578695424,9.488,50.418,39.582,6,43,1269.7,0.52,1,129.582
31848,00031848.jpg,1785610370612269312,9.914,50.745,39.255,7,43,1304.7,0.81,1,129.255
31849,00031849.jpg,1785610370645590272,10.515,51.782,38.218,8,44,1339.1,0.65,1,128.218
31850,00031850.jpg,1785610370679180800,10.961,52.699,37.301,6,42,1312.6,0.96,1,127.301
31851,00031851.jpg,1785610370712097280,11.738,51.42,38.58,6,39,1274.0,0.67,1,128.58
31852,00031852.jpg,1785610370745283328,12.653,50.184,39.816,8,47,1238.1,0.86,1,129.816
31853,00031853.jpg,1785610370778564608,13.187,49.749,40.251,9,49,1260.4,0.54,1,130.251
31854,00031854.jpg,1785610370811903232,11.225,49.625,40.375,9,45,1263.7,0.39,1,130.375
31855,00031855.jpg,1785610370845885952,8.083,49.642,40.358,8,41,1244.3,0.31,1,130.358
31856,00031856.jpg,1785610370880084224,8.163,49.494,40.506,9,41,1268.2,0.21,1,130.506
31857,00031857.jpg,1785610370912634368,8.692,49.406,40.594,9,45,1320.7,0.49,1,130.594
31858,00031858.jpg,1785610370946030080,9.139,49.836,40.164,8,42,1358.2,0.5,1,130.164
31859,00031859.jpg,1785610370978101504,9.456,49.652,40.348,8,40,1348.7,0.42,1,130.348
31860,00031860.jpg,1785610371011197696,9.608,49.698,40.302,6,41,1333.3,0.47,1,130.302
31861,00031861.jpg,1785610371045111808,9.692,50.006,39.994,7,43,1352.6,0.44,1,129.994
31862,00031862.jpg,1785610371078653952,9.744,50.22,39.78,7,43,1402.2,0.58,1,129.78
31863,00031863.jpg,1785610371111347712,9.775,50.546,39.454,7,40,1331.8,0.62,1,129.454
31864,00031864.jpg,1785610371144656640,9.824,50.792,39.208,7,40,1351.0,0.72,1,129.208
31865,00031865.jpg,1785610371179070208,9.924,50.894,39.106,6,40,1356.5,0.79,1,129.106
31866,00031866.jpg,1785610371212228608,10.335,51.797,38.203,6,43,1383.0,0.78,1,128.203
31867,00031867.jpg,1785610371244209152,11.01,51.738,38.262,6,40,1426.6,0.72,1,128.262
31868,00031868.jpg,1785610371278741504,11.532,51.804,38.196,5,37,1458.5,0.63,1,128.196
31869,00031869.jpg,1785610371311998464,11.275,52.029,37.971,5,36,1427.9,0.76,1,127.971
31870,00031870.jpg,1785610371345734656,9.743,51.949,38.051,5,35,1382.5,0.49,1,128.051
31871,00031871.jpg,1785610371380407808,9.853,51.05,38.95,5,34,1268.6,0.52,1,128.95
31872,00031872.jpg,1785610371412038400,10.494,49.987,40.013,5,33,1198.9,0.39,1,130.013
31873,00031873.jpg,1785610371445888512,10.666,49.138,40.862,5,35,1201.2,0.66,1,130.862
31874,00031874.jpg,1785610371478811392,10.529,48.674,41.326,6,39,1251.7,0.71,1,131.326
31875,00031875.jpg,1785610371515147008,10.307,48.415,41.585,6,37,1268.7,0.69,1,131.585
31876,00031876.jpg,1785610371546173696,10.099,48.44,41.56,5,33,1292.1,0.49,1,131.56
31877,00031877.jpg,1785610371578440192,9.943,47.777,42.223,4,33,1353.1,0.66,1,132.223
31878,00031878.jpg,1785610371612059904,9.77,48.011,41.989,4,33,1414.4,0.52,1,131.989
31879,00031879.jpg,1785610371644631808,9.679,48.227,41.773,4,34,1398.7,0.87,1,131.773
31880,00031880.jpg,1785610371679939840,9.711,48.182,41.818,4,34,1404.6,0.95,1,131.818
31881,00031881.jpg,1785610371711307520,9.702,48.48,41.52,4,34,1408.0,0.67,1,131.52
31882,00031882.jpg,1785610371746056704,9.701,48.356,41.644,4,37,1416.6,0.59,1,131.644
31883,00031883.jpg,1785610371778016512,9.732,48.331,41.669,5,37,1425.4,0.99,1,131.669
31884,00031884.jpg,1785610371811367680,9.74,48.54,41.46,5,37,1438.4,0.65,1,131.46
31885,00031885.jpg,1785610371845955840,9.76,49.202,40.798,6,42,1460.8,0.51,1,130.798
31886,00031886.jpg,1785610371879945216,9.792,49.131,40.869,7,43,1460.8,0.47,1,130.869
31887,00031887.jpg,1785610371911097344,9.82,49.092,40.908,6,42,1443.6,0.39,1,130.908
31888,00031888.jpg,1785610371944622848,9.97,49.569,40.431,5,39,1429.2,0.49,1,130.431
31889,00031889.jpg,1785610371979127296,9.936,50.184,39.816,7,37,1444.1,0.37,1,129.816
31890,00031890.jpg,1785610372013004800,9.966,49.903,40.097,7,37,1347.9,0.26,1,130.097
31891,00031891.jpg,1785610372047012352,10.078,48.285,41.715,7,38,1336.2,0.72,1,131.715
31892,00031892.jpg,1785610372077885952,10.111,48.034,41.966,7,37,1328.7,0.71,1,131.966
31893,00031893.jpg,1785610372111191296,10.136,47.493,42.507,6,38,1335.6,1.13,1,132.507
31894,00031894.jpg,1785610372145260800,10.126,46.599,43.401,6,39,1346.8,0.71,1,133.401
31895,00031895.jpg,1785610372178351616,10.0,46.769,43.231,7,42,1354.9,1.38,1,133.231
31896,00031896.jpg,1785610372212182528,9.835,46.112,43.888,5,35,1252.2,1.23,1,133.888
31897,00031897.jpg,1785610372246007040,9.759,46.151,43.849,7,42,1330.6,0.95,1,133.849
31898,00031898.jpg,1785610372277646592,9.744,46.299,43.701,5,33,1239.5,1.14,1,133.701
31899,00031899.jpg,1785610372311355904,9.728,46.549,43.451,7,41,1318.3,1.22,1,133.451
31900,00031900.jpg,1785610372344797696,9.731,46.043,43.957,5,33,1237.0,1.0,1,133.957
31901,00031901.jpg,1785610372380127744,9.743,46.224,43.776,5,33,1234.4,0.94,1,133.776
31902,00031902.jpg,1785610372412295936,9.749,46.227,43.773,6,39,1307.3,1.3,1,133.773
31903,00031903.jpg,1785610372446763776,9.752,45.804,44.196,6,35,1238.5,1.22,1,134.196
31904,00031904.jpg,1785610372478803456,9.615,46.464,43.536,7,41,1302.3,1.02,1,133.536
31905,00031905.jpg,1785610372512209664,8.632,46.429,43.571,6,35,1238.2,0.97,1,133.571
31906,00031906.jpg,1785610372545981952,6.814,46.464,43.536,5,33,1218.9,1.01,1,133.536
31907,00031907.jpg,1785610372578959104,5.893,46.272,43.728,7,41,1291.0,1.06,1,133.728
31908,00031908.jpg,1785610372611096576,4.999,46.446,43.554,7,41,1299.2,0.92,1,133.554
31909,00031909.jpg,1785610372645355008,5.007,46.748,43.252,7,41,1285.7,1.17,1,133.252
31910,00031910.jpg,1785610372678013440,7.934,46.526,43.474,7,41,1283.7,1.61,1,133.474
31911,00031911.jpg,1785610372711857152,9.083,45.706,44.294,8,43,1287.6,1.15,1,134.294
31912,00031912.jpg,1785610372745205760,9.556,46.438,43.562,6,34,1191.0,0.98,1,133.562
31913,00031913.jpg,1785610372779783424,9.766,47.399,42.601,7,39,1273.2,1.18,1,132.601
31914,00031914.jpg,1785610372812099328,9.858,47.469,42.531,7,35,1195.1,1.23,1,132.531
31915,00031915.jpg,1785610372845207808,9.896,47.149,42.851,6,37,1247.4,1.0,1,132.851
31916,00031916.jpg,1785610372878396416,9.914,47.386,42.614,7,39,1235.6,1.27,1,132.614
31917,00031917.jpg,1785610372912084992,9.936,46.839,43.161,7,39,1220.6,1.54,1,133.161
31918,00031918.jpg,1785610372945327616,9.971,46.716,43.284,8,41,1243.0,1.57,1,133.284
31919,00031919.jpg,1785610372978403584,9.929,46.552,43.448,8,40,1242.5,1.89,1,133.448
31920,00031920.jpg,1785610373012070400,9.951,47.141,42.859,8,38,1254.3,1.46,1,132.859
31921,00031921.jpg,1785610373045312256,9.963,47.941,42.059,7,39,1269.7,0.86,1,132.059
31922,00031922.jpg,1785610373078308864,9.964,48.178,41.822,6,31,1188.5,0.92,1,131.822
31923,00031923.jpg,1785610373112042496,9.957,48.179,41.821,6,33,1174.9,0.94,1,131.821
31924,00031924.jpg,1785610373145470208,9.932,47.877,42.123,5,29,1162.8,1.05,1,132.123
31925,00031925.jpg,1785610373177795328,9.989,48.219,41.781,6,31,1168.4,0.59,1,131.781
31926,00031926.jpg,1785610373212205568,10.31,48.442,41.558,6,31,1159.9,0.5,1,131.558
31927,00031927.jpg,1785610373244643840,11.049,48.212,41.788,5,29,1140.5,0.68,1,131.788
31928,00031928.jpg,1785610373278351360,11.752,48.137,41.863,5,29,1127.9,0.98,1,131.863
31929,00031929.jpg,1785610373312860672,12.687,48.176,41.824,5,32,1128.1,0.9,1,131.824
31930,00031930.jpg,1785610373344745216,13.488,48.104,41.896,6,31,1128.6,0.72,1,131.896
31931,00031931.jpg,1785610373383265280,13.902,48.229,41.771,5,31,1112.9,0.75,1,131.771
31932,00031932.jpg,1785610373412389120,8.686,48.065,41.935,5,32,1104.4,0.89,1,131.935
31933,00031933.jpg,1785610373444185600,7.523,48.031,41.969,5,29,1096.9,0.88,1,131.969
31934,00031934.jpg,1785610373477970688,8.926,47.783,42.217,5,30,1090.7,1.14,1,132.217
31935,00031935.jpg,1785610373513930240,11.119,47.754,42.246,6,31,1099.9,1.14,1,132.246
31936,00031936.jpg,1785610373544992512,11.619,48.114,41.886,5,30,1083.5,1.0,1,131.886
31937,00031937.jpg,1785610373580358656,10.48,48.228,41.772,6,30,1087.9,0.89,1,131.772
31938,00031938.jpg,1785610373611080704,8.546,48.69,41.31,6,31,1087.5,0.51,1,131.31
31939,00031939.jpg,1785610373644686336,8.637,48.129,41.871,5,30,1072.2,0.68,1,131.871
31940,00031940.jpg,1785610373678791424,9.068,48.273,41.727,6,31,1067.2,0.56,1,131.727
31941,00031941.jpg,1785610373711995392,9.404,48.308,41.692,5,29,1046.9,0.72,1,131.692
31942,00031942.jpg,1785610373745410560,9.616,47.972,42.028,6,33,1056.1,1.22,1,132.028
31943,00031943.jpg,1785610373778374912,9.732,48.075,41.925,6,31,1050.9,0.79,1,131.925
31944,00031944.jpg,1785610373812544768,9.792,48.242,41.758,5,31,1030.5,1.0,1,131.758
31945,00031945.jpg,1785610373845659648,9.822,48.454,41.546,6,35,1117.3,0.58,1,131.546
31946,00031946.jpg,1785610373879720704,9.837,48.461,41.539,7,34,1096.2,0.75,1,131.539
31947,00031947.jpg,1785610373911941888,9.857,48.177,41.823,11,45,1124.6,1.12,1,131.823
31948,00031948.jpg,1785610373944756480,9.883,47.548,42.452,10,42,1104.2,1.15,1,132.452
31949,00031949.jpg,1785610373979202816,9.891,47.729,42.271,9,45,1122.8,0.89,1,132.271
31950,00031950.jpg,1785610374011188224,9.981,46.479,43.521,10,41,1085.0,1.19,1,133.521
31951,00031951.jpg,1785610374045833728,9.966,46.716,43.284,8,39,1107.1,1.07,1,133.284
31952,00031952.jpg,1785610374078588160,9.998,47.195,42.805,7,34,990.2,1.89,1,132.805
31953,00031953.jpg,1785610374111695104,10.088,46.849,43.151,6,32,929.0,1.08,1,133.151
31954,00031954.jpg,1785610374145801216,10.15,47.475,42.525,6,27,889.7,0.87,1,132.525
31955,00031955.jpg,1785610374178152704,10.233,48.325,41.675,5,28,892.3,0.59,1,131.675
31956,00031956.jpg,1785610374211206400,10.326,48.711,41.289,5,27,894.6,0.51,1,131.289
31957,00031957.jpg,1785610374245110528,10.33,49.516,40.484,5,27,904.1,0.34,1,130.484
31958,00031958.jpg,1785610374278536704,10.296,49.51,40.49,5,26,906.6,0.21,1,130.49
31959,00031959.jpg,1785610374312059392,10.061,49.685,40.315,6,30,932.4,0.34,1,130.315
31960,00031960.jpg,1785610374345161216,9.926,49.38,40.62,5,28,919.7,0.3,1,130.62
31961,00031961.jpg,1785610374378405888,9.915,49.5,40.5,5,28,926.7,0.26,1,130.5
31962,00031962.jpg,1785610374412163840,9.939,49.635,40.365,6,31,936.1,0.44,1,130.365
31963,00031963.jpg,1785610374444747264,9.945,50.033,39.967,4,25,921.9,0.44,1,129.967
31964,00031964.jpg,1785610374478368256,9.926,50.123,39.877,4,25,926.1,0.29,1,129.877
31965,00031965.jpg,1785610374514535680,9.843,50.116,39.884,5,29,953.2,0.39,1,129.884
31966,00031966.jpg,1785610374544919040,9.812,50.014,39.986,5,27,959.0,0.41,1,129.986
31967,00031967.jpg,1785610374578154752,9.816,50.544,39.456,5,27,957.5,0.74,1,129.456
31968,00031968.jpg,1785610374611228672,9.801,50.338,39.662,6,27,956.9,0.75,1,129.662
31969,00031969.jpg,1785610374647503872,9.803,50.085,39.915,6,28,964.2,0.37,1,129.915
31970,00031970.jpg,1785610374677926144,9.815,50.449,39.551,7,29,972.5,0.49,1,129.551
31971,00031971.jpg,1785610374711145472,9.679,50.394,39.606,5,25,953.3,0.43,1,129.606
31972,00031972.jpg,1785610374744578048,8.714,50.602,39.398,6,27,944.2,0.49,1,129.398
31973,00031973.jpg,1785610374778709760,8.082,50.732,39.268,7,28,932.1,0.84,1,129.268
31974,00031974.jpg,1785610374811034624,9.223,51.505,38.495,7,27,897.5,0.7,1,128.495
31975,00031975.jpg,1785610374845945856,9.75,51.424,38.576,6,24,886.0,0.65,1,128.576
31976,00031976.jpg,1785610374879385600,9.843,52.466,37.534,3,19,852.7,1.1,1,127.534
31977,00031977.jpg,1785610374912141056,9.886,50.865,39.135,3,20,874.2,0.64,1,129.135
31978,00031978.jpg,1785610374944576512,9.976,50.206,39.794,3,18,878.5,0.34,1,129.794
31979,00031979.jpg,1785610374977986304,10.008,49.666,40.334,3,20,893.0,0.15,1,130.334
31980,00031980.jpg,1785610375011276032,10.022,49.472,40.528,3,19,897.5,0.3,1,130.528
31981,00031981.jpg,1785610375044774912,10.055,49.797,40.203,4,21,912.0,0.13,1,130.203
31982,00031982.jpg,1785610375077937664,10.057,50.093,39.907,3,18,916.4,0.32,1,129.907
31983,00031983.jpg,1785610375110813696,10.184,50.447,39.553,3,18,924.6,0.36,1,129.553
31984,00031984.jpg,1785610375147564288,10.144,51.536,38.464,2,16,916.1,0.95,1,128.464
31985,00031985.jpg,1785610375178249728,10.206,50.228,39.772,3,18,952.9,0.41,1,129.772
31986,00031986.jpg,1785610375213416960,10.314,49.383,40.617,2,17,938.4,0.32,1,130.617
31987,00031987.jpg,1785610375243988480,10.355,48.858,41.142,2,16,941.7,0.35,1,131.142
31988,00031988.jpg,1785610375278153216,10.339,48.109,41.891,2,16,945.2,0.59,1,131.891
31989,00031989.jpg,1785610375311959296,10.192,48.397,41.603,2,16,948.8,0.21,1,131.603
31990,00031990.jpg,1785610375346064640,10.019,48.889,41.111,2,16,957.5,0.31,1,131.111
31991,00031991.jpg,1785610375378497024,9.994,49.18,40.82,2,16,964.6,0.41,1,130.82
31992,00031992.jpg,1785610375412207104,10.03,48.997,41.003,2,16,969.6,0.27,1,131.003
31993,00031993.jpg,1785610375445110784,10.043,48.504,41.496,2,16,976.0,0.28,1,131.496
31994,00031994.jpg,1785610375479494656,10.011,48.216,41.784,2,16,978.1,0.37,1,131.784
31995,00031995.jpg,1785610375511902720,9.921,48.051,41.949,2,16,984.6,0.67,1,131.949
31996,00031996.jpg,1785610375545121792,9.836,48.082,41.918,2,16,986.1,0.54,1,131.918
31997,00031997.jpg,1785610375579855616,9.831,48.142,41.858,2,16,995.9,0.43,1,131.858
31998,00031998.jpg,1785610375611842816,9.336,47.957,42.043,2,16,999.3,0.54,1,132.043
31999,00031999.jpg,1785610375645244416,7.896,47.979,42.021,2,16,1004.6,0.54,1,132.021
32000,00032000.jpg,1785610375678434304,6.908,47.795,42.205,2,16,1005.8,0.4,1,132.205
32001,00032001.jpg,1785610375712009728,5.876,47.901,42.099,2,16,1017.2,0.44,1,132.099
32002,00032002.jpg,1785610375744986624,5.825,47.66,42.34,2,16,1017.4,0.58,1,132.34
32003,00032003.jpg,1785610375777861120,8.387,47.106,42.894,2,17,1019.4,1.07,1,132.894
32004,00032004.jpg,1785610375810628096,9.28,47.773,42.227,2,16,1021.6,0.61,1,132.227
32005,00032005.jpg,1785610375844904704,9.711,47.48,42.52,2,17,1025.9,0.8,1,132.52
32006,00032006.jpg,1785610375879646208,9.92,47.766,42.234,2,18,1029.8,0.75,1,132.234
32007,00032007.jpg,1785610375914484992,10.082,47.655,42.345,2,18,1030.9,0.92,1,132.345
32008,00032008.jpg,1785610375945752320,10.176,48.263,41.737,2,18,1037.7,0.76,1,131.737
32009,00032009.jpg,1785610375978501120,10.281,48.803,41.197,1,10,674.6,0.12,1,131.197
32010,00032010.jpg,1785610376011354624,10.385,49.126,40.874,1,10,665.2,0.18,1,130.874
32011,00032011.jpg,1785610376044652032,10.38,49.551,40.449,1,10,658.5,0.27,1,130.449
32012,00032012.jpg,1785610376077900800,10.374,49.255,40.745,1,10,654.6,0.13,1,130.745
32013,00032013.jpg,1785610376111163392,10.36,48.597,41.403,1,10,644.6,0.28,1,131.403
32014,00032014.jpg,1785610376145200128,10.504,48.196,41.804,1,10,633.9,0.58,1,131.804
32015,00032015.jpg,1785610376177988608,10.447,48.189,41.811,1,11,623.3,0.48,1,131.811
32016,00032016.jpg,1785610376212278272,10.599,48.196,41.804,1,10,614.8,0.41,1,131.804
32017,00032017.jpg,1785610376244084736,10.742,49.341,40.659,1,10,614.3,0.37,1,130.659
32018,00032018.jpg,1785610376278381824,10.764,49.787,40.213,1,10,610.5,0.3,1,130.213
32019,00032019.jpg,1785610376311222784,10.695,50.437,39.563,1,10,604.1,0.6,1,129.563
32020,00032020.jpg,1785610376344443904,10.345,50.291,39.709,1,10,601.0,0.41,1,129.709
32021,00032021.jpg,1785610376378275584,10.194,50.205,39.795,1,10,602.0,0.55,1,129.795
32022,00032022.jpg,1785610376415063296,10.004,50.427,39.573,1,10,599.9,0.33,1,129.573
32023,00032023.jpg,1785610376444884224,9.832,50.17,39.83,1,10,600.8,0.4,1,129.83
32024,00032024.jpg,1785610376478281216,9.832,49.919,40.081,2,13,614.5,0.35,1,130.081
32025,00032025.jpg,1785610376512337408,9.8,50.467,39.533,2,12,614.4,0.24,1,129.533
32026,00032026.jpg,1785610376545756928,9.816,50.229,39.771,2,14,613.1,0.53,1,129.771
32027,00032027.jpg,1785610376579039488,9.849,50.179,39.821,2,12,612.0,0.16,1,129.821
32028,00032028.jpg,1785610376611338240,9.869,50.001,39.999,2,13,609.2,0.21,1,129.999
32029,00032029.jpg,1785610376644877056,10.135,50.16,39.84,4,20,648.0,0.38,1,129.84
32030,00032030.jpg,1785610376678082304,10.408,50.172,39.828,5,15,375.6,0.17,1,129.828
32031,00032031.jpg,1785610376710666752,10.825,50.159,39.841,5,16,360.0,0.22,1,129.841
32032,00032032.jpg,1785610376745415680,9.933,50.819,39.181,6,18,370.2,0.57,1,129.181
32033,00032033.jpg,1785610376777630208,9.409,50.55,39.45,8,22,394.0,0.33,1,129.45
32034,00032034.jpg,1785610376812186112,9.554,50.839,39.161,11,26,421.8,0.75,1,129.161
32035,00032035.jpg,1785610376846514432,9.739,51.796,38.204,12,35,671.6,0.93,1,128.204
32036,00032036.jpg,1785610376877699840,9.871,51.517,38.483,13,34,674.7,0.86,1,128.483
32037,00032037.jpg,1785610376911619584,10.044,51.705,38.295,11,30,465.5,0.73,1,128.295
32038,00032038.jpg,1785610376945876992,10.124,50.787,39.213,10,23,399.9,0.86,1,129.213
32039,00032039.jpg,1785610376977738752,10.192,50.633,39.367,13,33,460.5,1.03,1,129.367
32040,00032040.jpg,1785610377011559168,10.333,51.06,38.94,8,21,410.2,1.32,1,128.94
32041,00032041.jpg,1785610377046617088,10.477,50.739,39.261,9,22,403.3,1.16,1,129.261
32042,00032042.jpg,1785610377078296064,10.624,50.728,39.272,9,25,417.2,0.97,1,129.272
32043,00032043.jpg,1785610377111563776,10.753,50.26,39.74,9,23,410.0,0.37,1,129.74
32044,00032044.jpg,1785610377144636928,11.017,50.148,39.852,8,27,509.3,0.43,1,129.852
32045,00032045.jpg,1785610377179023104,11.136,49.373,40.627,10,32,514.3,0.34,1,130.627
32046,00032046.jpg,1785610377211794176,11.205,48.794,41.206,9,29,485.4,0.6,1,131.206
32047,00032047.jpg,1785610377245646848,11.087,48.771,41.229,12,33,490.5,0.46,1,131.229
32048,00032048.jpg,1785610377278627328,10.8,48.488,41.512,12,36,460.7,0.51,1,131.512
32049,00032049.jpg,1785610377312052224,10.353,48.034,41.966,13,40,468.9,1.44,1,131.966
32050,00032050.jpg,1785610377345006080,9.949,48.444,41.556,11,33,415.8,1.22,1,131.556
32051,00032051.jpg,1785610377380748288,9.891,48.192,41.808,12,38,594.1,1.48,1,131.808
32052,00032052.jpg,1785610377410744576,9.782,46.655,43.345,13,36,460.3,1.24,1,133.345
32053,00032053.jpg,1785610377444244992,9.724,47.017,42.983,11,32,456.2,0.71,1,132.983
32054,00032054.jpg,1785610377477776128,9.787,46.7,43.3,9,29,449.7,1.54,1,133.3
32055,00032055.jpg,1785610377510765568,9.794,46.836,43.164,13,38,484.8,1.45,1,133.164
32056,00032056.jpg,1785610377546322432,9.802,46.864,43.136,11,35,484.0,1.5,1,133.136
32057,00032057.jpg,1785610377579435776,9.841,46.932,43.068,11,35,479.2,1.72,1,133.068
32058,00032058.jpg,1785610377611338752,9.856,47.406,42.594,12,35,481.3,1.55,1,132.594
32059,00032059.jpg,1785610377644441344,9.859,47.03,42.97,12,35,492.1,1.17,1,132.97
32060,00032060.jpg,1785610377682791424,9.874,46.97,43.03,13,47,828.5,1.63,1,133.03
32061,00032061.jpg,1785610377711494144,9.883,47.099,42.901,12,42,843.3,1.39,1,132.901
32062,00032062.jpg,1785610377744891904,9.888,46.977,43.023,14,47,841.2,1.51,1,133.023
32063,00032063.jpg,1785610377778342656,9.895,46.803,43.197,15,50,851.2,1.82,1,133.197
32064,00032064.jpg,1785610377811857408,9.897,46.919,43.081,15,49,843.4,1.65,1,133.081
32065,00032065.jpg,1785610377844718592,9.899,46.788,43.212,12,44,850.1,1.23,1,133.212
32066,00032066.jpg,1785610377877981696,9.901,47.766,42.234,14,58,1078.9,1.09,1,132.234
32067,00032067.jpg,1785610377911722496,9.902,48.285,41.715,13,54,1121.1,0.94,1,131.715
32068,00032068.jpg,1785610377944690688,9.902,48.369,41.631,14,53,1169.9,0.74,1,131.631
32069,00032069.jpg,1785610377978270208,9.903,47.94,42.06,18,64,1397.0,0.93,1,132.06
32070,00032070.jpg,1785610378011830016,9.911,48.266,41.734,16,68,1580.7,0.89,1,131.734
32071,00032071.jpg,1785610378046307584,9.926,47.961,42.039,18,69,1715.7,0.82,1,132.039
32072,00032072.jpg,1785610378078489088,9.929,47.997,42.003,14,62,1836.7,0.99,1,132.003
32073,00032073.jpg,1785610378110540800,9.919,47.788,42.212,17,67,1953.6,0.59,1,132.212
32074,00032074.jpg,1785610378145792256,9.93,48.446,41.554,17,69,1984.5,0.51,1,131.554
32075,00032075.jpg,1785610378182427648,9.932,48.816,41.184,17,64,1962.0,0.57,1,131.184
32076,00032076.jpg,1785610378211988736,9.941,49.012,40.988,14,59,1951.5,0.47,1,130.988
32077,00032077.jpg,1785610378244853760,9.931,49.203,40.797,17,65,1949.5,0.3,1,130.797
32078,00032078.jpg,1785610378277805824,9.919,49.193,40.807,14,64,1958.0,0.39,1,130.807
32079,00032079.jpg,1785610378312850432,9.919,48.975,41.025,18,70,1972.3,0.46,1,131.025
32080,00032080.jpg,1785610378344873472,9.942,48.523,41.477,16,67,1955.6,0.59,1,131.477
32081,00032081.jpg,1785610378378452224,9.926,48.651,41.349,18,71,1929.6,0.62,1,131.349
32082,00032082.jpg,1785610378410462976,9.942,49.106,40.894,17,68,1913.4,0.48,1,130.894
32083,00032083.jpg,1785610378444487936,9.945,49.604,40.396,15,66,1925.0,0.48,1,130.396
32084,00032084.jpg,1785610378479414272,9.934,49.576,40.424,17,70,1923.5,0.3,1,130.424
32085,00032085.jpg,1785610378510923264,9.916,49.393,40.607,16,62,1902.3,0.35,1,130.607
32086,00032086.jpg,1785610378543795712,9.9,49.641,40.359,14,67,1926.0,0.34,1,130.359
32087,00032087.jpg,1785610378578907904,9.897,49.603,40.397,16,66,1937.5,0.39,1,130.397
32088,00032088.jpg,1785610378611352064,9.892,49.484,40.516,15,64,1914.8,0.39,1,130.516
32089,00032089.jpg,1785610378644257792,9.889,49.628,40.372,16,69,1935.6,0.45,1,130.372
32090,00032090.jpg,1785610378678250496,9.89,49.67,40.33,14,64,1934.9,0.34,1,130.33
32091,00032091.jpg,1785610378710539264,9.89,49.602,40.398,15,65,1939.5,0.45,1,130.398
32092,00032092.jpg,1785610378744148224,9.889,49.601,40.399,17,67,1950.5,0.45,1,130.399
32093,00032093.jpg,1785610378780202752,9.889,49.721,40.279,17,66,1932.6,0.35,1,130.279
32094,00032094.jpg,1785610378812686592,9.898,49.523,40.477,16,69,1930.2,0.38,1,130.477
32095,00032095.jpg,1785610378844457984,9.932,49.623,40.377,18,70,1918.9,0.42,1,130.377
32096,00032096.jpg,1785610378878337792,9.927,50.02,39.98,15,64,1830.3,0.37,1,129.98
32097,00032097.jpg,1785610378911728128,9.942,50.91,39.09,16,66,1749.1,0.45,1,129.09
32098,00032098.jpg,1785610378944453376,10.089,52.316,37.684,14,62,1716.0,0.4,1,127.684
32099,00032099.jpg,1785610378979135232,9.944,54.224,35.776,14,61,1655.3,0.41,1,125.776
32100,00032100.jpg,1785610379010997504,9.906,57.084,32.916,14,60,1590.9,0.43,1,122.916
32101,00032101.jpg,1785610379044264704,9.921,59.423,30.577,11,53,1500.0,0.46,1,120.577
32102,00032102.jpg,1785610379078222080,9.937,61.579,28.421,12,54,1440.4,0.42,1,118.421
32103,00032103.jpg,1785610379111126016,9.933,64.048,25.952,13,59,1392.8,0.59,1,115.952
32104,00032104.jpg,1785610379144387328,9.926,66.326,23.674,11,54,1309.3,0.47,1,113.674
32105,00032105.jpg,1785610379178262016,9.925,68.853,21.147,13,56,1255.1,0.45,1,111.147
32106,00032106.jpg,1785610379211215104,9.926,71.14,18.86,10,49,1126.6,0.49,1,108.86
32107,00032107.jpg,1785610379244203520,9.926,73.524,16.476,9,50,1077.7,0.43,1,106.476
32108,00032108.jpg,1785610379278435072,9.925,75.994,14.006,10,50,1023.1,0.49,1,104.006
32109,00032109.jpg,1785610379312897792,9.924,78.204,11.796,10,45,1017.4,0.73,1,101.796
32110,00032110.jpg,1785610379344371968,9.923,80.651,9.349,9,45,1043.4,0.37,1,99.349
32111,00032111.jpg,1785610379377986816,9.922,82.955,7.045,9,46,1069.8,0.76,1,97.045
32112,00032112.jpg,1785610379410968832,9.921,85.394,4.606,10,46,1113.5,0.35,1,94.606
32113,00032113.jpg,1785610379447083776,9.921,87.69,2.31,11,46,1129.3,0.51,1,92.31
32114,00032114.jpg,1785610379477616384,9.92,89.887,0.113,12,44,1138.7,0.64,1,90.113
32115,00032115.jpg,1785610379511201536,9.919,2.358,87.642,13,40,1107.7,0.65,1,87.642
32116,00032116.jpg,1785610379544223744,9.895,4.451,85.549,12,46,1090.0,0.81,1,85.549
32117,00032117.jpg,1785610379583051776,9.87,7.187,82.813,12,48,1084.0,0.49,1,82.813
32118,00032118.jpg,1785610379611049984,9.894,9.017,80.983,13,47,1088.2,0.55,1,80.983
32119,00032119.jpg,1785610379645529088,9.887,10.525,79.475,12,47,1082.6,0.49,1,79.475
32120,00032120.jpg,1785610379679801088,9.869,11.229,78.771,14,49,1085.0,0.47,1,78.771
32121,00032121.jpg,1785610379712187392,9.87,11.447,78.553,13,52,1101.3,0.36,1,78.553
32122,00032122.jpg,1785610379744116480,9.869,11.542,78.458,15,55,1111.9,0.51,1,78.458
32123,00032123.jpg,1785610379779483904,9.867,11.562,78.438,14,52,1092.9,0.57,1,78.438
32124,00032124.jpg,1785610379810802944,9.867,11.495,78.505,12,48,1085.2,0.61,1,78.505
32125,00032125.jpg,1785610379843710720,9.866,11.461,78.539,14,49,1101.9,0.58,1,78.539
32126,00032126.jpg,1785610379879386624,9.866,11.31,78.69,14,51,1108.0,0.71,1,78.69
32127,00032127.jpg,1785610379912119296,9.866,11.262,78.738,12,51,1110.2,0.69,1,78.738
32128,00032128.jpg,1785610379944452096,9.865,11.529,78.471,14,48,1123.4,0.49,1,78.471
32129,00032129.jpg,1785610379978043904,9.865,11.698,78.302,13,45,1094.8,0.34,1,78.302
32130,00032130.jpg,1785610380011002112,9.864,11.595,78.405,14,49,1115.6,0.36,1,78.405
32131,00032131.jpg,1785610380045273344,9.36,11.604,78.396,14,51,1119.1,0.5,1,78.396
32132,00032132.jpg,1785610380077385472,8.68,11.276,78.724,13,44,1098.0,0.93,1,78.724
32133,00032133.jpg,1785610380112628736,7.002,11.581,78.419,11,47,1095.6,1.23,1,78.419
32134,00032134.jpg,1785610380145091584,5.634,11.281,78.719,12,44,1106.0,1.28,1,78.719
32135,00032135.jpg,1785610380177616640,5.627,11.308,78.692,11,47,1127.9,0.86,1,78.692
32136,00032136.jpg,1785610380212666368,8.294,11.787,78.213,10,44,1125.9,0.4,1,78.213
32137,00032137.jpg,1785610380244775680,9.186,11.736,78.264,11,48,1145.3,0.35,1,78.264
32138,00032138.jpg,1785610380278367488,9.593,11.739,78.261,12,47,1154.6,0.23,1,78.261
32139,00032139.jpg,1785610380311028992,9.762,11.591,78.409,12,49,1167.8,0.55,1,78.409
32140,00032140.jpg,1785610380348388608,9.833,11.579,78.421,12,48,1163.3,0.58,1,78.421
32141,00032141.jpg,1785610380378494976,9.86,11.693,78.307,10,45,1171.4,0.37,1,78.307
32142,00032142.jpg,1785610380411013888,9.871,11.768,78.232,11,50,1186.0,0.37,1,78.232
32143,00032143.jpg,1785610380444664064,9.877,11.772,78.228,11,49,1196.5,0.29,1,78.228
32144,00032144.jpg,1785610380482842880,9.881,11.503,78.497,13,52,1215.9,0.43,1,78.497
32145,00032145.jpg,1785610380512048896,9.898,11.297,78.703,12,45,1199.6,0.33,1,78.703
32146,00032146.jpg,1785610380544423936,9.929,11.031,78.969,13,59,1255.1,0.47,1,78.969
32147,00032147.jpg,1785610380578857216,9.885,10.712,79.288,13,53,1257.5,0.62,1,79.288
32148,00032148.jpg,1785610380610846464,9.903,11.487,78.513,13,53,1259.1,0.42,1,78.513
32149,00032149.jpg,1785610380643923456,9.913,11.856,78.144,12,50,1242.5,0.5,1,78.144
32150,00032150.jpg,1785610380678946304,9.914,11.704,78.296,13,47,1250.7,0.83,1,78.296
32151,00032151.jpg,1785610380710769152,9.909,12.035,77.965,12,49,1261.3,0.52,1,77.965
32152,00032152.jpg,1785610380745397248,9.89,11.912,78.088,12,49,1276.7,0.68,1,78.088
32153,00032153.jpg,1785610380777970176,9.885,11.945,78.055,13,53,1288.4,0.64,1,78.055
32154,00032154.jpg,1785610380810834688,9.88,11.797,78.203,14,52,1301.1,0.78,1,78.203
32155,00032155.jpg,1785610380845822720,9.877,12.035,77.965,12,50,1297.4,0.51,1,77.965
32156,00032156.jpg,1785610380879163904,9.878,12.008,77.992,13,54,1318.9,0.55,1,77.992
32157,00032157.jpg,1785610380911878144,9.879,12.022,77.978,13,53,1323.6,0.49,1,77.978
32158,00032158.jpg,1785610380944366336,9.88,11.999,78.001,15,55,1350.6,0.41,1,78.001
32159,00032159.jpg,1785610380978075136,9.882,12.065,77.935,14,54,1364.3,0.53,1,77.935
32160,00032160.jpg,1785610381012211712,9.882,12.004,77.996,13,55,1360.7,0.49,1,77.996
32161,00032161.jpg,1785610381044129536,9.735,11.737,78.263,13,51,1369.7,0.68,1,78.263
32162,00032162.jpg,1785610381078042368,9.332,11.891,78.109,12,45,1354.5,0.65,1,78.109
32163,00032163.jpg,1785610381112809984,7.841,11.87,78.13,14,58,1400.0,0.57,1,78.13
32164,00032164.jpg,1785610381144314368,6.147,11.67,78.33,15,53,1394.1,0.48,1,78.33
32165,00032165.jpg,1785610381178403328,5.674,11.911,78.089,14,49,1405.8,0.71,1,78.089
32166,00032166.jpg,1785610381211939072,5.749,11.951,78.049,13,56,1431.2,0.43,1,78.049
32167,00032167.jpg,1785610381243610112,8.709,11.798,78.202,13,53,1438.9,0.69,1,78.202
32168,00032168.jpg,1785610381278392064,9.387,11.799,78.201,14,47,1439.7,0.71,1,78.201
32169,00032169.jpg,1785610381311847680,9.672,11.945,78.055,12,48,1448.6,0.54,1,78.055
32170,00032170.jpg,1785610381345387520,9.794,11.921,78.079,15,53,1469.9,0.55,1,78.079
32171,00032171.jpg,1785610381378325504,9.845,11.902,78.098,12,53,1499.3,0.7,1,78.098
32172,00032172.jpg,1785610381411267072,9.867,11.807,78.193,15,53,1508.0,0.71,1,78.193
32173,00032173.jpg,1785610381444324096,9.876,11.935,78.065,13,54,1527.8,0.65,1,78.065
32174,00032174.jpg,1785610381477626880,9.88,12.025,77.975,13,53,1518.7,0.68,1,77.975
32175,00032175.jpg,1785610381511946240,9.881,11.881,78.119,13,54,1556.6,0.52,1,78.119
32176,00032176.jpg,1785610381544918528,9.882,11.996,78.004,12,52,1547.8,0.61,1,78.004
32177,00032177.jpg,1785610381578028800,9.882,11.923,78.077,15,57,1575.7,0.52,1,78.077
32178,00032178.jpg,1785610381611686400,9.883,11.734,78.266,14,55,1587.2,0.69,1,78.266
32179,00032179.jpg,1785610381643540224,9.883,12.031,77.969,15,54,1584.0,0.24,1,77.969
32180,00032180.jpg,1785610381679009536,9.883,11.836,78.164,16,57,1599.1,0.7,1,78.164
32181,00032181.jpg,1785610381710920704,9.883,11.91,78.09,15,58,1608.4,0.7,1,78.09
32182,00032182.jpg,1785610381744148992,9.884,11.856,78.144,14,58,1594.9,0.53,1,78.144
32183,00032183.jpg,1785610381777649920,9.883,12.048,77.952,15,55,1579.8,0.48,1,77.952
32184,00032184.jpg,1785610381811851776,9.883,11.896,78.104,13,61,1577.6,0.59,1,78.104
32185,00032185.jpg,1785610381844808448,9.882,11.94,78.06,13,52,1546.8,0.52,1,78.06
32186,00032186.jpg,1785610381877986048,9.884,12.021,77.979,15,61,1535.9,0.54,1,77.979
32187,00032187.jpg,1785610381910854656,9.884,11.864,78.136,13,56,1517.6,0.45,1,78.136
32188,00032188.jpg,1785610381944167424,9.884,12.049,77.951,14,59,1520.8,0.36,1,77.951
32189,00032189.jpg,1785610381977354240,9.884,11.933,78.067,14,55,1492.4,0.32,1,78.067
32190,00032190.jpg,1785610382010539520,9.884,11.804,78.196,12,63,1490.3,0.75,1,78.196
32191,00032191.jpg,1785610382044003328,9.884,11.886,78.114,14,59,1473.1,0.52,1,78.114
32192,00032192.jpg,1785610382077954048,9.884,11.845,78.155,14,62,1472.9,0.71,1,78.155
32193,00032193.jpg,1785610382111319552,9.884,11.998,78.002,14,51,1438.5,0.32,1,78.002
32194,00032194.jpg,1785610382147617024,9.884,11.93,78.07,15,59,1448.6,0.63,1,78.07
32195,00032195.jpg,1785610382179192320,9.884,11.944,78.056,14,51,1416.3,0.49,1,78.056
32196,00032196.jpg,1785610382212767488,9.885,11.86,78.14,13,56,1420.6,0.56,1,78.14
32197,00032197.jpg,1785610382244701696,9.885,11.998,78.002,14,59,1420.3,0.48,1,78.002
32198,00032198.jpg,1785610382277863424,9.885,11.928,78.072,12,53,1388.2,0.49,1,78.072
32199,00032199.jpg,1785610382310970624,9.885,12.002,77.998,13,60,1395.0,0.56,1,77.998
32200,00032200.jpg,1785610382344578560,9.885,11.912,78.088,15,56,1374.3,0.37,1,78.088
32201,00032201.jpg,1785610382377786880,9.885,11.913,78.087,16,61,1398.4,0.57,1,78.087
32202,00032202.jpg,1785610382411148032,9.885,11.79,78.21,13,54,1376.1,0.64,1,78.21
32203,00032203.jpg,1785610382444553984,9.885,11.657,78.343,14,58,1386.2,0.53,1,78.343
32204,00032204.jpg,1785610382478081280,9.885,11.706,78.294,14,58,1385.1,0.55,1,78.294
32205,00032205.jpg,1785610382510509568,9.885,11.851,78.149,15,56,1370.4,0.51,1,78.149
32206,00032206.jpg,1785610382544160000,9.885,11.615,78.385,13,59,1370.2,0.41,1,78.385
32207,00032207.jpg,1785610382577556480,9.885,11.886,78.114,16,52,1359.3,0.46,1,78.114
32208,00032208.jpg,1785610382611160320,9.886,11.85,78.15,15,65,1407.0,0.57,1,78.15
32209,00032209.jpg,1785610382644843264,9.886,11.777,78.223,14,53,1359.0,0.47,1,78.223
32210,00032210.jpg,1785610382678230528,9.886,11.819,78.181,14,64,1395.3,0.42,1,78.181
32211,00032211.jpg,1785610382710820096,9.886,11.659,78.341,17,59,1371.0,0.53,1,78.341
32212,00032212.jpg,1785610382744647680,9.886,11.761,78.239,13,57,1368.1,0.48,1,78.239
32213,00032213.jpg,1785610382779759104,9.886,11.653,78.347,12,62,1368.6,0.43,1,78.347
32214,00032214.jpg,1785610382811172096,9.886,11.843,78.157,14,57,1373.4,0.42,1,78.157
32215,00032215.jpg,1785610382845181696,9.886,11.769,78.231,17,62,1383.7,0.61,1,78.231
32216,00032216.jpg,1785610382878612480,9.888,11.858,78.142,14,60,1369.8,0.33,1,78.142
32217,00032217.jpg,1785610382911719680,9.9,12.128,77.872,12,58,1378.4,0.59,1,77.872
32218,00032218.jpg,1785610382945220096,9.919,11.912,78.088,17,60,1385.0,0.61,1,78.088
32219,00032219.jpg,1785610382977794048,9.923,12.302,77.698,17,60,1430.9,0.79,1,77.698
32220,00032220.jpg,1785610383011029760,9.902,12.188,77.812,12,57,1480.9,0.64,1,77.812
32221,00032221.jpg,1785610383044047104,9.918,11.858,78.142,12,59,1496.2,0.61,1,78.142
32222,00032222.jpg,1785610383078118144,9.919,11.584,78.416,14,60,1478.9,0.54,1,78.416
32223,00032223.jpg,1785610383111679232,9.921,11.589,78.411,12,63,1510.9,0.86,1,78.411
32224,00032224.jpg,1785610383144577792,9.908,11.302,78.698,14,61,1498.5,0.78,1,78.698
32225,00032225.jpg,1785610383178248448,9.899,11.264,78.736,13,56,1484.0,0.82,1,78.736
32226,00032226.jpg,1785610383211871744,9.889,11.38,78.62,14,56,1449.3,0.91,1,78.62
32227,00032227.jpg,1785610383243923712,9.886,11.498,78.502,13,58,1421.9,0.87,1,78.502
32228,00032228.jpg,1785610383278425856,9.886,11.367,78.633,13,67,1464.2,1.05,1,78.633
32229,00032229.jpg,1785610383310812160,9.886,11.467,78.533,20,64,1460.7,0.67,1,78.533
32230,00032230.jpg,1785610383344236800,9.886,11.442,78.558,20,67,1458.4,0.63,1,78.558
32231,00032231.jpg,1785610383378420992,9.888,11.331,78.669,19,59,1397.2,0.8,1,78.669
32232,00032232.jpg,1785610383410318592,9.888,11.201,78.799,16,60,1388.0,0.84,1,78.799
32233,00032233.jpg,1785610383443814656,9.894,11.363,78.637,23,67,1420.5,0.66,1,78.637
32234,00032234.jpg,1785610383478251008,9.896,11.702,78.298,23,68,1434.1,0.35,1,78.298
32235,00032235.jpg,1785610383511770112,9.894,11.865,78.135,15,64,1421.1,0.48,1,78.135
32236,00032236.jpg,1785610383545905152,9.902,11.513,78.487,17,69,1473.7,0.44,1,78.487
32237,00032237.jpg,1785610383578955520,9.9,11.274,78.726,15,60,1448.2,0.95,1,78.726
32238,00032238.jpg,1785610383612163072,9.898,11.376,78.624,18,59,1409.9,0.84,1,78.624
32239,00032239.jpg,1785610383645015552,9.894,11.05,78.95,15,61,1454.5,0.92,1,78.95
32240,00032240.jpg,1785610383677891840,9.891,11.006,78.994,18,63,1434.4,1.09,1,78.994
32241,00032241.jpg,1785610383710099712,9.889,11.1,78.9,16,69,1461.1,0.7,1,78.9
32242,00032242.jpg,1785610383744494080,9.889,10.86,79.14,19,71,1438.6,0.81,1,79.14
32243,00032243.jpg,1785610383777906432,9.889,11.127,78.873,17,60,1389.7,0.93,1,78.873
32244,00032244.jpg,1785610383811759616,9.889,10.865,79.135,17,70,1424.4,0.91,1,79.135
32245,00032245.jpg,1785610383844331520,9.888,11.232,78.768,17,61,1392.9,0.88,1,78.768
32246,00032246.jpg,1785610383879649792,9.889,11.11,78.89,17,64,1391.4,0.96,1,78.89
32247,00032247.jpg,1785610383910755584,9.889,11.319,78.681,17,63,1388.0,0.84,1,78.681
32248,00032248.jpg,1785610383943929088,9.889,11.108,78.892,15,60,1363.8,0.87,1,78.892
32249,00032249.jpg,1785610383977345024,9.889,11.216,78.784,17,67,1413.0,0.75,1,78.784
32250,00032250.jpg,1785610384010841088,9.889,10.91,79.09,20,63,1389.8,0.66,1,79.09
32251,00032251.jpg,1785610384044389888,9.889,11.279,78.721,17,59,1376.0,1.03,1,78.721
32252,00032252.jpg,1785610384077348864,9.888,10.924,79.076,18,65,1411.3,1.03,1,79.076
32253,00032253.jpg,1785610384111163136,9.888,10.898,79.102,15,64,1381.2,0.74,1,79.102
32254,00032254.jpg,1785610384147446016,9.888,10.771,79.229,20,65,1390.0,0.67,1,79.229
32255,00032255.jpg,1785610384177593088,9.888,10.888,79.112,19,64,1391.4,0.95,1,79.112
32256,00032256.jpg,1785610384211011072,9.89,11.151,78.849,17,71,1385.1,0.76,1,78.849
32257,00032257.jpg,1785610384244654080,9.902,10.562,79.438,20,63,1351.8,1.39,1,79.438
32258,00032258.jpg,1785610384278231552,9.902,10.463,79.537,15,71,1378.8,1.63,1,79.537
32259,00032259.jpg,1785610384310699008,9.893,10.341,79.659,15,71,1375.8,1.49,1,79.659
32260,00032260.jpg,1785610384343554816,9.901,10.917,79.083,13,59,1337.9,0.98,1,79.083
32261,00032261.jpg,1785610384377409024,9.9,11.078,78.922,14,61,1337.2,0.58,1,78.922
32262,00032262.jpg,1785610384410263296,9.903,11.349,78.651,13,64,1339.0,0.57,1,78.651
32263,00032263.jpg,1785610384444003328,9.9,11.494,78.506,14,62,1371.0,0.53,1,78.506
32264,00032264.jpg,1785610384478286080,9.893,11.278,78.722,14,55,1343.0,0.5,1,78.722
32265,00032265.jpg,1785610384513411072,9.889,11.662,78.338,14,60,1358.0,0.6,1,78.338
32266,00032266.jpg,1785610384544222976,9.887,11.185,78.815,14,61,1353.9,0.71,1,78.815
32267,00032267.jpg,1785610384578396416,9.887,11.382,78.618,14,63,1349.8,0.59,1,78.618
32268,00032268.jpg,1785610384610497280,9.887,11.172,78.828,12,62,1346.7,0.31,1,78.828
32269,00032269.jpg,1785610384647315456,9.886,11.466,78.534,11,58,1334.1,0.48,1,78.534
32270,00032270.jpg,1785610384678093056,9.887,11.348,78.652,11,62,1359.9,0.49,1,78.652
32271,00032271.jpg,1785610384711012608,9.887,11.523,78.477,10,56,1362.4,0.39,1,78.477
32272,00032272.jpg,1785610384744064000,9.887,11.413,78.587,11,61,1361.1,0.68,1,78.587
32273,00032273.jpg,1785610384777393408,9.887,11.612,78.388,12,56,1348.8,0.63,1,78.388
32274,00032274.jpg,1785610384810682112,9.887,11.479,78.521,10,55,1324.9,0.67,1,78.521
32275,00032275.jpg,1785610384844710656,9.887,11.506,78.494,10,55,1328.8,0.64,1,78.494
32276,00032276.jpg,1785610384877241856,9.887,11.497,78.503,12,62,1355.1,0.56,1,78.503
32277,00032277.jpg,1785610384910993152,9.887,11.526,78.474,14,57,1318.2,0.54,1,78.474
32278,00032278.jpg,1785610384944555008,9.887,11.527,78.473,11,54,1349.0,0.84,1,78.473
32279,00032279.jpg,1785610384977926912,9.887,11.395,78.605,16,61,1358.8,0.57,1,78.605
32280,00032280.jpg,1785610385011106816,9.886,11.374,78.626,13,65,1383.6,0.6,1,78.626
32281,00032281.jpg,1785610385043869184,9.886,11.317,78.683,15,68,1372.3,0.48,1,78.683
32282,00032282.jpg,1785610385078327040,9.886,11.374,78.626,18,70,1384.1,0.75,1,78.626
32283,00032283.jpg,1785610385110196992,9.886,11.331,78.669,16,72,1384.0,0.61,1,78.669
32284,00032284.jpg,1785610385146616064,9.886,11.276,78.724,14,65,1373.4,0.7,1,78.724
32285,00032285.jpg,1785610385178504704,9.886,11.276,78.724,12,59,1348.9,0.58,1,78.724
32286,00032286.jpg,1785610385210669056,9.886,11.316,78.684,12,58,1315.8,0.5,1,78.684
32287,00032287.jpg,1785610385244637696,9.885,11.324,78.676,13,64,1359.2,0.59,1,78.676
32288,00032288.jpg,1785610385277717504,9.885,11.347,78.653,18,63,1331.0,0.52,1,78.653
32289,00032289.jpg,1785610385310697216,9.885,11.307,78.693,17,71,1365.8,0.6,1,78.693
32290,00032290.jpg,1785610385344700416,9.885,11.378,78.622,19,75,1374.1,0.55,1,78.622
32291,00032291.jpg,1785610385378060032,9.885,11.222,78.778,16,65,1324.2,0.71,1,78.778
32292,00032292.jpg,1785610385412781824,9.885,11.429,78.571,16,61,1325.5,0.61,1,78.571
32293,00032293.jpg,1785610385444432896,9.892,11.517,78.483,14,65,1371.8,0.69,1,78.483
32294,00032294.jpg,1785610385477728000,9.892,11.401,78.599,17,69,1326.3,0.58,1,78.599
32295,00032295.jpg,1785610385510345728,9.917,11.653,78.347,20,72,1249.2,0.63,1,78.347
32296,00032296.jpg,1785610385544872192,9.968,12.119,77.881,16,56,1131.8,0.79,1,77.881
32297,00032297.jpg,1785610385578069504,9.983,11.981,78.019,22,64,954.7,0.95,1,78.019
32298,00032298.jpg,1785610385611605504,9.996,12.114,77.886,16,51,791.9,1.38,1,77.886
32299,00032299.jpg,1785610385646439424,10.065,12.718,77.282,14,44,654.4,1.6,1,77.282
32300,00032300.jpg,1785610385677996288,10.132,12.294,77.706,12,45,700.5,1.27,1,77.706
32301,00032301.jpg,1785610385710883072,10.266,12.918,77.082,11,37,714.2,1.7,1,77.082
32302,00032302.jpg,1785610385744265984,10.406,13.177,76.823,13,38,669.9,1.08,1,76.823
32303,00032303.jpg,1785610385777303552,10.517,12.915,77.085,13,39,520.3,1.58,1,77.085
32304,00032304.jpg,1785610385811497472,10.731,12.095,77.905,15,37,351.8,1.47,1,77.905
32305,00032305.jpg,1785610385844564736,10.943,12.45,77.55,14,30,344.2,0.66,1,77.55
32306,00032306.jpg,1785610385879236864,11.091,12.294,77.706,11,33,347.0,1.0,1,77.706
32307,00032307.jpg,1785610385910537728,11.381,12.328,77.672,12,34,331.6,1.26,1,77.672
32308,00032308.jpg,1785610385944812032,11.528,10.643,79.357,10,28,317.5,1.54,1,79.357
32309,00032309.jpg,1785610385977969920,11.456,10.919,79.081,13,41,413.5,1.14,1,79.081
32310,00032310.jpg,1785610386013799424,11.056,11.297,78.703,11,39,394.0,0.94,1,78.703
32311,00032311.jpg,1785610386044632320,10.62,10.288,79.712,11,39,394.7,1.18,1,79.712
32312,00032312.jpg,1785610386077892352,10.392,9.762,80.238,14,48,525.4,1.2,1,80.238
32313,00032313.jpg,1785610386110206464,9.997,10.499,79.501,14,47,670.1,1.02,1,79.501
32314,00032314.jpg,1785610386144719360,9.747,10.753,79.247,14,52,809.7,0.72,1,79.247
32315,00032315.jpg,1785610386177981696,9.792,10.438,79.562,14,55,918.5,0.69,1,79.562
32316,00032316.jpg,1785610386210337024,9.767,10.311,79.689,14,56,1015.6,0.86,1,79.689
32317,00032317.jpg,1785610386245588480,9.755,10.372,79.628,11,50,975.4,0.6,1,79.628
32318,00032318.jpg,1785610386278032640,9.819,10.532,79.468,13,53,994.3,0.77,1,79.468
32319,00032319.jpg,1785610386310485760,9.833,10.613,79.387,13,54,993.7,0.66,1,79.387
32320,00032320.jpg,1785610386343880704,9.842,10.651,79.349,12,56,1011.5,0.68,1,79.349
32321,00032321.jpg,1785610386380345600,9.877,10.129,79.871,11,52,1026.8,1.07,1,79.871
32322,00032322.jpg,1785610386410840832,9.885,10.749,79.251,12,58,1038.9,0.55,1,79.251
32323,00032323.jpg,1785610386444378112,9.89,10.71,79.29,12,50,1021.7,0.53,1,79.29
32324,00032324.jpg,1785610386478229504,9.902,10.221,79.779,12,55,1013.0,0.83,1,79.779
32325,00032325.jpg,1785610386510995456,9.909,10.593,79.407,14,52,1037.6,0.75,1,79.407
32326,00032326.jpg,1785610386544146688,9.912,10.964,79.036,13,59,1060.7,0.37,1,79.036
32327,00032327.jpg,1785610386577274368,9.918,10.492,79.508,10,52,1044.9,0.64,1,79.508
32328,00032328.jpg,1785610386610865920,9.92,10.702,79.298,15,70,1105.4,0.75,1,79.298
32329,00032329.jpg,1785610386644000256,9.922,10.505,79.495,13,60,1092.7,0.5,1,79.495
32330,00032330.jpg,1785610386677314048,9.924,10.838,79.162,13,56,1100.8,0.68,1,79.162
32331,00032331.jpg,1785610386711595776,9.925,10.882,79.118,14,67,1118.6,0.73,1,79.118
32332,00032332.jpg,1785610386744618496,9.926,10.784,79.216,13,63,1087.6,0.73,1,79.216
32333,00032333.jpg,1785610386778760960,9.927,10.8,79.2,15,66,1136.8,0.78,1,79.2
32334,00032334.jpg,1785610386811280128,9.928,10.579,79.421,15,67,1132.2,0.74,1,79.421
32335,00032335.jpg,1785610386844312320,9.929,10.971,79.029,13,65,1158.7,0.52,1,79.029
32336,00032336.jpg,1785610386877724160,9.929,10.539,79.461,14,69,1190.5,0.83,1,79.461
32337,00032337.jpg,1785610386910520832,9.93,10.958,79.042,15,63,1213.2,0.54,1,79.042
32338,00032338.jpg,1785610386943331840,9.931,10.537,79.463,14,68,1287.3,0.61,1,79.463
32339,00032339.jpg,1785610386978686720,9.931,10.6,79.4,14,61,1309.8,0.7,1,79.4
32340,00032340.jpg,1785610387013696000,9.932,10.346,79.654,14,63,1334.0,0.69,1,79.654
32341,00032341.jpg,1785610387045556224,9.932,10.913,79.087,15,66,1364.8,0.57,1,79.087
32342,00032342.jpg,1785610387077486592,9.932,10.664,79.336,13,59,1356.7,0.46,1,79.336
32343,00032343.jpg,1785610387110531840,9.933,11.163,78.837,18,74,1413.4,0.69,1,78.837
32344,00032344.jpg,1785610387143794688,9.933,10.87,79.13,15,71,1437.9,0.57,1,79.13
32345,00032345.jpg,1785610387178251520,9.934,10.876,79.124,16,65,1453.6,0.74,1,79.124
32346,00032346.jpg,1785610387210747648,9.934,10.915,79.085,21,69,1480.5,0.41,1,79.085
32347,00032347.jpg,1785610387243297024,9.935,10.479,79.521,16,67,1489.8,0.62,1,79.521
32348,00032348.jpg,1785610387278197504,9.935,10.731,79.269,15,67,1496.6,0.52,1,79.269
32349,00032349.jpg,1785610387311066112,9.935,11.107,78.893,18,73,1507.2,0.67,1,78.893
32350,00032350.jpg,1785610387344733952,9.936,10.877,79.123,14,64,1465.7,0.7,1,79.123
32351,00032351.jpg,1785610387376722688,9.936,10.668,79.332,14,61,1451.7,0.61,1,79.332
32352,00032352.jpg,1785610387410734336,9.937,10.671,79.329,15,64,1447.3,0.61,1,79.329
32353,00032353.jpg,1785610387444225280,9.937,10.748,79.252,17,72,1466.9,0.65,1,79.252
32354,00032354.jpg,1785610387478400768,9.937,10.734,79.266,19,70,1438.7,0.69,1,79.266
32355,00032355.jpg,1785610387514018304,9.938,10.817,79.183,17,67,1439.9,0.44,1,79.183
32356,00032356.jpg,1785610387544011008,9.938,10.751,79.249,18,71,1439.1,0.83,1,79.249
32357,00032357.jpg,1785610387577185024,9.938,10.834,79.166,17,64,1424.4,0.87,1,79.166
32358,00032358.jpg,1785610387610559744,9.982,10.591,79.409,17,67,1400.6,0.97,1,79.409
32359,00032359.jpg,1785610387644867584,10.31,10.828,79.172,16,76,1391.7,0.67,1,79.172
32360,00032360.jpg,1785610387677579008,10.762,10.897,79.103,17,61,1337.7,0.91,1,79.103
32361,00032361.jpg,1785610387710892288,11.594,10.947,79.053,16,68,1335.6,0.76,1,79.053
32362,00032362.jpg,1785610387744384512,12.617,10.849,79.151,17,69,1323.8,0.71,1,79.151
32363,00032363.jpg,1785610387778023680,13.564,10.969,79.031,18,74,1307.8,0.55,1,79.031
32364,00032364.jpg,1785610387810351360,14.668,10.943,79.057,17,69,1300.4,0.7,1,79.057
32365,00032365.jpg,1785610387845696512,15.956,11.115,78.885,18,75,1314.5,0.47,1,78.885
32366,00032366.jpg,1785610387882490112,17.016,10.679,79.321,18,69,1299.7,0.72,1,79.321
32367,00032367.jpg,1785610387911321856,18.131,10.803,79.197,18,74,1295.3,0.66,1,79.197
32368,00032368.jpg,1785610387944132608,19.397,10.684,79.316,17,67,1280.9,0.76,1,79.316
32369,00032369.jpg,1785610387977482496,20.297,10.835,79.165,21,77,1307.5,0.66,1,79.165
32370,00032370.jpg,1785610388010857216,20.812,10.774,79.226,22,82,1329.1,0.58,1,79.226
32371,00032371.jpg,1785610388044390400,4.862,10.99,79.01,21,72,1263.1,0.58,1,79.01
32372,00032372.jpg,1785610388078736128,2.064,10.907,79.093,18,69,1275.0,0.56,1,79.093
32373,00032373.jpg,1785610388110454272,4.178,11.068,78.932,22,77,1309.0,0.62,1,78.932
32374,00032374.jpg,1785610388143726336,6.407,10.691,79.309,18,69,1274.5,0.7,1,79.309
32375,00032375.jpg,1785610388178649600,7.908,10.947,79.053,19,66,1277.4,0.44,1,79.053
32376,00032376.jpg,1785610388209936896,8.753,10.914,79.086,15,66,1245.4,0.43,1,79.086
32377,00032377.jpg,1785610388244594688,9.209,10.903,79.097,15,69,1265.0,0.57,1,79.097
32378,00032378.jpg,1785610388277277696,9.445,10.969,79.031,16,65,1252.3,0.72,1,79.031
32379,00032379.jpg,1785610388311081472,9.57,11.041,78.959,14,66,1273.8,0.72,1,78.959
32380,00032380.jpg,1785610388344837888,9.646,11.093,78.907,17,69,1304.6,1.11,1,78.907
32381,00032381.jpg,1785610388382130688,9.651,11.084,78.916,19,74,1321.9,1.12,1,78.916
32382,00032382.jpg,1785610388411379456,9.676,10.742,79.258,15,62,1366.7,0.63,1,79.258
32383,00032383.jpg,1785610388443333376,9.682,10.402,79.598,16,64,1333.0,0.68,1,79.598
32384,00032384.jpg,1785610388478103296,9.679,10.143,79.857,13,58,1280.1,0.8,1,79.857
32385,00032385.jpg,1785610388511500800,9.721,10.269,79.731,13,57,1234.8,0.87,1,79.731
32386,00032386.jpg,1785610388545186560,10.044,10.453,79.547,14,62,1282.1,0.81,1,79.547
32387,00032387.jpg,1785610388578751232,10.486,10.253,79.747,15,65,1262.9,1.14,1,79.747
32388,00032388.jpg,1785610388610348288,11.254,10.223,79.777,17,64,1269.1,0.63,1,79.777
32389,00032389.jpg,1785610388644815104,11.973,10.388,79.612,15,68,1251.4,0.61,1,79.612
32390,00032390.jpg,1785610388678708480,12.337,10.585,79.415,15,65,1228.9,0.73,1,79.415
32391,00032391.jpg,1785610388711451904,8.761,10.438,79.562,11,44,924.2,0.67,1,79.562
32392,00032392.jpg,1785610388745494528,7.707,10.277,79.723,12,54,1129.5,0.71,1,79.723
32393,00032393.jpg,1785610388777786624,8.193,10.156,79.844,16,52,926.5,0.71,1,79.844
32394,00032394.jpg,1785610388811164672,8.775,10.314,79.686,14,58,1058.8,0.85,1,79.686
32395,00032395.jpg,1785610388843767296,9.18,10.26,79.74,12,55,894.9,1.11,1,79.74
32396,00032396.jpg,1785610388878422784,9.417,10.492,79.508,10,38,814.2,0.65,1,79.508
32397,00032397.jpg,1785610388910604800,9.543,10.112,79.888,12,36,796.6,0.76,1,79.888
32398,00032398.jpg,1785610388943731200,9.608,10.726,79.274,7,33,772.9,0.61,1,79.274
32399,00032399.jpg,1785610388978697728,9.642,10.207,79.793,8,39,755.3,0.4,1,79.793
32400,00032400.jpg,1785610389012486144,9.659,10.468,79.532,8,36,736.2,0.58,1,79.532
32401,00032401.jpg,1785610389044451328,9.674,10.68,79.32,6,28,627.4,0.53,1,79.32
32402,00032402.jpg,1785610389077908992,9.68,11.062,78.938,6,27,585.6,0.55,1,78.938
32403,00032403.jpg,1785610389110464000,9.707,10.818,79.182,6,17,528.4,0.9,1,79.182
32404,00032404.jpg,1785610389144145920,9.758,11.945,78.055,4,18,462.8,0.57,1,78.055
32405,00032405.jpg,1785610389177888512,9.687,12.241,77.759,5,23,509.4,0.52,1,77.759
32406,00032406.jpg,1785610389210055936,9.718,11.023,78.977,3,14,411.8,0.3,1,78.977
32407,00032407.jpg,1785610389243514624,9.735,9.939,80.061,2,8,316.1,0.92,1,80.061
32408,00032408.jpg,1785610389277223936,9.74,9.896,80.104,5,12,289.1,0.9,1,80.104
32409,00032409.jpg,1785610389310677760,9.746,9.261,80.739,4,11,245.5,1.49,1,80.739
32410,00032410.jpg,1785610389345181440,9.704,6.066,83.934,5,10,114.9,1.82,1,83.934
32411,00032411.jpg,1785610389377953024,9.692,10.108,79.892,4,11,87.3,1.26,1,79.892
32412,00032412.jpg,1785610389410163456,9.682,8.324,81.676,6,17,129.4,0.94,1,81.676
32413,00032413.jpg,1785610389444361216,9.673,8.975,81.025,7,21,158.7,2.35,1,81.025
32414,00032414.jpg,1785610389477246720,9.677,9.231,80.769,10,32,253.2,2.34,1,80.769
32415,00032415.jpg,1785610389512691712,9.677,7.736,82.264,15,44,502.9,2.35,1,82.264
32416,00032416.jpg,1785610389543945728,9.164,7.854,82.146,14,46,561.0,2.95,1,82.146
32417,00032417.jpg,1785610389577506304,8.471,8.583,81.417,14,47,633.1,2.71,1,81.417
32418,00032418.jpg,1785610389611431424,7.173,8.781,81.219,14,57,798.7,2.64,1,81.219
32419,00032419.jpg,1785610389645964032,4.903,8.874,81.126,15,59,820.9,2.89,1,81.126
32420,00032420.jpg,1785610389678909440,4.501,9.332,80.668,16,62,1027.4,2.3,1,80.668
32421,00032421.jpg,1785610389711355648,4.32,8.258,81.742,16,59,987.8,2.82,1,81.742
32422,00032422.jpg,1785610389744317184,7.602,8.899,81.101,18,59,951.5,2.36,1,81.101
32423,00032423.jpg,1785610389778062592,8.908,9.296,80.704,19,58,901.2,1.72,1,80.704
32424,00032424.jpg,1785610389810103808,9.471,9.916,80.084,20,57,923.5,1.16,1,80.084
32425,00032425.jpg,1785610389843731200,9.733,10.71,79.29,19,56,924.4,0.81,1,79.29
32426,00032426.jpg,1785610389878646784,9.805,10.43,79.57,14,54,947.7,0.78,1,79.57
32427,00032427.jpg,1785610389910090240,9.86,10.161,79.839,15,53,873.1,1.19,1,79.839
32428,00032428.jpg,1785610389944403712,9.84,9.636,80.364,13,53,884.1,2.07,1,80.364
32429,00032429.jpg,1785610389978612224,9.454,8.925,81.075,14,54,877.8,2.29,1,81.075
32430,00032430.jpg,1785610390010845696,7.976,9.095,80.905,14,57,887.4,2.06,1,80.905
32431,00032431.jpg,1785610390043812608,6.023,8.702,81.298,14,55,884.7,2.72,1,81.298
32432,00032432.jpg,1785610390078187520,5.2,8.728,81.272,16,55,904.4,2.34,1,81.272
32433,00032433.jpg,1785610390110565120,3.927,9.07,80.93,14,53,859.1,2.43,1,80.93
32434,00032434.jpg,1785610390147004672,3.106,9.054,80.946,18,64,945.0,2.87,1,80.946
32435,00032435.jpg,1785610390178900480,3.476,8.672,81.328,15,58,906.4,2.74,1,81.328
32436,00032436.jpg,1785610390210288640,7.009,8.948,81.052,17,62,951.6,2.54,1,81.052
32437,00032437.jpg,1785610390244171776,8.606,8.949,81.051,18,60,920.7,2.48,1,81.051
32438,00032438.jpg,1785610390277345792,9.349,9.361,80.639,15,59,906.3,2.54,1,80.639
32439,00032439.jpg,1785610390310298112,9.655,9.05,80.95,15,58,886.8,2.56,1,80.95
32440,00032440.jpg,1785610390343941888,9.79,9.011,80.989,19,58,860.1,2.35,1,80.989
32441,00032441.jpg,1785610390378578688,9.847,9.613,80.387,16,61,853.7,2.15,1,80.387
32442,00032442.jpg,1785610390410799616,9.667,9.147,80.853,14,61,898.5,2.52,1,80.853
32443,00032443.jpg,1785610390443971840,7.993,9.345,80.655,24,69,950.2,2.18,1,80.655
32444,00032444.jpg,1785610390478323712,6.892,9.709,80.291,13,57,894.8,1.97,1,80.291
32445,00032445.jpg,1785610390509946368,5.302,9.321,80.679,20,62,897.1,2.22,1,80.679
32446,00032446.jpg,1785610390544666624,3.844,9.195,80.805,19,68,928.5,2.41,1,80.805
32447,00032447.jpg,1785610390577592064,3.444,9.107,80.893,25,69,965.1,2.18,1,80.893
32448,00032448.jpg,1785610390610842112,3.376,10.09,79.91,17,59,938.1,1.39,1,79.91
32449,00032449.jpg,1785610390644517632,7.073,8.963,81.037,23,57,917.9,2.2,1,81.037
32450,00032450.jpg,1785610390678463488,8.685,9.498,80.502,24,70,979.1,1.83,1,80.502
32451,00032451.jpg,1785610390710299904,9.402,9.402,80.598,19,70,982.1,1.83,1,80.598
32452,00032452.jpg,1785610390743552000,9.731,9.38,80.62,25,71,974.0,2.22,1,80.62
32453,00032453.jpg,1785610390777036288,9.868,9.686,80.314,25,76,1007.7,1.72,1,80.314
32454,00032454.jpg,1785610390810737152,9.92,9.58,80.42,18,67,969.8,1.71,1,80.42
32455,00032455.jpg,1785610390843771648,9.944,11.147,78.853,24,74,945.6,1.33,1,78.853
32456,00032456.jpg,1785610390878422784,9.951,10.921,79.079,19,55,864.6,1.47,1,79.079
32457,00032457.jpg,1785610390912832000,9.953,10.992,79.008,21,56,836.2,1.41,1,79.008
32458,00032458.jpg,1785610390944110592,9.954,11.165,78.835,21,67,914.8,1.41,1,78.835
32459,00032459.jpg,1785610390977363200,9.954,11.227,78.773,25,70,895.4,1.46,1,78.773
32460,00032460.jpg,1785610391010434560,9.953,11.308,78.692,30,78,938.3,1.28,1,78.692
32461,00032461.jpg,1785610391044139264,9.952,10.035,79.965,22,78,1010.0,2.09,1,79.965
32462,00032462.jpg,1785610391078309120,9.952,11.078,78.922,26,80,1022.3,1.41,1,78.922
32463,00032463.jpg,1785610391110192896,9.951,10.192,79.808,25,79,997.8,1.91,1,79.808
32464,00032464.jpg,1785610391144812032,9.95,9.945,80.055,23,76,1022.2,1.92,1,80.055
32465,00032465.jpg,1785610391177895936,9.95,10.229,79.771,23,71,1025.9,2.35,1,79.771
32466,00032466.jpg,1785610391210123776,9.949,10.209,79.791,24,77,1050.3,1.75,1,79.791
32467,00032467.jpg,1785610391244349184,9.949,9.638,80.362,15,65,1023.5,2.33,1,80.362
32468,00032468.jpg,1785610391277551104,9.948,10.287,79.713,20,61,967.8,1.76,1,79.713
32469,00032469.jpg,1785610391310836480,9.948,10.704,79.296,29,72,946.3,1.49,1,79.296
32470,00032470.jpg,1785610391344239616,9.948,10.807,79.193,25,70,873.7,1.51,1,79.193
32471,00032471.jpg,1785610391377754624,9.947,10.712,79.288,24,70,804.5,1.88,1,79.288
32472,00032472.jpg,1785610391413256704,9.947,11.006,78.994,25,58,619.4,1.6,1,78.994
32473,00032473.jpg,1785610391444283392,9.946,11.048,78.952,20,60,660.9,1.97,1,78.952
32474,00032474.jpg,1785610391477872384,9.946,11.113,78.887,18,50,683.2,1.43,1,78.887
32475,00032475.jpg,1785610391509881856,9.945,10.28,79.72,20,54,791.9,1.61,1,79.72
32476,00032476.jpg,1785610391545635584,9.945,10.348,79.652,27,68,835.3,1.98,1,79.652
32477,00032477.jpg,1785610391579390976,9.945,10.01,79.99,25,75,971.0,2.11,1,79.99
32478,00032478.jpg,1785610391610180608,9.944,10.86,79.14,28,81,990.0,1.39,1,79.14
32479,00032479.jpg,1785610391643523840,9.944,10.806,79.194,18,70,1049.4,1.51,1,79.194
32480,00032480.jpg,1785610391682337536,9.943,10.442,79.558,20,69,1018.3,1.23,1,79.558
32481,00032481.jpg,1785610391709494272,9.943,10.654,79.346,23,75,1061.5,1.58,1,79.346
32482,00032482.jpg,1785610391744071168,9.943,10.83,79.17,23,77,1069.1,1.1,1,79.17
32483,00032483.jpg,1785610391779386624,9.942,10.202,79.798,22,78,1066.1,1.57,1,79.798
32484,00032484.jpg,1785610391809808384,9.942,10.538,79.462,21,75,1073.2,1.66,1,79.462
32485,00032485.jpg,1785610391845377792,9.942,10.344,79.656,25,94,1183.7,1.72,1,79.656
32486,00032486.jpg,1785610391877151744,9.941,10.909,79.091,21,87,1129.8,1.24,1,79.091
32487,00032487.jpg,1785610391910448640,9.941,10.929,79.071,22,78,1106.8,1.22,1,79.071
32488,00032488.jpg,1785610391943795200,9.941,10.885,79.115,23,86,1181.0,1.42,1,79.115
32489,00032489.jpg,1785610391978328832,9.94,10.324,79.676,24,97,1210.6,1.51,1,79.676
32490,00032490.jpg,1785610392010589696,9.94,10.526,79.474,17,77,1190.7,1.4,1,79.474
32491,00032491.jpg,1785610392045677312,9.939,10.788,79.212,23,92,1237.9,1.38,1,79.212
32492,00032492.jpg,1785610392077090816,9.939,10.285,79.715,21,89,1228.6,1.54,1,79.715
32493,00032493.jpg,1785610392110724608,9.939,10.319,79.681,21,96,1271.3,1.54,1,79.681
32494,00032494.jpg,1785610392144163584,9.938,10.75,79.25,19,91,1245.0,1.32,1,79.25
32495,00032495.jpg,1785610392178035712,9.938,10.686,79.314,21,86,1249.8,1.28,1,79.314
32496,00032496.jpg,1785610392210777344,9.938,11.372,78.628,24,83,1230.5,1.14,1,78.628
32497,00032497.jpg,1785610392244384768,9.939,11.012,78.988,22,89,1222.9,1.17,1,78.988
32498,00032498.jpg,1785610392277890816,9.942,10.949,79.051,20,80,1183.4,1.57,1,79.051
32499,00032499.jpg,1785610392309643008,9.959,10.335,79.665,21,87,1197.3,1.74,1,79.665
32500,00032500.jpg,1785610392344202496,9.995,9.654,80.346,17,84,1235.6,1.69,1,80.346
32501,00032501.jpg,1785610392378808832,10.007,9.574,80.426,18,76,1213.4,2.32,1,80.426
32502,00032502.jpg,1785610392411603968,10.062,8.876,81.124,18,74,1189.5,3.36,1,81.124
32503,00032503.jpg,1785610392443806720,10.067,9.31,80.69,17,73,1182.7,2.67,1,80.69
32504,00032504.jpg,1785610392477432576,10.121,9.128,80.872,16,71,1057.3,2.48,1,80.872
32505,00032505.jpg,1785610392510813952,10.174,9.046,80.954,14,59,967.3,2.12,1,80.954
32506,00032506.jpg,1785610392544502272,10.297,10.208,79.792,14,58,930.6,1.56,1,79.792
32507,00032507.jpg,1785610392579361024,10.354,11.815,78.185,15,57,853.0,1.47,1,78.185
32508,00032508.jpg,1785610392610636032,10.408,11.964,78.036,13,49,753.8,1.19,1,78.036
32509,00032509.jpg,1785610392643305984,10.58,11.971,78.029,11,43,673.5,1.85,1,78.029
32510,00032510.jpg,1785610392682612224,10.875,12.482,77.518,11,40,690.2,1.5,1,77.518
32511,00032511.jpg,1785610392711744000,11.563,11.598,78.402,12,46,754.3,1.27,1,78.402
32512,00032512.jpg,1785610392744049152,12.497,11.8,78.2,11,46,806.2,1.05,1,78.2
32513,00032513.jpg,1785610392778890240,13.378,11.984,78.016,11,44,807.7,1.56,1,78.016
32514,00032514.jpg,1785610392810093312,14.092,12.632,77.368,14,46,824.0,1.49,1,77.368
32515,00032515.jpg,1785610392843648256,11.174,11.539,78.461,13,49,831.3,1.18,1,78.461
32516,00032516.jpg,1785610392877055744,7.106,12.128,77.872,12,48,823.7,1.16,1,77.872
32517,00032517.jpg,1785610392909245952,7.894,11.761,78.239,17,55,865.2,0.84,1,78.239
32518,00032518.jpg,1785610392945085184,10.392,11.714,78.286,16,59,970.4,1.23,1,78.286
32519,00032519.jpg,1785610392977366016,11.353,11.571,78.429,15,63,987.8,0.86,1,78.429
32520,00032520.jpg,1785610393010314496,12.042,11.935,78.065,14,61,976.2,0.64,1,78.065
32521,00032521.jpg,1785610393044578560,12.577,11.577,78.423,20,71,1085.4,0.77,1,78.423
32522,00032522.jpg,1785610393077474304,10.491,11.777,78.223,17,69,1088.3,0.88,1,78.223
32523,00032523.jpg,1785610393110766080,7.974,11.413,78.587,16,70,1146.0,1.01,1,78.587
32524,00032524.jpg,1785610393144139776,8.16,11.455,78.545,18,70,1120.3,0.91,1,78.545
32525,00032525.jpg,1785610393179283456,8.788,11.19,78.81,19,73,1150.4,0.98,1,78.81
32526,00032526.jpg,1785610393210424832,9.414,11.503,78.497,20,82,1240.2,1.35,1,78.497
32527,00032527.jpg,1785610393244749312,10.292,11.454,78.546,15,65,1218.0,0.97,1,78.546
32528,00032528.jpg,1785610393277935616,36.083,11.382,78.618,15,73,1252.6,0.98,1,78.618
32529,00032529.jpg,1785610393310040576,12.319,10.378,79.622,16,79,1300.4,1.4,1,79.622
32530,00032530.jpg,1785610393343768576,12.915,10.937,79.063,16,76,1293.2,1.19,1,79.063
32531,00032531.jpg,1785610393378307840,13.653,10.617,79.383,17,76,1279.9,0.78,1,79.383
32532,00032532.jpg,1785610393412499712,14.726,10.971,79.029,14,73,1252.2,1.31,1,79.029
32533,00032533.jpg,1785610393443857664,15.819,10.854,79.146,19,85,1308.3,1.18,1,79.146
32534,00032534.jpg,1785610393478259456,16.825,10.26,79.74,20,86,1341.1,1.53,1,79.74
32535,00032535.jpg,1785610393510659840,17.599,10.855,79.145,15,73,1268.4,1.41,1,79.145
32536,00032536.jpg,1785610393547096832,9.992,10.779,79.221,20,84,1291.9,1.14,1,79.221
32537,00032537.jpg,1785610393577663232,4.217,10.72,79.28,19,93,1281.8,1.19,1,79.28
32538,00032538.jpg,1785610393609253376,4.99,11.025,78.975,18,80,1243.2,1.1,1,78.975
32539,00032539.jpg,1785610393644929792,6.775,10.648,79.352,19,78,1220.1,1.28,1,79.352
32540,00032540.jpg,1785610393679749120,8.165,10.63,79.37,20,80,1214.2,0.91,1,79.37
32541,00032541.jpg,1785610393710073088,8.895,10.611,79.389,21,85,1134.6,1.03,1,79.389
32542,00032542.jpg,1785610393744352256,9.339,10.758,79.242,23,86,1075.1,1.13,1,79.242
32543,00032543.jpg,1785610393777173504,9.567,10.756,79.244,23,79,1031.3,1.09,1,79.244
32544,00032544.jpg,1785610393810049280,9.677,11.096,78.904,20,75,1014.5,1.44,1,78.904
32545,00032545.jpg,1785610393844218880,9.733,10.639,79.361,21,75,1011.2,1.32,1,79.361
32546,00032546.jpg,1785610393878908416,9.76,11.095,78.905,18,64,971.9,1.45,1,78.905
32547,00032547.jpg,1785610393910311424,9.771,11.734,78.266,20,67,1017.5,1.61,1,78.266
32548,00032548.jpg,1785610393943947008,9.777,11.021,78.979,21,72,1081.9,1.11,1,78.979
32549,00032549.jpg,1785610393977575168,9.78,11.022,78.978,19,73,1100.0,1.24,1,78.978
32550,00032550.jpg,1785610394010776576,9.781,10.885,79.115,20,73,1076.5,1.28,1,79.115
32551,00032551.jpg,1785610394043703808,9.782,10.866,79.134,18,72,1056.7,1.32,1,79.134
32552,00032552.jpg,1785610394077108224,9.783,10.827,79.173,18,82,1076.2,0.88,1,79.173
32553,00032553.jpg,1785610394109387776,9.783,10.483,79.517,20,86,1112.4,1.05,1,79.517
32554,00032554.jpg,1785610394145183232,9.783,10.763,79.237,20,87,1093.8,1.1,1,79.237
32555,00032555.jpg,1785610394181960960,9.783,11.088,78.912,22,85,1083.2,1.32,1,78.912
32556,00032556.jpg,1785610394210214400,9.783,11.21,78.79,22,80,1084.9,0.88,1,78.79
32557,00032557.jpg,1785610394243973120,9.785,10.908,79.092,22,78,1066.1,1.03,1,79.092
32558,00032558.jpg,1785610394277923840,9.788,10.802,79.198,18,70,1024.2,0.86,1,79.198
32559,00032559.jpg,1785610394309979648,9.806,10.962,79.038,19,70,1033.2,1.19,1,79.038
32560,00032560.jpg,1785610394344233216,9.838,10.51,79.49,20,75,1084.5,1.54,1,79.49
32561,00032561.jpg,1785610394379297280,9.843,10.253,79.747,18,69,1081.5,1.27,1,79.747
32562,00032562.jpg,1785610394410001920,9.829,9.676,80.324,19,66,1075.1,2.26,1,80.324
32563,00032563.jpg,1785610394443536640,9.86,9.863,80.137,16,66,1090.6,1.96,1,80.137
32564,00032564.jpg,1785610394479346688,9.873,10.775,79.225,14,59,1055.0,1.24,1,79.225
32565,00032565.jpg,1785610394510477056,9.896,10.903,79.097,14,60,1084.6,1.15,1,79.097
32566,00032566.jpg,1785610394543758592,9.897,10.974,79.026,14,59,1053.1,1.11,1,79.026
32567,00032567.jpg,1785610394579308032,9.857,11.76,78.24,18,64,1060.0,0.96,1,78.24
32568,00032568.jpg,1785610394610712576,9.821,11.492,78.508,18,64,1036.1,0.94,1,78.508
32569,00032569.jpg,1785610394643687424,9.821,10.684,79.316,17,61,1000.2,1.12,1,79.316
32570,00032570.jpg,1785610394677825024,9.852,10.568,79.432,18,64,1035.7,1.21,1,79.432
32571,00032571.jpg,1785610394710204672,9.858,10.679,79.321,17,65,1057.2,1.29,1,79.321
32572,00032572.jpg,1785610394744299520,9.892,10.734,79.266,17,64,1064.6,1.17,1,79.266
32573,00032573.jpg,1785610394777559296,9.897,11.732,78.268,15,63,1045.6,0.99,1,78.268
32574,00032574.jpg,1785610394812189952,9.903,11.355,78.645,15,64,1059.4,0.91,1,78.645
32575,00032575.jpg,1785610394843851520,9.871,11.992,78.008,16,64,1028.9,1.1,1,78.008
32576,00032576.jpg,1785610394879312128,9.833,11.821,78.179,16,61,1042.6,1.31,1,78.179
32577,00032577.jpg,1785610394909987584,9.785,11.292,78.708,15,63,1025.1,1.06,1,78.708
32578,00032578.jpg,1785610394944085248,9.771,12.219,77.781,18,67,1012.8,1.0,1,77.781
32579,00032579.jpg,1785610394978208000,9.766,12.241,77.759,15,57,946.7,0.76,1,77.759
32580,00032580.jpg,1785610395010787584,9.766,11.883,78.117,19,62,958.9,0.84,1,78.117
32581,00032581.jpg,1785610395043877632,9.767,12.158,77.842,17,62,953.0,1.11,1,77.842
32582,00032582.jpg,1785610395078427648,9.773,11.977,78.023,17,60,925.2,0.97,1,78.023
32583,00032583.jpg,1785610395110267136,9.775,12.273,77.727,15,59,916.3,1.1,1,77.727
32584,00032584.jpg,1785610395144587264,9.776,12.248,77.752,18,64,918.8,0.96,1,77.752
32585,00032585.jpg,1785610395176727552,9.78,12.23,77.77,18,63,898.3,1.0,1,77.77
32586,00032586.jpg,1785610395210420480,9.781,12.015,77.985,18,61,908.5,1.07,1,77.985
32587,00032587.jpg,1785610395243099136,9.782,12.198,77.802,17,66,881.4,1.28,1,77.802
32588,00032588.jpg,1785610395278168320,9.784,12.503,77.497,14,58,864.9,0.95,1,77.497
32589,00032589.jpg,1785610395312044288,9.784,11.885,78.115,16,64,886.6,0.87,1,78.115
32590,00032590.jpg,1785610395343947776,9.785,12.486,77.514,18,63,865.2,0.87,1,77.514
32591,00032591.jpg,1785610395378239744,9.786,12.062,77.938,16,64,872.3,0.8,1,77.938
32592,00032592.jpg,1785610395410319872,9.786,12.392,77.608,20,68,866.1,1.45,1,77.608
32593,00032593.jpg,1785610395446622720,9.787,12.345,77.655,19,63,846.6,1.42,1,77.655
32594,00032594.jpg,1785610395478155264,9.787,11.436,78.564,17,63,823.9,1.09,1,78.564
32595,00032595.jpg,1785610395509370624,9.788,11.959,78.041,21,71,878.4,1.23,1,78.041
32596,00032596.jpg,1785610395544140544,9.788,12.075,77.925,17,59,822.0,0.98,1,77.925
32597,00032597.jpg,1785610395578363904,9.79,12.047,77.953,19,67,844.5,0.82,1,77.953
32598,00032598.jpg,1785610395610287360,9.804,12.519,77.481,18,65,834.9,1.37,1,77.481
32599,00032599.jpg,1785610395644175872,9.825,13.171,76.829,17,63,798.4,1.11,1,76.829
32600,00032600.jpg,1785610395678117632,9.831,13.634,76.366,16,61,775.9,1.61,1,76.366
32601,00032601.jpg,1785610395710415616,9.811,12.804,77.196,27,87,864.5,1.27,1,77.196
32602,00032602.jpg,1785610395743835648,9.827,12.149,77.851,24,85,890.7,1.06,1,77.851
32603,00032603.jpg,1785610395778928896,9.828,12.274,77.726,24,78,877.7,0.89,1,77.726
32604,00032604.jpg,1785610395810542080,9.829,11.909,78.091,22,78,870.1,0.78,1,78.091
32605,00032605.jpg,1785610395843767296,9.294,11.736,78.264,21,82,862.7,1.1,1,78.264
32606,00032606.jpg,1785610395876863488,8.599,11.691,78.309,23,74,804.4,0.85,1,78.309
32607,00032607.jpg,1785610395910611456,6.904,11.725,78.275,16,64,773.5,1.2,1,78.275
32608,00032608.jpg,1785610395943662592,5.923,11.493,78.507,20,80,802.4,1.06,1,78.507
32609,00032609.jpg,1785610395977490176,5.655,12.153,77.847,17,62,743.0,1.02,1,77.847
32610,00032610.jpg,1785610396009914880,8.289,11.167,78.833,15,61,738.8,1.09,1,78.833
32611,00032611.jpg,1785610396044547584,9.213,11.826,78.174,15,63,741.5,0.65,1,78.174
32612,00032612.jpg,1785610396082963456,9.628,11.584,78.416,16,63,739.7,1.45,1,78.416
32613,00032613.jpg,1785610396109800192,9.778,11.721,78.279,18,75,778.2,1.04,1,78.279
32614,00032614.jpg,1785610396143900672,9.85,11.981,78.019,14,54,702.3,0.85,1,78.019
32615,00032615.jpg,1785610396179249408,9.879,11.813,78.187,17,59,707.9,1.0,1,78.187
32616,00032616.jpg,1785610396210306816,9.889,11.84,78.16,14,56,674.0,0.5,1,78.16
32617,00032617.jpg,1785610396245377792,9.817,11.236,78.764,12,54,701.8,1.02,1,78.764
32618,00032618.jpg,1785610396277843200,9.371,11.366,78.634,15,60,721.2,0.9,1,78.634
32619,00032619.jpg,1785610396310280448,7.921,11.289,78.711,15,54,694.8,1.04,1,78.711
32620,00032620.jpg,1785610396343732480,6.624,11.532,78.468,16,62,714.4,1.22,1,78.468
32621,00032621.jpg,1785610396378370560,6.412,11.687,78.313,14,53,696.5,1.23,1,78.313
32622,00032622.jpg,1785610396410311168,9.004,11.395,78.605,15,61,729.8,1.12,1,78.605
32623,00032623.jpg,1785610396443294208,9.521,11.826,78.174,12,51,672.5,0.74,1,78.174
32624,00032624.jpg,1785610396477662976,9.742,11.951,78.049,16,59,733.4,1.68,1,78.049
32625,00032625.jpg,1785610396509929984,9.831,11.843,78.157,15,60,707.3,0.8,1,78.157
32626,00032626.jpg,1785610396544612352,9.87,11.432,78.568,15,60,718.0,1.12,1,78.568
32627,00032627.jpg,1785610396582173440,9.888,12.008,77.992,15,60,712.4,1.03,1,77.992
32628,00032628.jpg,1785610396610068480,9.894,12.004,77.996,13,51,688.8,0.79,1,77.996
32629,00032629.jpg,1785610396644971264,9.897,11.502,78.498,13,57,706.6,0.8,1,78.498
32630,00032630.jpg,1785610396677334272,9.899,11.941,78.059,15,60,717.4,1.29,1,78.059
32631,00032631.jpg,1785610396715668736,9.9,11.644,78.356,16,62,735.6,1.09,1,78.356
32632,00032632.jpg,1785610396744447232,9.9,11.178,78.822,14,57,707.7,1.07,1,78.822
32633,00032633.jpg,1785610396779083520,9.901,11.687,78.313,15,58,701.2,0.78,1,78.313
32634,00032634.jpg,1785610396810308864,9.901,11.671,78.329,14,61,710.9,0.95,1,78.329
32635,00032635.jpg,1785610396844758016,9.903,11.398,78.602,15,60,714.1,1.11,1,78.602
32636,00032636.jpg,1785610396878778880,9.906,12.451,77.549,15,57,696.7,1.18,1,77.549
32637,00032637.jpg,1785610396910351872,9.923,12.171,77.829,15,57,692.0,1.89,1,77.829
32638,00032638.jpg,1785610396943729408,9.954,11.929,78.071,17,60,710.7,2.03,1,78.071
32639,00032639.jpg,1785610396976873728,9.908,12.298,77.702,21,79,762.4,1.59,1,77.702
32640,00032640.jpg,1785610397009782016,9.927,11.959,78.041,16,71,798.3,0.85,1,78.041
32641,00032641.jpg,1785610397043327232,9.934,11.72,78.28,17,68,793.7,1.14,1,78.28
32642,00032642.jpg,1785610397077567488,9.935,11.282,78.718,18,78,829.3,1.0,1,78.718
32643,00032643.jpg,1785610397109289984,9.929,11.482,78.518,19,87,886.3,1.21,1,78.518
32644,00032644.jpg,1785610397143955968,9.911,11.374,78.626,23,81,812.9,0.94,1,78.626
32645,00032645.jpg,1785610397177517056,9.906,11.183,78.817,22,75,780.7,1.11,1,78.817
32646,00032646.jpg,1785610397212513792,9.901,11.518,78.482,21,80,789.4,0.72,1,78.482
32647,00032647.jpg,1785610397243578880,10.071,11.332,78.668,25,89,809.4,1.08,1,78.668
32648,00032648.jpg,1785610397278116352,10.355,11.678,78.322,19,67,737.3,0.71,1,78.322
32649,00032649.jpg,1785610397310234624,11.0,10.805,79.195,15,51,690.7,0.8,1,79.195
32650,00032650.jpg,1785610397344276992,11.644,11.198,78.802,17,68,747.8,1.05,1,78.802
32651,00032651.jpg,1785610397377658880,10.779,11.435,78.565,16,67,742.0,0.95,1,78.565
32652,00032652.jpg,1785610397409765376,8.799,11.27,78.73,15,60,708.1,0.99,1,78.73
32653,00032653.jpg,1785610397445019392,8.809,11.292,78.708,16,59,713.2,1.02,1,78.708
32654,00032654.jpg,1785610397477881600,9.192,11.927,78.073,14,54,688.1,1.18,1,78.073
32655,00032655.jpg,1785610397509784320,9.494,11.751,78.249,15,61,711.2,1.01,1,78.249
32656,00032656.jpg,1785610397543677952,9.692,11.705,78.295,13,54,697.3,1.15,1,78.295
32657,00032657.jpg,1785610397577192448,9.801,11.349,78.651,15,59,702.0,1.07,1,78.651
32658,00032658.jpg,1785610397610252544,9.856,11.667,78.333,16,59,719.2,0.82,1,78.333
32659,00032659.jpg,1785610397643549184,9.885,11.712,78.288,12,51,664.5,1.0,1,78.288
32660,00032660.jpg,1785610397677618176,9.9,11.26,78.74,14,52,678.3,0.75,1,78.74
32661,00032661.jpg,1785610397711334656,9.907,11.537,78.463,14,53,674.2,1.14,1,78.463
32662,00032662.jpg,1785610397744222720,9.91,11.688,78.312,13,48,674.9,1.21,1,78.312
32663,00032663.jpg,1785610397777428224,9.912,11.723,78.277,13,51,677.8,0.9,1,78.277
32664,00032664.jpg,1785610397810565120,9.914,11.628,78.372,15,59,710.7,0.91,1,78.372
32665,00032665.jpg,1785610397844142848,9.914,11.421,78.579,14,56,700.2,0.68,1,78.579
32666,00032666.jpg,1785610397877611264,9.915,11.289,78.711,15,56,721.2,0.94,1,78.711
32667,00032667.jpg,1785610397910618880,9.915,11.549,78.451,13,49,674.2,0.54,1,78.451
32668,00032668.jpg,1785610397943986688,9.916,11.386,78.614,16,60,694.4,0.78,1,78.614
32669,00032669.jpg,1785610397979832320,9.917,11.483,78.517,13,58,706.7,0.76,1,78.517
32670,00032670.jpg,1785610398009654272,9.917,11.66,78.34,17,60,707.2,0.93,1,78.34
32671,00032671.jpg,1785610398043505920,9.917,11.321,78.679,14,54,694.8,1.08,1,78.679
32672,00032672.jpg,1785610398078470400,9.918,11.727,78.273,12,49,660.7,1.17,1,78.273
32673,00032673.jpg,1785610398110276608,9.918,11.375,78.625,13,54,694.5,1.29,1,78.625
32674,00032674.jpg,1785610398143531008,9.919,11.252,78.748,13,54,660.4,0.97,1,78.748
32675,00032675.jpg,1785610398178580736,9.919,11.268,78.732,16,67,720.0,0.75,1,78.732
32676,00032676.jpg,1785610398210218496,9.922,11.335,78.665,17,62,720.2,1.19,1,78.665
32677,00032677.jpg,1785610398243802624,9.934,11.723,78.277,16,61,685.4,1.09,1,78.277
32678,00032678.jpg,1785610398277106688,9.933,11.756,78.244,15,57,703.6,1.08,1,78.244
32679,00032679.jpg,1785610398310479872,9.923,11.805,78.195,16,53,674.3,1.02,1,78.195
32680,00032680.jpg,1785610398344659200,9.931,11.797,78.203,13,59,698.0,1.46,1,78.203
32681,00032681.jpg,1785610398378059776,9.93,10.995,79.005,16,65,719.0,1.11,1,79.005
32682,00032682.jpg,1785610398410290176,9.934,11.167,78.833,18,59,683.5,0.95,1,78.833
32683,00032683.jpg,1785610398443757568,9.931,11.009,78.991,17,63,713.5,1.45,1,78.991
32684,00032684.jpg,1785610398482124544,9.925,10.778,79.222,16,58,672.3,1.22,1,79.222
32685,00032685.jpg,1785610398510925312,9.921,10.993,79.007,15,59,705.0,1.57,1,79.007
32686,00032686.jpg,1785610398543910656,9.917,11.21,78.79,17,60,699.8,1.19,1,78.79
32687,00032687.jpg,1785610398578623488,9.916,11.118,78.882,17,63,713.5,0.97,1,78.882
32688,00032688.jpg,1785610398610453760,9.922,11.016,78.984,15,61,669.3,1.32,1,78.984
32689,00032689.jpg,1785610398643978496,9.938,10.759,79.241,15,68,722.4,1.55,1,79.241
32690,00032690.jpg,1785610398677202688,9.94,11.531,78.469,20,74,731.1,1.72,1,78.469
32691,00032691.jpg,1785610398710729728,9.998,11.915,78.085,22,71,725.6,1.88,1,78.085
32692,00032692.jpg,1785610398744231936,10.037,11.758,78.242,17,77,817.0,1.96,1,78.242
32693,00032693.jpg,1785610398777633792,10.021,13.26,76.74,12,67,820.4,1.99,1,76.74
32694,00032694.jpg,1785610398809995520,10.023,12.718,77.282,15,65,798.4,2.03,1,77.282
32695,00032695.jpg,1785610398843779072,10.118,11.429,78.571,14,61,821.1,1.65,1,78.571
32696,00032696.jpg,1785610398877445632,10.15,11.053,78.947,14,59,846.1,1.15,1,78.947
32697,00032697.jpg,1785610398909568000,10.183,11.152,78.848,15,57,831.6,1.37,1,78.848
32698,00032698.jpg,1785610398944055808,10.169,10.346,79.654,15,63,868.0,0.96,1,79.654
32699,00032699.jpg,1785610398977903360,10.105,10.424,79.576,16,61,841.5,0.75,1,79.576
32700,00032700.jpg,1785610399009444096,9.972,10.054,79.946,13,58,823.2,0.9,1,79.946
32701,00032701.jpg,1785610399044220416,9.921,10.77,79.23,16,64,847.7,0.79,1,79.23
32702,00032702.jpg,1785610399079492864,9.918,11.362,78.638,18,72,904.9,0.82,1,78.638
32703,00032703.jpg,1785610399110089984,9.967,11.522,78.478,19,70,908.5,1.0,1,78.478
32704,00032704.jpg,1785610399144013824,10.034,11.65,78.35,17,71,922.3,2.15,1,78.35
32705,00032705.jpg,1785610399178871296,10.06,11.006,78.994,19,80,991.7,2.59,1,78.994
32706,00032706.jpg,1785610399211050496,10.103,11.46,78.54,17,81,967.7,1.76,1,78.54
32707,00032707.jpg,1785610399244088832,10.154,11.34,78.66,17,84,1034.7,1.04,1,78.66
32708,00032708.jpg,1785610399277323008,10.201,10.417,79.583,19,82,947.9,1.47,1,79.583
32709,00032709.jpg,1785610399309593600,10.249,10.179,79.821,20,92,1028.8,2.12,1,79.821
32710,00032710.jpg,1785610399344014592,10.242,8.571,81.429,21,76,923.7,1.94,1,81.429
32711,00032711.jpg,1785610399377560576,10.155,8.411,81.589,21,80,906.2,2.69,1,81.589
32712,00032712.jpg,1785610399409131264,10.031,7.943,82.057,23,98,988.5,3.25,1,82.057
32713,00032713.jpg,1785610399443754240,9.935,7.663,82.337,19,89,909.5,3.19,1,82.337
32714,00032714.jpg,1785610399479148032,9.891,8.456,81.544,27,82,886.2,2.46,1,81.544
32715,00032715.jpg,1785610399510447616,9.854,8.815,81.185,25,88,921.2,2.9,1,81.185
32716,00032716.jpg,1785610399543608832,9.842,8.39,81.61,21,71,827.4,3.14,1,81.61
32717,00032717.jpg,1785610399576933888,9.851,8.712,81.288,26,88,884.3,2.97,1,81.288
32718,00032718.jpg,1785610399610638080,9.848,8.362,81.638,26,81,870.5,2.83,1,81.638
32719,00032719.jpg,1785610399644143104,9.858,8.363,81.637,19,72,804.4,3.03,1,81.637
32720,00032720.jpg,1785610399677598464,9.867,9.177,80.823,25,70,829.3,2.73,1,80.823
32721,00032721.jpg,1785610399709505536,9.869,9.737,80.263,17,75,836.1,2.68,1,80.263
32722,00032722.jpg,1785610399744370688,9.875,8.636,81.364,27,82,852.5,2.84,1,81.364
32723,00032723.jpg,1785610399778301952,9.885,7.745,82.255,20,72,811.4,2.11,1,82.255
32724,00032724.jpg,1785610399809774336,9.915,8.925,81.075,20,72,808.7,2.75,1,81.075
32725,00032725.jpg,1785610399843581952,9.976,8.318,81.682,26,87,851.4,3.03,1,81.682
32726,00032726.jpg,1785610399877480960,9.965,10.433,79.567,25,71,784.0,2.7,1,79.567
32727,00032727.jpg,1785610399909612800,10.045,11.535,78.465,17,74,797.7,2.54,1,78.465
32728,00032728.jpg,1785610399943290880,9.946,14.919,75.081,22,80,883.3,3.12,1,75.081
32729,00032729.jpg,1785610399976713728,9.909,17.232,72.768,21,76,882.3,2.56,1,72.768
32730,00032730.jpg,1785610400010238720,9.881,19.827,70.173,20,76,926.9,3.14,1,70.173
32731,00032731.jpg,1785610400043651584,9.909,21.826,68.174,17,67,926.0,2.62,1,68.174
32732,00032732.jpg,1785610400077853696,9.884,23.58,66.42,19,65,972.3,2.18,1,66.42
32733,00032733.jpg,1785610400112010752,9.882,24.048,65.952,18,68,967.3,2.46,1,65.952
32734,00032734.jpg,1785610400144077824,9.881,23.576,66.424,19,63,957.2,2.43,1,66.424
32735,00032735.jpg,1785610400179234304,9.883,23.227,66.773,15,65,976.5,2.04,1,66.773
32736,00032736.jpg,1785610400210238976,9.88,23.746,66.254,15,58,963.6,2.11,1,66.254
32737,00032737.jpg,1785610400244078080,9.88,23.773,66.227,16,65,971.2,2.46,1,66.227
32738,00032738.jpg,1785610400277356288,9.879,24.11,65.89,14,64,977.7,2.78,1,65.89
32739,00032739.jpg,1785610400309609216,9.887,24.448,65.552,15,65,976.1,2.26,1,65.552
32740,00032740.jpg,1785610400344226816,9.903,22.957,67.043,17,67,994.1,2.63,1,67.043
32741,00032741.jpg,1785610400377308416,9.906,22.306,67.694,14,60,953.0,1.92,1,67.694
32742,00032742.jpg,1785610400409314816,9.968,22.649,67.351,12,52,906.0,2.14,1,67.351
32743,00032743.jpg,1785610400444035584,10.011,22.471,67.529,14,58,928.6,2.18,1,67.529
32744,00032744.jpg,1785610400477487616,9.965,22.473,67.527,15,55,878.6,2.82,1,67.527
32745,00032745.jpg,1785610400509548544,10.022,24.833,65.167,15,59,855.4,2.46,1,65.167
32746,00032746.jpg,1785610400544747008,10.073,26.309,63.691,16,62,870.0,2.79,1,63.691
32747,00032747.jpg,1785610400579086080,10.085,26.36,63.64,16,63,874.2,3.09,1,63.64
32748,00032748.jpg,1785610400612150272,10.085,27.724,62.276,18,66,885.3,2.73,1,62.276
32749,00032749.jpg,1785610400643490816,10.03,27.233,62.767,15,58,858.4,2.29,1,62.767
32750,00032750.jpg,1785610400679134208,9.944,26.737,63.263,14,57,859.3,2.18,1,63.263
32751,00032751.jpg,1785610400709907200,9.903,27.389,62.611,13,59,858.5,3.0,1,62.611
32752,00032752.jpg,1785610400745878528,9.914,24.966,65.034,15,61,879.6,2.95,1,65.034
32753,00032753.jpg,1785610400777575168,9.941,24.699,65.301,14,56,870.2,2.71,1,65.301
32754,00032754.jpg,1785610400810502144,10.066,25.871,64.129,14,57,879.6,2.77,1,64.129
32755,00032755.jpg,1785610400843707136,10.021,25.562,64.438,17,64,879.5,2.71,1,64.438
32756,00032756.jpg,1785610400876912384,10.053,27.488,62.512,16,61,857.5,2.19,1,62.512
32757,00032757.jpg,1785610400909967872,10.084,28.652,61.348,22,66,849.8,1.76,1,61.348
32758,00032758.jpg,1785610400944151808,10.086,28.545,61.455,20,63,869.3,1.34,1,61.455
32759,00032759.jpg,1785610400977236736,10.029,29.026,60.974,16,59,833.0,2.1,1,60.974
32760,00032760.jpg,1785610401010148096,9.94,27.997,62.003,15,55,844.3,2.16,1,62.003
32761,00032761.jpg,1785610401044029696,9.874,27.672,62.328,17,63,891.1,1.91,1,62.328
32762,00032762.jpg,1785610401077638144,9.865,27.587,62.413,14,58,848.9,2.11,1,62.413
32763,00032763.jpg,1785610401110895104,9.844,26.928,63.072,14,56,844.3,2.56,1,63.072
32764,00032764.jpg,1785610401144120320,9.848,28.188,61.812,14,62,858.3,2.72,1,61.812
32765,00032765.jpg,1785610401177780736,9.852,27.577,62.423,14,61,871.5,2.42,1,62.423
32766,00032766.jpg,1785610401210304256,9.869,26.873,63.127,15,62,887.3,2.94,1,63.127
32767,00032767.jpg,1785610401246038528,9.919,26.469,63.531,15,57,858.4,2.47,1,63.531
32768,00032768.jpg,1785610401277956096,9.942,26.002,63.998,16,59,859.9,2.61,1,63.998
32769,00032769.jpg,1785610401310355456,9.926,27.993,62.007,16,63,859.2,2.74,1,62.007
32770,00032770.jpg,1785610401344186624,9.951,28.591,61.409,18,62,809.0,2.33,1,61.409
32771,00032771.jpg,1785610401377288192,9.958,29.174,60.826,17,63,808.7,2.72,1,60.826
32772,00032772.jpg,1785610401410415360,9.962,29.043,60.957,15,61,816.9,2.4,1,60.957
32773,00032773.jpg,1785610401444243968,9.92,27.948,62.052,17,65,843.4,2.49,1,62.052
32774,00032774.jpg,1785610401478305024,9.886,28.232,61.768,17,59,827.1,2.5,1,61.768
32775,00032775.jpg,1785610401510981888,9.859,27.985,62.015,15,60,825.6,2.62,1,62.015
32776,00032776.jpg,1785610401544037888,9.848,27.619,62.381,14,59,838.4,2.48,1,62.381
32777,00032777.jpg,1785610401577690112,9.847,27.652,62.348,16,59,826.8,2.3,1,62.348
32778,00032778.jpg,1785610401610361856,9.859,27.251,62.749,15,57,838.3,1.6,1,62.749
32779,00032779.jpg,1785610401644098816,9.881,28.174,61.826,15,57,827.0,1.7,1,61.826
32780,00032780.jpg,1785610401677328896,9.887,28.107,61.893,14,56,828.2,1.41,1,61.893
32781,00032781.jpg,1785610401709988352,9.906,27.818,62.182,16,60,837.7,1.21,1,62.182
32782,00032782.jpg,1785610401743910912,9.885,28.073,61.927,14,57,830.5,1.71,1,61.927
32783,00032783.jpg,1785610401777207296,9.888,27.537,62.463,16,57,844.0,2.36,1,62.463
32784,00032784.jpg,1785610401811270912,9.903,27.374,62.626,15,57,838.8,3.3,1,62.626
32785,00032785.jpg,1785610401843851264,9.396,27.823,62.177,13,55,820.5,3.06,1,62.177
32786,00032786.jpg,1785610401877493760,8.689,28.531,61.469,12,50,779.9,3.19,1,61.469
32787,00032787.jpg,1785610401910247168,7.028,27.71,62.29,12,50,773.5,3.57,1,62.29
32788,00032788.jpg,1785610401944711424,5.15,27.006,62.994,14,55,781.5,3.21,1,62.994
32789,00032789.jpg,1785610401977752320,4.502,28.027,61.973,14,52,777.0,3.16,1,61.973
32790,00032790.jpg,1785610402010220288,3.345,28.14,61.86,14,55,768.7,3.2,1,61.86
32791,00032791.jpg,1785610402044190976,2.491,27.901,62.099,13,52,735.3,3.66,1,62.099
32792,00032792.jpg,1785610402079060480,2.331,26.666,63.334,14,48,736.4,2.85,1,63.334
32793,00032793.jpg,1785610402110955520,2.744,25.893,64.107,13,50,732.6,3.23,1,64.107
32794,00032794.jpg,1785610402144208384,6.388,26.433,63.567,9,41,698.7,2.66,1,63.567
32795,00032795.jpg,1785610402178735616,8.346,25.663,64.337,12,49,731.9,3.07,1,64.337
32796,00032796.jpg,1785610402210325504,9.211,26.926,63.074,11,47,734.5,3.11,1,63.074
32797,00032797.jpg,1785610402244782080,9.613,27.282,62.718,10,46,726.0,2.83,1,62.718
32798,00032798.jpg,1785610402278710016,9.772,27.032,62.968,9,43,708.3,2.3,1,62.968
32799,00032799.jpg,1785610402309551104,9.839,25.278,64.722,9,44,727.5,3.42,1,64.722
32800,00032800.jpg,1785610402344392704,9.869,26.773,63.227,11,47,746.2,2.37,1,63.227
32801,00032801.jpg,1785610402381844992,9.881,27.333,62.667,12,50,741.6,3.27,1,62.667
32802,00032802.jpg,1785610402410003712,9.861,26.34,63.66,10,48,732.9,3.45,1,63.66
32803,00032803.jpg,1785610402443334400,9.888,26.29,63.71,9,45,727.9,2.69,1,63.71
32804,00032804.jpg,1785610402479314688,9.888,26.48,63.52,8,47,731.6,2.83,1,63.52
32805,00032805.jpg,1785610402509220096,9.889,27.31,62.69,8,40,696.9,2.98,1,62.69
32806,00032806.jpg,1785610402543447808,10.021,26.091,63.909,9,42,713.0,2.61,1,63.909
32807,00032807.jpg,1785610402578592512,10.322,28.038,61.962,8,39,698.7,3.21,1,61.962
32808,00032808.jpg,1785610402609997824,11.015,27.064,62.936,9,43,718.9,2.55,1,62.936
32809,00032809.jpg,1785610402643432192,12.033,26.62,63.38,12,52,766.7,2.83,1,63.38
32810,00032810.jpg,1785610402678669056,12.893,26.76,63.24,9,45,729.6,2.66,1,63.24
32811,00032811.jpg,1785610402709656064,13.97,26.92,63.08,10,44,718.2,2.77,1,63.08
32812,00032812.jpg,1785610402744059904,14.838,28.033,61.967,9,42,722.8,2.98,1,61.967
32813,00032813.jpg,1785610402777438464,16.249,27.358,62.642,11,47,723.3,2.59,1,62.642
32814,00032814.jpg,1785610402810020096,17.57,27.223,62.777,9,42,709.3,2.3,1,62.777
32815,00032815.jpg,1785610402843950848,19.057,27.617,62.383,7,38,686.9,3.06,1,62.383
32816,00032816.jpg,1785610402877437440,19.98,28.369,61.631,8,38,682.5,2.53,1,61.631
32817,00032817.jpg,1785610402910200064,20.512,27.803,62.197,8,44,700.1,2.72,1,62.197
32818,00032818.jpg,1785610402944144896,5.549,26.753,63.247,6,37,659.6,2.82,1,63.247
32819,00032819.jpg,1785610402976681728,2.867,26.473,63.527,8,39,668.7,2.67,1,63.527
32820,00032820.jpg,1785610403010117888,4.802,27.306,62.694,7,42,683.2,2.15,1,62.694
32821,00032821.jpg,1785610403044018688,6.896,28.03,61.97,10,43,688.7,2.83,1,61.97
32822,00032822.jpg,1785610403078895360,8.299,27.694,62.306,9,43,687.3,2.78,1,62.306
32823,00032823.jpg,1785610403109306624,9.08,27.126,62.874,8,42,701.2,3.09,1,62.874
32824,00032824.jpg,1785610403144073984,9.993,28.595,61.405,8,46,712.6,3.01,1,61.405
32825,00032825.jpg,1785610403179815168,10.375,28.339,61.661,9,45,733.3,2.86,1,61.661
32826,00032826.jpg,1785610403209384960,11.012,28.48,61.52,9,42,732.1,3.19,1,61.52
32827,00032827.jpg,1785610403244263680,11.589,27.979,62.021,9,44,731.6,2.75,1,62.021
32828,00032828.jpg,1785610403278744576,10.795,29.189,60.811,8,40,723.6,2.47,1,60.811
32829,00032829.jpg,1785610403310065408,8.797,27.625,62.375,8,41,730.5,2.59,1,62.375
32830,00032830.jpg,1785610403344521984,8.811,28.605,61.395,8,42,726.9,2.88,1,61.395
32831,00032831.jpg,1785610403378696704,9.204,28.668,61.332,9,44,739.9,2.71,1,61.332
32832,00032832.jpg,1785610403409451776,9.505,28.584,61.416,10,44,724.1,2.92,1,61.416
32833,00032833.jpg,1785610403444631296,9.715,28.584,61.416,11,48,753.1,3.11,1,61.416
32834,00032834.jpg,1785610403477654272,9.824,28.509,61.491,11,48,740.5,2.73,1,61.491
32835,00032835.jpg,1785610403510345728,9.877,29.168,60.832,10,48,716.3,3.84,1,60.832
32836,00032836.jpg,1785610403543204096,9.916,28.492,61.508,11,50,744.9,2.49,1,61.508
32837,00032837.jpg,1785610403578766592,9.92,28.632,61.368,12,48,712.3,2.16,1,61.368
32838,00032838.jpg,1785610403609588480,9.92,28.726,61.274,12,54,768.4,2.88,1,61.274
32839,00032839.jpg,1785610403644926720,9.933,28.86,61.14,12,53,756.5,3.16,1,61.14
32840,00032840.jpg,1785610403677457920,9.936,28.857,61.143,13,53,749.3,2.33,1,61.143
32841,00032841.jpg,1785610403709966848,9.985,29.153,60.847,12,49,751.9,2.78,1,60.847
32842,00032842.jpg,1785610403743390208,10.054,29.401,60.599,12,49,738.1,3.03,1,60.599
32843,00032843.jpg,1785610403778064640,10.029,29.82,60.18,14,55,777.6,3.0,1,60.18
32844,00032844.jpg,1785610403810476032,10.054,28.817,61.183,12,52,791.1,2.69,1,61.183
32845,00032845.jpg,1785610403845215232,10.067,29.23,60.77,12,51,693.0,2.37,1,60.77
32846,00032846.jpg,1785610403876464128,10.134,28.788,61.212,14,54,709.0,1.99,1,61.212
32847,00032847.jpg,1785610403910209536,10.219,27.963,62.037,15,54,713.4,2.17,1,62.037
32848,00032848.jpg,1785610403943803392,10.258,27.684,62.316,13,51,689.9,1.91,1,62.316
32849,00032849.jpg,1785610403977269504,10.251,28.1,61.9,14,52,739.1,1.97,1,61.9
32850,00032850.jpg,1785610404012066304,10.155,28.309,61.691,13,53,760.3,0.99,1,61.691
32851,00032851.jpg,1785610404043876096,10.022,27.824,62.176,14,52,772.1,0.99,1,62.176
32852,00032852.jpg,1785610404077640448,9.958,28.128,61.872,13,56,830.5,1.13,1,61.872
32853,00032853.jpg,1785610404109491712,9.904,27.86,62.14,14,56,821.8,1.63,1,62.14
32854,00032854.jpg,1785610404144014592,9.898,28.12,61.88,16,58,844.4,1.73,1,61.88
32855,00032855.jpg,1785610404177251584,9.932,27.993,62.007,16,63,857.4,1.49,1,62.007
32856,00032856.jpg,1785610404209617408,10.035,27.718,62.282,15,58,813.4,1.72,1,62.282
32857,00032857.jpg,1785610404243242496,10.17,29.008,60.992,16,59,803.2,1.6,1,60.992
32858,00032858.jpg,1785610404278917888,10.062,28.482,61.518,18,62,793.0,1.85,1,61.518
32859,00032859.jpg,1785610404309952768,10.17,27.059,62.941,15,60,770.0,1.54,1,62.941
32860,00032860.jpg,1785610404344598528,10.213,27.603,62.397,15,56,742.6,1.15,1,62.397
32861,00032861.jpg,1785610404379190016,10.228,27.212,62.788,16,57,770.4,1.13,1,62.788
32862,00032862.jpg,1785610404411432448,10.217,27.729,62.271,15,55,814.2,1.61,1,62.271
32863,00032863.jpg,1785610404443784448,10.06,27.7,62.3,15,62,855.9,1.8,1,62.3
32864,00032864.jpg,1785610404477743872,9.988,27.224,62.776,17,63,887.3,1.49,1,62.776
32865,00032865.jpg,1785610404510075392,9.898,27.449,62.551,16,60,889.9,1.53,1,62.551
32866,00032866.jpg,1785610404543649280,9.875,27.296,62.704,17,61,911.9,1.4,1,62.704
32867,00032867.jpg,1785610404577687040,9.875,27.361,62.639,16,68,959.1,1.36,1,62.639
32868,00032868.jpg,1785610404609332480,10.01,27.059,62.941,17,61,934.4,1.45,1,62.941
32869,00032869.jpg,1785610404644572416,10.277,26.923,63.077,17,61,958.6,1.54,1,63.077
32870,00032870.jpg,1785610404678047488,10.749,27.274,62.726,18,59,939.9,1.22,1,62.726
32871,00032871.jpg,1785610404709799168,11.532,27.019,62.981,17,64,952.0,1.35,1,62.981
32872,00032872.jpg,1785610404745264384,12.26,26.998,63.002,17,63,948.8,1.38,1,63.002
32873,00032873.jpg,1785610404777742080,12.631,26.38,63.62,20,68,968.2,1.37,1,63.62
32874,00032874.jpg,1785610404810221312,9.068,27.047,62.953,17,62,922.5,1.47,1,62.953
32875,00032875.jpg,1785610404843575808,7.918,27.603,62.397,18,66,949.9,1.16,1,62.397
32876,00032876.jpg,1785610404876978688,8.386,27.46,62.54,19,70,994.6,1.8,1,62.54
32877,00032877.jpg,1785610404910505728,8.968,27.453,62.547,16,63,945.6,1.22,1,62.547
32878,00032878.jpg,1785610404943875072,9.378,26.713,63.287,18,61,941.2,1.18,1,63.287
32879,00032879.jpg,1785610404977801472,9.619,27.162,62.838,16,61,955.3,1.22,1,62.838
32880,00032880.jpg,1785610405012764672,9.748,27.173,62.827,16,63,970.0,0.98,1,62.827
32881,00032881.jpg,1785610405043318272,9.81,27.004,62.996,20,72,1022.5,1.22,1,62.996
32882,00032882.jpg,1785610405077519872,9.842,27.195,62.805,18,68,1030.4,1.31,1,62.805
32883,00032883.jpg,1785610405110227712,9.865,27.795,62.205,15,65,1000.6,1.34,1,62.205
32884,00032884.jpg,1785610405143791616,9.889,27.625,62.375,20,71,1013.3,1.11,1,62.375
32885,00032885.jpg,1785610405177578752,9.896,28.199,61.801,18,69,1002.2,1.81,1,61.801
32886,00032886.jpg,1785610405209574912,9.96,28.227,61.773,19,63,907.1,1.91,1,61.773
32887,00032887.jpg,1785610405243077632,9.999,28.802,61.198,15,56,872.5,2.21,1,61.198
32888,00032888.jpg,1785610405277923072,9.985,29.574,60.426,20,78,929.5,2.73,1,60.426
32889,00032889.jpg,1785610405310281216,10.056,29.214,60.786,20,86,1063.2,2.2,1,60.786
32890,00032890.jpg,1785610405343516160,10.15,28.935,61.065,25,82,987.3,2.28,1,61.065
32891,00032891.jpg,1785610405378264064,10.247,29.157,60.843,19,74,917.6,2.38,1,60.843
32892,00032892.jpg,1785610405410390784,10.329,28.6,61.4,18,63,854.8,1.85,1,61.4
32893,00032893.jpg,1785610405443917824,10.504,28.296,61.704,19,69,831.6,1.61,1,61.704
32894,00032894.jpg,1785610405477714176,10.591,28.041,61.959,17,63,763.9,1.18,1,61.959
32895,00032895.jpg,1785610405509919744,10.604,27.496,62.504,18,70,816.0,1.11,1,62.504
32896,00032896.jpg,1785610405544096512,10.535,27.288,62.712,21,71,848.3,1.13,1,62.712
32897,00032897.jpg,1785610405577394176,10.24,26.599,63.401,19,66,813.1,0.91,1,63.401
32898,00032898.jpg,1785610405609964288,10.027,26.728,63.272,20,67,826.6,1.05,1,63.272
32899,00032899.jpg,1785610405644840704,9.869,26.714,63.286,20,66,824.5,1.3,1,63.286
32900,00032900.jpg,1785610405677259264,9.821,26.71,63.29,21,72,870.7,1.23,1,63.29
32901,00032901.jpg,1785610405710226944,9.768,26.263,63.737,25,82,976.1,1.38,1,63.737
32902,00032902.jpg,1785610405744124416,9.747,26.316,63.684,26,87,1012.0,1.48,1,63.684
32903,00032903.jpg,1785610405777495040,9.784,26.864,63.136,27,97,1041.9,1.44,1,63.136
32904,00032904.jpg,1785610405811148288,9.791,24.816,65.184,25,92,1015.0,2.3,1,65.184
32905,00032905.jpg,1785610405843051520,9.801,25.94,64.06,26,89,1017.8,1.62,1,64.06
32906,00032906.jpg,1785610405882379008,9.813,26.361,63.639,25,86,948.2,1.77,1,63.639
32907,00032907.jpg,1785610405910013952,9.823,25.918,64.082,25,103,1028.7,1.86,1,64.082
32908,00032908.jpg,1785610405943939072,9.829,26.669,63.331,24,75,947.2,1.59,1,63.331
32909,00032909.jpg,1785610405979300352,9.837,25.854,64.146,23,85,931.6,1.96,1,64.146
32910,00032910.jpg,1785610406010057472,9.841,25.399,64.601,24,77,919.9,2.32,1,64.601
32911,00032911.jpg,1785610406043974400,9.844,26.016,63.984,23,78,934.3,2.05,1,63.984
32912,00032912.jpg,1785610406077117696,9.848,26.163,63.837,21,81,906.0,1.89,1,63.837
32913,00032913.jpg,1785610406111920896,9.849,26.327,63.673,19,69,845.7,1.44,1,63.673
32914,00032914.jpg,1785610406144049152,9.851,26.46,63.54,22,62,814.6,1.13,1,63.54
32915,00032915.jpg,1785610406177139200,9.852,26.193,63.807,23,71,850.9,1.41,1,63.807
32916,00032916.jpg,1785610406210087168,9.852,26.104,63.896,21,70,860.6,1.99,1,63.896
32917,00032917.jpg,1785610406243244032,9.853,25.639,64.361,20,60,824.9,1.53,1,64.361
32918,00032918.jpg,1785610406277863424,9.853,25.889,64.111,24,79,865.7,1.83,1,64.111
32919,00032919.jpg,1785610406309388032,9.855,25.886,64.114,20,69,834.5,1.75,1,64.114
32920,00032920.jpg,1785610406344530688,9.869,26.094,63.906,20,68,838.2,1.77,1,63.906
32921,00032921.jpg,1785610406377487104,9.872,25.247,64.753,16,62,824.0,2.43,1,64.753
32922,00032922.jpg,1785610406409916416,9.91,26.077,63.923,18,57,832.9,2.19,1,63.923
32923,00032923.jpg,1785610406443664640,9.883,25.362,64.638,16,55,766.1,2.64,1,64.638
32924,00032924.jpg,1785610406477303552,9.889,24.865,65.135,17,56,820.9,2.86,1,65.135
32925,00032925.jpg,1785610406510721280,9.913,25.932,64.068,18,68,875.5,1.96,1,64.068
32926,00032926.jpg,1785610406543544064,9.926,25.287,64.713,19,64,886.9,1.37,1,64.713
32927,00032927.jpg,1785610406577558784,9.922,25.924,64.076,18,64,864.7,1.46,1,64.076
32928,00032928.jpg,1785610406611683328,9.901,25.799,64.201,18,60,824.5,1.69,1,64.201
32929,00032929.jpg,1785610406644189440,9.897,25.708,64.292,15,53,790.0,1.84,1,64.292
32930,00032930.jpg,1785610406677496320,9.905,25.921,64.079,17,61,811.6,1.95,1,64.079
32931,00032931.jpg,1785610406709836032,9.91,25.807,64.193,14,59,814.1,2.36,1,64.193
32932,00032932.jpg,1785610406747501824,9.933,25.7,64.3,18,58,850.6,1.86,1,64.3
32933,00032933.jpg,1785610406777604608,9.935,25.315,64.685,15,54,851.4,1.4,1,64.685
32934,00032934.jpg,1785610406810468608,9.939,26.178,63.822,14,54,831.1,1.57,1,63.822
32935,00032935.jpg,1785610406843903232,9.909,26.557,63.443,15,58,822.5,1.93,1,63.443
32936,00032936.jpg,1785610406877168384,9.879,26.325,63.675,14,53,766.7,1.26,1,63.675
32937,00032937.jpg,1785610406911270912,9.867,25.906,64.094,16,60,787.0,1.34,1,64.094
32938,00032938.jpg,1785610406943859968,9.889,26.299,63.701,16,50,765.0,1.44,1,63.701
32939,00032939.jpg,1785610406977267200,9.908,25.617,64.383,13,51,750.2,2.44,1,64.383
32940,00032940.jpg,1785610407010174720,10.012,25.048,64.952,17,59,805.1,1.93,1,64.952
32941,00032941.jpg,1785610407043551232,10.027,25.414,64.586,16,62,837.0,2.46,1,64.586
32942,00032942.jpg,1785610407078245120,10.064,24.894,65.106,16,60,931.7,2.64,1,65.106
32943,00032943.jpg,1785610407110832896,10.156,25.525,64.475,19,68,957.8,2.56,1,64.475
32944,00032944.jpg,1785610407144588800,10.277,24.817,65.183,18,61,883.0,3.12,1,65.183
32945,00032945.jpg,1785610407177809152,10.399,25.298,64.702,17,74,879.1,2.76,1,64.702
32946,00032946.jpg,1785610407209075968,10.549,25.102,64.898,18,69,875.3,3.35,1,64.898
32947,00032947.jpg,1785610407244850176,10.7,25.243,64.757,21,78,960.1,2.74,1,64.757
32948,00032948.jpg,1785610407278718208,10.84,26.561,63.439,18,64,810.7,1.88,1,63.439
32949,00032949.jpg,1785610407310082560,10.98,27.301,62.699,15,55,777.6,1.88,1,62.699
32950,00032950.jpg,1785610407343428864,10.973,27.477,62.523,16,61,813.2,1.71,1,62.523
32951,00032951.jpg,1785610407378760960,10.895,28.641,61.359,20,71,888.6,2.22,1,61.359
32952,00032952.jpg,1785610407410193664,10.407,29.549,60.451,18,73,968.5,2.29,1,60.451
32953,00032953.jpg,1785610407443770880,10.091,29.526,60.474,20,75,911.1,2.58,1,60.474
32954,00032954.jpg,1785610407477106688,9.914,28.461,61.539,18,62,870.8,2.41,1,61.539
32955,00032955.jpg,1785610407509274624,9.694,28.671,61.329,18,68,901.4,2.91,1,61.329
32956,00032956.jpg,1785610407543473920,9.668,28.374,61.626,17,60,863.5,2.63,1,61.626
32957,00032957.jpg,1785610407577747456,9.701,27.939,62.061,16,57,885.1,2.46,1,62.061
32958,00032958.jpg,1785610407610206208,9.697,28.365,61.635,19,61,877.5,3.29,1,61.635
32959,00032959.jpg,1785610407643492608,9.708,28.492,61.508,17,57,857.7,2.6,1,61.508
32960,00032960.jpg,1785610407678510336,9.739,28.105,61.895,18,62,892.5,2.28,1,61.895
32961,00032961.jpg,1785610407710769408,9.762,28.446,61.554,21,67,858.1,2.12,1,61.554
32962,00032962.jpg,1785610407744871936,9.779,28.125,61.875,21,68,852.1,2.55,1,61.875
32963,00032963.jpg,1785610407778568960,9.798,27.95,62.05,18,61,861.1,2.01,1,62.05
32964,00032964.jpg,1785610407810193152,9.824,27.867,62.133,15,52,799.4,2.33,1,62.133
32965,00032965.jpg,1785610407844197888,9.85,28.785,61.215,14,49,791.0,2.48,1,61.215
32966,00032966.jpg,1785610407882083072,9.855,29.586,60.414,12,43,723.4,1.82,1,60.414
32967,00032967.jpg,1785610407911406080,9.957,30.211,59.789,17,57,747.8,3.1,1,59.789
32968,00032968.jpg,1785610407943631616,9.941,30.088,59.912,15,52,682.9,3.77,1,59.912
32969,00032969.jpg,1785610407977709312,9.973,29.524,60.476,15,44,519.7,3.95,1,60.476
32970,00032970.jpg,1785610408010160896,10.058,29.295,60.705,20,63,552.0,3.24,1,60.705
32971,00032971.jpg,1785610408044617472,10.149,28.935,61.065,16,50,542.7,3.26,1,61.065
32972,00032972.jpg,1785610408078244096,10.215,29.799,60.201,16,51,558.5,2.62,1,60.201
32973,00032973.jpg,1785610408109898496,10.353,28.399,61.601,17,54,579.2,2.05,1,61.601
32974,00032974.jpg,1785610408143805696,10.444,27.882,62.118,16,49,560.4,2.04,1,62.118
32975,00032975.jpg,1785610408178427904,10.448,27.289,62.711,13,53,600.8,2.15,1,62.711
32976,00032976.jpg,1785610408209911808,10.412,27.612,62.388,15,53,611.9,1.93,1,62.388
32977,00032977.jpg,1785610408244543488,10.174,27.263,62.737,15,55,611.8,1.79,1,62.737
32978,00032978.jpg,1785610408277282816,10.014,27.14,62.86,14,49,584.3,1.49,1,62.86
32979,00032979.jpg,1785610408309021440,9.865,26.894,63.106,18,58,624.5,2.1,1,63.106
32980,00032980.jpg,1785610408343540992,9.79,27.233,62.767,18,63,692.9,1.7,1,62.767
32981,00032981.jpg,1785610408379622144,9.769,26.642,63.358,21,65,670.8,2.36,1,63.358
32982,00032982.jpg,1785610408409876224,9.772,26.796,63.204,15,60,664.7,2.28,1,63.204
32983,00032983.jpg,1785610408443199744,9.774,27.174,62.826,13,51,622.2,2.08,1,62.826
32984,00032984.jpg,1785610408478694912,9.799,26.349,63.651,17,59,663.8,1.73,1,63.651
32985,00032985.jpg,1785610408509790464,9.803,26.017,63.983,15,53,639.2,2.3,1,63.983
32986,00032986.jpg,1785610408543089152,9.805,26.53,63.47,15,50,612.2,1.82,1,63.47
32987,00032987.jpg,1785610408578536192,9.816,27.169,62.831,15,53,634.9,1.27,1,62.831
32988,00032988.jpg,1785610408609628928,9.818,26.979,63.021,16,56,644.6,1.54,1,63.021
32989,00032989.jpg,1785610408644421888,9.832,27.437,62.563,11,49,645.7,1.29,1,62.563
32990,00032990.jpg,1785610408678501120,9.833,26.915,63.085,15,50,633.1,1.95,1,63.085
32991,00032991.jpg,1785610408709499392,9.854,26.442,63.558,20,58,631.1,1.52,1,63.558
32992,00032992.jpg,1785610408744266752,9.844,26.348,63.652,16,54,651.6,2.29,1,63.652
32993,00032993.jpg,1785610408777333504,9.838,26.507,63.493,15,50,636.0,2.47,1,63.493
32994,00032994.jpg,1785610408809152512,9.834,26.917,63.083,15,55,657.7,1.76,1,63.083
32995,00032995.jpg,1785610408843881216,9.832,26.659,63.341,18,60,656.1,1.55,1,63.341
32996,00032996.jpg,1785610408877173760,9.831,26.795,63.205,17,54,644.5,0.81,1,63.205
32997,00032997.jpg,1785610408909391104,9.683,25.965,64.035,16,51,646.9,1.68,1,64.035
32998,00032998.jpg,1785610408944461824,8.813,26.978,63.022,16,53,669.3,2.45,1,63.022
32999,00032999.jpg,1785610408978599936,7.727,26.632,63.368,16,49,636.4,1.98,1,63.368
33000,00033000.jpg,1785610409011454720,5.96,27.348,62.652,13,42,615.7,2.18,1,62.652
33001,00033001.jpg,1785610409043066112,4.868,26.695,63.305,12,42,607.2,1.7,1,63.305
33002,00033002.jpg,1785610409076724992,4.984,26.179,63.821,12,44,626.4,1.63,1,63.821
33003,00033003.jpg,1785610409110053888,7.963,26.769,63.231,12,44,636.9,1.57,1,63.231
33004,00033004.jpg,1785610409143121408,9.069,26.88,63.12,14,47,650.7,2.44,1,63.12
33005,00033005.jpg,1785610409178874368,9.55,26.498,63.502,13,44,632.8,2.29,1,63.502
33006,00033006.jpg,1785610409210706688,9.749,27.028,62.972,15,53,641.1,1.61,1,62.972
33007,00033007.jpg,1785610409244058624,9.836,27.421,62.579,13,46,625.6,1.62,1,62.579
33008,00033008.jpg,1785610409276919040,9.874,27.049,62.951,12,45,677.7,1.93,1,62.951
33009,00033009.jpg,1785610409310061056,9.889,26.771,63.229,12,42,614.6,1.11,1,63.229
33010,00033010.jpg,1785610409343559936,9.897,26.75,63.25,12,42,637.7,1.28,1,63.25
33011,00033011.jpg,1785610409378639360,9.903,27.001,62.999,11,40,626.8,0.92,1,62.999
33012,00033012.jpg,1785610409410089472,9.923,27.183,62.817,12,39,614.7,1.34,1,62.817
33013,00033013.jpg,1785610409443415296,9.907,26.955,63.045,12,41,570.2,1.42,1,63.045
33014,00033014.jpg,1785610409476545024,9.91,27.167,62.833,11,43,566.4,1.57,1,62.833
33015,00033015.jpg,1785610409510074880,9.912,26.282,63.718,11,37,543.6,2.14,1,63.718
33016,00033016.jpg,1785610409542988288,9.911,26.134,63.866,13,37,543.8,2.52,1,63.866
33017,00033017.jpg,1785610409577239040,9.909,26.128,63.872,11,35,523.6,2.62,1,63.872
33018,00033018.jpg,1785610409609142016,9.907,27.278,62.722,9,31,504.8,2.43,1,62.722
33019,00033019.jpg,1785610409643931136,9.906,27.391,62.609,10,33,503.9,1.45,1,62.609
33020,00033020.jpg,1785610409676996864,9.906,27.197,62.803,12,34,527.7,1.38,1,62.803
33021,00033021.jpg,1785610409709332480,9.907,27.279,62.721,10,36,513.4,1.36,1,62.721
33022,00033022.jpg,1785610409743516928,9.908,26.768,63.232,9,32,512.2,1.25,1,63.232
33023,00033023.jpg,1785610409779743488,9.908,26.545,63.455,9,33,510.3,1.64,1,63.455
33024,00033024.jpg,1785610409809748224,9.909,26.386,63.614,8,31,504.1,1.63,1,63.614
33025,00033025.jpg,1785610409843545088,9.917,26.644,63.356,7,29,476.3,1.52,1,63.356
33026,00033026.jpg,1785610409876937216,9.919,27.075,62.925,8,28,478.6,1.43,1,62.925
33027,00033027.jpg,1785610409909632000,9.915,27.723,62.277,8,29,480.2,2.31,1,62.277
33028,00033028.jpg,1785610409943914240,9.924,27.806,62.194,7,29,472.2,2.04,1,62.194
33029,00033029.jpg,1785610409978501888,9.922,26.746,63.254,8,30,482.4,0.65,1,63.254
33030,00033030.jpg,1785610410010303744,9.921,26.43,63.57,7,33,506.5,1.6,1,63.57
33031,00033031.jpg,1785610410043166208,9.919,27.592,62.408,6,29,489.3,1.29,1,62.408
33032,00033032.jpg,1785610410077685760,9.757,27.508,62.492,8,28,494.6,1.85,1,62.492
33033,00033033.jpg,1785610410109165312,8.784,26.987,63.013,7,28,487.1,1.85,1,63.013
33034,00033034.jpg,1785610410142863360,7.158,26.802,63.198,6,29,477.5,1.91,1,63.198
33035,00033035.jpg,1785610410177084672,5.919,26.765,63.235,6,28,472.0,1.52,1,63.235
33036,00033036.jpg,1785610410210715392,4.958,26.766,63.234,6,29,492.6,1.51,1,63.234
33037,00033037.jpg,1785610410244241920,5.034,27.365,62.635,6,33,501.1,1.21,1,62.635
33038,00033038.jpg,1785610410278678272,7.974,27.42,62.58,7,30,485.9,1.47,1,62.58
33039,00033039.jpg,1785610410309302528,9.026,26.313,63.687,6,28,474.5,1.82,1,63.687
33040,00033040.jpg,1785610410343674880,9.513,27.247,62.753,7,31,496.6,2.12,1,62.753
33041,00033041.jpg,1785610410377401088,9.72,27.194,62.806,6,32,505.0,1.41,1,62.806
33042,00033042.jpg,1785610410412091136,9.807,27.471,62.529,9,36,540.3,1.67,1,62.529
33043,00033043.jpg,1785610410443415040,9.842,27.985,62.015,7,36,544.8,1.45,1,62.015
33044,00033044.jpg,1785610410477627392,9.857,28.016,61.984,8,38,548.3,1.7,1,61.984
33045,00033045.jpg,1785610410510044416,9.863,27.474,62.526,7,33,519.5,1.26,1,62.526
33046,00033046.jpg,1785610410545380096,9.865,26.894,63.106,9,38,561.7,1.07,1,63.106
33047,00033047.jpg,1785610410577290752,9.866,27.12,62.88,9,41,570.9,1.34,1,62.88
33048,00033048.jpg,1785610410609837824,9.867,26.914,63.086,8,36,567.2,1.43,1,63.086
33049,00033049.jpg,1785610410642755328,9.867,27.41,62.59,6,36,567.4,1.46,1,62.59
33050,00033050.jpg,1785610410682152704,9.867,27.201,62.799,8,37,593.0,1.41,1,62.799
33051,00033051.jpg,1785610410710922496,9.867,27.411,62.589,6,33,584.9,1.48,1,62.589
33052,00033052.jpg,1785610410744307968,9.867,26.876,63.124,6,35,579.2,1.03,1,63.124
33053,00033053.jpg,1785610410777819136,9.867,27.155,62.845,7,38,611.5,1.03,1,62.845
33054,00033054.jpg,1785610410809230592,9.867,27.418,62.582,8,35,605.8,1.55,1,62.582
33055,00033055.jpg,1785610410843874304,9.866,27.673,62.327,9,40,628.7,1.66,1,62.327
33056,00033056.jpg,1785610410877209344,9.866,26.915,63.085,9,39,638.1,1.36,1,63.085
33057,00033057.jpg,1785610410910058240,9.866,27.215,62.785,10,43,649.3,1.13,1,62.785
33058,00033058.jpg,1785610410943223808,9.866,27.313,62.687,9,42,665.0,1.02,1,62.687
33059,00033059.jpg,1785610410977613568,9.866,27.315,62.685,9,42,664.2,1.4,1,62.685
33060,00033060.jpg,1785610411009638656,9.866,26.604,63.396,10,42,674.2,1.0,1,63.396
33061,00033061.jpg,1785610411042902784,9.866,26.664,63.336,9,40,684.9,1.52,1,63.336
33062,00033062.jpg,1785610411077448192,9.866,26.74,63.26,9,44,697.1,1.53,1,63.26
33063,00033063.jpg,1785610411109277696,9.866,27.074,62.926,9,42,683.8,1.08,1,62.926
33064,00033064.jpg,1785610411144232960,9.866,27.633,62.367,10,46,695.4,1.12,1,62.367
33065,00033065.jpg,1785610411176317696,9.866,27.341,62.659,11,46,714.0,0.96,1,62.659
33066,00033066.jpg,1785610411210182400,9.866,26.842,63.158,12,49,749.4,1.61,1,63.158
33067,00033067.jpg,1785610411243610112,9.866,26.915,63.085,12,49,766.7,1.18,1,63.085
33068,00033068.jpg,1785610411277077504,9.866,26.661,63.339,10,48,766.1,0.97,1,63.339
33069,00033069.jpg,1785610411312726272,9.866,27.031,62.969,14,60,826.5,1.38,1,62.969
33070,00033070.jpg,1785610411344541952,9.866,27.436,62.564,13,55,814.1,1.26,1,62.564
33071,00033071.jpg,1785610411376846336,9.865,26.811,63.189,13,53,802.2,0.91,1,63.189
33072,00033072.jpg,1785610411410024960,9.865,27.099,62.901,14,60,848.4,1.43,1,62.901
33073,00033073.jpg,1785610411443423744,9.865,27.186,62.814,14,58,869.0,1.73,1,62.814
33074,00033074.jpg,1785610411478528512,9.865,26.304,63.696,14,55,880.2,1.48,1,63.696
33075,00033075.jpg,1785610411510044672,9.865,27.345,62.655,17,62,931.8,1.45,1,62.655
33076,00033076.jpg,1785610411543113984,9.865,26.99,63.01,13,58,912.8,1.47,1,63.01
33077,00033077.jpg,1785610411576749824,9.865,27.094,62.906,15,59,937.9,1.35,1,62.906
33078,00033078.jpg,1785610411610475008,9.865,26.762,63.238,18,65,975.5,1.3,1,63.238
33079,00033079.jpg,1785610411643056896,9.865,27.161,62.839,13,62,973.2,1.0,1,62.839
33080,00033080.jpg,1785610411677017600,9.865,27.62,62.38,16,58,980.8,1.22,1,62.38
33081,00033081.jpg,1785610411711506944,9.865,26.909,63.091,14,57,966.8,1.27,1,63.091
33082,00033082.jpg,1785610411743361792,9.865,26.981,63.019,18,70,1044.8,1.53,1,63.019
33083,00033083.jpg,1785610411776798976,9.865,27.335,62.665,17,63,1030.6,1.52,1,62.665
33084,00033084.jpg,1785610411810097664,9.865,26.831,63.169,17,64,1023.0,1.46,1,63.169
33085,00033085.jpg,1785610411843485696,9.865,26.405,63.595,14,63,1014.5,1.01,1,63.595
33086,00033086.jpg,1785610411877314816,9.865,26.846,63.154,14,61,1013.4,0.96,1,63.154
33087,00033087.jpg,1785610411909872128,9.865,26.738,63.262,16,63,1051.0,0.9,1,63.262
33088,00033088.jpg,1785610411946368768,9.867,27.058,62.942,16,61,1044.5,1.1,1,62.942
33089,00033089.jpg,1785610411976404992,9.869,26.505,63.495,16,61,1029.9,1.2,1,63.495
33090,00033090.jpg,1785610412010421248,9.887,26.621,63.379,15,60,1039.8,0.96,1,63.379
33091,00033091.jpg,1785610412043846144,9.923,26.045,63.955,14,62,1033.8,1.05,1,63.955
33092,00033092.jpg,1785610412081880320,9.927,26.092,63.908,17,66,1068.4,1.18,1,63.908
33093,00033093.jpg,1785610412109439488,9.996,25.852,64.148,14,60,1019.3,1.11,1,64.148
33094,00033094.jpg,1785610412143056640,9.992,25.756,64.244,18,68,1026.0,1.5,1,64.244
33095,00033095.jpg,1785610412178646016,10.054,25.55,64.45,21,70,1058.3,1.74,1,64.45
33096,00033096.jpg,1785610412211027200,10.145,25.673,64.327,17,67,1029.4,1.39,1,64.327
33097,00033097.jpg,1785610412243300096,10.259,25.645,64.355,17,66,1039.8,1.61,1,64.355
33098,00033098.jpg,1785610412276029696,10.37,26.422,63.578,15,67,1050.0,1.75,1,63.578
33099,00033099.jpg,1785610412308918016,10.731,26.331,63.669,22,84,1198.1,1.5,1,63.669
33100,00033100.jpg,1785610412343572736,11.398,25.633,64.367,21,77,1107.5,1.83,1,64.367
33101,00033101.jpg,1785610412377771008,12.199,26.395,63.605,16,68,1066.5,1.7,1,63.605
33102,00033102.jpg,1785610412409858304,13.218,26.462,63.538,18,69,1084.5,1.6,1,63.538
33103,00033103.jpg,1785610412443264000,14.252,26.677,63.323,19,79,1114.7,1.3,1,63.323
33104,00033104.jpg,1785610412476826880,15.241,26.02,63.98,15,67,1015.4,1.54,1,63.98
33105,00033105.jpg,1785610412510820864,15.918,26.738,63.262,13,64,1001.9,1.48,1,63.262
33106,00033106.jpg,1785610412542931712,11.115,28.588,61.412,16,68,1028.1,0.97,1,61.412
33107,00033107.jpg,1785610412578342400,9.224,29.068,60.932,14,72,1022.4,0.91,1,60.932
33108,00033108.jpg,1785610412609387776,9.236,28.798,61.202,14,63,1027.6,1.17,1,61.202
33109,00033109.jpg,1785610412643300608,9.33,29.471,60.529,17,71,1058.0,1.31,1,60.529
33110,00033110.jpg,1785610412678661632,9.641,30.198,59.802,12,56,1009.1,1.31,1,59.802
33111,00033111.jpg,1785610412712247296,10.008,29.822,60.178,15,69,1095.7,1.05,1,60.178
33112,00033112.jpg,1785610412744680192,11.148,29.76,60.24,14,67,1124.3,1.06,1,60.24
33113,00033113.jpg,1785610412776822272,11.611,29.64,60.36,12,65,1093.0,1.06,1,60.36
33114,00033114.jpg,1785610412810053376,12.403,29.447,60.553,13,58,1036.0,1.2,1,60.553
33115,00033115.jpg,1785610412846680320,13.132,29.596,60.404,10,53,963.4,0.98,1,60.404
33116,00033116.jpg,1785610412878327296,13.518,28.539,61.461,12,57,975.7,1.02,1,61.461
33117,00033117.jpg,1785610412910259712,8.966,28.29,61.71,10,56,947.4,1.5,1,61.71
33118,00033118.jpg,1785610412943864576,7.831,28.048,61.952,13,57,967.1,1.03,1,61.952
33119,00033119.jpg,1785610412977678336,8.13,27.494,62.506,9,48,935.4,0.89,1,62.506
33120,00033120.jpg,1785610413009069312,8.834,28.3,61.7,10,52,936.6,0.94,1,61.7
33121,00033121.jpg,1785610413043617536,9.362,28.577,61.423,12,52,920.6,1.47,1,61.423
33122,00033122.jpg,1785610413076918016,9.64,28.786,61.214,13,56,892.9,1.23,1,61.214
33123,00033123.jpg,1785610413108970496,9.86,29.842,60.158,9,39,810.3,1.11,1,60.158
33124,00033124.jpg,1785610413143514880,9.878,29.799,60.201,8,40,812.0,1.37,1,60.201
33125,00033125.jpg,1785610413177737216,10.018,28.381,61.619,8,41,814.4,1.0,1,61.619
33126,00033126.jpg,1785610413211367680,10.359,27.603,62.397,8,42,832.7,0.94,1,62.397
33127,00033127.jpg,1785610413243337984,11.069,28.326,61.674,10,42,810.6,0.93,1,61.674
33128,00033128.jpg,1785610413277047552,11.826,30.12,59.88,7,39,777.6,0.89,1,59.88
33129,00033129.jpg,1785610413309189632,12.788,29.077,60.923,6,36,757.2,0.94,1,60.923
33130,00033130.jpg,1785610413345882880,13.806,28.978,61.022,5,34,747.1,0.91,1,61.022
33131,00033131.jpg,1785610413377697024,14.446,28.005,61.995,5,35,760.0,1.0,1,61.995
33132,00033132.jpg,1785610413410756352,11.436,27.523,62.477,6,34,746.5,0.59,1,62.477
33133,00033133.jpg,1785610413443227392,7.4,27.402,62.598,8,34,653.2,0.38,1,62.598
33134,00033134.jpg,1785610413477482496,7.644,27.435,62.565,5,28,631.8,0.45,1,62.565
33135,00033135.jpg,1785610413509695744,8.407,26.915,63.085,6,30,659.5,1.06,1,63.085
33136,00033136.jpg,1785610413543346432,9.239,26.8,63.2,6,30,652.5,0.52,1,63.2
33137,00033137.jpg,1785610413577608960,10.112,27.385,62.615,6,28,614.5,0.74,1,62.615
33138,00033138.jpg,1785610413610188288,10.824,27.211,62.789,4,22,533.9,0.69,1,62.789
33139,00033139.jpg,1785610413643162112,11.529,27.425,62.575,6,21,537.1,0.51,1,62.575
33140,00033140.jpg,1785610413677716224,11.98,27.049,62.951,4,20,544.1,0.96,1,62.951
33141,00033141.jpg,1785610413712296448,9.403,27.407,62.593,6,24,577.3,0.68,1,62.593
33142,00033142.jpg,1785610413744264448,8.703,27.465,62.535,6,26,611.1,0.85,1,62.535
33143,00033143.jpg,1785610413777892096,9.421,27.446,62.554,6,28,642.9,0.58,1,62.554
33144,00033144.jpg,1785610413809618688,10.722,26.968,63.032,4,24,579.1,1.03,1,63.032
33145,00033145.jpg,1785610413845512448,11.493,27.348,62.652,7,29,580.2,0.59,1,62.652
33146,00033146.jpg,1785610413877438720,12.281,27.559,62.441,6,22,384.3,1.02,1,62.441
33147,00033147.jpg,1785610413909901056,13.35,27.945,62.055,7,25,330.1,1.03,1,62.055
33148,00033148.jpg,1785610413943490304,14.451,30.792,59.208,4,15,173.7,1.2,1,59.208
33149,00033149.jpg,1785610413977554944,15.294,30.794,59.206,9,37,354.2,1.55,1,59.206
33150,00033150.jpg,1785610414009644800,15.82,30.299,59.701,11,42,421.2,1.02,1,59.701
33151,00033151.jpg,1785610414043288064,10.801,30.382,59.618,12,55,585.3,1.52,1,59.618
33152,00033152.jpg,1785610414074903552,6.285,30.749,59.251,9,47,577.7,1.35,1,59.251
33153,00033153.jpg,1785610414110159616,7.166,29.662,60.338,11,48,570.9,0.86,1,60.338
33154,00033154.jpg,1785610414143484160,8.572,28.971,61.029,9,40,544.4,1.02,1,61.029
33155,00033155.jpg,1785610414176496128,9.401,28.061,61.939,8,40,564.7,0.94,1,61.939
33156,00033156.jpg,1785610414210070272,9.756,28.205,61.795,11,54,729.5,1.22,1,61.795
33157,00033157.jpg,1785610414243272192,9.83,26.769,63.231,10,53,775.7,1.0,1,63.231
33158,00033158.jpg,1785610414275751424,9.775,27.022,62.978,12,64,980.5,1.0,1,62.978
33159,00033159.jpg,1785610414308665600,9.717,27.213,62.787,12,65,1068.9,0.84,1,62.787
33160,00033160.jpg,1785610414344849920,9.687,26.632,63.368,12,61,1076.7,0.76,1,63.368
33161,00033161.jpg,1785610414376248064,9.694,27.546,62.454,18,75,1158.9,0.91,1,62.454
33162,00033162.jpg,1785610414410551296,9.728,27.743,62.257,18,74,1160.0,0.73,1,62.257
33163,00033163.jpg,1785610414443190016,9.766,27.699,62.301,15,70,1146.1,0.71,1,62.301
33164,00033164.jpg,1785610414481864192,9.819,27.451,62.549,16,69,1142.6,1.03,1,62.549
33165,00033165.jpg,1785610414510206976,9.85,27.126,62.874,16,74,1146.6,0.6,1,62.874
33166,00033166.jpg,1785610414543118848,9.833,26.843,63.157,17,68,1139.0,0.57,1,63.157
33167,00033167.jpg,1785610414577592320,9.811,26.591,63.409,19,79,1176.6,0.75,1,63.409
33168,00033168.jpg,1785610414610573824,9.781,27.059,62.941,16,60,1109.3,0.87,1,62.941
33169,00033169.jpg,1785610414643490048,9.768,26.725,63.275,15,67,1149.5,0.74,1,63.275
33170,00033170.jpg,1785610414677520896,9.769,26.324,63.676,19,66,1134.5,1.11,1,63.676
33171,00033171.jpg,1785610414709843968,9.771,27.326,62.674,13,61,1097.7,0.85,1,62.674
33172,00033172.jpg,1785610414744035072,9.791,27.256,62.744,15,66,1115.7,0.89,1,62.744
33173,00033173.jpg,1785610414777025536,9.786,27.142,62.858,15,66,1103.9,1.15,1,62.858
33174,00033174.jpg,1785610414808470272,9.811,26.908,63.092,12,56,1072.2,0.86,1,63.092
33175,00033175.jpg,1785610414842984192,9.808,26.619,63.381,16,65,1098.6,0.9,1,63.381
33176,00033176.jpg,1785610414876989952,9.804,26.101,63.899,12,57,1043.4,0.99,1,63.899
33177,00033177.jpg,1785610414909512192,9.789,26.215,63.785,13,61,1044.1,1.1,1,63.785
33178,00033178.jpg,1785610414943174656,9.783,26.753,63.247,14,57,1047.0,0.85,1,63.247
33179,00033179.jpg,1785610414981678080,9.783,26.56,63.44,12,56,1020.5,0.78,1,63.44
33180,00033180.jpg,1785610415008878080,9.781,26.57,63.43,12,60,1024.8,0.75,1,63.43
33181,00033181.jpg,1785610415044020224,9.782,26.371,63.629,13,56,1003.5,0.79,1,63.629
33182,00033182.jpg,1785610415077296384,9.783,26.41,63.59,11,55,1023.4,0.85,1,63.59
33183,00033183.jpg,1785610415109691392,9.783,26.43,63.57,13,57,1013.6,0.96,1,63.57
33184,00033184.jpg,1785610415143969792,9.784,26.578,63.422,13,55,1008.9,1.28,1,63.422
33185,00033185.jpg,1785610415177372672,9.785,26.904,63.096,14,61,1035.1,0.79,1,63.096
33186,00033186.jpg,1785610415211261696,9.786,26.613,63.387,11,57,997.8,0.86,1,63.387
33187,00033187.jpg,1785610415243203584,9.786,26.847,63.153,11,54,973.8,0.85,1,63.153
33188,00033188.jpg,1785610415276552448,9.787,26.512,63.488,12,54,1005.8,1.12,1,63.488
33189,00033189.jpg,1785610415309991424,9.787,26.705,63.295,10,52,953.3,0.9,1,63.295
33190,00033190.jpg,1785610415344956928,9.788,26.872,63.128,11,54,1005.3,1.12,1,63.128
33191,00033191.jpg,1785610415376942848,9.788,26.178,63.822,14,59,1029.0,1.16,1,63.822
33192,00033192.jpg,1785610415409901056,9.788,26.56,63.44,12,54,984.5,0.99,1,63.44
33193,00033193.jpg,1785610415441782016,9.789,25.91,64.09,10,51,967.4,1.25,1,64.09
33194,00033194.jpg,1785610415481764352,9.789,26.415,63.585,12,53,991.3,1.05,1,63.585
33195,00033195.jpg,1785610415509798400,9.789,26.545,63.455,11,53,1001.8,1.14,1,63.455
33196,00033196.jpg,1785610415543744768,9.789,26.864,63.136,10,48,935.8,0.75,1,63.136
33197,00033197.jpg,1785610415574155264,9.79,26.803,63.197,11,54,978.5,1.0,1,63.197
33198,00033198.jpg,1785610415609105664,9.79,26.677,63.323,11,51,977.6,1.07,1,63.323
33199,00033199.jpg,1785610415643654400,9.79,26.555,63.445,12,56,975.7,0.99,1,63.445
33200,00033200.jpg,1785610415675143936,9.791,26.928,63.072,13,57,987.4,0.83,1,63.072
33201,00033201.jpg,1785610415708598528,9.791,26.889,63.111,12,54,971.3,0.7,1,63.111
33202,00033202.jpg,1785610415742921472,9.791,26.759,63.241,11,52,947.4,0.96,1,63.241
33203,00033203.jpg,1785610415778262784,9.791,26.492,63.508,11,53,961.5,1.07,1,63.508
33204,00033204.jpg,1785610415810020096,9.791,26.487,63.513,11,49,931.4,1.08,1,63.513
33205,00033205.jpg,1785610415843222528,9.791,26.489,63.511,11,55,965.4,1.08,1,63.511
33206,00033206.jpg,1785610415874862848,9.791,26.369,63.631,12,53,947.5,1.01,1,63.631
33207,00033207.jpg,1785610415907982848,9.792,26.371,63.629,12,52,913.2,0.77,1,63.629
33208,00033208.jpg,1785610415943568896,9.792,26.392,63.608,12,54,953.5,0.87,1,63.608
33209,00033209.jpg,1785610415978516224,9.792,26.867,63.133,11,52,954.9,0.89,1,63.133
33210,00033210.jpg,1785610416009276160,9.792,26.478,63.522,11,47,902.4,0.76,1,63.522
33211,00033211.jpg,1785610416041427968,9.792,26.76,63.24,10,50,948.9,0.65,1,63.24
33212,00033212.jpg,1785610416077534208,9.792,26.261,63.739,13,58,958.6,1.13,1,63.739
33213,00033213.jpg,1785610416112131072,9.793,26.266,63.734,10,51,933.7,1.22,1,63.734
33214,00033214.jpg,1785610416142679040,9.793,26.688,63.312,10,50,928.0,0.99,1,63.312
33215,00033215.jpg,1785610416178518016,9.793,26.211,63.789,9,44,915.7,1.17,1,63.789
33216,00033216.jpg,1785610416209229568,9.793,26.418,63.582,10,49,939.6,0.7,1,63.582
33217,00033217.jpg,1785610416241703424,9.793,26.337,63.663,10,47,946.4,1.07,1,63.663
33218,00033218.jpg,1785610416278587904,9.793,26.798,63.202,11,49,945.2,0.73,1,63.202
33219,00033219.jpg,1785610416309248000,9.793,26.767,63.233,10,48,951.6,0.57,1,63.233
33220,00033220.jpg,1785610416343781888,9.794,26.492,63.508,12,55,975.7,0.77,1,63.508
33221,00033221.jpg,1785610416377097472,9.794,26.489,63.511,12,55,982.4,0.84,1,63.511
33222,00033222.jpg,1785610416408967168,9.794,26.414,63.586,12,51,965.7,0.69,1,63.586
33223,00033223.jpg,1785610416443617792,9.794,26.547,63.453,12,50,954.5,1.06,1,63.453
33224,00033224.jpg,1785610416476309248,9.794,26.729,63.271,11,53,939.6,0.81,1,63.271
33225,00033225.jpg,1785610416509156608,9.794,26.476,63.524,10,48,932.3,0.75,1,63.524
33226,00033226.jpg,1785610416543663360,9.794,26.429,63.571,9,49,931.8,0.92,1,63.571
33227,00033227.jpg,1785610416576640512,9.795,25.779,64.221,12,51,964.4,0.92,1,64.221
33228,00033228.jpg,1785610416609189120,9.795,26.275,63.725,11,49,953.2,0.76,1,63.725
33229,00033229.jpg,1785610416643812096,9.795,26.366,63.634,11,50,942.9,0.73,1,63.634
33230,00033230.jpg,1785610416676750592,9.795,26.235,63.765,11,51,951.3,0.73,1,63.765
33231,00033231.jpg,1785610416709404672,9.795,26.621,63.379,13,52,972.6,0.52,1,63.379
33232,00033232.jpg,1785610416745601024,9.795,26.145,63.855,13,53,978.2,0.76,1,63.855
33233,00033233.jpg,1785610416776970752,9.795,25.895,64.105,12,54,967.1,0.97,1,64.105
33234,00033234.jpg,1785610416809431296,9.795,26.495,63.505,12,49,955.1,0.93,1,63.505
33235,00033235.jpg,1785610416843801600,9.796,26.499,63.501,11,49,951.5,0.63,1,63.501
33236,00033236.jpg,1785610416881319168,9.796,26.189,63.811,13,50,962.2,0.82,1,63.811
33237,00033237.jpg,1785610416909346048,9.796,25.995,64.005,12,50,957.6,1.26,1,64.005
33238,00033238.jpg,1785610416943751424,9.796,26.364,63.636,12,53,957.0,0.92,1,63.636
33239,00033239.jpg,1785610416976369408,9.796,26.104,63.896,12,50,934.0,1.0,1,63.896
33240,00033240.jpg,1785610417008372224,9.796,26.02,63.98,9,45,918.6,0.69,1,63.98
33241,00033241.jpg,1785610417043284992,9.796,26.114,63.886,11,47,941.9,1.07,1,63.886
33242,00033242.jpg,1785610417076809984,9.796,26.657,63.343,12,49,957.6,0.82,1,63.343
33243,00033243.jpg,1785610417111006976,9.796,26.326,63.674,12,49,962.1,0.47,1,63.674
33244,00033244.jpg,1785610417142109696,9.796,26.56,63.44,11,45,948.4,0.86,1,63.44
33245,00033245.jpg,1785610417177467392,9.797,26.032,63.968,9,44,943.7,0.82,1,63.968
33246,00033246.jpg,1785610417208847360,9.797,26.102,63.898,9,44,947.3,0.85,1,63.898
33247,00033247.jpg,1785610417247493888,9.797,26.599,63.401,9,46,958.6,0.79,1,63.401
33248,00033248.jpg,1785610417276314880,9.797,26.559,63.441,10,45,965.7,0.71,1,63.441
33249,00033249.jpg,1785610417308265728,9.797,26.394,63.606,13,53,997.5,0.78,1,63.606
33250,00033250.jpg,1785610417342770688,9.797,26.28,63.72,10,46,976.0,0.83,1,63.72
33251,00033251.jpg,1785610417374505984,9.797,26.502,63.498,11,47,988.1,0.77,1,63.498
33252,00033252.jpg,1785610417409745920,9.797,26.426,63.574,10,47,987.3,0.61,1,63.574
33253,00033253.jpg,1785610417442805248,9.797,26.305,63.695,12,53,1007.3,0.5,1,63.695
33254,00033254.jpg,1785610417476473856,9.797,25.993,64.007,14,52,1020.6,0.93,1,64.007
33255,00033255.jpg,1785610417509763328,9.798,26.392,63.608,10,48,1008.8,0.72,1,63.608
33256,00033256.jpg,1785610417543156480,9.798,26.285,63.715,9,45,987.2,0.66,1,63.715
33257,00033257.jpg,1785610417577361920,9.798,26.713,63.287,11,49,1014.1,0.67,1,63.287
33258,00033258.jpg,1785610417608306432,9.798,26.312,63.688,9,43,1004.0,0.78,1,63.688
33259,00033259.jpg,1785610417643637504,9.798,26.517,63.483,12,51,1045.7,0.76,1,63.483
33260,00033260.jpg,1785610417677016064,9.798,26.471,63.529,13,50,1049.8,0.64,1,63.529
33261,00033261.jpg,1785610417707333120,9.798,26.654,63.346,12,50,1051.3,0.68,1,63.346
33262,00033262.jpg,1785610417743428096,9.798,26.265,63.735,12,51,1061.8,0.8,1,63.735
33263,00033263.jpg,1785610417777446144,9.798,26.131,63.869,11,49,1061.2,0.82,1,63.869
33264,00033264.jpg,1785610417808884992,9.798,26.303,63.697,14,54,1090.2,0.96,1,63.697
33265,00033265.jpg,1785610417843557120,9.798,26.26,63.74,13,56,1086.2,0.84,1,63.74
33266,00033266.jpg,1785610417879297024,9.795,26.325,63.675,12,49,1076.0,0.6,1,63.675
33267,00033267.jpg,1785610417907883008,9.798,26.422,63.578,11,50,1080.3,0.71,1,63.578
33268,00033268.jpg,1785610417943056128,9.799,26.469,63.531,11,48,1085.0,0.9,1,63.531
33269,00033269.jpg,1785610417976302336,9.799,26.703,63.297,15,56,1125.0,0.85,1,63.297
33270,00033270.jpg,1785610418009764608,9.799,26.143,63.857,12,55,1121.7,0.84,1,63.857
33271,00033271.jpg,1785610418043089920,9.323,26.17,63.83,13,54,1113.6,0.71,1,63.83
33272,00033272.jpg,1785610418076816640,8.56,26.225,63.775,12,49,1119.1,0.83,1,63.775
33273,00033273.jpg,1785610418110370816,6.87,26.559,63.441,11,50,1116.0,0.94,1,63.441
33274,00033274.jpg,1785610418143111680,5.016,26.36,63.64,13,54,1148.8,1.07,1,63.64
33275,00033275.jpg,1785610418176387840,4.377,26.45,63.55,14,59,1163.8,0.61,1,63.55
33276,00033276.jpg,1785610418208493312,3.785,26.249,63.751,13,55,1159.1,0.84,1,63.751
33277,00033277.jpg,1785610418243250944,4.023,26.658,63.342,13,54,1184.0,1.0,1,63.342
33278,00033278.jpg,1785610418274453504,7.232,26.642,63.358,13,54,1174.4,0.63,1,63.358
33279,00033279.jpg,1785610418309007104,8.762,26.246,63.754,14,56,1192.4,0.59,1,63.754
33280,00033280.jpg,1785610418342580480,9.42,25.96,64.04,13,52,1195.9,0.85,1,64.04
33281,00033281.jpg,1785610418377150464,9.699,26.698,63.302,14,56,1217.3,0.88,1,63.302
33282,00033282.jpg,1785610418409077248,9.813,26.357,63.643,15,57,1240.1,0.99,1,63.643
33283,00033283.jpg,1785610418442080512,9.862,26.387,63.613,14,55,1246.0,0.73,1,63.613
33284,00033284.jpg,1785610418476583936,9.885,26.576,63.424,14,59,1257.0,0.83,1,63.424
33285,00033285.jpg,1785610418509489920,9.894,26.426,63.574,14,55,1277.1,0.88,1,63.574
33286,00033286.jpg,1785610418543087360,9.898,26.211,63.789,13,61,1289.3,0.8,1,63.789
33287,00033287.jpg,1785610418576884992,9.9,26.429,63.571,13,53,1282.0,0.9,1,63.571
33288,00033288.jpg,1785610418608251392,9.902,26.547,63.453,14,57,1317.9,0.56,1,63.453
33289,00033289.jpg,1785610418644304384,9.916,26.275,63.725,12,54,1323.4,0.82,1,63.725
33290,00033290.jpg,1785610418677043712,9.912,26.287,63.713,13,59,1363.0,0.76,1,63.713
33291,00033291.jpg,1785610418709612544,9.948,25.534,64.466,11,57,1374.0,0.97,1,64.466
33292,00033292.jpg,1785610418742825216,10.026,25.148,64.852,12,54,1423.6,0.56,1,64.852
33293,00033293.jpg,1785610418774301184,9.911,25.143,64.857,13,56,1432.3,0.92,1,64.857
33294,00033294.jpg,1785610418809515008,9.952,26.119,63.881,12,58,1451.7,0.75,1,63.881
33295,00033295.jpg,1785610418843159808,9.976,26.763,63.237,12,52,1428.8,0.76,1,63.237
33296,00033296.jpg,1785610418876349952,9.99,27.408,62.592,12,55,1443.0,0.7,1,62.592
33297,00033297.jpg,1785610418909638656,9.995,27.707,62.293,13,60,1484.0,0.57,1,62.293
33298,00033298.jpg,1785610418941714432,9.964,27.349,62.651,13,59,1489.0,0.78,1,62.651
33299,00033299.jpg,1785610418976952064,9.915,27.631,62.369,12,57,1488.0,0.7,1,62.369
33300,00033300.jpg,1785610419009995776,9.878,27.24,62.76,11,54,1491.8,0.67,1,62.76
33301,00033301.jpg,1785610419043088640,9.874,27.092,62.908,11,52,1508.3,0.74,1,62.908
33302,00033302.jpg,1785610419078784768,9.888,27.498,62.502,10,54,1521.4,0.6,1,62.502
33303,00033303.jpg,1785610419108341504,9.893,27.3,62.7,12,54,1529.8,0.93,1,62.7
33304,00033304.jpg,1785610419141788416,9.891,27.832,62.168,11,55,1532.5,0.91,1,62.168
33305,00033305.jpg,1785610419174454784,9.883,27.591,62.409,11,56,1552.1,0.95,1,62.409
33306,00033306.jpg,1785610419210606592,9.877,27.292,62.708,12,57,1574.1,0.92,1,62.708
33307,00033307.jpg,1785610419243161600,9.879,27.586,62.414,12,58,1582.5,0.92,1,62.414
33308,00033308.jpg,1785610419273860864,9.88,27.512,62.488,12,59,1582.3,0.68,1,62.488
33309,00033309.jpg,1785610419308989440,9.881,27.709,62.291,13,64,1593.8,0.82,1,62.291
33310,00033310.jpg,1785610419344995584,9.887,27.486,62.514,13,65,1588.1,0.81,1,62.514
33311,00033311.jpg,1785610419376040704,9.891,27.246,62.754,11,59,1573.5,0.63,1,62.754
33312,00033312.jpg,1785610419408772096,9.918,27.135,62.865,12,60,1606.2,0.71,1,62.865
33313,00033313.jpg,1785610419442990592,9.973,26.353,63.647,14,66,1654.7,0.73,1,63.647
33314,00033314.jpg,1785610419476852736,9.978,26.466,63.534,14,63,1671.8,0.83,1,63.534
33315,00033315.jpg,1785610419511365632,9.944,26.583,63.417,11,60,1649.1,0.7,1,63.417
33316,00033316.jpg,1785610419541893120,9.962,27.3,62.7,13,65,1655.1,1.05,1,62.7
33317,00033317.jpg,1785610419573938944,9.996,27.712,62.288,17,69,1661.6,0.94,1,62.288
33318,00033318.jpg,1785610419608700160,10.009,28.234,61.766,17,69,1671.0,0.89,1,61.766
33319,00033319.jpg,1785610419646083072,9.996,28.49,61.51,15,71,1653.3,1.19,1,61.51
33320,00033320.jpg,1785610419673932288,9.939,28.303,61.697,13,65,1623.5,0.73,1,61.697
33321,00033321.jpg,1785610419709367808,9.89,28.339,61.661,13,62,1622.5,0.95,1,61.661
33322,00033322.jpg,1785610419742010112,9.886,28.212,61.788,14,65,1639.8,0.91,1,61.788
33323,00033323.jpg,1785610419776221440,9.893,27.806,62.194,13,64,1618.3,0.57,1,62.194
33324,00033324.jpg,1785610419808828928,9.92,28.215,61.785,13,62,1610.4,0.9,1,61.785
33325,00033325.jpg,1785610419841976320,9.923,28.104,61.896,14,65,1623.7,1.0,1,61.896
33326,00033326.jpg,1785610419878214144,9.914,28.458,61.542,13,65,1600.9,0.86,1,61.542
33327,00033327.jpg,1785610419909423616,9.882,28.325,61.675,15,67,1622.0,0.86,1,61.675
33328,00033328.jpg,1785610419942736640,9.876,28.38,61.62,13,66,1632.4,0.7,1,61.62
33329,00033329.jpg,1785610419976752896,9.876,28.27,61.73,13,63,1608.8,0.73,1,61.73
33330,00033330.jpg,1785610420009605376,9.874,28.537,61.463,14,68,1618.5,0.78,1,61.463
33331,00033331.jpg,1785610420043559424,9.875,28.371,61.629,16,68,1630.6,0.68,1,61.629
33332,00033332.jpg,1785610420077361152,9.878,28.367,61.633,15,69,1611.2,0.99,1,61.633
33333,00033333.jpg,1785610420108390912,9.878,28.252,61.748,14,66,1625.3,0.83,1,61.748
33334,00033334.jpg,1785610420141838080,9.88,28.286,61.714,15,67,1624.4,0.84,1,61.714
33335,00033335.jpg,1785610420178214400,9.881,28.547,61.453,17,73,1642.7,0.77,1,61.453
33336,00033336.jpg,1785610420209487104,9.881,28.412,61.588,14,67,1618.5,0.98,1,61.588
33337,00033337.jpg,1785610420241366528,9.882,28.535,61.465,13,65,1603.5,0.8,1,61.465
33338,00033338.jpg,1785610420276744192,9.883,28.166,61.834,14,64,1612.8,0.92,1,61.834
33339,00033339.jpg,1785610420309608704,9.883,28.485,61.515,13,67,1605.3,0.92,1,61.515
33340,00033340.jpg,1785610420342837760,9.884,28.651,61.349,14,68,1616.6,0.75,1,61.349
33341,00033341.jpg,1785610420374939392,9.884,28.568,61.432,14,63,1601.3,0.84,1,61.432
33342,00033342.jpg,1785610420408392960,9.885,28.598,61.402,14,63,1582.3,1.0,1,61.402
33343,00033343.jpg,1785610420443536128,9.885,28.335,61.665,14,67,1562.6,1.03,1,61.665
33344,00033344.jpg,1785610420477057280,9.885,28.605,61.395,15,70,1601.4,1.29,1,61.395
33345,00033345.jpg,1785610420508907776,9.886,28.664,61.336,15,66,1581.9,0.93,1,61.336
33346,00033346.jpg,1785610420543585024,9.886,28.449,61.551,14,65,1570.9,0.7,1,61.551
33347,00033347.jpg,1785610420573778432,9.886,28.296,61.704,15,67,1565.8,1.12,1,61.704
33348,00033348.jpg,1785610420609234432,9.887,28.468,61.532,15,66,1556.1,1.02,1,61.532
33349,00033349.jpg,1785610420645027584,9.887,28.509,61.491,15,64,1527.9,0.94,1,61.491
33350,00033350.jpg,1785610420674856704,9.887,28.388,61.612,15,64,1508.1,1.01,1,61.612
33351,00033351.jpg,1785610420708671488,9.889,28.723,61.277,15,63,1521.5,1.14,1,61.277
33352,00033352.jpg,1785610420743542784,9.903,28.641,61.359,15,62,1522.4,1.14,1,61.359
33353,00033353.jpg,1785610420773919232,9.903,29.181,60.819,14,63,1498.9,1.03,1,60.819
33354,00033354.jpg,1785610420809386496,9.935,29.516,60.484,14,64,1474.5,1.23,1,60.484
33355,00033355.jpg,1785610420843469568,9.9,29.326,60.674,15,67,1463.0,1.11,1,60.674
33356,00033356.jpg,1785610420874351872,9.907,28.783,61.217,16,70,1454.3,1.09,1,61.217
33357,00033357.jpg,1785610420908828928,9.92,28.523,61.477,13,63,1418.7,1.04,1,61.477
33358,00033358.jpg,1785610420943512832,9.92,28.4,61.6,19,71,1460.3,0.99,1,61.6
33359,00033359.jpg,1785610420976225024,9.917,28.181,61.819,14,66,1446.3,1.0,1,61.819
33360,00033360.jpg,1785610421007720704,9.899,28.006,61.994,15,64,1446.2,1.05,1,61.994
33361,00033361.jpg,1785610421042278912,9.893,28.217,61.783,17,69,1465.3,1.21,1,61.783
33362,00033362.jpg,1785610421076269056,9.889,28.221,61.779,14,60,1438.4,0.89,1,61.779
33363,00033363.jpg,1785610421107730688,9.886,27.977,62.023,15,66,1446.2,0.92,1,62.023
33364,00033364.jpg,1785610421142265600,9.885,28.02,61.98,15,64,1440.8,0.97,1,61.98
33365,00033365.jpg,1785610421176627968,9.887,28.395,61.605,15,64,1452.0,0.98,1,61.605
33366,00033366.jpg,1785610421209590784,9.888,28.238,61.762,15,67,1445.5,1.33,1,61.762
33367,00033367.jpg,1785610421243432448,9.889,28.456,61.544,14,62,1437.1,1.12,1,61.544
33368,00033368.jpg,1785610421281172480,9.71,28.404,61.596,15,63,1443.8,1.0,1,61.596
33369,00033369.jpg,1785610421308788992,8.765,28.2,61.8,17,68,1457.4,0.97,1,61.8
33370,00033370.jpg,1785610421343554304,7.271,28.168,61.832,17,68,1459.5,1.0,1,61.832
33371,00033371.jpg,1785610421378096384,6.488,28.222,61.778,15,63,1422.4,1.02,1,61.778
33372,00033372.jpg,1785610421409816320,8.752,28.306,61.694,16,67,1442.7,0.98,1,61.694
33373,00033373.jpg,1785610421442934528,9.403,28.428,61.572,15,63,1414.6,0.93,1,61.572
33374,00033374.jpg,1785610421478161920,9.678,28.406,61.594,16,66,1427.0,1.06,1,61.594
33375,00033375.jpg,1785610421508804096,9.946,28.733,61.267,15,63,1415.1,1.34,1,61.267
33376,00033376.jpg,1785610421543591168,10.465,28.224,61.776,16,67,1424.4,1.3,1,61.776
33377,00033377.jpg,1785610421576737792,11.145,28.437,61.563,17,67,1426.9,0.84,1,61.563
33378,00033378.jpg,1785610421609563904,12.069,28.61,61.39,16,65,1408.0,1.17,1,61.39
33379,00033379.jpg,1785610421641915392,12.885,28.335,61.665,16,65,1402.7,0.87,1,61.665
33380,00033380.jpg,1785610421674970624,13.816,28.721,61.279,15,63,1383.3,1.2,1,61.279
33381,00033381.jpg,1785610421709008128,14.495,28.618,61.382,17,65,1392.5,1.12,1,61.382
33382,00033382.jpg,1785610421741846272,11.106,28.266,61.734,16,64,1385.9,1.05,1,61.734
33383,00033383.jpg,1785610421776838144,6.674,28.448,61.552,14,58,1363.5,0.95,1,61.552
33384,00033384.jpg,1785610421809172736,7.07,27.793,62.207,16,62,1381.5,1.13,1,62.207
33385,00033385.jpg,1785610421841825280,8.085,28.657,61.343,15,61,1380.4,1.09,1,61.343
33386,00033386.jpg,1785610421876254464,9.458,28.627,61.373,15,61,1364.6,1.01,1,61.373
33387,00033387.jpg,1785610421912024576,10.669,28.418,61.582,16,62,1371.1,1.27,1,61.582
33388,00033388.jpg,1785610421941489920,11.204,28.443,61.557,15,63,1385.5,1.12,1,61.557
33389,00033389.jpg,1785610421976081664,12.202,28.283,61.717,15,63,1381.3,1.06,1,61.717
33390,00033390.jpg,1785610422008739584,13.144,28.591,61.409,16,63,1390.4,1.06,1,61.409
33391,00033391.jpg,1785610422041931008,13.703,28.916,61.084,16,61,1385.7,1.39,1,61.084
33392,00033392.jpg,1785610422074375168,11.082,28.66,61.34,15,61,1379.0,1.25,1,61.34
33393,00033393.jpg,1785610422109485568,7.19,28.285,61.715,16,64,1375.7,0.94,1,61.715
33394,00033394.jpg,1785610422141414656,7.48,28.706,61.294,15,59,1367.7,1.05,1,61.294
33395,00033395.jpg,1785610422176069376,8.4,28.797,61.203,16,63,1387.5,1.2,1,61.203
33396,00033396.jpg,1785610422209577728,9.059,28.911,61.089,14,58,1361.0,1.39,1,61.089
33397,00033397.jpg,1785610422241906944,9.476,29.229,60.771,15,61,1358.9,1.52,1,60.771
33398,00033398.jpg,1785610422274784000,9.704,29.208,60.792,18,66,1411.7,1.38,1,60.792
33399,00033399.jpg,1785610422307987200,9.854,28.574,61.426,16,65,1378.8,1.31,1,61.426
33400,00033400.jpg,1785610422340714240,9.985,28.154,61.846,18,63,1349.0,0.83,1,61.846
33401,00033401.jpg,1785610422373841152,10.07,28.448,61.552,20,71,1387.0,0.75,1,61.552
33402,00033402.jpg,1785610422410180864,10.789,28.092,61.908,16,62,1365.1,1.05,1,61.908
33403,00033403.jpg,1785610422443257088,10.581,28.386,61.614,16,67,1394.1,0.92,1,61.614
33404,00033404.jpg,1785610422473684480,9.414,28.101,61.899,16,63,1381.6,0.79,1,61.899
33405,00033405.jpg,1785610422509345792,9.355,28.149,61.851,16,62,1378.4,0.79,1,61.851
33406,00033406.jpg,1785610422545903104,10.076,28.743,61.257,15,61,1374.9,0.96,1,61.257
33407,00033407.jpg,1785610422574155776,10.358,28.731,61.269,17,61,1382.5,0.97,1,61.269
33408,00033408.jpg,1785610422608712704,10.8,29.06,60.94,13,57,1344.7,1.18,1,60.94
33409,00033409.jpg,1785610422643305216,10.507,28.697,61.303,19,71,1368.5,1.16,1,61.303
33410,00033410.jpg,1785610422677007872,9.406,28.412,61.588,20,67,1344.6,0.91,1,61.588
33411,00033411.jpg,1785610422708164608,9.415,28.412,61.588,19,71,1351.9,0.85,1,61.588
33412,00033412.jpg,1785610422741804800,9.589,27.974,62.026,19,66,1342.3,0.8,1,62.026
33413,00033413.jpg,1785610422773858816,9.722,27.805,62.195,17,69,1356.6,0.93,1,62.195
33414,00033414.jpg,1785610422807040512,9.795,27.798,62.202,15,66,1355.9,0.94,1,62.202
33415,00033415.jpg,1785610422843219456,9.839,28.01,61.99,17,66,1379.9,0.99,1,61.99
33416,00033416.jpg,1785610422877112832,9.866,27.945,62.055,16,65,1396.8,1.02,1,62.055
33417,00033417.jpg,1785610422907547904,10.063,28.323,61.677,17,65,1401.1,0.97,1,61.677
33418,00033418.jpg,1785610422944817920,10.545,28.326,61.674,16,59,1387.0,0.96,1,61.674
33419,00033419.jpg,1785610422973714176,11.136,28.14,61.86,18,63,1404.2,0.94,1,61.86
33420,00033420.jpg,1785610423008169984,11.915,27.971,62.029,18,66,1410.4,1.01,1,62.029
33421,00033421.jpg,1785610423043889920,12.445,28.358,61.642,15,64,1401.3,0.83,1,61.642
33422,00033422.jpg,1785610423074306048,10.885,28.063,61.937,16,63,1405.2,0.84,1,61.937
33423,00033423.jpg,1785610423108291328,8.08,28.129,61.871,17,60,1402.4,0.75,1,61.871
33424,00033424.jpg,1785610423143417600,8.231,28.178,61.822,16,61,1403.2,0.89,1,61.822
33425,00033425.jpg,1785610423174659328,8.798,28.299,61.701,15,61,1405.4,0.75,1,61.701
33426,00033426.jpg,1785610423209798144,9.281,28.398,61.602,15,58,1385.7,0.79,1,61.602
33427,00033427.jpg,1785610423241506304,9.557,28.345,61.655,17,63,1412.4,1.05,1,61.655
33428,00033428.jpg,1785610423274703616,9.717,27.964,62.036,15,59,1398.9,0.96,1,62.036
33429,00033429.jpg,1785610423309427200,9.801,27.75,62.25,15,58,1387.8,0.98,1,62.25
33430,00033430.jpg,1785610423341505792,9.84,27.922,62.078,15,56,1379.8,0.84,1,62.078
33431,00033431.jpg,1785610423376086016,9.927,27.86,62.14,18,63,1422.1,1.03,1,62.14
33432,00033432.jpg,1785610423408154368,10.008,28.196,61.804,17,61,1414.1,1.1,1,61.804
33433,00033433.jpg,1785610423441852672,10.14,27.979,62.021,14,59,1382.2,1.08,1,62.021
33434,00033434.jpg,1785610423476677632,9.708,27.929,62.071,16,64,1416.1,1.04,1,62.071
33435,00033435.jpg,1785610423508286208,9.674,27.893,62.107,15,61,1400.1,1.05,1,62.107
33436,00033436.jpg,1785610423543214592,9.738,28.229,61.771,16,59,1399.1,1.28,1,61.771
33437,00033437.jpg,1785610423573872896,9.792,28.343,61.657,16,63,1415.8,1.28,1,61.657
33438,00033438.jpg,1785610423607505920,9.83,28.157,61.843,15,61,1409.9,1.13,1,61.843
33439,00033439.jpg,1785610423642289152,9.851,28.26,61.74,14,59,1385.4,0.98,1,61.74
33440,00033440.jpg,1785610423673474816,9.863,28.21,61.79,15,60,1397.9,1.17,1,61.79
33441,00033441.jpg,1785610423708298496,9.87,28.224,61.776,17,65,1418.5,0.91,1,61.776
33442,00033442.jpg,1785610423741787392,9.871,28.275,61.725,16,66,1419.8,1.2,1,61.725
33443,00033443.jpg,1785610423775038208,9.872,28.038,61.962,16,63,1408.5,0.94,1,61.962
33444,00033444.jpg,1785610423807185920,9.872,27.873,62.127,18,68,1434.4,0.84,1,62.127
33445,00033445.jpg,1785610423842136320,9.871,27.892,62.108,18,63,1425.7,0.95,1,62.108
33446,00033446.jpg,1785610423874704640,9.871,28.069,61.931,15,58,1399.0,0.89,1,61.931
33447,00033447.jpg,1785610423908071424,9.871,27.688,62.312,17,64,1423.3,0.94,1,62.312
33448,00033448.jpg,1785610423941519360,9.87,27.632,62.368,16,60,1410.7,0.98,1,62.368
33449,00033449.jpg,1785610423974302976,9.87,27.625,62.375,16,66,1432.9,0.86,1,62.375
33450,00033450.jpg,1785610424007462144,9.869,28.366,61.634,16,63,1407.6,1.21,1,61.634
33451,00033451.jpg,1785610424041930496,9.869,27.949,62.051,14,60,1401.5,1.04,1,62.051
33452,00033452.jpg,1785610424073500928,9.869,27.802,62.198,17,64,1427.3,0.96,1,62.198
33453,00033453.jpg,1785610424107100672,9.868,27.673,62.327,15,62,1402.6,0.98,1,62.327
33454,00033454.jpg,1785610424142008064,9.868,28.105,61.895,14,59,1382.7,0.85,1,61.895
33455,00033455.jpg,1785610424176555776,9.867,27.701,62.299,18,67,1429.5,1.06,1,62.299
33456,00033456.jpg,1785610424208267008,9.867,27.775,62.225,16,60,1409.5,0.97,1,62.225
33457,00033457.jpg,1785610424241170176,9.866,27.702,62.298,17,62,1420.9,1.06,1,62.298
33458,00033458.jpg,1785610424274932992,9.866,27.67,62.33,18,63,1432.5,0.84,1,62.33
33459,00033459.jpg,1785610424307376128,9.865,27.804,62.196,15,62,1409.5,0.84,1,62.196
33460,00033460.jpg,1785610424341220608,9.865,27.896,62.104,17,64,1435.5,1.11,1,62.104
33461,00033461.jpg,1785610424373631488,9.865,28.165,61.835,19,65,1437.6,0.97,1,61.835
33462,00033462.jpg,1785610424408536320,9.864,27.687,62.313,14,54,1376.3,0.88,1,62.313
33463,00033463.jpg,1785610424441575936,9.864,27.792,62.208,14,58,1390.2,0.77,1,62.208
33464,00033464.jpg,1785610424474173440,9.863,27.644,62.356,14,60,1393.1,1.01,1,62.356
33465,00033465.jpg,1785610424508238336,9.863,27.842,62.158,15,59,1400.7,0.95,1,62.158
33466,00033466.jpg,1785610424541971712,9.863,27.404,62.596,15,56,1388.6,0.93,1,62.596
33467,00033467.jpg,1785610424574168576,9.862,27.569,62.431,18,63,1427.5,1.15,1,62.431
33468,00033468.jpg,1785610424606969088,9.862,27.962,62.038,16,61,1412.1,0.78,1,62.038
33469,00033469.jpg,1785610424641791488,9.861,27.905,62.095,15,59,1398.0,0.8,1,62.095
33470,00033470.jpg,1785610424674715392,9.861,28.181,61.819,16,58,1399.7,1.01,1,61.819
33471,00033471.jpg,1785610424707875840,9.861,27.851,62.149,16,60,1416.7,1.01,1,62.149
33472,00033472.jpg,1785610424740995840,9.86,27.565,62.435,16,60,1409.0,0.93,1,62.435
33473,00033473.jpg,1785610424774582272,9.86,27.995,62.005,14,56,1379.8,0.85,1,62.005
33474,00033474.jpg,1785610424808340992,9.86,27.871,62.129,14,55,1376.6,0.96,1,62.129
33475,00033475.jpg,1785610424841728512,9.859,27.446,62.554,16,61,1408.9,0.99,1,62.554
33476,00033476.jpg,1785610424876891648,9.859,27.59,62.41,17,62,1427.1,0.9,1,62.41
33477,00033477.jpg,1785610424908497152,9.859,28.27,61.73,17,62,1427.8,1.01,1,61.73
33478,00033478.jpg,1785610424943751424,9.858,27.965,62.035,16,62,1416.1,1.01,1,62.035
33479,00033479.jpg,1785610424975057664,9.858,27.805,62.195,15,58,1398.8,1.01,1,62.195
33480,00033480.jpg,1785610425009270528,9.857,27.91,62.09,17,61,1413.6,1.04,1,62.09
33481,00033481.jpg,1785610425041777408,9.857,27.713,62.287,17,59,1401.5,0.84,1,62.287
33482,00033482.jpg,1785610425073751040,9.857,28.097,61.903,17,62,1412.9,0.9,1,61.903
33483,00033483.jpg,1785610425107342080,9.856,28.054,61.946,16,60,1402.1,0.84,1,61.946
33484,00033484.jpg,1785610425142405632,9.856,27.791,62.209,15,59,1401.2,0.96,1,62.209
33485,00033485.jpg,1785610425173854720,9.856,27.859,62.141,16,60,1400.6,0.88,1,62.141
33486,00033486.jpg,1785610425208942080,9.855,28.293,61.707,19,66,1444.6,1.02,1,61.707
33487,00033487.jpg,1785610425242587392,9.855,27.93,62.07,16,62,1417.0,1.03,1,62.07
33488,00033488.jpg,1785610425274502400,9.855,27.582,62.418,17,64,1416.8,0.83,1,62.418
33489,00033489.jpg,1785610425308570112,9.854,28.255,61.745,15,59,1388.7,0.85,1,61.745
33490,00033490.jpg,1785610425342530816,9.854,28.292,61.708,17,62,1415.1,1.2,1,61.708
33491,00033491.jpg,1785610425375947520,9.854,27.858,62.142,15,58,1392.9,0.86,1,62.142
33492,00033492.jpg,1785610425407034368,9.861,27.859,62.141,16,61,1414.2,0.95,1,62.141
33493,00033493.jpg,1785610425441561088,9.862,28.432,61.568,17,61,1395.8,1.11,1,61.568
33494,00033494.jpg,1785610425474988544,9.883,28.273,61.727,18,64,1391.8,0.9,1,61.727
33495,00033495.jpg,1785610425509663488,9.859,28.296,61.704,14,59,1370.0,1.16,1,61.704
33496,00033496.jpg,1785610425541936640,9.861,27.78,62.22,17,62,1374.6,0.85,1,62.22
33497,00033497.jpg,1785610425575190272,9.869,27.935,62.065,19,67,1390.8,0.81,1,62.065
33498,00033498.jpg,1785610425606805760,9.867,27.546,62.454,17,63,1374.1,0.92,1,62.454
33499,00033499.jpg,1785610425643233024,9.861,27.514,62.486,16,65,1390.1,0.9,1,62.486
33500,00033500.jpg,1785610425674625024,9.855,27.679,62.321,15,59,1374.3,0.78,1,62.321
33501,00033501.jpg,1785610425708148992,9.849,27.663,62.337,14,58,1364.2,1.02,1,62.337
33502,00033502.jpg,1785610425741410304,9.848,27.467,62.533,15,59,1371.6,0.84,1,62.533
33503,00033503.jpg,1785610425774237696,9.849,27.646,62.354,17,61,1395.4,0.89,1,62.354
33504,00033504.jpg,1785610425810852352,9.861,27.543,62.457,15,57,1363.5,1.23,1,62.457
33505,00033505.jpg,1785610425842191104,9.861,27.698,62.302,14,55,1342.8,1.31,1,62.302
33506,00033506.jpg,1785610425873541888,9.901,27.004,62.996,14,54,1308.4,2.39,1,62.996
33507,00033507.jpg,1785610425910601984,9.868,26.126,63.874,13,55,1281.2,2.29,1,63.874
33508,00033508.jpg,1785610425941059840,9.873,27.138,62.862,18,63,1305.4,1.61,1,62.862
33509,00033509.jpg,1785610425976097280,9.898,27.682,62.318,13,52,1258.1,0.98,1,62.318
33510,00033510.jpg,1785610426008244992,9.913,27.474,62.526,12,53,1262.6,0.48,1,62.526
33511,00033511.jpg,1785610426041566720,9.912,27.854,62.146,13,54,1278.2,0.41,1,62.146
33512,00033512.jpg,1785610426073999872,9.9,27.682,62.318,13,52,1269.3,0.32,1,62.318
33513,00033513.jpg,1785610426107047424,9.859,27.74,62.26,13,57,1295.3,0.55,1,62.26
33514,00033514.jpg,1785610426141064192,9.849,27.639,62.361,13,54,1301.7,0.54,1,62.361
33515,00033515.jpg,1785610426176278016,9.842,27.816,62.184,15,56,1318.4,0.31,1,62.184
33516,00033516.jpg,1785610426207043584,9.347,27.84,62.16,15,57,1337.8,0.27,1,62.16
33517,00033517.jpg,1785610426241853184,8.661,27.773,62.227,16,59,1349.7,0.36,1,62.227
33518,00033518.jpg,1785610426274073088,6.959,27.72,62.28,14,59,1340.6,0.43,1,62.28
33519,00033519.jpg,1785610426307038976,5.143,27.512,62.488,16,57,1345.4,0.75,1,62.488
33520,00033520.jpg,1785610426341859584,4.642,27.938,62.062,16,58,1361.2,0.32,1,62.062
33521,00033521.jpg,1785610426373979648,4.376,27.838,62.162,16,59,1366.9,0.48,1,62.162
33522,00033522.jpg,1785610426407867392,7.621,27.596,62.404,15,58,1345.9,0.59,1,62.404
33523,00033523.jpg,1785610426440764416,8.902,27.873,62.127,15,59,1359.8,0.4,1,62.127
33524,00033524.jpg,1785610426476100096,9.494,27.486,62.514,17,62,1378.9,0.5,1,62.514
33525,00033525.jpg,1785610426508454912,9.716,27.586,62.414,15,58,1360.0,0.51,1,62.414
33526,00033526.jpg,1785610426541756416,9.818,27.6,62.4,15,57,1365.4,0.5,1,62.4
33527,00033527.jpg,1785610426573402624,9.867,27.424,62.576,17,61,1378.0,0.65,1,62.576
33528,00033528.jpg,1785610426608260864,9.9,27.578,62.422,16,61,1353.8,0.82,1,62.422
33529,00033529.jpg,1785610426641807616,9.907,27.704,62.296,16,57,1339.3,0.81,1,62.296
33530,00033530.jpg,1785610426673722624,9.968,27.107,62.893,17,63,1321.2,1.59,1,62.893
33531,00033531.jpg,1785610426708381184,10.008,27.074,62.926,16,60,1296.3,1.79,1,62.926
33532,00033532.jpg,1785610426741766400,9.994,26.878,63.122,15,56,1242.0,2.05,1,63.122
33533,00033533.jpg,1785610426774993664,9.997,26.376,63.624,13,56,1147.6,1.7,1,63.624
33534,00033534.jpg,1785610426811696128,10.099,27.628,62.372,16,55,1128.1,0.91,1,62.372
33535,00033535.jpg,1785610426841838848,10.135,27.826,62.174,14,56,1081.0,0.42,1,62.174
33536,00033536.jpg,1785610426873278976,10.177,28.0,62.0,16,56,1106.9,1.02,1,62.0
33537,00033537.jpg,1785610426907728896,10.16,28.502,61.498,16,59,1139.9,1.11,1,61.498
33538,00033538.jpg,1785610426941612800,10.091,28.353,61.647,15,57,1184.7,1.21,1,61.647
33539,00033539.jpg,1785610426974456320,9.955,28.248,61.752,15,56,1206.5,1.1,1,61.752
33540,00033540.jpg,1785610427008347904,9.889,28.538,61.462,15,58,1239.8,1.07,1,61.462
33541,00033541.jpg,1785610427042065664,9.903,27.774,62.226,15,60,1241.3,0.81,1,62.226
33542,00033542.jpg,1785610427074014976,9.999,27.766,62.234,16,60,1225.3,0.66,1,62.234
33543,00033543.jpg,1785610427108659200,10.161,27.751,62.249,14,54,1161.1,0.79,1,62.249
33544,00033544.jpg,1785610427140500224,10.127,27.584,62.416,14,53,1026.3,1.22,1,62.416
33545,00033545.jpg,1785610427174674688,10.233,27.648,62.352,13,50,867.9,0.73,1,62.352
33546,00033546.jpg,1785610427207332864,10.395,27.723,62.277,12,45,740.9,0.69,1,62.277
33547,00033547.jpg,1785610427240730112,10.455,27.856,62.144,13,46,657.5,0.62,1,62.144
33548,00033548.jpg,1785610427273478912,10.639,28.138,61.862,11,41,599.3,1.24,1,61.862
33549,00033549.jpg,1785610427309263872,10.719,29.778,60.222,14,49,654.6,1.79,1,60.222
33550,00033550.jpg,1785610427341483520,10.701,28.986,61.014,14,49,676.6,2.38,1,61.014
33551,00033551.jpg,1785610427374545664,10.581,29.556,60.444,13,47,706.3,2.37,1,60.444
33552,00033552.jpg,1785610427407611904,10.24,29.556,60.444,11,42,729.5,3.02,1,60.444
33553,00033553.jpg,1785610427441699584,10.055,29.696,60.304,13,47,795.8,2.72,1,60.304
33554,00033554.jpg,1785610427474944000,9.931,29.274,60.726,14,50,853.9,3.38,1,60.726
33555,00033555.jpg,1785610427507795456,9.825,29.224,60.776,13,49,892.4,2.75,1,60.776
33556,00033556.jpg,1785610427542855680,9.871,28.99,61.01,16,57,970.9,2.64,1,61.01
33557,00033557.jpg,1785610427575399168,9.908,29.488,60.512,18,59,1014.9,2.34,1,60.512
33558,00033558.jpg,1785610427608676608,10.02,29.242,60.758,18,77,1103.8,1.83,1,60.758
33559,00033559.jpg,1785610427641541888,10.064,29.876,60.124,16,75,1169.6,1.73,1,60.124
33560,00033560.jpg,1785610427673388288,10.109,28.876,61.124,17,74,1225.8,2.06,1,61.124
33561,00033561.jpg,1785610427707302400,10.185,27.839,62.161,18,73,1258.1,2.9,1,62.161
33562,00033562.jpg,1785610427741909760,10.222,29.112,60.888,16,73,1263.2,2.48,1,60.888
33563,00033563.jpg,1785610427774458880,10.258,28.405,61.595,17,76,1289.8,2.8,1,61.595
33564,00033564.jpg,1785610427807760384,10.242,28.285,61.715,16,71,1311.7,2.82,1,61.715
33565,00033565.jpg,1785610427841487616,10.144,28.095,61.905,16,75,1332.8,2.69,1,61.905
33566,00033566.jpg,1785610427873472512,10.038,27.87,62.13,18,71,1335.6,2.87,1,62.13
33567,00033567.jpg,1785610427908303360,9.934,29.14,60.86,17,81,1384.4,2.86,1,60.86
33568,00033568.jpg,1785610427941293312,9.929,29.2,60.8,17,67,1312.5,2.72,1,60.8
33569,00033569.jpg,1785610427972942592,9.915,27.596,62.404,17,84,1368.7,3.08,1,62.404
33570,00033570.jpg,1785610428007428608,9.92,27.911,62.089,17,84,1359.4,2.97,1,62.089
33571,00033571.jpg,1785610428041135872,9.944,29.4,60.6,18,80,1315.0,2.13,1,60.6
33572,00033572.jpg,1785610428074806784,9.975,28.136,61.864,17,80,1327.1,2.75,1,61.864
33573,00033573.jpg,1785610428108110848,9.999,27.836,62.164,20,88,1367.2,3.04,1,62.164
33574,00033574.jpg,1785610428141811712,9.989,27.262,62.738,15,75,1302.5,3.02,1,62.738
33575,00033575.jpg,1785610428174382336,9.974,28.866,61.134,17,83,1291.5,2.64,1,61.134
33576,00033576.jpg,1785610428207985920,9.96,29.122,60.878,18,77,1277.0,2.46,1,60.878
33577,00033577.jpg,1785610428241437440,9.959,27.877,62.123,20,75,1269.9,2.67,1,62.123
33578,00033578.jpg,1785610428274107136,9.958,29.448,60.552,21,76,1270.7,3.02,1,60.552
33579,00033579.jpg,1785610428309483776,9.959,26.076,63.924,19,76,1292.9,3.46,1,63.924
33580,00033580.jpg,1785610428341275392,9.963,28.48,61.52,21,70,1269.6,2.45,1,61.52
33581,00033581.jpg,1785610428373728000,9.965,29.108,60.892,18,74,1283.0,2.06,1,60.892
33582,00033582.jpg,1785610428407152896,9.966,28.751,61.249,19,67,1287.7,2.65,1,61.249
33583,00033583.jpg,1785610428442002432,9.968,28.661,61.339,22,80,1326.9,2.75,1,61.339
33584,00033584.jpg,1785610428474069504,10.129,28.746,61.254,20,70,1305.9,2.6,1,61.254
33585,00033585.jpg,1785610428508165888,10.695,28.195,61.805,22,73,1314.5,2.39,1,61.805
33586,00033586.jpg,1785610428541348608,11.261,29.469,60.531,19,72,1307.7,2.48,1,60.531
33587,00033587.jpg,1785610428577600512,12.199,28.781,61.219,18,67,1311.0,2.46,1,61.219
33588,00033588.jpg,1785610428608197120,12.888,28.563,61.437,19,68,1316.7,2.46,1,61.437
33589,00033589.jpg,1785610428640890368,13.282,29.191,60.809,16,63,1269.9,2.89,1,60.809
33590,00033590.jpg,1785610428674542080,8.722,28.58,61.42,17,52,991.4,2.17,1,61.42
33591,00033591.jpg,1785610428707204608,7.585,28.876,61.124,14,50,946.7,2.95,1,61.124
33592,00033592.jpg,1785610428741836288,8.336,28.954,61.046,14,52,958.5,2.27,1,61.046
33593,00033593.jpg,1785610428773388800,10.033,29.04,60.96,16,50,958.0,2.47,1,60.96
33594,00033594.jpg,1785610428807840256,11.101,29.18,60.82,15,44,942.5,2.7,1,60.82
33595,00033595.jpg,1785610428842775040,11.372,28.926,61.074,14,48,987.2,2.52,1,61.074
33596,00033596.jpg,1785610428874087680,12.82,28.789,61.211,12,51,982.5,2.86,1,61.211
33597,00033597.jpg,1785610428907888384,13.957,28.607,61.393,12,39,809.4,1.64,1,61.393
33598,00033598.jpg,1785610428941670144,14.798,28.864,61.136,14,42,807.9,2.31,1,61.136
33599,00033599.jpg,1785610428974588416,15.816,28.293,61.707,15,42,795.8,1.68,1,61.707
33600,00033600.jpg,1785610429007608576,16.436,28.656,61.344,13,46,791.2,1.99,1,61.344
33601,00033601.jpg,1785610429041614080,11.01,28.912,61.088,14,45,795.3,2.43,1,61.088
33602,00033602.jpg,1785610429074993408,5.074,28.119,61.881,13,44,789.5,2.17,1,61.881
33603,00033603.jpg,1785610429107156992,5.719,28.642,61.358,12,37,746.4,1.43,1,61.358
33604,00033604.jpg,1785610429141201664,7.22,28.652,61.348,12,35,734.0,2.04,1,61.348
33605,00033605.jpg,1785610429174380800,8.362,28.774,61.226,9,29,368.6,1.88,1,61.226
33606,00033606.jpg,1785610429207686912,9.062,27.548,62.452,12,34,563.9,2.5,1,62.452
33607,00033607.jpg,1785610429241627136,9.597,27.607,62.393,9,28,500.6,2.97,1,62.393
33608,00033608.jpg,1785610429273536256,10.199,24.888,65.112,8,21,401.2,2.83,1,65.112
33609,00033609.jpg,1785610429307073536,10.883,25.06,64.94,8,26,393.2,2.9,1,64.94
33610,00033610.jpg,1785610429341710336,11.401,24.889,65.111,6,19,225.9,3.48,1,65.111
33611,00033611.jpg,1785610429373250816,10.871,26.003,63.997,5,16,258.1,3.57,1,63.997
33612,00033612.jpg,1785610429407911168,8.741,25.063,64.937,6,23,308.1,3.65,1,64.937
33613,00033613.jpg,1785610429441424896,8.74,26.827,63.173,9,32,739.4,2.14,1,63.173
33614,00033614.jpg,1785610429474627584,9.107,27.573,62.427,11,32,789.9,2.47,1,62.427
33615,00033615.jpg,1785610429506859520,9.417,28.372,61.628,15,47,963.6,1.97,1,61.628
33616,00033616.jpg,1785610429542649344,9.554,28.226,61.774,19,55,1245.2,2.09,1,61.774
33617,00033617.jpg,1785610429573489152,9.718,27.453,62.547,15,57,1389.7,2.46,1,62.547
33618,00033618.jpg,1785610429607118336,9.775,27.184,62.816,19,68,1442.3,2.51,1,62.816
33619,00033619.jpg,1785610429641678080,9.794,26.726,63.274,16,62,1362.6,2.61,1,63.274
33620,00033620.jpg,1785610429674386944,9.818,27.597,62.403,19,69,1402.1,1.85,1,62.403
33621,00033621.jpg,1785610429708932352,9.826,27.595,62.405,19,70,1408.0,2.31,1,62.405
33622,00033622.jpg,1785610429740408832,9.829,26.833,63.167,18,65,1371.9,2.64,1,63.167
33623,00033623.jpg,1785610429776242688,9.831,26.69,63.31,20,78,1395.9,2.52,1,63.31
33624,00033624.jpg,1785610429807613696,9.833,26.376,63.624,21,74,1378.9,2.6,1,63.624
33625,00033625.jpg,1785610429841320960,9.834,27.04,62.96,20,61,1332.7,2.43,1,62.96
33626,00033626.jpg,1785610429874196736,9.834,26.861,63.139,22,68,1348.3,2.36,1,63.139
33627,00033627.jpg,1785610429908720128,9.835,26.925,63.075,18,66,1334.3,2.49,1,63.075
33628,00033628.jpg,1785610429941610496,9.836,26.81,63.19,20,70,1353.4,2.6,1,63.19
33629,00033629.jpg,1785610429973568256,9.837,25.984,64.016,18,71,1329.4,2.53,1,64.016
33630,00033630.jpg,1785610430006985216,9.837,26.264,63.736,23,71,1316.4,2.2,1,63.736
33631,00033631.jpg,1785610430042434816,9.838,25.947,64.053,21,72,1332.4,2.67,1,64.053
33632,00033632.jpg,1785610430077441792,9.67,25.788,64.212,20,74,1332.4,3.08,1,64.212
33633,00033633.jpg,1785610430106540288,8.718,26.108,63.892,22,72,1287.1,2.85,1,63.892
33634,00033634.jpg,1785610430141716480,7.771,26.202,63.798,20,68,1243.2,2.34,1,63.798
33635,00033635.jpg,1785610430173581056,6.058,26.244,63.756,18,73,1250.5,2.64,1,63.756
33636,00033636.jpg,1785610430209417984,4.314,25.878,64.122,20,65,1211.1,2.52,1,64.122
33637,00033637.jpg,1785610430241500160,4.033,26.772,63.228,19,62,1181.3,2.45,1,63.228
33638,00033638.jpg,1785610430273630720,3.91,25.109,64.891,18,65,1197.7,2.76,1,64.891
33639,00033639.jpg,1785610430306776064,7.385,25.816,64.184,19,64,1181.5,2.86,1,64.184
33640,00033640.jpg,1785610430341487616,8.851,26.039,63.961,17,69,1165.8,2.23,1,63.961
33641,00033641.jpg,1785610430372746240,9.518,26.059,63.941,22,69,1160.9,2.41,1,63.941
33642,00033642.jpg,1785610430407185664,9.808,25.71,64.29,20,70,1141.5,2.52,1,64.29
33643,00033643.jpg,1785610430440710912,9.932,25.974,64.026,20,68,1119.8,2.46,1,64.026
33644,00033644.jpg,1785610430473788672,10.0,25.389,64.611,22,74,1145.1,2.85,1,64.611
33645,00033645.jpg,1785610430509223680,10.055,25.701,64.299,23,78,1147.1,2.59,1,64.299
33646,00033646.jpg,1785610430541351424,10.074,24.929,65.071,20,65,1167.1,2.76,1,65.071
33647,00033647.jpg,1785610430575887360,10.133,25.299,64.701,24,70,1224.5,2.16,1,64.701
33648,00033648.jpg,1785610430606649344,10.136,26.1,63.9,24,71,1321.0,2.06,1,63.9
33649,00033649.jpg,1785610430641566208,10.194,25.852,64.148,22,75,1392.1,2.49,1,64.148
33650,00033650.jpg,1785610430674936064,10.249,26.068,63.932,23,79,1480.7,2.64,1,63.932
33651,00033651.jpg,1785610430707063296,10.357,25.848,64.152,24,83,1584.1,2.65,1,64.152
33652,00033652.jpg,1785610430741358336,10.434,26.02,63.98,25,82,1592.2,2.57,1,63.98
33653,00033653.jpg,1785610430773396992,10.545,26.529,63.471,25,89,1674.4,1.64,1,63.471
33654,00033654.jpg,1785610430806913280,10.741,27.525,62.475,21,76,1676.5,1.53,1,62.475
33655,00033655.jpg,1785610430841559040,10.834,27.95,62.05,22,80,1688.9,1.38,1,62.05
33656,00033656.jpg,1785610430873336320,10.905,28.476,61.524,22,86,1675.6,1.34,1,61.524
33657,00033657.jpg,1785610430907561472,10.868,29.389,60.611,21,74,1551.0,1.24,1,60.611
33658,00033658.jpg,1785610430941222400,10.674,28.374,61.626,24,80,1525.8,1.14,1,61.626
33659,00033659.jpg,1785610430974496768,10.322,28.278,61.722,22,77,1447.3,1.22,1,61.722
33660,00033660.jpg,1785610431007340800,9.998,28.665,61.335,23,71,1341.2,1.25,1,61.335
33661,00033661.jpg,1785610431041595136,9.952,28.781,61.219,24,74,1267.4,1.11,1,61.219
33662,00033662.jpg,1785610431074706688,9.855,28.534,61.466,24,73,1193.8,1.21,1,61.466
33663,00033663.jpg,1785610431106934784,9.804,28.401,61.599,24,73,1138.3,1.7,1,61.599
33664,00033664.jpg,1785610431141795328,9.853,28.432,61.568,23,73,1061.7,1.43,1,61.568
33665,00033665.jpg,1785610431173539328,9.867,28.236,61.764,21,64,973.6,1.64,1,61.764
33666,00033666.jpg,1785610431207426304,9.865,28.111,61.889,20,62,953.1,1.49,1,61.889
33667,00033667.jpg,1785610431241343744,9.9,28.026,61.974,20,63,925.0,1.63,1,61.974
33668,00033668.jpg,1785610431274361344,9.971,28.225,61.775,22,65,938.5,1.84,1,61.775
33669,00033669.jpg,1785610431307799808,10.087,26.88,63.12,24,66,929.2,2.02,1,63.12
33670,00033670.jpg,1785610431342500864,10.122,26.692,63.308,22,60,901.5,1.74,1,63.308
33671,00033671.jpg,1785610431373542912,10.143,26.828,63.172,22,70,953.8,1.77,1,63.172
33672,00033672.jpg,1785610431406722048,10.238,27.135,62.865,21,73,1096.2,1.74,1,62.865
33673,00033673.jpg,1785610431440924672,10.323,27.299,62.701,19,71,1151.0,1.61,1,62.701
33674,00033674.jpg,1785610431474152192,10.441,27.364,62.636,19,74,1163.7,1.74,1,62.636
33675,00033675.jpg,1785610431507956992,10.63,27.901,62.099,17,64,1130.4,1.06,1,62.099
33676,00033676.jpg,1785610431541350656,10.778,27.898,62.102,15,58,1133.2,1.43,1,62.102
33677,00033677.jpg,1785610431573655808,10.916,27.952,62.048,15,66,1109.1,1.43,1,62.048
33678,00033678.jpg,1785610431610159104,11.209,28.746,61.254,10,50,1037.9,1.61,1,61.254
33679,00033679.jpg,1785610431641626368,11.254,28.995,61.005,11,55,1018.6,1.29,1,61.005
33680,00033680.jpg,1785610431673457920,11.246,29.639,60.361,10,52,972.6,1.32,1,60.361
33681,00033681.jpg,1785610431708834560,10.903,29.483,60.517,14,63,1010.3,1.7,1,60.517
33682,00033682.jpg,1785610431743902976,10.488,29.295,60.705,16,59,948.8,1.72,1,60.705
33683,00033683.jpg,1785610431773709056,10.167,27.943,62.057,16,60,927.4,2.87,1,62.057
33684,00033684.jpg,1785610431807540992,9.931,28.545,61.455,18,61,869.5,1.95,1,61.455
33685,00033685.jpg,1785610431841240576,9.892,30.271,59.729,18,57,806.3,1.53,1,59.729
33686,00033686.jpg,1785610431873362176,9.925,31.143,58.857,14,50,710.3,1.22,1,58.857
33687,00033687.jpg,1785610431906434560,9.794,31.208,58.792,16,51,707.0,1.12,1,58.792
33688,00033688.jpg,1785610431941342720,9.842,31.747,58.253,17,52,684.1,1.15,1,58.253
33689,00033689.jpg,1785610431974464256,9.837,31.126,58.874,16,49,686.1,1.35,1,58.874
33690,00033690.jpg,1785610432007511296,9.837,31.123,58.877,14,47,654.8,1.38,1,58.877
33691,00033691.jpg,1785610432041443328,9.872,31.346,58.654,12,40,620.3,1.58,1,58.654
33692,00033692.jpg,1785610432072856576,9.881,30.259,59.741,14,40,599.1,1.79,1,59.741
33693,00033693.jpg,1785610432106986496,9.888,31.292,58.708,14,46,602.7,1.22,1,58.708
33694,00033694.jpg,1785610432141738496,9.905,31.614,58.386,15,42,564.3,1.57,1,58.386
33695,00033695.jpg,1785610432173515520,9.911,31.606,58.394,12,36,567.4,1.49,1,58.394
33696,00033696.jpg,1785610432206468608,9.925,31.566,58.434,14,43,567.2,1.66,1,58.434
33697,00033697.jpg,1785610432242466304,9.962,31.855,58.145,14,45,595.4,2.11,1,58.145
33698,00033698.jpg,1785610432273946624,9.969,31.468,58.532,12,38,542.7,1.86,1,58.532
33699,00033699.jpg,1785610432307487744,10.046,33.416,56.584,14,45,505.8,1.54,1,56.584
33700,00033700.jpg,1785610432341695488,10.063,33.646,56.354,12,42,436.2,1.94,1,56.354
33701,00033701.jpg,1785610432374554624,10.03,35.059,54.941,10,29,316.6,1.88,1,54.941
33702,00033702.jpg,1785610432406341888,9.971,36.537,53.463,9,33,326.4,3.1,1,53.463
33703,00033703.jpg,1785610432441683712,9.971,39.881,50.119,10,38,406.3,2.85,1,50.119
33704,00033704.jpg,1785610432474228992,9.987,40.373,49.627,7,28,411.2,2.82,1,49.627
33705,00033705.jpg,1785610432507888640,9.991,43.827,46.173,10,34,454.5,2.93,1,46.173
33706,00033706.jpg,1785610432541574656,9.988,45.904,44.096,11,35,411.9,2.62,1,44.096
33707,00033707.jpg,1785610432573710848,9.941,48.978,41.022,13,40,429.4,1.81,1,41.022
33708,00033708.jpg,1785610432607650816,9.976,50.756,39.244,12,31,340.1,2.85,1,39.244
33709,00033709.jpg,1785610432643055616,9.953,52.435,37.565,14,37,366.6,1.98,1,37.565
33710,00033710.jpg,1785610432672618752,9.944,52.75,37.25,15,38,426.8,1.76,1,37.25
33711,00033711.jpg,1785610432709244160,9.948,52.893,37.107,14,42,413.9,1.61,1,37.107
33712,00033712.jpg,1785610432741573888,9.95,53.851,36.149,12,41,423.7,1.44,1,36.149
33713,00033713.jpg,1785610432774266368,9.966,53.711,36.289,11,38,404.6,2.8,1,36.289
33714,00033714.jpg,1785610432806448384,10.007,53.166,36.834,13,39,414.3,1.68,1,36.834
33715,00033715.jpg,1785610432841252608,10.002,52.625,37.375,14,41,427.5,1.49,1,37.375
33716,00033716.jpg,1785610432873944064,10.126,51.205,38.795,11,33,367.8,1.62,1,38.795
33717,00033717.jpg,1785610432907772928,10.073,49.11,40.89,12,36,378.0,1.81,1,40.89
33718,00033718.jpg,1785610432941289728,9.981,46.835,43.165,12,33,408.3,1.44,1,43.165
33719,00033719.jpg,1785610432972852992,9.973,44.295,45.705,9,35,434.6,1.89,1,45.705
33720,00033720.jpg,1785610433009339648,10.0,42.061,47.939,10,40,454.7,2.26,1,47.939
33721,00033721.jpg,1785610433041502720,10.004,40.319,49.681,11,40,422.0,2.85,1,49.681
33722,00033722.jpg,1785610433074294272,9.999,38.451,51.549,8,38,415.7,1.21,1,51.549
33723,00033723.jpg,1785610433107578624,9.997,35.789,54.211,10,38,440.7,2.12,1,54.211
33724,00033724.jpg,1785610433141234432,9.999,33.238,56.762,7,32,370.3,1.85,1,56.762
33725,00033725.jpg,1785610433174014208,10.0,32.046,57.954,9,38,444.2,2.5,1,57.954
33726,00033726.jpg,1785610433207471104,10.0,29.487,60.513,11,39,533.0,2.41,1,60.513
33727,00033727.jpg,1785610433241600768,9.999,28.098,61.902,11,49,672.9,1.53,1,61.902
33728,00033728.jpg,1785610433273375744,9.998,25.262,64.738,13,49,775.4,1.57,1,64.738
33729,00033729.jpg,1785610433307047680,9.998,23.125,66.875,13,57,896.6,1.3,1,66.875
33730,00033730.jpg,1785610433341148160,9.997,21.339,68.661,15,63,985.7,1.13,1,68.661
33731,00033731.jpg,1785610433373966080,9.997,18.855,71.145,19,68,989.2,1.04,1,71.145
33732,00033732.jpg,1785610433407430144,9.996,16.154,73.846,13,64,1027.3,1.24,1,73.846
33733,00033733.jpg,1785610433442081792,9.996,13.824,76.176,17,65,1112.1,1.02,1,76.176
33734,00033734.jpg,1785610433473324032,9.995,11.903,78.097,15,69,1242.2,0.68,1,78.097
33735,00033735.jpg,1785610433509872128,9.995,9.42,80.58,16,70,1290.3,0.89,1,80.58
33736,00033736.jpg,1785610433541253120,9.994,6.894,83.106,15,67,1243.2,0.97,1,83.106
33737,00033737.jpg,1785610433573191424,9.994,4.529,85.471,15,66,1206.5,1.37,1,85.471
33738,00033738.jpg,1785610433607846912,9.993,2.216,87.784,15,61,1192.9,1.28,1,87.784
33739,00033739.jpg,1785610433641594624,9.993,89.983,0.017,16,65,1204.7,0.92,1,90.017
33740,00033740.jpg,1785610433673831168,9.992,87.784,2.216,13,64,1154.2,0.84,1,92.216
33741,00033741.jpg,1785610433708460800,9.991,85.626,4.374,13,61,1107.7,0.89,1,94.374
33742,00033742.jpg,1785610433741341184,9.991,83.359,6.641,19,75,1223.9,1.36,1,96.641
33743,00033743.jpg,1785610433773477120,9.975,80.706,9.294,12,70,1314.6,1.37,1,99.294
33744,00033744.jpg,1785610433807835136,9.985,78.343,11.657,14,63,1250.6,1.4,1,101.657
33745,00033745.jpg,1785610433841458688,9.977,76.647,13.353,16,69,1263.8,1.37,1,103.353
33746,00033746.jpg,1785610433874505728,10.046,75.7,14.3,19,63,1223.9,1.86,1,104.3
33747,00033747.jpg,1785610433907490304,10.077,75.883,14.117,19,60,1169.3,2.47,1,104.117
33748,00033748.jpg,1785610433941022720,10.053,75.891,14.109,19,53,995.4,2.63,1,104.109
33749,00033749.jpg,1785610433973201152,10.111,75.596,14.404,13,60,907.7,2.13,1,104.404
33750,00033750.jpg,1785610434007904000,10.193,75.42,14.58,12,40,781.6,1.94,1,104.58
33751,00033751.jpg,1785610434041068544,10.273,75.473,14.527,12,51,823.1,1.89,1,104.527
33752,00033752.jpg,1785610434073936640,10.333,76.206,13.794,12,46,807.6,1.42,1,103.794
33753,00033753.jpg,1785610434106784000,10.49,75.51,14.49,13,50,742.1,0.86,1,104.49
33754,00033754.jpg,1785610434140360448,10.566,75.045,14.955,13,52,711.3,1.09,1,104.955
33755,00033755.jpg,1785610434173716480,10.618,73.76,16.24,9,37,691.1,0.72,1,106.24
33756,00033756.jpg,1785610434208398592,10.512,73.087,16.913,11,45,758.7,1.28,1,106.913
33757,00033757.jpg,1785610434241165312,10.328,73.294,16.706,11,53,843.5,1.15,1,106.706
33758,00033758.jpg,1785610434274036224,10.135,73.488,16.512,13,61,863.7,1.33,1,106.512
33759,00033759.jpg,1785610434307590144,9.901,73.04,16.96,14,66,857.0,1.31,1,106.96
33760,00033760.jpg,1785610434340407552,9.88,73.98,16.02,13,58,845.5,1.11,1,106.02
33761,00033761.jpg,1785610434374010368,9.841,73.611,16.389,12,64,927.3,1.14,1,106.389
33762,00033762.jpg,1785610434408444416,9.991,73.551,16.449,15,68,993.0,1.12,1,106.449
33763,00033763.jpg,1785610434440279296,10.232,73.79,16.21,12,65,1042.9,1.33,1,106.21
33764,00033764.jpg,1785610434474180864,10.748,73.625,16.375,18,65,1103.5,0.97,1,106.375
33765,00033765.jpg,1785610434508766464,11.68,73.661,16.339,16,71,1146.4,1.03,1,106.339
33766,00033766.jpg,1785610434541547008,12.445,73.93,16.07,18,62,1163.4,1.19,1,106.07
33767,00033767.jpg,1785610434574306304,13.487,73.895,16.105,16,64,1205.8,1.13,1,106.105
33768,00033768.jpg,1785610434607492864,14.698,73.746,16.254,14,68,1250.9,1.09,1,106.254
33769,00033769.jpg,1785610434642573824,15.837,73.734,16.266,16,62,1270.7,0.65,1,106.266
33770,00033770.jpg,1785610434674206208,16.922,73.759,16.241,15,64,1294.0,0.62,1,106.241
33771,00033771.jpg,1785610434707328256,18.01,73.637,16.363,15,71,1364.5,0.67,1,106.363
33772,00033772.jpg,1785610434741763072,18.621,73.485,16.515,18,72,1376.0,0.69,1,106.515
33773,00033773.jpg,1785610434774428672,11.106,73.807,16.193,15,61,1364.0,0.74,1,106.193
33774,00033774.jpg,1785610434806487808,3.477,73.432,16.568,15,64,1372.3,0.62,1,106.568
33775,00033775.jpg,1785610434841310720,4.353,73.744,16.256,18,69,1381.8,0.66,1,106.256
33776,00033776.jpg,1785610434872752896,6.321,73.756,16.244,18,60,1364.6,0.75,1,106.244
33777,00033777.jpg,1785610434907269888,7.826,73.609,16.391,16,70,1417.7,0.76,1,106.391
33778,00033778.jpg,1785610434941454848,8.725,74.011,15.989,16,67,1412.2,0.84,1,105.989
33779,00033779.jpg,1785610434974162688,9.23,73.582,16.418,16,69,1444.6,0.83,1,106.418
33780,00033780.jpg,1785610435008396032,9.507,74.402,15.598,13,59,1392.1,0.83,1,105.598
33781,00033781.jpg,1785610435041129472,9.642,74.214,15.786,19,68,1397.2,0.61,1,105.786
33782,00033782.jpg,1785610435074289152,9.781,74.836,15.164,15,61,1320.6,1.03,1,105.164
33783,00033783.jpg,1785610435106349312,9.867,75.051,14.949,13,57,1228.9,0.92,1,104.949
33784,00033784.jpg,1785610435142828288,9.877,75.344,14.656,19,66,1129.1,1.32,1,104.656
33785,00033785.jpg,1785610435172767488,9.899,75.063,14.937,14,62,981.5,0.73,1,104.937
33786,00033786.jpg,1785610435206333952,10.044,74.786,15.214,20,64,864.0,0.88,1,105.214
33787,00033787.jpg,1785610435241037312,10.146,74.92,15.08,17,54,696.6,0.87,1,105.08
33788,00033788.jpg,1785610435274181120,10.269,75.542,14.458,12,46,588.8,1.2,1,104.458
33789,00033789.jpg,1785610435307280640,10.426,75.269,14.731,14,53,614.6,0.98,1,104.731
33790,00033790.jpg,1785610435341210880,10.596,74.491,15.509,13,44,533.5,0.58,1,105.509
33791,00033791.jpg,1785610435374337024,10.784,73.577,16.423,15,50,448.3,1.83,1,106.423
33792,00033792.jpg,1785610435406272768,10.927,71.453,18.547,12,42,379.1,2.11,1,108.547
33793,00033793.jpg,1785610435441305856,10.911,70.942,19.058,14,50,453.1,1.62,1,109.058
33794,00033794.jpg,1785610435474403072,10.785,71.546,18.454,19,65,600.3,2.21,1,108.454
33795,00033795.jpg,1785610435509975552,10.274,72.03,17.97,14,54,674.8,2.88,1,107.97
33796,00033796.jpg,1785610435541108992,10.066,70.606,19.394,16,63,703.5,1.67,1,109.394
33797,00033797.jpg,1785610435572977408,9.975,71.254,18.746,13,50,628.2,2.22,1,108.746
33798,00033798.jpg,1785610435608265216,9.61,71.666,18.334,18,59,736.2,4.3,1,108.334
33799,00033799.jpg,1785610435641682688,9.58,72.475,17.525,14,63,911.0,3.25,1,107.525
33800,00033800.jpg,1785610435674469376,9.582,71.306,18.694,17,77,1006.0,2.82,1,108.694
33801,00033801.jpg,1785610435707124224,9.565,70.852,19.148,16,56,998.0,1.76,1,109.148
33802,00033802.jpg,1785610435741180928,9.61,70.628,19.372,11,55,1063.3,1.27,1,109.372
33803,00033803.jpg,1785610435774526976,9.641,71.056,18.944,12,60,1167.3,2.45,1,108.944
33804,00033804.jpg,1785610435807246848,9.647,70.573,19.427,17,68,1248.8,1.68,1,109.427
33805,00033805.jpg,1785610435840933632,9.674,70.714,19.286,11,60,1267.6,2.32,1,109.286
33806,00033806.jpg,1785610435873091072,9.688,71.138,18.862,18,73,1326.7,2.32,1,108.862
33807,00033807.jpg,1785610435906211584,9.713,71.085,18.915,19,74,1348.6,1.94,1,108.915
33808,00033808.jpg,1785610435940953088,9.728,71.168,18.832,17,71,1361.6,1.77,1,108.832
33809,00033809.jpg,1785610435972830720,9.749,70.999,19.001,16,62,1366.6,1.76,1,109.001
33810,00033810.jpg,1785610436006882304,9.778,71.753,18.247,12,56,1403.1,2.06,1,108.247
33811,00033811.jpg,1785610436041062912,9.791,71.522,18.478,12,52,1428.9,2.63,1,108.478
33812,00033812.jpg,1785610436073141504,9.817,70.808,19.192,12,54,1459.7,2.79,1,109.192
33813,00033813.jpg,1785610436107527424,9.832,71.612,18.388,12,57,1475.2,2.68,1,108.388
33814,00033814.jpg,1785610436141012480,9.829,71.005,18.995,12,52,1460.0,2.56,1,108.995
33815,00033815.jpg,1785610436173194752,9.804,71.004,18.996,12,50,1461.0,3.01,1,108.996
33816,00033816.jpg,1785610436208213760,9.768,71.352,18.648,12,52,1463.4,2.66,1,108.648
33817,00033817.jpg,1785610436241537280,9.76,71.55,18.45,11,53,1444.6,2.57,1,108.45
33818,00033818.jpg,1785610436272967680,9.75,71.396,18.604,11,55,1454.4,2.55,1,108.604
33819,00033819.jpg,1785610436306273024,9.744,70.842,19.158,12,55,1466.1,2.34,1,109.158
33820,00033820.jpg,1785610436341407488,9.747,71.485,18.515,12,55,1466.3,2.7,1,108.515
33821,00033821.jpg,1785610436373387776,9.76,71.555,18.445,14,70,1508.4,2.88,1,108.445
33822,00033822.jpg,1785610436407327488,9.789,71.453,18.547,13,54,1483.6,2.75,1,108.547
33823,00033823.jpg,1785610436441385728,9.776,71.662,18.338,13,63,1524.7,2.8,1,108.338
33824,00033824.jpg,1785610436472674560,9.794,71.05,18.95,12,52,1508.9,2.62,1,108.95
33825,00033825.jpg,1785610436506654464,9.801,71.493,18.507,12,54,1509.2,2.47,1,108.507
33826,00033826.jpg,1785610436541800960,9.792,71.343,18.657,12,58,1511.8,2.58,1,108.657
33827,00033827.jpg,1785610436572304128,9.779,70.76,19.24,12,56,1503.1,2.36,1,109.24
33828,00033828.jpg,1785610436606122752,9.763,71.078,18.922,11,53,1492.4,2.52,1,108.922
33829,00033829.jpg,1785610436641078528,9.763,71.358,18.642,12,54,1499.8,2.46,1,108.642
33830,00033830.jpg,1785610436674657536,9.782,71.238,18.762,12,53,1511.6,2.79,1,108.762
33831,00033831.jpg,1785610436707302656,9.826,71.4,18.6,12,55,1519.2,3.07,1,108.6
33832,00033832.jpg,1785610436741118976,9.841,71.259,18.741,12,52,1533.0,2.36,1,108.741
33833,00033833.jpg,1785610436776028928,9.929,71.257,18.743,12,51,1572.6,2.02,1,108.743
33834,00033834.jpg,1785610436807813632,9.934,71.564,18.436,12,50,1619.2,2.28,1,108.436
33835,00033835.jpg,1785610436841247488,9.992,71.366,18.634,14,55,1668.5,2.17,1,108.634
33836,00033836.jpg,1785610436874668288,10.057,71.148,18.852,12,53,1660.2,2.63,1,108.852
33837,00033837.jpg,1785610436908027136,10.16,71.202,18.798,12,53,1645.0,2.64,1,108.798
33838,00033838.jpg,1785610436941560576,10.183,71.38,18.62,12,51,1632.5,2.24,1,108.62
33839,00033839.jpg,1785610436973440000,10.188,70.98,19.02,12,52,1626.4,1.84,1,109.02
33840,00033840.jpg,1785610437007711232,10.049,70.728,19.272,12,52,1617.1,1.97,1,109.272
33841,00033841.jpg,1785610437041295360,9.932,71.089,18.911,14,56,1641.3,1.87,1,108.911
33842,00033842.jpg,1785610437072354048,9.826,71.27,18.73,16,52,1608.9,1.92,1,108.73
33843,00033843.jpg,1785610437107108096,9.73,71.105,18.895,13,53,1622.2,1.83,1,108.895
33844,00033844.jpg,1785610437141433600,9.731,70.947,19.053,13,53,1627.2,1.96,1,109.053
33845,00033845.jpg,1785610437172703232,9.731,71.118,18.882,12,49,1603.1,1.66,1,108.882
33846,00033846.jpg,1785610437206732544,9.718,70.775,19.225,12,51,1600.6,2.09,1,109.225
33847,00033847.jpg,1785610437241347840,9.734,71.283,18.717,12,51,1599.3,1.77,1,108.717
33848,00033848.jpg,1785610437272619520,9.742,71.214,18.786,12,51,1612.6,1.8,1,108.786
33849,00033849.jpg,1785610437306586368,9.742,70.773,19.227,13,55,1622.1,1.99,1,109.227
33850,00033850.jpg,1785610437341108480,9.753,71.262,18.738,12,52,1595.7,2.12,1,108.738
33851,00033851.jpg,1785610437373684480,9.777,71.241,18.759,13,56,1608.5,2.06,1,108.759
33852,00033852.jpg,1785610437406393088,9.824,70.881,19.119,13,55,1595.6,2.7,1,109.119
33853,00033853.jpg,1785610437441010688,9.841,71.424,18.576,13,55,1593.5,2.56,1,108.576
33854,00033854.jpg,1785610437472838400,9.822,71.388,18.612,14,56,1616.2,2.36,1,108.612
33855,00033855.jpg,1785610437507055104,9.852,71.256,18.744,17,56,1605.6,1.81,1,108.744
33856,00033856.jpg,1785610437540124416,9.856,70.41,19.59,17,59,1588.6,1.8,1,109.59
33857,00033857.jpg,1785610437573049344,9.861,70.453,19.547,17,57,1556.9,1.72,1,109.547
33858,00033858.jpg,1785610437606077184,9.82,70.051,19.949,14,52,1512.7,1.75,1,109.949
33859,00033859.jpg,1785610437641068288,9.797,70.317,19.683,15,57,1476.5,1.71,1,109.683
33860,00033860.jpg,1785610437673286144,9.773,69.964,20.036,12,51,1436.0,1.63,1,110.036
33861,00033861.jpg,1785610437707653376,9.768,70.411,19.589,13,52,1448.4,1.65,1,109.589
33862,00033862.jpg,1785610437741496064,9.777,70.78,19.22,14,53,1459.3,1.77,1,109.22
33863,00033863.jpg,1785610437773132544,9.808,70.477,19.523,15,56,1489.5,2.11,1,109.523
33864,00033864.jpg,1785610437806278144,9.88,71.57,18.43,17,61,1549.8,1.79,1,108.43
33865,00033865.jpg,1785610437841184512,9.922,71.705,18.295,14,54,1608.0,1.62,1,108.295
33866,00033866.jpg,1785610437873494784,9.952,71.613,18.387,14,54,1739.0,2.49,1,108.387
33867,00033867.jpg,1785610437909231104,10.031,70.98,19.02,14,59,1947.0,2.66,1,109.02
33868,00033868.jpg,1785610437941007616,10.109,71.872,18.128,13,60,2026.6,1.64,1,108.128
33869,00033869.jpg,1785610437973391616,10.231,71.37,18.63,16,65,2135.9,1.89,1,108.63
33870,00033870.jpg,1785610438006290944,10.392,71.883,18.117,14,65,2260.2,1.62,1,108.117
33871,00033871.jpg,1785610438041318912,10.513,72.057,17.943,13,60,2390.5,1.47,1,107.943
33872,00033872.jpg,1785610438073794048,10.687,71.899,18.101,14,66,2516.2,1.28,1,108.101
33873,00033873.jpg,1785610438108135936,10.902,72.163,17.837,12,62,2570.7,0.73,1,107.837
33874,00033874.jpg,1785610438140877824,10.999,72.166,17.834,10,59,2568.7,0.78,1,107.834
33875,00033875.jpg,1785610438173583104,11.062,71.632,18.368,10,57,2515.0,1.01,1,108.368
33876,00033876.jpg,1785610438207808512,10.975,71.966,18.034,12,67,2446.8,0.67,1,108.034
33877,00033877.jpg,1785610438241430016,10.694,71.933,18.067,14,64,2347.9,0.55,1,108.067
33878,00033878.jpg,1785610438272713728,10.265,71.929,18.071,13,58,2207.3,0.37,1,108.071
33879,00033879.jpg,1785610438308406784,9.87,72.094,17.906,13,61,2103.2,0.42,1,107.906
33880,00033880.jpg,1785610438340991488,9.806,72.054,17.946,12,62,2010.8,0.51,1,107.946
33881,00033881.jpg,1785610438373302272,9.691,72.14,17.86,12,57,1911.2,0.37,1,107.86
33882,00033882.jpg,1785610438409913600,9.65,71.751,18.249,14,59,1887.0,0.49,1,108.249
33883,00033883.jpg,1785610438441167360,9.674,71.77,18.23,13,58,1813.3,0.48,1,108.23
33884,00033884.jpg,1785610438473566208,9.677,71.889,18.111,15,65,1795.3,0.48,1,108.111
33885,00033885.jpg,1785610438506225152,9.691,71.911,18.089,14,63,1737.6,0.32,1,108.089
33886,00033886.jpg,1785610438540471808,9.717,71.748,18.252,15,63,1699.0,0.32,1,108.252
33887,00033887.jpg,1785610438573506816,9.724,71.805,18.195,15,62,1682.7,0.45,1,108.195
33888,00033888.jpg,1785610438606374912,9.733,71.645,18.355,15,57,1621.7,0.44,1,108.355
33889,00033889.jpg,1785610438641011456,9.745,71.842,18.158,15,59,1631.5,0.41,1,108.158
33890,00033890.jpg,1785610438672819456,9.749,71.852,18.148,14,59,1610.3,0.39,1,108.148
33891,00033891.jpg,1785610438707168256,9.754,71.664,18.336,13,56,1592.5,0.59,1,108.336
33892,00033892.jpg,1785610438741266944,9.758,71.693,18.307,15,62,1588.0,0.24,1,108.307
33893,00033893.jpg,1785610438772743424,9.76,71.774,18.226,15,61,1575.3,0.37,1,108.226
33894,00033894.jpg,1785610438807191296,9.762,71.933,18.067,14,57,1548.7,0.37,1,108.067
33895,00033895.jpg,1785610438840930560,9.764,71.697,18.303,14,58,1553.8,0.27,1,108.303
33896,00033896.jpg,1785610438874461696,9.765,71.675,18.325,14,57,1529.2,0.43,1,108.325
33897,00033897.jpg,1785610438906195968,9.766,71.766,18.234,14,55,1537.3,0.29,1,108.234
33898,00033898.jpg,1785610438941009920,9.767,71.734,18.266,13,53,1538.9,0.36,1,108.266
33899,00033899.jpg,1785610438973042432,9.767,71.864,18.136,13,57,1536.0,0.35,1,108.136
33900,00033900.jpg,1785610439006282240,9.767,71.83,18.17,13,56,1535.0,0.48,1,108.17
33901,00033901.jpg,1785610439040713216,9.768,71.807,18.193,13,54,1523.0,0.59,1,108.193
33902,00033902.jpg,1785610439073103104,9.261,71.962,18.038,13,54,1516.0,0.42,1,108.038
33903,00033903.jpg,1785610439105907200,7.768,71.783,18.217,13,54,1514.2,0.23,1,108.217
33904,00033904.jpg,1785610439141097728,7.003,71.588,18.412,12,53,1516.6,0.62,1,108.412
33905,00033905.jpg,1785610439173606912,5.341,71.922,18.078,11,50,1511.3,0.56,1,108.078
33906,00033906.jpg,1785610439206661632,4.754,71.821,18.179,13,51,1449.8,0.38,1,108.179
33907,00033907.jpg,1785610439241094144,5.209,71.703,18.297,12,50,1470.2,0.56,1,108.297
33908,00033908.jpg,1785610439273290752,8.447,71.676,18.324,12,48,1468.6,0.54,1,108.324
33909,00033909.jpg,1785610439306511616,8.953,71.697,18.303,13,56,1466.1,0.55,1,108.303
33910,00033910.jpg,1785610439340774400,8.891,71.682,18.318,14,58,1459.6,0.5,1,108.318
33911,00033911.jpg,1785610439372503040,7.152,71.766,18.234,12,56,1415.3,0.76,1,108.234
33912,00033912.jpg,1785610439407353088,4.929,71.502,18.498,11,53,1398.3,0.62,1,108.498
33913,00033913.jpg,1785610439441061376,4.25,71.774,18.226,12,51,1378.8,0.73,1,108.226
33914,00033914.jpg,1785610439472596480,3.937,71.88,18.12,11,54,1367.5,0.84,1,108.12
33915,00033915.jpg,1785610439508599040,7.265,71.584,18.416,14,58,1367.2,0.71,1,108.416
33916,00033916.jpg,1785610439540718592,8.722,71.532,18.468,13,56,1327.5,0.71,1,108.468
33917,00033917.jpg,1785610439572731392,9.377,71.454,18.546,13,53,1307.5,0.88,1,108.546
33918,00033918.jpg,1785610439606982912,9.664,71.47,18.53,13,60,1283.2,0.8,1,108.53
33919,00033919.jpg,1785610439640982272,9.783,71.325,18.675,11,54,1259.3,0.9,1,108.675
33920,00033920.jpg,1785610439673621760,9.835,71.348,18.652,13,55,1235.7,0.85,1,108.652
33921,00033921.jpg,1785610439706973696,9.855,71.347,18.653,11,49,1199.3,1.03,1,108.653
33922,00033922.jpg,1785610439740971520,9.864,71.337,18.663,11,46,1169.4,0.93,1,108.663
33923,00033923.jpg,1785610439773589248,9.867,71.353,18.647,11,48,1136.5,0.9,1,108.647
33924,00033924.jpg,1785610439807277056,9.869,71.372,18.628,10,46,1132.0,0.72,1,108.628
33925,00033925.jpg,1785610439841199616,9.869,71.277,18.723,12,50,1154.2,0.69,1,108.723
33926,00033926.jpg,1785610439873328896,9.869,71.253,18.747,10,49,1137.3,0.9,1,108.747
33927,00033927.jpg,1785610439906958336,9.871,71.521,18.479,10,44,1130.9,0.84,1,108.479
33928,00033928.jpg,1785610439941188608,9.874,71.11,18.89,10,45,1135.5,0.58,1,108.89
33929,00033929.jpg,1785610439972526848,9.89,70.975,19.025,10,48,1154.5,0.62,1,109.025
33930,00033930.jpg,1785610440007273216,9.921,70.939,19.061,12,48,1200.7,1.1,1,109.061
33931,00033931.jpg,1785610440040508928,9.932,71.176,18.824,12,51,1226.9,0.91,1,108.824
33932,00033932.jpg,1785610440073609728,9.992,71.198,18.802,12,54,1258.7,0.98,1,108.802
33933,00033933.jpg,1785610440108361984,9.997,71.768,18.232,13,58,1401.9,0.94,1,108.232
33934,00033934.jpg,1785610440141054720,9.994,71.119,18.881,15,62,1546.3,1.26,1,108.881
33935,00033935.jpg,1785610440175846400,10.091,71.897,18.103,18,73,1711.9,0.7,1,108.103
33936,00033936.jpg,1785610440206597632,10.151,72.418,17.582,15,65,1680.8,0.96,1,107.582
33937,00033937.jpg,1785610440241321216,10.163,72.446,17.554,17,67,1647.3,1.27,1,107.554
33938,00033938.jpg,1785610440273112064,10.156,72.775,17.225,15,65,1587.0,1.68,1,107.225
33939,00033939.jpg,1785610440307648000,10.162,72.518,17.482,16,69,1509.1,1.72,1,107.482
33940,00033940.jpg,1785610440341185280,9.953,72.831,17.169,15,67,1419.6,1.77,1,107.169
33941,00033941.jpg,1785610440373396224,9.874,72.915,17.085,16,65,1337.4,2.15,1,107.085
33942,00033942.jpg,1785610440406325504,9.833,72.351,17.649,14,55,1287.2,2.03,1,107.649
33943,00033943.jpg,1785610440440959744,9.845,72.987,17.013,14,58,1287.7,1.88,1,107.013
33944,00033944.jpg,1785610440473060096,9.842,72.657,17.343,14,53,1256.8,1.92,1,107.343
33945,00033945.jpg,1785610440506883584,9.84,72.661,17.339,13,50,1248.4,1.78,1,107.339
33946,00033946.jpg,1785610440540570112,9.853,72.511,17.489,13,56,1265.7,2.07,1,107.489
33947,00033947.jpg,1785610440573736960,9.856,73.268,16.732,13,55,1271.7,2.09,1,106.732
33948,00033948.jpg,1785610440606539264,9.857,72.742,17.258,13,50,1279.6,1.98,1,107.258
33949,00033949.jpg,1785610440641040896,9.863,72.66,17.34,12,54,1290.4,1.91,1,107.34
33950,00033950.jpg,1785610440673637376,9.866,73.036,16.964,12,51,1296.7,1.91,1,106.964
33951,00033951.jpg,1785610440705965056,9.867,72.658,17.342,13,52,1320.1,1.71,1,107.342
33952,00033952.jpg,1785610440741673728,9.877,72.66,17.34,13,55,1312.4,1.85,1,107.34
33953,00033953.jpg,1785610440773163520,9.902,72.863,17.137,11,47,1286.3,2.02,1,107.137
33954,00033954.jpg,1785610440808376320,9.885,72.114,17.886,12,52,1309.1,1.96,1,107.886
33955,00033955.jpg,1785610440840818688,9.887,72.69,17.31,15,54,1308.7,2.31,1,107.31
33956,00033956.jpg,1785610440872726528,9.903,73.176,16.824,16,53,1313.2,1.92,1,106.824
33957,00033957.jpg,1785610440906136832,9.911,73.104,16.896,17,62,1364.6,1.64,1,106.896
33958,00033958.jpg,1785610440943681024,9.903,72.864,17.136,19,60,1373.2,1.36,1,107.136
33959,00033959.jpg,1785610440972347136,9.892,73.491,16.509,16,63,1367.3,1.66,1,106.509
33960,00033960.jpg,1785610441007229440,9.878,73.145,16.855,13,53,1349.8,1.42,1,106.855
33961,00033961.jpg,1785610441041311744,9.876,73.2,16.8,13,53,1348.2,1.58,1,106.8
33962,00033962.jpg,1785610441074459392,9.871,73.029,16.971,11,53,1343.7,1.45,1,106.971
33963,00033963.jpg,1785610441106857728,9.87,72.861,17.139,13,58,1381.3,1.55,1,107.139
33964,00033964.jpg,1785610441140997888,9.871,73.133,16.867,13,60,1382.5,1.25,1,106.867
33965,00033965.jpg,1785610441173342464,9.871,72.899,17.101,12,54,1373.4,1.31,1,107.101
33966,00033966.jpg,1785610441206870016,9.871,73.032,16.968,10,49,1363.2,1.36,1,106.968
33967,00033967.jpg,1785610441240455936,9.872,73.183,16.817,13,51,1376.1,1.53,1,106.817
33968,00033968.jpg,1785610441273154304,9.872,73.27,16.73,13,53,1382.9,1.47,1,106.73
33969,00033969.jpg,1785610441306118400,9.872,72.989,17.011,12,52,1383.5,1.38,1,107.011
33970,00033970.jpg,1785610441340814336,9.872,73.229,16.771,12,57,1393.5,1.4,1,106.771
33971,00033971.jpg,1785610441372739072,9.872,72.843,17.157,13,50,1388.7,1.56,1,107.157
33972,00033972.jpg,1785610441407230208,9.872,73.032,16.968,12,54,1389.3,1.4,1,106.968
33973,00033973.jpg,1785610441440936192,9.872,73.385,16.615,13,50,1395.7,1.5,1,106.615
33974,00033974.jpg,1785610441473031680,9.872,73.35,16.65,12,56,1397.3,1.33,1,106.65
33975,00033975.jpg,1785610441505936896,9.873,73.138,16.862,12,49,1392.3,1.5,1,106.862
33976,00033976.jpg,1785610441541068288,9.88,72.488,17.512,13,55,1399.5,1.8,1,107.512
33977,00033977.jpg,1785610441576072448,9.893,72.812,17.188,12,54,1393.7,1.7,1,107.188
33978,00033978.jpg,1785610441606506752,9.925,73.086,16.914,13,54,1392.2,1.74,1,106.914
33979,00033979.jpg,1785610441641863424,9.935,72.789,17.211,16,67,1412.7,1.84,1,107.211
33980,00033980.jpg,1785610441673279488,9.987,71.015,18.985,13,67,1449.7,2.73,1,108.985
33981,00033981.jpg,1785610441706936320,9.943,71.316,18.684,11,58,1433.8,2.69,1,108.684
33982,00033982.jpg,1785610441740042496,9.984,72.752,17.248,14,56,1393.0,1.76,1,107.248
33983,00033983.jpg,1785610441773498624,10.038,72.707,17.293,13,57,1374.2,1.29,1,107.293
33984,00033984.jpg,1785610441807877888,10.062,73.923,16.077,12,53,1366.4,1.03,1,106.077
33985,00033985.jpg,1785610441838664960,10.057,73.671,16.329,13,62,1404.7,0.75,1,106.329
33986,00033986.jpg,1785610441872927232,10.001,73.975,16.025,12,54,1382.2,0.75,1,106.025
33987,00033987.jpg,1785610441905901568,9.913,73.995,16.005,13,59,1440.7,0.9,1,106.005
33988,00033988.jpg,1785610441941014016,9.893,74.084,15.916,12,59,1443.4,0.68,1,105.916
33989,00033989.jpg,1785610441972752128,9.868,74.062,15.938,12,63,1466.5,0.87,1,105.938
33990,00033990.jpg,1785610442006946560,9.852,73.995,16.005,11,62,1489.8,0.95,1,106.005
33991,00033991.jpg,1785610442038778624,9.862,74.115,15.885,17,68,1494.3,0.84,1,105.885
33992,00033992.jpg,1785610442073160192,9.885,73.615,16.385,13,61,1437.0,0.85,1,106.385
33993,00033993.jpg,1785610442107207424,9.894,73.86,16.14,15,72,1507.2,0.97,1,106.14
33994,00033994.jpg,1785610442141325312,9.91,73.958,16.042,14,69,1470.1,0.84,1,106.042
33995,00033995.jpg,1785610442172981760,9.911,74.016,15.984,17,68,1479.9,0.75,1,105.984
33996,00033996.jpg,1785610442206158848,9.893,74.361,15.639,17,71,1486.5,0.63,1,105.639
33997,00033997.jpg,1785610442238652416,9.884,74.137,15.863,11,56,1405.9,0.87,1,105.863
33998,00033998.jpg,1785610442273062656,9.878,74.24,15.76,19,64,1435.7,0.7,1,105.76
33999,00033999.jpg,1785610442307530240,9.875,74.567,15.433,18,69,1428.4,0.67,1,105.433
34000,00034000.jpg,1785610442341318400,9.882,74.485,15.515,19,67,1442.8,0.72,1,105.515
34001,00034001.jpg,1785610442373187072,9.912,74.339,15.661,17,57,1399.0,0.68,1,105.661
34002,00034002.jpg,1785610442407512320,9.967,74.586,15.414,15,63,1438.7,0.95,1,105.414
34003,00034003.jpg,1785610442440613120,9.96,76.024,13.976,16,63,1438.5,0.68,1,103.976
34004,00034004.jpg,1785610442472941824,9.879,77.464,12.536,20,65,1472.8,0.72,1,102.536
34005,00034005.jpg,1785610442505844736,9.913,79.024,10.976,18,61,1481.4,0.57,1,100.976
34006,00034006.jpg,1785610442540472064,9.879,80.167,9.833,14,62,1486.1,0.86,1,99.833
34007,00034007.jpg,1785610442573723904,9.878,80.062,9.938,15,58,1480.6,0.64,1,99.938
34008,00034008.jpg,1785610442606082560,9.878,79.955,10.045,17,61,1487.3,0.67,1,100.045
34009,00034009.jpg,1785610442641075200,9.877,80.245,9.755,17,64,1495.9,0.69,1,99.755
34010,00034010.jpg,1785610442672613120,9.877,80.516,9.484,18,61,1474.8,0.91,1,99.484
34011,00034011.jpg,1785610442706707968,9.877,80.1,9.9,18,59,1471.1,0.71,1,99.9
34012,00034012.jpg,1785610442741081600,9.878,80.183,9.817,18,64,1482.9,0.8,1,99.817
34013,00034013.jpg,1785610442773204992,9.9,80.117,9.883,13,64,1469.6,0.77,1,99.883
34014,00034014.jpg,1785610442805875968,9.943,80.573,9.427,12,56,1456.1,0.8,1,99.427
34015,00034015.jpg,1785610442840877056,9.879,81.251,8.749,19,59,1479.1,0.92,1,98.749
34016,00034016.jpg,1785610442872403712,9.898,82.19,7.81,20,64,1510.5,0.86,1,97.81
34017,00034017.jpg,1785610442907585280,9.898,82.898,7.102,17,62,1533.6,0.84,1,97.102
34018,00034018.jpg,1785610442939845632,9.877,82.873,7.127,19,62,1519.4,1.03,1,97.127
34019,00034019.jpg,1785610442973102080,9.891,82.596,7.404,21,60,1497.0,1.03,1,97.404
34020,00034020.jpg,1785610443007531776,9.906,82.678,7.322,19,67,1531.5,1.25,1,97.322
34021,00034021.jpg,1785610443041132544,9.912,81.815,8.185,16,73,1592.8,1.39,1,98.185
34022,00034022.jpg,1785610443073138688,10.007,81.387,8.613,13,60,1482.6,1.83,1,98.613
34023,00034023.jpg,1785610443105723136,9.914,82.288,7.712,12,59,1432.0,1.04,1,97.712
34024,00034024.jpg,1785610443138829824,9.938,82.39,7.61,12,55,1422.1,1.01,1,97.61
34025,00034025.jpg,1785610443173203968,9.972,83.065,6.935,11,52,1404.6,0.88,1,96.935
34026,00034026.jpg,1785610443207676672,9.988,83.302,6.698,12,56,1421.3,0.66,1,96.698
34027,00034027.jpg,1785610443241307648,9.982,83.38,6.62,10,51,1402.7,0.64,1,96.62
34028,00034028.jpg,1785610443272136192,9.934,83.52,6.48,13,54,1426.8,0.82,1,96.48
34029,00034029.jpg,1785610443305917184,9.884,83.674,6.326,12,57,1424.0,0.57,1,96.326
34030,00034030.jpg,1785610443340673280,9.875,83.716,6.284,12,58,1433.9,0.55,1,96.284
34031,00034031.jpg,1785610443372621568,9.862,83.72,6.28,14,64,1462.2,0.68,1,96.28
34032,00034032.jpg,1785610443405912064,9.855,83.685,6.315,13,59,1435.0,0.63,1,96.315
34033,00034033.jpg,1785610443440875520,9.86,83.645,6.355,12,64,1473.0,0.75,1,96.355
34034,00034034.jpg,1785610443473760512,9.86,83.621,6.379,15,71,1486.9,0.53,1,96.379
34035,00034035.jpg,1785610443506050816,9.86,83.718,6.282,15,68,1483.2,0.55,1,96.282
34036,00034036.jpg,1785610443541241088,9.864,83.8,6.2,13,62,1476.6,0.7,1,96.2
34037,00034037.jpg,1785610443572959744,9.865,83.481,6.519,13,64,1506.5,0.66,1,96.519
34038,00034038.jpg,1785610443605987840,9.865,83.57,6.43,16,67,1500.6,0.69,1,96.43
34039,00034039.jpg,1785610443640665344,9.866,83.655,6.345,18,71,1531.7,0.72,1,96.345
34040,00034040.jpg,1785610443672892416,9.866,83.636,6.364,14,69,1520.6,0.67,1,96.364
34041,00034041.jpg,1785610443706363648,9.867,83.552,6.448,14,66,1502.8,0.76,1,96.448
34042,00034042.jpg,1785610443741063424,9.869,83.524,6.476,15,71,1521.0,0.53,1,96.476
34043,00034043.jpg,1785610443772526848,9.869,83.351,6.649,15,60,1404.4,0.58,1,96.649
34044,00034044.jpg,1785610443806196224,9.876,83.626,6.374,12,61,1446.2,0.68,1,96.374
34045,00034045.jpg,1785610443840949760,9.87,83.813,6.187,16,69,1460.1,0.8,1,96.187
34046,00034046.jpg,1785610443872137728,9.869,83.911,6.089,12,63,1453.2,0.71,1,96.089
34047,00034047.jpg,1785610443906651136,9.867,83.589,6.411,10,62,1444.7,0.6,1,96.411
34048,00034048.jpg,1785610443940763904,9.866,83.702,6.298,15,68,1479.2,0.76,1,96.298
34049,00034049.jpg,1785610443973771776,9.867,83.94,6.06,15,68,1472.4,0.55,1,96.06
34050,00034050.jpg,1785610444006770432,9.879,84.093,5.907,14,65,1427.0,0.7,1,95.907
34051,00034051.jpg,1785610444041245440,9.879,84.265,5.735,14,65,1429.3,0.8,1,95.735
34052,00034052.jpg,1785610444073188864,9.915,84.22,5.78,15,64,1386.9,0.68,1,95.78
34053,00034053.jpg,1785610444107495936,9.886,84.522,5.478,18,70,1450.3,1.28,1,95.478
34054,00034054.jpg,1785610444141194752,9.889,83.925,6.075,12,66,1443.8,0.87,1,96.075
34055,00034055.jpg,1785610444172287232,9.914,83.606,6.394,18,72,1494.1,0.86,1,96.394
34056,00034056.jpg,1785610444206075648,9.931,83.381,6.619,15,73,1511.0,0.86,1,96.619
34057,00034057.jpg,1785610444240679168,9.93,83.295,6.705,15,64,1440.5,0.88,1,96.705
34058,00034058.jpg,1785610444272557056,9.92,82.995,7.005,20,66,1451.6,0.56,1,97.005
34059,00034059.jpg,1785610444305876224,9.88,83.194,6.806,16,62,1432.0,0.95,1,96.806
34060,00034060.jpg,1785610444340748032,9.87,83.254,6.746,14,72,1504.9,0.81,1,96.746
34061,00034061.jpg,1785610444372884480,9.866,83.203,6.797,15,70,1459.0,0.72,1,96.797
34062,00034062.jpg,1785610444406414848,9.879,83.551,6.449,16,72,1469.5,0.88,1,96.449
34063,00034063.jpg,1785610444441075968,9.89,83.675,6.325,17,65,1426.0,0.85,1,96.325
34064,00034064.jpg,1785610444474770432,9.894,83.814,6.186,15,69,1423.6,0.8,1,96.186
34065,00034065.jpg,1785610444506725888,9.888,83.332,6.668,17,70,1439.6,0.89,1,96.668
34066,00034066.jpg,1785610444540900352,9.921,83.138,6.862,15,72,1482.5,0.83,1,96.862
34067,00034067.jpg,1785610444572098816,9.927,83.08,6.92,13,65,1427.4,0.99,1,96.92
34068,00034068.jpg,1785610444606299392,9.92,83.103,6.897,20,85,1546.1,1.26,1,96.897
34069,00034069.jpg,1785610444641315072,9.896,82.854,7.146,15,64,1423.1,0.98,1,97.146
34070,00034070.jpg,1785610444672359424,9.873,82.724,7.276,18,78,1492.4,0.98,1,97.276
34071,00034071.jpg,1785610444707578368,9.861,83.149,6.851,15,62,1391.6,1.14,1,96.851
34072,00034072.jpg,1785610444740911616,9.862,83.005,6.995,16,76,1463.1,1.03,1,96.995
34073,00034073.jpg,1785610444773059840,9.86,82.913,7.087,16,72,1445.9,1.07,1,97.087
34074,00034074.jpg,1785610444806596352,10.035,83.444,6.556,18,66,1410.9,1.06,1,96.556
34075,00034075.jpg,1785610444841077504,10.314,83.327,6.673,17,61,1349.0,1.14,1,96.673
34076,00034076.jpg,1785610444872119808,11.015,83.046,6.954,14,61,1359.4,1.07,1,96.954
34077,00034077.jpg,1785610444906946816,11.991,82.732,7.268,16,64,1382.3,0.91,1,97.268
34078,00034078.jpg,1785610444938738944,12.698,82.829,7.171,16,74,1420.8,0.87,1,97.171
34079,00034079.jpg,1785610444973639424,13.217,82.981,7.019,17,74,1413.2,1.0,1,97.019
34080,00034080.jpg,1785610445006509824,8.848,82.901,7.099,15,63,1365.9,0.81,1,97.099
34081,00034081.jpg,1785610445041248000,7.619,82.996,7.004,15,71,1387.0,1.01,1,97.004
34082,00034082.jpg,1785610445072835072,8.168,82.938,7.062,18,64,1369.1,1.12,1,97.062
34083,00034083.jpg,1785610445105925376,8.844,83.06,6.94,16,70,1372.5,1.23,1,96.94
34084,00034084.jpg,1785610445141486848,9.31,82.684,7.316,16,72,1386.0,0.93,1,97.316
34085,00034085.jpg,1785610445173208064,9.591,83.26,6.74,15,60,1340.6,1.1,1,96.74
34086,00034086.jpg,1785610445206619904,10.062,82.884,7.116,21,68,1346.6,1.61,1,97.116
34087,00034087.jpg,1785610445240869120,10.33,83.085,6.915,23,70,1322.3,1.46,1,96.915
34088,00034088.jpg,1785610445272229888,11.087,82.965,7.035,13,59,1268.4,1.29,1,97.035
34089,00034089.jpg,1785610445306848768,11.873,82.9,7.1,12,52,1244.7,1.55,1,97.1
34090,00034090.jpg,1785610445338741248,12.408,83.513,6.487,13,55,1261.9,1.37,1,96.487
34091,00034091.jpg,1785610445372248320,11.115,82.942,7.058,11,47,1218.5,0.99,1,97.058
34092,00034092.jpg,1785610445405427200,9.384,82.886,7.114,11,48,1211.1,0.84,1,97.114
34093,00034093.jpg,1785610445440878848,8.401,82.704,7.296,11,49,1208.8,0.73,1,97.296
34094,00034094.jpg,1785610445472777728,8.977,82.63,7.37,12,49,1208.8,0.73,1,97.37
34095,00034095.jpg,1785610445505884672,9.347,82.419,7.581,11,47,1187.4,0.91,1,97.581
34096,00034096.jpg,1785610445541116416,9.595,82.533,7.467,11,49,1200.9,0.69,1,97.467
34097,00034097.jpg,1785610445572083456,9.722,82.594,7.406,13,58,1215.0,0.59,1,97.406
34098,00034098.jpg,1785610445606376704,9.79,82.358,7.642,12,54,1188.9,0.73,1,97.642
34099,00034099.jpg,1785610445641251328,9.834,82.485,7.515,12,51,1168.5,0.37,1,97.515
34100,00034100.jpg,1785610445673151232,9.853,82.362,7.638,11,51,1168.2,0.71,1,97.638
34101,00034101.jpg,1785610445706898688,9.863,82.764,7.236,12,55,1171.2,0.88,1,97.236
34102,00034102.jpg,1785610445738616832,9.874,82.688,7.312,11,47,1147.4,0.57,1,97.312
34103,00034103.jpg,1785610445771989760,9.878,82.536,7.464,15,62,1185.8,0.92,1,97.464
34104,00034104.jpg,1785610445806189824,9.881,82.516,7.484,16,64,1177.9,0.66,1,97.484
34105,00034105.jpg,1785610445840970752,9.884,82.595,7.405,13,55,1157.2,0.63,1,97.405
34106,00034106.jpg,1785610445872589824,9.886,82.57,7.43,13,57,1156.0,0.71,1,97.43
34107,00034107.jpg,1785610445905566464,9.887,82.641,7.359,14,58,1161.0,0.64,1,97.359
34108,00034108.jpg,1785610445941080576,9.889,82.64,7.36,16,62,1187.2,0.64,1,97.36
34109,00034109.jpg,1785610445973070080,9.891,82.532,7.468,14,61,1186.2,0.93,1,97.468
34110,00034110.jpg,1785610446006380032,9.892,82.36,7.64,16,61,1172.5,0.69,1,97.64
34111,00034111.jpg,1785610446041025280,9.893,82.41,7.59,16,62,1165.6,0.63,1,97.59
34112,00034112.jpg,1785610446072503808,9.894,82.674,7.326,13,60,1152.4,0.71,1,97.326
34113,00034113.jpg,1785610446106066176,9.895,82.574,7.426,19,71,1200.9,0.8,1,97.426
34114,00034114.jpg,1785610446138592512,9.896,82.584,7.416,17,66,1172.1,0.93,1,97.416
34115,00034115.jpg,1785610446172684288,9.897,82.629,7.371,19,65,1175.9,0.92,1,97.371
34116,00034116.jpg,1785610446205609472,9.897,82.735,7.265,18,64,1168.2,0.69,1,97.265
34117,00034117.jpg,1785610446241138944,9.898,82.396,7.604,18,67,1187.7,0.64,1,97.604
34118,00034118.jpg,1785610446272968192,9.898,82.457,7.543,21,68,1196.1,0.74,1,97.543
34119,00034119.jpg,1785610446307398656,9.906,82.455,7.545,18,63,1167.8,0.88,1,97.545
34120,00034120.jpg,1785610446340911104,9.906,82.33,7.67,21,64,1127.8,1.12,1,97.67
34121,00034121.jpg,1785610446372680192,9.929,82.622,7.378,10,51,1067.5,0.72,1,97.378
34122,00034122.jpg,1785610446405555712,9.947,83.378,6.622,10,56,1087.1,1.23,1,96.622
34123,00034123.jpg,1785610446440738816,9.987,83.299,6.701,10,45,1085.1,1.28,1,96.701
34124,00034124.jpg,1785610446473545216,9.995,82.946,7.054,9,50,1110.3,1.77,1,97.054
34125,00034125.jpg,1785610446507563776,10.035,83.939,6.061,10,50,1225.0,1.79,1,96.061
34126,00034126.jpg,1785610446540840192,10.045,83.271,6.729,10,48,1307.6,1.09,1,96.729
34127,00034127.jpg,1785610446572823040,10.154,82.68,7.32,10,50,1294.7,0.57,1,97.32
34128,00034128.jpg,1785610446606828032,10.22,81.952,8.048,11,51,1298.9,0.65,1,98.048
34129,00034129.jpg,1785610446641107456,10.231,81.961,8.039,10,51,1299.1,0.59,1,98.039
34130,00034130.jpg,1785610446672210432,10.229,81.566,8.434,10,47,1273.8,0.6,1,98.434
34131,00034131.jpg,1785610446705946112,10.162,81.947,8.053,10,50,1296.0,0.61,1,98.053
34132,00034132.jpg,1785610446741090048,9.972,81.413,8.587,11,52,1279.4,0.81,1,98.587
34133,00034133.jpg,1785610446772449792,10.248,81.441,8.559,10,51,1249.0,0.62,1,98.559
34134,00034134.jpg,1785610446806681600,10.788,81.501,8.499,10,51,1215.2,0.75,1,98.499
34135,00034135.jpg,1785610446840541440,11.386,81.321,8.679,13,56,1201.5,0.7,1,98.679
34136,00034136.jpg,1785610446873309440,12.17,81.565,8.435,12,53,1196.4,0.63,1,98.435
34137,00034137.jpg,1785610446906027776,12.717,81.727,8.273,12,56,1166.2,0.46,1,98.273
34138,00034138.jpg,1785610446940510208,10.922,81.687,8.313,11,53,1142.2,0.56,1,98.313
34139,00034139.jpg,1785610446972925696,7.978,81.611,8.389,12,56,1155.4,0.72,1,98.389
34140,00034140.jpg,1785610447007405312,8.037,81.637,8.363,11,50,1128.1,0.6,1,98.363
34141,00034141.jpg,1785610447040773632,8.778,81.829,8.171,12,52,1133.4,0.66,1,98.171
34142,00034142.jpg,1785610447073471744,9.271,81.867,8.133,9,50,1107.5,0.82,1,98.133
34143,00034143.jpg,1785610447107573760,9.571,81.843,8.157,13,57,1137.0,0.71,1,98.157
34144,00034144.jpg,1785610447140982272,9.741,81.797,8.203,12,54,1130.4,0.65,1,98.203
34145,00034145.jpg,1785610447172240384,9.84,81.985,8.015,11,51,1104.1,0.72,1,98.015
34146,00034146.jpg,1785610447207289600,9.91,82.091,7.909,14,61,1083.6,1.0,1,97.909
34147,00034147.jpg,1785610447240490496,9.939,82.204,7.796,12,50,983.5,0.63,1,97.796
34148,00034148.jpg,1785610447273043456,10.064,82.594,7.406,12,56,978.0,0.58,1,97.406
34149,00034149.jpg,1785610447306534144,10.057,83.017,6.983,11,48,971.3,0.63,1,96.983
34150,00034150.jpg,1785610447340665600,10.078,82.745,7.255,12,51,1035.9,0.75,1,97.255
34151,00034151.jpg,1785610447372096512,10.12,81.892,8.108,11,46,1088.5,0.87,1,98.108
34152,00034152.jpg,1785610447405934848,10.209,81.151,8.849,12,49,1109.7,0.54,1,98.849
34153,00034153.jpg,1785610447440800512,10.257,80.968,9.032,12,48,1093.9,0.64,1,99.032
34154,00034154.jpg,1785610447474864128,10.303,80.724,9.276,13,54,1109.4,0.64,1,99.276
34155,00034155.jpg,1785610447506666496,10.242,80.662,9.338,12,47,1077.4,0.58,1,99.338
34156,00034156.jpg,1785610447539879424,10.123,80.663,9.337,15,50,1058.1,0.82,1,99.337
34157,00034157.jpg,1785610447573323264,10.002,80.53,9.47,13,51,1050.3,0.89,1,99.47
34158,00034158.jpg,1785610447606149376,9.888,80.951,9.049,13,49,1009.9,1.23,1,99.049
34159,00034159.jpg,1785610447640903680,9.884,81.16,8.84,11,48,997.6,1.02,1,98.84
34160,00034160.jpg,1785610447672978688,9.915,81.327,8.673,15,56,1044.2,1.05,1,98.673
34161,00034161.jpg,1785610447706402048,9.981,82.027,7.973,15,56,1005.7,1.28,1,97.973
34162,00034162.jpg,1785610447740987904,10.037,80.926,9.074,13,50,1040.4,1.62,1,99.074
34163,00034163.jpg,1785610447773739008,10.116,81.463,8.537,15,53,1024.5,1.26,1,98.537
34164,00034164.jpg,1785610447806577408,10.107,81.801,8.199,14,54,972.0,1.67,1,98.199
34165,00034165.jpg,1785610447841327104,10.168,81.276,8.724,13,54,872.0,1.29,1,98.724
34166,00034166.jpg,1785610447873699840,10.248,80.426,9.574,13,49,799.6,1.02,1,99.574
34167,00034167.jpg,1785610447905496320,10.271,79.786,10.214,13,49,795.1,0.97,1,100.214
34168,00034168.jpg,1785610447940934912,10.252,79.97,10.03,12,51,813.4,0.75,1,100.03
34169,00034169.jpg,1785610447972366592,10.129,79.795,10.205,13,53,905.0,0.87,1,100.205
34170,00034170.jpg,1785610448005828864,9.963,79.971,10.029,13,51,983.2,0.77,1,100.029
34171,00034171.jpg,1785610448041105408,9.923,79.818,10.182,13,54,1003.8,0.93,1,100.182
34172,00034172.jpg,1785610448071976192,9.87,80.396,9.604,14,55,1105.0,0.82,1,99.604
34173,00034173.jpg,1785610448109129472,9.842,79.913,10.087,13,56,1110.3,0.82,1,100.087
34174,00034174.jpg,1785610448140719616,9.858,79.719,10.281,14,61,1111.6,0.7,1,100.281
34175,00034175.jpg,1785610448172904704,9.861,80.092,9.908,13,60,1083.2,0.81,1,99.908
34176,00034176.jpg,1785610448205913344,9.862,80.261,9.739,11,54,1058.4,0.6,1,99.739
34177,00034177.jpg,1785610448241132544,9.882,79.967,10.033,13,58,1088.3,0.59,1,100.033
34178,00034178.jpg,1785610448272500992,9.878,80.047,9.953,10,50,1055.4,0.72,1,99.953
34179,00034179.jpg,1785610448305661696,9.883,80.109,9.891,10,50,1042.6,0.74,1,99.891
34180,00034180.jpg,1785610448340837632,9.89,79.966,10.034,15,59,1098.4,0.47,1,100.034
34181,00034181.jpg,1785610448372889088,9.897,79.813,10.187,13,56,1109.1,0.39,1,100.187
34182,00034182.jpg,1785610448405354752,9.913,80.151,9.849,10,48,1008.2,0.69,1,99.849
34183,00034183.jpg,1785610448438151168,9.918,80.146,9.854,11,52,1028.5,0.61,1,99.854
34184,00034184.jpg,1785610448473422336,9.907,80.383,9.617,11,47,1015.0,0.59,1,99.617
34185,00034185.jpg,1785610448506177792,9.921,79.922,10.078,13,55,1116.0,0.58,1,100.078
34186,00034186.jpg,1785610448540698624,9.924,79.863,10.137,14,52,1137.1,0.63,1,100.137
34187,00034187.jpg,1785610448572080896,9.934,79.712,10.288,14,55,1163.8,0.72,1,100.288
34188,00034188.jpg,1785610448606540288,9.924,80.074,9.926,14,53,1112.1,0.73,1,99.926
34189,00034189.jpg,1785610448638462976,9.91,79.723,10.277,11,45,1130.1,0.85,1,100.277
34190,00034190.jpg,1785610448671755008,9.895,79.444,10.556,11,49,1147.9,0.87,1,100.556
34191,00034191.jpg,1785610448706595328,9.887,79.88,10.12,11,49,1143.3,0.8,1,100.12
34192,00034192.jpg,1785610448740983296,9.888,79.346,10.654,14,55,1182.2,1.03,1,100.654
34193,00034193.jpg,1785610448772584192,9.889,79.631,10.369,10,47,1144.7,0.92,1,100.369
34194,00034194.jpg,1785610448805927680,9.889,79.515,10.485,11,52,1166.8,1.0,1,100.485
34195,00034195.jpg,1785610448839741952,9.891,79.687,10.313,9,48,1145.0,0.81,1,100.313
34196,00034196.jpg,1785610448873268224,9.891,79.849,10.151,12,52,1196.4,0.76,1,100.151
34197,00034197.jpg,1785610448905795072,9.892,79.853,10.147,12,48,1165.8,0.9,1,100.147
34198,00034198.jpg,1785610448940553472,9.894,79.867,10.133,10,51,1186.0,0.82,1,100.133
34199,00034199.jpg,1785610448972515584,9.894,79.797,10.203,10,47,1176.1,0.86,1,100.203
34200,00034200.jpg,1785610449005332480,9.895,79.746,10.254,10,47,1188.0,0.61,1,100.254
34201,00034201.jpg,1785610449040498432,9.895,79.593,10.407,13,56,1226.5,0.71,1,100.407
34202,00034202.jpg,1785610449072896000,9.896,79.876,10.124,12,51,1215.8,0.45,1,100.124
34203,00034203.jpg,1785610449105484544,9.896,79.924,10.076,12,47,1208.3,0.83,1,100.076
34204,00034204.jpg,1785610449141430016,9.896,79.411,10.589,10,49,1228.2,0.81,1,100.589
34205,00034205.jpg,1785610449172707328,9.896,79.961,10.039,11,53,1251.6,0.7,1,100.039
34206,00034206.jpg,1785610449205593856,9.896,80.123,9.877,11,51,1259.1,0.71,1,99.877
34207,00034207.jpg,1785610449240820224,9.896,79.874,10.126,11,51,1254.6,0.87,1,100.126
34208,00034208.jpg,1785610449272977920,9.896,80.021,9.979,11,49,1264.6,0.65,1,99.979
34209,00034209.jpg,1785610449305787392,9.896,79.442,10.558,11,52,1282.0,1.22,1,100.558
34210,00034210.jpg,1785610449340402688,9.896,79.405,10.595,11,52,1294.6,1.21,1,100.595
34211,00034211.jpg,1785610449372954368,9.896,79.828,10.172,13,56,1320.7,0.93,1,100.172
34212,00034212.jpg,1785610449406504960,9.897,79.438,10.562,12,55,1307.8,0.97,1,100.562
34213,00034213.jpg,1785610449440862976,9.903,80.001,9.999,10,52,1314.4,0.89,1,99.999
34214,00034214.jpg,1785610449472247296,9.912,79.748,10.252,10,49,1299.5,0.79,1,100.252
34215,00034215.jpg,1785610449506735616,9.89,79.576,10.424,11,53,1262.9,0.98,1,100.424
34216,00034216.jpg,1785610449538393600,9.931,79.446,10.554,11,49,1204.7,0.85,1,100.554
34217,00034217.jpg,1785610449573008640,10.263,79.439,10.561,12,56,1219.1,0.65,1,100.561
34218,00034218.jpg,1785610449605634560,11.002,78.99,11.01,10,49,1200.5,1.07,1,101.01
34219,00034219.jpg,1785610449640704512,11.658,79.186,10.814,10,48,1209.2,1.01,1,100.814
34220,00034220.jpg,1785610449672363776,12.275,79.051,10.949,11,52,1220.9,0.87,1,100.949
34221,00034221.jpg,1785610449706581504,10.997,79.466,10.534,14,57,1258.9,1.14,1,100.534
34222,00034222.jpg,1785610449740285696,8.205,79.48,10.52,13,59,1275.2,0.94,1,100.52
34223,00034223.jpg,1785610449772704768,8.288,79.26,10.74,14,56,1266.2,1.24,1,100.74
34224,00034224.jpg,1785610449807696640,8.845,79.324,10.676,12,53,1247.0,1.29,1,100.676
34225,00034225.jpg,1785610449838475520,9.292,79.669,10.331,13,60,1247.8,1.08,1,100.331
34226,00034226.jpg,1785610449874311424,9.578,79.248,10.752,12,55,1216.0,1.17,1,100.752
34227,00034227.jpg,1785610449906709760,9.726,79.396,10.604,16,64,1236.8,1.3,1,100.604
34228,00034228.jpg,1785610449938400512,9.806,79.042,10.958,14,62,1211.6,1.13,1,100.958
34229,00034229.jpg,1785610449973071616,9.847,79.31,10.69,14,57,1169.4,1.14,1,100.69
34230,00034230.jpg,1785610450006809088,9.927,79.121,10.879,15,56,1130.7,1.61,1,100.879
34231,00034231.jpg,1785610450038485760,9.953,79.378,10.622,18,60,1130.8,1.5,1,100.622
34232,00034232.jpg,1785610450072219648,10.591,79.128,10.872,13,52,1093.6,1.42,1,100.872
34233,00034233.jpg,1785610450105714432,11.481,79.643,10.357,15,52,1095.0,1.47,1,100.357
34234,00034234.jpg,1785610450141047040,12.205,79.173,10.827,14,54,1107.4,1.31,1,100.827
34235,00034235.jpg,1785610450172385792,12.876,79.876,10.124,14,57,1112.4,1.24,1,100.124
34236,00034236.jpg,1785610450206256384,10.974,78.869,11.131,16,59,1142.2,1.4,1,101.131
34237,00034237.jpg,1785610450240803840,7.748,79.762,10.238,14,55,1108.6,1.35,1,100.238
34238,00034238.jpg,1785610450272526336,7.889,79.289,10.711,15,51,1086.2,1.08,1,100.711
34239,00034239.jpg,1785610450306689280,8.591,79.669,10.331,14,56,1092.6,1.39,1,100.331
34240,00034240.jpg,1785610450340839680,9.152,79.717,10.283,12,49,1061.8,1.47,1,100.283
34241,00034241.jpg,1785610450375794688,9.52,78.754,11.246,14,53,1076.2,1.08,1,101.246
34242,00034242.jpg,1785610450406170624,9.697,78.65,11.35,10,48,1027.3,1.38,1,101.35
34243,00034243.jpg,1785610450440849408,9.804,79.32,10.68,15,58,1073.0,1.21,1,100.68
34244,00034244.jpg,1785610450472979200,9.873,79.358,10.642,14,59,1046.5,1.49,1,100.642
34245,00034245.jpg,1785610450509058560,9.891,80.471,9.529,13,55,1023.2,1.43,1,99.529
34246,00034246.jpg,1785610450540459520,9.89,79.865,10.135,14,55,976.7,1.24,1,100.135
34247,00034247.jpg,1785610450572374016,9.884,80.245,9.755,12,48,894.4,1.48,1,99.755
34248,00034248.jpg,1785610450605061888,9.878,80.566,9.434,10,43,844.5,0.99,1,99.434
34249,00034249.jpg,1785610450638860544,9.876,80.001,9.999,8,35,806.7,1.3,1,99.999
34250,00034250.jpg,1785610450672685312,9.874,80.755,9.245,8,41,830.8,1.14,1,99.245
34251,00034251.jpg,1785610450706490368,9.873,80.384,9.616,7,30,796.6,0.83,1,99.616
34252,00034252.jpg,1785610450738297344,9.873,80.473,9.527,9,41,828.1,1.04,1,99.527
34253,00034253.jpg,1785610450771542528,9.872,79.874,10.126,14,49,849.3,1.16,1,100.126
34254,00034254.jpg,1785610450806279424,9.872,81.071,8.929,11,44,826.2,1.22,1,98.929
34255,00034255.jpg,1785610450841396224,9.872,80.855,9.145,15,52,812.5,1.77,1,99.145
34256,00034256.jpg,1785610450872994304,9.872,80.558,9.442,10,43,761.2,1.26,1,99.442
34257,00034257.jpg,1785610450906589696,9.872,80.016,9.984,12,49,787.9,1.81,1,99.984
34258,00034258.jpg,1785610450938155264,9.872,79.398,10.602,13,52,769.6,2.01,1,100.602
34259,00034259.jpg,1785610450972127744,9.915,79.517,10.483,9,46,773.8,1.74,1,100.483
34260,00034260.jpg,1785610451006895104,10.246,79.412,10.588,10,43,767.7,1.38,1,100.588
34261,00034261.jpg,1785610451040958464,10.676,79.893,10.107,10,40,748.0,1.29,1,100.107
34262,00034262.jpg,1785610451072662528,11.529,78.965,11.035,9,38,707.4,1.24,1,101.035
34263,00034263.jpg,1785610451105938688,12.36,79.674,10.326,7,33,673.1,1.35,1,100.326
34264,00034264.jpg,1785610451140940032,13.448,78.869,11.131,10,38,675.7,1.72,1,101.131
34265,00034265.jpg,1785610451172906752,14.146,79.562,10.438,9,38,680.9,1.27,1,100.438
34266,00034266.jpg,1785610451207542272,11.012,79.975,10.025,11,43,713.0,1.98,1,100.025
34267,00034267.jpg,1785610451241001728,6.817,81.014,8.986,12,47,738.6,1.8,1,98.986
34268,00034268.jpg,1785610451272041984,7.092,79.752,10.248,13,44,722.6,2.3,1,100.248
34269,00034269.jpg,1785610451305768704,8.076,79.909,10.091,12,44,701.3,1.63,1,100.091
34270,00034270.jpg,1785610451340816384,8.844,80.629,9.371,10,38,668.7,2.41,1,99.371
34271,00034271.jpg,1785610451372288000,9.312,79.427,10.573,13,43,716.8,2.06,1,100.573
34272,00034272.jpg,1785610451405449728,10.013,80.113,9.887,10,39,709.1,1.61,1,99.887
34273,00034273.jpg,1785610451438192128,10.279,79.218,10.782,6,29,673.9,1.45,1,100.782
34274,00034274.jpg,1785610451472321024,10.999,79.562,10.438,11,41,718.3,1.46,1,100.438
34275,00034275.jpg,1785610451506543104,11.817,79.226,10.774,13,46,723.8,1.89,1,100.774
34276,00034276.jpg,1785610451538141696,12.322,79.744,10.256,12,47,740.5,2.2,1,100.256
34277,00034277.jpg,1785610451572135424,10.868,80.068,9.932,14,48,739.8,1.74,1,99.932
34278,00034278.jpg,1785610451606254592,8.057,79.816,10.184,10,40,701.2,1.94,1,100.184
34279,00034279.jpg,1785610451641018880,8.183,80.864,9.136,13,45,672.3,2.81,1,99.136
34280,00034280.jpg,1785610451672637696,9.263,80.456,9.544,10,36,645.4,2.02,1,99.544
34281,00034281.jpg,1785610451705499136,10.558,80.967,9.033,12,47,673.4,2.31,1,99.033
34282,00034282.jpg,1785610451740453120,11.107,80.002,9.998,9,38,631.7,1.82,1,99.998
34283,00034283.jpg,1785610451772852480,12.032,79.608,10.392,11,38,609.7,1.78,1,100.392
34284,00034284.jpg,1785610451805615360,12.439,79.49,10.51,8,26,550.4,1.6,1,100.51
34285,00034285.jpg,1785610451840775168,13.826,79.922,10.078,11,36,582.6,2.72,1,100.078
34286,00034286.jpg,1785610451872851712,14.319,80.222,9.778,19,61,813.9,2.88,1,99.778
34287,00034287.jpg,1785610451905671424,8.049,80.354,9.646,17,59,780.2,2.83,1,99.646
34288,00034288.jpg,1785610451940968704,6.568,81.101,8.899,14,42,640.4,3.15,1,98.899
34289,00034289.jpg,1785610451971390464,7.388,81.331,8.669,12,35,553.0,3.5,1,98.669
34290,00034290.jpg,1785610452005129728,8.346,80.634,9.366,11,29,505.4,2.2,1,99.366
34291,00034291.jpg,1785610452040487424,8.996,80.808,9.192,10,25,451.1,3.5,1,99.192
34292,00034292.jpg,1785610452072599296,9.368,80.467,9.533,8,27,443.8,1.45,1,99.533
34293,00034293.jpg,1785610452105512448,9.58,80.206,9.794,9,27,417.5,3.43,1,99.794
34294,00034294.jpg,1785610452140907264,9.68,80.334,9.666,10,27,423.0,3.45,1,99.666
34295,00034295.jpg,1785610452172176896,9.75,81.256,8.744,12,34,423.4,3.04,1,98.744
34296,00034296.jpg,1785610452205059328,9.765,81.533,8.467,10,30,382.3,2.25,1,98.467
34297,00034297.jpg,1785610452239630336,9.77,82.493,7.507,12,28,333.0,4.03,1,97.507
34298,00034298.jpg,1785610452273130240,9.77,82.494,7.506,11,27,274.7,4.39,1,97.506
34299,00034299.jpg,1785610452305465856,9.769,82.148,7.852,8,26,253.2,3.77,1,97.852
34300,00034300.jpg,1785610452340400640,9.769,80.343,9.657,12,35,257.3,6.27,1,99.657
34301,00034301.jpg,1785610452371400448,9.77,86.282,3.718,8,24,152.9,5.36,1,93.718
34302,00034302.jpg,1785610452409245696,9.77,86.264,3.736,7,21,127.1,2.29,1,93.736
34303,00034303.jpg,1785610452440660480,9.778,86.05,3.95,5,20,140.1,2.79,1,93.95
34304,00034304.jpg,1785610452472641024,9.771,86.874,3.126,5,15,107.5,2.11,1,93.126
34305,00034305.jpg,1785610452504965888,9.772,88.502,1.498,5,17,100.7,2.02,1,91.498
34306,00034306.jpg,1785610452538413312,9.774,83.203,6.797,6,21,174.8,4.69,1,96.797
34307,00034307.jpg,1785610452571671808,9.788,86.168,3.832,10,28,200.9,5.35,1,93.832
34308,00034308.jpg,1785610452605714944,9.813,80.838,9.162,12,30,226.6,5.41,1,99.162
34309,00034309.jpg,1785610452640871680,9.866,79.756,10.244,16,45,292.1,3.84,1,100.244
34310,00034310.jpg,1785610452671152896,10.268,78.21,11.79,12,38,294.8,5.37,1,101.79
34311,00034311.jpg,1785610452705214208,10.981,77.204,12.796,9,30,247.6,3.35,1,102.796
34312,00034312.jpg,1785610452740724480,11.677,76.884,13.116,13,35,242.9,2.11,1,103.116
34313,00034313.jpg,1785610452772736256,12.628,76.336,13.664,12,30,224.5,2.35,1,103.664
34314,00034314.jpg,1785610452805731840,13.271,77.666,12.334,8,19,163.7,1.99,1,102.334
34315,00034315.jpg,1785610452838516480,13.823,76.495,13.505,8,20,165.6,2.81,1,103.505
34316,00034316.jpg,1785610452871749376,9.564,75.633,14.367,14,32,241.5,2.9,1,104.367
34317,00034317.jpg,1785610452906461696,8.844,78.174,11.826,13,36,381.0,2.06,1,101.826
34318,00034318.jpg,1785610452938107392,9.544,78.141,11.859,12,35,424.4,1.36,1,101.859
34319,00034319.jpg,1785610452972167680,10.263,79.394,10.606,11,39,485.0,2.31,1,100.606
34320,00034320.jpg,1785610453005373696,10.415,78.661,11.339,10,32,428.0,1.86,1,101.339
34321,00034321.jpg,1785610453041221632,10.332,79.004,10.996,8,35,561.8,2.64,1,100.996
34322,00034322.jpg,1785610453072281856,10.047,79.225,10.775,8,34,628.9,2.31,1,100.775
34323,00034323.jpg,1785610453105655296,9.763,79.319,10.681,11,41,663.6,3.28,1,100.681
34324,00034324.jpg,1785610453141362688,9.724,79.209,10.791,11,43,672.4,2.67,1,100.791
34325,00034325.jpg,1785610453172433408,9.608,79.051,10.949,11,45,696.5,3.05,1,100.949
34326,00034326.jpg,1785610453206328320,9.549,79.145,10.855,9,41,691.6,2.38,1,100.855
34327,00034327.jpg,1785610453238380544,9.607,79.471,10.529,9,42,708.0,1.97,1,100.529
34328,00034328.jpg,1785610453272145408,9.63,79.334,10.666,9,41,736.2,1.79,1,100.666
34329,00034329.jpg,1785610453305004288,15.543,78.629,11.371,8,37,789.4,2.14,1,101.371
34330,00034330.jpg,1785610453340683520,24.753,89.856,0.144,10,44,597.1,2.18,1,90.144
34331,00034331.jpg,1785610453371271168,13.667,5.295,84.705,11,37,445.6,1.49,1,84.705
34332,00034332.jpg,1785610453406590208,4.561,5.612,84.388,11,34,448.6,0.93,1,84.388
34333,00034333.jpg,1785610453440691712,5.31,3.844,86.156,13,46,536.9,1.55,1,86.156
34334,00034334.jpg,1785610453472179456,6.762,3.741,86.259,12,47,547.4,1.72,1,86.259
34335,00034335.jpg,1785610453505891584,8.116,4.682,85.318,11,42,534.6,2.11,1,85.318
34336,00034336.jpg,1785610453540889088,8.914,4.965,85.035,16,55,602.0,2.18,1,85.035
34337,00034337.jpg,1785610453572096256,9.346,4.828,85.172,14,49,583.1,2.24,1,85.172
34338,00034338.jpg,1785610453605900032,9.574,4.746,85.254,15,60,629.9,2.37,1,85.254
34339,00034339.jpg,1785610453640495872,9.689,4.482,85.518,16,55,600.3,2.0,1,85.518
34340,00034340.jpg,1785610453671796224,9.745,4.28,85.72,13,52,574.3,1.53,1,85.72
34341,00034341.jpg,1785610453704921344,9.773,4.251,85.749,15,55,597.3,1.45,1,85.749
34342,00034342.jpg,1785610453738356224,9.786,4.789,85.211,15,50,566.0,2.8,1,85.211
34343,00034343.jpg,1785610453772930816,9.793,4.603,85.397,14,52,572.8,2.73,1,85.397
34344,00034344.jpg,1785610453804796928,9.796,4.873,85.127,13,51,595.5,1.61,1,85.127
34345,00034345.jpg,1785610453838409728,9.798,4.674,85.326,14,49,571.6,2.1,1,85.326
34346,00034346.jpg,1785610453872980992,9.799,4.882,85.118,13,52,582.4,2.18,1,85.118
34347,00034347.jpg,1785610453905028864,9.8,5.04,84.96,14,55,587.2,1.53,1,84.96
34348,00034348.jpg,1785610453940426752,9.8,4.759,85.241,12,51,579.7,1.98,1,85.241
34349,00034349.jpg,1785610453971650816,9.801,5.027,84.973,13,47,567.2,3.34,1,84.973
34350,00034350.jpg,1785610454005370368,9.801,4.804,85.196,15,49,566.3,2.12,1,85.196
34351,00034351.jpg,1785610454040712192,9.657,5.356,84.644,15,53,545.7,2.13,1,84.644
34352,00034352.jpg,1785610454072938496,8.669,3.524,86.476,12,37,283.0,3.61,1,86.476
34353,00034353.jpg,1785610454105104640,16.773,8.906,81.094,9,28,139.3,2.09,1,81.094
34354,00034354.jpg,1785610454139654656,19.049,12.797,77.203,2,4,31.5,2.57,1,77.203
34355,00034355.jpg,1785610454172928000,4.277,13.683,76.317,1,2,12.1,0.0,0,74.949
34356,00034356.jpg,1785610454206143488,0.493,12.232,77.768,1,2,10.5,0.0,0,75.425
34357,00034357.jpg,1785610454237977088,0.028,,,0,0,0.0,,0,76.732
34358,00034358.jpg,1785610454272740096,7.953,21.351,68.649,3,4,19.2,0.0,1,68.649
34359,00034359.jpg,1785610454305889024,9.466,19.265,70.735,2,2,6.3,0.0,0,68.335
34360,00034360.jpg,1785610454338759936,9.743,23.065,66.935,1,2,3.6,0.0,0,68.118
34361,00034361.jpg,1785610454372285952,9.889,34.227,55.773,4,2,8.9,0.0,0,68.142
34362,00034362.jpg,1785610454405745920,10.016,33.996,56.004,1,2,7.2,0.0,0,68.203
34363,00034363.jpg,1785610454439763712,10.041,,,0,0,0.0,,0,68.176
34364,00034364.jpg,1785610454472389376,10.088,,,0,0,0.0,,0,68.131
34365,00034365.jpg,1785610454505404160,10.202,,,0,0,0.0,,0,68.11
34366,00034366.jpg,1785610454539751424,10.302,,,0,0,0.0,,0,68.1
34367,00034367.jpg,1785610454571080192,10.426,,,0,0,0.0,,0,68.088
34368,00034368.jpg,1785610454605875200,10.633,,,0,0,0.0,,0,68.074
34369,00034369.jpg,1785610454639584512,10.777,,,0,0,0.0,,0,68.063
34370,00034370.jpg,1785610454672411648,10.986,,,0,0,0.0,,0,68.055
34371,00034371.jpg,1785610454706052096,11.051,,,0,0,0.0,,0,68.045
34372,00034372.jpg,1785610454738447104,11.021,,,0,0,0.0,,0,68.034
34373,00034373.jpg,1785610454772582656,10.736,16.703,73.297,1,2,13.5,0.0,0,68.024
34374,00034374.jpg,1785610454807114240,10.285,13.809,76.191,2,4,21.1,0.0,1,76.191
34375,00034375.jpg,1785610454838443264,10.118,13.677,76.323,3,7,49.3,1.34,1,76.323
34376,00034376.jpg,1785610454871305728,9.837,12.832,77.168,5,10,71.0,1.23,1,77.168
34377,00034377.jpg,1785610454905061632,9.772,12.274,77.726,6,14,87.6,3.19,1,77.726
34378,00034378.jpg,1785610454940254976,9.835,14.705,75.295,6,16,98.5,2.2,1,75.295
34379,00034379.jpg,1785610454972490496,10.35,15.128,74.872,6,14,98.9,1.51,1,74.872
34380,00034380.jpg,1785610455005713920,10.922,14.525,75.475,7,18,110.1,2.02,1,75.475
34381,00034381.jpg,1785610455040696064,11.454,13.689,76.311,10,27,172.9,2.05,1,76.311
34382,00034382.jpg,1785610455071952896,11.989,14.141,75.859,10,24,124.2,1.43,1,75.859
34383,00034383.jpg,1785610455104883200,9.566,13.332,76.668,6,17,99.2,2.17,1,76.668
34384,00034384.jpg,1785610455138695680,8.701,11.943,78.057,4,9,44.1,0.97,1,78.057
34385,00034385.jpg,1785610455172398336,9.118,14.78,75.22,2,4,20.2,0.91,1,75.22
34386,00034386.jpg,1785610455205666304,9.708,15.03,74.97,3,6,32.1,1.85,1,74.97
34387,00034387.jpg,1785610455240520192,10.073,13.677,76.323,4,8,41.6,2.47,1,76.323
34388,00034388.jpg,1785610455271524352,10.294,16.3,73.7,6,12,68.9,4.08,1,73.7
34389,00034389.jpg,1785610455309730304,10.444,12.687,77.313,5,10,76.5,2.21,1,77.313
34390,00034390.jpg,1785610455340159488,10.275,17.815,72.185,7,18,136.6,3.55,1,72.185
34391,00034391.jpg,1785610455372353024,10.782,18.48,71.52,6,15,111.8,2.67,1,71.52
34392,00034392.jpg,1785610455404982784,10.93,19.916,70.084,6,16,140.1,4.16,1,70.084
34393,00034393.jpg,1785610455440640512,10.945,21.744,68.256,6,15,141.1,1.68,1,68.256
34394,00034394.jpg,1785610455471577600,10.895,20.309,69.691,7,18,164.4,3.61,1,69.691
34395,00034395.jpg,1785610455505498624,10.499,21.413,68.587,5,12,150.2,3.06,1,68.587
34396,00034396.jpg,1785610455540788480,10.31,21.223,68.777,6,16,191.2,1.52,1,68.777
34397,00034397.jpg,1785610455572364544,10.002,23.638,66.362,7,22,240.0,2.08,1,66.362
34398,00034398.jpg,1785610455605632768,9.82,23.557,66.443,6,20,221.4,1.85,1,66.443
34399,00034399.jpg,1785610455640865792,9.828,23.371,66.629,6,21,228.1,1.6,1,66.629
34400,00034400.jpg,1785610455671837184,9.824,22.418,67.582,7,22,217.1,0.91,1,67.582
34401,00034401.jpg,1785610455704924416,9.789,22.332,67.668,6,23,222.5,2.61,1,67.668
34402,00034402.jpg,1785610455737861888,9.807,23.091,66.909,7,25,217.5,2.95,1,66.909
34403,00034403.jpg,1785610455772501504,9.84,21.251,68.749,9,24,233.0,4.56,1,68.749
34404,00034404.jpg,1785610455805587712,9.867,21.228,68.772,10,26,227.5,5.25,1,68.772
34405,00034405.jpg,1785610455840239104,9.905,20.385,69.615,7,18,211.6,1.51,1,69.615
34406,00034406.jpg,1785610455871483392,9.948,21.484,68.516,8,22,207.6,1.34,1,68.516
34407,00034407.jpg,1785610455905458944,9.999,22.276,67.724,7,21,215.5,3.1,1,67.724
34408,00034408.jpg,1785610455940300544,9.974,21.329,68.671,8,20,204.4,2.77,1,68.671
34409,00034409.jpg,1785610455972146944,9.947,23.116,66.884,9,23,214.1,1.89,1,66.884
34410,00034410.jpg,1785610456005966336,9.915,21.802,68.198,7,21,201.5,1.7,1,68.198
34411,00034411.jpg,1785610456039561728,9.904,21.68,68.32,8,20,184.7,3.61,1,68.32
34412,00034412.jpg,1785610456072983296,9.899,21.054,68.946,8,23,202.0,2.68,1,68.946
34413,00034413.jpg,1785610456105358848,9.894,21.641,68.359,8,22,179.4,5.8,1,68.359
34414,00034414.jpg,1785610456138398208,9.897,22.392,67.608,7,21,178.7,6.52,1,67.608
34415,00034415.jpg,1785610456172291072,9.898,23.359,66.641,8,22,173.6,4.76,1,66.641
34416,00034416.jpg,1785610456204883968,9.899,22.524,67.476,7,18,147.8,1.2,1,67.476
34417,00034417.jpg,1785610456238261760,9.901,21.361,68.639,9,24,163.6,3.96,1,68.639
34418,00034418.jpg,1785610456271831552,9.902,21.267,68.733,8,19,154.5,6.43,1,68.733
34419,00034419.jpg,1785610456305217280,9.902,20.981,69.019,7,16,127.7,1.46,1,69.019
34420,00034420.jpg,1785610456338193664,9.903,13.113,76.887,6,12,66.9,2.57,1,76.887
34421,00034421.jpg,1785610456371191808,9.903,11.622,78.378,5,10,61.0,0.94,1,78.378
34422,00034422.jpg,1785610456405634048,9.903,12.359,77.641,6,13,65.7,2.29,1,77.641
34423,00034423.jpg,1785610456440730880,9.903,10.755,79.245,4,8,44.0,1.74,1,79.245
34424,00034424.jpg,1785610456472029696,9.902,10.902,79.098,6,14,82.5,2.84,1,79.098
34425,00034425.jpg,1785610456505552384,9.902,11.948,78.052,7,15,114.9,1.06,1,78.052
34426,00034426.jpg,1785610456540486400,9.902,11.513,78.487,7,14,116.1,1.08,1,78.487
34427,00034427.jpg,1785610456572242176,9.903,11.586,78.414,7,15,118.3,1.58,1,78.414
34428,00034428.jpg,1785610456605247744,9.916,10.793,79.207,7,16,122.5,0.96,1,79.207
34429,00034429.jpg,1785610456640319744,9.917,11.846,78.154,7,19,119.8,1.67,1,78.154
34430,00034430.jpg,1785610456671620096,9.954,12.226,77.774,7,17,118.7,0.9,1,77.774
34431,00034431.jpg,1785610456705556480,10.037,10.615,79.385,7,21,136.6,1.49,1,79.385
34432,00034432.jpg,1785610456740065024,10.001,11.851,78.149,6,16,127.2,1.36,1,78.149
34433,00034433.jpg,1785610456771680000,10.034,13.964,76.036,10,31,230.4,5.6,1,76.036
34434,00034434.jpg,1785610456804734208,10.071,10.572,79.428,7,14,116.4,1.2,1,79.428
34435,00034435.jpg,1785610456840878848,10.127,14.472,75.528,7,19,124.3,1.78,1,75.528
34436,00034436.jpg,1785610456871025408,10.172,10.873,79.127,7,19,125.5,2.48,1,79.127
34437,00034437.jpg,1785610456904867328,10.277,11.941,78.059,7,15,118.9,2.91,1,78.059
34438,00034438.jpg,1785610456940623104,10.294,12.161,77.839,7,14,129.7,0.55,1,77.839
34439,00034439.jpg,1785610456974180608,10.378,11.527,78.473,7,16,142.6,1.5,1,78.473
34440,00034440.jpg,1785610457004994560,10.444,13.289,76.711,6,15,128.3,2.9,1,76.711
34441,00034441.jpg,1785610457038673408,10.577,11.012,78.988,8,18,125.5,2.09,1,78.988
34442,00034442.jpg,1785610457072460544,10.731,12.271,77.729,6,12,102.7,1.73,1,77.729
34443,00034443.jpg,1785610457105289216,10.949,13.517,76.483,6,10,90.2,1.66,1,76.483
34444,00034444.jpg,1785610457137872384,10.993,13.961,76.039,5,10,81.4,0.66,1,76.039
34445,00034445.jpg,1785610457172147200,10.987,13.555,76.445,5,10,73.9,1.52,1,76.445
34446,00034446.jpg,1785610457205509376,10.692,13.182,76.818,6,12,86.8,1.58,1,76.818
34447,00034447.jpg,1785610457240378880,10.447,14.99,75.01,5,12,87.9,0.56,1,75.01
34448,00034448.jpg,1785610457271404288,10.147,12.444,77.556,7,15,103.2,0.49,1,77.556
34449,00034449.jpg,1785610457304881664,9.839,14.34,75.66,7,15,100.8,3.87,1,75.66
34450,00034450.jpg,1785610457340594944,9.762,15.452,74.548,6,17,118.2,2.76,1,74.548
34451,00034451.jpg,1785610457371987968,9.707,14.001,75.999,7,15,108.6,1.88,1,75.999
34452,00034452.jpg,1785610457405241600,9.693,15.925,74.075,7,19,106.3,1.98,1,74.075
34453,00034453.jpg,1785610457438264320,9.758,12.886,77.114,6,16,101.5,4.32,1,77.114
34454,00034454.jpg,1785610457474768640,9.775,12.97,77.03,6,18,100.7,2.2,1,77.03
34455,00034455.jpg,1785610457505563392,9.794,14.714,75.286,8,23,116.9,1.76,1,75.286
34456,00034456.jpg,1785610457537588992,9.82,11.695,78.305,7,18,116.3,2.33,1,78.305
34457,00034457.jpg,1785610457571726336,9.83,15.368,74.632,8,23,163.0,1.78,1,74.632
34458,00034458.jpg,1785610457605010176,9.837,14.307,75.693,6,16,126.5,1.34,1,75.693
34459,00034459.jpg,1785610457639449600,9.852,13.001,76.999,8,18,135.9,0.99,1,76.999
34460,00034460.jpg,1785610457671113472,9.858,13.781,76.219,9,24,178.7,0.9,1,76.219
34461,00034461.jpg,1785610457705878528,9.713,14.158,75.842,7,23,124.6,0.89,1,75.842
34462,00034462.jpg,1785610457737633536,9.326,12.717,77.283,10,20,90.1,2.07,1,77.283
34463,00034463.jpg,1785610457770926592,7.908,12.447,77.553,5,14,61.2,0.73,1,77.553
34464,00034464.jpg,1785610457805152768,5.996,10.964,79.036,5,8,42.7,1.87,1,79.036
34465,00034465.jpg,1785610457837833728,5.209,11.591,78.409,6,8,39.2,2.49,1,78.409
34466,00034466.jpg,1785610457870978560,3.923,8.726,81.274,5,12,49.6,3.22,1,81.274
34467,00034467.jpg,1785610457905352192,2.623,13.881,76.119,6,15,83.1,1.33,1,76.119
34468,00034468.jpg,1785610457938656000,2.386,13.216,76.784,9,24,154.0,2.55,1,76.784
34469,00034469.jpg,1785610457972162560,12.901,8.8,81.2,9,24,165.9,2.73,1,81.2
34470,00034470.jpg,1785610458004561152,10.317,15.166,74.834,9,20,189.5,2.15,1,74.834
34471,00034471.jpg,1785610458041357568,0.68,13.097,76.903,11,25,203.7,2.43,1,76.903
34472,00034472.jpg,1785610458072394240,7.754,14.23,75.77,11,27,225.2,0.65,1,75.77
34473,00034473.jpg,1785610458105512448,9.191,15.445,74.555,13,33,274.7,2.5,1,74.555
34474,00034474.jpg,1785610458139403008,9.807,14.786,75.214,10,26,266.5,1.83,1,75.214
34475,00034475.jpg,1785610458171648000,10.053,15.419,74.581,12,32,286.9,3.57,1,74.581
34476,00034476.jpg,1785610458204648704,10.09,14.897,75.103,11,27,247.5,3.42,1,75.103
34477,00034477.jpg,1785610458242374912,10.087,14.916,75.084,11,30,261.7,3.21,1,75.084
34478,00034478.jpg,1785610458270948608,10.058,15.739,74.261,8,25,260.4,2.81,1,74.261
34479,00034479.jpg,1785610458305972224,9.969,15.527,74.473,9,25,256.8,3.5,1,74.473
34480,00034480.jpg,1785610458340621824,9.907,15.194,74.806,11,28,279.9,3.52,1,74.806
34481,00034481.jpg,1785610458371177472,9.878,15.345,74.655,10,25,268.1,3.15,1,74.655
34482,00034482.jpg,1785610458405726976,9.862,15.602,74.398,12,33,332.1,3.09,1,74.398
34483,00034483.jpg,1785610458440244992,9.865,18.707,71.293,14,40,394.1,3.46,1,71.293
34484,00034484.jpg,1785610458472333312,9.867,19.626,70.374,12,40,467.6,2.81,1,70.374
34485,00034485.jpg,1785610458507099136,9.868,17.296,72.704,16,48,509.1,2.88,1,72.704
34486,00034486.jpg,1785610458537617408,9.875,19.177,70.823,13,44,547.9,2.44,1,70.823
34487,00034487.jpg,1785610458572086528,9.876,18.54,71.46,15,47,558.1,2.79,1,71.46
34488,00034488.jpg,1785610458604644096,9.878,18.627,71.373,16,57,589.7,2.6,1,71.373
34489,00034489.jpg,1785610458640259328,9.938,18.97,71.03,12,45,567.6,1.72,1,71.03
34490,00034490.jpg,1785610458670929408,10.278,19.016,70.984,15,52,576.8,1.7,1,70.984
34491,00034491.jpg,1785610458705411840,11.051,17.737,72.263,15,47,575.4,2.08,1,72.263
34492,00034492.jpg,1785610458737738240,11.758,17.822,72.178,14,49,588.2,1.36,1,72.178
34493,00034493.jpg,1785610458771385856,12.665,17.246,72.754,13,46,590.3,1.13,1,72.754
34494,00034494.jpg,1785610458805519104,13.495,17.263,72.737,13,48,592.5,1.93,1,72.737
34495,00034495.jpg,1785610458839713024,13.921,18.691,71.309,15,55,638.9,2.73,1,71.309
34496,00034496.jpg,1785610458875197184,8.32,18.187,71.813,17,58,641.4,2.97,1,71.813
34497,00034497.jpg,1785610458905720832,7.171,18.613,71.387,14,51,644.0,3.23,1,71.387
34498,00034498.jpg,1785610458940468992,7.866,17.546,72.454,17,55,661.8,2.91,1,72.454
34499,00034499.jpg,1785610458971070720,8.661,17.762,72.238,17,57,667.5,3.28,1,72.238
34500,00034500.jpg,1785610459005557760,9.208,18.221,71.779,17,57,678.5,2.37,1,71.779
34501,00034501.jpg,1785610459040516608,9.532,17.79,72.21,16,53,658.6,3.22,1,72.21
34502,00034502.jpg,1785610459071756800,9.702,18.809,71.191,16,58,677.0,2.73,1,71.191
34503,00034503.jpg,1785610459105133056,9.787,17.747,72.253,13,46,650.6,2.36,1,72.253
34504,00034504.jpg,1785610459140488704,9.833,18.843,71.157,13,47,670.8,2.67,1,71.157
34505,00034505.jpg,1785610459170749440,9.855,18.695,71.305,12,49,672.1,2.95,1,71.305
34506,00034506.jpg,1785610459206897152,9.865,18.674,71.326,15,59,698.6,2.4,1,71.326
34507,00034507.jpg,1785610459240411648,9.871,18.235,71.765,15,52,703.9,2.46,1,71.765
34508,00034508.jpg,1785610459272253184,9.873,18.306,71.694,17,53,689.4,2.31,1,71.694
34509,00034509.jpg,1785610459305270784,9.874,18.264,71.736,14,54,694.3,2.39,1,71.736
34510,00034510.jpg,1785610459340547840,9.875,18.467,71.533,16,57,725.1,1.79,1,71.533
34511,00034511.jpg,1785610459372144384,9.885,17.682,72.318,14,48,695.1,1.83,1,72.318
34512,00034512.jpg,1785610459405482752,9.92,18.055,71.945,14,55,708.2,2.46,1,71.945
34513,00034513.jpg,1785610459440844288,9.914,18.752,71.248,15,59,713.8,2.41,1,71.248
34514,00034514.jpg,1785610459472445952,9.99,19.604,70.396,16,63,720.0,2.49,1,70.396
34515,00034515.jpg,1785610459504554752,10.079,21.295,68.705,17,55,685.2,2.29,1,68.705
34516,00034516.jpg,1785610459540767488,9.939,23.233,66.767,16,55,623.4,2.26,1,66.767
34517,00034517.jpg,1785610459572292096,9.899,25.274,64.726,12,42,528.3,1.51,1,64.726
34518,00034518.jpg,1785610459605184256,9.915,28.69,61.31,10,41,532.8,1.59,1,61.31
34519,00034519.jpg,1785610459640553216,9.931,30.685,59.315,10,37,493.9,0.85,1,59.315
34520,00034520.jpg,1785610459670862592,9.904,33.018,56.982,9,40,550.5,0.92,1,56.982
34521,00034521.jpg,1785610459705659904,9.892,35.173,54.827,8,38,581.3,1.23,1,54.827
34522,00034522.jpg,1785610459738217216,9.882,38.209,51.791,8,36,612.6,1.18,1,51.791
34523,00034523.jpg,1785610459772166400,9.88,38.762,51.238,8,40,630.9,1.52,1,51.238
34524,00034524.jpg,1785610459805197312,9.88,39.289,50.711,7,35,675.2,1.6,1,50.711
34525,00034525.jpg,1785610459840715008,9.877,39.151,50.849,7,36,680.9,1.39,1,50.849
34526,00034526.jpg,1785610459873025024,9.886,40.279,49.721,7,38,666.1,1.98,1,49.721
34527,00034527.jpg,1785610459905245184,9.914,39.672,50.328,8,37,670.7,1.46,1,50.328
34528,00034528.jpg,1785610459940374272,9.912,38.605,51.395,8,40,673.9,1.37,1,51.395
34529,00034529.jpg,1785610459970884096,9.991,37.818,52.182,9,41,633.7,1.61,1,52.182
34530,00034530.jpg,1785610460004939776,10.08,36.517,53.483,11,43,609.4,1.49,1,53.483
34531,00034531.jpg,1785610460039512320,9.936,34.187,55.813,8,39,585.3,0.92,1,55.813
34532,00034532.jpg,1785610460071139584,9.897,31.613,58.387,9,38,525.9,0.86,1,58.387
34533,00034533.jpg,1785610460105322752,9.913,28.545,61.455,11,42,542.4,1.34,1,61.455
34534,00034534.jpg,1785610460138241536,9.929,26.892,63.108,12,45,579.9,1.25,1,63.108
34535,00034535.jpg,1785610460170980608,9.926,24.485,65.515,15,55,697.7,1.79,1,65.515
34536,00034536.jpg,1785610460205449216,9.92,21.001,68.999,19,65,860.9,1.79,1,68.999
34537,00034537.jpg,1785610460240601600,9.92,18.71,71.29,16,63,891.8,2.46,1,71.29
34538,00034538.jpg,1785610460271359232,9.921,16.925,73.075,17,68,884.5,2.28,1,73.075
34539,00034539.jpg,1785610460304488448,9.921,14.027,75.973,18,76,993.1,1.68,1,75.973
34540,00034540.jpg,1785610460337645312,9.921,11.038,78.962,18,76,1071.2,1.59,1,78.962
34541,00034541.jpg,1785610460370841344,9.921,8.339,81.661,17,82,1099.3,1.03,1,81.661
34542,00034542.jpg,1785610460404668416,9.921,6.202,83.798,19,74,1111.6,1.17,1,83.798
34543,00034543.jpg,1785610460437478912,9.921,4.263,85.737,17,82,1216.3,1.32,1,85.737
34544,00034544.jpg,1785610460472500736,9.92,1.065,88.935,18,78,1249.7,0.66,1,88.935
34545,00034545.jpg,1785610460504553984,9.92,89.299,0.701,19,80,1403.9,1.42,1,90.701
34546,00034546.jpg,1785610460537764352,9.898,87.017,2.983,25,90,1532.0,1.22,1,92.983
34547,00034547.jpg,1785610460570989568,9.887,84.841,5.159,18,74,1345.6,1.01,1,95.159
34548,00034548.jpg,1785610460604479488,9.902,83.182,6.818,17,73,1294.0,1.25,1,96.818
34549,00034549.jpg,1785610460637847296,9.872,82.151,7.849,15,67,1298.8,1.07,1,97.849
34550,00034550.jpg,1785610460670878720,9.873,81.786,8.214,15,62,1285.7,1.18,1,98.214
34551,00034551.jpg,1785610460705347072,9.876,80.89,9.11,13,66,1301.8,0.73,1,99.11
34552,00034552.jpg,1785610460737665536,9.872,80.975,9.025,15,65,1291.5,1.09,1,99.025
34553,00034553.jpg,1785610460770912512,9.872,80.861,9.139,13,70,1336.0,1.11,1,99.139
34554,00034554.jpg,1785610460805424384,9.872,80.974,9.026,13,59,1303.0,1.1,1,99.026
34555,00034555.jpg,1785610460840963584,9.872,81.326,8.674,15,69,1341.2,1.01,1,98.674
34556,00034556.jpg,1785610460871787008,9.872,80.841,9.159,14,67,1343.3,1.08,1,99.159
34557,00034557.jpg,1785610460905093120,9.872,80.622,9.378,13,63,1322.8,0.94,1,99.378
34558,00034558.jpg,1785610460940696832,9.871,80.789,9.211,13,63,1321.6,0.73,1,99.211
34559,00034559.jpg,1785610460971760128,9.871,81.184,8.816,15,69,1327.9,0.72,1,98.816
34560,00034560.jpg,1785610461009166848,9.871,81.147,8.853,14,69,1331.6,1.04,1,98.853
34561,00034561.jpg,1785610461037465600,9.871,81.172,8.828,14,68,1299.7,0.87,1,98.828
34562,00034562.jpg,1785610461071414784,9.878,80.719,9.281,16,65,1280.9,0.75,1,99.281
34563,00034563.jpg,1785610461105523200,9.871,81.164,8.836,14,69,1294.3,0.88,1,98.836
34564,00034564.jpg,1785610461137321984,9.871,81.424,8.576,16,62,1217.0,1.04,1,98.576
34565,00034565.jpg,1785610461171903488,9.871,81.458,8.542,17,67,1235.5,1.05,1,98.542
34566,00034566.jpg,1785610461205336576,9.871,81.398,8.602,14,59,1181.0,0.91,1,98.602
34567,00034567.jpg,1785610461240376320,9.871,81.329,8.671,14,60,1174.2,0.96,1,98.671
34568,00034568.jpg,1785610461271863552,9.871,81.139,8.861,14,60,1180.5,0.57,1,98.861
34569,00034569.jpg,1785610461304583168,10.026,81.682,8.318,14,54,1132.3,1.03,1,98.318
34570,00034570.jpg,1785610461337719296,10.299,80.834,9.166,13,61,1149.4,0.72,1,99.166
34571,00034571.jpg,1785610461370818816,11.014,80.785,9.215,18,72,1197.1,0.78,1,99.215
34572,00034572.jpg,1785610461405550080,11.98,81.181,8.819,16,62,1179.4,0.91,1,98.819
34573,00034573.jpg,1785610461437500672,12.665,81.23,8.77,17,62,1171.1,0.87,1,98.77
34574,00034574.jpg,1785610461471447296,13.163,81.843,8.157,18,74,1225.1,0.87,1,98.157
34575,00034575.jpg,1785610461506270208,8.732,81.471,8.529,17,68,1184.3,1.17,1,98.529
34576,00034576.jpg,1785610461537822976,7.602,81.132,8.868,18,70,1202.0,0.66,1,98.868
34577,00034577.jpg,1785610461571085312,8.156,81.217,8.783,16,68,1197.2,1.08,1,98.783
34578,00034578.jpg,1785610461604440832,8.838,81.468,8.532,17,68,1153.2,0.92,1,98.532
34579,00034579.jpg,1785610461640716288,9.318,81.32,8.68,20,72,1209.7,1.03,1,98.68
34580,00034580.jpg,1785610461671344896,9.577,81.343,8.657,17,70,1185.8,1.08,1,98.657
34581,00034581.jpg,1785610461704997632,9.723,81.409,8.591,19,71,1153.4,1.14,1,98.591
34582,00034582.jpg,1785610461737859328,9.798,81.48,8.52,16,74,1169.3,1.04,1,98.52
34583,00034583.jpg,1785610461771279616,9.834,81.512,8.488,13,56,1084.7,0.67,1,98.488
34584,00034584.jpg,1785610461805910016,9.852,81.591,8.409,18,60,1089.2,1.05,1,98.409
34585,00034585.jpg,1785610461837692416,9.86,81.815,8.185,14,64,1112.7,1.03,1,98.185
34586,00034586.jpg,1785610461871004672,9.864,81.621,8.379,16,59,1095.0,0.96,1,98.379
34587,00034587.jpg,1785610461904785920,9.866,81.692,8.308,18,74,1138.6,0.96,1,98.308
34588,00034588.jpg,1785610461938343168,9.867,81.373,8.627,15,59,1072.0,0.99,1,98.627
34589,00034589.jpg,1785610461972842752,9.867,81.68,8.32,20,73,1134.4,1.04,1,98.32
34590,00034590.jpg,1785610462004608000,9.867,81.582,8.418,15,65,1105.0,0.82,1,98.418
34591,00034591.jpg,1785610462037652224,9.867,81.451,8.549,18,62,1103.6,0.74,1,98.549
34592,00034592.jpg,1785610462070709760,9.867,81.29,8.71,19,75,1171.6,1.07,1,98.71
34593,00034593.jpg,1785610462104843264,9.867,81.513,8.487,17,75,1127.6,0.81,1,98.487
34594,00034594.jpg,1785610462140071680,9.867,81.539,8.461,19,71,1141.8,1.07,1,98.461
34595,00034595.jpg,1785610462172018176,9.867,81.694,8.306,18,73,1154.7,0.68,1,98.306
34596,00034596.jpg,1785610462204538112,9.867,81.68,8.32,15,64,1078.8,0.63,1,98.32
34597,00034597.jpg,1785610462237690880,9.867,81.638,8.362,19,76,1093.0,0.99,1,98.362
34598,00034598.jpg,1785610462271028224,9.867,81.629,8.371,14,55,1016.1,1.04,1,98.371
34599,00034599.jpg,1785610462305415424,9.867,81.661,8.339,16,70,1073.6,0.73,1,98.339
34600,00034600.jpg,1785610462340208896,9.867,81.689,8.311,19,71,1046.1,0.97,1,98.311
34601,00034601.jpg,1785610462371468800,9.867,81.863,8.137,17,69,1076.5,0.98,1,98.137
34602,00034602.jpg,1785610462404506112,9.867,81.752,8.248,19,68,1056.4,1.03,1,98.248
34603,00034603.jpg,1785610462440707328,9.867,81.783,8.217,19,72,1044.7,0.77,1,98.217
34604,00034604.jpg,1785610462471009280,9.867,81.483,8.517,16,63,971.6,1.02,1,98.517
34605,00034605.jpg,1785610462504617984,9.867,81.846,8.154,15,63,954.2,1.25,1,98.154
34606,00034606.jpg,1785610462537628672,9.866,82.005,7.995,18,64,930.4,0.77,1,97.995
34607,00034607.jpg,1785610462570977792,9.866,81.907,8.093,22,82,1023.3,1.47,1,98.093
34608,00034608.jpg,1785610462605264128,9.866,81.783,8.217,18,65,924.0,0.71,1,98.217
34609,00034609.jpg,1785610462640402688,9.866,81.688,8.312,16,63,930.8,0.78,1,98.312
34610,00034610.jpg,1785610462671235840,9.866,81.989,8.011,19,73,939.9,1.13,1,98.011
34611,00034611.jpg,1785610462704733952,9.866,82.084,7.916,22,70,949.3,1.4,1,97.916
34612,00034612.jpg,1785610462739825664,9.866,81.592,8.408,17,66,898.7,1.03,1,98.408
34613,00034613.jpg,1785610462771922176,9.866,81.912,8.088,18,75,905.2,1.07,1,98.088
34614,00034614.jpg,1785610462805236480,9.866,81.877,8.123,20,69,839.2,0.77,1,98.123
34615,00034615.jpg,1785610462837143552,9.866,81.391,8.609,14,58,815.4,1.0,1,98.609
34616,00034616.jpg,1785610462871699200,9.866,81.328,8.672,19,66,645.8,1.08,1,98.672
34617,00034617.jpg,1785610462908222208,10.032,81.119,8.881,17,65,641.4,1.52,1,98.881
34618,00034618.jpg,1785610462940343808,10.295,81.664,8.336,14,42,495.1,1.15,1,98.336
34619,00034619.jpg,1785610462970887424,11.004,81.842,8.158,16,63,578.0,1.07,1,98.158
34620,00034620.jpg,1785610463004983296,12.034,81.665,8.335,13,47,544.8,1.02,1,98.335
34621,00034621.jpg,1785610463037897472,12.898,81.096,8.904,15,56,592.1,0.98,1,98.904
34622,00034622.jpg,1785610463071287808,13.328,82.11,7.89,18,61,608.4,1.63,1,97.89
34623,00034623.jpg,1785610463105099008,15.365,81.172,8.828,15,52,560.8,0.62,1,98.828
34624,00034624.jpg,1785610463137402368,16.353,81.81,8.19,22,85,715.1,1.31,1,98.19
34625,00034625.jpg,1785610463171716864,17.531,81.04,8.96,18,59,599.8,1.04,1,98.96
34626,00034626.jpg,1785610463204660224,18.477,79.56,10.44,19,64,698.8,1.61,1,100.44
34627,00034627.jpg,1785610463238057472,18.848,80.21,9.79,14,55,640.5,1.28,1,99.79
34628,00034628.jpg,1785610463271579904,6.098,80.467,9.533,14,46,553.1,1.07,1,99.533
34629,00034629.jpg,1785610463304659712,3.881,80.865,9.135,10,35,500.5,0.46,1,99.135
34630,00034630.jpg,1785610463337673216,5.557,81.479,8.521,11,33,501.9,1.3,1,98.521
34631,00034631.jpg,1785610463370829312,7.322,81.609,8.391,12,42,539.4,0.8,1,98.391
34632,00034632.jpg,1785610463408316160,8.5,81.271,8.729,12,38,515.8,0.87,1,98.729
34633,00034633.jpg,1785610463440179200,9.13,80.845,9.155,12,47,556.2,1.37,1,99.155
34634,00034634.jpg,1785610463471145216,9.463,81.79,8.21,12,44,566.6,1.33,1,98.21
34635,00034635.jpg,1785610463505169152,9.612,81.862,8.138,13,43,559.4,1.12,1,98.138
34636,00034636.jpg,1785610463537319936,9.726,81.448,8.552,11,50,602.7,1.11,1,98.552
34637,00034637.jpg,1785610463571879424,9.77,82.276,7.724,17,54,621.6,1.57,1,97.724
34638,00034638.jpg,1785610463605030912,9.788,82.58,7.42,14,53,648.5,1.42,1,97.42
34639,00034639.jpg,1785610463640250112,9.804,82.012,7.988,15,61,684.3,0.88,1,97.988
34640,00034640.jpg,1785610463671222784,9.811,81.871,8.129,13,48,628.3,0.97,1,98.129
34641,00034641.jpg,1785610463704572928,9.815,82.092,7.908,13,52,652.4,0.77,1,97.908
34642,00034642.jpg,1785610463737402624,9.82,82.053,7.947,17,55,651.8,1.3,1,97.947
34643,00034643.jpg,1785610463770871552,9.822,81.296,8.704,20,65,662.5,1.01,1,98.704
34644,00034644.jpg,1785610463805579776,9.823,81.575,8.425,23,74,700.9,0.9,1,98.425
34645,00034645.jpg,1785610463838054656,9.824,82.25,7.75,13,49,580.6,1.53,1,97.75
34646,00034646.jpg,1785610463871920128,9.825,81.974,8.026,18,62,628.5,1.05,1,98.026
34647,00034647.jpg,1785610463905315584,9.826,82.117,7.883,17,63,627.1,1.89,1,97.883
34648,00034648.jpg,1785610463937360384,9.829,81.954,8.046,19,62,656.9,1.04,1,98.046
34649,00034649.jpg,1785610463970705152,9.835,81.716,8.284,16,59,645.3,1.25,1,98.284
34650,00034650.jpg,1785610464004947712,9.862,82.297,7.703,22,77,792.5,1.44,1,97.703
34651,00034651.jpg,1785610464040688128,9.829,81.416,8.584,17,58,697.4,1.4,1,98.584
34652,00034652.jpg,1785610464070913280,9.839,81.438,8.562,17,57,686.1,1.12,1,98.562
34653,00034653.jpg,1785610464104590080,9.84,81.646,8.354,16,54,684.3,1.06,1,98.354
34654,00034654.jpg,1785610464137512192,9.838,81.939,8.061,20,65,753.6,1.07,1,98.061
34655,00034655.jpg,1785610464171153152,9.831,82.222,7.778,14,59,762.8,1.4,1,97.778
34656,00034656.jpg,1785610464207102208,9.823,82.553,7.447,16,59,768.6,1.74,1,97.447
34657,00034657.jpg,1785610464237319424,9.823,81.591,8.409,15,52,674.5,1.08,1,98.409
34658,00034658.jpg,1785610464270640896,9.822,81.847,8.153,15,64,795.1,0.9,1,98.153
34659,00034659.jpg,1785610464304230912,9.821,82.058,7.942,20,72,840.5,1.85,1,97.942
34660,00034660.jpg,1785610464337426688,9.822,82.134,7.866,16,56,672.6,1.32,1,97.866
34661,00034661.jpg,1785610464370541312,9.823,82.146,7.854,17,51,633.1,1.16,1,97.854
34662,00034662.jpg,1785610464405390592,9.823,82.317,7.683,15,48,629.6,0.88,1,97.683
34663,00034663.jpg,1785610464440388608,9.824,82.376,7.624,18,60,665.4,1.39,1,97.624
34664,00034664.jpg,1785610464472133120,9.824,82.643,7.357,18,59,684.8,1.55,1,97.357
34665,00034665.jpg,1785610464505484032,9.825,82.786,7.214,17,56,664.6,1.51,1,97.214
34666,00034666.jpg,1785610464540515328,9.825,82.408,7.592,15,42,249.9,2.15,1,97.592
34667,00034667.jpg,1785610464571911424,9.825,82.163,7.837,14,49,262.2,2.57,1,97.837
34668,00034668.jpg,1785610464604394240,9.825,82.413,7.587,12,46,262.4,3.11,1,97.587
34669,00034669.jpg,1785610464637611776,9.825,81.445,8.555,13,47,260.5,5.2,1,98.555
34670,00034670.jpg,1785610464674720512,9.825,83.851,6.149,13,44,243.6,3.56,1,96.149
34671,00034671.jpg,1785610464705036544,9.825,81.556,8.444,9,30,184.4,1.8,1,98.444
34672,00034672.jpg,1785610464737357312,9.825,81.249,8.751,12,36,197.5,1.64,1,98.751
34673,00034673.jpg,1785610464771942144,9.825,82.078,7.922,13,35,214.7,1.48,1,97.922
34674,00034674.jpg,1785610464804727040,9.825,81.803,8.197,10,28,183.4,1.89,1,98.197
34675,00034675.jpg,1785610464840449792,9.825,81.352,8.648,11,34,196.7,2.89,1,98.648
34676,00034676.jpg,1785610464871712512,9.825,82.612,7.388,13,45,239.5,3.06,1,97.388
34677,00034677.jpg,1785610464906055424,9.825,82.622,7.378,12,36,211.8,3.07,1,97.378
34678,00034678.jpg,1785610464940093696,9.825,81.769,8.231,13,34,186.4,2.02,1,98.231
34679,00034679.jpg,1785610464971904256,9.825,81.688,8.312,12,37,249.8,1.94,1,98.312
34680,00034680.jpg,1785610465005322240,9.825,82.142,7.858,13,45,296.6,2.05,1,97.858
34681,00034681.jpg,1785610465040247808,9.825,82.583,7.417,15,48,283.9,2.33,1,97.417
34682,00034682.jpg,1785610465071798016,9.825,80.928,9.072,13,39,252.9,2.05,1,99.072
34683,00034683.jpg,1785610465105484288,9.825,81.565,8.435,12,33,248.4,1.11,1,98.435
34684,00034684.jpg,1785610465140249344,9.825,81.443,8.557,14,40,229.1,1.04,1,98.557
34685,00034685.jpg,1785610465171261952,9.825,82.049,7.951,15,50,331.6,1.29,1,97.951
34686,00034686.jpg,1785610465205451264,9.825,81.472,8.528,13,47,331.7,2.13,1,98.528
34687,00034687.jpg,1785610465238144000,9.825,81.744,8.256,13,40,262.5,1.26,1,98.256
34688,00034688.jpg,1785610465272048640,9.825,82.272,7.728,11,34,297.1,1.7,1,97.728
34689,00034689.jpg,1785610465307921664,9.824,82.197,7.803,13,44,336.4,1.0,1,97.803
34690,00034690.jpg,1785610465337833984,9.824,82.029,7.971,14,43,189.8,1.38,1,97.971
34691,00034691.jpg,1785610465371265280,9.824,82.303,7.697,12,42,324.0,0.94,1,97.697
34692,00034692.jpg,1785610465405983232,9.824,82.0,8.0,12,36,321.7,0.91,1,98.0
34693,00034693.jpg,1785610465437974016,9.824,81.794,8.206,14,41,483.1,0.58,1,98.206
34694,00034694.jpg,1785610465471141632,9.824,81.727,8.273,9,31,436.2,0.77,1,98.273
34695,00034695.jpg,1785610465505533696,9.824,82.111,7.889,9,35,452.2,0.84,1,97.889
34696,00034696.jpg,1785610465539215104,9.824,81.631,8.369,9,29,438.2,0.68,1,98.369
34697,00034697.jpg,1785610465571425792,9.824,82.251,7.749,8,27,429.7,0.62,1,97.749
34698,00034698.jpg,1785610465606057472,9.824,81.916,8.084,9,28,431.5,0.7,1,98.084
34699,00034699.jpg,1785610465640388864,9.824,81.913,8.087,11,37,461.1,0.74,1,98.087
34700,00034700.jpg,1785610465671812864,9.824,81.816,8.184,10,35,462.9,0.68,1,98.184
34701,00034701.jpg,1785610465705100800,9.824,81.701,8.299,11,36,466.6,0.56,1,98.299
34702,00034702.jpg,1785610465737398784,9.823,81.764,8.236,10,35,445.1,1.13,1,98.236
34703,00034703.jpg,1785610465770809088,9.823,81.889,8.111,7,33,433.5,0.53,1,98.111
34704,00034704.jpg,1785610465807500800,9.823,81.935,8.065,9,31,316.2,0.87,1,98.065
34705,00034705.jpg,1785610465840386816,9.823,82.148,7.852,8,30,319.8,0.88,1,97.852
34706,00034706.jpg,1785610465871033088,9.823,82.089,7.911,10,32,326.5,0.83,1,97.911
34707,00034707.jpg,1785610465904939264,9.823,82.087,7.913,13,33,337.8,0.71,1,97.913
34708,00034708.jpg,1785610465937973248,9.823,82.227,7.773,9,27,321.2,0.57,1,97.773
34709,00034709.jpg,1785610465972243456,9.823,81.133,8.867,10,28,318.7,0.85,1,98.867
34710,00034710.jpg,1785610466004297472,9.823,82.265,7.735,12,28,335.8,1.8,1,97.735
34711,00034711.jpg,1785610466037523968,9.823,81.462,8.538,8,26,260.7,1.75,1,98.538
34712,00034712.jpg,1785610466071665152,9.823,82.553,7.447,9,30,281.3,1.84,1,97.447
34713,00034713.jpg,1785610466105237504,9.823,81.454,8.546,9,31,252.3,1.26,1,98.546
34714,00034714.jpg,1785610466140316160,9.822,82.669,7.331,8,16,200.4,0.4,1,97.331
34715,00034715.jpg,1785610466172125696,9.822,82.797,7.203,6,18,231.5,1.32,1,97.203
34716,00034716.jpg,1785610466204429312,9.822,81.315,8.685,6,18,247.4,1.33,1,98.685
34717,00034717.jpg,1785610466238493696,9.822,82.734,7.266,3,16,246.0,0.5,1,97.266
34718,00034718.jpg,1785610466270627328,9.822,81.305,8.695,9,25,292.2,1.4,1,98.695
34719,00034719.jpg,1785610466304905216,9.822,82.322,7.678,8,20,283.9,0.89,1,97.678
34720,00034720.jpg,1785610466338063360,9.822,82.363,7.637,6,18,276.2,1.38,1,97.637
34721,00034721.jpg,1785610466371687424,9.822,82.551,7.449,6,22,356.2,0.87,1,97.449
34722,00034722.jpg,1785610466404624896,9.822,81.989,8.011,5,16,255.3,0.69,1,98.011
34723,00034723.jpg,1785610466438856704,9.822,81.64,8.36,4,17,270.2,0.69,1,98.36
34724,00034724.jpg,1785610466471832064,9.822,81.771,8.229,5,20,278.2,0.5,1,98.229
34725,00034725.jpg,1785610466504832512,9.822,81.741,8.259,3,12,254.0,0.75,1,98.259
34726,00034726.jpg,1785610466540011776,9.822,81.678,8.322,3,15,261.8,0.69,1,98.322
34727,00034727.jpg,1785610466570458880,9.821,81.742,8.258,5,18,282.6,0.42,1,98.258
34728,00034728.jpg,1785610466605138944,9.821,82.112,7.888,7,21,288.8,0.8,1,97.888
34729,00034729.jpg,1785610466637923584,9.821,82.07,7.93,5,18,284.6,1.04,1,97.93
34730,00034730.jpg,1785610466672503040,9.821,81.179,8.821,4,16,278.5,0.72,1,98.821
34731,00034731.jpg,1785610466704085760,9.821,81.904,8.096,7,22,314.0,0.73,1,98.096
34732,00034732.jpg,1785610466737355008,9.821,82.035,7.965,5,18,298.2,0.86,1,97.965
34733,00034733.jpg,1785610466770486272,9.821,81.555,8.445,5,17,296.5,0.55,1,98.445
34734,00034734.jpg,1785610466806697984,9.828,82.019,7.981,4,20,339.0,0.9,1,97.981
34735,00034735.jpg,1785610466838032128,9.826,81.938,8.062,6,22,331.0,0.71,1,98.062
34736,00034736.jpg,1785610466870886144,9.846,82.487,7.513,4,18,315.7,0.57,1,97.513
34737,00034737.jpg,1785610466905280256,9.89,82.608,7.392,5,18,317.4,0.84,1,97.392
34738,00034738.jpg,1785610466937416448,9.87,82.262,7.738,7,29,537.5,0.73,1,97.738
34739,00034739.jpg,1785610466970528256,9.839,82.454,7.546,7,32,556.0,0.53,1,97.546
34740,00034740.jpg,1785610467004943104,9.856,82.395,7.605,6,27,567.6,1.25,1,97.605
34741,00034741.jpg,1785610467037241600,9.862,82.112,7.888,8,34,609.4,0.72,1,97.888
34742,00034742.jpg,1785610467071408128,9.86,81.311,8.689,10,38,655.6,1.1,1,98.689
34743,00034743.jpg,1785610467104263936,9.829,81.714,8.286,9,42,829.5,1.35,1,98.286
34744,00034744.jpg,1785610467137850368,9.817,81.679,8.321,10,47,805.2,1.29,1,98.321
34745,00034745.jpg,1785610467171257856,9.804,81.691,8.309,10,41,656.1,0.97,1,98.309
34746,00034746.jpg,1785610467205172736,9.798,82.116,7.884,8,35,599.7,0.77,1,97.884
34747,00034747.jpg,1785610467237057536,9.802,81.9,8.1,9,41,865.5,0.74,1,98.1
34748,00034748.jpg,1785610467270636544,9.803,81.432,8.568,9,41,908.3,0.61,1,98.568
34749,00034749.jpg,1785610467306555392,9.985,82.115,7.885,10,48,1087.3,0.93,1,97.885
34750,00034750.jpg,1785610467337925120,10.25,82.246,7.754,12,55,1202.3,0.78,1,97.754
34751,00034751.jpg,1785610467371666944,10.95,81.867,8.133,11,60,1252.1,0.99,1,98.133
34752,00034752.jpg,1785610467405318400,11.915,81.883,8.117,11,50,1216.2,0.65,1,98.117
34753,00034753.jpg,1785610467439647488,12.58,82.357,7.643,11,52,1226.1,0.6,1,97.643
34754,00034754.jpg,1785610467471301120,13.048,81.823,8.177,14,62,1280.6,0.66,1,98.177
34755,00034755.jpg,1785610467505114112,8.626,81.98,8.02,13,68,1299.5,0.6,1,98.02
34756,00034756.jpg,1785610467540309504,7.479,81.667,8.333,13,56,1278.9,0.76,1,98.333
34757,00034757.jpg,1785610467571150848,8.063,82.503,7.497,13,66,1327.7,0.73,1,97.497
34758,00034758.jpg,1785610467604713728,8.758,81.991,8.009,15,76,1358.2,0.66,1,98.009
34759,00034759.jpg,1785610467637874688,9.231,81.854,8.146,14,73,1365.7,0.7,1,98.146
34760,00034760.jpg,1785610467671318016,9.508,81.66,8.34,16,63,1322.9,0.61,1,98.34
34761,00034761.jpg,1785610467704758272,9.655,81.761,8.239,14,71,1347.1,0.59,1,98.239
34762,00034762.jpg,1785610467737057792,9.731,81.964,8.036,18,79,1382.6,0.51,1,98.036
34763,00034763.jpg,1785610467770719744,9.768,81.788,8.212,15,69,1367.0,0.75,1,98.212
34764,00034764.jpg,1785610467804717568,9.786,82.165,7.835,13,62,1327.2,0.62,1,97.835
34765,00034765.jpg,1785610467840101888,9.795,81.803,8.197,17,77,1393.1,0.69,1,98.197
34766,00034766.jpg,1785610467871138304,9.799,81.863,8.137,14,68,1367.3,0.5,1,98.137
34767,00034767.jpg,1785610467905997824,9.801,81.937,8.063,14,61,1337.5,0.65,1,98.063
34768,00034768.jpg,1785610467937494272,9.802,81.592,8.408,15,60,1326.9,0.71,1,98.408
34769,00034769.jpg,1785610467970595840,9.803,81.951,8.049,15,69,1356.5,0.55,1,98.049
34770,00034770.jpg,1785610468005032960,9.81,81.921,8.079,16,74,1379.6,0.47,1,98.079
34771,00034771.jpg,1785610468037154560,9.81,81.687,8.313,16,70,1342.0,0.72,1,98.313
34772,00034772.jpg,1785610468072182016,9.83,81.414,8.586,16,63,1298.4,0.75,1,98.586
34773,00034773.jpg,1785610468105226752,9.879,81.02,8.98,16,65,1305.8,0.77,1,98.98
34774,00034774.jpg,1785610468137105920,9.887,80.487,9.513,16,70,1252.6,0.83,1,99.513
34775,00034775.jpg,1785610468170762752,9.88,80.55,9.45,11,56,1104.3,1.41,1,99.45
34776,00034776.jpg,1785610468204998144,9.876,80.255,9.745,11,42,904.0,1.18,1,99.745
34777,00034777.jpg,1785610468238326784,9.522,80.476,9.524,12,43,920.9,0.87,1,99.524
34778,00034778.jpg,1785610468270818560,7.995,80.105,9.895,12,46,923.5,0.97,1,99.895
34779,00034779.jpg,1785610468305293568,6.053,81.521,8.479,13,48,956.0,0.81,1,98.479
34780,00034780.jpg,1785610468337972992,5.247,82.1,7.9,11,43,940.4,1.27,1,97.9
34781,00034781.jpg,1785610468371596288,3.978,81.718,8.282,13,48,981.1,1.19,1,98.282
34782,00034782.jpg,1785610468404758784,3.189,82.244,7.756,13,48,978.9,1.5,1,97.756
34783,00034783.jpg,1785610468436969984,3.553,82.012,7.988,12,43,957.7,1.89,1,97.988
34784,00034784.jpg,1785610468470964224,7.117,82.061,7.939,11,44,974.4,1.53,1,97.939
34785,00034785.jpg,1785610468505090816,8.803,82.228,7.772,9,41,972.5,1.33,1,97.772
34786,00034786.jpg,1785610468540071168,9.54,82.43,7.57,10,41,985.5,1.62,1,97.57
34787,00034787.jpg,1785610468571457280,9.835,82.307,7.693,10,44,1019.2,0.97,1,97.693
34788,00034788.jpg,1785610468605157632,9.935,82.038,7.962,11,55,1070.9,1.07,1,97.962
34789,00034789.jpg,1785610468640048128,9.971,82.229,7.771,10,54,1065.9,1.25,1,97.771
34790,00034790.jpg,1785610468671648512,9.971,82.537,7.463,12,51,1092.9,1.18,1,97.463
34791,00034791.jpg,1785610468706551296,9.963,82.425,7.575,11,58,1158.0,1.45,1,97.575
34792,00034792.jpg,1785610468739947008,9.957,82.321,7.679,12,69,1198.3,1.1,1,97.679
34793,00034793.jpg,1785610468770855424,9.94,83.011,6.989,11,55,1153.9,1.33,1,96.989
34794,00034794.jpg,1785610468804575488,9.926,82.696,7.304,12,53,1203.9,1.21,1,97.304
34795,00034795.jpg,1785610468837402624,9.923,82.566,7.434,12,64,1224.0,1.36,1,97.434
34796,00034796.jpg,1785610468871537152,9.922,82.474,7.526,13,65,1275.8,1.39,1,97.526
34797,00034797.jpg,1785610468904676608,9.921,82.849,7.151,11,63,1300.3,1.04,1,97.151
34798,00034798.jpg,1785610468938009856,9.923,82.385,7.615,13,63,1265.2,1.36,1,97.615
34799,00034799.jpg,1785610468970610432,9.924,82.964,7.036,10,60,1303.6,1.13,1,97.036
34800,00034800.jpg,1785610469004397824,9.925,82.556,7.444,13,65,1369.3,1.13,1,97.444
34801,00034801.jpg,1785610469036990208,9.926,82.787,7.213,13,65,1380.4,1.18,1,97.213
34802,00034802.jpg,1785610469070493184,9.926,82.509,7.491,12,56,1335.7,1.09,1,97.491
34803,00034803.jpg,1785610469105184512,9.927,83.156,6.844,14,66,1390.3,1.03,1,96.844
34804,00034804.jpg,1785610469137779456,9.928,82.604,7.396,13,69,1436.7,1.01,1,97.396
34805,00034805.jpg,1785610469171800064,9.928,82.837,7.163,14,58,1365.6,0.92,1,97.163
34806,00034806.jpg,1785610469207198208,9.928,83.081,6.919,14,62,1453.5,0.95,1,96.919
34807,00034807.jpg,1785610469240254976,9.929,82.788,7.212,19,75,1474.1,1.21,1,97.212
34808,00034808.jpg,1785610469270845440,9.929,82.406,7.594,14,65,1483.2,0.81,1,97.594
34809,00034809.jpg,1785610469304637696,9.929,82.483,7.517,12,64,1439.2,0.85,1,97.517
34810,00034810.jpg,1785610469337924352,9.929,82.691,7.309,15,68,1523.6,0.83,1,97.309
34811,00034811.jpg,1785610469370282752,9.93,82.586,7.414,16,73,1545.5,0.95,1,97.414
34812,00034812.jpg,1785610469404059904,9.93,82.418,7.582,17,64,1486.1,0.84,1,97.582
34813,00034813.jpg,1785610469437187584,9.93,82.949,7.051,15,71,1557.5,1.0,1,97.051
34814,00034814.jpg,1785610469470680832,9.93,82.992,7.008,18,68,1533.4,1.04,1,97.008
34815,00034815.jpg,1785610469505120000,9.93,83.083,6.917,19,77,1620.4,0.68,1,96.917
34816,00034816.jpg,1785610469538264320,9.931,82.808,7.192,17,66,1567.0,0.83,1,97.192
34817,00034817.jpg,1785610469570782208,9.931,82.495,7.505,20,74,1629.5,0.99,1,97.505
34818,00034818.jpg,1785610469604638208,9.931,82.602,7.398,19,75,1632.2,0.92,1,97.398
34819,00034819.jpg,1785610469637998336,9.931,82.708,7.292,17,76,1650.8,0.82,1,97.292
34820,00034820.jpg,1785610469671598592,9.931,82.36,7.64,16,62,1614.0,0.74,1,97.64
34821,00034821.jpg,1785610469705127424,9.931,82.464,7.536,17,72,1671.6,0.73,1,97.536
34822,00034822.jpg,1785610469736980992,9.784,82.444,7.556,18,79,1720.7,1.08,1,97.556
34823,00034823.jpg,1785610469770072320,8.813,82.335,7.665,20,75,1704.6,0.63,1,97.665
34824,00034824.jpg,1785610469804988928,6.965,82.396,7.604,16,76,1670.7,0.68,1,97.604
34825,00034825.jpg,1785610469837197824,6.013,82.251,7.749,17,72,1625.0,0.66,1,97.749
34826,00034826.jpg,1785610469870750208,4.559,82.188,7.812,19,83,1649.8,1.03,1,97.812
34827,00034827.jpg,1785610469904622848,3.638,82.357,7.643,16,68,1578.9,0.77,1,97.643
34828,00034828.jpg,1785610469939744000,3.941,82.458,7.542,17,77,1671.7,1.01,1,97.542
34829,00034829.jpg,1785610469972187648,7.349,82.614,7.386,16,71,1726.5,0.85,1,97.386
34830,00034830.jpg,1785610470004594688,8.771,82.396,7.604,14,72,1752.0,0.7,1,97.604
34831,00034831.jpg,1785610470037334272,9.426,82.321,7.679,11,63,1701.6,0.69,1,97.679
34832,00034832.jpg,1785610470070440704,9.575,82.57,7.43,16,69,1593.2,0.86,1,97.43
34833,00034833.jpg,1785610470105178880,9.83,82.116,7.884,13,61,1556.5,0.56,1,97.884
34834,00034834.jpg,1785610470136816128,9.877,82.212,7.788,18,63,1467.6,0.6,1,97.788
34835,00034835.jpg,1785610470170945536,9.896,82.364,7.636,15,54,1344.0,0.88,1,97.636
34836,00034836.jpg,1785610470204571904,9.902,82.15,7.85,14,55,1304.8,0.76,1,97.85
34837,00034837.jpg,1785610470237801728,9.904,82.318,7.682,19,69,1369.2,0.8,1,97.682
34838,00034838.jpg,1785610470270478080,9.904,82.277,7.723,16,67,1318.3,0.73,1,97.723
34839,00034839.jpg,1785610470304551936,9.903,82.458,7.542,19,70,1299.3,0.81,1,97.542
34840,00034840.jpg,1785610470337140992,9.903,82.699,7.301,21,79,1308.9,0.74,1,97.301
34841,00034841.jpg,1785610470371475968,9.902,82.721,7.279,22,74,1286.7,0.89,1,97.279
34842,00034842.jpg,1785610470404376832,9.901,82.677,7.323,21,74,1244.0,0.86,1,97.323
34843,00034843.jpg,1785610470439680512,9.901,82.557,7.443,20,66,1138.7,0.6,1,97.443
34844,00034844.jpg,1785610470470327808,9.9,82.448,7.552,15,54,1094.0,0.75,1,97.552
34845,00034845.jpg,1785610470505056000,9.9,82.458,7.542,20,63,1106.6,0.94,1,97.542
34846,00034846.jpg,1785610470536629248,9.9,82.758,7.242,17,62,1114.9,0.72,1,97.242
34847,00034847.jpg,1785610470569950208,9.9,82.793,7.207,23,77,1160.2,1.03,1,97.207
34848,00034848.jpg,1785610470605193728,9.899,82.575,7.425,17,65,1143.5,0.92,1,97.425
34849,00034849.jpg,1785610470636846592,9.899,82.65,7.35,14,64,1100.6,1.03,1,97.35
34850,00034850.jpg,1785610470671578624,9.899,82.697,7.303,18,72,1141.2,0.67,1,97.303
34851,00034851.jpg,1785610470704680704,9.899,82.274,7.726,22,76,1143.9,0.58,1,97.726
34852,00034852.jpg,1785610470737890304,9.899,82.154,7.846,21,75,1157.8,0.9,1,97.846
34853,00034853.jpg,1785610470770391808,9.899,82.821,7.179,19,77,1113.4,1.0,1,97.179
34854,00034854.jpg,1785610470804353792,9.898,83.268,6.732,22,81,1091.6,1.0,1,96.732
34855,00034855.jpg,1785610470837270016,9.898,82.417,7.583,23,87,1159.4,0.88,1,97.583
34856,00034856.jpg,1785610470872301312,9.898,82.374,7.626,18,75,1058.6,0.76,1,97.626
34857,00034857.jpg,1785610470904613632,9.898,82.383,7.617,23,84,1089.8,1.22,1,97.617
34858,00034858.jpg,1785610470938369536,9.898,82.74,7.26,18,80,1040.9,0.88,1,97.26
34859,00034859.jpg,1785610470970745600,9.898,82.824,7.176,21,82,1016.5,1.18,1,97.176
34860,00034860.jpg,1785610471005008640,9.897,82.7,7.3,20,78,1055.8,1.48,1,97.3
34861,00034861.jpg,1785610471037359872,9.897,82.573,7.427,19,79,1020.9,1.16,1,97.427
34862,00034862.jpg,1785610471070804992,9.897,82.449,7.551,17,81,1048.7,1.24,1,97.551
34863,00034863.jpg,1785610471104320000,9.897,82.26,7.74,19,79,1062.6,1.08,1,97.74
34864,00034864.jpg,1785610471137718016,9.897,82.526,7.474,19,76,1039.7,1.22,1,97.474
34865,00034865.jpg,1785610471171400192,9.897,82.268,7.732,19,68,1047.2,0.79,1,97.732
34866,00034866.jpg,1785610471205012224,9.896,82.468,7.532,17,74,1074.1,1.0,1,97.532
34867,00034867.jpg,1785610471239740160,9.896,82.967,7.033,17,73,1080.1,0.88,1,97.033
34868,00034868.jpg,1785610471271558912,9.896,82.411,7.589,20,90,1180.0,0.82,1,97.589
34869,00034869.jpg,1785610471304039168,9.896,82.449,7.551,19,91,1165.5,1.07,1,97.551
34870,00034870.jpg,1785610471337120512,9.896,82.303,7.697,17,74,1110.8,0.77,1,97.697
34871,00034871.jpg,1785610471370697984,10.048,82.542,7.458,21,79,1173.7,0.96,1,97.458
34872,00034872.jpg,1785610471404652544,10.58,82.794,7.206,20,83,1184.7,1.05,1,97.206
34873,00034873.jpg,1785610471436843008,11.106,82.305,7.695,17,81,1205.0,1.09,1,97.695
34874,00034874.jpg,1785610471471216640,11.646,82.55,7.45,17,80,1217.5,1.07,1,97.45
34875,00034875.jpg,1785610471506210304,9.585,82.503,7.497,21,87,1272.3,0.86,1,97.497
34876,00034876.jpg,1785610471537172992,8.745,82.629,7.371,18,80,1256.5,1.12,1,97.371
34877,00034877.jpg,1785610471570936576,8.984,82.729,7.271,19,79,1191.1,0.6,1,97.271
34878,00034878.jpg,1785610471604435968,9.862,82.057,7.943,22,96,1252.9,1.27,1,97.943
34879,00034879.jpg,1785610471637891840,10.348,81.964,8.036,23,98,1281.1,1.25,1,98.036
34880,00034880.jpg,1785610471671801088,11.04,82.563,7.437,21,83,1177.1,1.26,1,97.437
34881,00034881.jpg,1785610471704761856,12.04,82.667,7.333,22,83,1229.3,0.86,1,97.333
34882,00034882.jpg,1785610471736991232,12.876,82.355,7.645,23,102,1366.6,1.07,1,97.645
34883,00034883.jpg,1785610471770612480,13.963,82.28,7.72,22,94,1361.4,0.91,1,97.72
34884,00034884.jpg,1785610471805571328,15.206,82.566,7.434,23,88,1344.6,1.02,1,97.434
34885,00034885.jpg,1785610471837074432,16.073,82.33,7.67,20,83,1342.0,0.92,1,97.67
34886,00034886.jpg,1785610471870367744,16.705,82.296,7.704,25,103,1444.9,1.06,1,97.704
34887,00034887.jpg,1785610471904626688,7.241,82.073,7.927,21,93,1431.9,0.81,1,97.927
34888,00034888.jpg,1785610471937484544,5.317,82.513,7.487,24,100,1450.7,1.05,1,97.487
34889,00034889.jpg,1785610471970098176,6.522,82.258,7.742,22,97,1469.9,0.68,1,97.742
34890,00034890.jpg,1785610472006310400,7.906,82.664,7.336,22,102,1500.6,0.98,1,97.336
34891,00034891.jpg,1785610472038366720,8.785,82.399,7.601,17,91,1472.4,0.85,1,97.601
34892,00034892.jpg,1785610472071427840,9.316,82.231,7.769,22,100,1507.6,1.07,1,97.769
34893,00034893.jpg,1785610472104448768,9.596,82.345,7.655,22,103,1524.0,0.83,1,97.655
34894,00034894.jpg,1785610472136747008,9.738,82.29,7.71,22,88,1508.9,0.76,1,97.71
34895,00034895.jpg,1785610472170037248,9.808,82.22,7.78,24,104,1564.1,0.93,1,97.78
34896,00034896.jpg,1785610472205816576,9.843,82.349,7.651,23,96,1551.1,0.86,1,97.651
34897,00034897.jpg,1785610472237443072,9.859,82.581,7.419,25,105,1627.2,1.02,1,97.419
34898,00034898.jpg,1785610472270431232,9.866,82.407,7.593,20,99,1591.5,1.12,1,97.593
34899,00034899.jpg,1785610472304580608,9.87,82.529,7.471,22,105,1624.4,1.0,1,97.471
34900,00034900.jpg,1785610472337660160,9.871,82.21,7.79,24,101,1550.9,0.85,1,97.79
34901,00034901.jpg,1785610472370149888,9.872,82.281,7.719,24,107,1584.5,1.13,1,97.719
34902,00034902.jpg,1785610472405113856,9.872,82.392,7.608,23,102,1570.9,1.27,1,97.608
34903,00034903.jpg,1785610472437557248,9.872,82.318,7.682,27,122,1628.7,0.97,1,97.682
34904,00034904.jpg,1785610472471284480,9.872,82.304,7.696,21,94,1526.0,0.75,1,97.696
34905,00034905.jpg,1785610472504800256,9.872,82.382,7.618,24,109,1600.6,0.92,1,97.618
34906,00034906.jpg,1785610472537902592,9.872,81.987,8.013,23,109,1591.6,0.95,1,98.013
34907,00034907.jpg,1785610472570717696,40.12,82.596,7.404,23,97,1497.5,1.38,1,97.404
34908,00034908.jpg,1785610472604392192,10.385,82.156,7.844,22,96,1427.8,1.09,1,97.844
34909,00034909.jpg,1785610472637734400,9.695,81.954,8.046,21,96,1417.1,0.6,1,98.046
34910,00034910.jpg,1785610472671733248,9.857,81.852,8.148,21,97,1405.0,1.29,1,98.148
34911,00034911.jpg,1785610472704388352,10.319,82.271,7.729,22,105,1447.1,1.03,1,97.729
34912,00034912.jpg,1785610472737728512,10.74,82.084,7.916,28,111,1362.0,1.28,1,97.916
34913,00034913.jpg,1785610472771164672,11.57,82.701,7.299,24,99,1305.1,0.98,1,97.299
34914,00034914.jpg,1785610472804826368,12.669,82.293,7.707,25,98,1323.5,0.75,1,97.707
34915,00034915.jpg,1785610472836739072,13.528,82.096,7.904,24,97,1305.2,1.11,1,97.904
34916,00034916.jpg,1785610472871396608,14.635,82.211,7.789,25,99,1386.2,0.85,1,97.789
34917,00034917.jpg,1785610472904368384,15.922,82.341,7.659,22,89,1337.9,0.72,1,97.659
34918,00034918.jpg,1785610472936934656,16.84,82.251,7.749,21,94,1387.0,0.88,1,97.749
34919,00034919.jpg,1785610472970262272,17.617,82.246,7.754,22,93,1377.8,0.58,1,97.754
34920,00034920.jpg,1785610473003914240,11.019,82.26,7.74,24,94,1350.8,0.7,1,97.74
34921,00034921.jpg,1785610473036930304,4.278,82.171,7.829,23,96,1414.0,0.95,1,97.829
34922,00034922.jpg,1785610473070331904,4.973,82.199,7.801,17,86,1333.9,0.7,1,97.801
34923,00034923.jpg,1785610473104412928,6.749,81.96,8.04,21,85,1371.2,0.74,1,98.04
34924,00034924.jpg,1785610473137484032,8.074,82.241,7.759,28,102,1441.4,0.99,1,97.759
34925,00034925.jpg,1785610473171639296,8.882,82.35,7.65,21,92,1408.9,0.65,1,97.65
34926,00034926.jpg,1785610473204391168,9.333,82.17,7.83,21,86,1388.8,0.69,1,97.83
34927,00034927.jpg,1785610473237184000,9.562,82.01,7.99,19,88,1377.5,0.8,1,97.99
34928,00034928.jpg,1785610473270658048,9.677,82.022,7.978,20,93,1401.1,0.79,1,97.978
34929,00034929.jpg,1785610473304273408,9.733,82.648,7.352,18,84,1341.2,0.83,1,97.352
34930,00034930.jpg,1785610473337328128,9.76,82.001,7.999,17,74,1292.3,0.87,1,97.999
34931,00034931.jpg,1785610473370429696,9.772,82.495,7.505,17,72,1305.0,0.52,1,97.505
34932,00034932.jpg,1785610473404988416,9.775,82.105,7.895,18,80,1386.7,0.62,1,97.895
34933,00034933.jpg,1785610473438178304,9.781,82.415,7.585,17,76,1384.6,0.77,1,97.585
34934,00034934.jpg,1785610473471524864,9.783,82.107,7.893,17,77,1382.1,0.65,1,97.893
34935,00034935.jpg,1785610473504543488,9.783,82.13,7.87,15,73,1355.1,0.61,1,97.87
34936,00034936.jpg,1785610473537315584,9.784,82.343,7.657,16,75,1351.8,0.63,1,97.657
34937,00034937.jpg,1785610473571653376,9.784,82.059,7.941,16,72,1340.5,0.68,1,97.941
34938,00034938.jpg,1785610473605317888,9.784,82.31,7.69,13,65,1288.4,0.63,1,97.69
34939,00034939.jpg,1785610473636663296,9.784,82.138,7.862,14,69,1312.1,0.69,1,97.862
34940,00034940.jpg,1785610473670151424,9.784,82.207,7.793,15,72,1328.2,0.62,1,97.793
34941,00034941.jpg,1785610473704335872,17.611,81.022,8.978,16,74,1313.8,0.54,1,98.978
34942,00034942.jpg,1785610473737313280,10.566,83.974,6.026,18,78,1361.3,0.76,1,96.026
34943,00034943.jpg,1785610473772021504,8.234,85.876,4.124,13,69,1346.6,0.95,1,94.124
34944,00034944.jpg,1785610473804828416,8.107,84.435,5.565,19,79,1364.0,0.68,1,95.565
34945,00034945.jpg,1785610473837371392,8.651,83.963,6.037,16,74,1350.9,0.62,1,96.037
34946,00034946.jpg,1785610473870837504,7.673,83.931,6.069,15,78,1361.1,0.63,1,96.069
34947,00034947.jpg,1785610473904817408,8.766,84.223,5.777,18,82,1384.2,0.76,1,95.777
34948,00034948.jpg,1785610473936700928,9.146,85.012,4.988,16,72,1387.5,0.77,1,94.988
34949,00034949.jpg,1785610473971010560,9.626,85.53,4.47,15,74,1367.4,1.05,1,94.47
34950,00034950.jpg,1785610474005067776,9.838,85.209,4.791,15,78,1392.5,0.79,1,94.791
34951,00034951.jpg,1785610474036930816,9.861,85.06,4.94,15,75,1406.1,0.72,1,94.94
34952,00034952.jpg,1785610474070252544,9.871,85.01,4.99,15,77,1417.5,0.69,1,94.99
34953,00034953.jpg,1785610474105153536,9.876,84.967,5.033,17,76,1430.8,0.52,1,95.033
34954,00034954.jpg,1785610474136966912,9.878,84.873,5.127,14,73,1432.3,0.62,1,95.127
34955,00034955.jpg,1785610474170273024,9.88,84.785,5.215,17,71,1438.5,0.57,1,95.215
34956,00034956.jpg,1785610474204081920,9.88,85.016,4.984,15,73,1452.4,0.49,1,94.984
34957,00034957.jpg,1785610474237343232,9.88,84.909,5.091,15,78,1488.8,0.56,1,95.091
34958,00034958.jpg,1785610474270853632,9.879,85.112,4.888,15,79,1497.9,0.82,1,94.888
34959,00034959.jpg,1785610474304290816,9.879,85.102,4.898,15,75,1473.6,0.62,1,94.898
34960,00034960.jpg,1785610474337257728,9.879,84.678,5.322,16,74,1453.6,0.75,1,95.322
34961,00034961.jpg,1785610474370405632,9.878,85.03,4.97,15,67,1438.4,0.68,1,94.97
34962,00034962.jpg,1785610474406451712,9.878,85.306,4.694,16,75,1474.8,0.64,1,94.694
34963,00034963.jpg,1785610474436467456,9.877,85.005,4.995,15,81,1507.2,0.63,1,94.995
34964,00034964.jpg,1785610474470210816,9.877,85.073,4.927,16,85,1536.0,0.66,1,94.927
34965,00034965.jpg,1785610474505095936,9.876,85.003,4.997,16,81,1499.2,0.62,1,94.997
34966,00034966.jpg,1785610474536868864,9.876,84.972,5.028,14,77,1456.5,0.53,1,95.028
34967,00034967.jpg,1785610474570492672,9.876,84.949,5.051,15,66,1447.1,0.54,1,95.051
34968,00034968.jpg,1785610474604451328,9.875,84.845,5.155,17,78,1508.9,0.66,1,95.155
34969,00034969.jpg,1785610474636636672,9.875,85.267,4.733,16,74,1493.1,0.8,1,94.733
34970,00034970.jpg,1785610474670344192,9.874,84.923,5.077,15,73,1504.1,0.59,1,95.077
34971,00034971.jpg,1785610474704289024,9.874,84.844,5.156,14,75,1521.3,0.59,1,95.156
34972,00034972.jpg,1785610474737505792,9.873,85.245,4.755,15,76,1515.8,0.91,1,94.755
34973,00034973.jpg,1785610474771709184,9.873,84.905,5.095,15,75,1513.3,0.58,1,95.095
34974,00034974.jpg,1785610474805085696,9.872,85.152,4.848,14,77,1525.9,0.65,1,94.848
34975,00034975.jpg,1785610474836856320,9.872,85.173,4.827,14,70,1504.1,0.82,1,94.827
34976,00034976.jpg,1785610474870840576,9.872,85.115,4.885,15,72,1519.8,0.59,1,94.885
34977,00034977.jpg,1785610474904889600,9.871,85.092,4.908,16,71,1522.5,0.77,1,94.908
34978,00034978.jpg,1785610474937626368,9.871,85.098,4.902,15,74,1502.5,0.68,1,94.902
34979,00034979.jpg,1785610474971152384,9.87,85.094,4.906,19,84,1560.9,0.72,1,94.906
34980,00034980.jpg,1785610475004568320,9.87,84.987,5.013,18,84,1558.2,0.7,1,95.013
34981,00034981.jpg,1785610475036427520,9.869,85.087,4.913,14,81,1552.3,0.78,1,94.913
34982,00034982.jpg,1785610475071184128,9.869,84.957,5.043,17,76,1528.6,0.8,1,95.043
34983,00034983.jpg,1785610475104735488,7.572,84.033,5.967,16,77,1488.8,0.53,1,95.967
34984,00034984.jpg,1785610475137480704,7.066,84.77,5.23,14,71,1518.2,0.79,1,95.23
34985,00034985.jpg,1785610475171427328,3.443,86.459,3.541,13,63,1494.0,0.95,1,93.541
34986,00034986.jpg,1785610475203611392,4.637,86.588,3.412,16,72,1582.0,0.79,1,93.412
34987,00034987.jpg,1785610475236605952,7.432,85.533,4.467,15,78,1555.9,0.68,1,94.467
34988,00034988.jpg,1785610475271607808,5.869,85.263,4.737,17,74,1541.0,0.76,1,94.737
34989,00034989.jpg,1785610475303195392,3.226,84.758,5.242,16,83,1592.9,0.78,1,95.242
34990,00034990.jpg,1785610475336845312,1.252,84.698,5.302,20,83,1528.2,0.8,1,95.302
34991,00034991.jpg,1785610475371015680,0.042,84.636,5.364,18,85,1540.7,0.91,1,95.364
34992,00034992.jpg,1785610475404938496,0.655,84.432,5.568,18,81,1481.8,0.58,1,95.568
34993,00034993.jpg,1785610475437344000,1.05,84.641,5.359,14,76,1404.4,0.69,1,95.359
