frame_id,file,t_recv_wall_ns,gmag,theta_mod90,psi_mod90,n_comp,n_seg,weight,spread_deg,confident,psi_unwrapped
70030,00070030.jpg,1785599855789920000,9.81,0.034,89.966,28,92,1177.3,0.56,1,89.966
70031,00070031.jpg,1785599855906755328,9.81,0.034,89.966,27,92,1177.3,0.56,1,89.966
70032,00070032.jpg,1785599855911058688,9.81,0.031,89.969,28,94,1189.3,0.55,1,89.969
70033,00070033.jpg,1785599855913170432,9.81,0.034,89.966,28,93,1183.3,0.55,1,89.966
70034,00070034.jpg,1785599855921002752,9.81,0.034,89.966,28,93,1183.3,0.55,1,89.966
70035,00070035.jpg,1785599855956512768,9.81,0.034,89.966,28,94,1189.3,0.56,1,89.966
70036,00070036.jpg,1785599855992154624,9.81,0.034,89.966,28,94,1189.3,0.56,1,89.966
70037,00070037.jpg,1785599856020265728,9.802,0.05,89.95,28,94,1189.7,0.51,1,89.95
70038,00070038.jpg,1785599856054385408,9.431,0.057,89.943,30,100,1231.3,0.43,1,89.943
70039,00070039.jpg,1785599856087569408,9.324,0.049,89.951,28,101,1241.4,0.43,1,89.951
70040,00070040.jpg,1785599856123269120,9.531,0.052,89.948,28,96,1207.0,0.48,1,89.948
70041,00070041.jpg,1785599856155141888,9.745,0.049,89.951,25,100,1223.9,0.69,1,89.951
70042,00070042.jpg,1785599856192209152,9.846,0.068,89.932,23,95,1197.6,0.96,1,89.932
70043,00070043.jpg,1785599856223087616,9.883,0.17,89.83,23,105,1245.6,0.84,1,89.83
70044,00070044.jpg,1785599856254844416,9.896,0.205,89.795,25,97,1151.1,1.28,1,89.795
70045,00070045.jpg,1785599856291691776,9.901,0.052,89.948,20,86,1127.8,1.73,1,89.948
70046,00070046.jpg,1785599856320039936,9.901,0.046,89.954,14,72,1009.9,2.21,1,89.954
70047,00070047.jpg,1785599856354975488,9.899,1.627,88.373,20,89,1051.7,1.61,1,88.373
70048,00070048.jpg,1785599856386903808,9.897,0.043,89.957,26,104,1127.9,2.41,1,89.957
70049,00070049.jpg,1785599856422355456,9.895,0.466,89.534,19,77,970.1,2.63,1,89.534
70050,00070050.jpg,1785599856455622912,9.893,0.663,89.337,17,84,1042.4,2.42,1,89.337
70051,00070051.jpg,1785599856492324608,9.89,0.035,89.965,19,84,992.2,3.27,1,89.965
70052,00070052.jpg,1785599856524242176,9.888,0.039,89.961,23,79,956.6,3.34,1,89.961
70053,00070053.jpg,1785599856554932992,9.886,0.042,89.958,27,113,1197.2,3.52,1,89.958
70054,00070054.jpg,1785599856591990272,9.884,0.041,89.959,23,88,994.0,3.5,1,89.959
70055,00070055.jpg,1785599856621043968,9.882,0.037,89.963,24,80,917.6,4.05,1,89.963
70056,00070056.jpg,1785599856653443072,9.88,0.036,89.964,21,92,1086.0,3.64,1,89.964
70057,00070057.jpg,1785599856687511296,9.879,0.033,89.967,22,95,1102.7,3.88,1,89.967
70058,00070058.jpg,1785599856723269888,9.877,2.018,87.982,17,64,851.8,2.81,1,87.982
70059,00070059.jpg,1785599856755175936,9.876,0.208,89.792,18,90,1085.1,4.45,1,89.792
70060,00070060.jpg,1785599856791956224,9.875,0.036,89.964,22,70,837.2,5.0,1,89.964
70061,00070061.jpg,1785599856824066048,9.873,0.031,89.969,21,90,1061.7,4.29,1,89.969
70062,00070062.jpg,1785599856853481728,9.872,0.028,89.972,22,85,941.2,5.33,1,89.972
70063,00070063.jpg,1785599856892857600,9.871,0.024,89.976,18,91,1049.9,4.41,1,89.976
70064,00070064.jpg,1785599856920781824,9.871,0.016,89.984,17,69,849.5,4.98,1,89.984
70065,00070065.jpg,1785599856954461184,9.87,0.024,89.976,21,90,1030.2,4.01,1,89.976
70066,00070066.jpg,1785599856987213056,9.87,0.024,89.976,23,99,1053.0,3.99,1,89.976
70067,00070067.jpg,1785599857023028992,9.869,0.015,89.985,12,64,826.8,3.81,1,89.985
70068,00070068.jpg,1785599857056795136,9.869,0.02,89.98,19,88,995.2,3.91,1,89.98
70069,00070069.jpg,1785599857092185088,9.869,0.023,89.977,21,90,979.8,2.98,1,89.977
70070,00070070.jpg,1785599857123865344,9.869,0.027,89.973,26,91,923.1,3.92,1,89.973
70071,00070071.jpg,1785599857156016640,9.869,0.02,89.98,13,65,845.9,2.9,1,89.98
70072,00070072.jpg,1785599857190977024,9.869,0.021,89.979,19,81,956.4,2.82,1,89.979
70073,00070073.jpg,1785599857220741632,9.87,2.317,87.683,12,58,725.9,2.86,1,87.683
70074,00070074.jpg,1785599857255264000,9.87,0.019,89.981,16,69,805.7,3.18,1,89.981
70075,00070075.jpg,1785599857286520320,9.871,2.2,87.8,18,83,948.6,2.19,1,87.8
70076,00070076.jpg,1785599857323648256,9.872,2.183,87.817,19,75,825.1,3.73,1,87.817
70077,00070077.jpg,1785599857356613376,9.873,0.015,89.985,16,82,962.7,5.0,1,89.985
70078,00070078.jpg,1785599857391797248,9.874,0.022,89.978,18,91,1085.0,3.93,1,89.978
70079,00070079.jpg,1785599857424460544,9.875,2.066,87.934,15,68,920.1,4.6,1,87.934
70080,00070080.jpg,1785599857455270912,9.876,0.016,89.984,18,96,1180.6,4.88,1,89.984
70081,00070081.jpg,1785599857492170240,9.878,0.018,89.982,21,78,989.8,3.26,1,89.982
70082,00070082.jpg,1785599857520836352,9.879,0.014,89.986,17,93,1166.3,5.25,1,89.986
70083,00070083.jpg,1785599857557675008,9.881,0.013,89.987,15,90,1229.2,3.66,1,89.987
70084,00070084.jpg,1785599857589237504,9.882,0.015,89.985,23,112,1405.5,3.2,1,89.985
70085,00070085.jpg,1785599857623779584,9.884,0.013,89.987,15,88,1270.1,3.6,1,89.987
70086,00070086.jpg,1785599857655268352,9.886,0.014,89.986,18,100,1295.0,5.76,1,89.986
70087,00070087.jpg,1785599857689725696,9.888,0.012,89.988,18,78,1132.6,4.21,1,89.988
70088,00070088.jpg,1785599857724304128,9.89,0.012,89.988,24,117,1520.1,2.98,1,89.988
70089,00070089.jpg,1785599857755510784,9.892,0.013,89.987,24,123,1640.8,3.41,1,89.987
70090,00070090.jpg,1785599857792279808,9.894,0.011,89.989,19,96,1411.8,3.36,1,89.989
70091,00070091.jpg,1785599857823247616,9.897,0.01,89.99,21,93,1385.9,3.3,1,89.99
70092,00070092.jpg,1785599857855254528,9.899,0.01,89.99,19,96,1429.0,4.0,1,89.99
70093,00070093.jpg,1785599857887100928,9.902,0.009,89.991,16,86,1242.7,6.77,1,89.991
70094,00070094.jpg,1785599857923474688,9.904,0.011,89.989,24,110,1454.7,5.52,1,89.989
70095,00070095.jpg,1785599857956631552,9.907,0.009,89.991,18,94,1366.7,4.84,1,89.991
70096,00070096.jpg,1785599857991739136,9.909,0.008,89.992,19,76,1170.1,6.08,1,89.992
70097,00070097.jpg,1785599858023698944,9.912,0.007,89.993,17,72,1097.2,7.31,1,89.993
70098,00070098.jpg,1785599858054910208,30.316,89.986,0.014,17,90,1359.4,2.91,1,90.014
70099,00070099.jpg,1785599858092024320,14.715,89.984,0.016,15,82,1444.4,6.31,1,90.016
70100,00070100.jpg,1785599858121201408,9.077,89.985,0.015,21,105,1583.5,3.99,1,90.015
70101,00070101.jpg,1785599858156754176,8.913,89.99,0.01,18,94,1382.2,4.24,1,90.01
70102,00070102.jpg,1785599858187276544,9.176,89.99,0.01,17,87,1273.7,5.16,1,90.01
70103,00070103.jpg,1785599858223883776,9.446,89.992,0.008,16,72,1125.7,3.59,1,90.008
70104,00070104.jpg,1785599858256082944,11.276,89.986,0.014,20,99,1342.9,2.8,1,90.014
70105,00070105.jpg,1785599858293268736,10.35,89.987,0.013,17,100,1411.2,2.83,1,90.013
70106,00070106.jpg,1785599858324270592,9.936,89.988,0.012,20,94,1309.0,2.74,1,90.012
70107,00070107.jpg,1785599858358004736,9.837,89.989,0.011,15,74,1144.6,2.62,1,90.011
70108,00070108.jpg,1785599858391153920,9.903,89.975,0.025,15,67,1145.4,2.67,1,90.025
70109,00070109.jpg,1785599858421033728,9.962,89.987,0.013,11,66,1045.9,3.33,1,90.013
70110,00070110.jpg,1785599858455666688,9.896,89.987,0.013,10,63,1064.9,3.32,1,90.013
70111,00070111.jpg,1785599858492521216,9.901,89.985,0.015,12,62,945.0,3.3,1,90.015
70112,00070112.jpg,1785599858525493248,9.888,89.987,0.013,11,56,885.4,3.7,1,90.013
70113,00070113.jpg,1785599858555765760,9.907,89.987,0.013,8,44,781.2,2.46,1,90.013
70114,00070114.jpg,1785599858592402432,9.869,89.981,0.019,9,46,749.6,2.44,1,90.019
70115,00070115.jpg,1785599858623507712,9.901,89.983,0.017,8,40,710.8,2.34,1,90.017
70116,00070116.jpg,1785599858656724736,9.916,89.988,0.012,5,34,680.2,2.34,1,90.012
70117,00070117.jpg,1785599858691905792,9.905,89.991,0.009,4,28,580.7,2.59,1,90.009
70118,00070118.jpg,1785599858720488448,9.865,89.99,0.01,7,34,527.1,1.8,1,90.01
70119,00070119.jpg,1785599858755559680,9.915,89.983,0.017,4,14,191.0,2.2,1,90.017
70120,00070120.jpg,1785599858787173376,9.925,89.992,0.008,4,12,154.2,7.78,1,90.008
70121,00070121.jpg,1785599858824304384,9.865,84.109,5.891,2,4,30.2,0.0,1,95.891
70122,00070122.jpg,1785599858856647680,9.856,,,0,0,0.0,,0,95.891
70123,00070123.jpg,1785599858889437696,9.898,,,0,0,0.0,,0,95.891
70124,00070124.jpg,1785599858922976512,9.888,,,0,0,0.0,,0,95.891
70125,00070125.jpg,1785599858956049408,9.885,,,0,0,0.0,,0,95.891
70126,00070126.jpg,1785599858991214336,9.903,,,0,0,0.0,,0,95.891
70127,00070127.jpg,1785599859020446208,985.596,,,0,0,0.0,,0,95.891
70128,00070128.jpg,1785599859056180480,13.378,,,0,0,0.0,,0,95.694
70129,00070129.jpg,1785599859087366656,9.131,,,0,0,0.0,,0,95.694
70130,00070130.jpg,1785599859123858688,8.061,,,0,0,0.0,,0,95.64
70131,00070131.jpg,1785599859155676416,8.496,,,0,0,0.0,,0,95.677
70132,00070132.jpg,1785599859189919232,7.558,,,0,0,0.0,,0,95.936
70133,00070133.jpg,1785599859223305472,6.536,,,0,0,0.0,,0,96.017
70134,00070134.jpg,1785599859255951104,7.378,,,0,0,0.0,,0,96.016
70135,00070135.jpg,1785599859290020352,9.322,,,0,0,0.0,,0,96.017
70136,00070136.jpg,1785599859321234176,10.407,,,0,0,0.0,,0,96.022
70137,00070137.jpg,1785599859356692480,10.562,,,0,0,0.0,,0,96.029
70138,00070138.jpg,1785599859389522688,10.108,,,0,0,0.0,,0,96.033
70139,00070139.jpg,1785599859422291200,9.824,,,0,0,0.0,,0,96.035
70140,00070140.jpg,1785599859456729600,9.766,,,0,0,0.0,,0,96.036
70141,00070141.jpg,1785599859490139904,9.805,,,0,0,0.0,,0,96.038
70142,00070142.jpg,1785599859522709760,9.851,,,0,0,0.0,,0,96.039
70143,00070143.jpg,1785599859556153088,9.857,,,0,0,0.0,,0,96.041
70144,00070144.jpg,1785599859589701376,9.848,,,0,0,0.0,,0,96.043
70145,00070145.jpg,1785599859620617728,9.836,,,0,0,0.0,,0,96.044
70146,00070146.jpg,1785599859656286464,9.827,,,0,0,0.0,,0,96.045
70147,00070147.jpg,1785599859686964224,9.825,,,0,0,0.0,,0,96.046
70148,00070148.jpg,1785599859724078592,9.824,,,0,0,0.0,,0,96.047
70149,00070149.jpg,1785599859757242624,9.822,,,0,0,0.0,,0,96.048
70150,00070150.jpg,1785599859790951168,9.821,,,0,0,0.0,,0,96.049
70151,00070151.jpg,1785599859824088320,9.818,,,0,0,0.0,,0,96.05
70152,00070152.jpg,1785599859856639232,9.817,,,0,0,0.0,,0,96.051
70153,00070153.jpg,1785599859890620160,9.816,,,0,0,0.0,,0,96.052
70154,00070154.jpg,1785599859923439104,9.815,,,0,0,0.0,,0,96.053
70155,00070155.jpg,1785599859953642752,9.816,,,0,0,0.0,,0,96.054
70156,00070156.jpg,1785599859986498816,9.814,,,0,0,0.0,,0,96.055
70157,00070157.jpg,1785599860020385280,9.814,,,0,0,0.0,,0,96.055
70158,00070158.jpg,1785599860053429504,9.813,,,0,0,0.0,,0,96.056
70159,00070159.jpg,1785599860087362048,9.813,,,0,0,0.0,,0,96.056
70160,00070160.jpg,1785599860120857856,9.813,,,0,0,0.0,,0,96.056
70161,00070161.jpg,1785599860153628928,9.812,,,0,0,0.0,,0,96.056
70162,00070162.jpg,1785599860186526976,9.811,,,0,0,0.0,,0,96.056
70163,00070163.jpg,1785599860220259584,9.812,,,0,0,0.0,,0,96.056
70164,00070164.jpg,1785599860253095168,9.812,,,0,0,0.0,,0,96.056
70165,00070165.jpg,1785599860286877696,9.812,,,0,0,0.0,,0,96.056
70166,00070166.jpg,1785599860320263680,9.811,,,0,0,0.0,,0,96.056
70167,00070167.jpg,1785599860353470720,9.811,,,0,0,0.0,,0,96.057
70168,00070168.jpg,1785599860387332352,9.811,,,0,0,0.0,,0,96.057
70169,00070169.jpg,1785599860421381888,9.811,,,0,0,0.0,,0,96.057
70170,00070170.jpg,1785599860453490176,9.811,,,0,0,0.0,,0,96.057
70171,00070171.jpg,1785599860487134464,9.811,,,0,0,0.0,,0,96.058
70172,00070172.jpg,1785599860519179008,9.81,,,0,0,0.0,,0,96.058
70173,00070173.jpg,1785599860553736704,9.811,,,0,0,0.0,,0,96.058
70174,00070174.jpg,1785599860587419392,9.81,,,0,0,0.0,,0,96.059
70175,00070175.jpg,1785599860620792832,9.811,,,0,0,0.0,,0,96.059
70176,00070176.jpg,1785599860652974336,9.81,,,0,0,0.0,,0,96.06
70177,00070177.jpg,1785599860686649600,9.81,,,0,0,0.0,,0,96.06
70178,00070178.jpg,1785599860720115968,9.81,,,0,0,0.0,,0,96.061
70179,00070179.jpg,1785599860753295360,9.811,,,0,0,0.0,,0,96.061
70180,00070180.jpg,1785599860786436864,9.81,,,0,0,0.0,,0,96.062
70181,00070181.jpg,1785599860819683328,9.811,,,0,0,0.0,,0,96.062
70182,00070182.jpg,1785599860854572032,9.81,,,0,0,0.0,,0,96.063
70183,00070183.jpg,1785599860886255872,9.811,,,0,0,0.0,,0,96.063
70184,00070184.jpg,1785599860920840192,9.81,,,0,0,0.0,,0,96.063
70185,00070185.jpg,1785599860953304320,9.811,,,0,0,0.0,,0,96.064
70186,00070186.jpg,1785599860987423232,9.81,,,0,0,0.0,,0,96.064
70187,00070187.jpg,1785599861019377664,9.81,,,0,0,0.0,,0,96.065
70188,00070188.jpg,1785599861055181568,9.81,,,0,0,0.0,,0,96.065
70189,00070189.jpg,1785599861086089728,9.81,,,0,0,0.0,,0,96.066
70190,00070190.jpg,1785599861119870464,9.81,,,0,0,0.0,,0,96.066
70191,00070191.jpg,1785599861153946880,9.81,,,0,0,0.0,,0,96.067
70192,00070192.jpg,1785599861187020288,9.81,,,0,0,0.0,,0,96.067
70193,00070193.jpg,1785599861220122368,9.81,,,0,0,0.0,,0,96.068
70194,00070194.jpg,1785599861253778688,9.81,,,0,0,0.0,,0,96.068
70195,00070195.jpg,1785599861286980608,9.81,,,0,0,0.0,,0,96.069
70196,00070196.jpg,1785599861320796672,9.81,,,0,0,0.0,,0,96.069
70197,00070197.jpg,1785599861353514496,9.81,,,0,0,0.0,,0,96.07
70198,00070198.jpg,1785599861387497984,9.81,,,0,0,0.0,,0,96.07
70199,00070199.jpg,1785599861419310080,9.811,,,0,0,0.0,,0,96.07
70200,00070200.jpg,1785599861453649408,9.81,,,0,0,0.0,,0,96.071
70201,00070201.jpg,1785599861487186944,9.81,,,0,0,0.0,,0,96.071
70202,00070202.jpg,1785599861519827200,9.81,,,0,0,0.0,,0,96.072
70203,00070203.jpg,1785599861554099712,9.81,,,0,0,0.0,,0,96.072
70204,00070204.jpg,1785599861586064640,9.81,,,0,0,0.0,,0,96.072
70205,00070205.jpg,1785599861620627456,9.81,,,0,0,0.0,,0,96.073
70206,00070206.jpg,1785599861652692224,9.81,,,0,0,0.0,,0,96.073
70207,00070207.jpg,1785599861686628096,9.81,,,0,0,0.0,,0,96.074
70208,00070208.jpg,1785599861721414912,9.81,,,0,0,0.0,,0,96.074
70209,00070209.jpg,1785599861753159936,9.81,,,0,0,0.0,,0,96.074
70210,00070210.jpg,1785599861786446080,9.81,,,0,0,0.0,,0,96.075
70211,00070211.jpg,1785599861820322048,9.81,,,0,0,0.0,,0,96.075
70212,00070212.jpg,1785599861853278208,9.81,,,0,0,0.0,,0,96.076
70213,00070213.jpg,1785599861886341888,9.81,,,0,0,0.0,,0,96.076
70214,00070214.jpg,1785599861920641792,9.81,,,0,0,0.0,,0,96.076
70215,00070215.jpg,1785599861953563392,9.81,,,0,0,0.0,,0,96.077
70216,00070216.jpg,1785599861988801792,9.809,,,0,0,0.0,,0,96.077
70217,00070217.jpg,1785599862019805952,9.81,,,0,0,0.0,,0,96.078
70218,00070218.jpg,1785599862053537280,9.81,,,0,0,0.0,,0,96.078
70219,00070219.jpg,1785599862086026496,9.81,,,0,0,0.0,,0,96.079
70220,00070220.jpg,1785599862119917824,9.81,,,0,0,0.0,,0,96.079
70221,00070221.jpg,1785599862154109696,9.81,,,0,0,0.0,,0,96.079
70222,00070222.jpg,1785599862186146048,9.81,,,0,0,0.0,,0,96.08
70223,00070223.jpg,1785599862219907840,9.81,,,0,0,0.0,,0,96.08
70224,00070224.jpg,1785599862255465728,9.809,,,0,0,0.0,,0,96.08
70225,00070225.jpg,1785599862287497216,9.812,,,0,0,0.0,,0,96.081
70226,00070226.jpg,1785599862319930880,9.81,,,0,0,0.0,,0,96.081
70227,00070227.jpg,1785599862354109696,9.81,,,0,0,0.0,,0,96.082
70228,00070228.jpg,1785599862387179776,9.81,,,0,0,0.0,,0,96.082
70229,00070229.jpg,1785599862420764416,9.81,,,0,0,0.0,,0,96.083
70230,00070230.jpg,1785599862453396736,9.81,,,0,0,0.0,,0,96.083
70231,00070231.jpg,1785599862486724096,9.81,,,0,0,0.0,,0,96.083
70232,00070232.jpg,1785599862524583424,9.809,,,0,0,0.0,,0,96.084
70233,00070233.jpg,1785599862553602304,9.81,,,0,0,0.0,,0,96.084
70234,00070234.jpg,1785599862587070720,9.809,,,0,0,0.0,,0,96.085
70235,00070235.jpg,1785599862619663616,9.81,,,0,0,0.0,,0,96.085
70236,00070236.jpg,1785599862653421568,9.811,,,0,0,0.0,,0,96.085
70237,00070237.jpg,1785599862686030592,9.81,,,0,0,0.0,,0,96.086
70238,00070238.jpg,1785599862720696320,9.81,,,0,0,0.0,,0,96.086
70239,00070239.jpg,1785599862753789184,9.81,,,0,0,0.0,,0,96.086
70240,00070240.jpg,1785599862788338944,9.809,,,0,0,0.0,,0,96.087
70241,00070241.jpg,1785599862821656576,9.81,,,0,0,0.0,,0,96.087
70242,00070242.jpg,1785599862854674688,9.81,,,0,0,0.0,,0,96.088
70243,00070243.jpg,1785599862886266880,9.81,,,0,0,0.0,,0,96.088
70244,00070244.jpg,1785599862919228160,9.81,,,0,0,0.0,,0,96.088
70245,00070245.jpg,1785599862953124864,9.81,,,0,0,0.0,,0,96.089
70246,00070246.jpg,1785599862986801152,9.81,,,0,0,0.0,,0,96.089
70247,00070247.jpg,1785599863022612992,9.809,,,0,0,0.0,,0,96.09
70248,00070248.jpg,1785599863055339776,9.81,,,0,0,0.0,,0,96.09
70249,00070249.jpg,1785599863086055680,9.81,,,0,0,0.0,,0,96.09
70250,00070250.jpg,1785599863120509184,9.81,,,0,0,0.0,,0,96.09
70251,00070251.jpg,1785599863153292800,9.81,,,0,0,0.0,,0,96.091
70252,00070252.jpg,1785599863186832640,9.81,,,0,0,0.0,,0,96.091
70253,00070253.jpg,1785599863220688640,9.81,,,0,0,0.0,,0,96.092
70254,00070254.jpg,1785599863253301760,9.81,,,0,0,0.0,,0,96.092
70255,00070255.jpg,1785599863289080064,9.809,,,0,0,0.0,,0,96.093
70256,00070256.jpg,1785599863320924672,9.81,,,0,0,0.0,,0,96.093
70257,00070257.jpg,1785599863353805824,9.81,,,0,0,0.0,,0,96.093
70258,00070258.jpg,1785599863386482432,9.81,,,0,0,0.0,,0,96.094
70259,00070259.jpg,1785599863420768512,9.81,,,0,0,0.0,,0,96.094
70260,00070260.jpg,1785599863453616128,9.81,,,0,0,0.0,,0,96.095
70261,00070261.jpg,1785599863487198464,9.81,,,0,0,0.0,,0,96.095
70262,00070262.jpg,1785599863520009728,9.81,,,0,0,0.0,,0,96.095
70263,00070263.jpg,1785599863555253760,9.81,,,0,0,0.0,,0,96.096
70264,00070264.jpg,1785599863586885632,9.81,,,0,0,0.0,,0,96.096
70265,00070265.jpg,1785599863620148992,9.81,,,0,0,0.0,,0,96.096
70266,00070266.jpg,1785599863653559040,9.81,,,0,0,0.0,,0,96.097
70267,00070267.jpg,1785599863687363584,9.81,,,0,0,0.0,,0,96.097
70268,00070268.jpg,1785599863721362176,9.81,,,0,0,0.0,,0,96.097
70269,00070269.jpg,1785599863753330688,9.81,,,0,0,0.0,,0,96.098
70270,00070270.jpg,1785599863787296512,9.81,,,0,0,0.0,,0,96.098
70271,00070271.jpg,1785599863821241856,9.81,,,0,0,0.0,,0,96.099
70272,00070272.jpg,1785599863853422592,9.81,,,0,0,0.0,,0,96.099
70273,00070273.jpg,1785599863886999552,9.81,,,0,0,0.0,,0,96.1
70274,00070274.jpg,1785599863920834816,9.81,,,0,0,0.0,,0,96.1
70275,00070275.jpg,1785599863953844224,9.81,,,0,0,0.0,,0,96.1
70276,00070276.jpg,1785599863986279168,9.81,,,0,0,0.0,,0,96.101
70277,00070277.jpg,1785599864018781952,9.81,,,0,0,0.0,,0,96.101
70278,00070278.jpg,1785599864054097408,9.81,,,0,0,0.0,,0,96.102
70279,00070279.jpg,1785599864089034240,9.809,,,0,0,0.0,,0,96.102
70280,00070280.jpg,1785599864119403776,9.81,,,0,0,0.0,,0,96.102
70281,00070281.jpg,1785599864153287680,9.81,,,0,0,0.0,,0,96.102
70282,00070282.jpg,1785599864187671296,9.81,,,0,0,0.0,,0,96.103
70283,00070283.jpg,1785599864220734208,9.81,,,0,0,0.0,,0,96.103
70284,00070284.jpg,1785599864254353920,9.81,,,0,0,0.0,,0,96.103
70285,00070285.jpg,1785599864287811584,9.81,,,0,0,0.0,,0,96.103
70286,00070286.jpg,1785599864322682368,9.809,,,0,0,0.0,,0,96.104
70287,00070287.jpg,1785599864356921856,9.809,,,0,0,0.0,,0,96.105
70288,00070288.jpg,1785599864392132608,9.809,,,0,0,0.0,,0,96.105
70289,00070289.jpg,1785599864420722688,9.81,,,0,0,0.0,,0,96.106
70290,00070290.jpg,1785599864456048896,9.809,,,0,0,0.0,,0,96.106
70291,00070291.jpg,1785599864486874880,9.81,,,0,0,0.0,,0,96.106
70292,00070292.jpg,1785599864523577600,9.809,,,0,0,0.0,,0,96.107
70293,00070293.jpg,1785599864554827520,9.809,,,0,0,0.0,,0,96.107
70294,00070294.jpg,1785599864591795712,9.809,,,0,0,0.0,,0,96.108
70295,00070295.jpg,1785599864624240896,9.808,,,0,0,0.0,,0,96.108
70296,00070296.jpg,1785599864654069760,9.81,,,0,0,0.0,,0,96.109
70297,00070297.jpg,1785599864690821888,9.811,,,0,0,0.0,,0,96.109
70298,00070298.jpg,1785599864720791552,9.811,,,0,0,0.0,,0,96.109
70299,00070299.jpg,1785599864755830272,9.81,,,0,0,0.0,,0,96.109
70300,00070300.jpg,1785599864787260928,9.81,,,0,0,0.0,,0,96.11
70301,00070301.jpg,1785599864823664128,9.81,,,0,0,0.0,,0,96.11
70302,00070302.jpg,1785599864856521728,9.81,,,0,0,0.0,,0,96.11
70303,00070303.jpg,1785599864889595392,9.81,,,0,0,0.0,,0,96.111
70304,00070304.jpg,1785599864920672512,9.81,,,0,0,0.0,,0,96.111
70305,00070305.jpg,1785599864956511488,9.81,,,0,0,0.0,,0,96.111
70306,00070306.jpg,1785599864989060096,9.81,,,0,0,0.0,,0,96.112
70307,00070307.jpg,1785599865020932096,9.81,,,0,0,0.0,,0,96.112
70308,00070308.jpg,1785599865056623872,9.81,,,0,0,0.0,,0,96.112
70309,00070309.jpg,1785599865087518208,9.81,,,0,0,0.0,,0,96.113
70310,00070310.jpg,1785599865123757312,9.81,,,0,0,0.0,,0,96.113
70311,00070311.jpg,1785599865155986688,9.81,,,0,0,0.0,,0,96.113
70312,00070312.jpg,1785599865191127552,9.81,,,0,0,0.0,,0,96.114
70313,00070313.jpg,1785599865223285248,9.81,,,0,0,0.0,,0,96.114
70314,00070314.jpg,1785599865256462848,9.81,,,0,0,0.0,,0,96.114
70315,00070315.jpg,1785599865286532096,9.81,,,0,0,0.0,,0,96.115
70316,00070316.jpg,1785599865320267520,9.81,,,0,0,0.0,,0,96.115
70317,00070317.jpg,1785599865356865792,9.81,,,0,0,0.0,,0,96.115
70318,00070318.jpg,1785599865391006976,9.81,,,0,0,0.0,,0,96.116
70319,00070319.jpg,1785599865422078976,9.81,,,0,0,0.0,,0,96.116
70320,00070320.jpg,1785599865456930816,9.81,,,0,0,0.0,,0,96.116
70321,00070321.jpg,1785599865489302272,9.81,,,0,0,0.0,,0,96.117
70322,00070322.jpg,1785599865519900672,9.81,,,0,0,0.0,,0,96.117
70323,00070323.jpg,1785599865556146944,9.81,,,0,0,0.0,,0,96.117
70324,00070324.jpg,1785599865590894080,9.81,,,0,0,0.0,,0,96.118
70325,00070325.jpg,1785599865620887552,9.81,,,0,0,0.0,,0,96.118
70326,00070326.jpg,1785599865655336960,9.81,,,0,0,0.0,,0,96.118
70327,00070327.jpg,1785599865687340288,9.81,,,0,0,0.0,,0,96.118
70328,00070328.jpg,1785599865723928064,9.81,,,0,0,0.0,,0,96.119
70329,00070329.jpg,1785599865753150976,9.81,,,0,0,0.0,,0,96.119
70330,00070330.jpg,1785599865790585856,9.81,,,0,0,0.0,,0,96.119
70331,00070331.jpg,1785599865823740928,9.81,,,0,0,0.0,,0,96.12
70332,00070332.jpg,1785599865855485952,9.81,,,0,0,0.0,,0,96.12
70333,00070333.jpg,1785599865889306368,9.81,,,0,0,0.0,,0,96.12
70334,00070334.jpg,1785599865920819200,9.81,,,0,0,0.0,,0,96.121
70335,00070335.jpg,1785599865954994688,9.81,,,0,0,0.0,,0,96.121
70336,00070336.jpg,1785599865986889728,9.81,,,0,0,0.0,,0,96.121
70337,00070337.jpg,1785599866024060672,9.81,,,0,0,0.0,,0,96.121
70338,00070338.jpg,1785599866057324032,9.81,,,0,0,0.0,,0,96.122
70339,00070339.jpg,1785599866091109888,9.81,,,0,0,0.0,,0,96.122
70340,00070340.jpg,1785599866123851520,9.81,,,0,0,0.0,,0,96.122
70341,00070341.jpg,1785599866155889664,9.81,,,0,0,0.0,,0,96.123
70342,00070342.jpg,1785599866190963456,9.81,,,0,0,0.0,,0,96.123
70343,00070343.jpg,1785599866220896256,9.81,,,0,0,0.0,,0,96.123
70344,00070344.jpg,1785599866253586688,9.81,,,0,0,0.0,,0,96.124
70345,00070345.jpg,1785599866286912768,9.81,,,0,0,0.0,,0,96.124
70346,00070346.jpg,1785599866323767808,9.81,,,0,0,0.0,,0,96.124
70347,00070347.jpg,1785599866356963840,9.81,,,0,0,0.0,,0,96.124
70348,00070348.jpg,1785599866389527808,9.81,,,0,0,0.0,,0,96.125
70349,00070349.jpg,1785599866419112192,9.81,,,0,0,0.0,,0,96.125
70350,00070350.jpg,1785599866453030656,9.81,,,0,0,0.0,,0,96.125
70351,00070351.jpg,1785599866486513920,9.81,,,0,0,0.0,,0,96.125
70352,00070352.jpg,1785599866521165312,9.81,,,0,0,0.0,,0,96.125
70353,00070353.jpg,1785599866552615168,9.81,,,0,0,0.0,,0,96.126
70354,00070354.jpg,1785599866586763264,9.81,,,0,0,0.0,,0,96.126
70355,00070355.jpg,1785599866622681856,9.81,,,0,0,0.0,,0,96.126
70356,00070356.jpg,1785599866655345152,9.81,,,0,0,0.0,,0,96.126
70357,00070357.jpg,1785599866690907392,9.81,,,0,0,0.0,,0,96.126
70358,00070358.jpg,1785599866719186176,9.81,,,0,0,0.0,,0,96.127
70359,00070359.jpg,1785599866756845312,9.81,,,0,0,0.0,,0,96.127
70360,00070360.jpg,1785599866789569280,9.81,,,0,0,0.0,,0,96.127
70361,00070361.jpg,1785599866819707904,9.81,,,0,0,0.0,,0,96.127
70362,00070362.jpg,1785599866855449600,9.81,,,0,0,0.0,,0,96.128
70363,00070363.jpg,1785599866886715392,9.81,,,0,0,0.0,,0,96.128
70364,00070364.jpg,1785599866924617728,9.81,,,0,0,0.0,,0,96.128
70365,00070365.jpg,1785599866952991488,9.81,,,0,0,0.0,,0,96.128
70366,00070366.jpg,1785599866989749504,9.81,,,0,0,0.0,,0,96.128
70367,00070367.jpg,1785599867023268096,9.81,,,0,0,0.0,,0,96.129
70368,00070368.jpg,1785599867055614976,9.81,,,0,0,0.0,,0,96.129
70369,00070369.jpg,1785599867090925824,9.81,,,0,0,0.0,,0,96.129
70370,00070370.jpg,1785599867120910592,9.81,,,0,0,0.0,,0,96.13
70371,00070371.jpg,1785599867154791680,9.81,,,0,0,0.0,,0,96.13
70372,00070372.jpg,1785599867186510080,9.81,,,0,0,0.0,,0,96.13
70373,00070373.jpg,1785599867219194880,9.81,,,0,0,0.0,,0,96.13
70374,00070374.jpg,1785599867252887040,9.81,,,0,0,0.0,,0,96.13
70375,00070375.jpg,1785599867291233792,9.81,,,0,0,0.0,,0,96.13
70376,00070376.jpg,1785599867323948800,9.81,,,0,0,0.0,,0,96.131
70377,00070377.jpg,1785599867355575552,9.81,,,0,0,0.0,,0,96.131
70378,00070378.jpg,1785599867390169344,9.81,,,0,0,0.0,,0,96.131
70379,00070379.jpg,1785599867421002496,9.81,,,0,0,0.0,,0,96.131
70380,00070380.jpg,1785599867455398656,9.81,,,0,0,0.0,,0,96.132
70381,00070381.jpg,1785599867487164672,9.81,,,0,0,0.0,,0,96.132
70382,00070382.jpg,1785599867522902784,9.81,,,0,0,0.0,,0,96.132
70383,00070383.jpg,1785599867556481792,9.81,,,0,0,0.0,,0,96.132
70384,00070384.jpg,1785599867586993152,9.81,,,0,0,0.0,,0,96.133
70385,00070385.jpg,1785599867623600896,9.81,,,0,0,0.0,,0,96.133
70386,00070386.jpg,1785599867655692800,9.81,,,0,0,0.0,,0,96.133
70387,00070387.jpg,1785599867691763968,9.81,,,0,0,0.0,,0,96.133
70388,00070388.jpg,1785599867723010304,9.81,,,0,0,0.0,,0,96.133
70389,00070389.jpg,1785599867757085696,9.81,,,0,0,0.0,,0,96.134
70390,00070390.jpg,1785599867787200768,9.81,,,0,0,0.0,,0,96.134
70391,00070391.jpg,1785599867821890816,9.81,,,0,0,0.0,,0,96.134
70392,00070392.jpg,1785599867856500224,9.81,,,0,0,0.0,,0,96.134
70393,00070393.jpg,1785599867889810432,9.81,,,0,0,0.0,,0,96.135
70394,00070394.jpg,1785599867920760832,9.81,,,0,0,0.0,,0,96.135
70395,00070395.jpg,1785599867955367936,9.81,,,0,0,0.0,,0,96.135
70396,00070396.jpg,1785599867990938112,9.81,,,0,0,0.0,,0,96.135
70397,00070397.jpg,1785599868020251392,9.81,,,0,0,0.0,,0,96.136
70398,00070398.jpg,1785599868053125120,9.81,,,0,0,0.0,,0,96.136
70399,00070399.jpg,1785599868086418944,9.81,,,0,0,0.0,,0,96.136
70400,00070400.jpg,1785599868122330880,9.81,,,0,0,0.0,,0,96.136
70401,00070401.jpg,1785599868156579840,9.81,,,0,0,0.0,,0,96.137
70402,00070402.jpg,1785599868186452736,9.81,,,0,0,0.0,,0,96.137
70403,00070403.jpg,1785599868224058368,9.81,,,0,0,0.0,,0,96.137
70404,00070404.jpg,1785599868256143360,9.81,,,0,0,0.0,,0,96.137
70405,00070405.jpg,1785599868286417920,9.81,,,0,0,0.0,,0,96.138
70406,00070406.jpg,1785599868319213824,9.81,,,0,0,0.0,,0,96.138
70407,00070407.jpg,1785599868353495808,9.81,,,0,0,0.0,,0,96.138
70408,00070408.jpg,1785599868385790720,9.81,,,0,0,0.0,,0,96.138
70409,00070409.jpg,1785599868419122688,9.81,,,0,0,0.0,,0,96.139
70410,00070410.jpg,1785599868453507584,9.81,,,0,0,0.0,,0,96.139
70411,00070411.jpg,1785599868489898240,9.81,,,0,0,0.0,,0,96.139
70412,00070412.jpg,1785599868523366400,9.81,,,0,0,0.0,,0,96.139
70413,00070413.jpg,1785599868553346304,9.81,,,0,0,0.0,,0,96.139
70414,00070414.jpg,1785599868585839360,9.81,,,0,0,0.0,,0,96.14
70415,00070415.jpg,1785599868621658368,9.81,,,0,0,0.0,,0,96.14
70416,00070416.jpg,1785599868653049600,9.81,,,0,0,0.0,,0,96.14
70417,00070417.jpg,1785599868689219072,9.81,,,0,0,0.0,,0,96.141
70418,00070418.jpg,1785599868723813888,9.81,,,0,0,0.0,,0,96.141
70419,00070419.jpg,1785599868752639744,9.81,,,0,0,0.0,,0,96.141
70420,00070420.jpg,1785599868790135552,9.81,,,0,0,0.0,,0,96.141
70421,00070421.jpg,1785599868822995200,9.81,,,0,0,0.0,,0,96.141
70422,00070422.jpg,1785599868856925184,9.81,,,0,0,0.0,,0,96.142
70423,00070423.jpg,1785599868885728512,9.81,,,0,0,0.0,,0,96.142
70424,00070424.jpg,1785599868920909312,9.81,,,0,0,0.0,,0,96.142
70425,00070425.jpg,1785599868954421760,9.81,,,0,0,0.0,,0,96.142
70426,00070426.jpg,1785599868986843648,9.81,,,0,0,0.0,,0,96.143
70427,00070427.jpg,1785599869024720640,9.81,,,0,0,0.0,,0,96.143
70428,00070428.jpg,1785599869056545536,9.81,,,0,0,0.0,,0,96.143
70429,00070429.jpg,1785599869089871872,9.81,,,0,0,0.0,,0,96.143
70430,00070430.jpg,1785599869119287808,9.81,,,0,0,0.0,,0,96.144
70431,00070431.jpg,1785599869156962560,9.81,,,0,0,0.0,,0,96.144
70432,00070432.jpg,1785599869191223552,9.81,,,0,0,0.0,,0,96.144
70433,00070433.jpg,1785599869219175936,9.81,,,0,0,0.0,,0,96.144
70434,00070434.jpg,1785599869252960256,9.81,,,0,0,0.0,,0,96.145
70435,00070435.jpg,1785599869287223040,9.81,,,0,0,0.0,,0,96.145
70436,00070436.jpg,1785599869322619136,9.81,,,0,0,0.0,,0,96.145
70437,00070437.jpg,1785599869353123584,9.81,,,0,0,0.0,,0,96.145
70438,00070438.jpg,1785599869386496000,9.81,,,0,0,0.0,,0,96.146
70439,00070439.jpg,1785599869419025920,9.81,,,0,0,0.0,,0,96.146
70440,00070440.jpg,1785599869454875136,9.81,,,0,0,0.0,,0,96.146
70441,00070441.jpg,1785599869485778688,9.81,,,0,0,0.0,,0,96.146
70442,00070442.jpg,1785599869524328448,9.81,,,0,0,0.0,,0,96.146
70443,00070443.jpg,1785599869554497792,9.81,,,0,0,0.0,,0,96.147
70444,00070444.jpg,1785599869586708736,9.81,,,0,0,0.0,,0,96.147
70445,00070445.jpg,1785599869619102208,9.81,,,0,0,0.0,,0,96.147
70446,00070446.jpg,1785599869652260352,9.81,,,0,0,0.0,,0,96.147
70447,00070447.jpg,1785599869685746432,9.81,,,0,0,0.0,,0,96.148
70448,00070448.jpg,1785599869720096512,9.81,,,0,0,0.0,,0,96.148
70449,00070449.jpg,1785599869756443136,9.81,,,0,0,0.0,,0,96.148
70450,00070450.jpg,1785599869786324992,9.81,,,0,0,0.0,,0,96.148
70451,00070451.jpg,1785599869819807744,9.81,,,0,0,0.0,,0,96.148
70452,00070452.jpg,1785599869856464384,9.81,,,0,0,0.0,,0,96.149
70453,00070453.jpg,1785599869886547200,9.81,,,0,0,0.0,,0,96.149
70454,00070454.jpg,1785599869919466496,9.81,,,0,0,0.0,,0,96.149
70455,00070455.jpg,1785599869954627584,9.81,,,0,0,0.0,,0,96.149
70456,00070456.jpg,1785599869986773248,9.81,,,0,0,0.0,,0,96.15
70457,00070457.jpg,1785599870019097856,9.81,,,0,0,0.0,,0,96.15
70458,00070458.jpg,1785599870053628416,9.81,,,0,0,0.0,,0,96.15
70459,00070459.jpg,1785599870090922496,9.81,,,0,0,0.0,,0,96.15
70460,00070460.jpg,1785599870119693312,9.81,,,0,0,0.0,,0,96.15
70461,00070461.jpg,1785599870154778112,9.81,,,0,0,0.0,,0,96.151
70462,00070462.jpg,1785599870185699328,9.81,,,0,0,0.0,,0,96.151
70463,00070463.jpg,1785599870222617088,9.81,,,0,0,0.0,,0,96.151
70464,00070464.jpg,1785599870254146560,9.81,,,0,0,0.0,,0,96.151
70465,00070465.jpg,1785599870289531648,9.81,,,0,0,0.0,,0,96.152
70466,00070466.jpg,1785599870319109120,9.81,,,0,0,0.0,,0,96.152
70467,00070467.jpg,1785599870355163392,9.81,,,0,0,0.0,,0,96.152
70468,00070468.jpg,1785599870385580544,9.81,,,0,0,0.0,,0,96.152
70469,00070469.jpg,1785599870419134464,9.81,,,0,0,0.0,,0,96.152
70470,00070470.jpg,1785599870452868352,9.81,,,0,0,0.0,,0,96.153
70471,00070471.jpg,1785599870489111296,9.81,,,0,0,0.0,,0,96.153
70472,00070472.jpg,1785599870519573504,9.81,,,0,0,0.0,,0,96.153
70473,00070473.jpg,1785599870553850880,9.81,,,0,0,0.0,,0,96.153
70474,00070474.jpg,1785599870586310400,9.81,,,0,0,0.0,,0,96.154
70475,00070475.jpg,1785599870619222784,9.81,,,0,0,0.0,,0,96.154
70476,00070476.jpg,1785599870652434688,9.81,,,0,0,0.0,,0,96.154
70477,00070477.jpg,1785599870685853184,9.81,,,0,0,0.0,,0,96.154
70478,00070478.jpg,1785599870720093696,9.81,,,0,0,0.0,,0,96.154
70479,00070479.jpg,1785599870752432384,9.81,,,0,0,0.0,,0,96.155
70480,00070480.jpg,1785599870788771072,9.81,,,0,0,0.0,,0,96.155
70481,00070481.jpg,1785599870820353280,9.81,,,0,0,0.0,,0,96.155
70482,00070482.jpg,1785599870852678400,9.81,,,0,0,0.0,,0,96.155
70483,00070483.jpg,1785599870886338560,9.81,,,0,0,0.0,,0,96.155
70484,00070484.jpg,1785599870920114432,9.81,,,0,0,0.0,,0,96.156
70485,00070485.jpg,1785599870952926720,9.81,,,0,0,0.0,,0,96.156
70486,00070486.jpg,1785599870989716480,9.81,,,0,0,0.0,,0,96.156
70487,00070487.jpg,1785599871020353792,9.81,,,0,0,0.0,,0,96.156
70488,00070488.jpg,1785599871053346816,9.81,,,0,0,0.0,,0,96.157
70489,00070489.jpg,1785599871089200640,9.81,,,0,0,0.0,,0,96.157
70490,00070490.jpg,1785599871119499008,9.81,,,0,0,0.0,,0,96.157
70491,00070491.jpg,1785599871155936768,9.81,,,0,0,0.0,,0,96.157
70492,00070492.jpg,1785599871189244672,9.81,,,0,0,0.0,,0,96.158
70493,00070493.jpg,1785599871219985408,9.81,,,0,0,0.0,,0,96.158
70494,00070494.jpg,1785599871253824000,9.81,,,0,0,0.0,,0,96.158
70495,00070495.jpg,1785599871290863360,9.81,,,0,0,0.0,,0,96.158
70496,00070496.jpg,1785599871319602944,9.81,,,0,0,0.0,,0,96.158
70497,00070497.jpg,1785599871352466944,9.81,,,0,0,0.0,,0,96.159
70498,00070498.jpg,1785599871386161664,9.81,,,0,0,0.0,,0,96.159
70499,00070499.jpg,1785599871418984192,9.81,,,0,0,0.0,,0,96.159
70500,00070500.jpg,1785599871453976064,9.81,,,0,0,0.0,,0,96.159
70501,00070501.jpg,1785599871489211392,9.81,,,0,0,0.0,,0,96.159
70502,00070502.jpg,1785599871519238912,9.81,,,0,0,0.0,,0,96.16
70503,00070503.jpg,1785599871552991232,9.81,,,0,0,0.0,,0,96.16
70504,00070504.jpg,1785599871586272000,9.81,,,0,0,0.0,,0,96.16
70505,00070505.jpg,1785599871618995456,9.81,,,0,0,0.0,,0,96.16
70506,00070506.jpg,1785599871656399360,9.81,,,0,0,0.0,,0,96.16
70507,00070507.jpg,1785599871686240768,9.81,,,0,0,0.0,,0,96.161
70508,00070508.jpg,1785599871722433024,9.81,,,0,0,0.0,,0,96.161
70509,00070509.jpg,1785599871755824128,9.81,,,0,0,0.0,,0,96.161
70510,00070510.jpg,1785599871785739776,9.81,,,0,0,0.0,,0,96.162
70511,00070511.jpg,1785599871819724032,9.81,,,0,0,0.0,,0,96.162
70512,00070512.jpg,1785599871853434112,9.81,,,0,0,0.0,,0,96.162
70513,00070513.jpg,1785599871886338816,9.81,,,0,0,0.0,,0,96.162
70514,00070514.jpg,1785599871919456512,9.81,,,0,0,0.0,,0,96.162
70515,00070515.jpg,1785599871952464128,9.81,,,0,0,0.0,,0,96.162
70516,00070516.jpg,1785599871985648896,9.81,,,0,0,0.0,,0,96.163
70517,00070517.jpg,1785599872019638784,9.81,,,0,0,0.0,,0,96.163
70518,00070518.jpg,1785599872053360640,9.81,,,0,0,0.0,,0,96.163
70519,00070519.jpg,1785599872086670080,9.81,,,0,0,0.0,,0,96.163
70520,00070520.jpg,1785599872124686848,9.81,,,0,0,0.0,,0,96.163
70521,00070521.jpg,1785599872152248064,9.81,,,0,0,0.0,,0,96.164
70522,00070522.jpg,1785599872186106112,9.81,,,0,0,0.0,,0,96.164
70523,00070523.jpg,1785599872219604736,9.81,,,0,0,0.0,,0,96.164
70524,00070524.jpg,1785599872253624576,9.81,,,0,0,0.0,,0,96.164
70525,00070525.jpg,1785599872285708544,9.81,,,0,0,0.0,,0,96.165
70526,00070526.jpg,1785599872319519232,9.81,,,0,0,0.0,,0,96.165
70527,00070527.jpg,1785599872355750656,9.81,,,0,0,0.0,,0,96.165
70528,00070528.jpg,1785599872386341120,9.81,,,0,0,0.0,,0,96.165
70529,00070529.jpg,1785599872419513088,9.81,,,0,0,0.0,,0,96.165
70530,00070530.jpg,1785599872453097984,9.81,,,0,0,0.0,,0,96.165
70531,00070531.jpg,1785599872489154048,9.81,,,0,0,0.0,,0,96.166
70532,00070532.jpg,1785599872519079424,9.81,,,0,0,0.0,,0,96.166
70533,00070533.jpg,1785599872553118464,9.81,,,0,0,0.0,,0,96.166
70534,00070534.jpg,1785599872585646592,9.81,,,0,0,0.0,,0,96.166
70535,00070535.jpg,1785599872619016192,9.81,,,0,0,0.0,,0,96.167
70536,00070536.jpg,1785599872652193280,9.81,,,0,0,0.0,,0,96.167
70537,00070537.jpg,1785599872685484032,9.81,,,0,0,0.0,,0,96.167
70538,00070538.jpg,1785599872719361024,9.81,,,0,0,0.0,,0,96.167
70539,00070539.jpg,1785599872752620032,9.81,,,0,0,0.0,,0,96.167
70540,00070540.jpg,1785599872785460224,9.81,,,0,0,0.0,,0,96.167
70541,00070541.jpg,1785599872820798208,9.81,,,0,0,0.0,,0,96.168
70542,00070542.jpg,1785599872853264896,9.81,,,0,0,0.0,,0,96.168
70543,00070543.jpg,1785599872885819904,9.81,,,0,0,0.0,,0,96.168
70544,00070544.jpg,1785599872923424512,9.81,,,0,0,0.0,,0,96.168
70545,00070545.jpg,1785599872952972288,9.81,,,0,0,0.0,,0,96.168
70546,00070546.jpg,1785599872985720576,9.81,,,0,0,0.0,,0,96.169
70547,00070547.jpg,1785599873022564864,9.81,,,0,0,0.0,,0,96.169
70548,00070548.jpg,1785599873052318720,9.81,,,0,0,0.0,,0,96.169
70549,00070549.jpg,1785599873089191680,9.81,,,0,0,0.0,,0,96.169
70550,00070550.jpg,1785599873120390144,9.81,,,0,0,0.0,,0,96.17
70551,00070551.jpg,1785599873152878080,9.81,,,0,0,0.0,,0,96.17
70552,00070552.jpg,1785599873189894144,9.81,,,0,0,0.0,,0,96.17
70553,00070553.jpg,1785599873220178432,9.81,,,0,0,0.0,,0,96.17
70554,00070554.jpg,1785599873252020992,9.81,,,0,0,0.0,,0,96.17
70555,00070555.jpg,1785599873286964736,9.81,,,0,0,0.0,,0,96.171
70556,00070556.jpg,1785599873322949888,9.81,,,0,0,0.0,,0,96.171
70557,00070557.jpg,1785599873353130240,9.81,,,0,0,0.0,,0,96.171
70558,00070558.jpg,1785599873385498112,9.81,,,0,0,0.0,,0,96.171
70559,00070559.jpg,1785599873421432320,9.81,,,0,0,0.0,,0,96.171
70560,00070560.jpg,1785599873452880640,9.81,,,0,0,0.0,,0,96.172
70561,00070561.jpg,1785599873487011840,9.81,,,0,0,0.0,,0,96.172
70562,00070562.jpg,1785599873519642624,9.81,,,0,0,0.0,,0,96.172
70563,00070563.jpg,1785599873552994304,9.81,,,0,0,0.0,,0,96.172
70564,00070564.jpg,1785599873586313728,9.81,,,0,0,0.0,,0,96.172
70565,00070565.jpg,1785599873620008704,9.81,,,0,0,0.0,,0,96.173
70566,00070566.jpg,1785599873652486656,9.81,,,0,0,0.0,,0,96.173
70567,00070567.jpg,1785599873691133184,9.81,,,0,0,0.0,,0,96.173
70568,00070568.jpg,1785599873719386624,9.81,,,0,0,0.0,,0,96.173
70569,00070569.jpg,1785599873752509440,9.81,,,0,0,0.0,,0,96.173
70570,00070570.jpg,1785599873786286080,9.81,,,0,0,0.0,,0,96.174
70571,00070571.jpg,1785599873819373056,9.81,,,0,0,0.0,,0,96.174
70572,00070572.jpg,1785599873853291776,9.81,,,0,0,0.0,,0,96.174
70573,00070573.jpg,1785599873886761984,9.81,,,0,0,0.0,,0,96.174
70574,00070574.jpg,1785599873923031296,9.81,,,0,0,0.0,,0,96.174
70575,00070575.jpg,1785599873956950016,9.81,,,0,0,0.0,,0,96.175
70576,00070576.jpg,1785599873985526272,9.81,,,0,0,0.0,,0,96.175
70577,00070577.jpg,1785599874020758272,9.81,,,0,0,0.0,,0,96.175
70578,00070578.jpg,1785599874056242176,9.81,,,0,0,0.0,,0,96.175
70579,00070579.jpg,1785599874086725120,9.81,,,0,0,0.0,,0,96.175
70580,00070580.jpg,1785599874118835712,9.81,,,0,0,0.0,,0,96.176
70581,00070581.jpg,1785599874154678016,9.81,,,0,0,0.0,,0,96.176
70582,00070582.jpg,1785599874189879552,9.81,,,0,0,0.0,,0,96.176
70583,00070583.jpg,1785599874219221504,9.81,,,0,0,0.0,,0,96.176
70584,00070584.jpg,1785599874252478976,9.81,,,0,0,0.0,,0,96.176
70585,00070585.jpg,1785599874285714176,9.81,,,0,0,0.0,,0,96.177
70586,00070586.jpg,1785599874319346944,9.81,,,0,0,0.0,,0,96.177
70587,00070587.jpg,1785599874353213184,9.81,,,0,0,0.0,,0,96.177
70588,00070588.jpg,1785599874387514624,9.81,,,0,0,0.0,,0,96.177
70589,00070589.jpg,1785599874419626240,9.81,,,0,0,0.0,,0,96.177
70590,00070590.jpg,1785599874452925952,9.81,,,0,0,0.0,,0,96.177
70591,00070591.jpg,1785599874486169600,9.81,,,0,0,0.0,,0,96.178
70592,00070592.jpg,1785599874520060416,9.81,,,0,0,0.0,,0,96.178
70593,00070593.jpg,1785599874553241088,9.81,,,0,0,0.0,,0,96.178
70594,00070594.jpg,1785599874585502464,9.81,,,0,0,0.0,,0,96.178
70595,00070595.jpg,1785599874619342848,9.81,,,0,0,0.0,,0,96.178
70596,00070596.jpg,1785599874653318400,9.81,,,0,0,0.0,,0,96.179
70597,00070597.jpg,1785599874685837312,9.81,,,0,0,0.0,,0,96.179
70598,00070598.jpg,1785599874720013824,9.81,,,0,0,0.0,,0,96.179
70599,00070599.jpg,1785599874751937792,9.81,,,0,0,0.0,,0,96.179
70600,00070600.jpg,1785599874785922304,9.81,,,0,0,0.0,,0,96.179
70601,00070601.jpg,1785599874818693376,9.81,,,0,0,0.0,,0,96.179
70602,00070602.jpg,1785599874853669120,9.81,,,0,0,0.0,,0,96.18
70603,00070603.jpg,1785599874885914624,9.81,,,0,0,0.0,,0,96.18
70604,00070604.jpg,1785599874919457792,9.81,,,0,0,0.0,,0,96.18
70605,00070605.jpg,1785599874952483840,9.81,,,0,0,0.0,,0,96.18
70606,00070606.jpg,1785599874987025408,9.81,,,0,0,0.0,,0,96.18
70607,00070607.jpg,1785599875019532288,9.81,,,0,0,0.0,,0,96.18
70608,00070608.jpg,1785599875052431616,9.81,,,0,0,0.0,,0,96.181
70609,00070609.jpg,1785599875085712896,9.81,,,0,0,0.0,,0,96.181
70610,00070610.jpg,1785599875119379712,9.81,,,0,0,0.0,,0,96.181
70611,00070611.jpg,1785599875153300480,9.81,,,0,0,0.0,,0,96.181
70612,00070612.jpg,1785599875186115072,9.81,,,0,0,0.0,,0,96.181
70613,00070613.jpg,1785599875218952704,9.81,,,0,0,0.0,,0,96.182
70614,00070614.jpg,1785599875252359680,9.81,,,0,0,0.0,,0,96.182
70615,00070615.jpg,1785599875286505728,9.81,,,0,0,0.0,,0,96.182
70616,00070616.jpg,1785599875320549632,9.81,,,0,0,0.0,,0,96.182
70617,00070617.jpg,1785599875352374784,9.81,,,0,0,0.0,,0,96.182
70618,00070618.jpg,1785599875385716224,9.81,,,0,0,0.0,,0,96.182
70619,00070619.jpg,1785599875419112960,9.81,,,0,0,0.0,,0,96.183
70620,00070620.jpg,1785599875453351424,9.81,,,0,0,0.0,,0,96.183
70621,00070621.jpg,1785599875485544704,9.81,,,0,0,0.0,,0,96.183
70622,00070622.jpg,1785599875519470592,9.81,,,0,0,0.0,,0,96.183
70623,00070623.jpg,1785599875552823296,9.81,,,0,0,0.0,,0,96.183
70624,00070624.jpg,1785599875586256384,9.81,,,0,0,0.0,,0,96.183
70625,00070625.jpg,1785599875619309824,9.81,,,0,0,0.0,,0,96.184
70626,00070626.jpg,1785599875652221184,9.81,,,0,0,0.0,,0,96.184
70627,00070627.jpg,1785599875686696960,9.81,,,0,0,0.0,,0,96.184
70628,00070628.jpg,1785599875719134976,9.81,,,0,0,0.0,,0,96.184
70629,00070629.jpg,1785599875753013504,9.81,,,0,0,0.0,,0,96.184
70630,00070630.jpg,1785599875786532864,9.81,,,0,0,0.0,,0,96.185
70631,00070631.jpg,1785599875820297728,9.81,,,0,0,0.0,,0,96.185
70632,00070632.jpg,1785599875852479232,9.81,,,0,0,0.0,,0,96.185
70633,00070633.jpg,1785599875886512384,9.81,,,0,0,0.0,,0,96.185
70634,00070634.jpg,1785599875919902208,9.81,,,0,0,0.0,,0,96.185
70635,00070635.jpg,1785599875954555904,9.81,,,0,0,0.0,,0,96.185
70636,00070636.jpg,1785599875985613568,9.81,,,0,0,0.0,,0,96.186
70637,00070637.jpg,1785599876020257792,9.81,,,0,0,0.0,,0,96.186
70638,00070638.jpg,1785599876052509184,9.81,,,0,0,0.0,,0,96.186
70639,00070639.jpg,1785599876086930176,9.81,,,0,0,0.0,,0,96.186
70640,00070640.jpg,1785599876119635200,9.81,,,0,0,0.0,,0,96.186
70641,00070641.jpg,1785599876152304128,9.81,,,0,0,0.0,,0,96.186
70642,00070642.jpg,1785599876186060288,9.81,,,0,0,0.0,,0,96.187
70643,00070643.jpg,1785599876218807296,9.81,,,0,0,0.0,,0,96.187
70644,00070644.jpg,1785599876252094464,9.81,,,0,0,0.0,,0,96.187
70645,00070645.jpg,1785599876286172160,9.81,,,0,0,0.0,,0,96.187
70646,00070646.jpg,1785599876319165952,9.81,,,0,0,0.0,,0,96.187
70647,00070647.jpg,1785599876354094336,9.81,,,0,0,0.0,,0,96.188
70648,00070648.jpg,1785599876386425856,9.81,,,0,0,0.0,,0,96.188
70649,00070649.jpg,1785599876420249856,9.81,,,0,0,0.0,,0,96.188
70650,00070650.jpg,1785599876453095936,9.81,,,0,0,0.0,,0,96.188
70651,00070651.jpg,1785599876486078720,9.81,,,0,0,0.0,,0,96.188
70652,00070652.jpg,1785599876519734528,9.81,,,0,0,0.0,,0,96.188
70653,00070653.jpg,1785599876552298496,9.81,,,0,0,0.0,,0,96.189
70654,00070654.jpg,1785599876589629952,9.81,,,0,0,0.0,,0,96.189
70655,00070655.jpg,1785599876619017472,9.81,,,0,0,0.0,,0,96.189
70656,00070656.jpg,1785599876652992512,9.81,,,0,0,0.0,,0,96.189
70657,00070657.jpg,1785599876686274304,9.81,,,0,0,0.0,,0,96.189
70658,00070658.jpg,1785599876718861568,9.81,,,0,0,0.0,,0,96.19
70659,00070659.jpg,1785599876752672512,9.81,,,0,0,0.0,,0,96.19
70660,00070660.jpg,1785599876785708544,9.81,,,0,0,0.0,,0,96.19
70661,00070661.jpg,1785599876820148480,9.81,,,0,0,0.0,,0,96.19
70662,00070662.jpg,1785599876851764480,9.81,,,0,0,0.0,,0,96.19
70663,00070663.jpg,1785599876885721344,9.81,,,0,0,0.0,,0,96.19
70664,00070664.jpg,1785599876919358208,9.81,,,0,0,0.0,,0,96.191
70665,00070665.jpg,1785599876952804608,9.81,,,0,0,0.0,,0,96.191
70666,00070666.jpg,1785599876985312000,9.81,,,0,0,0.0,,0,96.191
70667,00070667.jpg,1785599877019110144,9.81,,,0,0,0.0,,0,96.191
70668,00070668.jpg,1785599877052905984,9.81,,,0,0,0.0,,0,96.191
70669,00070669.jpg,1785599877085597440,9.81,,,0,0,0.0,,0,96.191
70670,00070670.jpg,1785599877118904576,9.81,,,0,0,0.0,,0,96.192
70671,00070671.jpg,1785599877153551104,9.81,,,0,0,0.0,,0,96.192
70672,00070672.jpg,1785599877185578240,9.81,,,0,0,0.0,,0,96.192
70673,00070673.jpg,1785599877220419328,9.81,,,0,0,0.0,,0,96.192
70674,00070674.jpg,1785599877252592384,9.81,,,0,0,0.0,,0,96.192
70675,00070675.jpg,1785599877286256896,9.81,,,0,0,0.0,,0,96.193
70676,00070676.jpg,1785599877320076032,9.81,,,0,0,0.0,,0,96.193
70677,00070677.jpg,1785599877353264128,9.81,,,0,0,0.0,,0,96.193
70678,00070678.jpg,1785599877386679808,9.81,,,0,0,0.0,,0,96.193
70679,00070679.jpg,1785599877419028224,9.81,,,0,0,0.0,,0,96.193
70680,00070680.jpg,1785599877452218624,9.81,,,0,0,0.0,,0,96.193
70681,00070681.jpg,1785599877485694464,9.81,,,0,0,0.0,,0,96.194
70682,00070682.jpg,1785599877519504896,9.81,,,0,0,0.0,,0,96.194
70683,00070683.jpg,1785599877552251392,9.81,,,0,0,0.0,,0,96.194
70684,00070684.jpg,1785599877586667008,9.81,,,0,0,0.0,,0,96.194
70685,00070685.jpg,1785599877619276032,9.81,,,0,0,0.0,,0,96.194
70686,00070686.jpg,1785599877653390592,9.81,,,0,0,0.0,,0,96.194
70687,00070687.jpg,1785599877686355968,9.81,,,0,0,0.0,,0,96.195
70688,00070688.jpg,1785599877719458304,9.81,,,0,0,0.0,,0,96.195
70689,00070689.jpg,1785599877753399040,9.81,,,0,0,0.0,,0,96.195
70690,00070690.jpg,1785599877785432064,9.81,,,0,0,0.0,,0,96.195
70691,00070691.jpg,1785599877819229184,9.81,,,0,0,0.0,,0,96.195
70692,00070692.jpg,1785599877853124352,9.81,,,0,0,0.0,,0,96.195
70693,00070693.jpg,1785599877886682112,9.81,,,0,0,0.0,,0,96.196
70694,00070694.jpg,1785599877919610112,9.81,,,0,0,0.0,,0,96.196
70695,00070695.jpg,1785599877952566272,9.81,,,0,0,0.0,,0,96.196
70696,00070696.jpg,1785599877986170624,9.81,,,0,0,0.0,,0,96.196
70697,00070697.jpg,1785599878019236352,9.81,,,0,0,0.0,,0,96.196
70698,00070698.jpg,1785599878052670464,9.81,,,0,0,0.0,,0,96.197
70699,00070699.jpg,1785599878086171392,9.81,,,0,0,0.0,,0,96.197
70700,00070700.jpg,1785599878119592192,9.81,,,0,0,0.0,,0,96.197
70701,00070701.jpg,1785599878152390144,9.81,,,0,0,0.0,,0,96.197
70702,00070702.jpg,1785599878185662720,9.81,,,0,0,0.0,,0,96.197
70703,00070703.jpg,1785599878219543552,9.81,,,0,0,0.0,,0,96.197
70704,00070704.jpg,1785599878253034496,9.81,,,0,0,0.0,,0,96.198
70705,00070705.jpg,1785599878286303744,9.81,,,0,0,0.0,,0,96.198
70706,00070706.jpg,1785599878319545600,9.81,,,0,0,0.0,,0,96.198
70707,00070707.jpg,1785599878353351680,9.81,,,0,0,0.0,,0,96.198
70708,00070708.jpg,1785599878385170944,9.81,,,0,0,0.0,,0,96.198
70709,00070709.jpg,1785599878420254720,9.81,,,0,0,0.0,,0,96.198
70710,00070710.jpg,1785599878453204736,9.81,,,0,0,0.0,,0,96.199
70711,00070711.jpg,1785599878485740544,9.81,,,0,0,0.0,,0,96.199
70712,00070712.jpg,1785599878520382720,9.81,,,0,0,0.0,,0,96.199
70713,00070713.jpg,1785599878553229568,9.81,,,0,0,0.0,,0,96.199
70714,00070714.jpg,1785599878586924544,9.81,,,0,0,0.0,,0,96.199
70715,00070715.jpg,1785599878618746624,9.81,,,0,0,0.0,,0,96.199
70716,00070716.jpg,1785599878652671232,9.81,,,0,0,0.0,,0,96.2
70717,00070717.jpg,1785599878685905664,9.81,,,0,0,0.0,,0,96.2
70718,00070718.jpg,1785599878718759936,9.81,,,0,0,0.0,,0,96.2
70719,00070719.jpg,1785599878751969280,9.81,,,0,0,0.0,,0,96.2
70720,00070720.jpg,1785599878786128128,9.81,,,0,0,0.0,,0,96.2
70721,00070721.jpg,1785599878819410944,9.81,,,0,0,0.0,,0,96.201
70722,00070722.jpg,1785599878853239296,9.81,,,0,0,0.0,,0,96.201
70723,00070723.jpg,1785599878886177024,9.81,,,0,0,0.0,,0,96.201
70724,00070724.jpg,1785599878919340032,9.81,,,0,0,0.0,,0,96.201
70725,00070725.jpg,1785599878952617984,9.81,,,0,0,0.0,,0,96.201
70726,00070726.jpg,1785599878985494784,9.81,,,0,0,0.0,,0,96.201
70727,00070727.jpg,1785599879019027456,9.81,,,0,0,0.0,,0,96.202
70728,00070728.jpg,1785599879052748288,9.81,,,0,0,0.0,,0,96.202
70729,00070729.jpg,1785599879086671360,9.81,,,0,0,0.0,,0,96.202
70730,00070730.jpg,1785599879120093184,9.81,,,0,0,0.0,,0,96.202
70731,00070731.jpg,1785599879153107200,9.81,,,0,0,0.0,,0,96.202
70732,00070732.jpg,1785599879185717760,9.81,,,0,0,0.0,,0,96.202
70733,00070733.jpg,1785599879219123456,9.81,,,0,0,0.0,,0,96.203
70734,00070734.jpg,1785599879253097472,9.81,,,0,0,0.0,,0,96.203
70735,00070735.jpg,1785599879286147328,9.81,,,0,0,0.0,,0,96.203
70736,00070736.jpg,1785599879318971904,9.81,,,0,0,0.0,,0,96.203
70737,00070737.jpg,1785599879352097024,9.81,,,0,0,0.0,,0,96.203
70738,00070738.jpg,1785599879386288896,9.81,,,0,0,0.0,,0,96.203
70739,00070739.jpg,1785599879420006400,9.81,,,0,0,0.0,,0,96.204
70740,00070740.jpg,1785599879452643072,9.81,,,0,0,0.0,,0,96.204
70741,00070741.jpg,1785599879486550272,9.81,,,0,0,0.0,,0,96.204
70742,00070742.jpg,1785599879518991360,9.81,,,0,0,0.0,,0,96.204
70743,00070743.jpg,1785599879552628992,9.81,,,0,0,0.0,,0,96.204
70744,00070744.jpg,1785599879586004736,9.81,,,0,0,0.0,,0,96.204
70745,00070745.jpg,1785599879618956032,9.81,,,0,0,0.0,,0,96.205
70746,00070746.jpg,1785599879652708608,9.81,,,0,0,0.0,,0,96.205
70747,00070747.jpg,1785599879685663488,9.81,,,0,0,0.0,,0,96.205
70748,00070748.jpg,1785599879718974464,9.81,,,0,0,0.0,,0,96.205
70749,00070749.jpg,1785599879753342720,9.81,,,0,0,0.0,,0,96.205
70750,00070750.jpg,1785599879786294016,9.81,,,0,0,0.0,,0,96.206
70751,00070751.jpg,1785599879819439104,9.81,,,0,0,0.0,,0,96.206
70752,00070752.jpg,1785599879852156416,9.81,,,0,0,0.0,,0,96.206
70753,00070753.jpg,1785599879885543424,9.81,,,0,0,0.0,,0,96.206
70754,00070754.jpg,1785599879919502848,9.81,,,0,0,0.0,,0,96.206
70755,00070755.jpg,1785599879953293056,9.81,,,0,0,0.0,,0,96.206
70756,00070756.jpg,1785599879985440000,9.81,,,0,0,0.0,,0,96.207
70757,00070757.jpg,1785599880020410880,9.81,,,0,0,0.0,,0,96.207
70758,00070758.jpg,1785599880052682752,9.81,,,0,0,0.0,,0,96.207
70759,00070759.jpg,1785599880085523712,9.81,,,0,0,0.0,,0,96.207
70760,00070760.jpg,1785599880119342080,9.81,,,0,0,0.0,,0,96.207
70761,00070761.jpg,1785599880151689728,9.81,,,0,0,0.0,,0,96.207
70762,00070762.jpg,1785599880186668800,9.81,,,0,0,0.0,,0,96.208
70763,00070763.jpg,1785599880218501632,9.81,,,0,0,0.0,,0,96.208
70764,00070764.jpg,1785599880252482560,9.81,,,0,0,0.0,,0,96.208
70765,00070765.jpg,1785599880286118656,9.81,,,0,0,0.0,,0,96.208
70766,00070766.jpg,1785599880320147200,9.81,,,0,0,0.0,,0,96.208
70767,00070767.jpg,1785599880351981824,9.81,,,0,0,0.0,,0,96.208
70768,00070768.jpg,1785599880386386176,9.81,,,0,0,0.0,,0,96.209
70769,00070769.jpg,1785599880419622656,9.81,,,0,0,0.0,,0,96.209
70770,00070770.jpg,1785599880453211392,9.81,,,0,0,0.0,,0,96.209
70771,00070771.jpg,1785599880485091328,9.81,,,0,0,0.0,,0,96.209
70772,00070772.jpg,1785599880519565056,9.81,,,0,0,0.0,,0,96.209
70773,00070773.jpg,1785599880552065792,9.81,,,0,0,0.0,,0,96.21
70774,00070774.jpg,1785599880585134592,9.81,,,0,0,0.0,,0,96.21
70775,00070775.jpg,1785599880620160256,9.81,,,0,0,0.0,,0,96.21
70776,00070776.jpg,1785599880652023808,9.81,,,0,0,0.0,,0,96.21
70777,00070777.jpg,1785599880686832640,9.81,,,0,0,0.0,,0,96.21
70778,00070778.jpg,1785599880719257600,9.81,,,0,0,0.0,,0,96.21
70779,00070779.jpg,1785599880751743232,9.81,,,0,0,0.0,,0,96.211
70780,00070780.jpg,1785599880786371328,9.81,,,0,0,0.0,,0,96.211
70781,00070781.jpg,1785599880818966784,9.81,,,0,0,0.0,,0,96.211
70782,00070782.jpg,1785599880853204224,9.81,,,0,0,0.0,,0,96.211
70783,00070783.jpg,1785599880885140224,9.81,,,0,0,0.0,,0,96.211
70784,00070784.jpg,1785599880919212288,9.81,,,0,0,0.0,,0,96.211
70785,00070785.jpg,1785599880951906560,9.81,,,0,0,0.0,,0,96.212
70786,00070786.jpg,1785599880985925376,9.81,,,0,0,0.0,,0,96.212
70787,00070787.jpg,1785599881019084288,9.81,,,0,0,0.0,,0,96.212
70788,00070788.jpg,1785599881051958784,9.81,,,0,0,0.0,,0,96.212
70789,00070789.jpg,1785599881085382656,9.81,,,0,0,0.0,,0,96.212
70790,00070790.jpg,1785599881119290624,9.81,,,0,0,0.0,,0,96.212
70791,00070791.jpg,1785599881151854080,9.81,,,0,0,0.0,,0,96.213
70792,00070792.jpg,1785599881185421056,9.81,,,0,0,0.0,,0,96.213
70793,00070793.jpg,1785599881223353856,9.81,,,0,0,0.0,,0,96.213
70794,00070794.jpg,1785599881251715584,9.81,,,0,0,0.0,,0,96.213
70795,00070795.jpg,1785599881286395648,9.81,,,0,0,0.0,,0,96.213
70796,00070796.jpg,1785599881319776512,9.81,,,0,0,0.0,,0,96.214
70797,00070797.jpg,1785599881352884736,9.81,,,0,0,0.0,,0,96.214
70798,00070798.jpg,1785599881385132544,9.81,,,0,0,0.0,,0,96.214
70799,00070799.jpg,1785599881418543616,9.81,,,0,0,0.0,,0,96.214
70800,00070800.jpg,1785599881452124416,9.81,,,0,0,0.0,,0,96.214
70801,00070801.jpg,1785599881485925120,9.81,,,0,0,0.0,,0,96.214
70802,00070802.jpg,1785599881519188480,9.81,,,0,0,0.0,,0,96.215
70803,00070803.jpg,1785599881553265920,9.81,,,0,0,0.0,,0,96.215
70804,00070804.jpg,1785599881586481920,9.81,,,0,0,0.0,,0,96.215
70805,00070805.jpg,1785599881618384128,9.81,,,0,0,0.0,,0,96.215
70806,00070806.jpg,1785599881652962304,9.81,,,0,0,0.0,,0,96.215
70807,00070807.jpg,1785599881685209600,9.81,,,0,0,0.0,,0,96.216
70808,00070808.jpg,1785599881719709184,9.81,,,0,0,0.0,,0,96.216
70809,00070809.jpg,1785599881752411392,9.81,,,0,0,0.0,,0,96.216
70810,00070810.jpg,1785599881786079744,9.81,,,0,0,0.0,,0,96.216
70811,00070811.jpg,1785599881819625472,9.81,,,0,0,0.0,,0,96.216
70812,00070812.jpg,1785599881851886592,9.81,,,0,0,0.0,,0,96.216
70813,00070813.jpg,1785599881885912576,9.81,,,0,0,0.0,,0,96.217
70814,00070814.jpg,1785599881918445568,9.81,,,0,0,0.0,,0,96.217
70815,00070815.jpg,1785599881951732992,9.81,,,0,0,0.0,,0,96.217
70816,00070816.jpg,1785599881985763328,9.81,,,0,0,0.0,,0,96.217
70817,00070817.jpg,1785599882019334144,9.81,,,0,0,0.0,,0,96.217
70818,00070818.jpg,1785599882053225728,9.81,,,0,0,0.0,,0,96.217
70819,00070819.jpg,1785599882085708288,9.81,,,0,0,0.0,,0,96.218
70820,00070820.jpg,1785599882119014144,9.81,,,0,0,0.0,,0,96.218
70821,00070821.jpg,1785599882152872704,9.81,,,0,0,0.0,,0,96.218
70822,00070822.jpg,1785599882186182656,9.81,,,0,0,0.0,,0,96.218
70823,00070823.jpg,1785599882219330304,9.81,,,0,0,0.0,,0,96.218
70824,00070824.jpg,1785599882252658432,9.81,,,0,0,0.0,,0,96.219
70825,00070825.jpg,1785599882285565184,9.81,,,0,0,0.0,,0,96.219
70826,00070826.jpg,1785599882318769408,9.81,,,0,0,0.0,,0,96.219
70827,00070827.jpg,1785599882352489472,9.81,,,0,0,0.0,,0,96.219
70828,00070828.jpg,1785599882385967104,9.81,,,0,0,0.0,,0,96.219
70829,00070829.jpg,1785599882419806720,9.81,,,0,0,0.0,,0,96.219
70830,00070830.jpg,1785599882452019456,9.81,,,0,0,0.0,,0,96.22
70831,00070831.jpg,1785599882485510656,9.81,,,0,0,0.0,,0,96.22
70832,00070832.jpg,1785599882519738880,9.81,,,0,0,0.0,,0,96.22
70833,00070833.jpg,1785599882553037056,9.81,,,0,0,0.0,,0,96.22
70834,00070834.jpg,1785599882585272832,9.81,,,0,0,0.0,,0,96.22
70835,00070835.jpg,1785599882618867968,9.81,,,0,0,0.0,,0,96.22
70836,00070836.jpg,1785599882652328960,9.81,,,0,0,0.0,,0,96.221
70837,00070837.jpg,1785599882685427456,9.81,,,0,0,0.0,,0,96.221
70838,00070838.jpg,1785599882719302400,9.81,,,0,0,0.0,,0,96.221
70839,00070839.jpg,1785599882752641024,9.81,,,0,0,0.0,,0,96.221
70840,00070840.jpg,1785599882786367488,9.81,,,0,0,0.0,,0,96.221
70841,00070841.jpg,1785599882819736320,9.81,,,0,0,0.0,,0,96.221
70842,00070842.jpg,1785599882852057344,9.81,,,0,0,0.0,,0,96.222
70843,00070843.jpg,1785599882884987136,9.81,,,0,0,0.0,,0,96.222
70844,00070844.jpg,1785599882919431168,9.81,,,0,0,0.0,,0,96.222
70845,00070845.jpg,1785599882952975360,9.81,,,0,0,0.0,,0,96.222
70846,00070846.jpg,1785599882985417216,9.81,,,0,0,0.0,,0,96.222
70847,00070847.jpg,1785599883020241664,9.81,,,0,0,0.0,,0,96.223
70848,00070848.jpg,1785599883053300224,9.81,,,0,0,0.0,,0,96.223
70849,00070849.jpg,1785599883086186496,9.81,,,0,0,0.0,,0,96.223
70850,00070850.jpg,1785599883118249984,9.81,,,0,0,0.0,,0,96.223
70851,00070851.jpg,1785599883152312832,9.81,,,0,0,0.0,,0,96.223
70852,00070852.jpg,1785599883185382400,9.81,,,0,0,0.0,,0,96.223
70853,00070853.jpg,1785599883218679296,9.81,,,0,0,0.0,,0,96.224
70854,00070854.jpg,1785599883252030976,9.81,,,0,0,0.0,,0,96.224
70855,00070855.jpg,1785599883285709824,9.81,,,0,0,0.0,,0,96.224
70856,00070856.jpg,1785599883319462656,9.81,,,0,0,0.0,,0,96.224
70857,00070857.jpg,1785599883352749056,9.81,,,0,0,0.0,,0,96.224
70858,00070858.jpg,1785599883385331200,9.81,,,0,0,0.0,,0,96.224
70859,00070859.jpg,1785599883418543872,9.81,,,0,0,0.0,,0,96.225
70860,00070860.jpg,1785599883452930816,9.81,,,0,0,0.0,,0,96.225
70861,00070861.jpg,1785599883486232064,9.81,,,0,0,0.0,,0,96.225
70862,00070862.jpg,1785599883518466816,9.81,,,0,0,0.0,,0,96.225
70863,00070863.jpg,1785599883551562496,9.81,,,0,0,0.0,,0,96.225
70864,00070864.jpg,1785599883585725184,9.81,,,0,0,0.0,,0,96.225
70865,00070865.jpg,1785599883619635200,9.81,,,0,0,0.0,,0,96.226
70866,00070866.jpg,1785599883652206848,9.81,,,0,0,0.0,,0,96.226
70867,00070867.jpg,1785599883686734336,9.81,,,0,0,0.0,,0,96.226
70868,00070868.jpg,1785599883719502080,9.81,,,0,0,0.0,,0,96.226
70869,00070869.jpg,1785599883751992832,9.81,,,0,0,0.0,,0,96.226
70870,00070870.jpg,1785599883786342912,9.81,,,0,0,0.0,,0,96.226
70871,00070871.jpg,1785599883819710208,9.81,,,0,0,0.0,,0,96.227
70872,00070872.jpg,1785599883853211904,9.81,,,0,0,0.0,,0,96.227
70873,00070873.jpg,1785599883885036032,9.81,,,0,0,0.0,,0,96.227
70874,00070874.jpg,1785599883918497280,9.81,,,0,0,0.0,,0,96.227
70875,00070875.jpg,1785599883951814144,9.81,,,0,0,0.0,,0,96.227
70876,00070876.jpg,1785599883985473536,9.81,,,0,0,0.0,,0,96.228
70877,00070877.jpg,1785599884019891968,9.81,,,0,0,0.0,,0,96.228
70878,00070878.jpg,1785599884052358912,9.81,,,0,0,0.0,,0,96.228
70879,00070879.jpg,1785599884086601728,9.81,,,0,0,0.0,,0,96.228
70880,00070880.jpg,1785599884119477760,9.81,,,0,0,0.0,,0,96.228
70881,00070881.jpg,1785599884153268480,9.81,,,0,0,0.0,,0,96.228
70882,00070882.jpg,1785599884185679872,9.81,,,0,0,0.0,,0,96.229
70883,00070883.jpg,1785599884219545856,9.81,,,0,0,0.0,,0,96.229
70884,00070884.jpg,1785599884251656448,9.81,,,0,0,0.0,,0,96.229
70885,00070885.jpg,1785599884285836288,9.81,,,0,0,0.0,,0,96.229
70886,00070886.jpg,1785599884319280384,9.81,,,0,0,0.0,,0,96.229
70887,00070887.jpg,1785599884351780096,9.81,,,0,0,0.0,,0,96.229
70888,00070888.jpg,1785599884386818304,9.81,,,0,0,0.0,,0,96.23
70889,00070889.jpg,1785599884419340032,9.81,,,0,0,0.0,,0,96.23
70890,00070890.jpg,1785599884452789504,9.81,,,0,0,0.0,,0,96.23
70891,00070891.jpg,1785599884486054400,9.81,,,0,0,0.0,,0,96.23
70892,00070892.jpg,1785599884519905280,9.81,,,0,0,0.0,,0,96.23
70893,00070893.jpg,1785599884552235776,9.81,,,0,0,0.0,,0,96.23
70894,00070894.jpg,1785599884586707200,9.81,,,0,0,0.0,,0,96.231
70895,00070895.jpg,1785599884618517760,9.81,,,0,0,0.0,,0,96.231
70896,00070896.jpg,1785599884652082176,9.81,,,0,0,0.0,,0,96.231
70897,00070897.jpg,1785599884685199616,9.81,,,0,0,0.0,,0,96.231
70898,00070898.jpg,1785599884720109824,9.81,,,0,0,0.0,,0,96.231
70899,00070899.jpg,1785599884752226304,9.81,,,0,0,0.0,,0,96.232
70900,00070900.jpg,1785599884785902080,9.81,,,0,0,0.0,,0,96.232
70901,00070901.jpg,1785599884820030208,9.81,,,0,0,0.0,,0,96.232
70902,00070902.jpg,1785599884853360384,9.81,,,0,0,0.0,,0,96.232
70903,00070903.jpg,1785599884886010624,9.81,,,0,0,0.0,,0,96.232
70904,00070904.jpg,1785599884918945536,9.81,,,0,0,0.0,,0,96.232
70905,00070905.jpg,1785599884951549440,9.81,,,0,0,0.0,,0,96.233
70906,00070906.jpg,1785599884985088256,9.81,,,0,0,0.0,,0,96.233
70907,00070907.jpg,1785599885019857408,9.81,,,0,0,0.0,,0,96.233
70908,00070908.jpg,1785599885052348928,9.81,,,0,0,0.0,,0,96.233
70909,00070909.jpg,1785599885085157888,9.81,,,0,0,0.0,,0,96.233
70910,00070910.jpg,1785599885119779584,9.81,,,0,0,0.0,,0,96.233
70911,00070911.jpg,1785599885151503616,9.81,,,0,0,0.0,,0,96.234
70912,00070912.jpg,1785599885185718784,9.81,,,0,0,0.0,,0,96.234
70913,00070913.jpg,1785599885219035904,9.81,,,0,0,0.0,,0,96.234
70914,00070914.jpg,1785599885252733440,9.81,,,0,0,0.0,,0,96.234
70915,00070915.jpg,1785599885285627136,9.81,,,0,0,0.0,,0,96.234
70916,00070916.jpg,1785599885319898368,9.81,,,0,0,0.0,,0,96.235
70917,00070917.jpg,1785599885352699392,9.81,,,0,0,0.0,,0,96.235
70918,00070918.jpg,1785599885385743104,9.81,,,0,0,0.0,,0,96.235
70919,00070919.jpg,1785599885418452480,9.81,,,0,0,0.0,,0,96.235
70920,00070920.jpg,1785599885451964928,9.81,,,0,0,0.0,,0,96.235
70921,00070921.jpg,1785599885485914880,9.81,,,0,0,0.0,,0,96.235
70922,00070922.jpg,1785599885518393600,9.81,,,0,0,0.0,,0,96.236
70923,00070923.jpg,1785599885552789504,9.81,,,0,0,0.0,,0,96.236
70924,00070924.jpg,1785599885586031616,9.81,,,0,0,0.0,,0,96.236
70925,00070925.jpg,1785599885618520832,9.81,,,0,0,0.0,,0,96.236
70926,00070926.jpg,1785599885652380672,9.81,,,0,0,0.0,,0,96.236
70927,00070927.jpg,1785599885685497088,9.81,,,0,0,0.0,,0,96.236
70928,00070928.jpg,1785599885719869696,9.81,,,0,0,0.0,,0,96.237
70929,00070929.jpg,1785599885751945728,9.81,,,0,0,0.0,,0,96.237
70930,00070930.jpg,1785599885786140672,9.81,,,0,0,0.0,,0,96.237
70931,00070931.jpg,1785599885819202560,9.81,,,0,0,0.0,,0,96.237
70932,00070932.jpg,1785599885852718336,9.81,,,0,0,0.0,,0,96.237
70933,00070933.jpg,1785599885886233088,9.81,,,0,0,0.0,,0,96.238
70934,00070934.jpg,1785599885918079488,9.81,,,0,0,0.0,,0,96.238
70935,00070935.jpg,1785599885951988736,9.81,,,0,0,0.0,,0,96.238
70936,00070936.jpg,1785599885985524992,9.81,,,0,0,0.0,,0,96.238
70937,00070937.jpg,1785599886018729984,9.81,,,0,0,0.0,,0,96.238
70938,00070938.jpg,1785599886051952640,9.81,,,0,0,0.0,,0,96.238
70939,00070939.jpg,1785599886085571072,9.81,,,0,0,0.0,,0,96.239
70940,00070940.jpg,1785599886119341312,9.81,,,0,0,0.0,,0,96.239
70941,00070941.jpg,1785599886152142336,9.81,,,0,0,0.0,,0,96.239
70942,00070942.jpg,1785599886185715968,9.81,,,0,0,0.0,,0,96.239
70943,00070943.jpg,1785599886218895616,9.81,,,0,0,0.0,,0,96.239
70944,00070944.jpg,1785599886251701760,9.81,,,0,0,0.0,,0,96.24
70945,00070945.jpg,1785599886285391360,9.81,,,0,0,0.0,,0,96.24
70946,00070946.jpg,1785599886319510528,9.81,,,0,0,0.0,,0,96.24
70947,00070947.jpg,1785599886352865024,9.81,,,0,0,0.0,,0,96.24
70948,00070948.jpg,1785599886385380864,9.81,,,0,0,0.0,,0,96.24
70949,00070949.jpg,1785599886418454272,9.81,,,0,0,0.0,,0,96.24
70950,00070950.jpg,1785599886452290304,9.81,,,0,0,0.0,,0,96.241
70951,00070951.jpg,1785599886485184768,9.81,,,0,0,0.0,,0,96.241
70952,00070952.jpg,1785599886518048768,9.81,,,0,0,0.0,,0,96.241
70953,00070953.jpg,1785599886551713536,9.81,,,0,0,0.0,,0,96.241
70954,00070954.jpg,1785599886585338880,9.81,,,0,0,0.0,,0,96.241
70955,00070955.jpg,1785599886618854400,9.81,,,0,0,0.0,,0,96.241
70956,00070956.jpg,1785599886652000768,9.81,,,0,0,0.0,,0,96.242
70957,00070957.jpg,1785599886685888000,9.81,,,0,0,0.0,,0,96.242
70958,00070958.jpg,1785599886719316992,9.81,,,0,0,0.0,,0,96.242
70959,00070959.jpg,1785599886752759808,9.81,,,0,0,0.0,,0,96.242
70960,00070960.jpg,1785599886785038336,9.81,,,0,0,0.0,,0,96.242
70961,00070961.jpg,1785599886818851840,9.81,,,0,0,0.0,,0,96.243
70962,00070962.jpg,1785599886851785472,9.81,,,0,0,0.0,,0,96.243
70963,00070963.jpg,1785599886885707264,9.81,,,0,0,0.0,,0,96.243
70964,00070964.jpg,1785599886919007232,9.81,,,0,0,0.0,,0,96.243
70965,00070965.jpg,1785599886953135104,9.81,,,0,0,0.0,,0,96.243
70966,00070966.jpg,1785599886985668608,9.81,,,0,0,0.0,,0,96.243
70967,00070967.jpg,1785599887019685888,9.81,,,0,0,0.0,,0,96.244
70968,00070968.jpg,1785599887052132096,9.81,,,0,0,0.0,,0,96.244
70969,00070969.jpg,1785599887085571328,9.81,,,0,0,0.0,,0,96.244
70970,00070970.jpg,1785599887119152128,9.81,,,0,0,0.0,,0,96.244
70971,00070971.jpg,1785599887152786688,9.81,,,0,0,0.0,,0,96.244
70972,00070972.jpg,1785599887185722624,9.81,,,0,0,0.0,,0,96.244
70973,00070973.jpg,1785599887219568384,9.81,,,0,0,0.0,,0,96.245
70974,00070974.jpg,1785599887251495168,9.81,,,0,0,0.0,,0,96.245
70975,00070975.jpg,1785599887285608448,9.81,,,0,0,0.0,,0,96.245
70976,00070976.jpg,1785599887319269120,9.81,,,0,0,0.0,,0,96.245
70977,00070977.jpg,1785599887351948800,9.81,,,0,0,0.0,,0,96.245
70978,00070978.jpg,1785599887385329408,9.81,,,0,0,0.0,,0,96.246
70979,00070979.jpg,1785599887418464512,9.81,,,0,0,0.0,,0,96.246
70980,00070980.jpg,1785599887453198592,9.81,,,0,0,0.0,,0,96.246
70981,00070981.jpg,1785599887485855488,9.81,,,0,0,0.0,,0,96.246
70982,00070982.jpg,1785599887519697664,9.81,,,0,0,0.0,,0,96.246
70983,00070983.jpg,1785599887552898048,9.81,,,0,0,0.0,,0,96.246
70984,00070984.jpg,1785599887586264320,9.81,,,0,0,0.0,,0,96.247
70985,00070985.jpg,1785599887618432000,9.81,,,0,0,0.0,,0,96.247
70986,00070986.jpg,1785599887652585472,9.81,,,0,0,0.0,,0,96.247
70987,00070987.jpg,1785599887686305280,9.81,,,0,0,0.0,,0,96.247
70988,00070988.jpg,1785599887719450880,9.81,,,0,0,0.0,,0,96.247
70989,00070989.jpg,1785599887752889856,9.81,,,0,0,0.0,,0,96.247
70990,00070990.jpg,1785599887784840704,9.81,,,0,0,0.0,,0,96.248
70991,00070991.jpg,1785599887819699456,9.81,,,0,0,0.0,,0,96.248
70992,00070992.jpg,1785599887851408128,9.81,,,0,0,0.0,,0,96.248
70993,00070993.jpg,1785599887886161152,9.81,,,0,0,0.0,,0,96.248
70994,00070994.jpg,1785599887919252224,9.81,,,0,0,0.0,,0,96.248
70995,00070995.jpg,1785599887951820288,9.81,,,0,0,0.0,,0,96.249
70996,00070996.jpg,1785599887985723392,9.81,,,0,0,0.0,,0,96.249
70997,00070997.jpg,1785599888019322624,9.81,,,0,0,0.0,,0,96.249
70998,00070998.jpg,1785599888052895744,9.81,,,0,0,0.0,,0,96.249
70999,00070999.jpg,1785599888086153216,9.81,,,0,0,0.0,,0,96.249
71000,00071000.jpg,1785599888119623424,9.81,,,0,0,0.0,,0,96.249
71001,00071001.jpg,1785599888152192512,9.81,,,0,0,0.0,,0,96.25
71002,00071002.jpg,1785599888186394624,9.81,,,0,0,0.0,,0,96.25
71003,00071003.jpg,1785599888218076160,9.81,,,0,0,0.0,,0,96.25
71004,00071004.jpg,1785599888252706560,9.81,,,0,0,0.0,,0,96.25
71005,00071005.jpg,1785599888285330432,9.81,,,0,0,0.0,,0,96.25
71006,00071006.jpg,1785599888318887680,9.81,,,0,0,0.0,,0,96.251
71007,00071007.jpg,1785599888352750080,9.81,,,0,0,0.0,,0,96.251
71008,00071008.jpg,1785599888385513472,9.81,,,0,0,0.0,,0,96.251
71009,00071009.jpg,1785599888419342080,9.81,,,0,0,0.0,,0,96.251
71010,00071010.jpg,1785599888452164864,9.81,,,0,0,0.0,,0,96.251
71011,00071011.jpg,1785599888485543424,9.81,,,0,0,0.0,,0,96.251
71012,00071012.jpg,1785599888518673408,9.81,,,0,0,0.0,,0,96.252
71013,00071013.jpg,1785599888551879936,9.81,,,0,0,0.0,,0,96.252
71014,00071014.jpg,1785599888585452032,9.81,,,0,0,0.0,,0,96.252
71015,00071015.jpg,1785599888619674112,9.81,,,0,0,0.0,,0,96.252
71016,00071016.jpg,1785599888651689216,9.81,,,0,0,0.0,,0,96.252
71017,00071017.jpg,1785599888685477376,9.81,,,0,0,0.0,,0,96.252
71018,00071018.jpg,1785599888719309568,9.81,,,0,0,0.0,,0,96.253
71019,00071019.jpg,1785599888753596672,9.81,,,0,0,0.0,,0,96.253
71020,00071020.jpg,1785599888785803520,9.81,,,0,0,0.0,,0,96.253
71021,00071021.jpg,1785599888818984448,9.81,,,0,0,0.0,,0,96.253
71022,00071022.jpg,1785599888852425216,9.81,,,0,0,0.0,,0,96.253
71023,00071023.jpg,1785599888885623552,9.81,,,0,0,0.0,,0,96.254
71024,00071024.jpg,1785599888919360000,9.81,,,0,0,0.0,,0,96.254
71025,00071025.jpg,1785599888952612096,9.81,,,0,0,0.0,,0,96.254
71026,00071026.jpg,1785599888985034240,9.81,,,0,0,0.0,,0,96.254
71027,00071027.jpg,1785599889018723072,9.81,,,0,0,0.0,,0,96.254
71028,00071028.jpg,1785599889051526144,9.81,,,0,0,0.0,,0,96.254
71029,00071029.jpg,1785599889085753600,9.81,,,0,0,0.0,,0,96.255
71030,00071030.jpg,1785599889119457536,9.81,,,0,0,0.0,,0,96.255
71031,00071031.jpg,1785599889153337344,9.81,,,0,0,0.0,,0,96.255
71032,00071032.jpg,1785599889185805312,9.81,,,0,0,0.0,,0,96.255
71033,00071033.jpg,1785599889219143936,9.81,,,0,0,0.0,,0,96.255
71034,00071034.jpg,1785599889252948224,9.81,,,0,0,0.0,,0,96.255
71035,00071035.jpg,1785599889284985600,9.81,,,0,0,0.0,,0,96.256
71036,00071036.jpg,1785599889319947520,9.81,,,0,0,0.0,,0,96.256
71037,00071037.jpg,1785599889352171520,9.81,,,0,0,0.0,,0,96.256
71038,00071038.jpg,1785599889385433344,9.81,,,0,0,0.0,,0,96.256
71039,00071039.jpg,1785599889419365376,9.81,,,0,0,0.0,,0,96.256
71040,00071040.jpg,1785599889451919360,9.81,,,0,0,0.0,,0,96.257
71041,00071041.jpg,1785599889485542656,9.81,,,0,0,0.0,,0,96.257
71042,00071042.jpg,1785599889519280384,9.81,,,0,0,0.0,,0,96.257
71043,00071043.jpg,1785599889552900864,9.81,,,0,0,0.0,,0,96.257
71044,00071044.jpg,1785599889586004224,9.81,,,0,0,0.0,,0,96.257
71045,00071045.jpg,1785599889618578688,9.81,,,0,0,0.0,,0,96.257
71046,00071046.jpg,1785599889652256256,9.81,,,0,0,0.0,,0,96.258
71047,00071047.jpg,1785599889684913920,9.81,,,0,0,0.0,,0,96.258
71048,00071048.jpg,1785599889718654976,9.81,,,0,0,0.0,,0,96.258
71049,00071049.jpg,1785599889752854272,9.81,,,0,0,0.0,,0,96.258
71050,00071050.jpg,1785599889785612288,9.81,,,0,0,0.0,,0,96.258
71051,00071051.jpg,1785599889819129344,9.81,,,0,0,0.0,,0,96.258
71052,00071052.jpg,1785599889853128448,9.81,,,0,0,0.0,,0,96.259
71053,00071053.jpg,1785599889885628928,9.81,,,0,0,0.0,,0,96.259
71054,00071054.jpg,1785599889918785024,9.81,,,0,0,0.0,,0,96.259
71055,00071055.jpg,1785599889952065536,9.81,,,0,0,0.0,,0,96.259
71056,00071056.jpg,1785599889985256704,9.81,,,0,0,0.0,,0,96.259
71057,00071057.jpg,1785599890018307840,9.81,,,0,0,0.0,,0,96.26
71058,00071058.jpg,1785599890051871232,9.81,,,0,0,0.0,,0,96.26
71059,00071059.jpg,1785599890084896512,9.81,,,0,0,0.0,,0,96.26
71060,00071060.jpg,1785599890119310592,9.81,,,0,0,0.0,,0,96.26
71061,00071061.jpg,1785599890151800064,9.81,,,0,0,0.0,,0,96.26
71062,00071062.jpg,1785599890184801792,9.81,,,0,0,0.0,,0,96.26
71063,00071063.jpg,1785599890218461952,9.81,,,0,0,0.0,,0,96.261
71064,00071064.jpg,1785599890252578048,9.81,,,0,0,0.0,,0,96.261
71065,00071065.jpg,1785599890285158400,9.81,,,0,0,0.0,,0,96.261
71066,00071066.jpg,1785599890318967808,9.81,,,0,0,0.0,,0,96.261
71067,00071067.jpg,1785599890351915008,9.81,,,0,0,0.0,,0,96.261
71068,00071068.jpg,1785599890385431552,9.81,,,0,0,0.0,,0,96.262
71069,00071069.jpg,1785599890418785280,9.81,,,0,0,0.0,,0,96.262
71070,00071070.jpg,1785599890451852288,9.81,,,0,0,0.0,,0,96.262
71071,00071071.jpg,1785599890485062912,9.81,,,0,0,0.0,,0,96.262
71072,00071072.jpg,1785599890520084480,9.81,,,0,0,0.0,,0,96.262
71073,00071073.jpg,1785599890552716032,9.81,,,0,0,0.0,,0,96.262
71074,00071074.jpg,1785599890586211584,9.81,,,0,0,0.0,,0,96.263
71075,00071075.jpg,1785599890619099136,9.81,,,0,0,0.0,,0,96.263
71076,00071076.jpg,1785599890653116416,9.81,,,0,0,0.0,,0,96.263
71077,00071077.jpg,1785599890685404416,9.81,,,0,0,0.0,,0,96.263
71078,00071078.jpg,1785599890718938112,9.81,,,0,0,0.0,,0,96.263
71079,00071079.jpg,1785599890752170240,9.81,,,0,0,0.0,,0,96.263
71080,00071080.jpg,1785599890784864768,9.81,,,0,0,0.0,,0,96.264
71081,00071081.jpg,1785599890818174976,9.81,,,0,0,0.0,,0,96.264
71082,00071082.jpg,1785599890852587008,9.81,,,0,0,0.0,,0,96.264
71083,00071083.jpg,1785599890886052864,9.81,,,0,0,0.0,,0,96.264
71084,00071084.jpg,1785599890918220544,9.81,,,0,0,0.0,,0,96.264
71085,00071085.jpg,1785599890951467008,9.81,,,0,0,0.0,,0,96.264
71086,00071086.jpg,1785599890985136128,9.81,,,0,0,0.0,,0,96.265
71087,00071087.jpg,1785599891018492160,9.81,,,0,0,0.0,,0,96.265
71088,00071088.jpg,1785599891052876544,9.81,,,0,0,0.0,,0,96.265
71089,00071089.jpg,1785599891086179072,9.81,,,0,0,0.0,,0,96.265
71090,00071090.jpg,1785599891118414848,9.81,,,0,0,0.0,,0,96.265
71091,00071091.jpg,1785599891152037120,9.81,,,0,0,0.0,,0,96.266
71092,00071092.jpg,1785599891185556992,9.81,,,0,0,0.0,,0,96.266
71093,00071093.jpg,1785599891219025152,9.81,,,0,0,0.0,,0,96.266
71094,00071094.jpg,1785599891251840512,9.81,,,0,0,0.0,,0,96.266
71095,00071095.jpg,1785599891285291776,9.81,,,0,0,0.0,,0,96.266
71096,00071096.jpg,1785599891319334912,9.81,,,0,0,0.0,,0,96.266
71097,00071097.jpg,1785599891352451840,9.81,,,0,0,0.0,,0,96.267
71098,00071098.jpg,1785599891385342208,9.81,,,0,0,0.0,,0,96.267
71099,00071099.jpg,1785599891418941440,9.81,,,0,0,0.0,,0,96.267
71100,00071100.jpg,1785599891453276416,9.81,,,0,0,0.0,,0,96.267
71101,00071101.jpg,1785599891485405696,9.81,,,0,0,0.0,,0,96.267
71102,00071102.jpg,1785599891519170048,9.81,,,0,0,0.0,,0,96.267
71103,00071103.jpg,1785599891552505088,9.81,,,0,0,0.0,,0,96.268
71104,00071104.jpg,1785599891586199296,9.81,,,0,0,0.0,,0,96.268
71105,00071105.jpg,1785599891618818304,9.81,,,0,0,0.0,,0,96.268
71106,00071106.jpg,1785599891652026624,9.81,,,0,0,0.0,,0,96.268
71107,00071107.jpg,1785599891685500160,9.81,,,0,0,0.0,,0,96.268
71108,00071108.jpg,1785599891719715840,9.81,,,0,0,0.0,,0,96.269
71109,00071109.jpg,1785599891751714304,9.81,,,0,0,0.0,,0,96.269
71110,00071110.jpg,1785599891785518592,9.81,,,0,0,0.0,,0,96.269
71111,00071111.jpg,1785599891819097088,9.81,,,0,0,0.0,,0,96.269
71112,00071112.jpg,1785599891853476096,9.81,,,0,0,0.0,,0,96.269
71113,00071113.jpg,1785599891885223680,9.81,,,0,0,0.0,,0,96.269
71114,00071114.jpg,1785599891917866752,9.81,,,0,0,0.0,,0,96.27
71115,00071115.jpg,1785599891952793600,9.81,,,0,0,0.0,,0,96.27
71116,00071116.jpg,1785599891985225216,9.81,,,0,0,0.0,,0,96.27
71117,00071117.jpg,1785599892019746048,9.81,,,0,0,0.0,,0,96.27
71118,00071118.jpg,1785599892052309760,9.81,,,0,0,0.0,,0,96.27
71119,00071119.jpg,1785599892085543680,9.81,,,0,0,0.0,,0,96.27
71120,00071120.jpg,1785599892119353600,9.81,,,0,0,0.0,,0,96.271
71121,00071121.jpg,1785599892153597184,9.81,,,0,0,0.0,,0,96.271
71122,00071122.jpg,1785599892184970752,9.81,,,0,0,0.0,,0,96.271
71123,00071123.jpg,1785599892219102208,9.81,,,0,0,0.0,,0,96.271
71124,00071124.jpg,1785599892253350400,9.81,,,0,0,0.0,,0,96.271
71125,00071125.jpg,1785599892284654848,9.81,,,0,0,0.0,,0,96.271
71126,00071126.jpg,1785599892319970048,9.81,,,0,0,0.0,,0,96.272
71127,00071127.jpg,1785599892353076224,9.81,,,0,0,0.0,,0,96.272
71128,00071128.jpg,1785599892386504448,9.81,,,0,0,0.0,,0,96.272
71129,00071129.jpg,1785599892419537408,9.81,,,0,0,0.0,,0,96.272
71130,00071130.jpg,1785599892451575552,9.81,,,0,0,0.0,,0,96.272
71131,00071131.jpg,1785599892486051328,9.81,,,0,0,0.0,,0,96.272
71132,00071132.jpg,1785599892519630848,9.81,,,0,0,0.0,,0,96.273
71133,00071133.jpg,1785599892552599296,9.81,,,0,0,0.0,,0,96.273
71134,00071134.jpg,1785599892586097152,9.81,,,0,0,0.0,,0,96.273
71135,00071135.jpg,1785599892618755840,9.81,,,0,0,0.0,,0,96.273
71136,00071136.jpg,1785599892652095744,9.81,,,0,0,0.0,,0,96.273
71137,00071137.jpg,1785599892685578752,9.81,,,0,0,0.0,,0,96.274
71138,00071138.jpg,1785599892719190784,9.81,,,0,0,0.0,,0,96.274
71139,00071139.jpg,1785599892751970304,9.81,,,0,0,0.0,,0,96.274
71140,00071140.jpg,1785599892785531392,9.81,,,0,0,0.0,,0,96.274
71141,00071141.jpg,1785599892819452416,9.81,,,0,0,0.0,,0,96.274
71142,00071142.jpg,1785599892851071488,9.81,,,0,0,0.0,,0,96.274
71143,00071143.jpg,1785599892886460672,9.81,,,0,0,0.0,,0,96.275
71144,00071144.jpg,1785599892919078912,9.81,,,0,0,0.0,,0,96.275
71145,00071145.jpg,1785599892952821760,9.81,,,0,0,0.0,,0,96.275
71146,00071146.jpg,1785599892985535232,9.81,,,0,0,0.0,,0,96.275
71147,00071147.jpg,1785599893018216960,9.81,,,0,0,0.0,,0,96.275
71148,00071148.jpg,1785599893052400896,9.81,,,0,0,0.0,,0,96.275
71149,00071149.jpg,1785599893085868032,9.81,,,0,0,0.0,,0,96.276
71150,00071150.jpg,1785599893118158592,9.81,,,0,0,0.0,,0,96.276
71151,00071151.jpg,1785599893151622144,9.81,,,0,0,0.0,,0,96.276
71152,00071152.jpg,1785599893185561600,9.81,,,0,0,0.0,,0,96.276
71153,00071153.jpg,1785599893218605312,9.81,,,0,0,0.0,,0,96.276
71154,00071154.jpg,1785599893252516864,9.81,,,0,0,0.0,,0,96.276
71155,00071155.jpg,1785599893285666560,9.81,,,0,0,0.0,,0,96.277
71156,00071156.jpg,1785599893319114752,9.81,,,0,0,0.0,,0,96.277
71157,00071157.jpg,1785599893352540672,9.81,,,0,0,0.0,,0,96.277
71158,00071158.jpg,1785599893385401600,9.81,,,0,0,0.0,,0,96.277
71159,00071159.jpg,1785599893419453184,9.81,,,0,0,0.0,,0,96.277
71160,00071160.jpg,1785599893452927488,9.81,,,0,0,0.0,,0,96.278
71161,00071161.jpg,1785599893484789248,9.81,,,0,0,0.0,,0,96.278
71162,00071162.jpg,1785599893518119680,9.81,,,0,0,0.0,,0,96.278
71163,00071163.jpg,1785599893552133632,9.81,,,0,0,0.0,,0,96.278
71164,00071164.jpg,1785599893584869120,9.81,,,0,0,0.0,,0,96.278
71165,00071165.jpg,1785599893619198720,9.81,,,0,0,0.0,,0,96.278
71166,00071166.jpg,1785599893652806912,9.81,,,0,0,0.0,,0,96.279
71167,00071167.jpg,1785599893684709632,9.81,,,0,0,0.0,,0,96.279
71168,00071168.jpg,1785599893718353664,9.81,,,0,0,0.0,,0,96.279
71169,00071169.jpg,1785599893752745216,9.81,,,0,0,0.0,,0,96.279
71170,00071170.jpg,1785599893784439552,9.81,,,0,0,0.0,,0,96.279
71171,00071171.jpg,1785599893818091776,9.81,,,0,0,0.0,,0,96.279
71172,00071172.jpg,1785599893853156608,9.81,,,0,0,0.0,,0,96.28
71173,00071173.jpg,1785599893886036992,9.81,,,0,0,0.0,,0,96.28
71174,00071174.jpg,1785599893918690048,9.81,,,0,0,0.0,,0,96.28
71175,00071175.jpg,1785599893951937792,9.81,,,0,0,0.0,,0,96.28
71176,00071176.jpg,1785599893985374720,9.81,,,0,0,0.0,,0,96.28
71177,00071177.jpg,1785599894019121408,9.81,,,0,0,0.0,,0,96.28
71178,00071178.jpg,1785599894051770624,9.81,,,0,0,0.0,,0,96.281
71179,00071179.jpg,1785599894085138688,9.81,,,0,0,0.0,,0,96.281
71180,00071180.jpg,1785599894119378944,9.81,,,0,0,0.0,,0,96.281
71181,00071181.jpg,1785599894151532032,9.81,,,0,0,0.0,,0,96.281
71182,00071182.jpg,1785599894185016320,9.81,,,0,0,0.0,,0,96.281
71183,00071183.jpg,1785599894218352128,9.81,,,0,0,0.0,,0,96.282
71184,00071184.jpg,1785599894251702272,9.81,,,0,0,0.0,,0,96.282
71185,00071185.jpg,1785599894284571648,9.81,,,0,0,0.0,,0,96.282
71186,00071186.jpg,1785599894318087936,9.81,,,0,0,0.0,,0,96.282
71187,00071187.jpg,1785599894351513856,9.81,,,0,0,0.0,,0,96.282
71188,00071188.jpg,1785599894384720896,9.81,,,0,0,0.0,,0,96.282
71189,00071189.jpg,1785599894419619584,9.81,,,0,0,0.0,,0,96.283
71190,00071190.jpg,1785599894451396608,9.81,,,0,0,0.0,,0,96.283
71191,00071191.jpg,1785599894485392640,9.81,,,0,0,0.0,,0,96.283
71192,00071192.jpg,1785599894519025920,9.81,,,0,0,0.0,,0,96.283
71193,00071193.jpg,1785599894553124608,9.81,,,0,0,0.0,,0,96.283
71194,00071194.jpg,1785599894585530112,9.81,,,0,0,0.0,,0,96.283
71195,00071195.jpg,1785599894618748416,9.81,,,0,0,0.0,,0,96.284
71196,00071196.jpg,1785599894651514368,9.81,,,0,0,0.0,,0,96.284
71197,00071197.jpg,1785599894684755200,9.81,,,0,0,0.0,,0,96.284
71198,00071198.jpg,1785599894719143936,9.81,,,0,0,0.0,,0,96.284
71199,00071199.jpg,1785599894752668928,9.81,,,0,0,0.0,,0,96.284
71200,00071200.jpg,1785599894785554688,9.81,,,0,0,0.0,,0,96.284
71201,00071201.jpg,1785599894819231744,9.81,,,0,0,0.0,,0,96.285
71202,00071202.jpg,1785599894852184064,9.81,,,0,0,0.0,,0,96.285
71203,00071203.jpg,1785599894884852736,9.81,,,0,0,0.0,,0,96.285
71204,00071204.jpg,1785599894918677248,9.81,,,0,0,0.0,,0,96.285
71205,00071205.jpg,1785599894953303808,9.81,,,0,0,0.0,,0,96.285
71206,00071206.jpg,1785599894985847808,9.81,,,0,0,0.0,,0,96.285
71207,00071207.jpg,1785599895018029056,9.81,,,0,0,0.0,,0,96.286
71208,00071208.jpg,1785599895051763712,9.81,,,0,0,0.0,,0,96.286
71209,00071209.jpg,1785599895085600768,9.81,,,0,0,0.0,,0,96.286
71210,00071210.jpg,1785599895118612736,9.81,,,0,0,0.0,,0,96.286
71211,00071211.jpg,1785599895152923648,9.81,,,0,0,0.0,,0,96.286
71212,00071212.jpg,1785599895185696768,9.81,,,0,0,0.0,,0,96.287
71213,00071213.jpg,1785599895218344704,9.81,,,0,0,0.0,,0,96.287
71214,00071214.jpg,1785599895251967744,9.81,,,0,0,0.0,,0,96.287
71215,00071215.jpg,1785599895285564672,9.81,,,0,0,0.0,,0,96.287
71216,00071216.jpg,1785599895319019008,9.81,,,0,0,0.0,,0,96.287
71217,00071217.jpg,1785599895353152256,9.81,,,0,0,0.0,,0,96.287
71218,00071218.jpg,1785599895385110016,9.81,,,0,0,0.0,,0,96.288
71219,00071219.jpg,1785599895418285568,9.81,,,0,0,0.0,,0,96.288
71220,00071220.jpg,1785599895451550208,9.81,,,0,0,0.0,,0,96.288
71221,00071221.jpg,1785599895485008128,9.81,,,0,0,0.0,,0,96.288
71222,00071222.jpg,1785599895518671616,9.81,,,0,0,0.0,,0,96.288
71223,00071223.jpg,1785599895552302592,9.81,,,0,0,0.0,,0,96.288
71224,00071224.jpg,1785599895585632000,9.81,,,0,0,0.0,,0,96.289
71225,00071225.jpg,1785599895619480064,9.81,,,0,0,0.0,,0,96.289
71226,00071226.jpg,1785599895651390976,9.81,,,0,0,0.0,,0,96.289
71227,00071227.jpg,1785599895684589568,9.81,,,0,0,0.0,,0,96.289
71228,00071228.jpg,1785599895718625280,9.81,,,0,0,0.0,,0,96.289
71229,00071229.jpg,1785599895752295424,9.81,,,0,0,0.0,,0,96.289
71230,00071230.jpg,1785599895785562624,9.81,,,0,0,0.0,,0,96.29
71231,00071231.jpg,1785599895819045376,9.81,,,0,0,0.0,,0,96.29
71232,00071232.jpg,1785599895852671488,9.81,,,0,0,0.0,,0,96.29
71233,00071233.jpg,1785599895885374976,9.81,,,0,0,0.0,,0,96.29
71234,00071234.jpg,1785599895918929920,9.81,,,0,0,0.0,,0,96.29
71235,00071235.jpg,1785599895952722688,9.81,,,0,0,0.0,,0,96.291
71236,00071236.jpg,1785599895985470208,9.81,,,0,0,0.0,,0,96.291
71237,00071237.jpg,1785599896018886912,9.81,,,0,0,0.0,,0,96.291
71238,00071238.jpg,1785599896051751680,9.81,,,0,0,0.0,,0,96.291
71239,00071239.jpg,1785599896085247744,9.81,,,0,0,0.0,,0,96.291
71240,00071240.jpg,1785599896119328768,9.81,,,0,0,0.0,,0,96.291
71241,00071241.jpg,1785599896152698880,9.81,,,0,0,0.0,,0,96.292
71242,00071242.jpg,1785599896185679872,9.81,,,0,0,0.0,,0,96.292
71243,00071243.jpg,1785599896218417920,9.81,,,0,0,0.0,,0,96.292
71244,00071244.jpg,1785599896251817984,9.81,,,0,0,0.0,,0,96.292
71245,00071245.jpg,1785599896285425664,9.81,,,0,0,0.0,,0,96.292
71246,00071246.jpg,1785599896319020544,9.81,,,0,0,0.0,,0,96.292
71247,00071247.jpg,1785599896352126720,9.81,,,0,0,0.0,,0,96.293
71248,00071248.jpg,1785599896386201088,9.81,,,0,0,0.0,,0,96.293
71249,00071249.jpg,1785599896418836992,9.81,,,0,0,0.0,,0,96.293
71250,00071250.jpg,1785599896451394048,9.81,,,0,0,0.0,,0,96.293
71251,00071251.jpg,1785599896484800000,9.81,,,0,0,0.0,,0,96.293
71252,00071252.jpg,1785599896519028224,9.81,,,0,0,0.0,,0,96.293
71253,00071253.jpg,1785599896552838912,9.81,,,0,0,0.0,,0,96.294
71254,00071254.jpg,1785599896584900608,9.81,,,0,0,0.0,,0,96.294
71255,00071255.jpg,1785599896617963008,9.81,,,0,0,0.0,,0,96.294
71256,00071256.jpg,1785599896653297664,9.81,,,0,0,0.0,,0,96.294
71257,00071257.jpg,1785599896684524800,9.81,,,0,0,0.0,,0,96.294
71258,00071258.jpg,1785599896717571584,9.81,,,0,0,0.0,,0,96.294
71259,00071259.jpg,1785599896752005120,9.81,,,0,0,0.0,,0,96.295
71260,00071260.jpg,1785599896786368512,9.81,,,0,0,0.0,,0,96.295
71261,00071261.jpg,1785599896819249152,9.81,,,0,0,0.0,,0,96.295
71262,00071262.jpg,1785599896852307200,9.81,,,0,0,0.0,,0,96.295
71263,00071263.jpg,1785599896885129216,9.81,,,0,0,0.0,,0,96.295
71264,00071264.jpg,1785599896918537472,9.81,,,0,0,0.0,,0,96.296
71265,00071265.jpg,1785599896951478784,9.81,,,0,0,0.0,,0,96.296
71266,00071266.jpg,1785599896984675584,9.81,,,0,0,0.0,,0,96.296
71267,00071267.jpg,1785599897017626880,9.81,,,0,0,0.0,,0,96.296
71268,00071268.jpg,1785599897053240320,9.81,,,0,0,0.0,,0,96.296
71269,00071269.jpg,1785599897085189376,9.81,,,0,0,0.0,,0,96.296
71270,00071270.jpg,1785599897119819520,9.81,,,0,0,0.0,,0,96.297
71271,00071271.jpg,1785599897151642368,9.81,,,0,0,0.0,,0,96.297
71272,00071272.jpg,1785599897185466624,9.81,,,0,0,0.0,,0,96.297
71273,00071273.jpg,1785599897218616320,9.81,,,0,0,0.0,,0,96.297
71274,00071274.jpg,1785599897252381184,9.81,,,0,0,0.0,,0,96.297
71275,00071275.jpg,1785599897285485568,9.81,,,0,0,0.0,,0,96.297
71276,00071276.jpg,1785599897317819392,9.81,,,0,0,0.0,,0,96.298
71277,00071277.jpg,1785599897351468544,9.81,,,0,0,0.0,,0,96.298
71278,00071278.jpg,1785599897385100800,9.81,,,0,0,0.0,,0,96.298
71279,00071279.jpg,1785599897418016512,9.81,,,0,0,0.0,,0,96.298
71280,00071280.jpg,1785599897451596544,9.81,,,0,0,0.0,,0,96.298
71281,00071281.jpg,1785599897485280512,9.81,,,0,0,0.0,,0,96.298
71282,00071282.jpg,1785599897518868736,9.81,,,0,0,0.0,,0,96.299
71283,00071283.jpg,1785599897550987776,9.81,,,0,0,0.0,,0,96.299
71284,00071284.jpg,1785599897584461312,9.81,,,0,0,0.0,,0,96.299
71285,00071285.jpg,1785599897617898240,9.81,,,0,0,0.0,,0,96.299
71286,00071286.jpg,1785599897652132608,9.81,,,0,0,0.0,,0,96.299
71287,00071287.jpg,1785599897686046208,9.81,,,0,0,0.0,,0,96.299
71288,00071288.jpg,1785599897718677248,9.81,,,0,0,0.0,,0,96.3
71289,00071289.jpg,1785599897751651584,9.81,,,0,0,0.0,,0,96.3
71290,00071290.jpg,1785599897784550656,9.81,,,0,0,0.0,,0,96.3
71291,00071291.jpg,1785599897818249216,9.81,,,0,0,0.0,,0,96.3
71292,00071292.jpg,1785599897852313600,9.81,,,0,0,0.0,,0,96.3
71293,00071293.jpg,1785599897884626944,9.81,,,0,0,0.0,,0,96.301
71294,00071294.jpg,1785599897918640128,9.81,,,0,0,0.0,,0,96.301
71295,00071295.jpg,1785599897952375808,9.81,,,0,0,0.0,,0,96.301
71296,00071296.jpg,1785599897984789760,9.81,,,0,0,0.0,,0,96.301
71297,00071297.jpg,1785599898018325248,9.81,,,0,0,0.0,,0,96.301
71298,00071298.jpg,1785599898051390720,9.81,,,0,0,0.0,,0,96.301
71299,00071299.jpg,1785599898084571904,9.81,,,0,0,0.0,,0,96.302
71300,00071300.jpg,1785599898117836032,9.81,,,0,0,0.0,,0,96.302
71301,00071301.jpg,1785599898151448576,9.81,,,0,0,0.0,,0,96.302
71302,00071302.jpg,1785599898185232640,9.81,,,0,0,0.0,,0,96.302
71303,00071303.jpg,1785599898217938688,9.81,,,0,0,0.0,,0,96.302
71304,00071304.jpg,1785599898252453888,9.81,,,0,0,0.0,,0,96.302
71305,00071305.jpg,1785599898285320704,9.81,,,0,0,0.0,,0,96.303
71306,00071306.jpg,1785599898318360320,9.81,,,0,0,0.0,,0,96.303
71307,00071307.jpg,1785599898351112704,9.81,,,0,0,0.0,,0,96.303
71308,00071308.jpg,1785599898385379328,9.81,,,0,0,0.0,,0,96.303
71309,00071309.jpg,1785599898418506240,9.81,,,0,0,0.0,,0,96.303
71310,00071310.jpg,1785599898452301312,9.81,,,0,0,0.0,,0,96.303
71311,00071311.jpg,1785599898485647616,9.81,,,0,0,0.0,,0,96.304
71312,00071312.jpg,1785599898518927104,9.81,,,0,0,0.0,,0,96.304
71313,00071313.jpg,1785599898551573760,9.81,,,0,0,0.0,,0,96.304
71314,00071314.jpg,1785599898585642752,9.81,,,0,0,0.0,,0,96.304
71315,00071315.jpg,1785599898619162624,9.81,,,0,0,0.0,,0,96.304
71316,00071316.jpg,1785599898651368192,9.81,,,0,0,0.0,,0,96.304
71317,00071317.jpg,1785599898685744128,9.81,,,0,0,0.0,,0,96.305
71318,00071318.jpg,1785599898717448960,9.81,,,0,0,0.0,,0,96.305
71319,00071319.jpg,1785599898751559424,9.81,,,0,0,0.0,,0,96.305
71320,00071320.jpg,1785599898784804096,9.81,,,0,0,0.0,,0,96.305
71321,00071321.jpg,1785599898817625600,9.81,,,0,0,0.0,,0,96.305
71322,00071322.jpg,1785599898852340736,9.81,,,0,0,0.0,,0,96.306
71323,00071323.jpg,1785599898885484288,9.81,,,0,0,0.0,,0,96.306
71324,00071324.jpg,1785599898918663168,9.81,,,0,0,0.0,,0,96.306
71325,00071325.jpg,1785599898952044032,9.81,,,0,0,0.0,,0,96.306
71326,00071326.jpg,1785599898985013504,9.81,,,0,0,0.0,,0,96.306
71327,00071327.jpg,1785599899018601216,9.81,,,0,0,0.0,,0,96.306
71328,00071328.jpg,1785599899052552704,9.81,,,0,0,0.0,,0,96.307
71329,00071329.jpg,1785599899084410112,9.81,,,0,0,0.0,,0,96.307
71330,00071330.jpg,1785599899117607936,9.81,,,0,0,0.0,,0,96.307
71331,00071331.jpg,1785599899152472832,9.81,,,0,0,0.0,,0,96.307
71332,00071332.jpg,1785599899185142784,9.81,,,0,0,0.0,,0,96.307
71333,00071333.jpg,1785599899218606592,9.81,,,0,0,0.0,,0,96.307
71334,00071334.jpg,1785599899252221440,9.81,,,0,0,0.0,,0,96.308
71335,00071335.jpg,1785599899285527808,9.81,,,0,0,0.0,,0,96.308
71336,00071336.jpg,1785599899318135808,9.81,,,0,0,0.0,,0,96.308
71337,00071337.jpg,1785599899352199680,9.81,,,0,0,0.0,,0,96.308
71338,00071338.jpg,1785599899384799744,9.81,,,0,0,0.0,,0,96.308
71339,00071339.jpg,1785599899418908416,9.81,,,0,0,0.0,,0,96.309
71340,00071340.jpg,1785599899452262144,9.81,,,0,0,0.0,,0,96.309
71341,00071341.jpg,1785599899484169728,9.81,,,0,0,0.0,,0,96.309
71342,00071342.jpg,1785599899517897216,9.81,,,0,0,0.0,,0,96.309
71343,00071343.jpg,1785599899551642112,9.81,,,0,0,0.0,,0,96.309
71344,00071344.jpg,1785599899586192896,9.81,,,0,0,0.0,,0,96.309
71345,00071345.jpg,1785599899618454016,9.81,,,0,0,0.0,,0,96.31
71346,00071346.jpg,1785599899651582464,9.81,,,0,0,0.0,,0,96.31
71347,00071347.jpg,1785599899684856320,9.81,,,0,0,0.0,,0,96.31
71348,00071348.jpg,1785599899718705152,9.81,,,0,0,0.0,,0,96.31
71349,00071349.jpg,1785599899752318208,9.81,,,0,0,0.0,,0,96.31
71350,00071350.jpg,1785599899785140992,9.81,,,0,0,0.0,,0,96.31
71351,00071351.jpg,1785599899818312448,9.81,,,0,0,0.0,,0,96.311
71352,00071352.jpg,1785599899851617024,9.81,,,0,0,0.0,,0,96.311
71353,00071353.jpg,1785599899885264640,9.81,,,0,0,0.0,,0,96.311
71354,00071354.jpg,1785599899918750208,9.81,,,0,0,0.0,,0,96.311
71355,00071355.jpg,1785599899951599360,9.81,,,0,0,0.0,,0,96.311
71356,00071356.jpg,1785599899985491712,9.81,,,0,0,0.0,,0,96.311
71357,00071357.jpg,1785599900018490880,9.81,,,0,0,0.0,,0,96.312
71358,00071358.jpg,1785599900051979008,9.81,,,0,0,0.0,,0,96.312
71359,00071359.jpg,1785599900084599040,9.81,,,0,0,0.0,,0,96.312
71360,00071360.jpg,1785599900118520576,9.81,,,0,0,0.0,,0,96.312
71361,00071361.jpg,1785599900152353024,9.81,,,0,0,0.0,,0,96.312
71362,00071362.jpg,1785599900185891328,9.81,,,0,0,0.0,,0,96.313
71363,00071363.jpg,1785599900219252480,9.81,,,0,0,0.0,,0,96.313
71364,00071364.jpg,1785599900251383808,9.81,,,0,0,0.0,,0,96.313
71365,00071365.jpg,1785599900285478400,9.81,,,0,0,0.0,,0,96.313
71366,00071366.jpg,1785599900317716224,9.81,,,0,0,0.0,,0,96.313
71367,00071367.jpg,1785599900352123648,9.81,,,0,0,0.0,,0,96.313
71368,00071368.jpg,1785599900385262592,9.81,,,0,0,0.0,,0,96.314
71369,00071369.jpg,1785599900418024960,9.81,,,0,0,0.0,,0,96.314
71370,00071370.jpg,1785599900452320512,9.81,,,0,0,0.0,,0,96.314
71371,00071371.jpg,1785599900485805568,9.81,,,0,0,0.0,,0,96.314
71372,00071372.jpg,1785599900518733824,9.81,,,0,0,0.0,,0,96.314
71373,00071373.jpg,1785599900552755200,9.81,,,0,0,0.0,,0,96.314
71374,00071374.jpg,1785599900584417024,9.81,,,0,0,0.0,,0,96.315
71375,00071375.jpg,1785599900618353408,9.81,,,0,0,0.0,,0,96.315
71376,00071376.jpg,1785599900651554816,9.81,,,0,0,0.0,,0,96.315
71377,00071377.jpg,1785599900685383424,9.81,,,0,0,0.0,,0,96.315
71378,00071378.jpg,1785599900718315008,9.81,,,0,0,0.0,,0,96.315
71379,00071379.jpg,1785599900752401408,9.81,,,0,0,0.0,,0,96.315
71380,00071380.jpg,1785599900785245952,9.81,,,0,0,0.0,,0,96.316
71381,00071381.jpg,1785599900817347328,9.81,,,0,0,0.0,,0,96.316
71382,00071382.jpg,1785599900851901184,9.81,,,0,0,0.0,,0,96.316
71383,00071383.jpg,1785599900885695488,9.81,,,0,0,0.0,,0,96.316
71384,00071384.jpg,1785599900918350592,9.81,,,0,0,0.0,,0,96.316
71385,00071385.jpg,1785599900951538688,9.81,,,0,0,0.0,,0,96.316
71386,00071386.jpg,1785599900985188096,9.81,,,0,0,0.0,,0,96.317
71387,00071387.jpg,1785599901018976512,9.81,,,0,0,0.0,,0,96.317
71388,00071388.jpg,1785599901053173504,9.81,,,0,0,0.0,,0,96.317
71389,00071389.jpg,1785599901085877248,9.81,,,0,0,0.0,,0,96.317
71390,00071390.jpg,1785599901118158336,9.81,,,0,0,0.0,,0,96.317
71391,00071391.jpg,1785599901151794176,9.81,,,0,0,0.0,,0,96.318
71392,00071392.jpg,1785599901185550848,9.81,,,0,0,0.0,,0,96.318
71393,00071393.jpg,1785599901219208448,9.81,,,0,0,0.0,,0,96.318
71394,00071394.jpg,1785599901251572224,9.81,,,0,0,0.0,,0,96.318
71395,00071395.jpg,1785599901285600768,9.81,,,0,0,0.0,,0,96.318
71396,00071396.jpg,1785599901319284992,9.81,,,0,0,0.0,,0,96.318
71397,00071397.jpg,1785599901351183872,9.81,,,0,0,0.0,,0,96.319
71398,00071398.jpg,1785599901384574976,9.81,,,0,0,0.0,,0,96.319
71399,00071399.jpg,1785599901418641152,9.81,,,0,0,0.0,,0,96.319
71400,00071400.jpg,1785599901451214080,9.81,,,0,0,0.0,,0,96.319
71401,00071401.jpg,1785599901484274176,9.81,,,0,0,0.0,,0,96.319
71402,00071402.jpg,1785599901517443584,9.81,,,0,0,0.0,,0,96.319
71403,00071403.jpg,1785599901553301760,9.81,,,0,0,0.0,,0,96.32
71404,00071404.jpg,1785599901585348608,9.81,,,0,0,0.0,,0,96.32
71405,00071405.jpg,1785599901619147264,9.81,,,0,0,0.0,,0,96.32
71406,00071406.jpg,1785599901651309824,9.81,,,0,0,0.0,,0,96.32
71407,00071407.jpg,1785599901685053184,9.81,,,0,0,0.0,,0,96.32
71408,00071408.jpg,1785599901717549824,9.81,,,0,0,0.0,,0,96.321
71409,00071409.jpg,1785599901751326464,9.81,,,0,0,0.0,,0,96.321
71410,00071410.jpg,1785599901785497088,9.81,,,0,0,0.0,,0,96.321
71411,00071411.jpg,1785599901817749504,9.81,,,0,0,0.0,,0,96.321
71412,00071412.jpg,1785599901851290112,9.81,,,0,0,0.0,,0,96.321
71413,00071413.jpg,1785599901884623616,9.81,,,0,0,0.0,,0,96.321
71414,00071414.jpg,1785599901918307584,9.81,,,0,0,0.0,,0,96.322
71415,00071415.jpg,1785599901951382784,9.81,,,0,0,0.0,,0,96.322
71416,00071416.jpg,1785599901984628736,9.81,,,0,0,0.0,,0,96.322
71417,00071417.jpg,1785599902018424832,9.81,,,0,0,0.0,,0,96.322
71418,00071418.jpg,1785599902052335104,9.81,,,0,0,0.0,,0,96.322
71419,00071419.jpg,1785599902085490688,9.81,,,0,0,0.0,,0,96.322
71420,00071420.jpg,1785599902117833472,9.81,,,0,0,0.0,,0,96.323
71421,00071421.jpg,1785599902152258560,9.81,,,0,0,0.0,,0,96.323
71422,00071422.jpg,1785599902185121792,9.81,,,0,0,0.0,,0,96.323
71423,00071423.jpg,1785599902219031808,9.81,,,0,0,0.0,,0,96.323
71424,00071424.jpg,1785599902250814976,9.81,,,0,0,0.0,,0,96.323
71425,00071425.jpg,1785599902286317568,9.81,,,0,0,0.0,,0,96.324
71426,00071426.jpg,1785599902317698304,9.81,,,0,0,0.0,,0,96.324
71427,00071427.jpg,1785599902350763520,9.81,,,0,0,0.0,,0,96.324
71428,00071428.jpg,1785599902384401664,9.81,,,0,0,0.0,,0,96.324
71429,00071429.jpg,1785599902418725888,9.81,,,0,0,0.0,,0,96.324
71430,00071430.jpg,1785599902452527872,9.81,,,0,0,0.0,,0,96.324
71431,00071431.jpg,1785599902485694976,9.81,,,0,0,0.0,,0,96.325
71432,00071432.jpg,1785599902519041536,9.81,,,0,0,0.0,,0,96.325
71433,00071433.jpg,1785599902551435008,9.81,,,0,0,0.0,,0,96.325
71434,00071434.jpg,1785599902584511488,9.81,,,0,0,0.0,,0,96.325
71435,00071435.jpg,1785599902617513472,9.81,,,0,0,0.0,,0,96.325
71436,00071436.jpg,1785599902651416064,9.81,,,0,0,0.0,,0,96.325
71437,00071437.jpg,1785599902685768192,9.81,,,0,0,0.0,,0,96.326
71438,00071438.jpg,1785599902717957888,9.81,,,0,0,0.0,,0,96.326
71439,00071439.jpg,1785599902751608320,9.81,,,0,0,0.0,,0,96.326
71440,00071440.jpg,1785599902785889024,9.81,,,0,0,0.0,,0,96.326
71441,00071441.jpg,1785599902817824256,9.81,,,0,0,0.0,,0,96.326
71442,00071442.jpg,1785599902851487744,9.81,,,0,0,0.0,,0,96.326
71443,00071443.jpg,1785599902885190144,9.81,,,0,0,0.0,,0,96.327
71444,00071444.jpg,1785599902918722048,9.81,,,0,0,0.0,,0,96.327
71445,00071445.jpg,1785599902950670080,9.81,,,0,0,0.0,,0,96.327
71446,00071446.jpg,1785599902984044288,9.81,,,0,0,0.0,,0,96.327
71447,00071447.jpg,1785599903017615616,9.81,,,0,0,0.0,,0,96.327
71448,00071448.jpg,1785599903051579904,9.81,,,0,0,0.0,,0,96.328
71449,00071449.jpg,1785599903085240320,9.81,,,0,0,0.0,,0,96.328
71450,00071450.jpg,1785599903118798080,9.81,,,0,0,0.0,,0,96.328
71451,00071451.jpg,1785599903151891456,9.81,,,0,0,0.0,,0,96.328
71452,00071452.jpg,1785599903185357056,9.81,,,0,0,0.0,,0,96.328
71453,00071453.jpg,1785599903217443584,9.81,,,0,0,0.0,,0,96.328
71454,00071454.jpg,1785599903251019520,9.81,,,0,0,0.0,,0,96.329
71455,00071455.jpg,1785599903285226496,9.81,,,0,0,0.0,,0,96.329
71456,00071456.jpg,1785599903318613760,9.81,,,0,0,0.0,,0,96.329
71457,00071457.jpg,1785599903352336896,9.81,,,0,0,0.0,,0,96.329
71458,00071458.jpg,1785599903385335552,9.81,,,0,0,0.0,,0,96.329
71459,00071459.jpg,1785599903417636864,9.81,,,0,0,0.0,,0,96.329
71460,00071460.jpg,1785599903451924736,9.81,,,0,0,0.0,,0,96.33
71461,00071461.jpg,1785599903484552960,9.81,,,0,0,0.0,,0,96.33
71462,00071462.jpg,1785599903519013888,9.81,,,0,0,0.0,,0,96.33
71463,00071463.jpg,1785599903550656512,9.81,,,0,0,0.0,,0,96.33
71464,00071464.jpg,1785599903586164736,9.81,,,0,0,0.0,,0,96.33
71465,00071465.jpg,1785599903617817600,9.81,,,0,0,0.0,,0,96.331
71466,00071466.jpg,1785599903651289600,9.81,,,0,0,0.0,,0,96.331
71467,00071467.jpg,1785599903684228096,9.81,,,0,0,0.0,,0,96.331
71468,00071468.jpg,1785599903717849344,9.81,,,0,0,0.0,,0,96.331
71469,00071469.jpg,1785599903751306240,9.81,,,0,0,0.0,,0,96.331
71470,00071470.jpg,1785599903785907200,9.81,,,0,0,0.0,,0,96.331
71471,00071471.jpg,1785599903818411520,9.81,,,0,0,0.0,,0,96.332
71472,00071472.jpg,1785599903852128000,9.81,,,0,0,0.0,,0,96.332
71473,00071473.jpg,1785599903885666304,9.81,,,0,0,0.0,,0,96.332
71474,00071474.jpg,1785599903917350656,9.81,,,0,0,0.0,,0,96.332
71475,00071475.jpg,1785599903952460544,9.81,,,0,0,0.0,,0,96.332
71476,00071476.jpg,1785599903985080576,9.81,,,0,0,0.0,,0,96.332
71477,00071477.jpg,1785599904017854976,9.81,,,0,0,0.0,,0,96.333
71478,00071478.jpg,1785599904051035904,9.81,,,0,0,0.0,,0,96.333
71479,00071479.jpg,1785599904085314304,9.81,,,0,0,0.0,,0,96.333
71480,00071480.jpg,1785599904118204416,9.81,,,0,0,0.0,,0,96.333
71481,00071481.jpg,1785599904150855424,9.81,,,0,0,0.0,,0,96.333
71482,00071482.jpg,1785599904185342976,9.81,,,0,0,0.0,,0,96.334
71483,00071483.jpg,1785599904218896384,9.81,,,0,0,0.0,,0,96.334
71484,00071484.jpg,1785599904251584768,9.81,,,0,0,0.0,,0,96.334
71485,00071485.jpg,1785599904285037824,9.81,,,0,0,0.0,,0,96.334
71486,00071486.jpg,1785599904317573376,9.81,,,0,0,0.0,,0,96.334
71487,00071487.jpg,1785599904351429888,9.81,,,0,0,0.0,,0,96.334
71488,00071488.jpg,1785599904384615168,9.81,,,0,0,0.0,,0,96.335
71489,00071489.jpg,1785599904418705920,9.81,,,0,0,0.0,,0,96.335
71490,00071490.jpg,1785599904451629056,9.81,,,0,0,0.0,,0,96.335
71491,00071491.jpg,1785599904485812224,9.81,,,0,0,0.0,,0,96.335
71492,00071492.jpg,1785599904518432256,9.81,,,0,0,0.0,,0,96.335
71493,00071493.jpg,1785599904551105792,9.81,,,0,0,0.0,,0,96.336
71494,00071494.jpg,1785599904584976128,9.81,,,0,0,0.0,,0,96.336
71495,00071495.jpg,1785599904618498304,9.81,,,0,0,0.0,,0,96.336
71496,00071496.jpg,1785599904651524608,9.81,,,0,0,0.0,,0,96.336
71497,00071497.jpg,1785599904684306176,9.81,,,0,0,0.0,,0,96.336
71498,00071498.jpg,1785599904718411776,9.81,,,0,0,0.0,,0,96.336
71499,00071499.jpg,1785599904751080960,9.81,,,0,0,0.0,,0,96.337
71500,00071500.jpg,1785599904784054016,9.81,,,0,0,0.0,,0,96.337
71501,00071501.jpg,1785599904819004928,9.81,,,0,0,0.0,,0,96.337
71502,00071502.jpg,1785599904852340736,9.81,,,0,0,0.0,,0,96.337
71503,00071503.jpg,1785599904885447424,9.81,,,0,0,0.0,,0,96.337
71504,00071504.jpg,1785599904918495744,9.81,,,0,0,0.0,,0,96.337
71505,00071505.jpg,1785599904951092480,9.81,,,0,0,0.0,,0,96.338
71506,00071506.jpg,1785599904985433600,9.81,,,0,0,0.0,,0,96.338
71507,00071507.jpg,1785599905017616384,9.81,,,0,0,0.0,,0,96.338
71508,00071508.jpg,1785599905050925568,9.81,,,0,0,0.0,,0,96.338
71509,00071509.jpg,1785599905084299520,9.81,,,0,0,0.0,,0,96.338
71510,00071510.jpg,1785599905117618944,9.81,,,0,0,0.0,,0,96.339
71511,00071511.jpg,1785599905150959104,9.81,,,0,0,0.0,,0,96.339
71512,00071512.jpg,1785599905184898048,9.81,,,0,0,0.0,,0,96.339
71513,00071513.jpg,1785599905218069760,9.81,,,0,0,0.0,,0,96.339
71514,00071514.jpg,1785599905251467008,9.81,,,0,0,0.0,,0,96.339
71515,00071515.jpg,1785599905285378816,9.81,,,0,0,0.0,,0,96.339
71516,00071516.jpg,1785599905317638656,9.81,,,0,0,0.0,,0,96.34
71517,00071517.jpg,1785599905351709952,9.81,,,0,0,0.0,,0,96.34
71518,00071518.jpg,1785599905384518656,9.81,,,0,0,0.0,,0,96.34
71519,00071519.jpg,1785599905418452224,9.81,,,0,0,0.0,,0,96.34
71520,00071520.jpg,1785599905450914560,9.81,,,0,0,0.0,,0,96.34
71521,00071521.jpg,1785599905483896320,9.81,,,0,0,0.0,,0,96.34
71522,00071522.jpg,1785599905518061312,9.81,,,0,0,0.0,,0,96.341
71523,00071523.jpg,1785599905551364608,9.81,,,0,0,0.0,,0,96.341
71524,00071524.jpg,1785599905585612288,9.81,,,0,0,0.0,,0,96.341
71525,00071525.jpg,1785599905618115072,9.81,,,0,0,0.0,,0,96.341
71526,00071526.jpg,1785599905652123904,9.81,,,0,0,0.0,,0,96.341
71527,00071527.jpg,1785599905684027648,9.81,,,0,0,0.0,,0,96.342
71528,00071528.jpg,1785599905718416640,9.81,,,0,0,0.0,,0,96.342
71529,00071529.jpg,1785599905752116736,9.81,,,0,0,0.0,,0,96.342
71530,00071530.jpg,1785599905783879424,9.81,,,0,0,0.0,,0,96.342
71531,00071531.jpg,1785599905817509376,9.81,,,0,0,0.0,,0,96.342
71532,00071532.jpg,1785599905850955264,9.81,,,0,0,0.0,,0,96.342
71533,00071533.jpg,1785599905884354560,9.81,,,0,0,0.0,,0,96.343
71534,00071534.jpg,1785599905918916608,9.81,,,0,0,0.0,,0,96.343
71535,00071535.jpg,1785599905951085312,9.81,,,0,0,0.0,,0,96.343
71536,00071536.jpg,1785599905985180416,9.81,,,0,0,0.0,,0,96.343
71537,00071537.jpg,1785599906017269504,9.81,,,0,0,0.0,,0,96.343
71538,00071538.jpg,1785599906051357184,9.81,,,0,0,0.0,,0,96.343
71539,00071539.jpg,1785599906084040704,9.81,,,0,0,0.0,,0,96.344
71540,00071540.jpg,1785599906117646592,9.81,,,0,0,0.0,,0,96.344
71541,00071541.jpg,1785599906151552256,9.81,,,0,0,0.0,,0,96.344
71542,00071542.jpg,1785599906186040064,9.81,,,0,0,0.0,,0,96.344
71543,00071543.jpg,1785599906218618880,9.81,,,0,0,0.0,,0,96.344
71544,00071544.jpg,1785599906251465728,9.81,,,0,0,0.0,,0,96.345
71545,00071545.jpg,1785599906284300800,9.81,,,0,0,0.0,,0,96.345
71546,00071546.jpg,1785599906318274048,9.81,,,0,0,0.0,,0,96.345
71547,00071547.jpg,1785599906350936576,9.81,,,0,0,0.0,,0,96.345
71548,00071548.jpg,1785599906385056000,9.81,,,0,0,0.0,,0,96.345
71549,00071549.jpg,1785599906417617664,9.81,,,0,0,0.0,,0,96.345
71550,00071550.jpg,1785599906451934720,9.81,,,0,0,0.0,,0,96.346
71551,00071551.jpg,1785599906484844032,9.81,,,0,0,0.0,,0,96.346
71552,00071552.jpg,1785599906518091776,9.81,,,0,0,0.0,,0,96.346
71553,00071553.jpg,1785599906552449792,9.81,,,0,0,0.0,,0,96.346
71554,00071554.jpg,1785599906585695232,9.81,,,0,0,0.0,,0,96.346
71555,00071555.jpg,1785599906617449728,9.81,,,0,0,0.0,,0,96.346
71556,00071556.jpg,1785599906651260160,9.81,,,0,0,0.0,,0,96.347
71557,00071557.jpg,1785599906684256000,9.81,,,0,0,0.0,,0,96.347
71558,00071558.jpg,1785599906718267904,9.81,,,0,0,0.0,,0,96.347
71559,00071559.jpg,1785599906750880768,9.81,,,0,0,0.0,,0,96.347
71560,00071560.jpg,1785599906784155904,9.81,,,0,0,0.0,,0,96.347
71561,00071561.jpg,1785599906817574656,9.81,,,0,0,0.0,,0,96.348
71562,00071562.jpg,1785599906851120640,9.81,,,0,0,0.0,,0,96.348
71563,00071563.jpg,1785599906885176320,9.81,,,0,0,0.0,,0,96.348
71564,00071564.jpg,1785599906917392896,9.81,,,0,0,0.0,,0,96.348
71565,00071565.jpg,1785599906952281856,9.81,,,0,0,0.0,,0,96.348
71566,00071566.jpg,1785599906985433088,9.81,,,0,0,0.0,,0,96.348
71567,00071567.jpg,1785599907018404608,9.81,,,0,0,0.0,,0,96.349
71568,00071568.jpg,1785599907052373504,9.81,,,0,0,0.0,,0,96.349
71569,00071569.jpg,1785599907084665600,9.81,,,0,0,0.0,,0,96.349
71570,00071570.jpg,1785599907117583104,9.81,,,0,0,0.0,,0,96.349
71571,00071571.jpg,1785599907151948032,9.81,,,0,0,0.0,,0,96.349
71572,00071572.jpg,1785599907185009664,9.81,,,0,0,0.0,,0,96.349
71573,00071573.jpg,1785599907218625024,9.81,,,0,0,0.0,,0,96.35
71574,00071574.jpg,1785599907252340224,9.81,,,0,0,0.0,,0,96.35
71575,00071575.jpg,1785599907285148672,9.81,,,0,0,0.0,,0,96.35
71576,00071576.jpg,1785599907317726208,9.81,,,0,0,0.0,,0,96.35
71577,00071577.jpg,1785599907351356928,9.81,,,0,0,0.0,,0,96.35
71578,00071578.jpg,1785599907384386816,9.81,,,0,0,0.0,,0,96.351
71579,00071579.jpg,1785599907417629952,9.81,,,0,0,0.0,,0,96.351
71580,00071580.jpg,1785599907451701504,9.81,,,0,0,0.0,,0,96.351
71581,00071581.jpg,1785599907484674560,9.81,,,0,0,0.0,,0,96.351
71582,00071582.jpg,1785599907517196032,9.81,,,0,0,0.0,,0,96.351
71583,00071583.jpg,1785599907552057856,9.81,,,0,0,0.0,,0,96.351
71584,00071584.jpg,1785599907583993856,9.81,,,0,0,0.0,,0,96.352
71585,00071585.jpg,1785599907617380352,9.81,,,0,0,0.0,,0,96.352
71586,00071586.jpg,1785599907651295232,9.81,,,0,0,0.0,,0,96.352
71587,00071587.jpg,1785599907684165888,9.81,,,0,0,0.0,,0,96.352
71588,00071588.jpg,1785599907718496256,9.81,,,0,0,0.0,,0,96.352
71589,00071589.jpg,1785599907751958016,9.81,,,0,0,0.0,,0,96.352
71590,00071590.jpg,1785599907785159936,9.81,,,0,0,0.0,,0,96.353
71591,00071591.jpg,1785599907817884672,9.81,,,0,0,0.0,,0,96.353
71592,00071592.jpg,1785599907851449856,9.81,,,0,0,0.0,,0,96.353
71593,00071593.jpg,1785599907884506112,9.81,,,0,0,0.0,,0,96.353
71594,00071594.jpg,1785599907918973952,9.81,,,0,0,0.0,,0,96.353
71595,00071595.jpg,1785599907951953920,9.81,,,0,0,0.0,,0,96.354
71596,00071596.jpg,1785599907984137216,9.81,,,0,0,0.0,,0,96.354
71597,00071597.jpg,1785599908017778176,9.81,,,0,0,0.0,,0,96.354
71598,00071598.jpg,1785599908051742464,9.81,,,0,0,0.0,,0,96.354
71599,00071599.jpg,1785599908085329920,9.81,,,0,0,0.0,,0,96.354
71600,00071600.jpg,1785599908118117888,9.81,,,0,0,0.0,,0,96.354
71601,00071601.jpg,1785599908152726528,9.81,,,0,0,0.0,,0,96.355
71602,00071602.jpg,1785599908184463616,9.81,,,0,0,0.0,,0,96.355
71603,00071603.jpg,1785599908217870080,9.81,,,0,0,0.0,,0,96.355
71604,00071604.jpg,1785599908251350784,9.81,,,0,0,0.0,,0,96.355
71605,00071605.jpg,1785599908284099072,9.81,,,0,0,0.0,,0,96.355
71606,00071606.jpg,1785599908317600768,9.81,,,0,0,0.0,,0,96.355
71607,00071607.jpg,1785599908351461376,9.81,,,0,0,0.0,,0,96.356
71608,00071608.jpg,1785599908384466176,9.81,,,0,0,0.0,,0,96.356
71609,00071609.jpg,1785599908417294592,9.81,,,0,0,0.0,,0,96.356
71610,00071610.jpg,1785599908451378944,9.81,,,0,0,0.0,,0,96.356
71611,00071611.jpg,1785599908484069120,9.81,,,0,0,0.0,,0,96.356
71612,00071612.jpg,1785599908517521920,9.81,,,0,0,0.0,,0,96.357
71613,00071613.jpg,1785599908552136704,9.81,,,0,0,0.0,,0,96.357
71614,00071614.jpg,1785599908584624384,9.81,,,0,0,0.0,,0,96.357
71615,00071615.jpg,1785599908617802496,9.81,89.595,0.405,18,82,1034.7,4.49,1,90.405
71616,00071616.jpg,1785599908651249664,9.81,89.652,0.348,23,92,1124.3,1.43,1,90.348
71617,00071617.jpg,1785599908685660672,9.81,,,0,0,0.0,,0,90.348
71618,00071618.jpg,1785599908717359104,9.778,,,0,0,0.0,,0,90.348
71619,00071619.jpg,1785599908751965952,9.778,,,0,0,0.0,,0,90.348
71620,00071620.jpg,1785599908784369408,9.778,89.603,0.397,23,97,1170.1,1.2,1,90.397
71621,00071621.jpg,1785599908817973248,9.778,89.603,0.397,23,97,1170.1,1.2,1,90.397
71622,00071622.jpg,1785599908851976448,9.778,89.603,0.397,23,97,1170.1,1.2,1,90.397
71623,00071623.jpg,1785599908884589312,9.815,89.604,0.396,24,102,1205.5,1.19,1,90.396
71624,00071624.jpg,1785599908917395200,9.816,89.605,0.395,23,97,1170.6,1.17,1,90.395
71625,00071625.jpg,1785599908951777536,9.816,89.608,0.392,23,97,1171.0,1.15,1,90.392
71626,00071626.jpg,1785599908984634112,9.81,89.613,0.387,23,97,1171.3,1.13,1,90.387
71627,00071627.jpg,1785599909017615616,9.81,89.619,0.381,23,97,1171.7,1.12,1,90.381
71628,00071628.jpg,1785599909051767040,9.81,89.625,0.375,23,97,1172.0,1.11,1,90.375
71629,00071629.jpg,1785599909084571904,9.81,89.633,0.367,23,97,1172.5,1.09,1,90.367
71630,00071630.jpg,1785599909117380096,9.81,89.639,0.361,23,97,1172.9,1.08,1,90.361
71631,00071631.jpg,1785599909151485952,9.81,89.645,0.355,23,97,1173.2,1.06,1,90.355
71632,00071632.jpg,1785599909184376064,9.81,89.65,0.35,23,97,1173.5,1.05,1,90.35
71633,00071633.jpg,1785599909217269248,9.81,89.656,0.344,23,98,1175.5,1.04,1,90.344
71634,00071634.jpg,1785599909252236800,9.81,89.661,0.339,23,97,1174.2,1.03,1,90.339
71635,00071635.jpg,1785599909283651072,9.81,89.666,0.334,23,97,1174.5,1.01,1,90.334
71636,00071636.jpg,1785599909317760512,9.81,89.671,0.329,23,97,1174.8,1.0,1,90.329
71637,00071637.jpg,1785599909351407616,9.81,89.676,0.324,23,97,1175.1,0.99,1,90.324
71638,00071638.jpg,1785599909384932864,9.81,89.681,0.319,23,97,1175.4,0.98,1,90.319
71639,00071639.jpg,1785599909418445312,9.81,89.686,0.314,23,97,1175.7,0.97,1,90.314
71640,00071640.jpg,1785599909452307200,9.81,89.691,0.309,23,97,1175.9,0.95,1,90.309
71641,00071641.jpg,1785599909485151488,9.81,89.696,0.304,23,97,1176.2,0.94,1,90.304
71642,00071642.jpg,1785599909518459904,9.81,89.7,0.3,23,97,1176.5,0.93,1,90.3
71643,00071643.jpg,1785599909551791872,9.81,89.705,0.295,23,97,1176.8,0.92,1,90.295
71644,00071644.jpg,1785599909584839168,9.81,89.709,0.291,23,97,1177.0,0.91,1,90.291
71645,00071645.jpg,1785599909617643520,9.81,89.714,0.286,23,97,1177.3,0.9,1,90.286
71646,00071646.jpg,1785599909651299328,9.81,89.718,0.282,22,97,1177.6,0.89,1,90.282
71647,00071647.jpg,1785599909684691200,9.81,89.722,0.278,23,97,1177.8,0.88,1,90.278
71648,00071648.jpg,1785599909717656576,9.81,89.726,0.274,23,97,1178.1,0.87,1,90.274
71649,00071649.jpg,1785599909751782912,9.81,89.73,0.27,24,99,1202.3,0.86,1,90.27
71650,00071650.jpg,1785599909785113856,9.81,89.734,0.266,24,99,1202.6,0.85,1,90.266
71651,00071651.jpg,1785599909818356736,9.81,89.738,0.262,23,97,1178.8,0.84,1,90.262
71652,00071652.jpg,1785599909851395328,9.81,89.742,0.258,23,97,1179.0,0.83,1,90.258
71653,00071653.jpg,1785599909884812544,9.81,89.746,0.254,23,97,1179.3,0.82,1,90.254
71654,00071654.jpg,1785599909917303808,9.81,89.75,0.25,23,97,1179.5,0.81,1,90.25
71655,00071655.jpg,1785599909951662592,9.81,89.756,0.244,23,97,1179.7,0.8,1,90.244
71656,00071656.jpg,1785599909983725568,9.81,89.774,0.226,23,97,1180.0,0.81,1,90.226
71657,00071657.jpg,1785599910017341440,9.81,89.791,0.209,23,97,1180.2,0.81,1,90.209
71658,00071658.jpg,1785599910051859712,9.81,89.794,0.206,23,97,1180.4,0.8,1,90.206
71659,00071659.jpg,1785599910084292864,9.81,89.797,0.203,23,97,1180.6,0.8,1,90.203
71660,00071660.jpg,1785599910118355712,9.81,89.771,0.229,23,97,1180.8,0.76,1,90.229
71661,00071661.jpg,1785599910152065280,9.81,89.774,0.226,23,97,1181.0,0.75,1,90.226
71662,00071662.jpg,1785599910183930880,9.81,89.777,0.223,23,97,1181.2,0.74,1,90.223
71663,00071663.jpg,1785599910217276416,9.81,89.781,0.219,23,97,1181.4,0.73,1,90.219
71664,00071664.jpg,1785599910251887872,9.81,89.784,0.216,23,97,1181.6,0.72,1,90.216
71665,00071665.jpg,1785599910284054272,9.81,89.792,0.208,23,97,1181.8,0.72,1,90.208
71666,00071666.jpg,1785599910318639872,9.81,89.803,0.197,23,97,1182.0,0.72,1,90.197
71667,00071667.jpg,1785599910351868672,9.81,89.814,0.186,23,97,1182.2,0.72,1,90.186
71668,00071668.jpg,1785599910384225536,9.81,89.822,0.178,23,97,1182.4,0.72,1,90.178
71669,00071669.jpg,1785599910417519104,9.81,89.825,0.175,23,97,1182.5,0.71,1,90.175
71670,00071670.jpg,1785599910450970368,9.81,89.827,0.173,23,97,1182.7,0.72,1,90.173
71671,00071671.jpg,1785599910483626496,9.81,89.83,0.17,23,97,1182.9,0.72,1,90.17
71672,00071672.jpg,1785599910516998400,9.81,89.832,0.168,23,97,1183.1,0.73,1,90.168
71673,00071673.jpg,1785599910551816192,9.81,89.834,0.166,23,97,1183.2,0.74,1,90.166
71674,00071674.jpg,1785599910584036608,9.81,89.841,0.159,23,97,1183.4,0.74,1,90.159
71675,00071675.jpg,1785599910617581568,9.81,89.854,0.146,23,97,1183.6,0.74,1,90.146
71676,00071676.jpg,1785599910652095488,9.81,89.867,0.133,23,97,1183.7,0.74,1,90.133
71677,00071677.jpg,1785599910684157952,9.81,89.873,0.127,23,97,1183.9,0.74,1,90.127
71678,00071678.jpg,1785599910717954560,9.81,89.875,0.125,23,97,1184.0,0.75,1,90.125
71679,00071679.jpg,1785599910751619840,9.81,89.876,0.124,23,97,1184.2,0.76,1,90.124
71680,00071680.jpg,1785599910784113920,9.81,89.878,0.122,23,97,1184.3,0.77,1,90.122
71681,00071681.jpg,1785599910817416704,9.81,89.88,0.12,22,97,1184.5,0.77,1,90.12
71682,00071682.jpg,1785599910852042240,9.81,89.881,0.119,23,97,1184.6,0.78,1,90.119
71683,00071683.jpg,1785599910884493312,9.81,89.883,0.117,23,97,1184.8,0.79,1,90.117
71684,00071684.jpg,1785599910918149632,9.81,89.885,0.115,23,97,1184.9,0.8,1,90.115
71685,00071685.jpg,1785599910951432448,9.81,89.886,0.114,23,97,1185.1,0.81,1,90.114
71686,00071686.jpg,1785599910984681472,9.81,89.888,0.112,23,97,1185.2,0.81,1,90.112
71687,00071687.jpg,1785599911018419200,9.81,89.889,0.111,23,97,1185.3,0.82,1,90.111
71688,00071688.jpg,1785599911050812160,9.81,89.891,0.109,23,97,1185.5,0.83,1,90.109
71689,00071689.jpg,1785599911084606976,9.81,89.892,0.108,23,97,1185.6,0.83,1,90.108
71690,00071690.jpg,1785599911118245888,9.81,89.894,0.106,23,97,1185.7,0.82,1,90.106
71691,00071691.jpg,1785599911150865408,9.81,89.895,0.105,23,97,1185.9,0.81,1,90.105
71692,00071692.jpg,1785599911184433408,9.81,89.896,0.104,23,97,1186.0,0.79,1,90.104
71693,00071693.jpg,1785599911218204928,9.81,89.898,0.102,23,97,1186.2,0.78,1,90.102
71694,00071694.jpg,1785599911251927808,9.81,89.9,0.1,23,97,1186.3,0.79,1,90.1
71695,00071695.jpg,1785599911284584704,9.81,89.901,0.099,23,97,1186.4,0.8,1,90.099
71696,00071696.jpg,1785599911317558016,9.81,89.902,0.098,23,97,1186.5,0.8,1,90.098
71697,00071697.jpg,1785599911352523520,9.81,89.904,0.096,23,97,1186.6,0.8,1,90.096
71698,00071698.jpg,1785599911385343744,9.81,89.905,0.095,23,97,1186.7,0.79,1,90.095
71699,00071699.jpg,1785599911418177024,9.81,89.906,0.094,23,97,1186.8,0.79,1,90.094
71700,00071700.jpg,1785599911451079168,9.81,89.907,0.093,23,97,1187.0,0.78,1,90.093
71701,00071701.jpg,1785599911484617728,9.81,89.908,0.092,23,97,1187.1,0.78,1,90.092
71702,00071702.jpg,1785599911517818368,9.81,89.914,0.086,23,97,1187.2,0.78,1,90.086
71703,00071703.jpg,1785599911550637312,9.81,89.92,0.08,23,97,1187.3,0.78,1,90.08
71704,00071704.jpg,1785599911584893184,9.81,89.927,0.073,23,97,1187.4,0.78,1,90.073
71705,00071705.jpg,1785599911617968128,9.81,89.928,0.072,23,97,1187.5,0.77,1,90.072
71706,00071706.jpg,1785599911651939072,9.81,89.929,0.071,23,97,1187.6,0.77,1,90.071
71707,00071707.jpg,1785599911684548096,9.81,89.93,0.07,23,97,1187.7,0.76,1,90.07
71708,00071708.jpg,1785599911718081024,9.81,89.931,0.069,23,97,1187.8,0.76,1,90.069
71709,00071709.jpg,1785599911751524096,9.81,89.932,0.068,23,97,1187.9,0.75,1,90.068
71710,00071710.jpg,1785599911784431616,9.81,89.932,0.068,23,97,1188.0,0.75,1,90.068
71711,00071711.jpg,1785599911818312704,9.81,89.933,0.067,23,97,1188.0,0.74,1,90.067
71712,00071712.jpg,1785599911850279680,9.81,89.934,0.066,23,97,1188.1,0.73,1,90.066
71713,00071713.jpg,1785599911884535552,9.81,89.935,0.065,23,97,1188.2,0.72,1,90.065
71714,00071714.jpg,1785599911918443520,9.81,89.936,0.064,21,87,1131.8,0.55,1,90.064
71715,00071715.jpg,1785599911950918656,9.81,89.936,0.064,21,87,1131.9,0.54,1,90.064
71716,00071716.jpg,1785599911984608256,9.81,89.937,0.063,21,87,1132.0,0.54,1,90.063
71717,00071717.jpg,1785599912018096384,9.81,89.938,0.062,21,87,1132.1,0.53,1,90.062
71718,00071718.jpg,1785599912050948352,9.81,89.939,0.061,21,87,1132.1,0.52,1,90.061
71719,00071719.jpg,1785599912084090880,9.81,89.939,0.061,21,87,1132.2,0.52,1,90.061
71720,00071720.jpg,1785599912117700608,9.81,89.94,0.06,21,87,1132.3,0.53,1,90.06
71721,00071721.jpg,1785599912150867712,9.81,89.941,0.059,21,87,1132.4,0.53,1,90.059
71722,00071722.jpg,1785599912184331264,10.828,89.939,0.061,21,87,1132.6,0.55,1,90.061
71723,00071723.jpg,1785599912218155008,12.715,89.936,0.064,18,87,1136.1,0.62,1,90.064
71724,00071724.jpg,1785599912250539264,10.842,1.126,88.874,17,95,1230.6,1.25,1,88.874
71725,00071725.jpg,1785599912285711104,9.834,89.954,0.046,18,89,1180.3,2.4,1,90.046
71726,00071726.jpg,1785599912318455808,10.054,1.147,88.853,18,69,959.1,1.19,1,88.853
71727,00071727.jpg,1785599912350131712,10.108,89.98,0.02,19,75,1126.0,1.85,1,90.02
71728,00071728.jpg,1785599912384395520,10.079,89.983,0.017,26,123,1463.7,2.0,1,90.017
71729,00071729.jpg,1785599912417437952,10.032,89.987,0.013,25,110,1467.8,1.69,1,90.013
71730,00071730.jpg,1785599912450319616,9.984,89.99,0.01,29,132,1591.5,1.43,1,90.01
71731,00071731.jpg,1785599912485175808,9.893,0.022,89.978,28,107,1475.1,1.15,1,89.978
71732,00071732.jpg,1785599912518087680,9.857,0.559,89.441,16,85,1399.8,0.99,1,89.441
71733,00071733.jpg,1785599912552900864,9.859,0.19,89.81,30,120,1609.3,0.94,1,89.81
71734,00071734.jpg,1785599912585130240,9.856,0.404,89.596,22,108,1647.7,0.81,1,89.596
71735,00071735.jpg,1785599912617921024,9.863,0.888,89.112,29,114,1652.0,0.89,1,89.112
71736,00071736.jpg,1785599912650896896,9.87,0.854,89.146,27,112,1646.0,0.86,1,89.146
71737,00071737.jpg,1785599912684938752,9.874,0.616,89.384,28,100,1597.3,0.65,1,89.384
71738,00071738.jpg,1785599912717655296,9.878,0.362,89.638,23,116,1713.9,0.65,1,89.638
71739,00071739.jpg,1785599912751095296,9.881,0.426,89.574,23,98,1609.7,0.68,1,89.574
71740,00071740.jpg,1785599912784882176,9.883,0.801,89.199,16,94,1601.3,0.8,1,89.199
71741,00071741.jpg,1785599912817794048,9.884,0.393,89.607,22,106,1650.6,0.6,1,89.607
71742,00071742.jpg,1785599912852213760,9.885,0.708,89.292,27,122,1725.5,0.71,1,89.292
71743,00071743.jpg,1785599912884675584,9.885,0.711,89.289,28,92,1558.4,0.71,1,89.289
71744,00071744.jpg,1785599912918036224,9.885,0.387,89.613,23,118,1705.9,0.61,1,89.613
71745,00071745.jpg,1785599912952362752,9.885,0.46,89.54,27,102,1562.2,0.66,1,89.54
71746,00071746.jpg,1785599912984072448,9.885,0.793,89.207,24,98,1589.1,0.79,1,89.207
71747,00071747.jpg,1785599913017478400,9.885,0.389,89.611,25,119,1702.6,0.72,1,89.611
71748,00071748.jpg,1785599913050883072,9.885,0.323,89.677,27,118,1725.3,0.66,1,89.677
71749,00071749.jpg,1785599913084270336,9.884,0.615,89.385,21,95,1576.1,0.61,1,89.385
71750,00071750.jpg,1785599913117400064,9.884,0.143,89.857,24,94,1577.6,0.85,1,89.857
71751,00071751.jpg,1785599913152022016,9.883,0.611,89.389,19,84,1487.3,0.61,1,89.389
71752,00071752.jpg,1785599913183484928,9.883,0.539,89.461,22,87,1483.6,0.54,1,89.461
71753,00071753.jpg,1785599913218160896,9.883,0.548,89.452,27,101,1554.2,0.74,1,89.452
71754,00071754.jpg,1785599913251490304,9.882,0.47,89.53,30,111,1599.4,0.64,1,89.53
71755,00071755.jpg,1785599913284736256,9.882,0.387,89.613,30,114,1608.0,0.53,1,89.613
71756,00071756.jpg,1785599913317686784,9.881,0.613,89.387,29,109,1581.3,0.64,1,89.387
71757,00071757.jpg,1785599913351286784,9.881,0.413,89.587,27,113,1651.9,0.67,1,89.587
71758,00071758.jpg,1785599913385720832,9.888,0.785,89.215,27,110,1657.9,0.78,1,89.215
71759,00071759.jpg,1785599913418573312,9.88,0.263,89.737,28,117,1695.8,0.69,1,89.737
71760,00071760.jpg,1785599913450908416,9.879,0.502,89.498,25,110,1657.9,0.5,1,89.498
71761,00071761.jpg,1785599913484600320,9.879,0.511,89.489,26,110,1663.4,0.51,1,89.489
71762,00071762.jpg,1785599913517669632,9.878,0.501,89.499,25,109,1654.5,0.55,1,89.499
71763,00071763.jpg,1785599913550086656,9.878,0.675,89.325,28,111,1667.2,0.67,1,89.325
71764,00071764.jpg,1785599913583617792,9.878,0.764,89.236,29,107,1637.5,0.76,1,89.236
71765,00071765.jpg,1785599913617575168,9.877,0.684,89.316,28,105,1579.5,0.68,1,89.316
71766,00071766.jpg,1785599913651621888,9.877,0.78,89.22,28,107,1589.4,0.78,1,89.22
71767,00071767.jpg,1785599913684915200,9.876,0.097,89.903,29,112,1613.9,0.8,1,89.903
71768,00071768.jpg,1785599913717193728,9.876,0.42,89.58,28,118,1633.5,0.56,1,89.58
71769,00071769.jpg,1785599913751901184,9.875,0.199,89.801,26,107,1565.3,0.65,1,89.801
71770,00071770.jpg,1785599913785126656,9.875,0.0,90.0,28,109,1577.5,0.79,1,90.0
71771,00071771.jpg,1785599913818331904,9.875,0.0,90.0,28,111,1602.7,0.56,1,90.0
71772,00071772.jpg,1785599913851100928,9.874,0.332,89.668,30,108,1568.2,0.82,1,89.668
71773,00071773.jpg,1785599913884815104,9.874,0.0,90.0,36,105,1540.8,0.8,1,90.0
71774,00071774.jpg,1785599913917299200,9.729,0.315,89.685,32,105,1541.2,0.48,1,89.685
71775,00071775.jpg,1785599913950459904,9.32,0.473,89.527,34,108,1550.1,0.47,1,89.527
71776,00071776.jpg,1785599913984081408,7.887,0.62,89.38,34,99,1453.1,0.68,1,89.38
71777,00071777.jpg,1785599914018063360,6.013,0.577,89.423,30,90,1411.8,0.61,1,89.423
71778,00071778.jpg,1785599914052641536,5.354,0.453,89.547,28,100,1549.7,0.45,1,89.547
71779,00071779.jpg,1785599914084528128,4.968,0.454,89.546,31,121,1677.6,0.51,1,89.546
71780,00071780.jpg,1785599914118183424,7.916,0.14,89.86,34,127,1746.2,0.67,1,89.86
71781,00071781.jpg,1785599914151078912,9.027,0.194,89.806,23,109,1527.5,0.78,1,89.806
71782,00071782.jpg,1785599914184193792,9.517,0.36,89.64,27,92,1389.4,0.82,1,89.64
71783,00071783.jpg,1785599914218110720,9.726,0.221,89.779,30,103,1462.6,0.74,1,89.779
71784,00071784.jpg,1785599914251202560,9.814,0.221,89.779,21,105,1505.7,0.8,1,89.779
71785,00071785.jpg,1785599914284441600,9.851,0.093,89.907,20,98,1458.0,0.96,1,89.907
71786,00071786.jpg,1785599914317233408,9.866,0.451,89.549,24,102,1494.2,0.64,1,89.549
71787,00071787.jpg,1785599914351121408,9.877,0.451,89.549,23,87,1350.7,0.76,1,89.549
71788,00071788.jpg,1785599914384448256,9.875,0.0,90.0,27,108,1485.6,0.9,1,90.0
71789,00071789.jpg,1785599914418208512,9.876,0.0,90.0,24,113,1570.9,0.76,1,90.0
71790,00071790.jpg,1785599914450950400,9.876,0.547,89.453,19,89,1429.1,0.55,1,89.453
71791,00071791.jpg,1785599914484574976,9.918,0.0,90.0,23,101,1455.1,1.13,1,90.0
71792,00071792.jpg,1785599914518523136,10.241,0.201,89.799,22,89,1431.0,0.51,1,89.799
71793,00071793.jpg,1785599914550114560,10.676,0.45,89.55,27,111,1556.9,0.52,1,89.55
71794,00071794.jpg,1785599914585051136,11.524,0.342,89.658,25,103,1477.8,0.54,1,89.658
71795,00071795.jpg,1785599914617378560,12.628,0.0,90.0,21,91,1382.6,0.88,1,90.0
71796,00071796.jpg,1785599914650631424,13.51,0.022,89.978,23,97,1473.9,0.9,1,89.978
71797,00071797.jpg,1785599914684452608,14.283,0.495,89.505,23,98,1486.7,0.67,1,89.505
71798,00071798.jpg,1785599914718982400,13.424,0.693,89.307,24,91,1396.9,0.69,1,89.307
71799,00071799.jpg,1785599914750236672,7.061,0.502,89.498,23,90,1397.7,0.74,1,89.498
71800,00071800.jpg,1785599914784869120,6.953,0.504,89.496,25,87,1322.5,1.07,1,89.496
71801,00071801.jpg,1785599914817836288,7.943,0.0,90.0,21,107,1535.6,0.93,1,90.0
71802,00071802.jpg,1785599914851409920,8.783,0.0,90.0,24,111,1589.5,1.11,1,90.0
71803,00071803.jpg,1785599914884994816,9.309,0.0,90.0,24,111,1583.9,1.06,1,90.0
71804,00071804.jpg,1785599914917655296,9.602,0.049,89.951,23,105,1518.7,1.15,1,89.951
71805,00071805.jpg,1785599914952358144,9.757,0.138,89.862,17,77,1306.0,1.18,1,89.862
71806,00071806.jpg,1785599914984128512,9.834,0.476,89.524,22,87,1368.0,0.84,1,89.524
71807,00071807.jpg,1785599915017932032,9.873,0.318,89.682,21,99,1460.6,0.91,1,89.682
71808,00071808.jpg,1785599915050000384,9.891,0.0,90.0,24,118,1598.7,0.9,1,90.0
71809,00071809.jpg,1785599915084209152,9.908,0.0,90.0,20,111,1590.8,1.09,1,90.0
71810,00071810.jpg,1785599915117996032,9.905,0.0,90.0,19,104,1482.5,0.75,1,90.0
71811,00071811.jpg,1785599915150870528,9.907,0.0,90.0,18,100,1487.4,0.62,1,90.0
71812,00071812.jpg,1785599915184347904,9.919,0.0,90.0,22,86,1322.3,1.12,1,90.0
71813,00071813.jpg,1785599915217714176,9.909,0.028,89.972,20,77,1310.0,0.73,1,89.972
71814,00071814.jpg,1785599915251101952,9.91,0.0,90.0,18,88,1374.9,0.71,1,90.0
71815,00071815.jpg,1785599915284904448,9.911,0.045,89.955,18,92,1435.8,0.97,1,89.955
71816,00071816.jpg,1785599915317802752,9.911,0.356,89.644,17,90,1393.8,0.59,1,89.644
71817,00071817.jpg,1785599915350486784,9.912,0.0,90.0,27,105,1474.0,0.91,1,90.0
71818,00071818.jpg,1785599915384257792,10.068,0.0,90.0,36,131,1594.3,1.24,1,90.0
71819,00071819.jpg,1785599915417822976,10.433,0.0,90.0,41,127,1512.3,1.21,1,90.0
71820,00071820.jpg,1785599915451476224,11.094,0.0,90.0,37,140,1684.9,0.7,1,90.0
71821,00071821.jpg,1785599915483735552,12.052,0.0,90.0,33,132,1675.2,0.58,1,90.0
71822,00071822.jpg,1785599915517609216,12.404,0.143,89.857,22,92,1441.1,0.62,1,89.857
71823,00071823.jpg,1785599915551183872,13.243,0.0,90.0,21,95,1433.5,0.48,1,90.0
71824,00071824.jpg,1785599915584754944,8.761,0.121,89.879,22,94,1437.2,0.79,1,89.879
71825,00071825.jpg,1785599915617244160,7.559,0.492,89.508,27,99,1444.9,0.62,1,89.508
71826,00071826.jpg,1785599915650215424,8.148,0.0,90.0,25,100,1375.7,0.88,1,90.0
71827,00071827.jpg,1785599915683688448,8.852,0.0,90.0,23,82,1274.9,0.88,1,90.0
71828,00071828.jpg,1785599915718109696,9.333,0.0,90.0,24,88,1350.3,0.92,1,90.0
71829,00071829.jpg,1785599915750353920,9.614,0.0,90.0,24,76,1275.6,0.91,1,90.0
71830,00071830.jpg,1785599915784832512,9.764,0.0,90.0,23,76,1293.1,1.03,1,90.0
71831,00071831.jpg,1785599915817606400,9.957,0.216,89.784,20,78,1285.8,0.76,1,89.784
71832,00071832.jpg,1785599915851179776,10.094,0.641,89.359,23,80,1335.6,0.69,1,89.359
71833,00071833.jpg,1785599915884540928,10.608,0.0,90.0,23,82,1298.6,0.89,1,90.0
71834,00071834.jpg,1785599915917299456,11.316,0.624,89.376,24,102,1498.6,0.62,1,89.376
71835,00071835.jpg,1785599915950672384,11.764,0.16,89.84,25,104,1514.1,0.63,1,89.84
71836,00071836.jpg,1785599915984852480,9.525,0.0,90.0,24,111,1508.0,0.79,1,90.0
71837,00071837.jpg,1785599916017236480,8.656,0.558,89.442,23,104,1470.1,0.56,1,89.442
71838,00071838.jpg,1785599916050548736,8.927,0.0,90.0,22,100,1440.5,0.81,1,90.0
71839,00071839.jpg,1785599916083680000,9.308,0.191,89.809,22,100,1454.5,0.87,1,89.809
71840,00071840.jpg,1785599916116663040,9.573,0.192,89.808,23,102,1462.0,0.81,1,89.808
71841,00071841.jpg,1785599916150344960,9.732,0.32,89.68,23,106,1441.5,0.55,1,89.68
71842,00071842.jpg,1785599916183639296,9.817,0.0,90.0,22,110,1515.8,0.63,1,90.0
71843,00071843.jpg,1785599916216913920,9.86,0.42,89.58,23,103,1451.4,0.43,1,89.58
71844,00071844.jpg,1785599916250905088,9.881,0.0,90.0,23,99,1435.1,0.86,1,90.0
71845,00071845.jpg,1785599916283373568,9.891,0.0,90.0,24,97,1421.1,0.89,1,90.0
71846,00071846.jpg,1785599916318040576,9.896,0.289,89.711,23,96,1412.8,0.59,1,89.711
71847,00071847.jpg,1785599916350071296,9.897,0.289,89.711,24,92,1362.0,0.56,1,89.711
71848,00071848.jpg,1785599916384565760,9.898,0.0,90.0,27,80,1197.2,0.85,1,90.0
71849,00071849.jpg,1785599916416706048,9.898,0.0,90.0,21,84,1300.3,0.61,1,90.0
71850,00071850.jpg,1785599916451642880,9.898,0.0,90.0,20,83,1299.2,0.76,1,90.0
71851,00071851.jpg,1785599916484764160,9.897,0.013,89.987,22,97,1413.9,0.74,1,89.987
71852,00071852.jpg,1785599916517185536,9.897,0.0,90.0,22,99,1453.3,0.64,1,90.0
71853,00071853.jpg,1785599916550008576,9.896,0.0,90.0,21,102,1476.8,0.57,1,90.0
71854,00071854.jpg,1785599916583612928,9.897,0.0,90.0,22,113,1542.7,0.9,1,90.0
71855,00071855.jpg,1785599916616892928,9.901,0.0,90.0,30,101,1281.9,0.85,1,90.0
71856,00071856.jpg,1785599916650556160,9.904,0.0,90.0,12,84,1284.0,0.54,1,90.0
71857,00071857.jpg,1785599916683798784,9.892,0.0,90.0,24,86,1214.5,0.28,1,90.0
71858,00071858.jpg,1785599916717750016,9.897,0.091,89.909,14,80,1257.3,0.56,1,89.909
71859,00071859.jpg,1785599916751903232,9.896,0.629,89.371,28,96,1290.6,0.63,1,89.371
71860,00071860.jpg,1785599916783575808,9.899,0.498,89.502,17,103,1400.5,0.91,1,89.502
71861,00071861.jpg,1785599916817842176,9.897,0.198,89.802,24,123,1516.2,1.0,1,89.802
71862,00071862.jpg,1785599916851608320,9.891,0.785,89.215,14,70,1158.8,0.78,1,89.215
71863,00071863.jpg,1785599916883749888,9.886,0.142,89.858,25,121,1507.7,1.28,1,89.858
71864,00071864.jpg,1785599916917851136,9.885,0.266,89.734,22,110,1470.4,1.05,1,89.734
71865,00071865.jpg,1785599916950294016,9.884,0.279,89.721,24,114,1494.0,1.05,1,89.721
71866,00071866.jpg,1785599916984848384,9.884,0.062,89.938,28,101,1251.2,1.32,1,89.938
71867,00071867.jpg,1785599917018106368,9.884,0.504,89.496,15,90,1339.4,0.87,1,89.496
71868,00071868.jpg,1785599917051086592,9.885,0.143,89.857,14,84,1305.3,0.93,1,89.857
71869,00071869.jpg,1785599917084936704,9.885,0.0,90.0,23,106,1402.8,1.07,1,90.0
71870,00071870.jpg,1785599917118070016,9.885,0.239,89.761,18,90,1316.8,1.04,1,89.761
71871,00071871.jpg,1785599917149916416,9.885,0.179,89.821,20,104,1461.1,1.07,1,89.821
71872,00071872.jpg,1785599917184446208,9.885,0.442,89.558,22,109,1453.6,0.72,1,89.558
71873,00071873.jpg,1785599917217600000,9.885,0.305,89.695,21,98,1394.9,0.85,1,89.695
71874,00071874.jpg,1785599917250891520,9.885,0.212,89.788,26,99,1350.3,1.01,1,89.788
71875,00071875.jpg,1785599917284931584,9.884,0.0,90.0,20,98,1373.2,0.9,1,90.0
71876,00071876.jpg,1785599917317138432,9.884,0.176,89.824,22,110,1455.5,1.07,1,89.824
71877,00071877.jpg,1785599917351594240,9.884,0.192,89.808,20,115,1550.1,0.81,1,89.808
71878,00071878.jpg,1785599917384500992,9.884,0.367,89.633,16,94,1416.1,1.08,1,89.633
71879,00071879.jpg,1785599917419767808,9.883,0.081,89.919,22,99,1380.6,0.77,1,89.919
71880,00071880.jpg,1785599917450713600,9.926,0.492,89.508,26,112,1425.8,0.79,1,89.508
71881,00071881.jpg,1785599917485385728,10.166,0.0,90.0,23,99,1356.4,1.24,1,90.0
71882,00071882.jpg,1785599917518161664,9.991,0.0,90.0,30,102,1366.9,1.23,1,90.0
71883,00071883.jpg,1785599917551272192,9.737,1.116,88.884,25,86,1277.2,1.12,1,88.884
71884,00071884.jpg,1785599917584390144,9.741,0.472,89.528,23,80,1231.9,0.96,1,89.528
71885,00071885.jpg,1785599917617558016,9.789,0.326,89.674,25,79,1116.8,1.02,1,89.674
71886,00071886.jpg,1785599917650743296,9.828,0.46,89.54,28,97,1288.0,0.73,1,89.54
71887,00071887.jpg,1785599917684114688,9.853,0.748,89.252,20,85,1260.1,0.78,1,89.252
71888,00071888.jpg,1785599917717490176,9.866,0.151,89.849,20,93,1379.2,1.26,1,89.849
71889,00071889.jpg,1785599917750498816,9.873,0.019,89.981,21,108,1476.3,1.21,1,89.981
71890,00071890.jpg,1785599917784206336,9.876,0.256,89.744,20,101,1501.4,0.74,1,89.744
71891,00071891.jpg,1785599917816692224,9.877,0.379,89.621,20,99,1491.8,0.95,1,89.621
71892,00071892.jpg,1785599917851133696,9.879,0.038,89.962,20,104,1518.9,1.17,1,89.962
71893,00071893.jpg,1785599917885608704,9.89,0.015,89.985,23,107,1526.9,0.72,1,89.985
71894,00071894.jpg,1785599917916691712,9.905,0.0,90.0,19,95,1459.8,0.42,1,90.0
71895,00071895.jpg,1785599917950861824,9.87,0.0,90.0,25,100,1462.2,0.69,1,90.0
71896,00071896.jpg,1785599917984649472,9.88,0.384,89.616,27,108,1577.8,0.63,1,89.616
71897,00071897.jpg,1785599918017834496,9.88,0.0,90.0,25,129,1765.9,1.23,1,90.0
71898,00071898.jpg,1785599918049767680,9.883,0.119,89.881,28,114,1667.0,1.39,1,89.881
71899,00071899.jpg,1785599918084486400,9.88,0.537,89.463,17,78,1402.7,1.03,1,89.463
71900,00071900.jpg,1785599918117695488,9.871,0.278,89.722,18,104,1641.4,1.19,1,89.722
71901,00071901.jpg,1785599918150564608,9.868,1.094,88.906,22,87,1466.5,1.09,1,88.906
71902,00071902.jpg,1785599918184456448,9.867,1.009,88.991,21,96,1584.4,1.01,1,88.991
71903,00071903.jpg,1785599918216615680,9.867,0.0,90.0,25,98,1571.4,1.47,1,90.0
71904,00071904.jpg,1785599918250063104,9.328,0.877,89.123,20,92,1551.5,0.88,1,89.123
71905,00071905.jpg,1785599918284087296,7.897,0.0,90.0,22,108,1652.8,1.38,1,90.0
71906,00071906.jpg,1785599918317004800,5.991,0.0,90.0,19,110,1718.4,1.52,1,90.0
71907,00071907.jpg,1785599918350626304,5.348,0.0,90.0,27,104,1593.2,1.32,1,90.0
71908,00071908.jpg,1785599918383859968,4.975,0.728,89.272,21,91,1545.9,0.99,1,89.272
71909,00071909.jpg,1785599918416884992,7.948,0.0,90.0,24,105,1662.5,1.51,1,90.0
71910,00071910.jpg,1785599918450103808,9.046,0.0,90.0,19,105,1712.6,1.24,1,90.0
71911,00071911.jpg,1785599918483698432,9.535,0.198,89.802,14,92,1629.7,1.13,1,89.802
71912,00071912.jpg,1785599918517356800,9.742,0.428,89.572,14,84,1576.3,0.9,1,89.572
71913,00071913.jpg,1785599918549997824,9.83,0.476,89.524,22,86,1504.0,1.1,1,89.524
71914,00071914.jpg,1785599918583496448,9.867,0.0,90.0,17,86,1618.4,1.34,1,90.0
71915,00071915.jpg,1785599918616876800,9.875,0.0,90.0,18,100,1719.1,1.32,1,90.0
71916,00071916.jpg,1785599918650888704,9.89,0.0,90.0,16,97,1722.6,1.27,1,90.0
71917,00071917.jpg,1785599918683163904,9.893,0.0,90.0,17,101,1756.1,1.41,1,90.0
71918,00071918.jpg,1785599918717057792,9.895,0.285,89.715,16,88,1638.4,1.17,1,89.715
71919,00071919.jpg,1785599918750317568,9.896,0.0,90.0,16,94,1728.2,1.11,1,90.0
71920,00071920.jpg,1785599918784335104,10.06,0.856,89.144,18,92,1714.4,0.86,1,89.144
71921,00071921.jpg,1785599918816780288,10.614,0.0,90.0,24,130,1929.5,0.63,1,90.0
71922,00071922.jpg,1785599918850737664,11.199,0.0,90.0,18,112,1856.3,0.39,1,90.0
71923,00071923.jpg,1785599918883343872,11.512,0.0,90.0,19,106,1706.5,0.98,1,90.0
71924,00071924.jpg,1785599918917039360,12.538,0.838,89.162,26,77,1364.4,1.14,1,89.162
71925,00071925.jpg,1785599918951024896,10.968,0.0,90.0,26,101,1596.7,1.16,1,90.0
71926,00071926.jpg,1785599918983903488,8.141,0.0,90.0,21,110,1743.3,1.06,1,90.0
71927,00071927.jpg,1785599919016983808,8.249,0.304,89.696,21,95,1634.3,1.29,1,89.696
71928,00071928.jpg,1785599919050247936,8.833,0.0,90.0,20,107,1725.8,1.14,1,90.0
71929,00071929.jpg,1785599919083322880,9.302,0.0,90.0,16,96,1623.7,1.3,1,90.0
71930,00071930.jpg,1785599919117713920,9.589,0.0,90.0,19,102,1668.2,1.14,1,90.0
71931,00071931.jpg,1785599919151060736,9.75,0.0,90.0,24,95,1589.9,1.2,1,90.0
71932,00071932.jpg,1785599919184237312,9.834,0.0,90.0,15,97,1688.9,1.26,1,90.0
71933,00071933.jpg,1785599919216790016,9.876,0.0,90.0,19,109,1745.8,0.93,1,90.0
71934,00071934.jpg,1785599919250116864,10.071,0.0,90.0,15,93,1643.6,1.14,1,90.0
71935,00071935.jpg,1785599919284386560,10.605,0.0,90.0,17,100,1649.2,1.09,1,90.0
71936,00071936.jpg,1785599919316734464,11.472,0.0,90.0,20,108,1736.5,0.67,1,90.0
71937,00071937.jpg,1785599919350393088,12.116,0.0,90.0,17,98,1684.1,1.07,1,90.0
71938,00071938.jpg,1785599919383792640,12.595,90.0,0.0,19,101,1686.3,0.95,1,90.0
71939,00071939.jpg,1785599919417765376,9.159,90.0,0.0,20,101,1694.3,1.35,1,90.0
71940,00071940.jpg,1785599919450482944,8.12,90.0,0.0,15,94,1650.5,1.08,1,90.0
71941,00071941.jpg,1785599919484016128,8.55,90.0,0.0,17,89,1545.3,1.1,1,90.0
71942,00071942.jpg,1785599919517163776,9.176,90.0,0.0,16,89,1555.3,1.29,1,90.0
71943,00071943.jpg,1785599919550343936,9.459,90.0,0.0,19,95,1631.7,1.15,1,90.0
71944,00071944.jpg,1785599919584132608,10.634,90.0,0.0,17,82,1459.8,0.98,1,90.0
71945,00071945.jpg,1785599919617966080,11.354,90.0,0.0,14,97,1684.0,1.06,1,90.0
71946,00071946.jpg,1785599919650134016,12.168,90.0,0.0,14,87,1552.8,1.16,1,90.0
71947,00071947.jpg,1785599919684549888,12.904,90.0,0.0,15,86,1508.7,0.88,1,90.0
71948,00071948.jpg,1785599919716726528,11.231,90.0,0.0,18,89,1595.0,1.11,1,90.0
71949,00071949.jpg,1785599919749969920,7.875,90.0,0.0,17,83,1540.6,1.19,1,90.0
71950,00071950.jpg,1785599919783515904,7.989,90.0,0.0,18,72,1373.2,1.17,1,90.0
71951,00071951.jpg,1785599919817596160,8.668,90.0,0.0,20,89,1548.4,1.14,1,90.0
71952,00071952.jpg,1785599919850782720,9.216,90.0,0.0,15,86,1558.8,1.12,1,90.0
71953,00071953.jpg,1785599919883691520,9.375,90.0,0.0,15,88,1574.2,0.94,1,90.0
71954,00071954.jpg,1785599919917960960,9.738,90.0,0.0,16,79,1421.1,1.04,1,90.0
71955,00071955.jpg,1785599919951065856,9.835,90.0,0.0,15,78,1470.4,1.11,1,90.0
71956,00071956.jpg,1785599919983942912,10.085,90.0,0.0,12,72,1400.6,1.08,1,90.0
71957,00071957.jpg,1785599920017449472,10.608,90.0,0.0,12,69,1348.5,0.96,1,90.0
71958,00071958.jpg,1785599920050892800,11.143,90.0,0.0,12,74,1390.0,0.85,1,90.0
71959,00071959.jpg,1785599920084039936,11.375,90.0,0.0,14,73,1372.6,1.03,1,90.0
71960,00071960.jpg,1785599920117444096,10.881,90.0,0.0,12,64,1299.9,1.19,1,90.0
71961,00071961.jpg,1785599920151030784,8.72,90.0,0.0,11,68,1301.4,0.88,1,90.0
71962,00071962.jpg,1785599920183169280,8.744,90.0,0.0,12,62,1278.9,1.1,1,90.0
71963,00071963.jpg,1785599920216923392,9.147,90.0,0.0,15,60,1265.3,0.78,1,90.0
71964,00071964.jpg,1785599920250165248,9.297,90.0,0.0,18,67,1313.6,0.92,1,90.0
71965,00071965.jpg,1785599920284792832,10.085,90.0,0.0,18,57,1179.8,0.9,1,90.0
71966,00071966.jpg,1785599920317797888,10.44,90.0,0.0,18,60,1227.9,0.63,1,90.0
71967,00071967.jpg,1785599920351118592,11.075,90.0,0.0,15,59,1223.4,0.89,1,90.0
71968,00071968.jpg,1785599920383453952,11.645,90.0,0.0,12,59,1215.4,1.12,1,90.0
71969,00071969.jpg,1785599920417743104,9.646,90.0,0.0,15,58,1190.6,0.91,1,90.0
71970,00071970.jpg,1785599920451192576,8.779,90.0,0.0,16,52,1110.6,0.81,1,90.0
71971,00071971.jpg,1785599920484534016,9.014,90.0,0.0,14,52,1104.1,1.0,1,90.0
71972,00071972.jpg,1785599920517848832,9.355,90.0,0.0,12,48,974.6,1.2,1,90.0
71973,00071973.jpg,1785599920550132736,9.602,90.0,0.0,13,52,985.4,1.05,1,90.0
71974,00071974.jpg,1785599920584096512,9.749,90.0,0.0,12,50,956.2,0.96,1,90.0
71975,00071975.jpg,1785599920617724416,9.828,90.0,0.0,13,54,942.9,0.7,1,90.0
71976,00071976.jpg,1785599920651168512,9.868,90.0,0.0,13,52,864.6,0.95,1,90.0
71977,00071977.jpg,1785599920684193280,9.889,90.0,0.0,9,44,767.6,0.94,1,90.0
71978,00071978.jpg,1785599920717924352,9.897,90.0,0.0,10,43,738.6,0.68,1,90.0
71979,00071979.jpg,1785599920750199040,9.901,90.0,0.0,9,34,615.4,0.99,1,90.0
71980,00071980.jpg,1785599920784179712,9.902,90.0,0.0,10,29,425.1,0.86,1,90.0
71981,00071981.jpg,1785599920817750784,9.903,0.011,89.989,10,36,451.3,0.4,1,89.989
71982,00071982.jpg,1785599920850135296,9.903,90.0,0.0,9,34,389.6,0.87,1,90.0
71983,00071983.jpg,1785599920884781824,9.902,90.0,0.0,8,29,339.1,1.21,1,90.0
71984,00071984.jpg,1785599920916732160,9.902,90.0,0.0,8,26,310.3,0.9,1,90.0
71985,00071985.jpg,1785599920950245120,9.901,90.0,0.0,13,39,394.7,0.3,1,90.0
71986,00071986.jpg,1785599920983867904,9.901,90.0,0.0,15,45,423.6,0.68,1,90.0
71987,00071987.jpg,1785599921017468416,9.9,90.0,0.0,13,43,400.0,1.47,1,90.0
71988,00071988.jpg,1785599921050335232,9.9,90.0,0.0,11,37,357.9,0.29,1,90.0
71989,00071989.jpg,1785599921083129344,9.899,90.0,0.0,16,37,331.0,0.81,1,90.0
71990,00071990.jpg,1785599921116537344,9.899,90.0,0.0,19,43,362.0,1.22,1,90.0
71991,00071991.jpg,1785599921151358976,9.898,90.0,0.0,14,31,276.4,1.11,1,90.0
71992,00071992.jpg,1785599921184414720,9.898,90.0,0.0,14,37,356.7,1.07,1,90.0
71993,00071993.jpg,1785599921216726016,9.897,90.0,0.0,16,40,372.3,2.65,1,90.0
71994,00071994.jpg,1785599921250502400,9.897,90.0,0.0,14,48,525.4,1.39,1,90.0
71995,00071995.jpg,1785599921284297216,9.896,90.0,0.0,19,50,526.7,0.94,1,90.0
71996,00071996.jpg,1785599921316523264,9.896,90.0,0.0,22,81,849.4,0.6,1,90.0
71997,00071997.jpg,1785599921349982208,9.895,90.0,0.0,21,92,1051.7,0.8,1,90.0
71998,00071998.jpg,1785599921384232192,9.894,90.0,0.0,19,100,1144.2,0.76,1,90.0
71999,00071999.jpg,1785599921416488192,9.894,0.0,90.0,25,100,1104.4,0.72,1,90.0
72000,00072000.jpg,1785599921450242560,9.893,0.0,90.0,24,108,1219.3,0.55,1,90.0
72001,00072001.jpg,1785599921483333632,9.893,0.0,90.0,22,110,1272.6,0.79,1,90.0
72002,00072002.jpg,1785599921517670400,9.892,0.0,90.0,24,118,1516.4,0.87,1,90.0
72003,00072003.jpg,1785599921550629376,9.892,0.0,90.0,21,125,1671.3,0.8,1,90.0
72004,00072004.jpg,1785599921583693824,9.901,90.0,0.0,23,121,1747.6,0.74,1,90.0
72005,00072005.jpg,1785599921617751040,9.891,90.0,0.0,24,109,1666.2,0.79,1,90.0
72006,00072006.jpg,1785599921651427840,9.89,0.125,89.875,23,117,1809.0,0.66,1,89.875
72007,00072007.jpg,1785599921684144128,9.89,0.0,90.0,21,116,1801.3,0.64,1,90.0
72008,00072008.jpg,1785599921717976832,9.889,0.0,90.0,24,112,1755.1,0.5,1,90.0
72009,00072009.jpg,1785599921750188544,9.889,0.0,90.0,21,99,1628.8,0.79,1,90.0
72010,00072010.jpg,1785599921784202752,9.888,0.101,89.899,24,88,1521.9,0.66,1,89.899
72011,00072011.jpg,1785599921816701952,9.889,0.078,89.922,27,80,1444.5,0.84,1,89.922
72012,00072012.jpg,1785599921850100224,9.895,90.0,0.0,24,103,1734.0,0.52,1,90.0
72013,00072013.jpg,1785599921883820288,9.923,0.389,89.611,33,111,1736.0,0.67,1,89.611
72014,00072014.jpg,1785599921917358592,9.93,0.789,89.211,23,113,1706.4,0.79,1,89.211
72015,00072015.jpg,1785599921951414016,9.985,1.433,88.567,25,106,1644.1,0.9,1,88.567
72016,00072016.jpg,1785599921984164608,10.079,2.951,87.049,26,113,1631.5,1.09,1,87.049
72017,00072017.jpg,1785599922016748032,9.946,4.98,85.02,24,109,1509.8,0.73,1,85.02
72018,00072018.jpg,1785599922050502912,9.905,7.519,82.481,24,112,1468.3,0.89,1,82.481
72019,00072019.jpg,1785599922083528192,9.919,10.385,79.615,22,87,1289.1,0.72,1,79.615
72020,00072020.jpg,1785599922116610048,9.88,12.913,77.087,19,85,1186.1,0.69,1,77.087
72021,00072021.jpg,1785599922150399232,9.882,14.971,75.029,18,77,1144.0,0.84,1,75.029
72022,00072022.jpg,1785599922183496960,9.893,16.367,73.633,18,77,1162.5,0.75,1,73.633
72023,00072023.jpg,1785599922216648960,9.886,16.854,73.146,16,72,1129.6,0.75,1,73.146
72024,00072024.jpg,1785599922249995520,9.878,17.653,72.347,18,71,1136.7,0.91,1,72.347
72025,00072025.jpg,1785599922284495616,9.882,17.637,72.363,15,71,1120.9,0.86,1,72.363
72026,00072026.jpg,1785599922317801472,9.889,17.8,72.2,15,62,1101.3,0.45,1,72.2
72027,00072027.jpg,1785599922350141440,9.903,17.61,72.39,18,68,1108.1,0.5,1,72.39
72028,00072028.jpg,1785599922383834112,9.962,17.29,72.71,19,65,1088.7,0.55,1,72.71
72029,00072029.jpg,1785599922417288704,9.975,15.975,74.025,17,65,1092.0,0.84,1,74.025
72030,00072030.jpg,1785599922450923520,10.012,14.548,75.452,18,70,1184.2,0.69,1,75.452
72031,00072031.jpg,1785599922483268608,9.929,12.089,77.911,17,79,1238.1,0.79,1,77.911
72032,00072032.jpg,1785599922516424704,9.91,9.54,80.46,20,88,1360.2,0.76,1,80.46
72033,00072033.jpg,1785599922550217984,9.912,7.446,82.554,24,98,1421.7,0.66,1,82.554
72034,00072034.jpg,1785599922583749888,9.923,4.817,85.183,29,111,1557.7,0.73,1,85.183
72035,00072035.jpg,1785599922616865280,9.92,2.533,87.467,24,105,1664.4,0.85,1,87.467
72036,00072036.jpg,1785599922650504704,9.915,0.231,89.769,21,111,1744.7,0.49,1,89.769
72037,00072037.jpg,1785599922684145152,9.914,88.276,1.724,26,110,1546.3,1.1,1,91.724
72038,00072038.jpg,1785599922716725760,9.915,85.652,4.348,25,113,1514.0,0.92,1,94.348
72039,00072039.jpg,1785599922751057664,9.914,83.255,6.745,24,100,1411.6,0.63,1,96.745
72040,00072040.jpg,1785599922783115520,9.913,80.9,9.1,20,89,1330.9,0.78,1,99.1
72041,00072041.jpg,1785599922816730112,9.912,78.723,11.277,21,93,1345.7,0.87,1,101.277
72042,00072042.jpg,1785599922850048000,9.912,76.215,13.785,22,90,1265.8,0.88,1,103.785
72043,00072043.jpg,1785599922883166464,9.911,74.053,15.947,20,84,1227.3,1.04,1,105.947
72044,00072044.jpg,1785599922916403712,9.91,71.428,18.572,23,87,1193.1,0.89,1,108.572
72045,00072045.jpg,1785599922950488832,9.909,68.947,21.053,21,77,1063.9,0.92,1,111.053
72046,00072046.jpg,1785599922983773184,9.909,67.312,22.688,20,67,953.6,0.97,1,112.688
72047,00072047.jpg,1785599923017042688,9.908,64.612,25.388,17,59,900.8,0.81,1,115.388
72048,00072048.jpg,1785599923050422784,9.907,62.172,27.828,14,54,855.5,0.71,1,117.828
72049,00072049.jpg,1785599923083729152,9.906,60.145,29.855,12,51,886.3,1.1,1,119.855
72050,00072050.jpg,1785599923118336000,9.88,57.606,32.394,10,50,923.5,0.64,1,122.394
72051,00072051.jpg,1785599923150628864,9.868,55.325,34.675,10,51,957.9,0.92,1,124.675
72052,00072052.jpg,1785599923183774464,9.885,53.43,36.57,10,55,1060.1,0.78,1,126.57
72053,00072053.jpg,1785599923216822784,9.863,52.533,37.467,8,48,1063.0,0.75,1,127.467
72054,00072054.jpg,1785599923250804224,9.857,52.38,37.62,9,54,1065.2,0.87,1,127.62
72055,00072055.jpg,1785599923283092736,9.857,52.384,37.616,8,50,1065.4,0.81,1,127.616
72056,00072056.jpg,1785599923317588992,9.856,52.426,37.574,9,53,1055.4,1.02,1,127.574
72057,00072057.jpg,1785599923350116864,9.856,51.687,38.313,8,52,1060.7,0.52,1,128.313
72058,00072058.jpg,1785599923384020736,9.855,52.033,37.967,8,49,1052.4,0.75,1,127.967
72059,00072059.jpg,1785599923417638912,9.856,52.309,37.691,7,47,1017.6,0.86,1,127.691
72060,00072060.jpg,1785599923450925056,9.865,52.583,37.417,8,51,1009.6,1.16,1,127.417
72061,00072061.jpg,1785599923483921664,9.881,52.641,37.359,9,49,970.3,1.56,1,127.359
72062,00072062.jpg,1785599923516454144,9.853,53.541,36.459,9,48,939.2,1.57,1,126.459
72063,00072063.jpg,1785599923550809600,9.851,52.399,37.601,8,49,948.6,0.97,1,127.601
72064,00072064.jpg,1785599923584019456,9.864,52.21,37.79,9,50,963.5,1.1,1,127.79
72065,00072065.jpg,1785599923617465600,9.867,51.681,38.319,8,48,957.9,0.82,1,128.319
72066,00072066.jpg,1785599923650798592,9.868,51.694,38.306,8,50,948.4,1.02,1,128.306
72067,00072067.jpg,1785599923684273408,9.858,52.12,37.88,10,48,949.4,1.07,1,127.88
72068,00072068.jpg,1785599923716617728,9.848,51.762,38.238,9,46,933.2,1.07,1,128.238
72069,00072069.jpg,1785599923750133248,9.843,51.841,38.159,9,51,933.6,0.91,1,128.159
72070,00072070.jpg,1785599923783468288,9.841,51.7,38.3,9,48,923.0,0.85,1,128.3
72071,00072071.jpg,1785599923817466624,9.841,51.838,38.162,8,46,933.7,0.6,1,128.162
72072,00072072.jpg,1785599923849951488,9.892,51.678,38.322,8,48,930.3,0.76,1,128.322
72073,00072073.jpg,1785599923884090624,10.217,51.792,38.208,9,48,919.4,0.68,1,128.208
72074,00072074.jpg,1785599923917761792,10.958,51.897,38.103,7,44,907.1,1.12,1,128.103
72075,00072075.jpg,1785599923950376704,11.654,51.876,38.124,10,51,923.6,0.75,1,128.124
72076,00072076.jpg,1785599923984264960,12.636,51.866,38.134,8,44,890.3,0.81,1,128.134
72077,00072077.jpg,1785599924016746496,13.521,51.747,38.253,10,52,899.2,0.74,1,128.253
72078,00072078.jpg,1785599924050786816,14.153,51.878,38.122,10,54,904.6,0.65,1,128.122
72079,00072079.jpg,1785599924083924480,11.104,51.831,38.169,8,49,882.2,1.09,1,128.169
72080,00072080.jpg,1785599924116680704,6.69,51.457,38.543,10,53,884.7,0.96,1,128.543
72081,00072081.jpg,1785599924150079488,7.005,51.544,38.456,8,46,881.5,0.7,1,128.456
72082,00072082.jpg,1785599924184334080,8.019,51.236,38.764,10,54,909.5,0.8,1,128.764
72083,00072083.jpg,1785599924216617984,8.83,51.933,38.067,8,46,908.8,0.96,1,128.067
72084,00072084.jpg,1785599924250705152,9.307,51.776,38.224,8,49,905.5,0.83,1,128.224
72085,00072085.jpg,1785599924284208896,9.559,52.058,37.942,7,48,893.5,0.74,1,127.942
72086,00072086.jpg,1785599924317179136,9.687,51.91,38.09,9,53,901.8,0.95,1,128.09
72087,00072087.jpg,1785599924350151424,9.75,51.768,38.232,11,52,876.1,1.02,1,128.232
72088,00072088.jpg,1785599924383316224,9.779,51.831,38.169,8,49,876.2,0.86,1,128.169
72089,00072089.jpg,1785599924416972288,9.794,51.844,38.156,8,48,878.9,1.0,1,128.156
72090,00072090.jpg,1785599924449956608,9.812,51.752,38.248,9,48,853.1,0.79,1,128.248
72091,00072091.jpg,1785599924483617024,9.321,51.473,38.527,8,48,841.3,0.73,1,128.527
72092,00072092.jpg,1785599924516427264,7.836,51.346,38.654,8,51,848.1,0.59,1,128.654
72093,00072093.jpg,1785599924550480896,6.822,52.216,37.784,8,47,865.5,1.02,1,127.784
72094,00072094.jpg,1785599924583855616,5.234,52.166,37.834,9,50,873.6,0.75,1,127.834
72095,00072095.jpg,1785599924617999872,4.279,52.484,37.516,8,46,842.2,0.88,1,127.516
72096,00072096.jpg,1785599924650096896,3.414,51.753,38.247,9,50,845.4,0.86,1,128.247
72097,00072097.jpg,1785599924683489280,2.323,52.015,37.985,9,50,841.5,0.85,1,127.985
72098,00072098.jpg,1785599924717214208,2.244,52.367,37.633,10,49,840.5,1.06,1,127.633
72099,00072099.jpg,1785599924750221824,2.807,52.324,37.676,9,49,814.6,0.91,1,127.676
72100,00072100.jpg,1785599924783529472,7.318,52.713,37.287,8,46,819.7,0.99,1,127.287
72101,00072101.jpg,1785599924816489984,8.753,52.273,37.727,8,44,790.3,0.79,1,127.727
72102,00072102.jpg,1785599924849980416,9.399,52.404,37.596,10,48,832.5,0.84,1,127.596
72103,00072103.jpg,1785599924883505152,9.676,52.126,37.874,8,44,798.8,0.71,1,127.874
72104,00072104.jpg,1785599924916643840,9.793,52.234,37.766,10,50,847.4,0.98,1,127.766
72105,00072105.jpg,1785599924949968896,9.841,52.412,37.588,8,48,826.5,0.94,1,127.588
72106,00072106.jpg,1785599924983694336,9.863,52.537,37.463,7,43,814.5,0.93,1,127.463
72107,00072107.jpg,1785599925018002688,9.874,52.294,37.706,8,47,782.2,0.86,1,127.706
72108,00072108.jpg,1785599925050223104,9.891,51.59,38.41,9,52,815.4,0.78,1,128.41
72109,00072109.jpg,1785599925083394560,9.927,51.212,38.788,10,51,858.4,0.78,1,128.788
72110,00072110.jpg,1785599925116595712,9.936,50.569,39.431,7,47,856.8,1.08,1,129.431
72111,00072111.jpg,1785599925150417408,9.997,50.882,39.118,12,54,885.5,1.21,1,129.118
72112,00072112.jpg,1785599925183041280,10.014,50.64,39.36,10,57,931.0,0.97,1,129.36
72113,00072113.jpg,1785599925216445696,10.034,50.315,39.685,13,63,985.6,0.97,1,129.685
72114,00072114.jpg,1785599925250179328,10.107,51.441,38.559,10,56,952.2,0.58,1,128.559
72115,00072115.jpg,1785599925283217664,10.229,52.452,37.548,10,58,967.6,0.8,1,127.548
72116,00072116.jpg,1785599925316630528,10.599,53.161,36.839,8,53,926.6,1.5,1,126.839
72117,00072117.jpg,1785599925350132736,11.042,55.299,34.701,11,66,977.7,1.62,1,124.701
72118,00072118.jpg,1785599925383850240,11.977,55.934,34.066,9,54,903.3,3.26,1,124.066
72119,00072119.jpg,1785599925417463296,12.694,55.551,34.449,8,55,919.4,1.91,1,124.449
72120,00072120.jpg,1785599925452265984,13.32,55.305,34.695,9,54,907.4,1.38,1,124.695
72121,00072121.jpg,1785599925483827456,11.387,55.066,34.934,8,46,877.3,0.88,1,124.934
72122,00072122.jpg,1785599925518670848,7.912,54.365,35.635,9,53,931.5,0.86,1,125.635
72123,00072123.jpg,1785599925550432512,7.982,54.073,35.927,10,51,954.5,0.78,1,125.927
72124,00072124.jpg,1785599925584524288,8.602,53.84,36.16,10,49,981.2,0.95,1,126.16
72125,00072125.jpg,1785599925617534720,9.124,53.949,36.051,9,51,1012.2,0.53,1,126.051
72126,00072126.jpg,1785599925650450688,9.464,53.787,36.213,10,50,1019.7,0.48,1,126.213
72127,00072127.jpg,1785599925684217600,9.647,53.784,36.216,8,51,1045.8,0.75,1,126.216
72128,00072128.jpg,1785599925716386048,10.083,54.139,35.861,8,50,1019.2,0.8,1,125.861
72129,00072129.jpg,1785599925752061184,10.348,54.06,35.94,10,53,1057.7,0.73,1,125.94
72130,00072130.jpg,1785599925783047680,11.043,53.847,36.153,8,50,1046.5,0.86,1,126.153
72131,00072131.jpg,1785599925816492544,11.868,54.123,35.877,8,48,1060.1,0.62,1,125.877
72132,00072132.jpg,1785599925850760960,12.751,54.177,35.823,9,52,1063.6,0.59,1,125.823
72133,00072133.jpg,1785599925883431680,13.558,53.925,36.075,9,48,1061.9,0.68,1,126.075
72134,00072134.jpg,1785599925917383168,14.007,54.062,35.938,8,50,1073.3,0.86,1,125.938
72135,00072135.jpg,1785599925950514432,8.36,54.372,35.628,7,49,1076.8,0.7,1,125.628
72136,00072136.jpg,1785599925983688192,7.058,53.569,36.431,8,49,1083.5,0.61,1,126.431
72137,00072137.jpg,1785599926016721408,7.792,54.074,35.926,7,51,1128.0,0.87,1,125.926
72138,00072138.jpg,1785599926050196992,8.628,54.005,35.995,9,50,1109.5,0.77,1,125.995
72139,00072139.jpg,1785599926083806976,9.196,53.456,36.544,7,48,1105.3,0.68,1,126.544
72140,00072140.jpg,1785599926116570624,9.671,54.169,35.831,8,52,1146.1,0.86,1,125.831
72141,00072141.jpg,1785599926150631936,10.073,53.954,36.046,9,54,1140.0,0.75,1,126.046
72142,00072142.jpg,1785599926183107328,10.606,54.013,35.987,10,52,1097.4,0.63,1,125.987
72143,00072143.jpg,1785599926216834560,11.327,54.085,35.915,6,44,1080.2,1.03,1,125.915
72144,00072144.jpg,1785599926250304512,12.194,54.264,35.736,7,43,1063.3,0.86,1,125.736
72145,00072145.jpg,1785599926283756800,13.155,54.171,35.829,12,56,1115.6,1.0,1,125.829
72146,00072146.jpg,1785599926316651008,13.805,53.617,36.383,8,51,1098.5,0.62,1,126.383
72147,00072147.jpg,1785599926349913088,11.207,53.441,36.559,8,54,1149.9,0.63,1,126.559
72148,00072148.jpg,1785599926383084800,7.287,53.978,36.022,10,59,1211.6,0.86,1,126.022
72149,00072149.jpg,1785599926416803584,7.519,53.92,36.08,8,55,1192.4,0.88,1,126.08
72150,00072150.jpg,1785599926450051072,8.386,54.417,35.583,7,51,1222.9,1.07,1,125.583
72151,00072151.jpg,1785599926483189504,9.128,55.324,34.676,7,52,1271.4,0.96,1,124.676
72152,00072152.jpg,1785599926516425472,9.529,54.844,35.156,6,51,1297.1,0.81,1,125.156
72153,00072153.jpg,1785599926549844480,9.782,54.167,35.833,6,48,1325.8,0.79,1,125.833
72154,00072154.jpg,1785599926583377152,9.993,53.365,36.635,6,53,1347.9,0.79,1,126.635
72155,00072155.jpg,1785599926616413696,10.027,53.103,36.897,7,50,1356.6,0.71,1,126.897
72156,00072156.jpg,1785599926651086080,10.024,52.538,37.462,7,52,1368.3,0.57,1,127.462
72157,00072157.jpg,1785599926683457024,10.056,52.608,37.392,9,57,1368.4,0.73,1,127.392
72158,00072158.jpg,1785599926716621824,10.079,52.672,37.328,8,55,1355.9,0.83,1,127.328
72159,00072159.jpg,1785599926750113280,10.796,52.984,37.016,8,55,1342.4,0.91,1,127.016
72160,00072160.jpg,1785599926784449536,11.649,52.795,37.205,8,56,1340.3,0.62,1,127.205
72161,00072161.jpg,1785599926817686784,12.587,52.612,37.388,9,59,1329.3,0.98,1,127.388
72162,00072162.jpg,1785599926851014656,13.175,52.692,37.308,8,56,1308.9,0.69,1,127.308
72163,00072163.jpg,1785599926883954688,11.161,53.033,36.967,9,59,1329.8,0.77,1,126.967
72164,00072164.jpg,1785599926918384640,7.727,52.793,37.207,8,53,1298.6,0.66,1,127.207
72165,00072165.jpg,1785599926951403008,7.877,53.105,36.895,7,54,1296.9,0.94,1,126.895
72166,00072166.jpg,1785599926983495424,8.596,53.109,36.891,9,56,1302.8,0.73,1,126.891
72167,00072167.jpg,1785599927016693760,9.173,53.241,36.759,8,59,1316.2,0.66,1,126.759
72168,00072168.jpg,1785599927050783232,9.534,53.013,36.987,9,60,1322.3,0.57,1,126.987
72169,00072169.jpg,1785599927083495168,9.745,53.368,36.632,10,56,1270.3,0.67,1,126.632
72170,00072170.jpg,1785599927117309184,10.027,53.678,36.322,7,48,1176.3,0.85,1,126.322
72171,00072171.jpg,1785599927149823744,10.402,53.966,36.034,8,47,1145.4,0.98,1,126.034
72172,00072172.jpg,1785599927183657472,11.076,54.301,35.699,8,46,1030.3,1.23,1,125.699
72173,00072173.jpg,1785599927216808704,12.036,53.939,36.061,9,42,887.9,0.8,1,126.061
72174,00072174.jpg,1785599927250165248,12.59,53.247,36.753,9,42,886.9,0.62,1,126.753
72175,00072175.jpg,1785599927283397120,13.2,53.578,36.422,8,40,923.7,0.5,1,126.422
72176,00072176.jpg,1785599927316751360,9.028,53.439,36.561,6,39,928.0,0.95,1,126.561
72177,00072177.jpg,1785599927350320128,7.867,53.797,36.203,9,42,975.4,0.81,1,126.203
72178,00072178.jpg,1785599927383889152,8.399,54.04,35.96,7,43,1042.9,1.0,1,125.96
72179,00072179.jpg,1785599927416861184,9.095,53.176,36.824,9,47,1110.2,1.19,1,126.824
72180,00072180.jpg,1785599927450299904,9.585,52.747,37.253,8,48,1151.2,0.59,1,127.253
72181,00072181.jpg,1785599927483929088,9.85,52.341,37.659,8,48,1173.5,0.84,1,127.659
72182,00072182.jpg,1785599927517546240,9.944,52.188,37.812,7,48,1173.6,0.77,1,127.812
72183,00072183.jpg,1785599927550152192,9.951,52.57,37.43,8,50,1190.8,0.76,1,127.43
72184,00072184.jpg,1785599927583934720,9.923,52.714,37.286,8,51,1188.2,0.89,1,127.286
72185,00072185.jpg,1785599927617719808,10.091,52.894,37.106,9,52,1199.6,0.86,1,127.106
72186,00072186.jpg,1785599927649787904,10.391,52.766,37.234,9,52,1199.5,0.66,1,127.234
72187,00072187.jpg,1785599927683183104,11.125,52.855,37.145,9,52,1192.5,0.68,1,127.145
72188,00072188.jpg,1785599927716652800,11.952,52.998,37.002,8,49,1172.4,0.79,1,127.002
72189,00072189.jpg,1785599927749808896,12.913,52.907,37.093,8,44,1024.1,0.8,1,127.093
72190,00072190.jpg,1785599927783202048,13.854,53.004,36.996,7,41,1012.1,0.6,1,126.996
72191,00072191.jpg,1785599927817595392,14.466,52.886,37.114,7,41,1002.1,0.55,1,127.114
72192,00072192.jpg,1785599927850167552,11.11,52.817,37.183,7,41,993.4,0.93,1,127.183
72193,00072193.jpg,1785599927883636992,6.63,53.077,36.923,8,43,1006.8,0.64,1,126.923
72194,00072194.jpg,1785599927916916480,6.969,52.961,37.039,8,43,998.3,0.58,1,127.039
72195,00072195.jpg,1785599927949928960,8.019,53.018,36.982,7,41,979.6,0.56,1,126.982
72196,00072196.jpg,1785599927983307008,8.838,52.795,37.205,8,43,986.4,0.41,1,127.205
72197,00072197.jpg,1785599928017612800,9.337,52.899,37.101,8,41,980.1,0.46,1,127.101
72198,00072198.jpg,1785599928050608384,9.752,53.221,36.779,8,40,967.1,0.55,1,126.779
72199,00072199.jpg,1785599928084310784,10.261,53.052,36.948,6,36,949.8,0.28,1,126.948
72200,00072200.jpg,1785599928116621824,10.865,52.92,37.08,6,36,943.4,0.45,1,127.08
72201,00072201.jpg,1785599928151399168,11.642,53.192,36.808,6,36,950.7,0.74,1,126.808
72202,00072202.jpg,1785599928183537152,12.671,53.07,36.93,5,34,936.1,0.62,1,126.93
72203,00072203.jpg,1785599928216587776,13.652,53.442,36.558,6,38,963.2,0.36,1,126.558
72204,00072204.jpg,1785599928249874432,14.648,53.273,36.727,5,34,928.5,0.39,1,126.727
72205,00072205.jpg,1785599928283379968,15.687,53.002,36.998,6,35,939.9,0.61,1,126.998
72206,00072206.jpg,1785599928316830720,16.31,52.935,37.065,6,36,934.9,0.46,1,127.065
72207,00072207.jpg,1785599928350383360,11.225,52.911,37.089,6,36,932.8,0.41,1,127.089
72208,00072208.jpg,1785599928383855872,5.139,52.712,37.288,6,33,923.9,0.69,1,127.288
72209,00072209.jpg,1785599928416589312,5.68,53.244,36.756,7,35,947.9,0.48,1,126.756
72210,00072210.jpg,1785599928450017280,7.165,53.167,36.833,7,35,947.4,0.55,1,126.833
72211,00072211.jpg,1785599928483495680,8.309,52.774,37.226,5,33,946.3,0.81,1,127.226
72212,00072212.jpg,1785599928516988160,9.008,53.08,36.92,6,33,960.9,0.55,1,126.92
72213,00072213.jpg,1785599928550281216,9.537,52.769,37.231,5,33,952.1,0.54,1,127.231
72214,00072214.jpg,1785599928583674624,10.153,53.009,36.991,6,34,966.5,0.67,1,126.991
72215,00072215.jpg,1785599928617645568,10.701,53.077,36.923,6,33,956.5,0.69,1,126.923
72216,00072216.jpg,1785599928650027776,11.461,52.806,37.194,5,33,968.1,0.51,1,127.194
72217,00072217.jpg,1785599928683828480,12.462,52.908,37.092,5,33,972.9,0.42,1,127.092
72218,00072218.jpg,1785599928717609728,13.226,52.787,37.213,5,33,965.6,0.49,1,127.213
72219,00072219.jpg,1785599928750641920,13.659,52.69,37.31,5,33,960.5,0.29,1,127.31
72220,00072220.jpg,1785599928783649792,8.186,52.994,37.006,5,34,971.3,0.61,1,127.006
72221,00072221.jpg,1785599928817905408,6.886,52.775,37.225,5,35,977.8,0.41,1,127.225
72222,00072222.jpg,1785599928850372096,7.656,52.806,37.194,5,33,966.1,0.34,1,127.194
72223,00072223.jpg,1785599928883198720,8.496,52.79,37.21,6,36,981.7,0.78,1,127.21
72224,00072224.jpg,1785599928917805056,9.067,53.015,36.985,4,31,969.7,0.46,1,126.985
72225,00072225.jpg,1785599928950528000,9.398,52.916,37.084,6,38,984.1,0.64,1,127.084
72226,00072226.jpg,1785599928983306752,9.576,52.675,37.325,5,33,953.3,0.63,1,127.325
72227,00072227.jpg,1785599929017551104,9.666,52.833,37.167,5,33,931.8,0.31,1,127.167
72228,00072228.jpg,1785599929050075136,9.704,52.994,37.006,3,28,920.2,0.49,1,127.006
72229,00072229.jpg,1785599929083718400,9.908,52.936,37.064,5,31,932.4,0.49,1,127.064
72230,00072230.jpg,1785599929116715776,10.265,52.638,37.362,5,31,928.0,0.44,1,127.362
72231,00072231.jpg,1785599929149825024,10.905,53.093,36.907,3,27,924.4,0.48,1,126.907
72232,00072232.jpg,1785599929183272704,11.491,53.345,36.655,4,29,944.8,0.58,1,126.655
72233,00072233.jpg,1785599929217563136,10.762,53.53,36.47,4,31,953.7,0.55,1,126.47
72234,00072234.jpg,1785599929250275328,8.608,53.757,36.243,5,31,974.3,0.39,1,126.243
72235,00072235.jpg,1785599929283693312,8.605,53.989,36.011,5,31,981.2,0.53,1,126.011
72236,00072236.jpg,1785599929316707584,9.04,53.223,36.777,5,29,978.1,0.69,1,126.777
72237,00072237.jpg,1785599929349896960,9.363,53.237,36.763,3,29,978.4,0.53,1,126.763
72238,00072238.jpg,1785599929383448576,9.555,52.673,37.327,4,33,1003.2,0.41,1,127.327
72239,00072239.jpg,1785599929416570368,9.653,52.887,37.113,3,26,964.6,0.77,1,127.113
72240,00072240.jpg,1785599929450632192,9.694,52.899,37.101,3,27,971.9,0.37,1,127.101
72241,00072241.jpg,1785599929484310016,9.721,52.976,37.024,4,29,976.1,0.58,1,127.024
72242,00072242.jpg,1785599929516857856,9.736,53.112,36.888,4,28,982.8,0.46,1,126.888
72243,00072243.jpg,1785599929550044416,9.741,53.068,36.932,4,28,995.0,0.46,1,126.932
72244,00072244.jpg,1785599929584376832,9.744,52.959,37.041,5,30,984.4,0.52,1,127.041
72245,00072245.jpg,1785599929616668672,9.747,53.034,36.966,5,32,1006.1,0.64,1,126.966
72246,00072246.jpg,1785599929650054400,9.75,52.8,37.2,3,21,736.2,0.41,1,127.2
72247,00072247.jpg,1785599929683449856,9.752,52.739,37.261,4,23,746.3,0.5,1,127.261
72248,00072248.jpg,1785599929716793856,9.756,53.143,36.857,4,22,751.9,0.3,1,126.857
72249,00072249.jpg,1785599929749747200,9.756,53.196,36.804,3,20,737.8,0.35,1,126.804
72250,00072250.jpg,1785599929784353024,9.764,53.254,36.746,4,23,755.0,0.39,1,126.746
72251,00072251.jpg,1785599929816785664,9.759,52.852,37.148,3,20,747.0,0.42,1,127.148
72252,00072252.jpg,1785599929850437120,9.759,52.871,37.129,3,20,742.4,0.46,1,127.129
72253,00072253.jpg,1785599929884234496,9.757,53.412,36.588,3,20,743.3,0.4,1,126.588
72254,00072254.jpg,1785599929916754688,9.756,52.591,37.409,3,20,733.4,0.27,1,127.409
72255,00072255.jpg,1785599929949872128,9.756,52.677,37.323,4,21,734.0,0.46,1,127.323
72256,00072256.jpg,1785599929984274176,9.756,53.101,36.899,3,19,728.2,0.28,1,126.899
72257,00072257.jpg,1785599930016557312,9.757,52.806,37.194,4,20,741.1,0.53,1,127.194
72258,00072258.jpg,1785599930051166208,9.757,53.107,36.893,4,20,744.2,0.48,1,126.893
72259,00072259.jpg,1785599930083350272,9.758,52.943,37.057,3,18,731.3,0.42,1,127.057
72260,00072260.jpg,1785599930116392704,9.758,52.925,37.075,4,20,743.0,0.2,1,127.075
72261,00072261.jpg,1785599930149728768,9.759,52.732,37.268,3,18,730.3,0.43,1,127.268
72262,00072262.jpg,1785599930184449024,9.759,53.181,36.819,3,18,731.2,0.36,1,126.819
72263,00072263.jpg,1785599930216518656,9.76,52.944,37.056,4,20,755.2,0.26,1,127.056
72264,00072264.jpg,1785599930249812992,9.76,53.008,36.992,3,18,735.7,0.27,1,126.992
72265,00072265.jpg,1785599930283071232,9.761,53.246,36.754,3,18,728.3,0.42,1,126.754
72266,00072266.jpg,1785599930316539392,9.761,53.077,36.923,3,18,736.2,0.2,1,126.923
72267,00072267.jpg,1785599930349725952,9.762,53.34,36.66,3,16,725.6,0.32,1,126.66
72268,00072268.jpg,1785599930383247616,9.762,52.837,37.163,3,17,733.6,0.36,1,127.163
72269,00072269.jpg,1785599930416849920,9.762,52.993,37.007,3,18,737.5,0.27,1,127.007
72270,00072270.jpg,1785599930450140672,9.763,52.914,37.086,3,17,730.9,0.54,1,127.086
72271,00072271.jpg,1785599930483072000,9.764,52.874,37.126,3,18,732.9,0.41,1,127.126
72272,00072272.jpg,1785599930516824320,9.772,52.57,37.43,3,18,723.2,0.51,1,127.43
72273,00072273.jpg,1785599930550268928,9.768,52.481,37.519,3,18,699.0,0.59,1,127.519
72274,00072274.jpg,1785599930584189952,9.774,52.972,37.028,3,18,665.6,0.19,1,127.028
72275,00072275.jpg,1785599930616553984,9.773,53.048,36.952,3,18,655.0,0.37,1,126.952
72276,00072276.jpg,1785599930650329600,9.771,53.356,36.644,3,18,657.4,0.24,1,126.644
72277,00072277.jpg,1785599930683343104,9.77,53.236,36.764,3,18,657.9,0.41,1,126.764
72278,00072278.jpg,1785599930717472768,9.767,53.051,36.949,3,21,652.5,0.27,1,126.949
72279,00072279.jpg,1785599930750118656,9.767,53.256,36.744,3,19,640.8,0.38,1,126.744
72280,00072280.jpg,1785599930783274496,9.766,52.918,37.082,4,20,616.6,0.32,1,127.082
72281,00072281.jpg,1785599930816718336,9.766,53.342,36.658,4,18,588.8,0.41,1,126.658
72282,00072282.jpg,1785599930850160384,9.766,52.942,37.058,4,17,552.2,0.29,1,127.058
72283,00072283.jpg,1785599930883025152,9.766,53.316,36.684,3,15,529.0,0.46,1,126.684
72284,00072284.jpg,1785599930917366272,9.767,53.339,36.661,3,15,520.9,0.35,1,126.661
72285,00072285.jpg,1785599930950081536,9.767,53.48,36.52,3,16,516.8,0.37,1,126.52
72286,00072286.jpg,1785599930983982080,9.767,53.728,36.272,3,15,505.5,0.74,1,126.272
72287,00072287.jpg,1785599931016495104,9.768,53.079,36.921,3,15,499.1,0.35,1,126.921
72288,00072288.jpg,1785599931050071296,9.762,52.942,37.058,3,15,491.1,0.23,1,127.058
72289,00072289.jpg,1785599931084300800,9.267,53.163,36.837,3,15,482.6,0.66,1,126.837
72290,00072290.jpg,1785599931116463104,8.039,53.007,36.993,3,15,469.5,0.72,1,126.993
72291,00072291.jpg,1785599931149866240,6.824,53.265,36.735,3,15,463.4,0.3,1,126.735
72292,00072292.jpg,1785599931184395264,5.318,52.892,37.108,3,15,452.7,0.52,1,127.108
72293,00072293.jpg,1785599931216397824,4.735,53.03,36.97,3,15,439.9,1.37,1,126.97
72294,00072294.jpg,1785599931250259968,4.249,53.461,36.539,3,15,425.9,0.55,1,126.539
72295,00072295.jpg,1785599931283463168,8.492,53.762,36.238,3,15,413.8,0.67,1,126.238
72296,00072296.jpg,1785599931316761856,9.306,53.365,36.635,3,15,399.3,0.37,1,126.635
72297,00072297.jpg,1785599931349716224,9.66,52.888,37.112,3,15,384.4,0.33,1,127.112
72298,00072298.jpg,1785599931383491328,9.808,53.027,36.973,3,17,364.3,0.87,1,126.973
72299,00072299.jpg,1785599931416730880,9.863,52.729,37.271,3,16,350.7,0.46,1,127.271
72300,00072300.jpg,1785599931450148864,9.896,52.648,37.352,3,16,335.7,1.51,1,127.352
72301,00072301.jpg,1785599931483369984,9.907,53.765,36.235,3,14,311.4,0.94,1,126.235
72302,00072302.jpg,1785599931516373504,9.911,52.805,37.195,3,13,298.5,1.23,1,127.195
72303,00072303.jpg,1785599931549705216,9.912,53.096,36.904,3,12,285.2,0.15,1,126.904
72304,00072304.jpg,1785599931584213248,9.912,53.238,36.762,4,19,414.5,0.39,1,126.762
72305,00072305.jpg,1785599931616434432,9.912,53.397,36.603,4,18,400.5,1.09,1,126.603
72306,00072306.jpg,1785599931650133504,9.911,53.073,36.927,3,18,388.9,0.65,1,126.927
72307,00072307.jpg,1785599931684365824,9.91,53.011,36.989,3,17,385.0,0.82,1,126.989
72308,00072308.jpg,1785599931716724224,9.909,53.143,36.857,4,19,392.3,1.09,1,126.857
72309,00072309.jpg,1785599931750313728,9.909,52.803,37.197,3,12,190.0,1.14,1,127.197
72310,00072310.jpg,1785599931784147712,9.908,52.729,37.271,4,14,222.2,1.08,1,127.271
72311,00072311.jpg,1785599931816395008,9.908,53.264,36.736,5,24,366.4,0.62,1,126.736
72312,00072312.jpg,1785599931850033664,9.907,53.523,36.477,4,16,228.8,1.62,1,126.477
72313,00072313.jpg,1785599931884052992,9.906,53.237,36.763,5,22,374.1,0.75,1,126.763
72314,00072314.jpg,1785599931916738816,9.905,53.483,36.517,5,22,383.1,1.18,1,126.517
72315,00072315.jpg,1785599931950640128,9.904,53.348,36.652,5,22,391.7,1.47,1,126.652
72316,00072316.jpg,1785599931983456000,9.904,53.339,36.661,5,23,394.5,1.24,1,126.661
72317,00072317.jpg,1785599932017049088,9.903,53.34,36.66,5,24,413.7,1.4,1,126.66
72318,00072318.jpg,1785599932050140160,9.902,53.129,36.871,6,29,456.2,0.87,1,126.871
72319,00072319.jpg,1785599932083141120,9.902,53.135,36.865,7,26,458.9,1.36,1,126.865
72320,00072320.jpg,1785599932116771072,9.901,53.42,36.58,7,36,761.6,1.08,1,126.58
72321,00072321.jpg,1785599932149856512,9.9,53.111,36.889,8,40,822.4,0.76,1,126.889
72322,00072322.jpg,1785599932183678720,9.9,53.391,36.609,7,35,855.0,0.93,1,126.609
72323,00072323.jpg,1785599932216745984,9.899,53.319,36.681,10,42,890.5,0.95,1,126.681
72324,00072324.jpg,1785599932250503680,9.898,53.626,36.374,9,41,892.7,1.0,1,126.374
72325,00072325.jpg,1785599932283669504,9.898,53.256,36.744,11,49,1288.2,0.86,1,126.744
72326,00072326.jpg,1785599932316673792,9.897,53.34,36.66,12,53,1376.6,0.75,1,126.66
72327,00072327.jpg,1785599932349912320,9.896,53.086,36.914,11,55,1474.6,0.64,1,126.914
72328,00072328.jpg,1785599932383238144,9.896,53.202,36.798,11,56,1510.0,0.69,1,126.798
72329,00072329.jpg,1785599932416493312,9.898,53.202,36.798,12,56,1526.4,0.8,1,126.798
72330,00072330.jpg,1785599932450085120,9.913,53.452,36.548,13,57,1546.3,0.82,1,126.548
72331,00072331.jpg,1785599932483412736,9.957,53.447,36.553,11,56,1525.2,0.78,1,126.553
72332,00072332.jpg,1785599932516482304,9.895,54.384,35.616,12,56,1525.6,0.88,1,125.616
72333,00072333.jpg,1785599932550187264,9.906,55.04,34.96,13,57,1535.8,0.76,1,124.96
72334,00072334.jpg,1785599932584133888,9.906,55.837,34.163,13,57,1537.3,0.75,1,124.163
72335,00072335.jpg,1785599932616410624,9.891,55.921,34.079,11,56,1537.2,0.78,1,124.079
72336,00072336.jpg,1785599932650022144,9.891,55.755,34.245,11,57,1552.3,0.85,1,124.245
72337,00072337.jpg,1785599932683519744,9.889,55.847,34.153,13,56,1546.0,0.7,1,124.153
72338,00072338.jpg,1785599932716462848,9.889,56.132,33.868,12,55,1545.9,0.79,1,123.868
72339,00072339.jpg,1785599932749870080,9.888,56.059,33.941,13,60,1580.1,0.62,1,123.941
72340,00072340.jpg,1785599932783016192,9.887,55.541,34.459,13,60,1575.5,0.67,1,124.459
72341,00072341.jpg,1785599932817199104,9.887,55.892,34.108,13,59,1578.7,0.91,1,124.108
72342,00072342.jpg,1785599932849982976,9.886,55.902,34.098,12,59,1595.7,0.9,1,124.098
72343,00072343.jpg,1785599932883400704,9.385,55.877,34.123,12,59,1595.0,0.83,1,124.123
72344,00072344.jpg,1785599932916626944,8.721,56.245,33.755,13,62,1596.0,0.73,1,123.755
72345,00072345.jpg,1785599932950099712,7.021,56.078,33.922,12,59,1602.9,0.82,1,123.922
72346,00072346.jpg,1785599932983869440,5.321,55.941,34.059,14,60,1604.1,0.77,1,124.059
72347,00072347.jpg,1785599933016513024,4.76,56.037,33.963,12,58,1608.3,0.83,1,123.963
72348,00072348.jpg,1785599933050289408,5.152,56.078,33.922,12,62,1617.1,0.64,1,123.922
72349,00072349.jpg,1785599933083289856,7.706,55.885,34.115,12,60,1624.3,0.66,1,124.115
72350,00072350.jpg,1785599933117247744,9.26,55.894,34.106,12,59,1633.1,0.68,1,124.106
72351,00072351.jpg,1785599933150018560,9.606,56.09,33.91,13,60,1627.7,0.64,1,123.91
72352,00072352.jpg,1785599933183035648,9.683,56.082,33.918,12,61,1630.6,0.8,1,123.918
72353,00072353.jpg,1785599933217596416,9.817,56.051,33.949,13,60,1631.2,0.79,1,123.949
72354,00072354.jpg,1785599933249963776,9.843,56.16,33.84,12,58,1651.7,0.51,1,123.84
72355,00072355.jpg,1785599933283496704,9.854,56.269,33.731,11,58,1638.0,0.71,1,123.731
72356,00072356.jpg,1785599933316773376,9.859,56.116,33.884,12,60,1652.7,0.51,1,123.884
72357,00072357.jpg,1785599933350081280,9.868,56.267,33.733,13,60,1656.4,0.8,1,123.733
72358,00072358.jpg,1785599933383500800,9.876,56.249,33.751,12,60,1645.8,0.86,1,123.751
72359,00072359.jpg,1785599933416619520,9.865,56.14,33.86,13,62,1646.1,1.09,1,123.86
72360,00072360.jpg,1785599933450880000,9.872,56.243,33.757,13,65,1647.6,0.76,1,123.757
72361,00072361.jpg,1785599933483351808,9.874,55.92,34.08,13,61,1618.4,0.55,1,124.08
72362,00072362.jpg,1785599933517803264,9.872,55.685,34.315,12,62,1633.1,0.51,1,124.315
72363,00072363.jpg,1785599933550205696,9.871,55.954,34.046,12,59,1636.8,0.62,1,124.046
72364,00072364.jpg,1785599933583356928,9.867,55.785,34.215,12,59,1645.4,0.64,1,124.215
72365,00072365.jpg,1785599933616677376,9.865,55.874,34.126,12,58,1641.2,0.54,1,124.126
72366,00072366.jpg,1785599933650134528,9.864,55.743,34.257,12,59,1640.0,0.58,1,124.257
72367,00072367.jpg,1785599933683115520,9.864,55.92,34.08,12,58,1633.2,0.71,1,124.08
72368,00072368.jpg,1785599933716726272,9.864,55.771,34.229,12,58,1630.2,0.8,1,124.229
72369,00072369.jpg,1785599933750065152,9.864,55.718,34.282,12,60,1630.5,0.87,1,124.282
72370,00072370.jpg,1785599933783754496,9.864,55.828,34.172,12,60,1636.1,0.61,1,124.172
72371,00072371.jpg,1785599933816740864,9.863,56.011,33.989,13,63,1631.7,0.63,1,123.989
72372,00072372.jpg,1785599933849979904,9.863,55.862,34.138,12,61,1627.9,0.79,1,124.138
72373,00072373.jpg,1785599933883213824,9.863,55.894,34.106,13,62,1619.5,0.48,1,124.106
72374,00072374.jpg,1785599933917558016,9.863,56.075,33.925,15,65,1619.3,0.53,1,123.925
72375,00072375.jpg,1785599933949963520,9.863,55.605,34.395,13,63,1618.0,0.72,1,124.395
72376,00072376.jpg,1785599933983523328,9.864,55.957,34.043,15,66,1620.1,0.75,1,124.043
72377,00072377.jpg,1785599934016505344,9.864,55.839,34.161,14,66,1616.9,0.69,1,124.161
72378,00072378.jpg,1785599934049922560,9.864,55.752,34.248,14,67,1605.6,0.84,1,124.248
72379,00072379.jpg,1785599934083395584,9.864,55.915,34.085,15,65,1599.6,0.71,1,124.085
72380,00072380.jpg,1785599934116661760,9.864,56.037,33.963,15,68,1595.7,0.77,1,123.963
72381,00072381.jpg,1785599934149957120,9.864,55.908,34.092,15,66,1581.3,0.46,1,124.092
72382,00072382.jpg,1785599934183363584,9.865,55.992,34.008,15,66,1583.2,1.13,1,124.008
72383,00072383.jpg,1785599934216464384,9.636,55.88,34.12,15,68,1573.0,0.67,1,124.12
72384,00072384.jpg,1785599934250426624,9.028,56.036,33.964,13,66,1571.6,0.75,1,123.964
72385,00072385.jpg,1785599934283356672,9.716,55.94,34.06,15,70,1572.1,0.63,1,124.06
72386,00072386.jpg,1785599934316637440,9.803,55.936,34.064,14,66,1552.1,0.87,1,124.064
72387,00072387.jpg,1785599934350056704,9.84,55.984,34.016,13,63,1527.0,0.71,1,124.016
72388,00072388.jpg,1785599934383672576,9.855,55.832,34.168,13,61,1526.6,0.81,1,124.168
72389,00072389.jpg,1785599934416752896,9.862,56.014,33.986,14,67,1514.4,0.63,1,123.986
72390,00072390.jpg,1785599934450561280,9.864,56.069,33.931,14,62,1519.7,0.67,1,123.931
72391,00072391.jpg,1785599934483323904,9.866,55.828,34.172,13,59,1507.0,0.74,1,124.172
72392,00072392.jpg,1785599934516676608,9.866,55.983,34.017,14,62,1499.3,0.62,1,124.017
72393,00072393.jpg,1785599934549997056,9.867,55.833,34.167,14,62,1513.8,0.7,1,124.167
72394,00072394.jpg,1785599934583527424,9.867,55.687,34.313,13,57,1492.4,0.84,1,124.313
72395,00072395.jpg,1785599934616413696,9.867,55.831,34.169,13,56,1484.3,0.86,1,124.169
72396,00072396.jpg,1785599934651078144,9.867,56.011,33.989,13,57,1494.4,0.7,1,123.989
72397,00072397.jpg,1785599934683025408,9.867,55.96,34.04,13,58,1492.5,0.64,1,124.04
72398,00072398.jpg,1785599934717315072,9.868,55.871,34.129,13,56,1492.7,0.7,1,124.129
72399,00072399.jpg,1785599934750149888,9.868,55.876,34.124,13,59,1496.7,0.59,1,124.124
72400,00072400.jpg,1785599934783459584,9.868,55.821,34.179,13,57,1502.8,0.76,1,124.179
72401,00072401.jpg,1785599934816826368,9.868,55.812,34.188,12,55,1474.9,0.8,1,124.188
72402,00072402.jpg,1785599934849783808,9.908,55.952,34.048,14,56,1505.0,0.73,1,124.048
72403,00072403.jpg,1785599934883228416,10.226,55.765,34.235,12,54,1492.4,0.71,1,124.235
72404,00072404.jpg,1785599934916832512,10.661,55.805,34.195,11,53,1469.4,0.56,1,124.195
72405,00072405.jpg,1785599934949978368,11.507,55.74,34.26,11,52,1472.5,0.72,1,124.26
72406,00072406.jpg,1785599934983383808,12.445,55.695,34.305,11,52,1463.5,0.54,1,124.305
72407,00072407.jpg,1785599935016800000,13.079,55.916,34.084,11,52,1477.6,0.82,1,124.084
72408,00072408.jpg,1785599935050376448,11.075,55.682,34.318,10,51,1492.2,0.83,1,124.318
72409,00072409.jpg,1785599935083630080,7.726,55.863,34.137,9,53,1499.2,0.84,1,124.137
72410,00072410.jpg,1785599935116589824,7.869,55.673,34.327,10,51,1461.7,0.82,1,124.327
72411,00072411.jpg,1785599935150003200,8.577,55.602,34.398,11,53,1496.5,0.68,1,124.398
72412,00072412.jpg,1785599935183295744,9.281,55.601,34.399,12,54,1488.7,0.53,1,124.399
72413,00072413.jpg,1785599935216958976,10.148,55.726,34.274,11,54,1487.2,0.65,1,124.274
72414,00072414.jpg,1785599935250526464,10.629,55.896,34.104,11,53,1497.4,0.68,1,124.104
72415,00072415.jpg,1785599935283375616,11.47,55.904,34.096,12,52,1493.8,0.62,1,124.096
72416,00072416.jpg,1785599935316423936,11.804,55.783,34.217,11,54,1496.5,0.71,1,124.217
72417,00072417.jpg,1785599935350052608,12.645,55.692,34.308,11,54,1492.5,0.74,1,124.308
72418,00072418.jpg,1785599935383245824,9.059,55.68,34.32,12,55,1497.1,0.67,1,124.32
72419,00072419.jpg,1785599935416588032,8.036,55.79,34.21,12,53,1499.5,0.69,1,124.21
72420,00072420.jpg,1785599935450080000,8.49,55.697,34.303,12,53,1503.1,0.77,1,124.303
72421,00072421.jpg,1785599935483757312,9.047,55.79,34.21,12,58,1516.8,0.57,1,124.21
72422,00072422.jpg,1785599935516571904,9.43,56.002,33.998,12,56,1514.8,0.58,1,123.998
72423,00072423.jpg,1785599935549854720,9.655,55.856,34.144,13,55,1505.4,0.69,1,124.144
72424,00072424.jpg,1785599935583502080,9.776,55.702,34.298,13,56,1512.5,0.69,1,124.298
72425,00072425.jpg,1785599935616715008,9.838,55.65,34.35,13,60,1517.6,0.74,1,124.35
72426,00072426.jpg,1785599935649965568,9.869,55.861,34.139,13,56,1523.8,0.63,1,124.139
72427,00072427.jpg,1785599935683024640,9.884,55.786,34.214,12,60,1519.9,0.46,1,124.214
72428,00072428.jpg,1785599935717328128,9.891,55.777,34.223,13,59,1526.4,0.85,1,124.223
72429,00072429.jpg,1785599935749723392,9.895,55.849,34.151,12,58,1527.5,0.46,1,124.151
72430,00072430.jpg,1785599935783564032,9.896,55.729,34.271,13,63,1537.1,0.65,1,124.271
72431,00072431.jpg,1785599935817355520,9.897,55.58,34.42,12,55,1517.9,0.81,1,124.42
72432,00072432.jpg,1785599935849961216,9.906,55.841,34.159,12,56,1508.3,0.66,1,124.159
72433,00072433.jpg,1785599935883393280,9.942,55.763,34.237,11,59,1510.5,0.75,1,124.237
72434,00072434.jpg,1785599935916348160,9.9,56.472,33.528,13,58,1487.5,0.75,1,123.528
72435,00072435.jpg,1785599935950342144,9.912,56.942,33.058,11,56,1480.4,0.76,1,123.058
72436,00072436.jpg,1785599935983225088,9.909,57.268,32.732,10,53,1441.9,0.82,1,122.732
72437,00072437.jpg,1785599936017528064,9.9,57.403,32.597,11,55,1467.3,0.67,1,122.597
72438,00072438.jpg,1785599936049726976,9.901,57.366,32.634,10,52,1441.2,0.66,1,122.634
72439,00072439.jpg,1785599936084203520,9.901,57.215,32.785,10,50,1435.2,0.69,1,122.785
72440,00072440.jpg,1785599936116589568,9.901,57.163,32.837,10,52,1439.3,0.62,1,122.837
72441,00072441.jpg,1785599936150103296,9.901,57.447,32.553,8,44,1349.4,0.52,1,122.553
72442,00072442.jpg,1785599936183974912,9.902,57.392,32.608,9,50,1400.5,0.74,1,122.608
72443,00072443.jpg,1785599936216596480,9.904,57.222,32.778,9,45,1367.4,0.61,1,122.778
72444,00072444.jpg,1785599936250252544,9.916,57.3,32.7,8,45,1351.4,0.84,1,122.7
72445,00072445.jpg,1785599936283963392,9.937,57.387,32.613,7,42,1305.6,1.29,1,122.613
72446,00072446.jpg,1785599936316345344,9.917,57.635,32.365,8,44,1295.1,1.28,1,122.365
72447,00072447.jpg,1785599936349986560,9.923,57.528,32.472,8,43,1254.9,1.12,1,122.472
72448,00072448.jpg,1785599936383309056,9.94,57.623,32.377,7,37,1167.1,0.7,1,122.377
72449,00072449.jpg,1785599936416809728,9.943,57.35,32.65,7,36,1166.9,0.85,1,122.65
72450,00072450.jpg,1785599936449699584,9.947,57.347,32.653,8,42,1244.7,0.3,1,122.653
72451,00072451.jpg,1785599936483118848,9.934,57.443,32.557,7,37,1186.9,0.31,1,122.557
72452,00072452.jpg,1785599936517637120,9.92,57.443,32.557,8,42,1223.9,0.23,1,122.557
72453,00072453.jpg,1785599936550281984,9.915,57.418,32.582,7,40,1224.6,0.62,1,122.582
72454,00072454.jpg,1785599936583207680,9.91,57.397,32.603,7,40,1236.9,0.56,1,122.603
72455,00072455.jpg,1785599936616516864,9.909,57.392,32.608,7,40,1243.5,0.4,1,122.608
72456,00072456.jpg,1785599936649933824,9.91,57.461,32.539,8,40,1247.6,0.24,1,122.539
72457,00072457.jpg,1785599936683150336,9.91,57.233,32.767,6,37,1238.7,0.49,1,122.767
72458,00072458.jpg,1785599936716809216,9.911,57.373,32.627,7,40,1262.8,0.41,1,122.627
72459,00072459.jpg,1785599936751246080,9.912,57.429,32.571,6,38,1249.0,0.48,1,122.571
72460,00072460.jpg,1785599936784173312,9.912,57.367,32.633,6,38,1258.4,0.75,1,122.633
72461,00072461.jpg,1785599936816361472,9.913,57.267,32.733,6,38,1260.2,0.46,1,122.733
72462,00072462.jpg,1785599936850049536,9.915,57.506,32.494,7,38,1262.9,0.38,1,122.494
72463,00072463.jpg,1785599936883059200,9.928,57.414,32.586,6,38,1259.9,0.49,1,122.586
72464,00072464.jpg,1785599936916453120,9.918,57.311,32.689,6,37,1239.0,0.68,1,122.689
72465,00072465.jpg,1785599936950055936,9.928,57.361,32.639,6,35,1233.8,0.54,1,122.639
72466,00072466.jpg,1785599936983102208,9.922,57.256,32.744,6,35,1233.8,0.34,1,122.744
72467,00072467.jpg,1785599937017617920,9.922,57.142,32.858,6,36,1241.9,0.38,1,122.858
72468,00072468.jpg,1785599937050122240,9.921,57.344,32.656,6,35,1244.7,0.43,1,122.656
72469,00072469.jpg,1785599937083390720,9.919,57.248,32.752,6,36,1255.2,0.28,1,122.752
72470,00072470.jpg,1785599937116627712,9.919,57.326,32.674,6,35,1259.2,0.41,1,122.674
72471,00072471.jpg,1785599937149874432,9.919,57.222,32.778,6,36,1260.9,0.32,1,122.778
72472,00072472.jpg,1785599937183397120,9.773,57.229,32.771,6,36,1260.9,0.23,1,122.771
72473,00072473.jpg,1785599937216360704,9.028,57.057,32.943,6,36,1265.3,0.34,1,122.943
72474,00072474.jpg,1785599937249664512,7.867,57.237,32.763,6,36,1269.2,0.41,1,122.763
72475,00072475.jpg,1785599937283964416,6.053,57.142,32.858,6,35,1266.8,0.3,1,122.858
72476,00072476.jpg,1785599937316541440,4.897,57.277,32.723,6,36,1272.8,0.42,1,122.723
72477,00072477.jpg,1785599937350200576,4.048,57.302,32.698,6,36,1274.0,0.46,1,122.698
72478,00072478.jpg,1785599937383079168,3.714,57.086,32.914,6,36,1277.7,0.44,1,122.914
72479,00072479.jpg,1785599937416510464,4.241,56.815,33.185,5,33,1251.0,0.43,1,123.185
72480,00072480.jpg,1785599937450119168,7.985,57.314,32.686,6,36,1282.0,0.47,1,122.686
72481,00072481.jpg,1785599937483143424,9.061,57.039,32.961,6,35,1260.8,0.42,1,122.961
72482,00072482.jpg,1785599937517069312,9.535,57.197,32.803,5,34,1252.5,0.37,1,122.803
72483,00072483.jpg,1785599937549999104,9.737,57.375,32.625,5,34,1255.9,0.48,1,122.625
72484,00072484.jpg,1785599937583306240,9.781,57.232,32.768,5,27,1032.5,0.52,1,122.768
72485,00072485.jpg,1785599937616583168,9.858,57.34,32.66,5,28,1027.9,0.25,1,122.66
72486,00072486.jpg,1785599937650085888,9.873,57.254,32.746,4,17,718.5,0.22,1,122.746
72487,00072487.jpg,1785599937683356928,9.88,57.675,32.325,5,19,714.8,0.48,1,122.325
72488,00072488.jpg,1785599937716765696,9.882,57.638,32.362,4,20,712.3,0.43,1,122.362
72489,00072489.jpg,1785599937749835776,9.883,56.874,33.126,5,19,694.5,0.32,1,123.126
72490,00072490.jpg,1785599937783109632,9.884,57.271,32.729,4,18,671.4,0.61,1,122.729
72491,00072491.jpg,1785599937816663808,9.884,57.398,32.602,5,20,665.5,0.66,1,122.602
72492,00072492.jpg,1785599937849805056,9.884,57.214,32.786,6,21,652.9,0.55,1,122.786
72493,00072493.jpg,1785599937883049728,9.884,57.159,32.841,6,23,646.6,0.36,1,122.841
72494,00072494.jpg,1785599937916344832,9.979,57.426,32.574,4,20,604.3,0.62,1,122.574
72495,00072495.jpg,1785599937950052352,10.29,57.281,32.719,4,18,573.6,0.54,1,122.719
72496,00072496.jpg,1785599937983447808,11.03,56.978,33.022,6,20,529.1,0.99,1,123.022
72497,00072497.jpg,1785599938016456448,11.86,57.179,32.821,5,19,425.3,0.83,1,122.821
72498,00072498.jpg,1785599938050025216,12.752,56.799,33.201,5,12,283.9,1.39,1,123.201
72499,00072499.jpg,1785599938083084032,13.739,57.489,32.511,5,13,257.7,0.23,1,122.511
72500,00072500.jpg,1785599938116734208,14.346,57.446,32.554,2,7,216.8,0.75,1,122.554
72501,00072501.jpg,1785599938149802240,11.217,57.767,32.233,3,8,229.5,0.23,1,122.233
72502,00072502.jpg,1785599938183424000,6.812,58.016,31.984,4,16,376.6,0.47,1,121.984
72503,00072503.jpg,1785599938216604928,7.095,57.812,32.188,4,18,367.6,0.57,1,122.188
72504,00072504.jpg,1785599938249911296,8.236,57.502,32.498,3,18,380.5,0.32,1,122.498
72505,00072505.jpg,1785599938283470336,9.092,57.92,32.08,3,18,385.0,0.39,1,122.08
72506,00072506.jpg,1785599938316728320,10.798,57.823,32.177,4,18,384.4,0.21,1,122.177
72507,00072507.jpg,1785599938350142464,11.586,57.208,32.792,2,9,261.6,0.25,1,122.792
72508,00072508.jpg,1785599938383439616,12.647,57.385,32.615,2,8,260.5,0.19,1,122.615
72509,00072509.jpg,1785599938416361216,13.68,57.403,32.597,3,11,278.7,0.28,1,122.597
72510,00072510.jpg,1785599938450145024,14.749,57.838,32.162,3,10,279.2,0.28,1,122.162
72511,00072511.jpg,1785599938483101952,15.264,57.525,32.475,4,10,267.9,0.25,1,122.475
72512,00072512.jpg,1785599938516578816,17.128,57.582,32.418,3,19,403.1,0.58,1,122.418
72513,00072513.jpg,1785599938550429696,18.354,57.502,32.498,2,9,262.9,0.21,1,122.498
72514,00072514.jpg,1785599938583103488,19.525,57.818,32.182,2,8,260.9,0.3,1,122.182
72515,00072515.jpg,1785599938616736256,20.183,57.522,32.478,2,9,266.9,0.59,1,122.478
72516,00072516.jpg,1785599938649958912,11.496,56.722,33.278,2,9,271.2,0.47,1,123.278
72517,00072517.jpg,1785599938683271424,2.747,56.967,33.033,2,10,269.3,0.43,1,123.033
72518,00072518.jpg,1785599938716323584,3.916,56.584,33.416,3,11,286.7,0.18,1,123.416
72519,00072519.jpg,1785599938750595328,7.068,56.821,33.179,3,10,268.0,0.68,1,123.179
72520,00072520.jpg,1785599938783038464,10.649,56.821,33.179,4,21,404.2,0.29,1,123.179
72521,00072521.jpg,1785599938817544448,11.791,57.204,32.796,3,18,393.1,0.55,1,122.796
72522,00072522.jpg,1785599938850657792,12.646,57.639,32.361,4,18,380.2,0.36,1,122.361
72523,00072523.jpg,1785599938883145216,13.575,57.905,32.095,3,18,391.5,0.61,1,122.095
72524,00072524.jpg,1785599938916517888,14.132,57.368,32.632,3,19,407.1,0.8,1,122.632
72525,00072525.jpg,1785599938949931776,10.84,57.452,32.548,3,17,406.2,0.61,1,122.548
72526,00072526.jpg,1785599938983211776,6.538,57.583,32.417,4,17,422.8,0.65,1,122.417
72527,00072527.jpg,1785599939016404736,6.869,57.568,32.432,4,20,423.6,0.55,1,122.432
72528,00072528.jpg,1785599939049913600,7.897,57.622,32.378,5,21,423.8,0.16,1,122.378
72529,00072529.jpg,1785599939083273472,8.696,57.673,32.327,4,19,436.6,0.61,1,122.327
72530,00072530.jpg,1785599939117223424,9.182,57.573,32.427,6,22,438.7,0.44,1,122.427
72531,00072531.jpg,1785599939149675008,9.45,57.34,32.66,4,20,439.8,0.49,1,122.66
72532,00072532.jpg,1785599939183397376,9.589,57.395,32.605,4,21,442.8,0.31,1,122.605
72533,00072533.jpg,1785599939216792576,9.66,57.631,32.369,4,19,449.0,0.59,1,122.369
72534,00072534.jpg,1785599939250082304,9.695,57.265,32.735,4,19,444.7,0.51,1,122.735
72535,00072535.jpg,1785599939283071744,9.712,57.583,32.417,5,20,444.3,0.46,1,122.417
72536,00072536.jpg,1785599939316804608,9.721,57.382,32.618,5,22,465.2,0.39,1,122.618
72537,00072537.jpg,1785599939349801472,9.725,57.568,32.432,5,22,456.4,0.31,1,122.432
72538,00072538.jpg,1785599939383462400,9.727,57.72,32.28,5,22,456.8,0.55,1,122.28
72539,00072539.jpg,1785599939417166336,9.729,57.901,32.099,6,23,470.9,0.81,1,122.099
72540,00072540.jpg,1785599939449001216,9.73,57.229,32.771,5,21,463.7,0.51,1,122.771
72541,00072541.jpg,1785599939483021056,9.731,57.311,32.689,4,22,470.2,0.45,1,122.689
72542,00072542.jpg,1785599939516708608,9.59,57.676,32.324,3,11,318.4,0.24,1,122.324
72543,00072543.jpg,1785599939549880576,8.617,57.578,32.422,5,16,372.8,0.69,1,122.422
72544,00072544.jpg,1785599939583204096,6.816,57.712,32.288,4,15,352.8,0.63,1,122.288
72545,00072545.jpg,1785599939616690176,5.895,57.407,32.593,5,15,367.4,0.24,1,122.593
72546,00072546.jpg,1785599939650012416,4.951,57.536,32.464,5,17,375.6,0.52,1,122.464
72547,00072547.jpg,1785599939683104768,4.965,57.316,32.684,5,15,367.5,0.69,1,122.684
72548,00072548.jpg,1785599939716363776,7.838,57.677,32.323,6,18,376.2,0.28,1,122.323
72549,00072549.jpg,1785599939750223104,9.002,57.328,32.672,6,18,368.7,0.15,1,122.672
72550,00072550.jpg,1785599939783418624,9.512,57.65,32.35,6,19,369.9,0.35,1,122.35
72551,00072551.jpg,1785599939816442112,9.729,57.457,32.543,7,23,395.2,0.34,1,122.543
72552,00072552.jpg,1785599939849967616,9.823,57.538,32.462,8,23,408.6,0.37,1,122.462
72553,00072553.jpg,1785599939883378944,9.883,57.952,32.048,7,20,386.4,0.37,1,122.048
72554,00072554.jpg,1785599939916637952,9.906,57.559,32.441,7,22,392.2,0.21,1,122.441
72555,00072555.jpg,1785599939949787392,9.952,58.311,31.689,8,25,445.6,0.46,1,121.689
72556,00072556.jpg,1785599939983712000,10.086,59.436,30.564,7,19,366.3,0.05,1,120.564
72557,00072557.jpg,1785599940016743424,10.054,61.676,28.324,8,21,359.4,0.54,1,118.324
72558,00072558.jpg,1785599940049749248,9.924,63.182,26.818,9,23,377.6,0.51,1,116.818
72559,00072559.jpg,1785599940083475456,9.909,64.592,25.408,8,27,464.7,0.39,1,115.408
72560,00072560.jpg,1785599940116359424,9.882,65.113,24.887,10,29,463.7,0.63,1,114.887
72561,00072561.jpg,1785599940149798400,9.881,65.415,24.585,10,31,472.4,0.76,1,114.585
72562,00072562.jpg,1785599940183370752,9.882,65.673,24.327,9,31,457.7,0.72,1,114.327
72563,00072563.jpg,1785599940216520448,9.88,65.965,24.035,10,31,454.2,0.54,1,114.035
72564,00072564.jpg,1785599940250102272,9.88,65.649,24.351,9,29,442.1,0.65,1,114.351
72565,00072565.jpg,1785599940283075840,9.879,65.632,24.368,8,30,447.8,0.74,1,114.368
72566,00072566.jpg,1785599940316427008,9.879,65.541,24.459,8,28,438.1,0.76,1,114.459
72567,00072567.jpg,1785599940349827328,9.878,65.548,24.452,11,42,653.3,0.7,1,114.452
72568,00072568.jpg,1785599940382976768,9.878,65.692,24.308,12,42,656.0,0.94,1,114.308
72569,00072569.jpg,1785599940416725760,9.877,65.482,24.518,12,40,654.7,0.89,1,114.518
72570,00072570.jpg,1785599940450119168,9.877,65.498,24.502,11,40,641.5,0.5,1,114.502
72571,00072571.jpg,1785599940483319552,9.876,65.498,24.502,11,44,639.1,0.65,1,114.502
72572,00072572.jpg,1785599940516589312,9.876,65.402,24.598,11,42,636.5,0.78,1,114.598
72573,00072573.jpg,1785599940549670656,9.876,65.493,24.507,11,43,635.1,0.77,1,114.507
72574,00072574.jpg,1785599940583377408,9.875,65.551,24.449,11,44,636.3,0.8,1,114.449
72575,00072575.jpg,1785599940616811520,9.874,65.518,24.482,11,43,622.9,0.73,1,114.482
72576,00072576.jpg,1785599940648568576,9.882,65.357,24.643,11,41,622.2,1.03,1,114.643
72577,00072577.jpg,1785599940684223488,9.917,65.365,24.635,11,42,625.4,1.0,1,114.635
72578,00072578.jpg,1785599940716988928,9.911,66.228,23.772,14,43,618.5,0.67,1,113.772
72579,00072579.jpg,1785599940749700864,9.985,67.033,22.967,11,41,597.3,0.77,1,112.967
72580,00072580.jpg,1785599940783066112,10.074,68.249,21.751,11,43,573.6,1.0,1,111.751
72581,00072581.jpg,1785599940816335360,9.93,70.545,19.455,12,42,527.1,0.84,1,109.455
72582,00072582.jpg,1785599940849793792,9.891,72.588,17.412,12,40,488.0,0.89,1,107.412
72583,00072583.jpg,1785599940883175424,9.906,75.365,14.635,9,41,473.1,0.75,1,104.635
72584,00072584.jpg,1785599940916760064,9.922,77.779,12.221,10,41,491.3,0.87,1,102.221
72585,00072585.jpg,1785599940950258176,9.918,80.7,9.3,10,41,469.8,0.6,1,99.3
72586,00072586.jpg,1785599940983206144,9.911,82.316,7.684,11,50,521.0,1.16,1,97.684
72587,00072587.jpg,1785599941016320512,9.91,84.934,5.066,12,45,526.6,1.01,1,95.066
72588,00072588.jpg,1785599941049839104,9.911,87.641,2.359,13,48,575.7,1.04,1,92.359
72589,00072589.jpg,1785599941083127040,9.911,89.779,0.221,13,43,588.3,0.55,1,90.221
72590,00072590.jpg,1785599941116795136,9.91,1.567,88.433,12,42,570.9,1.21,1,88.433
72591,00072591.jpg,1785599941148609280,9.909,3.893,86.107,18,51,618.7,1.21,1,86.107
72592,00072592.jpg,1785599941183200256,9.885,5.811,84.189,14,50,582.6,1.15,1,84.189
72593,00072593.jpg,1785599941216550656,9.861,8.646,81.354,14,52,584.3,1.16,1,81.354
72594,00072594.jpg,1785599941249940224,9.885,10.487,79.513,16,49,575.9,1.17,1,79.513
72595,00072595.jpg,1785599941283227648,9.875,11.967,78.033,14,45,591.7,0.85,1,78.033
72596,00072596.jpg,1785599941317401088,9.859,13.24,76.76,14,48,597.0,0.57,1,76.76
72597,00072597.jpg,1785599941349659136,9.859,13.238,76.762,15,51,609.1,0.87,1,76.762
72598,00072598.jpg,1785599941383097088,9.859,12.897,77.103,15,47,594.1,0.74,1,77.103
72599,00072599.jpg,1785599941416331008,9.858,13.435,76.565,15,47,587.4,0.88,1,76.565
72600,00072600.jpg,1785599941449714944,9.857,12.022,77.978,13,41,586.8,1.25,1,77.978
72601,00072601.jpg,1785599941483377920,9.857,12.379,77.621,12,46,585.9,1.03,1,77.621
72602,00072602.jpg,1785599941517124864,9.862,12.45,77.55,14,46,585.6,1.05,1,77.55
72603,00072603.jpg,1785599941549744128,9.856,12.451,77.549,16,45,592.2,1.04,1,77.549
72604,00072604.jpg,1785599941583373824,9.857,13.371,76.629,15,43,580.3,1.04,1,76.629
72605,00072605.jpg,1785599941616768000,9.866,13.386,76.614,12,50,597.8,1.06,1,76.614
72606,00072606.jpg,1785599941649683200,9.885,13.618,76.382,12,48,589.2,0.97,1,76.382
72607,00072607.jpg,1785599941683005696,9.943,13.709,76.291,14,48,600.7,0.76,1,76.291
72608,00072608.jpg,1785599941716626688,9.94,15.104,74.896,13,43,597.6,0.82,1,74.896
72609,00072609.jpg,1785599941749833984,10.021,16.193,73.807,11,43,605.2,0.85,1,73.807
72610,00072610.jpg,1785599941783139072,9.916,18.612,71.388,14,48,631.8,0.96,1,71.388
72611,00072611.jpg,1785599941817300480,9.878,21.169,68.831,14,43,657.9,0.51,1,68.831
72612,00072612.jpg,1785599941849773312,9.889,23.859,66.141,16,47,696.6,0.72,1,66.141
72613,00072613.jpg,1785599941883158528,9.903,25.919,64.081,17,54,712.5,0.92,1,64.081
72614,00072614.jpg,1785599941917168896,9.9,28.705,61.295,16,51,705.4,0.86,1,61.295
72615,00072615.jpg,1785599941949865216,9.895,30.576,59.424,21,57,741.1,0.72,1,59.424
72616,00072616.jpg,1785599941982962176,9.894,32.8,57.2,17,50,654.5,0.92,1,57.2
72617,00072617.jpg,1785599942017269760,9.873,35.289,54.711,16,45,615.5,0.67,1,54.711
72618,00072618.jpg,1785599942049931776,9.343,37.903,52.097,17,42,582.0,0.43,1,52.097
72619,00072619.jpg,1785599942083121152,7.892,39.512,50.488,14,34,508.9,1.07,1,50.488
72620,00072620.jpg,1785599942116652544,6.55,40.4,49.6,13,28,443.9,0.89,1,49.6
72621,00072621.jpg,1785599942149906176,5.272,40.754,49.246,12,31,408.3,0.51,1,49.246
72622,00072622.jpg,1785599942183132160,3.759,40.621,49.379,12,26,410.4,0.99,1,49.379
72623,00072623.jpg,1785599942217573120,3.334,40.692,49.308,14,31,422.3,0.99,1,49.308
72624,00072624.jpg,1785599942249848832,2.426,39.516,50.484,10,28,399.4,1.21,1,50.484
72625,00072625.jpg,1785599942283100672,2.209,41.495,48.505,14,33,588.3,0.59,1,48.505
72626,00072626.jpg,1785599942316775680,2.866,41.013,48.987,11,30,659.4,0.81,1,48.987
72627,00072627.jpg,1785599942349838592,7.311,41.53,48.47,11,31,661.4,0.65,1,48.47
72628,00072628.jpg,1785599942383144704,8.76,41.213,48.787,11,29,657.1,0.66,1,48.787
72629,00072629.jpg,1785599942416459520,9.41,41.534,48.466,10,29,659.9,0.4,1,48.466
72630,00072630.jpg,1785599942449792000,9.69,41.263,48.737,12,35,687.0,0.63,1,48.737
72631,00072631.jpg,1785599942483377664,9.767,40.861,49.139,12,34,701.4,0.67,1,49.139
72632,00072632.jpg,1785599942516346880,9.626,40.979,49.021,12,31,705.7,0.69,1,49.021
72633,00072633.jpg,1785599942549979904,8.215,41.431,48.569,13,34,735.7,1.01,1,48.569
72634,00072634.jpg,1785599942583600128,6.309,41.341,48.659,14,40,741.9,0.5,1,48.659
72635,00072635.jpg,1785599942617358592,5.648,41.165,48.835,15,39,743.1,1.05,1,48.835
72636,00072636.jpg,1785599942649766912,5.85,41.3,48.7,11,40,769.5,0.85,1,48.7
72637,00072637.jpg,1785599942683376384,8.763,41.42,48.58,14,43,830.6,0.51,1,48.58
72638,00072638.jpg,1785599942716407808,9.424,41.268,48.732,14,40,811.8,0.87,1,48.732
72639,00072639.jpg,1785599942749696768,9.712,41.112,48.888,17,47,844.9,0.9,1,48.888
72640,00072640.jpg,1785599942784527872,9.823,41.313,48.687,15,41,789.8,0.91,1,48.687
72641,00072641.jpg,1785599942818212608,9.904,41.391,48.609,15,45,794.7,1.1,1,48.609
72642,00072642.jpg,1785599942849854976,9.954,41.78,48.22,19,50,850.7,0.88,1,48.22
72643,00072643.jpg,1785599942883740416,10.09,42.366,47.634,17,44,704.2,0.46,1,47.634
72644,00072644.jpg,1785599942916596736,10.264,43.643,46.357,15,41,637.6,0.91,1,46.357
72645,00072645.jpg,1785599942950077184,10.003,45.16,44.84,13,38,582.9,0.86,1,44.84
72646,00072646.jpg,1785599942983137536,9.744,45.633,44.367,14,37,558.2,1.07,1,44.367
72647,00072647.jpg,1785599943016760320,9.753,45.67,44.33,15,41,587.6,1.12,1,44.33
72648,00072648.jpg,1785599943049665024,9.813,45.687,44.313,15,42,606.2,1.27,1,44.313
72649,00072649.jpg,1785599943082980608,25.641,44.821,45.179,11,30,452.4,0.46,1,45.179
72650,00072650.jpg,1785599943116349184,15.215,47.078,42.922,15,50,602.5,1.13,1,42.922
72651,00072651.jpg,1785599943150417920,7.077,47.367,42.633,14,44,649.9,1.16,1,42.633
72652,00072652.jpg,1785599943183214080,6.34,46.56,43.44,14,41,644.3,1.04,1,43.44
72653,00072653.jpg,1785599943217687552,7.42,46.87,43.13,10,33,593.8,1.0,1,43.13
72654,00072654.jpg,1785599943250026752,12.073,47.446,42.554,11,30,568.5,0.9,1,42.554
72655,00072655.jpg,1785599943283398144,12.332,46.768,43.232,12,32,584.3,0.66,1,43.232
72656,00072656.jpg,1785599943316427776,12.127,47.45,42.55,13,30,591.9,0.66,1,42.55
72657,00072657.jpg,1785599943349872384,10.269,47.64,42.36,11,30,581.7,1.21,1,42.36
72658,00072658.jpg,1785599943383200000,9.798,47.173,42.827,13,38,641.7,0.66,1,42.827
72659,00072659.jpg,1785599943416772352,9.843,46.965,43.035,13,34,655.3,1.03,1,43.035
72660,00072660.jpg,1785599943450052352,9.866,46.216,43.784,15,38,661.3,0.81,1,43.784
72661,00072661.jpg,1785599943483046144,9.955,46.891,43.109,12,33,650.6,0.74,1,43.109
72662,00072662.jpg,1785599943516523008,10.085,46.653,43.347,13,34,650.1,0.97,1,43.347
72663,00072663.jpg,1785599943550043392,10.595,46.512,43.488,13,35,675.2,0.88,1,43.488
72664,00072664.jpg,1785599943583129344,11.487,46.69,43.31,14,38,671.9,0.57,1,43.31
72665,00072665.jpg,1785599943616445184,12.261,46.646,43.354,14,36,665.7,0.7,1,43.354
72666,00072666.jpg,1785599943649693952,13.291,46.876,43.124,13,36,668.2,0.73,1,43.124
72667,00072667.jpg,1785599943683040000,14.329,46.686,43.314,13,32,640.1,0.76,1,43.314
72668,00072668.jpg,1785599943716679424,14.974,46.082,43.918,14,37,659.3,0.47,1,43.918
72669,00072669.jpg,1785599943749794048,11.129,46.391,43.609,15,39,697.4,1.26,1,43.609
72670,00072670.jpg,1785599943783234304,6.191,46.552,43.448,17,45,724.6,0.9,1,43.448
72671,00072671.jpg,1785599943818037504,6.589,46.57,43.43,16,41,700.8,0.81,1,43.43
72672,00072672.jpg,1785599943850010368,7.768,46.52,43.48,16,43,726.5,0.71,1,43.48
72673,00072673.jpg,1785599943882963200,8.676,46.375,43.625,16,41,723.4,0.93,1,43.625
72674,00072674.jpg,1785599943916332544,9.232,46.247,43.753,15,43,716.4,0.92,1,43.753
72675,00072675.jpg,1785599943949849344,9.537,46.03,43.97,16,46,708.7,0.53,1,43.97
72676,00072676.jpg,1785599943983721472,9.184,46.244,43.756,14,38,690.0,1.02,1,43.756
72677,00072677.jpg,1785599944016514560,8.351,45.908,44.092,16,43,719.0,0.83,1,44.092
72678,00072678.jpg,1785599944050084352,6.938,46.305,43.695,16,42,712.4,0.55,1,43.695
72679,00072679.jpg,1785599944083003904,5.187,46.13,43.87,15,39,709.2,0.73,1,43.87
72680,00072680.jpg,1785599944116716800,4.681,46.758,43.242,14,39,683.1,0.81,1,43.242
72681,00072681.jpg,1785599944149754880,4.436,47.507,42.493,16,43,704.3,1.0,1,42.493
72682,00072682.jpg,1785599944183386112,7.567,48.483,41.517,16,41,666.3,1.13,1,41.517
72683,00072683.jpg,1785599944216748288,8.88,49.199,40.801,14,38,616.7,0.43,1,40.801
72684,00072684.jpg,1785599944249985024,9.455,50.894,39.106,15,42,590.5,1.23,1,39.106
72685,00072685.jpg,1785599944283223552,9.697,50.129,39.871,13,38,572.7,0.97,1,39.871
72686,00072686.jpg,1785599944316379392,9.8,50.094,39.906,13,38,576.3,0.73,1,39.906
72687,00072687.jpg,1785599944349911552,9.843,50.491,39.509,14,39,592.6,0.56,1,39.509
72688,00072688.jpg,1785599944383173888,9.861,50.055,39.945,14,40,594.2,1.04,1,39.945
72689,00072689.jpg,1785599944417171968,9.869,50.832,39.168,13,39,594.7,0.67,1,39.168
72690,00072690.jpg,1785599944449656576,9.872,50.463,39.537,16,41,610.8,0.84,1,39.537
72691,00072691.jpg,1785599944482984960,9.873,50.487,39.513,14,39,597.5,0.73,1,39.513
72692,00072692.jpg,1785599944516347904,9.873,50.207,39.793,13,34,578.5,0.97,1,39.793
72693,00072693.jpg,1785599944549892096,9.873,50.179,39.821,14,41,607.2,0.75,1,39.821
72694,00072694.jpg,1785599944583366144,9.873,50.207,39.793,15,41,607.5,1.12,1,39.793
72695,00072695.jpg,1785599944616754688,9.872,50.213,39.787,13,37,592.2,0.76,1,39.787
72696,00072696.jpg,1785599944650007040,9.872,50.515,39.485,14,37,594.2,0.64,1,39.485
72697,00072697.jpg,1785599944683310592,9.872,50.205,39.795,14,40,599.3,0.68,1,39.795
72698,00072698.jpg,1785599944716358400,9.871,50.432,39.568,14,37,592.9,0.82,1,39.568
72699,00072699.jpg,1785599944750095104,9.871,49.621,40.379,13,34,589.5,0.86,1,40.379
72700,00072700.jpg,1785599944783992576,9.871,50.109,39.891,15,39,612.9,0.95,1,39.891
72701,00072701.jpg,1785599944816414720,9.871,50.298,39.702,14,37,595.7,0.85,1,39.702
72702,00072702.jpg,1785599944849727744,9.87,50.165,39.835,14,38,606.3,0.64,1,39.835
72703,00072703.jpg,1785599944883914496,9.912,50.447,39.553,15,42,633.2,1.41,1,39.553
72704,00072704.jpg,1785599944916366848,10.127,50.422,39.578,15,39,638.1,0.82,1,39.578
72705,00072705.jpg,1785599944950091008,10.639,50.091,39.909,14,38,608.5,0.54,1,39.909
72706,00072706.jpg,1785599944983249664,11.517,50.317,39.683,15,41,642.2,0.7,1,39.683
72707,00072707.jpg,1785599945017367808,12.486,50.536,39.464,14,39,620.0,1.12,1,39.464
72708,00072708.jpg,1785599945049657856,13.315,50.995,39.005,13,34,603.6,1.25,1,39.005
72709,00072709.jpg,1785599945083142144,13.923,51.491,38.509,14,39,626.6,1.58,1,38.509
72710,00072710.jpg,1785599945116314624,11.172,51.134,38.866,12,34,523.9,1.44,1,38.866
72711,00072711.jpg,1785599945150031872,7.506,50.633,39.367,13,33,468.6,1.08,1,39.367
72712,00072712.jpg,1785599945183095296,7.939,49.991,40.009,14,32,401.5,0.71,1,40.009
72713,00072713.jpg,1785599945216708608,8.837,50.099,39.901,13,30,390.6,0.93,1,39.901
72714,00072714.jpg,1785599945250551808,9.486,50.233,39.767,14,33,413.3,0.69,1,39.767
72715,00072715.jpg,1785599945283439104,9.766,50.004,39.996,16,36,418.4,0.94,1,39.996
72716,00072716.jpg,1785599945316744960,9.853,49.623,40.377,15,40,465.5,0.89,1,40.377
72717,00072717.jpg,1785599945348458496,9.872,50.162,39.838,16,40,501.0,0.66,1,39.838
72718,00072718.jpg,1785599945382989312,9.818,49.795,40.205,13,33,499.1,0.71,1,40.205
72719,00072719.jpg,1785599945416627456,9.838,49.881,40.119,15,40,556.7,0.75,1,40.119
72720,00072720.jpg,1785599945450075392,9.865,49.472,40.528,13,37,548.3,0.44,1,40.528
72721,00072721.jpg,1785599945483393280,9.921,50.067,39.933,14,36,547.7,0.62,1,39.933
72722,00072722.jpg,1785599945516758784,9.97,50.156,39.844,16,38,546.0,1.25,1,39.844
72723,00072723.jpg,1785599945549773568,10.109,50.354,39.646,13,32,501.9,0.78,1,39.646
72724,00072724.jpg,1785599945583021824,10.055,50.238,39.762,12,31,428.1,1.09,1,39.762
72725,00072725.jpg,1785599945616290304,10.111,49.86,40.14,13,30,384.6,1.26,1,40.14
72726,00072726.jpg,1785599945650114816,10.174,49.749,40.251,13,29,378.8,0.78,1,40.251
72727,00072727.jpg,1785599945683389184,10.184,49.802,40.198,12,30,372.9,1.0,1,40.198
72728,00072728.jpg,1785599945716737280,10.168,49.525,40.475,12,30,371.5,0.84,1,40.475
72729,00072729.jpg,1785599945749793280,10.038,49.33,40.67,13,31,405.1,0.69,1,40.67
72730,00072730.jpg,1785599945783259136,9.925,49.175,40.825,15,36,455.6,0.8,1,40.825
72731,00072731.jpg,1785599945816330240,9.896,49.251,40.749,13,38,497.1,1.26,1,40.749
72732,00072732.jpg,1785599945849697792,9.879,49.479,40.521,15,38,543.4,0.6,1,40.521
72733,00072733.jpg,1785599945883323392,9.865,49.515,40.485,13,37,517.1,0.6,1,40.485
72734,00072734.jpg,1785599945916404992,9.875,49.398,40.602,12,34,509.9,0.84,1,40.602
72735,00072735.jpg,1785599945948602880,9.88,49.054,40.946,12,34,510.5,0.76,1,40.946
72736,00072736.jpg,1785599945983348736,9.881,49.727,40.273,17,38,572.2,1.35,1,40.273
72737,00072737.jpg,1785599946016784640,9.889,49.634,40.366,15,35,526.2,0.33,1,40.366
72738,00072738.jpg,1785599946050465792,9.894,49.338,40.662,15,35,547.2,0.61,1,40.662
72739,00072739.jpg,1785599946083004160,9.895,49.202,40.798,14,37,556.4,0.64,1,40.798
72740,00072740.jpg,1785599946116707840,9.9,49.709,40.291,18,44,592.3,1.02,1,40.291
72741,00072741.jpg,1785599946149678080,9.902,49.67,40.33,18,50,627.1,0.62,1,40.33
72742,00072742.jpg,1785599946183119616,9.954,49.461,40.539,15,39,557.7,0.58,1,40.539
72743,00072743.jpg,1785599946216524288,10.154,49.22,40.78,16,42,572.2,0.95,1,40.78
72744,00072744.jpg,1785599946250085120,10.464,49.329,40.671,17,41,569.1,0.78,1,40.671
72745,00072745.jpg,1785599946282967296,11.587,49.761,40.239,14,39,532.3,0.72,1,40.239
72746,00072746.jpg,1785599946316354816,12.495,49.442,40.558,14,38,502.7,0.67,1,40.558
72747,00072747.jpg,1785599946350092288,13.468,49.326,40.674,13,39,466.8,0.54,1,40.674
72748,00072748.jpg,1785599946383145472,14.567,49.492,40.508,12,35,403.0,1.06,1,40.508
72749,00072749.jpg,1785599946416351232,15.366,49.085,40.915,14,29,298.9,0.96,1,40.915
72750,00072750.jpg,1785599946449968384,15.827,49.104,40.896,11,27,326.8,1.27,1,40.896
72751,00072751.jpg,1785599946483451136,7.893,48.368,41.632,12,27,282.4,1.7,1,41.632
72752,00072752.jpg,1785599946516300288,6.211,49.329,40.671,12,27,290.2,1.17,1,40.671
72753,00072753.jpg,1785599946550098176,7.193,49.185,40.815,13,31,322.9,1.11,1,40.815
72754,00072754.jpg,1785599946583429120,8.243,48.181,41.819,13,28,301.0,1.33,1,41.819
72755,00072755.jpg,1785599946616618496,8.969,49.54,40.46,12,30,316.1,1.38,1,40.46
72756,00072756.jpg,1785599946648508672,9.385,48.828,41.172,15,34,353.0,1.7,1,41.172
72757,00072757.jpg,1785599946682968320,9.562,48.975,41.025,15,38,392.8,1.36,1,41.025
72758,00072758.jpg,1785599946716283392,9.69,49.087,40.913,14,36,390.6,1.07,1,40.913
72759,00072759.jpg,1785599946749760768,9.744,49.17,40.83,14,36,388.8,1.06,1,40.83
72760,00072760.jpg,1785599946783182592,9.919,49.286,40.714,14,39,407.6,0.96,1,40.714
72761,00072761.jpg,1785599946816798720,10.121,49.426,40.574,13,33,390.7,1.33,1,40.574
72762,00072762.jpg,1785599946849807616,10.602,49.045,40.955,15,38,427.6,1.5,1,40.955
72763,00072763.jpg,1785599946881867520,11.489,49.409,40.591,14,37,408.2,1.42,1,40.591
72764,00072764.jpg,1785599946916648192,12.252,49.406,40.594,14,37,408.6,0.99,1,40.594
72765,00072765.jpg,1785599946949992704,13.287,49.457,40.543,15,37,422.8,0.97,1,40.543
72766,00072766.jpg,1785599946983326976,14.315,49.404,40.596,15,33,397.4,0.89,1,40.596
72767,00072767.jpg,1785599947016764416,14.963,49.153,40.847,14,33,402.2,0.79,1,40.847
72768,00072768.jpg,1785599947049686528,11.017,49.452,40.548,16,38,404.2,0.93,1,40.548
72769,00072769.jpg,1785599947083287296,6.077,49.194,40.806,13,30,359.0,1.4,1,40.806
72770,00072770.jpg,1785599947116707328,6.482,48.97,41.03,14,35,383.9,0.66,1,41.03
72771,00072771.jpg,1785599947149899008,7.682,49.491,40.509,14,34,375.7,1.18,1,40.509
72772,00072772.jpg,1785599947182999296,8.606,49.453,40.547,15,36,395.0,1.26,1,40.547
72773,00072773.jpg,1785599947216535808,9.176,49.281,40.719,13,30,350.3,0.55,1,40.719
72774,00072774.jpg,1785599947250063872,9.484,49.3,40.7,14,34,371.0,1.24,1,40.7
72775,00072775.jpg,1785599947283069184,9.662,48.698,41.302,14,34,377.2,0.91,1,41.302
72776,00072776.jpg,1785599947316321024,9.748,48.787,41.213,12,30,333.7,1.37,1,41.213
72777,00072777.jpg,1785599947349946624,9.854,49.25,40.75,16,36,368.0,1.19,1,40.75
72778,00072778.jpg,1785599947383396096,9.924,49.005,40.995,16,35,359.7,1.45,1,40.995
72779,00072779.jpg,1785599947416765952,9.916,48.155,41.845,17,37,361.0,2.49,1,41.845
72780,00072780.jpg,1785599947449803776,9.926,48.271,41.729,15,50,397.8,2.11,1,41.729
72781,00072781.jpg,1785599947482278912,10.022,49.034,40.966,16,50,469.9,1.67,1,40.966
72782,00072782.jpg,1785599947516698368,10.056,49.377,40.623,14,52,498.9,1.38,1,40.623
72783,00072783.jpg,1785599947548579328,10.089,49.697,40.303,13,54,536.2,0.97,1,40.303
72784,00072784.jpg,1785599947583086848,10.072,49.709,40.291,15,59,558.2,1.24,1,40.291
72785,00072785.jpg,1785599947616705280,9.986,49.509,40.491,14,56,459.2,0.99,1,40.491
72786,00072786.jpg,1785599947650091008,9.872,49.557,40.443,14,54,392.8,1.19,1,40.443
72787,00072787.jpg,1785599947683074816,9.66,49.763,40.237,13,35,312.2,0.63,1,40.237
72788,00072788.jpg,1785599947716875264,9.288,49.399,40.601,15,41,323.0,0.82,1,40.601
72789,00072789.jpg,1785599947749679872,7.891,49.645,40.355,16,32,292.1,0.98,1,40.355
72790,00072790.jpg,1785599947781885184,5.997,49.885,40.115,16,34,275.9,1.2,1,40.115
72791,00072791.jpg,1785599947816466432,5.362,48.504,41.496,14,31,286.9,1.32,1,41.496
72792,00072792.jpg,1785599947850035712,5.026,49.224,40.776,12,26,231.1,1.32,1,40.776
72793,00072793.jpg,1785599947882939904,8.004,49.534,40.466,14,30,253.3,0.94,1,40.466
72794,00072794.jpg,1785599947916552192,9.101,49.795,40.205,10,26,241.5,1.23,1,40.205
72795,00072795.jpg,1785599947949731584,9.581,49.375,40.625,11,25,249.7,0.68,1,40.625
72796,00072796.jpg,1785599947981873920,9.783,49.289,40.711,13,32,270.8,1.11,1,40.711
72797,00072797.jpg,1785599948016283392,9.868,49.064,40.936,12,28,252.3,0.83,1,40.936
72798,00072798.jpg,1785599948049772032,9.902,49.591,40.409,12,23,244.7,1.27,1,40.409
72799,00072799.jpg,1785599948083366912,9.914,49.553,40.447,11,24,248.4,0.69,1,40.447
72800,00072800.jpg,1785599948116565760,9.919,49.219,40.781,10,20,245.4,0.67,1,40.781
72801,00072801.jpg,1785599948149701120,9.929,49.556,40.444,12,27,285.4,1.72,1,40.444
72802,00072802.jpg,1785599948183421184,9.794,49.495,40.505,12,27,280.2,1.18,1,40.505
72803,00072803.jpg,1785599948216357376,9.383,49.705,40.295,10,22,256.9,2.04,1,40.295
72804,00072804.jpg,1785599948248563712,7.948,48.114,41.886,9,21,251.6,1.52,1,41.886
72805,00072805.jpg,1785599948283135232,6.01,48.884,41.116,11,25,274.8,1.77,1,41.116
72806,00072806.jpg,1785599948316302336,4.884,49.06,40.94,10,24,266.4,0.73,1,40.94
72807,00072807.jpg,1785599948350938624,3.942,49.977,40.023,10,23,259.8,0.95,1,40.023
72808,00072808.jpg,1785599948384793088,4.509,49.141,40.859,10,22,260.2,0.94,1,40.859
72809,00072809.jpg,1785599948416402688,7.501,49.123,40.877,10,23,259.9,1.52,1,40.877
72810,00072810.jpg,1785599948449995264,8.84,49.324,40.676,11,26,281.0,1.55,1,40.676
72811,00072811.jpg,1785599948483096576,9.43,49.807,40.193,12,26,283.2,1.28,1,40.193
72812,00072812.jpg,1785599948516435200,9.684,48.831,41.169,10,25,265.6,1.29,1,41.169
72813,00072813.jpg,1785599948549620224,9.792,49.781,40.219,10,23,268.3,1.25,1,40.219
72814,00072814.jpg,1785599948583425536,9.837,49.457,40.543,12,29,299.7,1.39,1,40.543
72815,00072815.jpg,1785599948616333312,9.856,49.657,40.343,12,26,298.6,1.26,1,40.343
72816,00072816.jpg,1785599948649762560,9.864,49.589,40.411,13,29,303.8,0.89,1,40.411
72817,00072817.jpg,1785599948683132160,9.867,49.866,40.134,12,30,304.4,1.87,1,40.134
72818,00072818.jpg,1785599948716359424,9.869,49.467,40.533,12,32,310.8,0.63,1,40.533
72819,00072819.jpg,1785599948749623296,9.869,49.249,40.751,11,31,331.0,1.15,1,40.751
72820,00072820.jpg,1785599948784152320,9.869,49.267,40.733,12,28,309.3,0.86,1,40.733
72821,00072821.jpg,1785599948816315136,9.657,49.249,40.751,11,29,313.7,1.0,1,40.751
72822,00072822.jpg,1785599948849771008,8.757,49.625,40.375,15,35,362.8,0.87,1,40.375
72823,00072823.jpg,1785599948883358208,7.837,50.023,39.977,13,36,329.7,1.34,1,39.977
72824,00072824.jpg,1785599948916371200,9.477,49.321,40.679,14,39,349.4,1.41,1,40.679
72825,00072825.jpg,1785599948950057216,9.707,49.718,40.282,13,34,339.8,2.0,1,40.282
72826,00072826.jpg,1785599948983117056,9.803,49.905,40.095,13,33,356.3,1.13,1,40.095
72827,00072827.jpg,1785599949016757504,9.844,49.149,40.851,14,36,374.8,1.82,1,40.851
72828,00072828.jpg,1785599949049783296,9.902,49.786,40.214,13,34,366.8,0.75,1,40.214
72829,00072829.jpg,1785599949081656320,10.228,49.372,40.628,11,30,360.1,1.21,1,40.628
72830,00072830.jpg,1785599949116571392,10.663,49.614,40.386,14,38,403.7,2.03,1,40.386
72831,00072831.jpg,1785599949149827072,11.506,49.528,40.472,12,34,382.7,1.59,1,40.472
72832,00072832.jpg,1785599949183174912,12.423,49.519,40.481,13,36,395.8,1.04,1,40.481
72833,00072833.jpg,1785599949216451840,13.037,49.935,40.065,11,33,382.2,1.32,1,40.065
72834,00072834.jpg,1785599949249708288,11.068,49.326,40.674,14,40,398.0,1.49,1,40.674
72835,00072835.jpg,1785599949283858944,7.679,49.439,40.561,10,31,372.8,1.4,1,40.561
72836,00072836.jpg,1785599949316704768,7.837,49.797,40.203,11,33,396.5,1.27,1,40.203
72837,00072837.jpg,1785599949349947904,8.556,49.858,40.142,10,32,406.0,1.01,1,40.142
72838,00072838.jpg,1785599949382977792,9.125,49.686,40.314,13,35,398.1,1.55,1,40.314
72839,00072839.jpg,1785599949416432640,9.477,49.552,40.448,11,37,422.8,1.02,1,40.448
72840,00072840.jpg,1785599949449889024,9.674,49.412,40.588,12,34,411.1,1.11,1,40.588
72841,00072841.jpg,1785599949482966272,9.773,49.622,40.378,11,37,436.4,1.1,1,40.378
72842,00072842.jpg,1785599949516594944,9.823,49.387,40.613,12,37,421.2,1.6,1,40.613
72843,00072843.jpg,1785599949550059008,9.848,49.655,40.345,14,43,469.4,1.65,1,40.345
72844,00072844.jpg,1785599949583398656,9.859,49.21,40.79,14,45,464.4,1.45,1,40.79
72845,00072845.jpg,1785599949616481024,9.865,49.553,40.447,12,36,419.2,0.86,1,40.447
72846,00072846.jpg,1785599949649771520,9.867,49.561,40.439,14,42,470.8,1.25,1,40.439
72847,00072847.jpg,1785599949683417856,9.869,49.679,40.321,14,43,451.0,1.15,1,40.321
72848,00072848.jpg,1785599949716299776,9.869,49.53,40.47,15,48,492.2,0.86,1,40.47
72849,00072849.jpg,1785599949749762304,9.871,49.493,40.507,15,50,493.2,1.45,1,40.507
72850,00072850.jpg,1785599949782940416,9.883,50.067,39.933,16,46,492.3,1.43,1,39.933
72851,00072851.jpg,1785599949817577472,9.883,50.291,39.709,18,54,546.6,1.84,1,39.709
72852,00072852.jpg,1785599949849833728,9.914,49.649,40.351,13,45,497.6,0.79,1,40.351
72853,00072853.jpg,1785599949883038208,9.891,50.866,39.134,13,47,529.4,1.58,1,39.134
72854,00072854.jpg,1785599949916757248,9.959,50.083,39.917,17,55,594.9,1.34,1,39.917
72855,00072855.jpg,1785599949949704704,10.268,49.639,40.361,15,46,591.1,0.66,1,40.361
72856,00072856.jpg,1785599949983044096,11.007,49.874,40.126,12,51,605.2,1.4,1,40.126
72857,00072857.jpg,1785599950017103104,11.702,49.593,40.407,12,49,601.1,1.71,1,40.407
72858,00072858.jpg,1785599950048560896,12.7,49.213,40.787,12,49,610.0,1.68,1,40.787
72859,00072859.jpg,1785599950081921024,13.901,49.639,40.361,13,49,578.1,0.82,1,40.361
72860,00072860.jpg,1785599950117125632,14.898,49.319,40.681,16,55,633.9,1.0,1,40.681
72861,00072861.jpg,1785599950149961216,15.953,49.409,40.591,13,49,566.6,0.63,1,40.591
72862,00072862.jpg,1785599950181719808,16.686,49.338,40.662,14,48,591.8,0.84,1,40.662
72863,00072863.jpg,1785599950216750848,17.848,49.369,40.631,11,49,601.7,0.97,1,40.631
72864,00072864.jpg,1785599950249659648,5.3,49.535,40.465,12,45,583.1,0.98,1,40.465
72865,00072865.jpg,1785599950283184896,5.857,49.326,40.674,12,50,585.5,1.05,1,40.674
72866,00072866.jpg,1785599950316392192,7.325,49.387,40.613,11,43,576.8,1.27,1,40.613
72867,00072867.jpg,1785599950348327680,8.455,49.289,40.711,12,44,557.9,1.03,1,40.711
72868,00072868.jpg,1785599950383402240,9.144,49.51,40.49,15,46,590.2,1.13,1,40.49
72869,00072869.jpg,1785599950416801536,9.521,49.266,40.734,13,45,580.8,1.33,1,40.734
72870,00072870.jpg,1785599950450089728,9.717,49.766,40.234,15,50,573.4,1.45,1,40.234
72871,00072871.jpg,1785599950482931712,10.062,49.749,40.251,11,38,550.5,1.14,1,40.251
72872,00072872.jpg,1785599950516380928,10.333,49.453,40.547,9,38,532.6,0.91,1,40.547
72873,00072873.jpg,1785599950549916160,10.985,50.147,39.853,10,39,518.3,1.19,1,39.853
72874,00072874.jpg,1785599950582959616,11.61,50.148,39.852,9,36,513.4,1.38,1,39.852
72875,00072875.jpg,1785599950616512256,11.065,49.195,40.805,9,35,499.7,0.39,1,40.805
72876,00072876.jpg,1785599950648482560,8.823,49.453,40.547,9,40,524.4,1.51,1,40.547
72877,00072877.jpg,1785599950683258624,8.803,49.82,40.18,9,37,521.0,1.0,1,40.18
72878,00072878.jpg,1785599950716432896,9.174,49.889,40.111,8,34,521.4,0.95,1,40.111
72879,00072879.jpg,1785599950750025216,9.489,49.986,40.014,10,34,504.1,1.08,1,40.014
72880,00072880.jpg,1785599950783076352,9.687,49.505,40.495,8,34,491.9,1.14,1,40.495
72881,00072881.jpg,1785599950816656640,9.798,49.781,40.219,7,34,501.6,1.25,1,40.219
72882,00072882.jpg,1785599950848370944,9.856,49.658,40.342,8,36,517.2,0.9,1,40.342
72883,00072883.jpg,1785599950881616896,10.069,49.572,40.428,6,34,513.2,1.16,1,40.428
72884,00072884.jpg,1785599950916286464,10.343,49.765,40.235,8,36,523.7,0.73,1,40.235
72885,00072885.jpg,1785599950950076928,11.047,50.226,39.774,7,34,516.1,1.37,1,39.774
72886,00072886.jpg,1785599950983223040,12.07,49.711,40.289,7,30,497.2,1.24,1,40.289
72887,00072887.jpg,1785599951016409344,12.931,49.582,40.418,5,29,495.7,0.58,1,40.418
72888,00072888.jpg,1785599951049931008,13.959,49.733,40.267,5,28,477.1,0.98,1,40.267
72889,00072889.jpg,1785599951083190016,14.817,49.687,40.313,10,39,547.2,1.38,1,40.313
72890,00072890.jpg,1785599951116398848,15.243,49.389,40.611,6,34,504.7,0.88,1,40.611
72891,00072891.jpg,1785599951148337920,7.749,49.239,40.761,6,31,495.4,1.03,1,40.761
72892,00072892.jpg,1785599951182797312,6.091,49.719,40.281,7,34,518.5,0.82,1,40.281
72893,00072893.jpg,1785599951216750592,7.101,49.632,40.368,6,34,507.5,0.76,1,40.368
72894,00072894.jpg,1785599951249872640,8.222,49.69,40.31,8,39,563.3,1.03,1,40.31
72895,00072895.jpg,1785599951283279872,8.983,49.563,40.437,7,36,540.3,0.78,1,40.437
72896,00072896.jpg,1785599951316672768,9.644,49.659,40.341,9,40,550.5,0.91,1,40.341
72897,00072897.jpg,1785599951349940736,10.279,49.742,40.258,6,34,537.6,0.56,1,40.258
72898,00072898.jpg,1785599951383272192,10.953,50.11,39.89,9,38,567.6,0.95,1,39.89
72899,00072899.jpg,1785599951416737280,11.477,49.82,40.18,9,34,560.4,0.93,1,40.18
72900,00072900.jpg,1785599951448430080,10.972,49.875,40.125,10,40,591.6,0.86,1,40.125
72901,00072901.jpg,1785599951481675776,8.8,49.824,40.176,9,43,593.4,1.43,1,40.176
72902,00072902.jpg,1785599951516377600,8.789,50.336,39.664,7,37,564.9,1.05,1,39.664
72903,00072903.jpg,1785599951548357120,9.158,49.161,40.839,10,37,569.1,0.5,1,40.839
72904,00072904.jpg,1785599951583368448,9.467,49.463,40.537,8,37,572.5,0.8,1,40.537
72905,00072905.jpg,1785599951616715776,9.632,49.916,40.084,9,40,601.2,1.35,1,40.084
72906,00072906.jpg,1785599951649635328,9.768,49.916,40.084,10,40,608.4,1.12,1,40.084
72907,00072907.jpg,1785599951683235328,9.825,49.829,40.171,8,40,589.6,1.09,1,40.171
72908,00072908.jpg,1785599951716693504,9.853,49.945,40.055,9,41,618.7,0.97,1,40.055
72909,00072909.jpg,1785599951750059008,9.866,49.786,40.214,9,42,621.4,1.17,1,40.214
72910,00072910.jpg,1785599951781580288,9.873,49.961,40.039,8,41,611.0,1.04,1,40.039
72911,00072911.jpg,1785599951816484608,9.875,49.228,40.772,9,39,619.7,0.6,1,40.772
72912,00072912.jpg,1785599951848384000,9.876,49.777,40.223,9,41,606.7,0.84,1,40.223
72913,00072913.jpg,1785599951882042624,9.876,50.138,39.862,9,39,611.3,1.03,1,39.862
72914,00072914.jpg,1785599951916742400,9.876,50.051,39.949,8,38,604.7,1.37,1,39.949
72915,00072915.jpg,1785599951949692928,9.876,50.045,39.955,8,36,581.8,1.02,1,39.955
72916,00072916.jpg,1785599951982948352,10.03,49.409,40.591,8,36,589.7,0.78,1,40.591
72917,00072917.jpg,1785599952016510720,10.302,50.033,39.967,6,37,583.3,0.73,1,39.967
72918,00072918.jpg,1785599952049709568,10.955,50.19,39.81,6,35,583.6,1.25,1,39.81
72919,00072919.jpg,1785599952083209984,11.577,50.396,39.604,5,32,602.8,1.2,1,39.604
72920,00072920.jpg,1785599952116472832,9.697,49.865,40.135,7,34,581.7,0.82,1,40.135
72921,00072921.jpg,1785599952148293888,8.786,50.115,39.885,6,34,591.1,0.79,1,39.885
72922,00072922.jpg,1785599952181568512,8.996,50.231,39.769,8,35,589.7,0.99,1,39.769
72923,00072923.jpg,1785599952216542976,9.332,50.366,39.634,6,28,442.9,1.7,1,39.634
72924,00072924.jpg,1785599952249640960,9.584,50.132,39.868,6,32,590.2,0.86,1,39.868
72925,00072925.jpg,1785599952283044608,9.744,49.488,40.512,8,35,593.7,0.72,1,40.512
72926,00072926.jpg,1785599952316734976,9.825,49.574,40.426,5,32,582.6,0.77,1,40.426
72927,00072927.jpg,1785599952348363776,9.95,49.477,40.523,5,24,437.9,1.05,1,40.523
72928,00072928.jpg,1785599952383093248,9.947,49.131,40.869,5,25,454.3,0.56,1,40.869
72929,00072929.jpg,1785599952416983296,9.955,49.313,40.687,5,27,496.3,1.35,1,40.687
72930,00072930.jpg,1785599952448455680,10.025,49.177,40.823,5,22,502.1,1.21,1,40.823
72931,00072931.jpg,1785599952483336192,10.03,49.544,40.456,5,25,477.2,0.59,1,40.456
72932,00072932.jpg,1785599952516507648,10.159,49.964,40.036,4,22,409.1,1.47,1,40.036
72933,00072933.jpg,1785599952549969920,10.231,51.567,38.433,3,15,338.1,1.71,1,38.433
72934,00072934.jpg,1785599952582938112,10.254,52.905,37.095,4,18,396.2,2.16,1,37.095
72935,00072935.jpg,1785599952617469440,10.219,52.691,37.309,4,18,379.0,2.69,1,37.309
72936,00072936.jpg,1785599952648109312,10.019,53.536,36.464,5,19,423.7,2.65,1,36.464
72937,00072937.jpg,1785599952681763584,9.872,54.146,35.854,3,18,456.8,2.47,1,35.854
72938,00072938.jpg,1785599952717270528,9.85,53.307,36.693,3,16,482.6,3.22,1,36.693
72939,00072939.jpg,1785599952749930496,9.808,52.905,37.095,3,19,500.9,2.03,1,37.095
72940,00072940.jpg,1785599952782916608,9.761,52.779,37.221,2,16,483.0,1.97,1,37.221
72941,00072941.jpg,1785599952816466944,9.783,52.883,37.117,3,20,511.6,2.35,1,37.117
72942,00072942.jpg,1785599952850020352,9.789,52.835,37.165,3,18,503.5,2.24,1,37.165
72943,00072943.jpg,1785599952882984192,9.796,52.932,37.068,3,17,495.4,2.01,1,37.068
72944,00072944.jpg,1785599952916337152,9.815,53.185,36.815,2,17,495.3,2.49,1,36.815
72945,00072945.jpg,1785599952949954560,9.83,53.255,36.745,2,17,493.6,2.57,1,36.745
72946,00072946.jpg,1785599952981639936,9.833,52.881,37.119,2,17,491.8,2.58,1,37.119
72947,00072947.jpg,1785599953016533760,9.843,52.495,37.505,2,17,491.8,2.71,1,37.505
72948,00072948.jpg,1785599953048391424,9.847,52.323,37.677,2,16,478.2,2.05,1,37.677
72949,00072949.jpg,1785599953083327488,9.851,52.564,37.436,2,18,447.4,2.15,1,37.436
72950,00072950.jpg,1785599953116382464,9.856,53.112,36.888,3,16,455.9,2.83,1,36.888
72951,00072951.jpg,1785599953148514816,9.859,51.6,38.4,3,16,430.9,2.11,1,38.4
72952,00072952.jpg,1785599953183085056,9.86,52.145,37.855,4,18,433.7,1.88,1,37.855
72953,00072953.jpg,1785599953216485120,9.863,52.551,37.449,6,18,415.7,2.39,1,37.449
72954,00072954.jpg,1785599953248513024,9.864,50.339,39.661,5,16,406.9,1.74,1,39.661
72955,00072955.jpg,1785599953283048704,9.865,52.974,37.026,7,14,305.3,2.38,1,37.026
72956,00072956.jpg,1785599953316492544,9.866,52.75,37.25,10,22,332.9,2.16,1,37.25
72957,00072957.jpg,1785599953349675776,9.867,52.184,37.816,9,22,289.1,2.49,1,37.816
72958,00072958.jpg,1785599953383923200,9.867,52.412,37.588,12,30,284.4,3.18,1,37.588
72959,00072959.jpg,1785599953416268288,9.868,49.438,40.562,5,18,164.2,2.31,1,40.562
72960,00072960.jpg,1785599953449902848,9.358,49.838,40.162,6,24,226.0,2.76,1,40.162
72961,00072961.jpg,1785599953483278336,7.89,51.74,38.26,6,26,357.2,2.66,1,38.26
72962,00072962.jpg,1785599953516659968,6.897,50.358,39.642,6,34,500.9,2.46,1,39.642
72963,00072963.jpg,1785599953550068224,5.795,50.34,39.66,7,34,504.6,1.65,1,39.66
72964,00072964.jpg,1785599953581611008,5.675,50.983,39.017,8,44,687.5,2.17,1,39.017
72965,00072965.jpg,1785599953616677888,8.252,49.889,40.111,10,46,790.7,2.18,1,40.111
72966,00072966.jpg,1785599953650027264,9.217,49.96,40.04,11,54,831.6,1.49,1,40.04
72967,00072967.jpg,1785599953683024128,9.638,49.714,40.286,12,52,903.3,1.98,1,40.286
72968,00072968.jpg,1785599953716336640,9.818,49.839,40.161,16,67,1150.3,1.67,1,40.161
72969,00072969.jpg,1785599953749592320,9.884,50.554,39.446,11,60,1120.9,1.65,1,39.446
72970,00072970.jpg,1785599953783261952,9.925,50.477,39.523,11,63,1128.1,1.7,1,39.523
72971,00072971.jpg,1785599953816561920,9.939,49.595,40.405,12,59,1138.2,1.49,1,40.405
72972,00072972.jpg,1785599953849592576,9.945,50.431,39.569,12,65,1171.3,1.73,1,39.569
72973,00072973.jpg,1785599953883298816,9.947,50.003,39.997,13,61,1177.4,1.7,1,39.997
72974,00072974.jpg,1785599953916678656,9.948,49.748,40.252,14,60,1156.9,1.74,1,40.252
72975,00072975.jpg,1785599953949752320,9.949,49.866,40.134,14,68,1218.5,1.56,1,40.134
72976,00072976.jpg,1785599953983325440,9.949,49.978,40.022,11,66,1186.6,1.38,1,40.022
72977,00072977.jpg,1785599954016641024,9.95,49.805,40.195,13,68,1216.2,1.41,1,40.195
72978,00072978.jpg,1785599954049653760,9.95,49.889,40.111,15,68,1220.5,1.52,1,40.111
72979,00072979.jpg,1785599954081414912,9.95,49.699,40.301,12,68,1225.1,1.35,1,40.301
72980,00072980.jpg,1785599954116649984,9.95,50.078,39.922,13,65,1217.0,1.14,1,39.922
72981,00072981.jpg,1785599954148286208,9.95,49.757,40.243,13,68,1238.2,1.04,1,40.243
72982,00072982.jpg,1785599954183853312,9.993,49.809,40.191,15,72,1271.7,1.42,1,40.191
72983,00072983.jpg,1785599954216513792,10.167,50.148,39.852,14,68,1268.6,1.27,1,39.852
72984,00072984.jpg,1785599954249758976,10.675,50.06,39.94,16,71,1298.9,1.1,1,39.94
72985,00072985.jpg,1785599954283267072,11.574,50.72,39.28,15,70,1297.3,1.3,1,39.28
72986,00072986.jpg,1785599954316723712,12.306,49.52,40.48,13,65,1288.0,1.16,1,40.48
72987,00072987.jpg,1785599954348476672,12.972,49.897,40.103,14,71,1306.4,1.0,1,40.103
72988,00072988.jpg,1785599954383123712,11.239,50.163,39.837,13,63,1281.9,0.96,1,39.837
72989,00072989.jpg,1785599954416449024,8.153,50.051,39.949,16,71,1333.4,1.23,1,39.949
72990,00072990.jpg,1785599954448221440,7.967,49.85,40.15,15,65,1316.3,1.28,1,40.15
72991,00072991.jpg,1785599954483349760,8.662,50.258,39.742,15,62,1259.6,1.32,1,39.742
72992,00072992.jpg,1785599954516672256,9.217,50.707,39.293,16,60,1259.2,1.36,1,39.293
72993,00072993.jpg,1785599954550090496,9.562,50.309,39.691,14,63,1268.2,1.54,1,39.691
72994,00072994.jpg,1785599954581650432,9.751,50.176,39.824,13,64,1256.6,1.03,1,39.824
72995,00072995.jpg,1785599954616641024,9.849,50.316,39.684,11,59,1231.2,1.19,1,39.684
72996,00072996.jpg,1785599954649905920,9.898,50.001,39.999,15,65,1267.4,1.17,1,39.999
72997,00072997.jpg,1785599954683284224,9.922,50.218,39.782,16,63,1297.3,0.97,1,39.782
72998,00072998.jpg,1785599954716257024,9.932,50.004,39.996,15,60,1296.7,1.02,1,39.996
72999,00072999.jpg,1785599954749590528,9.937,50.076,39.924,14,63,1310.0,1.06,1,39.924
73000,00073000.jpg,1785599954782991104,9.939,49.948,40.052,15,62,1326.0,1.01,1,40.052
73001,00073001.jpg,1785599954816599296,9.939,50.536,39.464,14,69,1384.6,1.18,1,39.464
73002,00073002.jpg,1785599954849828608,9.941,50.125,39.875,15,62,1377.2,1.22,1,39.875
73003,00073003.jpg,1785599954882982144,9.952,50.14,39.86,15,63,1373.3,0.99,1,39.86
73004,00073004.jpg,1785599954916725504,9.952,51.001,38.999,16,70,1415.6,1.25,1,38.999
73005,00073005.jpg,1785599954949942272,9.942,50.45,39.55,16,65,1422.3,1.26,1,39.55
73006,00073006.jpg,1785599954983114240,9.948,49.909,40.091,14,61,1411.7,1.03,1,40.091
73007,00073007.jpg,1785599955016646144,9.943,50.169,39.831,17,67,1452.1,0.84,1,39.831
73008,00073008.jpg,1785599955049813504,9.941,49.852,40.148,17,67,1486.6,0.87,1,40.148
73009,00073009.jpg,1785599955083031040,9.936,49.737,40.263,17,70,1498.4,1.18,1,40.263
73010,00073010.jpg,1785599955116545536,9.935,49.714,40.286,18,74,1534.9,1.04,1,40.286
73011,00073011.jpg,1785599955149755136,9.933,49.676,40.324,20,75,1577.7,0.91,1,40.324
73012,00073012.jpg,1785599955181502464,9.932,49.701,40.299,20,79,1573.8,0.84,1,40.299
73013,00073013.jpg,1785599955216670208,9.931,49.834,40.166,17,70,1555.0,0.77,1,40.166
73014,00073014.jpg,1785599955249901824,9.931,50.076,39.924,16,73,1566.0,0.85,1,39.924
73015,00073015.jpg,1785599955283283968,9.93,49.551,40.449,16,72,1585.0,0.85,1,40.449
73016,00073016.jpg,1785599955316605952,9.93,50.064,39.936,17,78,1611.1,0.96,1,39.936
73017,00073017.jpg,1785599955348393984,9.929,49.821,40.179,17,75,1612.2,0.83,1,40.179
73018,00073018.jpg,1785599955383400192,9.928,49.829,40.171,16,70,1601.9,0.86,1,40.171
73019,00073019.jpg,1785599955416504832,9.928,50.235,39.765,15,72,1597.5,0.61,1,39.765
73020,00073020.jpg,1785599955449643008,9.927,49.876,40.124,17,75,1657.7,0.81,1,40.124
73021,00073021.jpg,1785599955483377408,9.927,50.316,39.684,18,77,1678.0,0.99,1,39.684
73022,00073022.jpg,1785599955516252672,9.926,50.249,39.751,17,73,1605.7,0.99,1,39.751
73023,00073023.jpg,1785599955549611520,9.925,50.003,39.997,18,77,1684.3,0.86,1,39.997
73024,00073024.jpg,1785599955583269888,9.925,50.002,39.998,14,71,1662.8,0.75,1,39.998
73025,00073025.jpg,1785599955616676096,9.924,50.078,39.922,18,73,1658.7,0.89,1,39.922
73026,00073026.jpg,1785599955649952512,9.923,50.102,39.898,19,80,1718.4,0.59,1,39.898
73027,00073027.jpg,1785599955683090176,9.923,50.125,39.875,19,79,1711.7,0.73,1,39.875
73028,00073028.jpg,1785599955716614912,9.922,49.867,40.133,18,79,1705.2,0.67,1,40.133
73029,00073029.jpg,1785599955750006272,9.921,50.107,39.893,20,78,1739.0,0.92,1,39.893
73030,00073030.jpg,1785599955781452288,9.921,50.075,39.925,20,82,1741.5,0.62,1,39.925
73031,00073031.jpg,1785599955816486912,9.92,50.14,39.86,19,75,1732.1,0.78,1,39.86
73032,00073032.jpg,1785599955848553472,9.919,49.826,40.174,21,78,1759.5,0.68,1,40.174
73033,00073033.jpg,1785599955883171328,9.919,49.66,40.34,20,77,1758.5,0.71,1,40.34
73034,00073034.jpg,1785599955916442368,9.918,50.032,39.968,20,76,1764.5,0.79,1,39.968
73035,00073035.jpg,1785599955948935168,9.771,49.813,40.187,22,83,1798.8,0.76,1,40.187
73036,00073036.jpg,1785599955983420416,8.776,49.763,40.237,20,74,1799.3,0.62,1,40.237
73037,00073037.jpg,1785599956016643072,7.568,49.75,40.25,21,79,1815.6,0.67,1,40.25
73038,00073038.jpg,1785599956048436992,6.722,49.655,40.345,21,81,1843.0,0.53,1,40.345
73039,00073039.jpg,1785599956081417728,8.789,49.869,40.131,21,84,1852.3,0.72,1,40.131
73040,00073040.jpg,1785599956116203008,9.451,49.869,40.131,23,88,1887.7,0.7,1,40.131
73041,00073041.jpg,1785599956149947392,9.736,49.8,40.2,23,86,1890.5,0.54,1,40.2
73042,00073042.jpg,1785599956183158272,9.856,50.06,39.94,22,86,1908.3,0.72,1,39.94
73043,00073043.jpg,1785599956216265216,9.907,49.781,40.219,26,97,1967.6,0.82,1,40.219
73044,00073044.jpg,1785599956249986816,9.928,49.488,40.512,25,96,1964.4,0.52,1,40.512
73045,00073045.jpg,1785599956283109632,9.936,49.694,40.306,21,88,1904.3,0.52,1,40.306
73046,00073046.jpg,1785599956316626944,9.94,49.88,40.12,21,87,1892.8,0.74,1,40.12
73047,00073047.jpg,1785599956348399360,9.942,49.767,40.233,21,85,1844.5,0.7,1,40.233
73048,00073048.jpg,1785599956382908160,9.942,49.67,40.33,22,89,1845.9,0.56,1,40.33
73049,00073049.jpg,1785599956416563200,9.942,49.683,40.317,25,92,1853.9,0.45,1,40.317
73050,00073050.jpg,1785599956449577216,9.942,49.62,40.38,26,91,1861.8,0.46,1,40.38
73051,00073051.jpg,1785599956483825664,9.942,49.688,40.312,24,92,1858.0,0.7,1,40.312
73052,00073052.jpg,1785599956516355328,9.942,49.606,40.394,24,90,1852.3,0.53,1,40.394
73053,00073053.jpg,1785599956549692672,9.949,49.718,40.282,22,88,1847.3,0.54,1,40.282
73054,00073054.jpg,1785599956583028480,9.963,50.128,39.872,24,86,1814.5,0.8,1,39.872
73055,00073055.jpg,1785599956616257792,9.963,50.776,39.224,23,90,1846.8,0.78,1,39.224
73056,00073056.jpg,1785599956648926464,10.012,50.641,39.359,23,87,1842.7,1.12,1,39.359
73057,00073057.jpg,1785599956681555968,9.979,50.404,39.596,22,88,1838.6,0.76,1,39.596
73058,00073058.jpg,1785599956716434176,9.986,49.732,40.268,25,92,1812.8,0.7,1,40.268
73059,00073059.jpg,1785599956749914368,10.049,49.43,40.57,25,97,1829.7,0.59,1,40.57
73060,00073060.jpg,1785599956781289728,10.061,48.742,41.258,27,103,1829.6,0.64,1,41.258
73061,00073061.jpg,1785599956816439552,10.065,48.422,41.578,26,88,1780.9,0.89,1,41.578
73062,00073062.jpg,1785599956848244992,10.058,48.046,41.954,29,102,1844.8,0.71,1,41.954
73063,00073063.jpg,1785599956884660992,9.987,48.148,41.852,26,92,1828.3,0.66,1,41.852
73064,00073064.jpg,1785599956916370688,9.957,48.012,41.988,26,91,1846.2,0.58,1,41.988
73065,00073065.jpg,1785599956949581824,9.94,48.123,41.877,25,91,1866.9,0.85,1,41.877
73066,00073066.jpg,1785599956983009280,9.925,48.181,41.819,26,97,1880.4,0.76,1,41.819
73067,00073067.jpg,1785599957016574976,9.928,48.252,41.748,23,85,1846.5,0.81,1,41.748
73068,00073068.jpg,1785599957048084224,9.93,48.133,41.867,23,88,1856.4,0.85,1,41.867
73069,00073069.jpg,1785599957081331712,9.931,48.525,41.475,24,89,1864.3,0.7,1,41.475
73070,00073070.jpg,1785599957116555520,9.936,48.945,41.055,27,93,1883.5,0.71,1,41.055
73071,00073071.jpg,1785599957150043648,9.937,48.723,41.277,26,93,1905.9,0.73,1,41.277
73072,00073072.jpg,1785599957182891520,9.938,48.589,41.411,26,96,1920.5,0.68,1,41.411
73073,00073073.jpg,1785599957216456192,9.94,49.097,40.903,26,94,1908.0,0.69,1,40.903
73074,00073074.jpg,1785599957249892096,9.941,49.09,40.91,27,99,1946.0,0.61,1,40.91
73075,00073075.jpg,1785599957281299456,9.949,48.843,41.157,27,95,1924.1,0.53,1,41.157
73076,00073076.jpg,1785599957316565760,9.95,48.846,41.154,26,91,1889.8,0.67,1,41.154
73077,00073077.jpg,1785599957349630720,9.975,48.557,41.443,25,92,1906.8,0.81,1,41.443
73078,00073078.jpg,1785599957383019008,9.944,48.467,41.533,26,95,1931.3,0.56,1,41.533
73079,00073079.jpg,1785599957416436480,9.949,49.143,40.857,26,96,1914.1,0.51,1,40.857
73080,00073080.jpg,1785599957449754880,9.958,49.147,40.853,29,97,1954.4,0.53,1,40.853
73081,00073081.jpg,1785599957483249152,9.953,49.245,40.755,27,96,1940.4,0.51,1,40.755
73082,00073082.jpg,1785599957516452608,9.95,49.154,40.846,28,94,1930.2,0.66,1,40.846
73083,00073083.jpg,1785599957550101504,9.943,49.251,40.749,30,96,1955.9,0.58,1,40.749
73084,00073084.jpg,1785599957583321344,9.938,49.282,40.718,27,92,1942.4,0.59,1,40.718
73085,00073085.jpg,1785599957616304640,9.936,48.98,41.02,26,93,1927.5,0.49,1,41.02
73086,00073086.jpg,1785599957649762048,9.934,49.229,40.771,27,89,1931.9,0.98,1,40.771
73087,00073087.jpg,1785599957683297536,9.933,49.337,40.663,27,92,1912.6,0.61,1,40.663
73088,00073088.jpg,1785599957716571648,9.932,49.177,40.823,27,95,1934.9,0.59,1,40.823
73089,00073089.jpg,1785599957748492800,9.931,49.123,40.877,27,92,1916.2,0.69,1,40.877
73090,00073090.jpg,1785599957781862912,9.413,49.336,40.664,29,91,1915.9,0.66,1,40.664
73091,00073091.jpg,1785599957816475648,8.745,49.043,40.957,26,89,1902.9,0.51,1,40.957
73092,00073092.jpg,1785599957849760512,7.189,49.313,40.687,28,93,1943.4,0.45,1,40.687
73093,00073093.jpg,1785599957884025600,6.367,49.07,40.93,28,94,1953.7,0.63,1,40.93
73094,00073094.jpg,1785599957916519168,8.696,49.055,40.945,26,91,1945.5,0.77,1,40.945
73095,00073095.jpg,1785599957949710336,9.398,49.058,40.942,27,93,1952.2,0.59,1,40.942
73096,00073096.jpg,1785599957982365952,9.7,49.181,40.819,29,96,1968.1,0.7,1,40.819
73097,00073097.jpg,1785599958016666624,9.828,49.191,40.809,29,95,1930.4,0.77,1,40.809
73098,00073098.jpg,1785599958048342272,9.882,49.237,40.763,29,99,1970.0,0.74,1,40.763
73099,00073099.jpg,1785599958083144704,9.914,49.5,40.5,26,91,1897.0,0.83,1,40.5
73100,00073100.jpg,1785599958116671488,9.931,49.34,40.66,30,100,1945.1,0.91,1,40.66
73101,00073101.jpg,1785599958149741056,9.972,49.825,40.175,28,98,1942.9,0.99,1,40.175
73102,00073102.jpg,1785599958183362304,9.92,50.509,39.491,28,98,1951.7,0.66,1,39.491
73103,00073103.jpg,1785599958216534016,9.931,51.384,38.616,28,98,1989.1,0.68,1,38.616
73104,00073104.jpg,1785599958249172224,9.93,51.81,38.19,31,105,2012.7,0.66,1,38.19
73105,00073105.jpg,1785599958283232512,9.921,52.028,37.972,30,102,1997.0,0.81,1,37.972
73106,00073106.jpg,1785599958316655360,9.921,52.168,37.832,32,107,2013.1,0.79,1,37.832
73107,00073107.jpg,1785599958349578496,9.921,51.992,38.008,30,102,2022.8,0.94,1,38.008
73108,00073108.jpg,1785599958383105792,9.921,51.849,38.151,28,95,1980.4,0.75,1,38.151
73109,00073109.jpg,1785599958416525568,9.92,52.129,37.871,28,92,1970.5,0.52,1,37.871
73110,00073110.jpg,1785599958448331520,9.92,51.934,38.066,26,92,1965.0,0.67,1,38.066
73111,00073111.jpg,1785599958482833408,9.92,51.807,38.193,26,93,1948.7,0.7,1,38.193
73112,00073112.jpg,1785599958517349120,9.92,51.923,38.077,28,94,1967.5,0.63,1,38.077
73113,00073113.jpg,1785599958549704704,9.92,52.007,37.993,29,101,2011.6,0.72,1,37.993
73114,00073114.jpg,1785599958583202304,9.92,51.89,38.11,28,101,1998.2,0.7,1,38.11
73115,00073115.jpg,1785599958616244992,9.921,52.073,37.927,27,98,1958.6,0.67,1,37.927
73116,00073116.jpg,1785599958649647104,9.943,52.06,37.94,28,100,1998.4,0.75,1,37.94
73117,00073117.jpg,1785599958683438848,9.986,51.88,38.12,23,91,1937.0,0.75,1,38.12
73118,00073118.jpg,1785599958716353536,9.983,50.84,39.16,29,97,1958.8,0.9,1,39.16
73119,00073119.jpg,1785599958749802240,10.068,49.963,40.037,27,95,1937.3,0.72,1,40.037
73120,00073120.jpg,1785599958781463552,10.04,47.73,42.27,28,100,1916.9,1.03,1,42.27
73121,00073121.jpg,1785599958816447488,9.957,45.074,44.926,25,90,1826.1,0.67,1,44.926
73122,00073122.jpg,1785599958850220032,9.951,42.734,47.266,28,89,1793.9,0.72,1,47.266
73123,00073123.jpg,1785599958882901504,9.921,40.284,49.716,23,83,1718.0,0.88,1,49.716
73124,00073124.jpg,1785599958916561152,9.923,38.02,51.98,23,80,1680.4,0.73,1,51.98
73125,00073125.jpg,1785599958949569792,9.934,36.46,53.54,22,78,1610.9,0.87,1,53.54
73126,00073126.jpg,1785599958982992384,9.929,35.573,54.427,22,82,1599.6,0.8,1,54.427
73127,00073127.jpg,1785599959016396288,9.921,35.32,54.68,22,77,1565.9,0.68,1,54.68
73128,00073128.jpg,1785599959049943808,9.922,34.989,55.011,22,76,1559.9,0.76,1,55.011
73129,00073129.jpg,1785599959081511424,9.921,35.12,54.88,22,77,1555.5,0.68,1,54.88
73130,00073130.jpg,1785599959116414208,9.921,34.983,55.017,20,76,1547.5,0.78,1,55.017
73131,00073131.jpg,1785599959149742336,9.921,34.895,55.105,23,80,1564.6,0.65,1,55.105
73132,00073132.jpg,1785599959183128576,9.921,34.857,55.143,23,80,1568.1,0.67,1,55.143
73133,00073133.jpg,1785599959216246016,9.921,34.934,55.066,22,73,1539.6,0.6,1,55.066
73134,00073134.jpg,1785599959249971200,9.921,34.937,55.063,23,75,1551.1,0.76,1,55.063
73135,00073135.jpg,1785599959283009024,9.922,34.969,55.031,20,75,1542.4,0.77,1,55.031
73136,00073136.jpg,1785599959316241920,9.922,35.008,54.992,20,71,1532.5,0.65,1,54.992
73137,00073137.jpg,1785599959350456576,9.922,35.219,54.781,21,75,1543.9,0.69,1,54.781
73138,00073138.jpg,1785599959381501952,9.922,34.845,55.155,21,73,1550.7,0.84,1,55.155
73139,00073139.jpg,1785599959416589824,9.922,35.248,54.752,20,75,1554.5,0.5,1,54.752
73140,00073140.jpg,1785599959450041600,9.922,35.283,54.717,21,78,1560.5,0.77,1,54.717
73141,00073141.jpg,1785599959483171840,9.922,35.109,54.891,19,72,1547.8,0.58,1,54.891
73142,00073142.jpg,1785599959516611072,9.922,35.043,54.957,20,71,1530.6,0.82,1,54.957
73143,00073143.jpg,1785599959549660672,9.922,35.068,54.932,18,73,1533.5,0.6,1,54.932
73144,00073144.jpg,1785599959583239936,9.924,35.237,54.763,21,71,1552.4,0.55,1,54.763
73145,00073145.jpg,1785599959616697088,9.928,34.955,55.045,20,73,1545.8,0.73,1,55.045
73146,00073146.jpg,1785599959649766144,9.945,35.289,54.711,20,77,1560.2,0.94,1,54.711
73147,00073147.jpg,1785599959683041280,9.977,35.177,54.823,20,70,1498.8,1.04,1,54.823
73148,00073148.jpg,1785599959716237568,9.991,35.481,54.519,22,73,1478.2,1.1,1,54.519
73149,00073149.jpg,1785599959749644800,10.036,35.447,54.553,21,70,1353.2,2.11,1,54.553
73150,00073150.jpg,1785599959782979072,10.031,35.091,54.909,20,71,1191.8,2.1,1,54.909
73151,00073151.jpg,1785599959816622592,10.019,35.655,54.345,17,61,1054.4,1.71,1,54.345
73152,00073152.jpg,1785599959850027520,10.107,35.143,54.857,18,63,1005.2,0.9,1,54.857
73153,00073153.jpg,1785599959883317248,10.167,35.351,54.649,20,65,988.6,0.84,1,54.649
73154,00073154.jpg,1785599959916702464,10.178,35.297,54.703,18,62,985.3,0.88,1,54.703
73155,00073155.jpg,1785599959949745408,10.175,35.092,54.908,21,66,1050.1,0.83,1,54.908
73156,00073156.jpg,1785599959983366656,10.059,34.526,55.474,18,62,1072.0,1.06,1,55.474
73157,00073157.jpg,1785599960016672768,10.001,34.033,55.967,18,60,1098.0,1.4,1,55.967
73158,00073158.jpg,1785599960048510208,9.989,34.596,55.404,18,66,1158.8,1.0,1,55.404
73159,00073159.jpg,1785599960083130624,9.925,34.231,55.769,20,64,1167.3,1.53,1,55.769
73160,00073160.jpg,1785599960116662016,9.955,34.619,55.381,16,58,1159.1,0.98,1,55.381
73161,00073161.jpg,1785599960149598720,10.004,35.133,54.867,20,70,1214.4,0.83,1,54.867
73162,00073162.jpg,1785599960183094016,10.011,34.959,55.041,21,72,1239.8,0.67,1,55.041
73163,00073163.jpg,1785599960216557824,9.999,34.901,55.099,18,69,1251.9,0.56,1,55.099
73164,00073164.jpg,1785599960248483072,9.957,35.341,54.659,17,65,1236.1,0.71,1,54.659
73165,00073165.jpg,1785599960281676032,9.925,35.561,54.439,19,70,1302.9,0.43,1,54.439
73166,00073166.jpg,1785599960316496384,9.925,35.071,54.929,20,70,1327.1,0.73,1,54.929
73167,00073167.jpg,1785599960349737216,9.917,35.164,54.836,20,71,1335.1,0.75,1,54.836
73168,00073168.jpg,1785599960381299968,9.914,35.122,54.878,20,73,1355.4,0.41,1,54.878
73169,00073169.jpg,1785599960416426240,9.919,35.189,54.811,19,68,1327.4,0.76,1,54.811
73170,00073170.jpg,1785599960449850368,9.921,35.235,54.765,22,74,1368.9,0.26,1,54.765
73171,00073171.jpg,1785599960483235584,9.921,35.154,54.846,20,71,1378.3,0.48,1,54.846
73172,00073172.jpg,1785599960516571904,9.922,34.898,55.102,21,68,1389.6,0.9,1,55.102
73173,00073173.jpg,1785599960548518656,9.923,35.175,54.825,20,68,1374.3,0.47,1,54.825
73174,00073174.jpg,1785599960583249152,9.923,34.881,55.119,18,65,1319.1,0.57,1,55.119
73175,00073175.jpg,1785599960616431104,9.924,35.244,54.756,19,65,1364.8,0.47,1,54.756
73176,00073176.jpg,1785599960649772032,9.924,35.266,54.734,18,68,1362.7,0.5,1,54.734
73177,00073177.jpg,1785599960683299328,9.923,35.1,54.9,20,65,1375.6,0.43,1,54.9
73178,00073178.jpg,1785599960716691200,9.923,35.223,54.777,17,65,1366.3,0.4,1,54.777
73179,00073179.jpg,1785599960749651456,9.405,35.1,54.9,21,70,1396.8,0.53,1,54.9
73180,00073180.jpg,1785599960783277312,7.935,35.101,54.899,19,68,1398.7,0.55,1,54.899
73181,00073181.jpg,1785599960816374528,7.156,34.973,55.027,19,70,1392.3,0.71,1,55.027
73182,00073182.jpg,1785599960848317440,5.793,34.768,55.232,20,67,1400.0,0.47,1,55.232
73183,00073183.jpg,1785599960883046912,5.664,34.81,55.19,20,68,1407.2,0.46,1,55.19
73184,00073184.jpg,1785599960916691712,8.241,34.434,55.566,21,68,1390.1,0.58,1,55.566
73185,00073185.jpg,1785599960948178688,9.18,34.916,55.084,20,67,1382.3,0.59,1,55.084
73186,00073186.jpg,1785599960982227200,9.611,35.241,54.759,19,67,1394.7,0.62,1,54.759
73187,00073187.jpg,1785599961016484864,9.787,35.439,54.561,19,69,1400.7,0.67,1,54.561
73188,00073188.jpg,1785599961048521472,9.861,35.351,54.649,20,67,1407.0,0.82,1,54.649
73189,00073189.jpg,1785599961083396096,9.894,35.359,54.641,19,64,1411.0,0.65,1,54.641
73190,00073190.jpg,1785599961116679680,9.905,35.179,54.821,18,63,1368.7,0.43,1,54.821
73191,00073191.jpg,1785599961149975296,9.932,35.005,54.995,19,71,1395.7,0.62,1,54.995
73192,00073192.jpg,1785599961182942720,9.983,34.753,55.247,18,64,1363.6,0.62,1,55.247
73193,00073193.jpg,1785599961216238848,9.923,34.423,55.577,19,69,1316.0,0.85,1,55.577
73194,00073194.jpg,1785599961248146432,9.934,35.055,54.945,18,69,1290.1,0.56,1,54.945
73195,00073195.jpg,1785599961281121536,9.982,35.572,54.428,19,69,1285.6,0.83,1,54.428
73196,00073196.jpg,1785599961316853760,9.986,35.7,54.3,18,69,1294.1,1.02,1,54.3
73197,00073197.jpg,1785599961348425216,9.98,35.603,54.397,17,65,1287.6,0.8,1,54.397
73198,00073198.jpg,1785599961381459968,9.928,35.447,54.553,18,66,1256.7,0.8,1,54.553
73199,00073199.jpg,1785599961416559616,9.91,35.82,54.18,19,69,1281.4,1.04,1,54.18
73200,00073200.jpg,1785599961449751296,9.896,35.617,54.383,20,66,1269.7,1.15,1,54.383
73201,00073201.jpg,1785599961483858944,9.888,35.729,54.271,20,65,1257.2,1.25,1,54.271
73202,00073202.jpg,1785599961516208128,9.892,35.787,54.213,20,68,1301.6,1.02,1,54.213
73203,00073203.jpg,1785599961549591040,9.891,35.781,54.219,18,61,1245.8,1.28,1,54.219
73204,00073204.jpg,1785599961581018624,9.891,35.588,54.412,18,61,1253.5,0.96,1,54.412
73205,00073205.jpg,1785599961616614912,9.895,35.872,54.128,18,63,1262.9,0.9,1,54.128
73206,00073206.jpg,1785599961648411904,9.896,35.502,54.498,19,66,1282.0,0.95,1,54.498
73207,00073207.jpg,1785599961683093760,9.897,35.663,54.337,23,75,1336.8,0.89,1,54.337
73208,00073208.jpg,1785599961716509952,9.899,35.634,54.366,21,75,1331.5,1.07,1,54.366
73209,00073209.jpg,1785599961749837056,9.945,35.365,54.635,20,69,1301.2,0.95,1,54.635
73210,00073210.jpg,1785599961782998016,10.264,35.603,54.397,18,66,1294.4,0.76,1,54.397
73211,00073211.jpg,1785599961816311296,10.704,35.468,54.532,21,68,1326.6,0.79,1,54.532
73212,00073212.jpg,1785599961849969152,11.555,35.365,54.635,23,73,1367.3,0.84,1,54.635
73213,00073213.jpg,1785599961882950656,12.611,35.48,54.52,20,66,1333.9,1.01,1,54.52
73214,00073214.jpg,1785599961916670464,13.358,35.611,54.389,22,70,1367.6,0.85,1,54.389
73215,00073215.jpg,1785599961949955072,13.897,35.488,54.512,22,71,1391.1,0.85,1,54.512
73216,00073216.jpg,1785599961982993920,8.52,35.9,54.1,20,68,1365.8,1.04,1,54.1
73217,00073217.jpg,1785599962016400640,7.212,35.352,54.648,20,70,1389.1,1.03,1,54.648
73218,00073218.jpg,1785599962048239104,7.904,35.818,54.182,19,64,1372.8,0.8,1,54.182
73219,00073219.jpg,1785599962083074304,8.702,35.603,54.397,18,64,1371.8,0.8,1,54.397
73220,00073220.jpg,1785599962116547840,9.253,35.392,54.608,21,69,1405.0,0.9,1,54.608
73221,00073221.jpg,1785599962148384768,9.574,35.493,54.507,20,72,1434.8,1.02,1,54.507
73222,00073222.jpg,1785599962183150592,9.747,35.476,54.524,22,74,1429.5,0.84,1,54.524
73223,00073223.jpg,1785599962216634112,9.835,35.486,54.514,18,66,1406.6,1.01,1,54.514
73224,00073224.jpg,1785599962249981696,9.878,35.545,54.455,21,70,1403.7,1.0,1,54.455
73225,00073225.jpg,1785599962282353152,9.899,35.434,54.566,22,71,1424.5,1.08,1,54.566
73226,00073226.jpg,1785599962316324608,9.909,35.638,54.362,23,74,1424.3,0.96,1,54.362
73227,00073227.jpg,1785599962349918464,9.914,35.804,54.196,23,78,1415.2,1.39,1,54.196
73228,00073228.jpg,1785599962381194496,9.916,35.613,54.387,21,73,1416.6,1.19,1,54.387
73229,00073229.jpg,1785599962416679168,9.917,35.723,54.277,23,74,1402.2,1.0,1,54.277
73230,00073230.jpg,1785599962449926912,9.918,35.692,54.308,24,79,1403.9,1.21,1,54.308
73231,00073231.jpg,1785599962483075072,9.918,35.585,54.415,24,81,1427.4,1.1,1,54.415
73232,00073232.jpg,1785599962516336640,9.918,35.522,54.478,25,77,1430.6,1.29,1,54.478
73233,00073233.jpg,1785599962549626880,10.071,35.466,54.534,25,80,1391.1,1.08,1,54.534
73234,00073234.jpg,1785599962583055616,10.607,35.477,54.523,21,75,1386.0,1.14,1,54.523
73235,00073235.jpg,1785599962616344576,11.201,35.496,54.504,21,74,1393.7,1.1,1,54.504
73236,00073236.jpg,1785599962650032128,12.141,35.487,54.513,22,81,1420.6,1.1,1,54.513
73237,00073237.jpg,1785599962683307520,13.31,35.403,54.597,26,83,1415.9,0.86,1,54.597
73238,00073238.jpg,1785599962716277504,14.16,35.333,54.667,27,85,1466.0,1.17,1,54.667
73239,00073239.jpg,1785599962750032896,14.897,35.618,54.382,28,85,1422.7,1.43,1,54.382
73240,00073240.jpg,1785599962781070592,15.096,35.469,54.531,23,79,1411.4,0.77,1,54.531
73241,00073241.jpg,1785599962816268288,6.401,35.386,54.614,23,84,1401.7,1.03,1,54.614
73242,00073242.jpg,1785599962849661440,6.739,35.195,54.805,24,79,1407.6,0.98,1,54.805
73243,00073243.jpg,1785599962881710080,7.886,35.505,54.495,24,82,1417.5,0.91,1,54.495
73244,00073244.jpg,1785599962916394496,8.77,35.268,54.732,25,79,1423.7,1.17,1,54.732
73245,00073245.jpg,1785599962949790720,9.311,35.542,54.458,22,74,1379.8,1.17,1,54.458
73246,00073246.jpg,1785599962982961408,9.606,35.271,54.729,21,78,1383.9,0.88,1,54.729
73247,00073247.jpg,1785599963016633344,9.761,35.645,54.355,24,76,1396.4,0.86,1,54.355
73248,00073248.jpg,1785599963049556480,9.838,35.401,54.599,22,73,1385.7,1.14,1,54.599
73249,00073249.jpg,1785599963083000320,9.875,35.202,54.798,24,78,1408.0,1.05,1,54.798
73250,00073250.jpg,1785599963116657152,9.892,35.316,54.684,24,76,1402.8,1.23,1,54.684
73251,00073251.jpg,1785599963150030592,9.9,35.812,54.188,23,76,1420.2,1.35,1,54.188
73252,00073252.jpg,1785599963183044864,9.903,35.491,54.509,24,75,1434.6,1.38,1,54.509
73253,00073253.jpg,1785599963216248320,9.904,35.202,54.798,23,75,1436.5,1.18,1,54.798
73254,00073254.jpg,1785599963249893632,9.904,35.437,54.563,21,71,1418.0,0.88,1,54.563
73255,00073255.jpg,1785599963281409280,9.904,35.498,54.502,22,72,1407.5,1.18,1,54.502
73256,00073256.jpg,1785599963316370688,9.947,35.35,54.65,22,74,1423.5,1.16,1,54.65
73257,00073257.jpg,1785599963350575360,10.27,35.865,54.135,21,72,1388.8,1.15,1,54.135
73258,00073258.jpg,1785599963383292672,11.009,35.829,54.171,22,76,1439.4,1.11,1,54.171
73259,00073259.jpg,1785599963416220416,11.837,35.485,54.515,21,70,1442.3,1.17,1,54.515
73260,00073260.jpg,1785599963450794496,12.748,35.786,54.214,23,74,1436.8,1.47,1,54.214
73261,00073261.jpg,1785599963482908416,13.719,35.768,54.232,23,71,1418.7,1.1,1,54.232
73262,00073262.jpg,1785599963515175168,14.292,35.623,54.377,22,75,1448.8,1.3,1,54.377
73263,00073263.jpg,1785599963548507904,10.989,35.256,54.744,20,67,1401.7,0.88,1,54.744
73264,00073264.jpg,1785599963583472128,6.667,35.237,54.763,22,71,1403.2,1.39,1,54.763
73265,00073265.jpg,1785599963616359936,7.01,35.224,54.776,21,73,1408.8,1.32,1,54.776
73266,00073266.jpg,1785599963648507648,8.038,35.51,54.49,20,66,1390.8,1.33,1,54.49
73267,00073267.jpg,1785599963684293120,8.836,35.501,54.499,19,68,1412.2,1.26,1,54.499
73268,00073268.jpg,1785599963716224512,9.321,35.385,54.615,21,73,1435.2,1.26,1,54.615
73269,00073269.jpg,1785599963748122368,9.739,35.878,54.122,20,70,1407.4,1.32,1,54.122
73270,00073270.jpg,1785599963782916352,10.227,35.602,54.398,19,68,1392.1,1.24,1,54.398
73271,00073271.jpg,1785599963816527104,10.655,35.747,54.253,19,68,1387.2,1.1,1,54.253
73272,00073272.jpg,1785599963850030848,11.317,35.801,54.199,19,70,1431.6,1.39,1,54.199
73273,00073273.jpg,1785599963882431744,11.034,35.417,54.583,20,66,1418.3,1.52,1,54.583
73274,00073274.jpg,1785599963916823040,8.906,36.171,53.829,21,72,1380.4,1.79,1,53.829
73275,00073275.jpg,1785599963948436736,8.859,36.065,53.935,19,66,1320.1,1.32,1,53.935
73276,00073276.jpg,1785599963983358208,9.217,35.292,54.708,20,66,1319.1,1.16,1,54.708
73277,00073277.jpg,1785599964016436480,9.498,35.724,54.276,20,66,1301.0,0.96,1,54.276
73278,00073278.jpg,1785599964049824256,9.688,35.532,54.468,19,68,1320.2,1.28,1,54.468
73279,00073279.jpg,1785599964083223552,9.824,35.921,54.079,20,67,1310.7,1.69,1,54.079
73280,00073280.jpg,1785599964116478208,9.897,36.741,53.259,22,64,1281.0,1.79,1,53.259
73281,00073281.jpg,1785599964148393472,10.022,36.253,53.747,23,77,1293.3,1.52,1,53.747
73282,00073282.jpg,1785599964183167232,10.025,37.282,52.718,24,98,1411.1,2.42,1,52.718
73283,00073283.jpg,1785599964216246784,10.085,36.67,53.33,18,80,1436.8,2.05,1,53.33
73284,00073284.jpg,1785599964249908224,10.14,35.758,54.242,21,88,1452.9,1.39,1,54.242
73285,00073285.jpg,1785599964283341312,10.273,35.1,54.9,21,75,1339.8,0.71,1,54.9
73286,00073286.jpg,1785599964316578816,10.307,35.091,54.909,18,71,1295.5,0.57,1,54.909
73287,00073287.jpg,1785599964348446208,10.318,34.895,55.105,19,71,1285.9,0.4,1,55.105
73288,00073288.jpg,1785599964383195904,10.215,34.663,55.337,19,74,1309.7,0.66,1,55.337
73289,00073289.jpg,1785599964416675584,10.079,34.823,55.177,17,72,1308.0,0.79,1,55.177
73290,00073290.jpg,1785599964449926400,10.007,34.908,55.092,18,73,1321.4,0.69,1,55.092
73291,00073291.jpg,1785599964484243456,10.067,35.442,54.558,18,70,1330.6,0.83,1,54.558
73292,00073292.jpg,1785599964516316416,10.143,35.987,54.013,18,72,1314.4,1.34,1,54.013
73293,00073293.jpg,1785599964549878784,10.195,35.487,54.513,20,68,1266.6,0.88,1,54.513
73294,00073294.jpg,1785599964583113472,10.282,35.098,54.902,16,54,1139.3,0.49,1,54.902
73295,00073295.jpg,1785599964616268032,10.284,34.116,55.884,18,64,1176.6,0.89,1,55.884
73296,00073296.jpg,1785599964649969664,10.276,34.791,55.209,18,68,1172.2,0.6,1,55.209
73297,00073297.jpg,1785599964683170048,10.076,34.224,55.776,19,69,1197.0,1.29,1,55.776
73298,00073298.jpg,1785599964716661760,9.939,34.528,55.472,18,78,1197.7,0.77,1,55.472
73299,00073299.jpg,1785599964748284160,9.729,34.514,55.486,18,78,1190.0,0.99,1,55.486
73300,00073300.jpg,1785599964783340544,8.786,34.251,55.749,19,73,1182.7,1.26,1,55.749
73301,00073301.jpg,1785599964820191488,7.088,34.071,55.929,16,76,1142.7,1.19,1,55.929
73302,00073302.jpg,1785599964849838080,6.209,34.211,55.789,19,68,1062.7,1.12,1,55.789
73303,00073303.jpg,1785599964881492736,5.718,34.527,55.473,18,67,1060.8,1.0,1,55.473
73304,00073304.jpg,1785599964916578048,6.085,34.692,55.308,16,61,995.2,0.9,1,55.308
73305,00073305.jpg,1785599964949680896,8.853,34.565,55.435,17,58,972.3,0.66,1,55.435
73306,00073306.jpg,1785599964983199744,9.486,34.753,55.247,20,59,973.1,0.88,1,55.247
73307,00073307.jpg,1785599965016333312,9.754,34.61,55.39,21,59,969.8,0.97,1,55.39
73308,00073308.jpg,1785599965048438784,9.877,34.321,55.679,19,56,968.7,0.95,1,55.679
73309,00073309.jpg,1785599965081455872,9.931,34.541,55.459,17,53,969.7,1.11,1,55.459
73310,00073310.jpg,1785599965116503808,9.948,34.097,55.903,18,51,948.0,1.29,1,55.903
73311,00073311.jpg,1785599965149647360,10.001,34.388,55.612,17,53,984.2,1.81,1,55.612
73312,00073312.jpg,1785599965182952192,9.461,34.418,55.582,18,56,1025.2,1.51,1,55.582
73313,00073313.jpg,1785599965216608000,8.754,34.111,55.889,16,53,997.4,1.42,1,55.889
73314,00073314.jpg,1785599965249852928,7.187,34.476,55.524,15,52,1002.3,0.75,1,55.524
73315,00073315.jpg,1785599965283266048,6.352,34.898,55.102,14,48,1004.2,0.71,1,55.102
73316,00073316.jpg,1785599965316546048,9.12,34.865,55.135,14,50,981.7,0.77,1,55.135
73317,00073317.jpg,1785599965348189440,9.587,34.954,55.046,11,43,909.9,0.48,1,55.046
73318,00073318.jpg,1785599965381270528,9.78,35.027,54.973,6,26,669.1,0.23,1,54.973
73319,00073319.jpg,1785599965416216320,9.861,34.87,55.13,7,27,662.5,0.61,1,55.13
73320,00073320.jpg,1785599965448346368,9.891,34.421,55.579,5,24,648.6,0.35,1,55.579
73321,00073321.jpg,1785599965481018880,9.903,34.721,55.279,5,23,630.4,0.48,1,55.279
73322,00073322.jpg,1785599965516461824,9.95,35.037,54.963,4,20,571.7,0.39,1,54.963
73323,00073323.jpg,1785599965549876736,10.287,34.988,55.012,2,12,490.8,0.36,1,55.012
73324,00073324.jpg,1785599965583211776,11.054,34.762,55.238,2,12,467.4,0.91,1,55.238
73325,00073325.jpg,1785599965616466176,11.761,35.024,54.976,3,14,403.3,0.77,1,54.976
73326,00073326.jpg,1785599965649978368,12.58,35.259,54.741,3,13,327.0,1.19,1,54.741
73327,00073327.jpg,1785599965684167936,13.18,35.063,54.937,3,11,256.2,0.9,1,54.937
73328,00073328.jpg,1785599965716270848,9.123,35.468,54.532,4,11,231.2,0.35,1,54.532
73329,00073329.jpg,1785599965749767424,7.982,34.937,55.063,4,11,137.2,0.75,1,55.063
73330,00073330.jpg,1785599965783177472,9.527,32.973,57.027,3,6,56.0,0.49,1,57.027
73331,00073331.jpg,1785599965816645120,10.945,33.83,56.17,3,6,66.8,2.17,1,56.17
73332,00073332.jpg,1785599965849953280,11.757,30.981,59.019,4,9,70.3,3.01,1,59.019
73333,00073333.jpg,1785599965883308544,12.805,33.611,56.389,6,14,97.5,1.74,1,56.389
73334,00073334.jpg,1785599965916431616,13.703,33.784,56.216,10,22,135.6,2.5,1,56.216
73335,00073335.jpg,1785599965948446976,14.8,33.285,56.715,13,35,221.0,2.97,1,56.715
73336,00073336.jpg,1785599965981471488,15.883,34.667,55.333,12,32,229.4,1.78,1,55.333
73337,00073337.jpg,1785599966016557568,16.498,35.57,54.43,14,38,257.1,2.13,1,54.43
73338,00073338.jpg,1785599966049583360,11.969,36.753,53.247,16,44,290.6,1.36,1,53.247
73339,00073339.jpg,1785599966083000576,6.239,37.228,52.772,14,38,260.8,1.29,1,52.772
73340,00073340.jpg,1785599966116278016,6.795,36.546,53.454,10,37,272.9,1.46,1,53.454
73341,00073341.jpg,1785599966148220672,9.109,36.669,53.331,10,26,268.3,0.87,1,53.331
73342,00073342.jpg,1785599966183083264,11.569,35.849,54.151,9,27,279.6,0.99,1,54.151
73343,00073343.jpg,1785599966216445440,12.272,35.152,54.848,9,24,213.6,1.34,1,54.848
73344,00073344.jpg,1785599966249694720,14.124,39.149,50.851,5,13,134.3,1.08,1,50.851
73345,00073345.jpg,1785599966283069440,14.855,,,0,0,0.0,,0,49.803
73346,00073346.jpg,1785599966317045248,13.518,,,0,0,0.0,,0,49.678
73347,00073347.jpg,1785599966349797120,5.048,,,0,0,0.0,,0,49.794
73348,00073348.jpg,1785599966383113984,2.24,,,0,0,0.0,,0,49.814
73349,00073349.jpg,1785599966416268800,4.401,34.338,55.662,2,4,33.7,0.0,1,55.662
73350,00073350.jpg,1785599966449774592,6.645,36.87,53.13,11,22,224.5,1.32,1,53.13
73351,00073351.jpg,1785599966481562112,8.135,38.014,51.986,16,33,345.8,1.5,1,51.986
73352,00073352.jpg,1785599966516523520,8.993,37.158,52.842,18,41,448.5,1.01,1,52.842
73353,00073353.jpg,1785599966548505344,9.446,36.588,53.412,21,52,570.8,0.88,1,53.412
73354,00073354.jpg,1785599966580930816,9.675,36.491,53.509,22,57,692.4,0.96,1,53.509
73355,00073355.jpg,1785599966616594176,9.788,36.661,53.339,20,58,777.4,1.06,1,53.339
73356,00073356.jpg,1785599966649951744,9.843,37.268,52.732,23,64,905.8,1.07,1,52.732
73357,00073357.jpg,1785599966681537280,9.868,36.663,53.337,22,60,927.6,0.98,1,53.337
73358,00073358.jpg,1785599966716811776,9.884,37.193,52.807,21,64,940.3,0.84,1,52.807
73359,00073359.jpg,1785599966748298496,9.886,36.985,53.015,25,68,943.1,1.08,1,53.015
73360,00073360.jpg,1785599966781753344,9.375,36.756,53.244,22,64,936.4,0.85,1,53.244
73361,00073361.jpg,1785599966817089024,8.706,36.919,53.081,22,66,948.4,0.95,1,53.081
73362,00073362.jpg,1785599966848447744,7.142,37.309,52.691,22,62,939.9,1.12,1,52.691
73363,00073363.jpg,1785599966881649408,6.333,36.672,53.328,21,60,937.8,0.95,1,53.328
73364,00073364.jpg,1785599966917124096,8.7,36.833,53.167,24,59,928.4,1.09,1,53.167
73365,00073365.jpg,1785599966948331776,9.371,37.138,52.862,23,61,937.4,1.04,1,52.862
73366,00073366.jpg,1785599966981325312,9.673,37.1,52.9,20,63,958.0,1.05,1,52.9
73367,00073367.jpg,1785599967016644608,9.801,36.769,53.231,20,57,933.9,0.81,1,53.231
73368,00073368.jpg,1785599967048363264,9.855,37.137,52.863,21,60,963.0,0.8,1,52.863
73369,00073369.jpg,1785599967081583616,10.033,37.082,52.918,20,63,945.0,0.88,1,52.918
73370,00073370.jpg,1785599967116622848,10.32,36.749,53.251,22,64,978.2,0.74,1,53.251
73371,00073371.jpg,1785599967150181632,11.036,37.022,52.978,20,58,945.6,1.18,1,52.978
73372,00073372.jpg,1785599967183023872,12.068,36.929,53.071,22,63,981.6,0.78,1,53.071
73373,00073373.jpg,1785599967216282880,12.917,37.051,52.949,18,62,977.2,1.14,1,52.949
73374,00073374.jpg,1785599967248290560,14.042,37.179,52.821,22,63,939.1,1.11,1,52.821
73375,00073375.jpg,1785599967283275520,15.386,37.555,52.445,23,59,879.7,1.24,1,52.445
73376,00073376.jpg,1785599967316492800,16.342,37.557,52.443,22,67,769.7,1.83,1,52.443
73377,00073377.jpg,1785599967349957888,17.627,37.166,52.834,21,57,743.6,1.35,1,52.834
73378,00073378.jpg,1785599967383152896,18.885,36.886,53.114,19,59,773.5,0.92,1,53.114
73379,00073379.jpg,1785599967415156480,19.537,36.213,53.787,20,58,761.2,0.8,1,53.787
73380,00073380.jpg,1785599967448568576,11.422,36.396,53.604,24,58,765.8,1.09,1,53.604
73381,00073381.jpg,1785599967483034112,3.501,36.379,53.621,20,60,757.4,1.0,1,53.621
73382,00073382.jpg,1785599967516454912,4.365,36.415,53.585,21,55,746.8,0.65,1,53.585
73383,00073383.jpg,1785599967548303616,6.371,37.086,52.914,22,59,743.6,0.81,1,52.914
73384,00073384.jpg,1785599967581041408,8.441,35.946,54.054,22,68,808.7,1.19,1,54.054
73385,00073385.jpg,1785599967616606208,10.118,36.578,53.422,21,61,828.7,1.16,1,53.422
73386,00073386.jpg,1785599967649761280,10.804,36.555,53.445,20,67,850.6,0.88,1,53.445
73387,00073387.jpg,1785599967682882304,12.111,36.527,53.473,22,68,853.0,1.01,1,53.473
73388,00073388.jpg,1785599967716485120,12.939,36.911,53.089,21,64,865.4,0.78,1,53.089
73389,00073389.jpg,1785599967748086016,14.006,36.826,53.174,21,69,895.9,0.87,1,53.174
73390,00073390.jpg,1785599967781802496,15.053,36.818,53.182,23,67,883.9,1.04,1,53.182
73391,00073391.jpg,1785599967816452864,15.677,36.883,53.117,22,63,893.2,0.8,1,53.117
73392,00073392.jpg,1785599967849218304,10.946,36.671,53.329,19,63,885.8,1.15,1,53.329
73393,00073393.jpg,1785599967882895360,5.91,37.248,52.752,19,64,880.5,0.66,1,52.752
73394,00073394.jpg,1785599967916259584,6.14,37.112,52.888,20,60,863.4,1.0,1,52.888
73395,00073395.jpg,1785599967949623552,7.487,37.09,52.91,22,60,865.2,0.79,1,52.91
73396,00073396.jpg,1785599967983148800,8.51,36.726,53.274,24,65,880.2,0.76,1,53.274
73397,00073397.jpg,1785599968016378624,9.13,37.127,52.873,21,56,859.1,1.2,1,52.873
73398,00073398.jpg,1785599968049548032,9.475,37.114,52.886,21,60,881.1,1.03,1,52.886
73399,00073399.jpg,1785599968082910464,9.653,36.774,53.226,21,57,853.3,0.55,1,53.226
73400,00073400.jpg,1785599968116724736,9.728,36.624,53.376,20,57,867.7,0.98,1,53.376
73401,00073401.jpg,1785599968148453120,9.784,37.075,52.925,22,61,876.2,0.87,1,52.925
73402,00073402.jpg,1785599968183420928,9.804,36.888,53.112,20,60,869.5,0.74,1,53.112
73403,00073403.jpg,1785599968216201472,9.814,36.833,53.167,20,61,866.3,0.58,1,53.167
73404,00073404.jpg,1785599968249542912,9.818,36.838,53.162,21,58,851.6,0.77,1,53.162
73405,00073405.jpg,1785599968283083776,9.821,36.766,53.234,20,62,864.8,0.62,1,53.234
73406,00073406.jpg,1785599968316533248,9.822,36.824,53.176,18,57,848.3,0.99,1,53.176
73407,00073407.jpg,1785599968349673216,9.822,36.853,53.147,20,59,846.4,0.93,1,53.147
73408,00073408.jpg,1785599968382755584,9.831,36.9,53.1,20,51,825.3,0.92,1,53.1
73409,00073409.jpg,1785599968416946688,9.839,36.995,53.005,21,63,829.5,0.93,1,53.005
73410,00073410.jpg,1785599968448316160,9.876,37.136,52.864,17,52,763.4,1.02,1,52.864
73411,00073411.jpg,1785599968482894848,9.956,37.479,52.521,16,51,737.5,0.89,1,52.521
73412,00073412.jpg,1785599968516575232,9.954,39.155,50.845,15,42,622.4,0.8,1,50.845
73413,00073413.jpg,1785599968549604096,9.911,41.198,48.802,15,42,534.0,1.11,1,48.802
73414,00073414.jpg,1785599968583706368,9.836,43.87,46.13,10,30,379.7,0.51,1,46.13
73415,00073415.jpg,1785599968616422912,9.819,47.059,42.941,12,35,372.4,1.3,1,42.941
73416,00073416.jpg,1785599968649674496,9.844,49.067,40.933,16,41,435.9,2.23,1,40.933
73417,00073417.jpg,1785599968683557376,9.832,50.48,39.52,15,45,484.3,1.99,1,39.52
73418,00073418.jpg,1785599968716329984,9.819,50.607,39.393,15,43,472.0,1.29,1,39.393
73419,00073419.jpg,1785599968749837824,9.821,50.81,39.19,13,40,452.9,1.33,1,39.19
73420,00073420.jpg,1785599968783237376,9.82,51.439,38.561,14,39,464.5,1.24,1,38.561
73421,00073421.jpg,1785599968816545024,9.819,51.036,38.964,14,43,452.2,1.76,1,38.964
73422,00073422.jpg,1785599968849660928,9.819,50.928,39.072,15,41,449.8,2.02,1,39.072
73423,00073423.jpg,1785599968883214592,9.818,50.904,39.096,14,44,464.7,1.22,1,39.096
73424,00073424.jpg,1785599968916407552,9.818,50.767,39.233,14,43,437.3,1.1,1,39.233
73425,00073425.jpg,1785599968949550592,9.818,51.089,38.911,14,44,488.9,1.2,1,38.911
73426,00073426.jpg,1785599968981083648,9.818,51.19,38.81,12,38,460.0,0.82,1,38.81
73427,00073427.jpg,1785599969016273664,9.82,51.223,38.777,16,46,476.1,2.1,1,38.777
73428,00073428.jpg,1785599969049653760,9.842,50.908,39.092,13,43,458.9,1.13,1,39.092
73429,00073429.jpg,1785599969083105024,9.881,51.227,38.773,14,46,478.5,1.07,1,38.773
73430,00073430.jpg,1785599969116385792,9.872,50.014,39.986,14,40,433.9,2.17,1,39.986
73431,00073431.jpg,1785599969149560832,9.992,49.397,40.603,13,35,408.5,0.97,1,40.603
73432,00073432.jpg,1785599969182070016,9.941,46.842,43.158,11,30,379.9,1.48,1,43.158
73433,00073433.jpg,1785599969215162112,9.848,44.028,45.972,11,39,387.3,0.63,1,45.972
73434,00073434.jpg,1785599969249775616,9.841,41.607,48.393,13,32,363.0,0.76,1,48.393
73435,00073435.jpg,1785599969283267072,9.863,38.971,51.029,16,48,539.0,0.7,1,51.029
73436,00073436.jpg,1785599969316448512,9.869,37.249,52.751,18,51,672.7,1.51,1,52.751
73437,00073437.jpg,1785599969348366848,9.862,34.518,55.482,21,61,830.3,0.81,1,55.482
73438,00073438.jpg,1785599969383054336,9.859,32.215,57.785,24,66,902.3,1.18,1,57.785
73439,00073439.jpg,1785599969416725504,9.837,29.512,60.488,25,72,991.0,1.07,1,60.488
73440,00073440.jpg,1785599969449882624,9.828,27.124,62.876,24,70,1017.6,0.64,1,62.876
73441,00073441.jpg,1785599969483054080,9.842,25.386,64.614,21,67,1077.7,0.82,1,64.614
73442,00073442.jpg,1785599969516389888,9.813,24.42,65.58,20,73,1132.7,0.79,1,65.58
73443,00073443.jpg,1785599969549555712,9.813,23.977,66.023,24,76,1147.3,0.89,1,66.023
73444,00073444.jpg,1785599969583081984,9.817,23.561,66.439,22,70,1141.7,0.84,1,66.439
73445,00073445.jpg,1785599969616497920,9.812,23.954,66.046,23,79,1170.2,0.54,1,66.046
73446,00073446.jpg,1785599969649544448,9.813,23.753,66.247,22,76,1152.1,0.48,1,66.247
73447,00073447.jpg,1785599969683306752,9.812,23.68,66.32,24,82,1128.1,0.69,1,66.32
73448,00073448.jpg,1785599969716933120,9.812,23.736,66.264,24,78,1152.0,0.57,1,66.264
73449,00073449.jpg,1785599969750030592,9.294,23.749,66.251,26,87,1177.2,0.54,1,66.251
73450,00073450.jpg,1785599969783269120,7.816,23.473,66.527,21,70,1117.5,0.68,1,66.527
73451,00073451.jpg,1785599969816551680,7.296,23.838,66.162,23,79,1134.0,0.78,1,66.162
73452,00073452.jpg,1785599969849654784,5.731,23.446,66.554,24,76,1127.9,0.98,1,66.554
73453,00073453.jpg,1785599969883606784,5.635,23.657,66.343,24,73,1126.6,0.8,1,66.343
73454,00073454.jpg,1785599969916320256,8.249,23.664,66.336,25,75,1114.7,0.66,1,66.336
73455,00073455.jpg,1785599969948276480,9.195,23.868,66.132,23,73,1083.8,0.52,1,66.132
73456,00073456.jpg,1785599969983341312,9.614,23.591,66.409,23,72,1089.0,0.41,1,66.409
73457,00073457.jpg,1785599970017246720,9.793,23.498,66.502,22,78,1104.1,0.84,1,66.502
73458,00073458.jpg,1785599970049971456,9.869,23.809,66.191,22,68,1068.9,0.49,1,66.191
73459,00073459.jpg,1785599970081750784,9.913,23.784,66.216,23,74,1066.7,0.66,1,66.216
73460,00073460.jpg,1785599970116470272,9.924,24.179,65.821,24,68,1039.2,0.66,1,65.821
73461,00073461.jpg,1785599970149651712,9.917,24.092,65.908,25,75,1058.6,0.7,1,65.908
73462,00073462.jpg,1785599970182906624,9.926,23.366,66.634,25,76,1067.0,0.89,1,66.634
73463,00073463.jpg,1785599970216241664,9.922,23.469,66.531,21,70,1077.6,1.14,1,66.531
73464,00073464.jpg,1785599970249647104,9.922,23.473,66.527,21,77,1085.4,0.66,1,66.527
73465,00073465.jpg,1785599970281486848,9.921,23.425,66.575,25,73,1050.6,0.67,1,66.575
73466,00073466.jpg,1785599970316318720,9.918,23.378,66.622,26,78,1077.4,0.79,1,66.622
73467,00073467.jpg,1785599970348190720,9.916,23.785,66.215,24,74,1047.5,0.82,1,66.215
73468,00073468.jpg,1785599970383222784,9.915,23.447,66.553,22,72,1068.5,0.67,1,66.553
73469,00073469.jpg,1785599970417075968,9.915,23.568,66.432,22,73,1076.8,0.99,1,66.432
73470,00073470.jpg,1785599970449865472,9.958,23.153,66.847,24,81,1077.4,0.86,1,66.847
73471,00073471.jpg,1785599970482888960,10.276,23.584,66.416,21,73,1084.0,0.86,1,66.416
73472,00073472.jpg,1785599970516516608,10.51,23.542,66.458,22,72,1058.6,0.9,1,66.458
73473,00073473.jpg,1785599970548753408,11.558,23.369,66.631,22,69,1036.0,0.75,1,66.631
73474,00073474.jpg,1785599970582968064,12.603,23.351,66.649,21,66,1041.7,0.75,1,66.649
73475,00073475.jpg,1785599970616626944,13.297,23.725,66.275,21,71,1043.5,0.9,1,66.275
73476,00073476.jpg,1785599970647730688,13.786,23.411,66.589,20,73,1055.4,0.81,1,66.589
73477,00073477.jpg,1785599970683018240,8.417,23.167,66.833,22,73,1054.2,0.76,1,66.833
73478,00073478.jpg,1785599970716964608,7.122,23.154,66.846,21,70,1006.5,0.93,1,66.846
73479,00073479.jpg,1785599970749585408,7.835,23.283,66.717,20,71,1027.1,0.64,1,66.717
73480,00073480.jpg,1785599970782879232,8.646,23.561,66.439,19,71,1036.1,0.73,1,66.439
73481,00073481.jpg,1785599970816289024,9.209,23.358,66.642,22,72,1026.4,0.7,1,66.642
73482,00073482.jpg,1785599970849744640,9.543,22.953,67.047,20,69,1026.5,1.01,1,67.047
73483,00073483.jpg,1785599970882881024,9.734,22.906,67.094,21,73,1009.1,1.17,1,67.094
73484,00073484.jpg,1785599970916824832,9.825,22.66,67.34,22,73,1027.8,1.41,1,67.34
73485,00073485.jpg,1785599970948295680,9.868,23.442,66.558,20,67,1003.6,1.24,1,66.558
73486,00073486.jpg,1785599970981439232,9.909,22.743,67.257,18,64,1003.0,0.93,1,67.257
73487,00073487.jpg,1785599971016363520,9.912,23.658,66.342,21,72,1011.6,0.9,1,66.342
73488,00073488.jpg,1785599971048445184,9.922,23.872,66.128,23,74,1007.0,1.05,1,66.128
73489,00073489.jpg,1785599971080996608,9.912,23.763,66.237,19,69,974.2,1.12,1,66.237
73490,00073490.jpg,1785599971116317696,9.9,23.684,66.316,19,64,982.9,1.5,1,66.316
73491,00073491.jpg,1785599971148384000,9.886,23.676,66.324,20,71,979.2,0.74,1,66.324
73492,00073492.jpg,1785599971181619456,9.879,23.76,66.24,21,68,968.4,1.15,1,66.24
73493,00073493.jpg,1785599971216261632,9.877,23.958,66.042,23,75,977.3,1.1,1,66.042
73494,00073494.jpg,1785599971249712384,9.876,23.695,66.305,21,74,947.8,1.0,1,66.305
73495,00073495.jpg,1785599971281222656,9.874,23.714,66.286,18,68,942.3,1.19,1,66.286
73496,00073496.jpg,1785599971316879360,9.876,23.316,66.684,19,67,973.5,1.05,1,66.684
73497,00073497.jpg,1785599971349791744,9.898,23.857,66.143,22,75,968.5,1.03,1,66.143
73498,00073498.jpg,1785599971381514240,9.874,23.182,66.818,19,63,934.4,0.82,1,66.818
73499,00073499.jpg,1785599971416635392,9.884,22.944,67.056,21,73,982.5,0.96,1,67.056
73500,00073500.jpg,1785599971449190656,9.876,22.249,67.751,24,76,973.7,1.01,1,67.751
73501,00073501.jpg,1785599971482966784,9.875,22.982,67.018,19,69,961.0,0.86,1,67.018
73502,00073502.jpg,1785599971516257280,9.874,22.697,67.303,20,67,962.6,1.01,1,67.303
73503,00073503.jpg,1785599971548169728,9.881,23.145,66.855,21,71,963.3,0.9,1,66.855
73504,00073504.jpg,1785599971583251712,9.915,22.867,67.133,17,63,962.5,0.94,1,67.133
73505,00073505.jpg,1785599971616609792,9.91,22.299,67.701,20,68,973.5,1.02,1,67.701
73506,00073506.jpg,1785599971649748992,9.988,21.916,68.084,18,65,1007.1,1.16,1,68.084
73507,00073507.jpg,1785599971681249792,10.057,20.249,69.751,23,82,1075.8,0.85,1,69.751
73508,00073508.jpg,1785599971716506624,9.992,17.779,72.221,20,78,1086.3,0.79,1,72.221
73509,00073509.jpg,1785599971749797888,9.877,15.331,74.669,17,72,1059.3,0.62,1,74.669
73510,00073510.jpg,1785599971783015936,9.887,12.964,77.036,20,78,1087.0,1.07,1,77.036
73511,00073511.jpg,1785599971816173824,9.871,11.013,78.987,20,81,1092.4,0.88,1,78.987
73512,00073512.jpg,1785599971848990208,9.87,10.117,79.883,18,75,1134.9,0.9,1,79.883
73513,00073513.jpg,1785599971881776128,9.872,9.756,80.244,15,71,1145.7,0.9,1,80.244
73514,00073514.jpg,1785599971917120000,9.868,9.08,80.92,19,83,1185.4,0.62,1,80.92
73515,00073515.jpg,1785599971947563520,9.866,9.04,80.96,22,91,1222.0,1.08,1,80.96
73516,00073516.jpg,1785599971982966272,9.865,8.951,81.049,21,90,1214.3,0.97,1,81.049
73517,00073517.jpg,1785599972016350464,9.865,9.168,80.832,19,84,1175.9,0.84,1,80.832
73518,00073518.jpg,1785599972049684224,9.864,9.226,80.774,18,78,1160.8,0.81,1,80.774
73519,00073519.jpg,1785599972082860288,9.351,9.273,80.727,18,76,1161.7,0.77,1,80.727
73520,00073520.jpg,1785599972116489984,8.668,9.277,80.723,19,83,1165.1,0.99,1,80.723
73521,00073521.jpg,1785599972148440320,6.981,9.011,80.989,18,74,1144.0,0.79,1,80.989
73522,00073522.jpg,1785599972183139072,5.14,9.141,80.859,17,73,1141.4,0.69,1,80.859
73523,00073523.jpg,1785599972216634880,4.621,9.506,80.494,20,89,1188.8,1.05,1,80.494
73524,00073524.jpg,1785599972249736960,4.351,9.16,80.84,19,83,1134.1,0.73,1,80.84
73525,00073525.jpg,1785599972283057408,7.569,9.436,80.564,18,72,1105.4,0.98,1,80.564
73526,00073526.jpg,1785599972316441088,8.865,9.252,80.748,19,76,1143.0,1.18,1,80.748
73527,00073527.jpg,1785599972349725696,9.445,9.244,80.756,19,77,1101.0,1.08,1,80.756
73528,00073528.jpg,1785599972381733120,9.687,9.29,80.71,17,75,1123.0,0.73,1,80.71
73529,00073529.jpg,1785599972416474112,9.792,8.832,81.168,16,68,1111.8,0.85,1,81.168
73530,00073530.jpg,1785599972449765376,9.835,9.077,80.923,19,76,1119.3,0.85,1,80.923
73531,00073531.jpg,1785599972481010176,9.853,9.083,80.917,16,71,1122.7,0.96,1,80.917
73532,00073532.jpg,1785599972516854016,9.865,8.636,81.364,22,83,1186.5,0.94,1,81.364
73533,00073533.jpg,1785599972548332288,9.864,8.806,81.194,22,80,1146.2,1.02,1,81.194
73534,00073534.jpg,1785599972581131264,9.865,9.413,80.587,19,82,1175.4,0.77,1,80.587
73535,00073535.jpg,1785599972614065920,9.866,8.91,81.09,19,83,1193.9,0.82,1,81.09
73536,00073536.jpg,1785599972648182784,9.866,9.206,80.794,19,72,1144.4,0.75,1,80.794
73537,00073537.jpg,1785599972683222016,9.866,8.817,81.183,20,84,1165.2,0.95,1,81.183
73538,00073538.jpg,1785599972716471040,9.866,9.199,80.801,16,71,1140.8,0.86,1,80.801
73539,00073539.jpg,1785599972748428800,9.866,9.136,80.864,15,67,1149.3,0.65,1,80.864
73540,00073540.jpg,1785599972781091840,9.866,9.089,80.911,14,71,1138.5,0.67,1,80.911
73541,00073541.jpg,1785599972816474368,9.866,9.028,80.972,20,81,1205.1,0.87,1,80.972
73542,00073542.jpg,1785599972848425728,9.866,9.26,80.74,20,82,1199.5,0.65,1,80.74
73543,00073543.jpg,1785599972880641792,9.866,9.151,80.849,17,77,1182.4,0.47,1,80.849
73544,00073544.jpg,1785599972916240384,9.868,9.429,80.571,16,69,1176.4,0.88,1,80.571
73545,00073545.jpg,1785599972949790208,9.88,9.528,80.472,18,81,1196.2,0.67,1,80.472
73546,00073546.jpg,1785599972982848256,9.897,9.823,80.177,17,84,1196.3,0.72,1,80.177
73547,00073547.jpg,1785599973016412928,9.902,9.937,80.063,14,77,1110.9,0.95,1,80.063
73548,00073548.jpg,1785599973047879680,10.003,10.1,79.9,12,69,1014.5,1.43,1,79.9
73549,00073549.jpg,1785599973081318144,9.948,11.008,78.992,13,66,1012.0,0.99,1,78.992
73550,00073550.jpg,1785599973116553472,9.998,9.529,80.471,16,71,1056.6,1.16,1,80.471
73551,00073551.jpg,1785599973149469184,10.059,8.925,81.075,15,69,1053.3,0.84,1,81.075
73552,00073552.jpg,1785599973180630528,10.098,8.708,81.292,17,79,1098.3,1.53,1,81.292
73553,00073553.jpg,1785599973215554816,10.105,8.394,81.606,14,64,1055.9,1.28,1,81.606
73554,00073554.jpg,1785599973249976832,10.095,7.675,82.325,13,62,1051.4,1.49,1,82.325
73555,00073555.jpg,1785599973283026176,9.993,7.933,82.067,15,75,1121.0,1.25,1,82.067
73556,00073556.jpg,1785599973316651776,9.943,7.804,82.196,16,76,1130.5,1.5,1,82.196
73557,00073557.jpg,1785599973349797120,9.909,8.361,81.639,14,74,1130.2,1.25,1,81.639
73558,00073558.jpg,1785599973381392896,9.878,7.597,82.403,18,77,1132.9,1.42,1,82.403
73559,00073559.jpg,1785599973414043136,9.885,8.36,81.64,18,76,1145.8,1.6,1,81.64
73560,00073560.jpg,1785599973449746176,9.884,8.007,81.993,19,83,1141.3,1.38,1,81.993
73561,00073561.jpg,1785599973480701440,9.884,8.071,81.929,16,74,1119.0,1.21,1,81.929
73562,00073562.jpg,1785599973516256000,9.893,8.219,81.781,19,74,1151.9,1.33,1,81.781
73563,00073563.jpg,1785599973547571456,9.897,8.695,81.305,18,80,1164.0,1.65,1,81.305
73564,00073564.jpg,1785599973581912576,9.897,8.281,81.719,16,76,1132.4,1.53,1,81.719
73565,00073565.jpg,1785599973616641792,9.901,8.016,81.984,17,81,1179.7,1.05,1,81.984
73566,00073566.jpg,1785599973647757056,9.902,8.011,81.989,17,70,1133.2,1.04,1,81.989
73567,00073567.jpg,1785599973681533952,9.903,8.104,81.896,18,84,1186.8,1.36,1,81.896
73568,00073568.jpg,1785599973716606208,9.905,8.157,81.843,16,72,1158.5,0.94,1,81.843
73569,00073569.jpg,1785599973748081408,9.906,8.259,81.741,17,80,1198.4,1.1,1,81.741
73570,00073570.jpg,1785599973780595968,9.907,8.486,81.514,16,86,1218.4,1.45,1,81.514
73571,00073571.jpg,1785599973816238592,9.908,8.641,81.359,20,89,1258.1,1.36,1,81.359
73572,00073572.jpg,1785599973849582336,9.908,8.334,81.666,18,83,1233.2,1.52,1,81.666
73573,00073573.jpg,1785599973882987520,9.909,8.294,81.706,16,79,1228.7,1.59,1,81.706
73574,00073574.jpg,1785599973914046720,9.909,8.147,81.853,18,85,1306.8,1.26,1,81.853
73575,00073575.jpg,1785599973948309504,9.911,8.215,81.785,16,75,1236.6,1.58,1,81.785
73576,00073576.jpg,1785599973981321728,9.933,8.23,81.77,15,73,1214.1,1.3,1,81.77
73577,00073577.jpg,1785599974016346368,9.937,9.152,80.848,21,86,1287.9,1.47,1,80.848
73578,00073578.jpg,1785599974048230144,9.912,7.392,82.608,15,88,1279.7,0.85,1,82.608
73579,00073579.jpg,1785599974082790912,9.932,6.583,83.417,18,79,1233.4,1.8,1,83.417
73580,00073580.jpg,1785599974116360192,9.914,6.075,83.925,14,67,1225.6,1.47,1,83.925
73581,00073581.jpg,1785599974149518336,9.913,6.569,83.431,15,74,1232.3,1.2,1,83.431
73582,00073582.jpg,1785599974182889984,9.913,6.583,83.417,16,82,1287.2,1.36,1,83.417
73583,00073583.jpg,1785599974216392192,9.913,7.58,82.42,14,81,1286.7,1.58,1,82.42
73584,00073584.jpg,1785599974248816640,9.913,6.587,83.413,13,71,1265.3,1.35,1,83.413
73585,00073585.jpg,1785599974281093376,9.914,6.26,83.74,14,73,1238.8,0.81,1,83.74
73586,00073586.jpg,1785599974316232448,9.914,7.358,82.642,16,79,1280.0,1.48,1,82.642
73587,00073587.jpg,1785599974349040640,9.914,6.87,83.13,17,75,1236.9,1.21,1,83.13
73588,00073588.jpg,1785599974383126016,9.915,7.58,82.42,15,80,1280.8,1.54,1,82.42
73589,00073589.jpg,1785599974416246784,9.915,7.299,82.701,15,73,1228.5,1.77,1,82.701
73590,00073590.jpg,1785599974447438080,9.915,6.794,83.206,16,87,1298.4,1.23,1,83.206
73591,00073591.jpg,1785599974480705792,9.916,6.875,83.125,17,69,1219.0,1.02,1,83.125
73592,00073592.jpg,1785599974516296704,9.916,7.239,82.761,17,82,1257.1,1.04,1,82.761
73593,00073593.jpg,1785599974549004544,9.916,7.032,82.968,19,75,1255.9,1.16,1,82.968
73594,00073594.jpg,1785599974580745472,9.916,7.347,82.653,14,72,1221.9,1.15,1,82.653
73595,00073595.jpg,1785599974616361984,9.917,7.262,82.738,14,68,1212.2,1.05,1,82.738
73596,00073596.jpg,1785599974647650816,9.917,7.662,82.338,21,92,1292.1,1.34,1,82.338
73597,00073597.jpg,1785599974680434176,9.917,7.457,82.543,15,71,1227.3,1.25,1,82.543
73598,00073598.jpg,1785599974716462848,9.918,7.0,83.0,16,85,1278.2,1.38,1,83.0
73599,00073599.jpg,1785599974749124352,9.918,7.319,82.681,15,77,1219.2,1.19,1,82.681
73600,00073600.jpg,1785599974781188864,9.918,6.941,83.059,16,81,1195.9,1.5,1,83.059
73601,00073601.jpg,1785599974816579840,9.919,7.475,82.525,17,75,1180.6,1.38,1,82.525
73602,00073602.jpg,1785599974849352704,9.542,7.34,82.66,15,73,1179.4,1.32,1,82.66
73603,00073603.jpg,1785599974883115264,7.92,7.749,82.251,15,76,1212.9,1.18,1,82.251
73604,00073604.jpg,1785599974916448512,6.901,7.533,82.467,14,73,1191.3,1.35,1,82.467
73605,00073605.jpg,1785599974947636480,5.768,7.802,82.198,18,71,1218.2,1.43,1,82.198
73606,00073606.jpg,1785599974980717568,5.614,7.645,82.355,16,80,1220.8,1.29,1,82.355
73607,00073607.jpg,1785599975016361216,8.177,7.771,82.229,15,71,1174.7,1.31,1,82.229
73608,00073608.jpg,1785599975048367616,9.141,8.093,81.907,18,72,1179.5,1.38,1,81.907
73609,00073609.jpg,1785599975082910720,9.56,7.793,82.207,16,70,1181.3,1.4,1,82.207
73610,00073610.jpg,1785599975116233728,9.738,7.584,82.416,17,75,1194.8,1.65,1,82.416
73611,00073611.jpg,1785599975147112704,9.813,7.84,82.16,17,78,1208.0,1.56,1,82.16
73612,00073612.jpg,1785599975180972288,9.845,7.509,82.491,15,70,1191.7,1.55,1,82.491
73613,00073613.jpg,1785599975214023680,9.858,8.065,81.935,16,78,1196.1,1.62,1,81.935
73614,00073614.jpg,1785599975248265472,9.864,8.091,81.909,17,72,1172.6,1.31,1,81.909
73615,00073615.jpg,1785599975282845440,9.866,7.639,82.361,17,79,1209.8,1.46,1,82.361
73616,00073616.jpg,1785599975316717824,9.868,7.587,82.413,16,70,1150.8,1.19,1,82.413
73617,00073617.jpg,1785599975349576192,9.881,8.173,81.827,17,74,1170.5,1.4,1,81.827
73618,00073618.jpg,1785599975382821888,9.898,7.83,82.17,17,72,1138.8,0.77,1,82.17
73619,00073619.jpg,1785599975416531968,9.903,8.011,81.989,16,72,1124.1,1.14,1,81.989
73620,00073620.jpg,1785599975448870912,9.883,8.083,81.917,16,73,1069.7,0.98,1,81.917
73621,00073621.jpg,1785599975481969408,9.904,8.378,81.622,16,64,1049.5,1.39,1,81.622
73622,00073622.jpg,1785599975513934592,9.909,8.151,81.849,14,66,1037.7,1.93,1,81.849
73623,00073623.jpg,1785599975548085248,10.069,8.053,81.947,15,65,1044.7,2.13,1,81.947
73624,00073624.jpg,1785599975581426176,10.225,8.263,81.737,16,73,1074.4,2.08,1,81.737
73625,00073625.jpg,1785599975616147968,11.201,8.242,81.758,14,71,1093.0,1.6,1,81.758
73626,00073626.jpg,1785599975648300800,12.09,8.393,81.607,14,63,1056.4,2.01,1,81.607
73627,00073627.jpg,1785599975681109504,12.887,8.504,81.496,14,65,1065.1,1.79,1,81.496
73628,00073628.jpg,1785599975716499712,13.32,7.805,82.195,17,68,1076.5,1.55,1,82.195
73629,00073629.jpg,1785599975748455680,8.728,8.323,81.677,15,66,1071.2,2.19,1,81.677
73630,00073630.jpg,1785599975782801920,7.56,7.766,82.234,14,71,1092.3,1.84,1,82.234
73631,00073631.jpg,1785599975816620544,8.149,8.213,81.787,16,70,1083.5,1.79,1,81.787
73632,00073632.jpg,1785599975848218368,8.982,8.046,81.954,16,76,1107.5,1.88,1,81.954
73633,00073633.jpg,1785599975880691712,10.149,7.849,82.151,16,74,1102.0,2.02,1,82.151
73634,00073634.jpg,1785599975916584192,10.01,8.032,81.968,17,73,1080.4,1.81,1,81.968
73635,00073635.jpg,1785599975947874048,9.602,7.699,82.301,17,83,1140.4,1.88,1,82.301
73636,00073636.jpg,1785599975981588736,9.632,7.978,82.022,16,77,1132.8,1.77,1,82.022
73637,00073637.jpg,1785599976016581120,9.73,7.597,82.403,20,84,1150.2,1.39,1,82.403
73638,00073638.jpg,1785599976047037696,9.821,7.505,82.495,13,56,1037.3,1.56,1,82.495
73639,00073639.jpg,1785599976082276608,9.898,6.752,83.248,20,87,1121.2,1.62,1,83.248
73640,00073640.jpg,1785599976116530176,9.884,7.125,82.875,16,66,1075.3,2.02,1,82.875
73641,00073641.jpg,1785599976147131136,9.921,8.247,81.753,12,57,1051.4,1.6,1,81.753
73642,00073642.jpg,1785599976180423936,9.924,8.657,81.343,15,64,1089.7,1.44,1,81.343
73643,00073643.jpg,1785599976216483072,9.971,8.819,81.181,12,58,1054.5,1.98,1,81.181
73644,00073644.jpg,1785599976248219136,10.292,8.193,81.807,14,57,1053.7,1.68,1,81.807
73645,00073645.jpg,1785599976281991168,11.036,8.448,81.552,16,66,1092.9,1.65,1,81.552
73646,00073646.jpg,1785599976316442624,11.707,9.218,80.782,14,68,1088.4,1.44,1,80.782
73647,00073647.jpg,1785599976347755520,11.991,8.717,81.283,14,62,1091.1,1.5,1,81.283
73648,00073648.jpg,1785599976380815360,11.101,8.896,81.104,15,67,1078.6,1.62,1,81.104
73649,00073649.jpg,1785599976416278784,8.277,8.884,81.116,13,66,1084.9,1.31,1,81.116
73650,00073650.jpg,1785599976447305984,8.336,9.095,80.905,15,73,1104.0,1.4,1,80.905
73651,00073651.jpg,1785599976481787904,9.398,9.238,80.762,16,73,1094.4,1.28,1,80.762
73652,00073652.jpg,1785599976516730368,10.404,8.171,81.829,18,75,1096.1,1.73,1,81.829
73653,00073653.jpg,1785599976547589120,11.082,8.987,81.013,18,79,1120.0,1.11,1,81.013
73654,00073654.jpg,1785599976580797184,12.091,8.58,81.42,20,77,1101.0,1.5,1,81.42
73655,00073655.jpg,1785599976616183040,12.942,8.587,81.413,18,73,1072.2,1.66,1,81.413
73656,00073656.jpg,1785599976647430912,14.057,8.454,81.546,20,79,1091.6,1.4,1,81.546
73657,00073657.jpg,1785599976681059328,15.369,8.821,81.179,21,78,1080.6,1.66,1,81.179
73658,00073658.jpg,1785599976715184896,16.297,9.163,80.837,20,83,1076.6,1.1,1,80.837
73659,00073659.jpg,1785599976747252992,16.646,8.705,81.295,22,79,1058.4,1.46,1,81.295
73660,00073660.jpg,1785599976781307392,11.536,8.625,81.375,18,75,1027.0,1.41,1,81.375
73661,00073661.jpg,1785599976816297216,4.932,9.049,80.951,21,82,1033.9,1.01,1,80.951
73662,00073662.jpg,1785599976848077568,5.512,8.792,81.208,22,83,1007.4,1.06,1,81.208
73663,00073663.jpg,1785599976881311232,6.901,9.101,80.899,21,86,1005.1,1.25,1,80.899
73664,00073664.jpg,1785599976916146688,8.881,9.107,80.893,22,88,1017.7,1.29,1,80.893
73665,00073665.jpg,1785599976948352512,10.562,9.212,80.788,21,73,961.6,1.37,1,80.788
73666,00073666.jpg,1785599976981455616,10.904,8.913,81.087,19,77,954.7,1.21,1,81.087
73667,00073667.jpg,1785599977016630272,9.335,9.34,80.66,18,78,946.1,1.26,1,80.66
73668,00073668.jpg,1785599977047728384,9.355,8.852,81.148,19,75,932.1,1.22,1,81.148
73669,00073669.jpg,1785599977080506624,9.429,8.865,81.135,21,84,955.6,1.3,1,81.135
73670,00073670.jpg,1785599977116239360,9.696,9.152,80.848,23,89,962.8,1.31,1,80.848
73671,00073671.jpg,1785599977147781888,9.791,9.172,80.828,21,81,939.8,1.3,1,80.828
73672,00073672.jpg,1785599977181603072,9.843,8.752,81.248,20,75,921.6,1.13,1,81.248
73673,00073673.jpg,1785599977216687616,9.871,9.289,80.711,19,73,946.6,1.0,1,80.711
73674,00073674.jpg,1785599977247644672,9.884,8.93,81.07,18,78,986.9,1.32,1,81.07
73675,00073675.jpg,1785599977280549376,9.89,8.825,81.175,20,79,1019.9,1.34,1,81.175
73676,00073676.jpg,1785599977316629248,9.904,9.015,80.985,21,78,1042.0,1.2,1,80.985
73677,00073677.jpg,1785599977348423936,9.894,8.698,81.302,21,87,1059.7,1.17,1,81.302
73678,00073678.jpg,1785599977381581824,9.894,8.592,81.408,18,79,1038.6,1.17,1,81.408
73679,00073679.jpg,1785599977413978624,9.894,8.77,81.23,20,84,1060.7,1.01,1,81.23
73680,00073680.jpg,1785599977447184128,9.894,8.465,81.535,19,81,1058.8,1.09,1,81.535
73681,00073681.jpg,1785599977480584704,9.893,8.525,81.475,20,93,1141.6,1.21,1,81.475
73682,00073682.jpg,1785599977513859584,9.893,8.412,81.588,24,98,1155.0,1.54,1,81.588
73683,00073683.jpg,1785599977547287552,9.892,8.616,81.384,20,78,1075.0,1.25,1,81.384
73684,00073684.jpg,1785599977580593408,9.892,8.527,81.473,21,77,1085.4,1.44,1,81.473
73685,00073685.jpg,1785599977616429568,9.891,8.666,81.334,22,84,1123.8,1.31,1,81.334
73686,00073686.jpg,1785599977648042496,9.892,8.63,81.37,22,84,1128.5,0.89,1,81.37
73687,00073687.jpg,1785599977682832384,9.904,8.678,81.322,20,81,1116.4,1.16,1,81.322
73688,00073688.jpg,1785599977716203008,9.904,8.062,81.938,20,76,1058.7,1.18,1,81.938
73689,00073689.jpg,1785599977747722496,9.939,7.482,82.518,21,91,1093.5,1.17,1,82.518
73690,00073690.jpg,1785599977781562880,9.901,8.241,81.759,20,67,996.5,1.3,1,81.759
73691,00073691.jpg,1785599977816558080,9.907,7.685,82.315,21,70,1002.0,1.56,1,82.315
73692,00073692.jpg,1785599977848326912,9.92,7.679,82.321,23,77,998.3,1.29,1,82.321
73693,00073693.jpg,1785599977880840192,9.92,8.589,81.411,22,77,1003.0,1.55,1,81.411
73694,00073694.jpg,1785599977914052864,9.914,8.612,81.388,22,75,998.5,1.47,1,81.388
73695,00073695.jpg,1785599977947185408,9.899,8.293,81.707,23,80,1054.5,1.56,1,81.707
73696,00073696.jpg,1785599977980662784,9.886,8.222,81.778,21,85,1045.3,1.42,1,81.778
73697,00073697.jpg,1785599978013859072,9.882,8.451,81.549,23,83,1082.4,1.22,1,81.549
73698,00073698.jpg,1785599978046978048,9.88,8.338,81.662,24,88,1104.3,1.36,1,81.662
73699,00073699.jpg,1785599978081095424,9.879,8.344,81.656,22,90,1126.1,1.34,1,81.656
73700,00073700.jpg,1785599978116140288,9.88,8.539,81.461,23,85,1121.7,1.32,1,81.461
73701,00073701.jpg,1785599978146993920,9.88,8.592,81.408,24,98,1192.4,1.37,1,81.408
73702,00073702.jpg,1785599978182806528,9.88,8.584,81.416,21,79,1101.2,1.21,1,81.416
73703,00073703.jpg,1785599978216457472,9.88,8.992,81.008,23,92,1200.9,1.58,1,81.008
73704,00073704.jpg,1785599978249511424,9.88,8.629,81.371,22,87,1223.9,1.21,1,81.371
73705,00073705.jpg,1785599978280349440,9.88,8.34,81.66,20,89,1218.6,1.31,1,81.66
73706,00073706.jpg,1785599978316560384,9.88,8.461,81.539,22,90,1246.2,1.24,1,81.539
73707,00073707.jpg,1785599978347081216,9.88,8.153,81.847,21,88,1243.2,1.47,1,81.847
73708,00073708.jpg,1785599978380527104,9.879,8.743,81.257,20,90,1256.8,1.56,1,81.257
73709,00073709.jpg,1785599978413641728,9.879,7.986,82.014,22,98,1313.0,1.12,1,82.014
73710,00073710.jpg,1785599978448439552,9.879,8.717,81.283,20,91,1281.4,1.27,1,81.283
73711,00073711.jpg,1785599978481842176,9.88,8.428,81.572,20,86,1299.7,1.35,1,81.572
73712,00073712.jpg,1785599978516582656,9.883,8.424,81.576,20,88,1306.2,1.28,1,81.576
73713,00073713.jpg,1785599978549638912,9.898,9.225,80.775,20,88,1324.2,1.83,1,80.775
73714,00073714.jpg,1785599978583408896,9.883,8.863,81.137,23,105,1423.6,1.68,1,81.137
73715,00073715.jpg,1785599978613776896,9.883,8.039,81.961,21,109,1482.3,1.45,1,81.961
73716,00073716.jpg,1785599978647588096,9.892,8.409,81.591,22,115,1491.0,1.02,1,81.591
73717,00073717.jpg,1785599978681203200,9.893,7.92,82.08,22,107,1491.9,0.9,1,82.08
73718,00073718.jpg,1785599978716151808,9.89,7.738,82.262,24,115,1524.1,1.02,1,82.262
73719,00073719.jpg,1785599978747003392,9.884,8.199,81.801,24,111,1456.1,0.98,1,81.801
73720,00073720.jpg,1785599978782204416,9.876,8.078,81.922,27,99,1398.6,1.1,1,81.922
73721,00073721.jpg,1785599978816208896,9.875,7.902,82.098,23,110,1444.9,0.95,1,82.098
73722,00073722.jpg,1785599978847566848,9.873,8.198,81.802,21,98,1390.5,1.02,1,81.802
73723,00073723.jpg,1785599978881262080,9.88,8.205,81.795,25,111,1454.8,1.14,1,81.795
73724,00073724.jpg,1785599978916514816,9.888,8.311,81.689,26,109,1417.7,1.01,1,81.689
73725,00073725.jpg,1785599978948294656,9.924,8.554,81.446,23,99,1381.0,0.61,1,81.446
73726,00073726.jpg,1785599978980514304,9.87,9.328,80.672,20,89,1326.8,0.9,1,80.672
73727,00073727.jpg,1785599979016244224,9.88,10.325,79.675,22,84,1273.0,1.07,1,79.675
73728,00073728.jpg,1785599979047260928,9.879,10.947,79.053,21,96,1324.4,1.19,1,79.053
73729,00073729.jpg,1785599979081417472,9.87,10.726,79.274,23,97,1322.4,1.11,1,79.274
73730,00073730.jpg,1785599979116157696,9.87,10.949,79.051,20,88,1298.3,0.92,1,79.051
73731,00073731.jpg,1785599979147623680,9.869,10.473,79.527,24,105,1371.4,0.82,1,79.527
73732,00073732.jpg,1785599979181359872,9.868,10.991,79.009,20,87,1288.5,0.66,1,79.009
73733,00073733.jpg,1785599979217019136,9.868,10.725,79.275,23,98,1379.0,0.97,1,79.275
73734,00073734.jpg,1785599979247139840,9.868,10.857,79.143,25,101,1350.4,0.88,1,79.143
73735,00073735.jpg,1785599979280884480,9.867,10.474,79.526,21,87,1320.8,1.22,1,79.526
73736,00073736.jpg,1785599979316270848,9.867,10.548,79.452,22,90,1321.5,0.94,1,79.452
73737,00073737.jpg,1785599979349482752,9.866,10.691,79.309,23,93,1338.5,1.0,1,79.309
73738,00073738.jpg,1785599979380700928,9.875,10.647,79.353,22,95,1361.9,0.77,1,79.353
73739,00073739.jpg,1785599979413899008,9.882,10.849,79.151,19,91,1327.7,1.06,1,79.151
73740,00073740.jpg,1785599979447507456,9.918,10.305,79.695,19,87,1311.2,0.91,1,79.695
73741,00073741.jpg,1785599979480486656,10.0,9.253,80.747,21,101,1363.3,1.05,1,80.747
73742,00073742.jpg,1785599979516818688,9.992,7.963,82.037,22,103,1360.5,1.13,1,82.037
73743,00073743.jpg,1785599979549537536,9.864,6.225,83.775,18,95,1312.8,0.96,1,83.775
73744,00073744.jpg,1785599979580461312,9.911,4.135,85.865,22,104,1435.1,1.22,1,85.865
73745,00073745.jpg,1785599979616165888,9.862,3.311,86.689,23,108,1437.7,1.25,1,86.689
73746,00073746.jpg,1785599979648241152,9.861,2.45,87.55,18,106,1494.5,1.38,1,87.55
73747,00073747.jpg,1785599979680648704,9.87,2.113,87.887,21,113,1518.6,1.28,1,87.887
73748,00073748.jpg,1785599979713921280,9.867,2.388,87.612,22,102,1462.5,1.16,1,87.612
73749,00073749.jpg,1785599979747022848,9.891,2.99,87.01,21,98,1479.4,1.03,1,87.01
73750,00073750.jpg,1785599979780269312,9.94,3.426,86.574,21,96,1525.8,1.53,1,86.574
73751,00073751.jpg,1785599979816495616,9.956,3.706,86.294,19,96,1432.0,2.21,1,86.294
73752,00073752.jpg,1785599979847782656,9.913,3.235,86.765,18,80,1297.3,2.21,1,86.765
73753,00073753.jpg,1785599979880878592,9.955,3.08,86.92,17,78,1289.3,1.4,1,86.92
73754,00073754.jpg,1785599979916285184,9.97,2.648,87.352,17,76,1282.6,0.6,1,87.352
73755,00073755.jpg,1785599979946882048,9.986,2.787,87.213,17,81,1302.3,0.71,1,87.213
73756,00073756.jpg,1785599979981063680,9.963,2.394,87.606,17,79,1280.6,1.0,1,87.606
73757,00073757.jpg,1785599980014748416,9.915,2.019,87.981,17,82,1300.6,1.01,1,87.981
73758,00073758.jpg,1785599980047941632,9.874,2.606,87.394,17,87,1287.8,0.98,1,87.394
73759,00073759.jpg,1785599980080795136,9.857,2.422,87.578,17,84,1292.4,0.69,1,87.578
73760,00073760.jpg,1785599980113783296,9.839,2.462,87.538,19,96,1378.8,1.26,1,87.538
73761,00073761.jpg,1785599980147048448,9.839,2.625,87.375,17,91,1317.3,1.01,1,87.375
73762,00073762.jpg,1785599980180569600,9.836,2.458,87.542,18,92,1330.9,0.97,1,87.542
73763,00073763.jpg,1785599980213818880,9.7,2.55,87.45,18,90,1335.6,1.27,1,87.45
73764,00073764.jpg,1785599980247288320,8.723,2.341,87.659,19,95,1398.2,1.51,1,87.659
73765,00073765.jpg,1785599980282106112,6.929,2.053,87.947,18,95,1370.9,1.37,1,87.947
73766,00073766.jpg,1785599980316606720,6.138,2.25,87.75,17,88,1350.7,0.92,1,87.75
73767,00073767.jpg,1785599980347559424,5.658,2.228,87.772,16,84,1339.7,0.94,1,87.772
73768,00073768.jpg,1785599980382283776,8.311,2.227,87.773,16,88,1366.5,0.97,1,87.773
73769,00073769.jpg,1785599980416288768,9.228,2.096,87.904,17,86,1362.8,0.71,1,87.904
73770,00073770.jpg,1785599980447153408,9.63,2.324,87.676,15,88,1335.0,1.04,1,87.676
73771,00073771.jpg,1785599980480973312,9.801,2.344,87.656,13,90,1378.0,1.1,1,87.656
73772,00073772.jpg,1785599980516591616,9.873,2.036,87.964,16,89,1332.6,1.15,1,87.964
73773,00073773.jpg,1785599980547998976,9.903,2.116,87.884,16,90,1351.0,1.04,1,87.884
73774,00073774.jpg,1785599980580976384,9.558,2.049,87.951,17,84,1315.0,1.03,1,87.951
73775,00073775.jpg,1785599980616869376,8.811,2.338,87.662,16,88,1337.3,1.0,1,87.662
73776,00073776.jpg,1785599980648379648,7.225,2.116,87.884,20,85,1301.5,1.03,1,87.884
73777,00073777.jpg,1785599980680745472,6.386,2.262,87.738,16,84,1296.1,1.02,1,87.738
73778,00073778.jpg,1785599980716250368,8.671,2.242,87.758,15,87,1293.3,0.88,1,87.758
73779,00073779.jpg,1785599980746909184,9.37,2.274,87.726,16,76,1249.9,1.02,1,87.726
73780,00073780.jpg,1785599980782479872,9.67,2.22,87.78,14,73,1229.4,0.99,1,87.78
73781,00073781.jpg,1785599980816521216,9.798,2.263,87.737,15,72,1239.2,1.0,1,87.737
73782,00073782.jpg,1785599980848737024,9.851,2.419,87.581,15,69,1204.1,0.89,1,87.581
73783,00073783.jpg,1785599980881627136,9.873,2.443,87.557,14,68,1187.9,1.33,1,87.557
73784,00073784.jpg,1785599980916170240,9.883,2.549,87.451,17,66,1184.6,0.92,1,87.451
73785,00073785.jpg,1785599980948397056,9.887,2.493,87.507,17,67,1213.4,0.85,1,87.507
73786,00073786.jpg,1785599980980825344,9.889,2.029,87.971,17,66,1174.0,0.93,1,87.971
73787,00073787.jpg,1785599981013762560,9.889,2.201,87.799,13,59,1149.7,0.8,1,87.799
73788,00073788.jpg,1785599981047543808,9.89,2.435,87.565,13,64,1188.2,0.84,1,87.565
73789,00073789.jpg,1785599981081604608,9.89,2.502,87.498,12,63,1160.5,0.99,1,87.498
73790,00073790.jpg,1785599981116546560,9.89,1.778,88.222,15,56,1100.6,1.09,1,88.222
73791,00073791.jpg,1785599981147678720,9.89,2.553,87.447,12,59,1093.1,0.88,1,87.447
73792,00073792.jpg,1785599981180356352,9.89,2.354,87.646,14,51,1059.9,1.1,1,87.646
73793,00073793.jpg,1785599981213540352,9.89,2.648,87.352,15,55,1046.3,0.86,1,87.352
73794,00073794.jpg,1785599981247355904,9.89,2.507,87.493,12,48,987.4,0.78,1,87.493
73795,00073795.jpg,1785599981281625856,9.89,2.548,87.452,14,53,1026.9,0.78,1,87.452
73796,00073796.jpg,1785599981313650688,9.89,2.49,87.51,10,51,969.1,0.88,1,87.51
73797,00073797.jpg,1785599981348363776,9.89,2.354,87.646,11,47,970.2,1.01,1,87.646
73798,00073798.jpg,1785599981383058688,9.89,2.256,87.744,11,48,948.9,1.13,1,87.744
73799,00073799.jpg,1785599981415107840,9.89,2.034,87.966,15,50,960.0,1.04,1,87.966
73800,00073800.jpg,1785599981446969088,10.04,2.254,87.746,12,52,875.0,0.92,1,87.746
73801,00073801.jpg,1785599981480346880,10.571,2.024,87.976,11,52,847.4,1.05,1,87.976
73802,00073802.jpg,1785599981516471808,11.162,1.744,88.256,12,48,785.8,1.36,1,88.256
73803,00073803.jpg,1785599981549576704,12.105,2.705,87.295,13,38,687.5,1.07,1,87.295
73804,00073804.jpg,1785599981580901888,13.215,2.075,87.925,11,37,569.2,1.32,1,87.925
73805,00073805.jpg,1785599981616602112,14.006,2.323,87.677,10,34,530.6,0.98,1,87.677
73806,00073806.jpg,1785599981646961152,14.529,1.92,88.08,11,42,565.4,1.12,1,88.08
73807,00073807.jpg,1785599981680635392,8.153,2.227,87.773,12,40,534.8,0.94,1,87.773
73808,00073808.jpg,1785599981716472320,6.74,2.658,87.342,11,35,482.1,1.05,1,87.342
73809,00073809.jpg,1785599981747516928,7.585,2.963,87.037,13,40,465.1,0.83,1,87.037
73810,00073810.jpg,1785599981780374784,9.037,2.1,87.9,13,30,339.7,0.91,1,87.9
73811,00073811.jpg,1785599981813656320,10.353,2.005,87.995,16,40,398.4,1.71,1,87.995
73812,00073812.jpg,1785599981847270912,11.087,0.591,89.409,13,39,314.5,1.07,1,89.409
73813,00073813.jpg,1785599981881037568,12.088,0.812,89.188,14,31,254.0,2.37,1,89.188
73814,00073814.jpg,1785599981913902848,12.919,1.151,88.849,14,36,242.3,1.12,1,88.849
73815,00073815.jpg,1785599981948228096,13.757,1.665,88.335,17,41,290.6,1.27,1,88.335
73816,00073816.jpg,1785599981982936576,14.801,1.865,88.135,17,45,311.6,1.82,1,88.135
73817,00073817.jpg,1785599982016365312,15.218,0.41,89.59,20,49,348.4,0.75,1,89.59
73818,00073818.jpg,1785599982048358656,7.669,1.671,88.329,22,62,445.5,1.64,1,88.329
73819,00073819.jpg,1785599982080390912,6.069,0.718,89.282,20,60,464.7,1.21,1,89.282
73820,00073820.jpg,1785599982116184320,7.077,1.304,88.696,16,65,524.8,1.28,1,88.696
73821,00073821.jpg,1785599982147123712,8.203,1.316,88.684,21,71,582.2,1.29,1,88.684
73822,00073822.jpg,1785599982180363776,8.966,1.117,88.883,20,69,586.5,1.09,1,88.883
73823,00073823.jpg,1785599982216125184,9.406,1.592,88.408,18,75,652.9,1.56,1,88.408
73824,00073824.jpg,1785599982247827200,9.64,1.697,88.303,17,79,752.3,1.66,1,88.303
73825,00073825.jpg,1785599982281161216,9.76,1.102,88.898,19,75,705.9,1.23,1,88.898
73826,00073826.jpg,1785599982313991424,9.818,2.095,87.905,17,79,870.8,2.06,1,87.905
73827,00073827.jpg,1785599982348336896,9.846,2.344,87.656,17,84,926.7,1.95,1,87.656
73828,00073828.jpg,1785599982381268992,9.857,2.047,87.953,18,89,1058.9,1.73,1,87.953
73829,00073829.jpg,1785599982416094208,9.865,1.505,88.495,20,96,1170.9,1.48,1,88.495
73830,00073830.jpg,1785599982447359488,9.867,1.618,88.382,22,92,1148.9,1.59,1,88.382
73831,00073831.jpg,1785599982482324480,9.868,2.225,87.775,21,92,1147.4,1.47,1,87.775
73832,00073832.jpg,1785599982513804544,9.868,1.795,88.205,19,89,1122.6,1.77,1,88.205
73833,00073833.jpg,1785599982547422208,9.868,1.661,88.339,23,93,1154.9,1.64,1,88.339
73834,00073834.jpg,1785599982580700928,9.868,1.696,88.304,22,98,1162.8,1.66,1,88.304
73835,00073835.jpg,1785599982616532224,9.867,2.664,87.336,24,98,1184.8,1.52,1,87.336
73836,00073836.jpg,1785599982647804928,9.867,1.699,88.301,26,99,1172.5,1.67,1,88.301
73837,00073837.jpg,1785599982680687872,9.774,1.73,88.27,25,105,1240.4,1.7,1,88.27
73838,00073838.jpg,1785599982713867008,8.689,1.97,88.03,25,99,1201.5,1.93,1,88.03
73839,00073839.jpg,1785599982747725568,6.986,2.234,87.766,27,108,1228.4,1.57,1,87.766
73840,00073840.jpg,1785599982782885120,5.138,2.234,87.766,30,110,1245.5,1.65,1,87.766
73841,00073841.jpg,1785599982813428480,4.507,1.886,88.114,31,104,1245.3,1.85,1,88.114
73842,00073842.jpg,1785599982847268096,3.789,2.219,87.781,23,98,1256.2,2.12,1,87.781
73843,00073843.jpg,1785599982882048256,3.922,1.928,88.072,22,97,1228.5,1.89,1,88.072
73844,00073844.jpg,1785599982916331776,7.193,2.685,87.315,17,92,1218.0,1.84,1,87.315
73845,00073845.jpg,1785599982947804416,8.689,1.906,88.094,27,113,1336.2,1.88,1,88.094
73846,00073846.jpg,1785599982980449792,9.369,2.072,87.928,22,104,1275.1,1.89,1,87.928
73847,00073847.jpg,1785599983013416960,9.659,2.127,87.873,24,102,1312.8,1.66,1,87.873
73848,00073848.jpg,1785599983047993856,9.784,2.181,87.819,27,103,1333.5,1.82,1,87.819
73849,00073849.jpg,1785599983082919680,9.845,2.12,87.88,21,100,1317.7,1.57,1,87.88
73850,00073850.jpg,1785599983116415488,9.874,2.205,87.795,23,102,1374.9,1.88,1,87.795
73851,00073851.jpg,1785599983149449728,9.92,2.65,87.35,23,97,1315.6,1.81,1,87.35
73852,00073852.jpg,1785599983181502976,9.894,3.305,86.695,23,99,1317.7,1.43,1,86.695
73853,00073853.jpg,1785599983216361216,9.875,4.315,85.685,20,96,1242.7,1.64,1,85.685
73854,00073854.jpg,1785599983247079424,9.892,6.359,83.641,19,91,1142.6,1.55,1,83.641
73855,00073855.jpg,1785599983280489472,9.882,6.367,83.633,21,87,1125.6,1.54,1,83.633
73856,00073856.jpg,1785599983316341504,9.873,6.402,83.598,21,102,1196.2,1.36,1,83.598
73857,00073857.jpg,1785599983347685888,9.874,6.326,83.674,20,87,1119.6,1.33,1,83.674
73858,00073858.jpg,1785599983382512384,9.873,6.27,83.73,17,92,1189.4,1.19,1,83.73
73859,00073859.jpg,1785599983416227584,9.874,6.199,83.801,20,94,1191.6,1.52,1,83.801
73860,00073860.jpg,1785599983447676416,9.874,5.806,84.194,19,101,1291.7,1.32,1,84.194
73861,00073861.jpg,1785599983482332672,9.874,6.246,83.754,17,83,1158.6,1.2,1,83.754
73862,00073862.jpg,1785599983516567296,9.874,6.018,83.982,20,105,1307.7,1.59,1,83.982
73863,00073863.jpg,1785599983546993152,9.874,6.026,83.974,21,94,1240.4,1.62,1,83.974
73864,00073864.jpg,1785599983580689408,9.874,5.874,84.126,20,97,1310.9,1.7,1,84.126
73865,00073865.jpg,1785599983616425216,9.874,5.49,84.51,21,98,1293.3,1.1,1,84.51
73866,00073866.jpg,1785599983646884352,9.876,5.735,84.265,20,96,1327.5,1.28,1,84.265
73867,00073867.jpg,1785599983681978624,9.898,5.801,84.199,21,99,1337.3,1.1,1,84.199
73868,00073868.jpg,1785599983715400192,9.901,5.579,84.421,20,92,1321.7,1.37,1,84.421
73869,00073869.jpg,1785599983747135488,9.952,4.784,85.216,26,119,1496.8,1.62,1,85.216
73870,00073870.jpg,1785599983781035776,10.079,3.529,86.471,24,105,1440.7,1.73,1,86.471
73871,00073871.jpg,1785599983816201984,9.989,2.371,87.629,27,112,1586.3,1.47,1,87.629
73872,00073872.jpg,1785599983848030208,9.912,0.014,89.986,22,102,1664.6,1.32,1,89.986
73873,00073873.jpg,1785599983881645568,9.906,88.197,1.803,19,107,1654.6,1.75,1,91.803
73874,00073874.jpg,1785599983916917248,9.923,86.09,3.91,27,115,1562.1,1.47,1,93.91
73875,00073875.jpg,1785599983947177216,9.929,83.976,6.024,24,114,1509.6,1.74,1,96.024
73876,00073876.jpg,1785599983980721408,9.924,81.003,8.997,23,105,1467.7,1.29,1,98.997
73877,00073877.jpg,1785599984016962816,9.922,78.793,11.207,22,98,1348.2,1.11,1,101.207
73878,00073878.jpg,1785599984047273728,9.916,76.48,13.52,22,84,1238.9,1.23,1,103.52
73879,00073879.jpg,1785599984080974080,10.27,74.281,15.719,26,86,1312.6,1.14,1,105.719
73880,00073880.jpg,1785599984116190208,10.672,73.243,16.757,24,86,1333.2,1.17,1,106.757
73881,00073881.jpg,1785599984147921920,11.5,72.168,17.832,27,95,1347.0,1.06,1,107.832
73882,00073882.jpg,1785599984180410112,12.615,71.937,18.063,22,85,1319.8,1.32,1,108.063
73883,00073883.jpg,1785599984216180224,13.502,71.864,18.136,22,77,1286.5,1.46,1,108.136
73884,00073884.jpg,1785599984248297216,14.659,72.043,17.957,22,77,1298.4,1.0,1,107.957
73885,00073885.jpg,1785599984280582144,15.835,71.949,18.051,21,76,1280.1,1.16,1,108.051
73886,00073886.jpg,1785599984314056448,16.514,72.271,17.729,20,77,1316.1,1.15,1,107.729
73887,00073887.jpg,1785599984347252480,11.211,72.231,17.769,22,79,1297.4,1.12,1,107.769
73888,00073888.jpg,1785599984380180224,5.356,72.246,17.754,21,77,1275.9,1.13,1,107.754
73889,00073889.jpg,1785599984413650176,5.9,72.298,17.702,21,76,1287.6,1.23,1,107.702
73890,00073890.jpg,1785599984448397312,7.369,71.672,18.328,22,78,1297.7,1.21,1,108.328
73891,00073891.jpg,1785599984482491136,8.483,71.697,18.303,22,77,1284.9,0.92,1,108.303
73892,00073892.jpg,1785599984516330752,9.294,72.136,17.864,21,79,1275.3,0.85,1,107.864
73893,00073893.jpg,1785599984548404224,10.295,71.875,18.125,22,83,1293.2,1.14,1,108.125
73894,00073894.jpg,1785599984580652800,11.025,71.79,18.21,22,83,1281.0,1.04,1,108.21
73895,00073895.jpg,1785599984616525056,11.736,71.79,18.21,21,79,1269.9,1.14,1,108.21
73896,00073896.jpg,1785599984647795968,12.731,71.623,18.377,23,81,1293.9,1.1,1,108.377
73897,00073897.jpg,1785599984681005312,13.91,71.712,18.288,21,85,1296.5,0.91,1,108.288
73898,00073898.jpg,1785599984716256000,14.788,72.238,17.762,25,88,1299.0,1.29,1,107.762
73899,00073899.jpg,1785599984748337408,15.862,72.244,17.756,23,86,1299.8,0.96,1,107.756
73900,00073900.jpg,1785599984781451008,11.263,72.022,17.978,21,76,1249.4,1.11,1,107.978
73901,00073901.jpg,1785599984813766912,5.856,72.013,17.987,25,82,1260.5,1.03,1,107.987
73902,00073902.jpg,1785599984847150080,6.298,72.123,17.877,27,95,1295.8,0.95,1,107.877
73903,00073903.jpg,1785599984880413696,7.583,71.626,18.374,27,88,1276.8,1.16,1,108.374
73904,00073904.jpg,1785599984913376000,8.581,72.256,17.744,25,84,1271.5,1.16,1,107.744
73905,00073905.jpg,1785599984948228608,9.193,72.0,18.0,25,91,1275.5,1.04,1,108.0
73906,00073906.jpg,1785599984981378816,10.036,72.041,17.959,24,86,1253.5,1.23,1,107.959
73907,00073907.jpg,1785599985016382720,10.297,72.164,17.836,24,90,1252.9,1.3,1,107.836
73908,00073908.jpg,1785599985048182016,10.993,72.021,17.979,22,82,1234.5,1.35,1,107.979
73909,00073909.jpg,1785599985082944512,11.998,72.072,17.928,24,89,1266.2,0.83,1,107.928
73910,00073910.jpg,1785599985116487168,12.82,71.859,18.141,23,84,1229.9,0.97,1,108.141
73911,00073911.jpg,1785599985147599872,13.892,71.836,18.164,23,84,1243.6,1.12,1,108.164
73912,00073912.jpg,1785599985181217792,15.14,72.094,17.906,23,84,1235.2,1.44,1,107.906
73913,00073913.jpg,1785599985216750848,16.106,71.68,18.32,24,84,1231.4,1.32,1,108.32
73914,00073914.jpg,1785599985249160192,17.284,71.838,18.162,23,83,1212.0,1.14,1,108.162
73915,00073915.jpg,1785599985281718784,18.64,72.04,17.96,22,83,1176.1,1.29,1,107.96
73916,00073916.jpg,1785599985316363264,19.667,71.407,18.593,22,83,1168.4,1.69,1,108.593
73917,00073917.jpg,1785599985349732352,20.933,71.752,18.248,23,80,1197.3,1.22,1,108.248
73918,00073918.jpg,1785599985381517824,22.105,72.385,17.615,23,84,1161.6,1.49,1,107.615
73919,00073919.jpg,1785599985415089408,22.709,72.422,17.578,21,77,1144.7,1.19,1,107.578
73920,00073920.jpg,1785599985447960832,10.944,72.228,17.772,21,77,1097.6,1.42,1,107.772
73921,00073921.jpg,1785599985480671488,0.176,71.972,18.028,22,85,1110.3,1.45,1,108.028
73922,00073922.jpg,1785599985515376384,1.498,71.834,18.166,22,83,1085.6,0.97,1,108.166
73923,00073923.jpg,1785599985546948864,4.404,71.999,18.001,19,72,1042.2,1.26,1,108.001
73924,00073924.jpg,1785599985582822912,6.607,71.886,18.114,20,67,1004.4,1.22,1,108.114
73925,00073925.jpg,1785599985616326656,7.316,72.097,17.903,18,69,966.4,1.69,1,107.903
73926,00073926.jpg,1785599985648837376,8.64,72.207,17.793,20,67,956.6,1.41,1,107.793
73927,00073927.jpg,1785599985681331968,9.014,72.186,17.814,20,70,965.3,1.25,1,107.814
73928,00073928.jpg,1785599985716235008,9.201,72.004,17.996,18,66,917.6,1.42,1,107.996
73929,00073929.jpg,1785599985748146688,9.295,72.232,17.768,19,66,918.6,1.45,1,107.768
73930,00073930.jpg,1785599985780838912,9.341,72.47,17.53,19,68,912.9,1.37,1,107.53
73931,00073931.jpg,1785599985814042624,9.366,72.463,17.537,16,65,876.4,1.28,1,107.537
73932,00073932.jpg,1785599985848364032,9.379,71.74,18.26,15,66,859.5,1.32,1,108.26
73933,00073933.jpg,1785599985880337920,9.387,72.133,17.867,17,67,864.2,1.4,1,107.867
73934,00073934.jpg,1785599985913568000,9.394,72.033,17.967,19,74,895.6,1.19,1,107.967
73935,00073935.jpg,1785599985947318784,9.398,72.135,17.865,17,60,818.0,1.44,1,107.865
73936,00073936.jpg,1785599985981076480,9.403,72.642,17.358,16,61,799.1,1.34,1,107.358
73937,00073937.jpg,1785599986016112640,9.407,72.596,17.404,20,66,807.0,1.6,1,107.404
73938,00073938.jpg,1785599986047016704,9.411,72.438,17.562,16,63,783.1,1.15,1,107.562
73939,00073939.jpg,1785599986081051392,9.415,72.046,17.954,15,56,744.6,1.27,1,107.954
73940,00073940.jpg,1785599986116232704,9.419,72.227,17.773,16,51,715.4,1.65,1,107.773
73941,00073941.jpg,1785599986147020288,8.91,72.165,17.835,15,53,700.8,1.41,1,107.835
73942,00073942.jpg,1785599986180706816,8.444,72.133,17.867,13,53,683.3,1.31,1,107.867
73943,00073943.jpg,1785599986216168960,6.614,71.792,18.208,16,56,679.7,1.53,1,108.208
73944,00073944.jpg,1785599986247345920,6.064,72.476,17.524,16,55,679.9,1.4,1,107.524
73945,00073945.jpg,1785599986281031168,8.721,72.237,17.763,14,45,644.4,1.26,1,107.763
73946,00073946.jpg,1785599986316302336,9.187,72.297,17.703,14,53,641.7,1.66,1,107.703
73947,00073947.jpg,1785599986348404736,9.35,72.176,17.824,15,56,639.3,1.57,1,107.824
73948,00073948.jpg,1785599986381145856,8.985,72.32,17.68,14,50,622.7,1.31,1,107.68
73949,00073949.jpg,1785599986413313792,7.809,72.285,17.715,14,48,608.1,1.86,1,107.715
73950,00073950.jpg,1785599986448606976,6.492,72.284,17.716,12,49,599.5,1.5,1,107.716
73951,00073951.jpg,1785599986481369088,8.479,72.268,17.732,13,46,594.3,1.16,1,107.732
73952,00073952.jpg,1785599986513342720,9.132,73.213,16.787,12,49,561.3,1.29,1,106.787
73953,00073953.jpg,1785599986547863296,9.425,72.54,17.46,18,59,590.3,1.72,1,107.46
73954,00073954.jpg,1785599986581100544,9.564,73.574,16.426,11,41,513.6,1.17,1,106.426
73955,00073955.jpg,1785599986615578368,9.617,73.725,16.275,13,43,519.1,1.89,1,106.275
73956,00073956.jpg,1785599986647490304,9.619,73.516,16.484,14,47,535.0,1.66,1,106.484
73957,00073957.jpg,1785599986680686336,9.647,73.064,16.936,15,48,543.9,2.02,1,106.936
73958,00073958.jpg,1785599986716377856,9.657,71.282,18.718,14,45,536.9,1.95,1,108.718
73959,00073959.jpg,1785599986747154688,9.676,71.081,18.919,15,47,533.6,2.18,1,108.919
73960,00073960.jpg,1785599986780955392,9.674,72.189,17.811,13,45,500.2,1.85,1,107.811
73961,00073961.jpg,1785599986816239616,9.668,71.12,18.88,13,39,479.1,2.08,1,108.88
73962,00073962.jpg,1785599986847672320,9.646,71.521,18.479,11,35,445.2,1.8,1,108.479
73963,00073963.jpg,1785599986881711872,9.665,71.028,18.972,13,41,445.5,2.02,1,108.972
73964,00073964.jpg,1785599986916349952,9.661,71.958,18.042,11,35,419.6,2.13,1,108.042
73965,00073965.jpg,1785599986947644672,9.735,69.771,20.229,10,34,419.1,1.21,1,110.229
73966,00073966.jpg,1785599986980462080,9.823,68.027,21.973,11,36,409.5,2.2,1,111.973
73967,00073967.jpg,1785599987014959616,9.686,66.414,23.586,10,32,412.6,1.24,1,113.586
73968,00073968.jpg,1785599987047936768,9.649,62.431,27.569,8,29,394.5,2.42,1,117.569
73969,00073969.jpg,1785599987081089280,9.668,60.542,29.458,8,35,451.3,1.74,1,119.458
73970,00073970.jpg,1785599987113784064,9.687,58.716,31.284,9,37,462.4,1.4,1,121.284
73971,00073971.jpg,1785599987147729408,9.634,57.408,32.592,8,30,504.1,1.59,1,122.592
73972,00073972.jpg,1785599987181390592,9.67,54.611,35.389,8,37,522.0,2.17,1,125.389
73973,00073973.jpg,1785599987213486336,9.641,53.976,36.024,7,32,526.7,1.28,1,126.024
73974,00073974.jpg,1785599987247637248,9.641,52.127,37.873,6,31,513.0,1.5,1,127.873
73975,00073975.jpg,1785599987281308672,9.648,52.019,37.981,5,30,508.6,1.55,1,127.981
73976,00073976.jpg,1785599987316605696,9.645,51.535,38.465,5,27,490.4,1.49,1,128.465
73977,00073977.jpg,1785599987346964992,9.646,53.191,36.809,5,27,465.9,1.19,1,126.809
73978,00073978.jpg,1785599987380282880,9.647,51.665,38.335,5,26,475.0,1.21,1,128.335
73979,00073979.jpg,1785599987413596928,9.647,52.178,37.822,7,34,480.3,1.09,1,127.822
73980,00073980.jpg,1785599987447331072,9.65,52.202,37.798,8,35,459.4,1.24,1,127.798
73981,00073981.jpg,1785599987481860096,9.658,51.603,38.397,8,33,459.6,0.45,1,128.397
73982,00073982.jpg,1785599987516440576,9.659,52.347,37.653,5,25,450.9,1.53,1,127.653
73983,00073983.jpg,1785599987546918912,9.682,52.883,37.117,6,28,445.7,1.97,1,127.117
73984,00073984.jpg,1785599987581341184,9.729,52.656,37.344,6,28,458.9,1.34,1,127.344
73985,00073985.jpg,1785599987616251904,9.74,55.191,34.809,8,32,436.5,2.57,1,124.809
73986,00073986.jpg,1785599987646745856,9.701,54.183,35.817,8,29,408.1,2.23,1,125.817
73987,00073987.jpg,1785599987680160512,9.741,52.331,37.669,8,34,423.9,1.47,1,127.669
73988,00073988.jpg,1785599987716130560,9.767,51.022,38.978,7,32,394.1,1.06,1,128.978
73989,00073989.jpg,1785599987747538176,9.805,50.645,39.355,10,33,376.0,2.1,1,129.355
73990,00073990.jpg,1785599987781284608,9.811,49.02,40.98,8,31,362.6,1.23,1,130.98
73991,00073991.jpg,1785599987816477184,9.8,49.408,40.592,10,34,350.7,1.68,1,130.592
73992,00073992.jpg,1785599987847778560,9.705,48.819,41.181,8,27,319.2,0.39,1,131.181
73993,00073993.jpg,1785599987882238976,9.652,48.145,41.855,8,31,322.9,1.8,1,131.855
73994,00073994.jpg,1785599987916456192,9.639,49.47,40.53,8,28,310.9,1.53,1,130.53
73995,00073995.jpg,1785599987947565568,9.626,49.071,40.929,9,28,303.5,1.55,1,130.929
73996,00073996.jpg,1785599987980110336,9.627,49.42,40.58,9,28,300.0,1.61,1,130.58
73997,00073997.jpg,1785599988013462528,9.637,49.864,40.136,9,27,287.4,0.85,1,130.136
73998,00073998.jpg,1785599988047704576,9.644,49.542,40.458,9,24,269.0,0.9,1,130.458
73999,00073999.jpg,1785599988081549568,9.647,49.946,40.054,9,25,274.3,1.89,1,130.054
74000,00074000.jpg,1785599988113505280,9.655,49.316,40.684,8,24,262.0,1.7,1,130.684
74001,00074001.jpg,1785599988146926080,9.66,49.494,40.506,9,24,254.7,3.45,1,130.506
74002,00074002.jpg,1785599988180548352,9.828,50.878,39.122,8,23,233.9,1.37,1,129.122
74003,00074003.jpg,1785599988213885184,10.099,48.853,41.147,7,22,222.6,1.25,1,131.147
74004,00074004.jpg,1785599988248127232,10.79,49.699,40.301,7,19,214.4,1.26,1,130.301
74005,00074005.jpg,1785599988280695808,11.612,50.855,39.145,6,19,201.5,1.27,1,129.145
74006,00074006.jpg,1785599988313901312,11.849,48.537,41.463,6,17,205.4,1.57,1,131.463
74007,00074007.jpg,1785599988347666432,10.63,49.41,40.59,5,15,193.9,0.79,1,130.59
74008,00074008.jpg,1785599988381358336,7.885,49.266,40.734,4,12,162.9,0.73,1,130.734
74009,00074009.jpg,1785599988416278528,8.015,49.69,40.31,5,15,177.7,0.96,1,130.31
74010,00074010.jpg,1785599988448346112,8.6,49.201,40.799,6,16,178.8,0.68,1,130.799
74011,00074011.jpg,1785599988480384256,9.069,50.605,39.395,6,14,157.7,0.95,1,129.395
74012,00074012.jpg,1785599988513549312,9.51,50.234,39.766,8,15,154.2,1.31,1,129.766
74013,00074013.jpg,1785599988547205888,10.047,49.562,40.438,6,13,140.8,1.04,1,130.438
74014,00074014.jpg,1785599988580969984,10.777,48.193,41.807,7,12,108.6,0.38,1,131.807
74015,00074015.jpg,1785599988616321280,11.476,49.471,40.529,7,8,92.6,0.3,1,130.529
74016,00074016.jpg,1785599988647119360,12.385,49.345,40.655,6,9,93.2,0.24,1,130.655
74017,00074017.jpg,1785599988680521216,13.179,49.528,40.472,7,8,93.0,0.24,1,130.472
74018,00074018.jpg,1785599988713733120,13.567,49.427,40.573,7,8,93.2,1.75,1,130.573
74019,00074019.jpg,1785599988747504128,8.026,51.296,38.704,4,8,88.4,0.87,1,128.704
74020,00074020.jpg,1785599988781067776,6.776,48.445,41.555,7,11,103.8,1.56,1,131.555
74021,00074021.jpg,1785599988813278720,7.534,49.456,40.544,5,8,86.2,0.95,1,130.544
74022,00074022.jpg,1785599988848113152,8.395,50.119,39.881,4,9,88.6,1.79,1,129.881
74023,00074023.jpg,1785599988882145280,8.968,50.135,39.865,4,8,86.2,0.78,1,129.865
74024,00074024.jpg,1785599988916129792,9.301,50.26,39.74,4,8,87.8,0.38,1,129.74
74025,00074025.jpg,1785599988946724096,9.334,49.157,40.843,4,8,86.5,0.7,1,130.843
74026,00074026.jpg,1785599988982055680,8.415,48.605,41.395,4,8,85.6,0.8,1,131.395
74027,00074027.jpg,1785599989016293888,7.572,49.473,40.527,4,8,82.5,1.1,1,130.527
74028,00074028.jpg,1785599989047922432,5.873,49.846,40.154,4,8,75.0,0.58,1,130.154
74029,00074029.jpg,1785599989080225024,4.228,50.207,39.793,4,8,77.1,0.86,1,129.793
74030,00074030.jpg,1785599989113606144,3.745,48.983,41.017,4,8,75.8,0.84,1,131.017
74031,00074031.jpg,1785599989147963136,2.701,49.615,40.385,4,8,72.2,1.87,1,130.385
74032,00074032.jpg,1785599989180197120,1.573,50.959,39.041,3,6,63.6,0.22,1,129.041
74033,00074033.jpg,1785599989216322304,1.404,48.879,41.121,4,8,75.5,0.39,1,131.121
74034,00074034.jpg,1785599989246893824,0.573,49.338,40.662,3,6,63.5,0.39,1,130.662
74035,00074035.jpg,1785599989280403712,0.467,51.159,38.841,4,8,79.0,0.39,1,128.841
74036,00074036.jpg,1785599989313592576,0.443,49.136,40.864,4,8,71.4,1.1,1,130.864
74037,00074037.jpg,1785599989347222016,1.212,49.295,40.705,4,8,75.7,1.49,1,130.705
74038,00074038.jpg,1785599989380049408,2.069,49.058,40.942,4,8,81.7,1.14,1,130.942
74039,00074039.jpg,1785599989413492992,1.608,49.839,40.161,4,8,73.9,0.36,1,130.161
74040,00074040.jpg,1785599989447462912,0.633,49.63,40.37,4,8,81.0,0.1,1,130.37
74041,00074041.jpg,1785599989480627200,0.242,48.266,41.734,4,8,82.5,0.18,1,131.734
74042,00074042.jpg,1785599989513997312,0.766,49.914,40.086,5,9,90.6,0.41,1,130.086
74043,00074043.jpg,1785599989547003392,5.433,48.783,41.217,5,10,94.9,1.07,1,131.217
74044,00074044.jpg,1785599989580470016,6.683,49.891,40.109,5,10,95.9,0.38,1,130.109
74045,00074045.jpg,1785599989613869568,9.235,49.462,40.538,6,10,111.8,0.67,1,130.538
74046,00074046.jpg,1785599989647709184,9.792,49.899,40.101,7,10,116.1,1.36,1,130.101
74047,00074047.jpg,1785599989679840512,9.916,50.093,39.907,8,15,132.7,0.59,1,129.907
74048,00074048.jpg,1785599989713335808,10.137,50.257,39.743,6,11,113.7,0.46,1,129.743
74049,00074049.jpg,1785599989747481088,10.218,48.274,41.726,6,10,120.5,1.44,1,131.726
74050,00074050.jpg,1785599989781181952,10.343,48.417,41.583,8,13,137.4,0.54,1,131.583
74051,00074051.jpg,1785599989813280000,10.437,48.314,41.686,6,14,163.1,0.56,1,131.686
74052,00074052.jpg,1785599989847024128,10.944,48.789,41.211,6,15,162.4,1.03,1,131.211
74053,00074053.jpg,1785599989881416704,11.798,48.928,41.072,6,15,163.8,0.98,1,131.072
74054,00074054.jpg,1785599989913652992,12.526,49.117,40.883,7,18,175.7,1.42,1,130.883
74055,00074055.jpg,1785599989948329728,13.563,50.313,39.687,7,18,183.2,0.81,1,129.687
74056,00074056.jpg,1785599989980318976,14.77,51.043,38.957,7,18,187.7,0.77,1,128.957
74057,00074057.jpg,1785599990013829632,15.722,50.974,39.026,7,19,199.3,0.95,1,129.026
74058,00074058.jpg,1785599990047382272,16.941,51.227,38.773,7,21,200.2,0.94,1,128.773
74059,00074059.jpg,1785599990080312320,18.1,51.11,38.89,7,21,212.2,0.79,1,128.89
74060,00074060.jpg,1785599990113937152,18.814,51.243,38.757,7,19,206.8,0.35,1,128.757
74061,00074061.jpg,1785599990148209920,11.74,50.759,39.241,7,21,210.8,0.75,1,129.241
74062,00074062.jpg,1785599990180558848,4.217,51.566,38.434,9,26,250.7,0.81,1,128.434
74063,00074063.jpg,1785599990216355840,4.947,51.276,38.724,10,29,259.8,0.7,1,128.724
74064,00074064.jpg,1785599990247299584,6.779,50.865,39.135,8,25,240.0,0.79,1,129.135
74065,00074065.jpg,1785599990280976128,8.707,50.536,39.464,15,33,288.8,0.92,1,129.464
74066,00074066.jpg,1785599990316246784,10.297,50.604,39.396,8,30,284.3,0.82,1,129.396
74067,00074067.jpg,1785599990346992128,11.231,51.135,38.865,11,26,296.7,1.22,1,128.865
74068,00074068.jpg,1785599990381259520,12.205,50.317,39.683,9,28,280.6,0.96,1,129.683
74069,00074069.jpg,1785599990416110336,13.043,51.004,38.996,12,28,308.8,1.17,1,128.996
74070,00074070.jpg,1785599990446929920,14.116,51.042,38.958,9,30,324.8,0.71,1,128.958
74071,00074071.jpg,1785599990480211200,15.389,50.438,39.562,10,24,313.2,0.8,1,129.562
74072,00074072.jpg,1785599990514166784,16.386,51.359,38.641,9,24,313.3,0.8,1,128.641
74073,00074073.jpg,1785599990548201472,17.651,51.425,38.575,9,27,329.8,0.9,1,128.575
74074,00074074.jpg,1785599990581274624,19.086,50.906,39.094,9,33,343.7,0.6,1,129.094
74075,00074075.jpg,1785599990614685440,20.231,51.486,38.514,9,31,348.4,1.22,1,128.514
74076,00074076.jpg,1785599990648217600,21.432,50.914,39.086,10,29,327.4,0.89,1,129.086
74077,00074077.jpg,1785599990681091328,22.341,51.475,38.525,11,32,344.4,1.06,1,128.525
74078,00074078.jpg,1785599990716446208,11.98,50.829,39.171,10,28,315.5,1.48,1,129.171
74079,00074079.jpg,1785599990746950144,1.946,51.293,38.707,11,33,334.3,1.27,1,128.707
74080,00074080.jpg,1785599990780457472,3.047,50.439,39.561,12,31,317.9,1.04,1,129.561
74081,00074081.jpg,1785599990816165888,5.582,49.942,40.058,10,30,335.6,0.88,1,130.058
74082,00074082.jpg,1785599990848708608,7.542,50.069,39.931,9,33,324.5,1.2,1,129.931
74083,00074083.jpg,1785599990880660224,8.665,50.018,39.982,10,30,343.7,1.59,1,129.982
74084,00074084.jpg,1785599990913784576,9.335,50.615,39.385,8,32,369.3,1.04,1,129.385
74085,00074085.jpg,1785599990948205312,9.867,50.905,39.095,8,29,351.1,0.94,1,129.095
74086,00074086.jpg,1785599990981445888,10.334,51.513,38.487,9,31,352.5,0.65,1,128.487
74087,00074087.jpg,1785599991014790912,10.767,51.626,38.374,12,33,369.5,1.47,1,128.374
74088,00074088.jpg,1785599991047344640,11.612,51.763,38.237,11,29,358.9,0.98,1,128.237
74089,00074089.jpg,1785599991080393216,12.711,51.053,38.947,12,40,386.1,0.89,1,128.947
74090,00074090.jpg,1785599991113225728,13.618,51.287,38.713,10,37,382.0,1.52,1,128.713
74091,00074091.jpg,1785599991146897920,14.811,51.479,38.521,11,36,353.1,1.25,1,128.521
74092,00074092.jpg,1785599991179809536,15.327,51.316,38.684,15,34,342.1,1.59,1,128.684
74093,00074093.jpg,1785599991216329984,17.249,50.828,39.172,16,33,360.3,1.15,1,129.172
74094,00074094.jpg,1785599991247652864,18.518,50.415,39.585,11,36,353.9,0.91,1,129.585
74095,00074095.jpg,1785599991280659968,19.929,49.393,40.607,10,32,348.8,1.92,1,130.607
74096,00074096.jpg,1785599991314626304,20.99,48.956,41.044,9,32,365.3,2.44,1,131.044
74097,00074097.jpg,1785599991347134208,22.283,49.268,40.732,10,39,419.9,1.98,1,130.732
74098,00074098.jpg,1785599991380718080,23.676,50.893,39.107,11,38,447.1,1.51,1,129.107
74099,00074099.jpg,1785599991413647872,24.506,51.722,38.278,11,38,430.6,0.94,1,128.278
74100,00074100.jpg,1785599991448073984,25.024,48.985,41.015,11,40,438.2,2.01,1,131.015
74101,00074101.jpg,1785599991481124608,4.738,50.016,39.984,13,43,484.3,1.73,1,129.984
74102,00074102.jpg,1785599991516614912,0.601,51.587,38.413,8,34,463.8,0.92,1,128.413
74103,00074103.jpg,1785599991547526656,3.689,52.333,37.667,10,34,461.7,0.98,1,127.667
74104,00074104.jpg,1785599991580398080,6.238,52.741,37.259,10,34,418.4,2.07,1,127.259
74105,00074105.jpg,1785599991616190464,7.903,53.326,36.674,13,40,403.6,2.15,1,126.674
74106,00074106.jpg,1785599991646307584,8.66,52.764,37.236,12,39,412.3,1.67,1,127.236
74107,00074107.jpg,1785599991680361984,8.941,52.225,37.775,11,37,335.9,1.42,1,127.775
74108,00074108.jpg,1785599991716153088,9.178,52.895,37.105,13,33,306.2,1.5,1,127.105
74109,00074109.jpg,1785599991748283648,9.208,51.88,38.12,10,27,269.9,1.65,1,128.12
74110,00074110.jpg,1785599991782216704,9.241,51.653,38.347,8,24,235.0,0.83,1,128.347
74111,00074111.jpg,1785599991816257280,9.3,52.038,37.962,9,25,225.3,0.69,1,127.962
74112,00074112.jpg,1785599991848201984,9.319,50.665,39.335,8,21,208.2,0.57,1,129.335
74113,00074113.jpg,1785599991881256704,9.336,51.12,38.88,7,14,159.4,0.35,1,128.88
74114,00074114.jpg,1785599991916609536,9.379,51.189,38.811,11,19,169.2,0.48,1,128.811
74115,00074115.jpg,1785599991947777280,9.395,50.774,39.226,10,19,166.3,0.95,1,129.226
74116,00074116.jpg,1785599991980822528,8.912,50.765,39.235,7,14,146.3,1.26,1,129.235
74117,00074117.jpg,1785599992014445824,8.281,50.843,39.157,8,18,156.1,1.44,1,129.157
74118,00074118.jpg,1785599992047605504,6.581,51.296,38.704,6,17,153.0,1.84,1,128.704
74119,00074119.jpg,1785599992080343808,5.894,50.438,39.562,6,16,154.0,0.82,1,129.562
74120,00074120.jpg,1785599992113573376,4.217,50.654,39.346,6,15,155.2,0.92,1,129.346
74121,00074121.jpg,1785599992146444800,3.083,50.647,39.353,6,16,145.3,0.56,1,129.353
74122,00074122.jpg,1785599992180404992,2.4,51.488,38.512,7,15,143.6,0.51,1,128.512
74123,00074123.jpg,1785599992214833920,2.835,49.884,40.116,6,13,133.7,0.71,1,130.116
74124,00074124.jpg,1785599992247427328,6.557,50.839,39.161,6,14,143.4,1.65,1,129.161
74125,00074125.jpg,1785599992282129920,8.366,51.595,38.405,6,14,139.6,0.95,1,128.405
74126,00074126.jpg,1785599992316305920,9.195,50.608,39.392,6,15,136.4,1.15,1,129.392
74127,00074127.jpg,1785599992349898496,9.557,51.198,38.802,6,13,137.3,0.52,1,128.802
74128,00074128.jpg,1785599992381667072,9.709,52.056,37.944,6,15,134.6,0.53,1,127.944
74129,00074129.jpg,1785599992413457920,9.773,51.737,38.263,6,13,130.3,0.9,1,128.263
74130,00074130.jpg,1785599992446947328,9.8,51.659,38.341,6,14,140.6,0.79,1,128.341
74131,00074131.jpg,1785599992480157440,9.805,50.576,39.424,5,12,126.3,1.11,1,129.424
74132,00074132.jpg,1785599992516708608,9.816,50.737,39.263,6,13,137.4,1.31,1,129.263
74133,00074133.jpg,1785599992546893056,9.818,51.136,38.864,6,14,137.8,0.59,1,128.864
74134,00074134.jpg,1785599992582600448,9.818,50.325,39.675,6,13,131.1,1.38,1,129.675
74135,00074135.jpg,1785599992616351488,9.819,50.272,39.728,6,16,138.6,1.6,1,129.728
74136,00074136.jpg,1785599992647335680,9.819,51.782,38.218,6,14,140.6,1.29,1,128.218
74137,00074137.jpg,1785599992680734464,9.826,50.816,39.184,6,13,133.8,0.64,1,129.184
74138,00074138.jpg,1785599992716526848,9.823,50.448,39.552,6,12,130.1,1.3,1,129.552
74139,00074139.jpg,1785599992746912768,9.848,50.23,39.77,6,15,125.7,0.73,1,129.77
74140,00074140.jpg,1785599992780086784,9.896,49.429,40.571,6,16,129.3,0.77,1,130.571
74141,00074141.jpg,1785599992816521728,9.907,48.848,41.152,6,12,120.6,1.31,1,131.152
74142,00074142.jpg,1785599992848661248,9.913,49.893,40.107,5,14,112.6,0.74,1,130.107
74143,00074143.jpg,1785599992880338688,9.963,49.244,40.756,5,11,107.2,0.87,1,130.756
74144,00074144.jpg,1785599992913557504,9.996,49.533,40.467,6,12,117.7,1.33,1,130.467
74145,00074145.jpg,1785599992947570944,10.054,50.555,39.445,6,16,128.0,0.48,1,129.445
74146,00074146.jpg,1785599992980089600,10.161,52.715,37.285,6,14,133.3,1.59,1,127.285
74147,00074147.jpg,1785599993013398528,10.183,51.127,38.873,6,15,132.1,0.85,1,128.873
74148,00074148.jpg,1785599993046795776,10.19,52.617,37.383,5,12,121.7,1.75,1,127.383
74149,00074149.jpg,1785599993080801792,10.043,53.52,36.48,6,13,128.8,0.55,1,126.48
74150,00074150.jpg,1785599993113113088,9.933,53.517,36.483,6,14,131.2,1.69,1,126.483
74151,00074151.jpg,1785599993146666240,9.892,52.53,37.47,6,13,131.5,0.52,1,127.47
74152,00074152.jpg,1785599993180496384,9.753,53.452,36.548,6,14,135.3,1.62,1,126.548
74153,00074153.jpg,1785599993213674752,9.746,53.888,36.112,5,13,136.0,1.5,1,126.112
74154,00074154.jpg,1785599993247112960,9.75,53.445,36.555,6,15,142.2,2.06,1,126.555
74155,00074155.jpg,1785599993280402176,9.749,54.865,35.135,6,13,142.7,1.1,1,125.135
74156,00074156.jpg,1785599993316112384,9.764,52.699,37.301,6,14,138.5,0.96,1,127.301
74157,00074157.jpg,1785599993346796288,9.775,52.914,37.086,7,15,138.3,0.99,1,127.086
74158,00074158.jpg,1785599993380424704,9.779,52.397,37.603,6,16,150.0,1.12,1,127.603
74159,00074159.jpg,1785599993416434944,9.792,52.774,37.226,7,17,145.8,0.7,1,127.226
74160,00074160.jpg,1785599993446909440,9.809,55.156,34.844,6,15,139.3,1.69,1,124.844
74161,00074161.jpg,1785599993480335872,9.836,54.019,35.981,6,16,142.2,1.6,1,125.981
74162,00074162.jpg,1785599993514528256,9.851,53.94,36.06,6,18,139.4,1.41,1,126.06
74163,00074163.jpg,1785599993549543168,9.839,54.051,35.949,5,11,129.4,2.2,1,125.949
74164,00074164.jpg,1785599993582176256,9.854,51.817,38.183,7,14,128.5,0.59,1,128.183
74165,00074165.jpg,1785599993616139008,9.854,53.433,36.567,6,16,155.0,0.23,1,126.567
74166,00074166.jpg,1785599993647128320,9.856,52.048,37.952,7,19,153.4,0.64,1,127.952
74167,00074167.jpg,1785599993680677120,9.838,51.455,38.545,6,19,145.1,0.24,1,128.545
74168,00074168.jpg,1785599993713274880,9.828,51.049,38.951,6,14,133.7,0.51,1,128.951
74169,00074169.jpg,1785599993748829184,9.818,51.18,38.82,6,15,150.0,1.49,1,128.82
74170,00074170.jpg,1785599993781045760,9.814,52.98,37.02,6,18,143.4,1.21,1,127.02
74171,00074171.jpg,1785599993814901504,9.816,51.991,38.009,7,21,162.0,0.94,1,128.009
74172,00074172.jpg,1785599993847140352,9.815,52.787,37.213,6,15,148.3,1.09,1,127.213
74173,00074173.jpg,1785599993880425216,9.815,53.483,36.517,7,15,155.0,0.82,1,126.517
74174,00074174.jpg,1785599993916354816,9.817,51.442,38.558,6,17,160.4,0.72,1,128.558
74175,00074175.jpg,1785599993948113152,9.817,51.789,38.211,6,15,149.3,1.13,1,128.211
74176,00074176.jpg,1785599993981231104,9.817,52.482,37.518,6,15,162.1,1.47,1,127.518
74177,00074177.jpg,1785599994016549376,9.818,52.823,37.177,6,16,156.4,1.32,1,127.177
74178,00074178.jpg,1785599994047001600,9.818,52.693,37.307,6,17,158.5,1.36,1,127.307
74179,00074179.jpg,1785599994080486400,9.818,51.924,38.076,7,17,154.9,1.02,1,128.076
74180,00074180.jpg,1785599994114169600,9.819,52.384,37.616,8,17,160.4,1.03,1,127.616
74181,00074181.jpg,1785599994147066112,9.826,52.94,37.06,6,14,151.3,0.82,1,127.06
74182,00074182.jpg,1785599994181153536,9.841,53.088,36.912,7,16,162.7,1.25,1,126.912
74183,00074183.jpg,1785599994213985536,9.842,52.726,37.274,7,18,163.1,0.6,1,127.274
74184,00074184.jpg,1785599994248371968,9.9,52.603,37.397,8,25,166.3,1.44,1,127.397
74185,00074185.jpg,1785599994281573376,9.939,52.615,37.385,6,23,157.2,1.01,1,127.385
74186,00074186.jpg,1785599994316194304,9.922,52.843,37.157,9,26,170.3,2.39,1,127.157
74187,00074187.jpg,1785599994347875072,9.981,53.796,36.204,6,25,204.4,2.4,1,126.204
74188,00074188.jpg,1785599994380994304,10.017,53.703,36.297,7,23,161.2,1.0,1,126.297
74189,00074189.jpg,1785599994416148224,10.105,53.667,36.333,5,14,118.1,1.03,1,126.333
74190,00074190.jpg,1785599994448527872,10.199,52.763,37.237,8,18,146.9,1.16,1,127.237
74191,00074191.jpg,1785599994482716416,10.224,49.826,40.174,8,22,145.6,1.06,1,130.174
74192,00074192.jpg,1785599994513867776,10.199,50.047,39.953,7,16,136.1,1.61,1,129.953
74193,00074193.jpg,1785599994547433984,10.057,48.333,41.667,6,15,123.7,0.89,1,131.667
74194,00074194.jpg,1785599994580480512,9.874,49.306,40.694,6,15,124.7,1.24,1,130.694
74195,00074195.jpg,1785599994613602560,9.832,49.033,40.967,6,12,112.4,1.97,1,130.967
74196,00074196.jpg,1785599994647083776,9.774,47.975,42.025,8,13,146.1,1.85,1,132.025
74197,00074197.jpg,1785599994680647424,9.745,49.017,40.983,8,17,129.2,1.77,1,130.983
74198,00074198.jpg,1785599994716416256,9.767,49.291,40.709,7,15,145.9,2.09,1,130.709
74199,00074199.jpg,1785599994747356672,9.762,49.359,40.641,9,16,120.4,0.79,1,130.641
74200,00074200.jpg,1785599994780993792,9.771,49.474,40.526,6,11,99.8,1.42,1,130.526
74201,00074201.jpg,1785599994813352192,9.788,49.254,40.746,7,13,110.2,0.4,1,130.746
74202,00074202.jpg,1785599994848070400,9.792,49.369,40.631,9,14,113.8,1.59,1,130.631
74203,00074203.jpg,1785599994880663296,9.799,49.234,40.766,6,11,103.2,1.26,1,130.766
74204,00074204.jpg,1785599994916306176,9.811,48.416,41.584,5,11,107.7,1.2,1,131.584
74205,00074205.jpg,1785599994947871232,9.828,47.774,42.226,7,15,121.2,1.33,1,132.226
74206,00074206.jpg,1785599994980951296,9.862,47.92,42.08,6,8,104.1,1.71,1,132.08
74207,00074207.jpg,1785599995016179968,9.878,47.824,42.176,6,10,101.6,0.57,1,132.176
74208,00074208.jpg,1785599995048340736,9.425,47.697,42.303,5,9,105.0,1.4,1,132.303
74209,00074209.jpg,1785599995082189312,8.221,46.93,43.07,7,10,112.4,1.93,1,133.07
74210,00074210.jpg,1785599995116702208,7.831,47.966,42.034,8,11,123.8,0.96,1,132.034
74211,00074211.jpg,1785599995146976256,9.566,49.26,40.74,8,15,147.8,1.69,1,130.74
74212,00074212.jpg,1785599995180818688,9.925,50.399,39.601,8,17,165.5,0.85,1,129.601
74213,00074213.jpg,1785599995216476160,10.023,51.055,38.945,10,20,170.6,1.02,1,128.945
74214,00074214.jpg,1785599995247239168,9.443,51.39,38.61,10,24,170.1,1.23,1,128.61
74215,00074215.jpg,1785599995280581376,7.418,51.667,38.333,9,20,139.9,1.36,1,128.333
74216,00074216.jpg,1785599995313753344,6.373,51.234,38.766,5,11,123.5,1.52,1,128.766
74217,00074217.jpg,1785599995347043328,5.344,50.746,39.254,7,13,123.7,2.72,1,129.254
74218,00074218.jpg,1785599995380502784,5.31,50.874,39.126,6,13,117.0,1.25,1,129.126
74219,00074219.jpg,1785599995413899520,8.092,50.95,39.05,7,11,108.6,0.64,1,129.05
74220,00074220.jpg,1785599995447621120,8.656,50.112,39.888,5,9,100.7,0.96,1,129.888
74221,00074221.jpg,1785599995480477440,9.677,50.73,39.27,7,13,128.2,0.91,1,129.27
74222,00074222.jpg,1785599995513314816,9.879,50.973,39.027,8,18,137.7,2.48,1,129.027
74223,00074223.jpg,1785599995546901248,9.965,50.842,39.158,7,17,134.8,0.69,1,129.158
74224,00074224.jpg,1785599995580596736,9.977,52.092,37.908,7,12,152.3,0.9,1,127.908
74225,00074225.jpg,1785599995616125184,9.976,51.681,38.319,10,17,149.7,0.95,1,128.319
74226,00074226.jpg,1785599995647549184,9.966,51.473,38.527,5,13,143.7,0.28,1,128.527
74227,00074227.jpg,1785599995681309952,9.941,51.238,38.762,7,14,150.7,1.04,1,128.762
74228,00074228.jpg,1785599995716050432,9.919,52.241,37.759,6,15,147.2,1.01,1,127.759
74229,00074229.jpg,1785599995747405824,9.91,52.843,37.157,6,15,163.0,1.33,1,127.157
74230,00074230.jpg,1785599995780933632,9.905,51.474,38.526,6,15,159.7,1.18,1,128.526
74231,00074231.jpg,1785599995813579776,9.907,51.61,38.39,6,15,169.0,1.63,1,128.39
74232,00074232.jpg,1785599995846564608,9.909,51.812,38.188,5,14,155.9,0.87,1,128.188
74233,00074233.jpg,1785599995882719488,9.91,51.263,38.737,6,14,167.0,0.92,1,128.737
74234,00074234.jpg,1785599995913333504,9.912,51.521,38.479,6,15,171.8,0.94,1,128.479
74235,00074235.jpg,1785599995947181312,9.913,51.99,38.01,6,16,163.4,0.5,1,128.01
74236,00074236.jpg,1785599995980551424,9.914,52.156,37.844,6,15,162.0,1.12,1,127.844
74237,00074237.jpg,1785599996016162048,9.915,51.265,38.735,6,17,155.5,0.73,1,128.735
74238,00074238.jpg,1785599996047712256,9.963,51.939,38.061,6,13,138.8,0.57,1,128.061
74239,00074239.jpg,1785599996080919296,10.29,52.052,37.948,5,13,144.0,1.04,1,127.948
74240,00074240.jpg,1785599996116408832,10.568,51.99,38.01,5,14,143.9,0.76,1,128.01
74241,00074241.jpg,1785599996147105280,11.594,51.318,38.682,5,16,146.0,0.87,1,128.682
74242,00074242.jpg,1785599996181148160,12.695,52.681,37.319,5,13,136.9,1.0,1,127.319
74243,00074243.jpg,1785599996213098752,13.525,51.762,38.238,5,14,140.1,1.48,1,128.238
74244,00074244.jpg,1785599996247042816,14.248,51.988,38.012,5,16,132.6,0.71,1,128.012
74245,00074245.jpg,1785599996281651712,11.09,51.521,38.479,5,14,127.5,1.29,1,128.479
74246,00074246.jpg,1785599996313380352,6.88,52.283,37.717,6,16,129.6,1.32,1,127.717
74247,00074247.jpg,1785599996346532608,7.159,51.245,38.755,5,11,109.8,1.72,1,128.755
74248,00074248.jpg,1785599996380846848,8.152,51.041,38.959,4,10,102.9,1.64,1,128.959
74249,00074249.jpg,1785599996414857728,8.933,49.916,40.084,4,12,111.4,0.74,1,130.084
74250,00074250.jpg,1785599996447822848,9.434,50.549,39.451,4,11,110.4,1.55,1,129.451
74251,00074251.jpg,1785599996480653824,9.753,47.69,42.31,4,10,124.4,2.04,1,132.31
74252,00074252.jpg,1785599996514334720,9.914,48.625,41.375,6,13,113.4,0.96,1,131.375
74253,00074253.jpg,1785599996547249920,10.043,47.451,42.549,7,16,136.1,1.1,1,132.549
74254,00074254.jpg,1785599996582590208,10.043,49.387,40.613,7,18,167.8,1.5,1,130.613
74255,00074255.jpg,1785599996616163584,10.083,51.406,38.594,6,17,174.3,1.07,1,128.594
74256,00074256.jpg,1785599996646749184,10.186,51.862,38.138,9,24,204.5,0.43,1,128.138
74257,00074257.jpg,1785599996681150464,10.216,52.324,37.676,7,22,208.2,0.93,1,127.676
74258,00074258.jpg,1785599996716334080,10.198,52.588,37.412,10,27,196.0,1.19,1,127.412
74259,00074259.jpg,1785599996747255040,10.117,52.65,37.35,8,19,181.3,0.67,1,127.35
74260,00074260.jpg,1785599996780258560,10.013,52.381,37.619,9,22,165.1,0.96,1,127.619
74261,00074261.jpg,1785599996814196480,9.995,52.002,37.998,6,17,153.3,1.34,1,127.998
74262,00074262.jpg,1785599996847442944,10.01,51.088,38.912,7,19,159.0,2.13,1,128.912
74263,00074263.jpg,1785599996881129984,10.07,52.284,37.716,6,15,144.7,1.25,1,127.716
74264,00074264.jpg,1785599996913811456,10.065,54.309,35.691,6,16,143.4,0.56,1,125.691
74265,00074265.jpg,1785599996947885568,10.02,53.954,36.046,7,18,150.0,1.33,1,126.046
74266,00074266.jpg,1785599996981449216,9.944,53.981,36.019,4,10,142.3,0.99,1,126.019
74267,00074267.jpg,1785599997013031936,9.923,54.583,35.417,6,13,136.5,1.22,1,125.417
74268,00074268.jpg,1785599997047185664,9.93,54.269,35.731,5,16,141.2,2.11,1,125.731
74269,00074269.jpg,1785599997080553216,9.876,53.157,36.843,5,14,146.0,1.17,1,126.843
74270,00074270.jpg,1785599997116094208,9.884,53.48,36.52,9,13,148.2,0.83,1,126.52
74271,00074271.jpg,1785599997147115008,9.887,53.515,36.485,5,11,148.7,1.5,1,126.485
74272,00074272.jpg,1785599997181680896,9.887,53.219,36.781,4,12,151.9,0.78,1,126.781
74273,00074273.jpg,1785599997215520768,9.89,53.233,36.767,6,14,167.0,0.81,1,126.767
74274,00074274.jpg,1785599997247146496,9.892,53.102,36.898,5,12,157.5,0.81,1,126.898
74275,00074275.jpg,1785599997281042688,9.896,54.035,35.965,4,15,169.5,0.7,1,125.965
74276,00074276.jpg,1785599997313622016,9.903,54.74,35.26,4,13,164.7,1.88,1,125.26
74277,00074277.jpg,1785599997347547904,9.919,54.223,35.777,5,15,173.7,0.57,1,125.777
74278,00074278.jpg,1785599997380219904,9.95,53.654,36.346,5,15,177.5,1.11,1,126.346
74279,00074279.jpg,1785599997415469568,9.946,56.659,33.341,4,16,183.5,1.7,1,123.341
74280,00074280.jpg,1785599997449619712,10.014,54.883,35.117,5,17,199.3,0.61,1,125.117
74281,00074281.jpg,1785599997480248064,10.019,55.714,34.286,5,21,214.0,1.73,1,124.286
74282,00074282.jpg,1785599997513578496,10.065,56.719,33.281,6,27,268.1,2.01,1,123.281
74283,00074283.jpg,1785599997547448576,10.139,57.15,32.85,9,34,337.6,2.0,1,122.85
74284,00074284.jpg,1785599997581949184,10.198,54.382,35.618,6,23,252.1,1.26,1,125.618
74285,00074285.jpg,1785599997616419840,10.301,53.457,36.543,6,21,222.3,1.26,1,126.543
74286,00074286.jpg,1785599997646877952,10.397,52.074,37.926,5,15,203.3,0.67,1,127.926
74287,00074287.jpg,1785599997680090880,10.405,51.249,38.751,4,20,213.6,0.91,1,128.751
74288,00074288.jpg,1785599997716368128,10.37,51.684,38.316,5,20,218.1,1.16,1,128.316
74289,00074289.jpg,1785599997747769600,10.143,50.578,39.422,6,22,234.2,1.25,1,129.422
74290,00074290.jpg,1785599997780280064,9.97,51.226,38.774,5,25,242.8,0.62,1,128.774
74291,00074291.jpg,1785599997816070144,9.953,51.689,38.311,7,24,257.4,1.16,1,128.311
74292,00074292.jpg,1785599997848747776,10.017,51.984,38.016,6,25,241.3,0.82,1,128.016
74293,00074293.jpg,1785599997881140736,10.059,51.625,38.375,5,26,244.0,0.6,1,128.375
74294,00074294.jpg,1785599997913886208,10.118,51.044,38.956,3,15,198.8,2.34,1,128.956
74295,00074295.jpg,1785599997946556160,10.107,50.377,39.623,3,13,185.4,1.18,1,129.623
74296,00074296.jpg,1785599997980448000,10.039,50.037,39.963,5,16,195.5,1.48,1,129.963
74297,00074297.jpg,1785599998015528960,9.966,49.606,40.394,5,11,161.8,1.03,1,130.394
74298,00074298.jpg,1785599998047192832,9.897,49.276,40.724,6,14,187.2,1.35,1,130.724
74299,00074299.jpg,1785599998080339712,9.73,48.513,41.487,5,9,158.9,2.25,1,131.487
74300,00074300.jpg,1785599998116481280,9.361,48.181,41.819,2,9,159.3,2.3,1,131.819
74301,00074301.jpg,1785599998146857472,8.04,47.497,42.503,3,9,164.7,2.98,1,132.503
74302,00074302.jpg,1785599998180888832,6.137,49.27,40.73,2,9,165.0,1.12,1,130.73
74303,00074303.jpg,1785599998213649408,5.477,48.353,41.647,5,10,161.4,1.96,1,131.647
74304,00074304.jpg,1785599998247464192,5.125,48.29,41.71,4,11,177.5,1.85,1,131.71
74305,00074305.jpg,1785599998280901888,4.862,49.126,40.874,9,15,198.4,1.41,1,130.874
74306,00074306.jpg,1785599998313492992,9.199,49.277,40.723,5,15,197.3,1.65,1,130.723
74307,00074307.jpg,1785599998346710016,9.748,51.137,38.863,6,14,207.3,1.16,1,128.863
74308,00074308.jpg,1785599998379850752,9.871,50.163,39.837,9,17,199.2,1.57,1,129.837
74309,00074309.jpg,1785599998416333568,10.061,51.525,38.475,8,21,211.5,0.95,1,128.475
74310,00074310.jpg,1785599998446756608,10.063,51.171,38.829,5,16,183.2,0.56,1,128.829
74311,00074311.jpg,1785599998480161536,10.052,51.599,38.401,5,14,135.9,0.43,1,128.401
74312,00074312.jpg,1785599998514970112,10.011,51.267,38.733,8,14,156.5,2.7,1,128.733
74313,00074313.jpg,1785599998546634496,9.931,52.119,37.881,8,15,148.4,3.23,1,127.881
74314,00074314.jpg,1785599998580703488,9.89,52.519,37.481,5,12,111.4,1.6,1,127.481
74315,00074315.jpg,1785599998614616832,9.89,53.752,36.248,5,8,59.1,1.65,1,126.248
74316,00074316.jpg,1785599998647575296,9.887,48.246,41.754,2,5,32.3,2.96,1,131.754
74317,00074317.jpg,1785599998680260864,9.883,52.537,37.463,2,4,30.6,0.35,1,127.463
74318,00074318.jpg,1785599998716143872,9.891,51.431,38.569,4,13,107.0,0.44,1,128.569
74319,00074319.jpg,1785599998747823872,35.712,51.024,38.976,4,13,146.3,0.55,1,128.976
74320,00074320.jpg,1785599998781329408,16.159,53.588,36.412,6,19,194.1,0.97,1,126.412
74321,00074321.jpg,1785599998816289792,9.624,55.682,34.318,4,15,171.9,0.75,1,124.318
74322,00074322.jpg,1785599998846714112,8.406,54.996,35.004,4,14,177.8,0.66,1,125.004
74323,00074323.jpg,1785599998880976896,8.812,53.797,36.203,4,15,190.5,0.42,1,126.203
74324,00074324.jpg,1785599998916302080,9.209,53.743,36.257,4,15,188.6,0.28,1,126.257
74325,00074325.jpg,1785599998947343104,9.535,54.421,35.579,4,14,177.2,0.65,1,125.579
74326,00074326.jpg,1785599998980870144,9.715,54.333,35.667,5,15,178.2,0.98,1,125.667
74327,00074327.jpg,1785599999015514112,9.814,53.84,36.16,4,14,173.5,0.69,1,126.16
74328,00074328.jpg,1785599999048092416,9.865,53.885,36.115,4,16,173.5,0.63,1,126.115
74329,00074329.jpg,1785599999080195328,9.89,54.053,35.947,5,18,169.3,0.79,1,125.947
74330,00074330.jpg,1785599999116323328,9.902,53.93,36.07,5,16,162.4,0.24,1,126.07
74331,00074331.jpg,1785599999149567232,9.908,54.086,35.914,6,16,158.0,0.45,1,125.914
74332,00074332.jpg,1785599999180759296,9.911,53.8,36.2,4,14,150.7,0.58,1,126.2
74333,00074333.jpg,1785599999214700544,9.913,54.175,35.825,4,12,140.0,0.09,1,125.825
74334,00074334.jpg,1785599999247589888,9.913,54.102,35.898,4,12,137.2,0.12,1,125.898
74335,00074335.jpg,1785599999280573184,9.914,54.337,35.663,4,12,132.7,0.95,1,125.663
74336,00074336.jpg,1785599999313653248,9.914,54.446,35.554,5,15,136.5,1.38,1,125.554
74337,00074337.jpg,1785599999347362048,9.914,54.116,35.884,4,14,133.4,0.56,1,125.884
74338,00074338.jpg,1785599999380607232,9.915,54.277,35.723,5,15,134.4,1.46,1,125.723
74339,00074339.jpg,1785599999413003264,9.915,53.944,36.056,4,14,135.5,1.11,1,126.056
74340,00074340.jpg,1785599999448715520,9.915,53.587,36.413,5,15,140.1,0.79,1,126.413
74341,00074341.jpg,1785599999481134080,9.915,53.92,36.08,4,12,130.1,0.61,1,126.08
74342,00074342.jpg,1785599999513129216,9.915,54.474,35.526,4,13,133.6,0.69,1,125.526
74343,00074343.jpg,1785599999546909952,9.916,54.269,35.731,5,14,134.5,0.96,1,125.731
74344,00074344.jpg,1785599999581473792,9.916,54.62,35.38,4,12,126.2,0.52,1,125.38
74345,00074345.jpg,1785599999616305664,9.916,54.567,35.433,4,13,129.0,1.44,1,125.433
74346,00074346.jpg,1785599999647565056,9.916,54.101,35.899,4,16,129.0,0.52,1,125.899
74347,00074347.jpg,1785599999680426496,9.917,53.179,36.821,4,14,124.3,1.73,1,126.821
74348,00074348.jpg,1785599999713314816,9.924,54.382,35.618,4,13,112.1,1.54,1,125.618
74349,00074349.jpg,1785599999746684160,9.953,54.658,35.342,4,13,105.6,1.25,1,125.342
74350,00074350.jpg,1785599999781142528,10.012,53.695,36.305,3,9,78.5,2.22,1,126.305
74351,00074351.jpg,1785599999813975296,10.001,56.599,33.401,3,10,77.9,0.05,1,123.401
74352,00074352.jpg,1785599999847281408,10.084,58.059,31.941,4,10,83.2,0.12,1,121.941
74353,00074353.jpg,1785599999880407296,9.983,57.697,32.303,3,10,99.3,2.2,1,122.303
74354,00074354.jpg,1785599999913608704,9.931,59.065,30.935,4,12,100.4,2.8,1,120.935
74355,00074355.jpg,1785599999947209216,9.94,62.288,27.712,3,8,71.4,0.86,1,117.712
74356,00074356.jpg,1785599999980849920,9.947,65.884,24.116,2,9,79.3,1.79,1,114.116
74357,00074357.jpg,1785600000013587968,9.921,66.692,23.308,3,10,93.2,3.09,1,113.308
74358,00074358.jpg,1785600000047304960,9.922,69.363,20.637,4,12,90.2,2.61,1,110.637
74359,00074359.jpg,1785600000081668096,9.926,67.803,22.197,4,12,95.3,4.69,1,112.197
74360,00074360.jpg,1785600000114025728,9.924,67.415,22.585,4,12,93.4,0.9,1,112.585
74361,00074361.jpg,1785600000147047680,9.94,66.458,23.542,4,13,121.3,1.1,1,113.542
74362,00074362.jpg,1785600000180797952,9.985,66.982,23.018,4,12,119.9,1.94,1,113.018
74363,00074363.jpg,1785600000216093952,9.979,65.873,24.127,4,12,113.5,0.93,1,114.127
74364,00074364.jpg,1785600000247128064,10.098,64.502,25.498,3,10,119.6,1.73,1,115.498
74365,00074365.jpg,1785600000280128512,10.048,63.765,26.235,5,14,116.9,1.39,1,116.235
74366,00074366.jpg,1785600000316456192,9.952,60.496,29.504,2,8,111.1,1.16,1,119.504
74367,00074367.jpg,1785600000348236544,9.947,58.097,31.903,3,10,129.5,2.77,1,121.903
74368,00074368.jpg,1785600000380069120,9.967,55.512,34.488,4,13,134.5,1.35,1,124.488
74369,00074369.jpg,1785600000416273408,9.971,53.444,36.556,4,13,134.8,1.22,1,126.556
74370,00074370.jpg,1785600000446782976,9.964,51.179,38.821,5,15,127.5,2.08,1,128.821
74371,00074371.jpg,1785600000480233728,9.96,49.505,40.495,5,16,142.0,1.68,1,130.495
74372,00074372.jpg,1785600000516291840,9.962,47.673,42.327,7,21,225.7,1.04,1,132.327
74373,00074373.jpg,1785600000546929920,9.951,45.162,44.838,5,20,271.1,0.58,1,134.838
74374,00074374.jpg,1785600000581603328,9.956,43.474,46.526,4,22,288.5,1.23,1,136.526
74375,00074375.jpg,1785600000616079104,9.947,42.028,47.972,5,25,320.5,1.9,1,137.972
74376,00074376.jpg,1785600000648781568,10.025,40.899,49.101,6,22,309.8,1.32,1,139.101
74377,00074377.jpg,1785600000680296448,10.002,42.343,47.657,5,21,309.3,2.58,1,137.657
74378,00074378.jpg,1785600000714674176,10.013,42.033,47.967,7,28,315.9,2.46,1,137.967
74379,00074379.jpg,1785600000746686720,10.035,40.128,49.872,7,30,337.9,1.92,1,139.872
74380,00074380.jpg,1785600000780318720,10.114,38.372,51.628,7,28,305.4,1.0,1,141.628
74381,00074381.jpg,1785600000814683136,10.138,37.581,52.419,8,29,304.0,1.7,1,142.419
74382,00074382.jpg,1785600000847575552,10.15,35.494,54.506,10,35,326.7,2.15,1,144.506
74383,00074383.jpg,1785600000880642048,10.089,36.076,53.924,8,33,323.7,3.52,1,143.924
74384,00074384.jpg,1785600000914486528,10.006,34.109,55.891,7,28,314.2,2.95,1,145.891
74385,00074385.jpg,1785600000947636736,9.905,34.207,55.793,11,39,362.4,3.41,1,145.793
74386,00074386.jpg,1785600000980318720,9.849,34.091,55.909,10,32,345.1,3.78,1,145.909
74387,00074387.jpg,1785600001016127232,9.857,34.716,55.284,9,26,310.3,2.41,1,145.284
74388,00074388.jpg,1785600001047123456,9.85,35.753,54.247,9,26,307.0,3.16,1,144.247
74389,00074389.jpg,1785600001080698624,9.849,34.209,55.791,7,28,313.2,3.79,1,145.791
74390,00074390.jpg,1785600001116069120,9.864,35.954,54.046,6,22,293.0,3.74,1,144.046
74391,00074391.jpg,1785600001146799104,9.885,34.453,55.547,6,28,323.8,4.25,1,145.547
74392,00074392.jpg,1785600001180736768,9.897,34.769,55.231,8,23,295.5,4.47,1,145.231
74393,00074393.jpg,1785600001213943552,9.904,34.072,55.928,6,22,295.2,2.12,1,145.928
74394,00074394.jpg,1785600001246895616,9.968,33.608,56.392,7,23,309.3,5.07,1,146.392
74395,00074395.jpg,1785600001280167168,9.948,34.126,55.874,7,26,325.5,6.17,1,145.874
74396,00074396.jpg,1785600001313498880,9.948,34.98,55.02,7,27,334.0,3.22,1,145.02
74397,00074397.jpg,1785600001347353600,9.986,35.637,54.363,6,23,340.5,1.13,1,144.363
74398,00074398.jpg,1785600001380384000,10.007,36.269,53.731,9,31,380.6,2.2,1,143.731
74399,00074399.jpg,1785600001413340672,10.009,37.178,52.822,10,30,376.6,1.82,1,142.822
74400,00074400.jpg,1785600001448110592,10.002,38.609,51.391,8,33,394.0,1.32,1,141.391
74401,00074401.jpg,1785600001480040960,9.959,38.345,51.655,9,34,400.5,1.64,1,141.655
74402,00074402.jpg,1785600001513516032,9.93,38.405,51.595,8,36,400.7,1.51,1,141.595
74403,00074403.jpg,1785600001547744512,9.918,37.512,52.488,10,40,401.7,2.13,1,142.488
74404,00074404.jpg,1785600001583141376,9.9,37.686,52.314,9,34,399.4,1.7,1,142.314
74405,00074405.jpg,1785600001616450816,9.897,37.705,52.295,8,32,399.4,1.7,1,142.295
74406,00074406.jpg,1785600001648530944,9.895,37.08,52.92,10,35,387.9,2.51,1,142.92
74407,00074407.jpg,1785600001680722176,9.892,37.487,52.513,12,38,391.6,1.38,1,142.513
74408,00074408.jpg,1785600001712931584,9.893,37.374,52.626,8,31,333.7,0.98,1,142.626
74409,00074409.jpg,1785600001748551168,9.893,36.475,53.525,10,32,359.1,1.14,1,143.525
74410,00074410.jpg,1785600001780893952,9.892,36.531,53.469,7,27,344.5,1.13,1,143.469
74411,00074411.jpg,1785600001816826624,9.892,36.171,53.829,4,24,304.5,1.56,1,143.829
74412,00074412.jpg,1785600001846852608,9.892,36.732,53.268,8,29,318.3,1.24,1,143.268
74413,00074413.jpg,1785600001880359680,9.891,37.37,52.63,6,24,304.1,1.15,1,142.63
74414,00074414.jpg,1785600001913244928,9.891,37.63,52.37,5,22,310.1,1.13,1,142.37
74415,00074415.jpg,1785600001948018176,9.891,37.212,52.788,6,24,313.5,1.0,1,142.788
74416,00074416.jpg,1785600001980357120,9.904,37.58,52.42,7,29,319.9,1.2,1,142.42
74417,00074417.jpg,1785600002013104384,9.915,36.54,53.46,8,30,324.2,1.25,1,143.46
74418,00074418.jpg,1785600002046631424,9.964,35.761,54.239,7,26,308.9,1.29,1,144.239
74419,00074419.jpg,1785600002080533504,10.027,35.457,54.543,7,25,309.6,1.29,1,144.543
74420,00074420.jpg,1785600002115505920,9.903,33.104,56.896,6,27,323.9,1.67,1,146.896
74421,00074421.jpg,1785600002147210240,9.935,31.971,58.029,9,35,370.4,1.92,1,148.029
74422,00074422.jpg,1785600002181130752,9.914,29.846,60.154,8,38,376.4,2.52,1,150.154
74423,00074423.jpg,1785600002212963328,9.883,29.185,60.815,11,37,379.4,1.75,1,150.815
74424,00074424.jpg,1785600002246784768,9.883,29.921,60.079,9,32,354.3,1.63,1,150.079
74425,00074425.jpg,1785600002280114688,9.883,29.18,60.82,9,34,357.3,1.13,1,150.82
74426,00074426.jpg,1785600002313529344,9.882,29.684,60.316,8,28,326.7,1.2,1,150.316
74427,00074427.jpg,1785600002349616896,9.881,29.858,60.142,9,28,322.4,1.34,1,150.142
74428,00074428.jpg,1785600002380206336,9.889,29.397,60.603,8,30,318.8,0.92,1,150.603
74429,00074429.jpg,1785600002413192192,9.896,29.705,60.295,6,27,301.5,0.75,1,150.295
74430,00074430.jpg,1785600002447055616,9.932,29.474,60.526,7,30,304.8,1.38,1,150.526
74431,00074431.jpg,1785600002480707584,10.017,27.799,62.201,6,23,282.2,1.89,1,152.201
74432,00074432.jpg,1785600002516036096,10.007,27.615,62.385,8,27,288.5,1.0,1,152.385
74433,00074433.jpg,1785600002546713344,9.879,23.977,66.023,8,29,305.0,1.89,1,156.023
74434,00074434.jpg,1785600002580238080,9.927,23.264,66.736,9,29,316.1,1.5,1,156.736
74435,00074435.jpg,1785600002613624064,9.896,21.346,68.654,12,28,319.0,1.99,1,158.654
74436,00074436.jpg,1785600002647212288,9.874,21.735,68.265,8,28,327.5,1.29,1,158.265
74437,00074437.jpg,1785600002680569600,9.877,21.402,68.598,10,25,299.2,1.8,1,158.598
74438,00074438.jpg,1785600002713322496,9.873,20.812,69.188,10,26,300.6,1.26,1,159.188
74439,00074439.jpg,1785600002747795968,9.873,21.338,68.662,8,24,293.2,1.42,1,158.662
74440,00074440.jpg,1785600002780970752,9.872,20.773,69.227,7,22,282.7,1.19,1,159.227
74441,00074441.jpg,1785600002816106496,9.872,21.469,68.531,12,34,301.2,1.12,1,158.531
74442,00074442.jpg,1785600002846988544,9.872,21.222,68.778,9,22,278.6,1.36,1,158.778
74443,00074443.jpg,1785600002881221632,9.871,21.278,68.722,9,24,268.6,1.04,1,158.722
74444,00074444.jpg,1785600002913539840,9.871,21.428,68.572,8,22,250.1,1.26,1,158.572
74445,00074445.jpg,1785600002947622912,9.87,21.367,68.633,7,22,250.3,0.94,1,158.633
74446,00074446.jpg,1785600002980596736,9.87,20.957,69.043,9,25,261.0,2.01,1,159.043
74447,00074447.jpg,1785600003014066688,9.87,21.549,68.451,6,21,249.7,1.07,1,158.451
74448,00074448.jpg,1785600003047438592,9.869,21.498,68.502,6,19,251.2,0.41,1,158.502
74449,00074449.jpg,1785600003080395008,9.877,21.005,68.995,7,20,238.0,1.44,1,158.995
74450,00074450.jpg,1785600003113052928,9.88,20.909,69.091,7,22,238.8,2.12,1,159.091
74451,00074451.jpg,1785600003148509696,9.906,20.979,69.021,5,18,246.2,1.59,1,159.021
74452,00074452.jpg,1785600003181398784,9.892,18.726,71.274,8,26,249.0,2.48,1,161.274
74453,00074453.jpg,1785600003213795328,9.898,20.548,69.452,5,22,250.5,1.62,1,159.452
74454,00074454.jpg,1785600003247165184,9.915,21.954,68.046,5,19,239.2,1.14,1,158.046
74455,00074455.jpg,1785600003280413696,9.922,21.778,68.222,8,24,261.0,1.58,1,158.222
74456,00074456.jpg,1785600003313394944,9.912,22.463,67.537,6,21,234.7,1.65,1,157.537
74457,00074457.jpg,1785600003347431936,9.897,21.371,68.629,6,22,261.4,1.68,1,158.629
74458,00074458.jpg,1785600003380963584,9.88,22.014,67.986,9,24,248.5,1.09,1,157.986
74459,00074459.jpg,1785600003413824000,9.875,21.4,68.6,9,27,252.0,1.91,1,158.6
74460,00074460.jpg,1785600003447320320,9.871,22.2,67.8,7,23,264.1,1.49,1,157.8
74461,00074461.jpg,1785600003482158848,9.866,21.737,68.263,9,25,248.8,1.7,1,158.263
74462,00074462.jpg,1785600003513092352,9.866,22.192,67.808,12,27,248.0,1.32,1,157.808
74463,00074463.jpg,1785600003547096064,9.865,21.874,68.126,9,27,245.8,1.81,1,158.126
74464,00074464.jpg,1785600003580748288,9.864,22.345,67.655,8,24,256.6,1.09,1,157.655
74465,00074465.jpg,1785600003613391360,9.912,21.59,68.41,9,25,254.8,1.75,1,158.41
74466,00074466.jpg,1785600003646934272,10.233,21.925,68.075,10,29,251.7,0.99,1,158.075
74467,00074467.jpg,1785600003680621568,10.977,22.14,67.86,9,25,239.7,1.19,1,157.86
74468,00074468.jpg,1785600003714090752,11.663,21.568,68.432,9,27,239.2,1.55,1,158.432
74469,00074469.jpg,1785600003747924992,12.479,22.072,67.928,9,21,226.7,0.97,1,157.928
74470,00074470.jpg,1785600003780665088,13.028,22.703,67.297,8,23,229.9,2.01,1,157.297
74471,00074471.jpg,1785600003816140032,10.848,22.219,67.781,9,20,227.2,0.84,1,157.781
74472,00074472.jpg,1785600003847114240,7.54,21.996,68.004,8,24,232.6,1.56,1,158.004
74473,00074473.jpg,1785600003880631552,7.753,22.252,67.748,9,24,228.7,1.95,1,157.748
74474,00074474.jpg,1785600003913218048,8.344,22.851,67.149,8,21,227.7,1.61,1,157.149
74475,00074475.jpg,1785600003948335360,7.917,22.447,67.553,8,23,224.8,0.96,1,157.553
74476,00074476.jpg,1785600003980359680,6.446,21.874,68.126,8,22,222.4,1.69,1,158.126
74477,00074477.jpg,1785600004013790208,5.725,21.746,68.254,9,22,222.3,1.07,1,158.254
74478,00074478.jpg,1785600004047412224,4.415,21.578,68.422,9,20,184.9,1.29,1,158.422
74479,00074479.jpg,1785600004079363840,3.069,21.732,68.268,9,22,188.7,1.65,1,158.268
74480,00074480.jpg,1785600004116179968,2.868,21.435,68.565,10,22,189.3,1.54,1,158.565
74481,00074481.jpg,1785600004146752512,2.815,21.946,68.054,9,22,188.3,1.48,1,158.054
74482,00074482.jpg,1785600004180497408,6.639,22.274,67.726,9,24,227.6,1.06,1,157.726
74483,00074483.jpg,1785600004213383680,8.43,22.619,67.381,8,21,230.8,1.48,1,157.381
74484,00074484.jpg,1785600004246953728,9.135,22.244,67.756,9,23,230.4,1.18,1,157.756
74485,00074485.jpg,1785600004280030720,9.606,22.367,67.633,9,25,235.5,1.47,1,157.633
74486,00074486.jpg,1785600004313383680,9.757,22.92,67.08,8,23,240.3,1.01,1,157.08
74487,00074487.jpg,1785600004347321088,9.822,23.052,66.948,9,24,238.3,1.35,1,156.948
74488,00074488.jpg,1785600004381290496,9.848,22.292,67.708,9,22,248.7,1.35,1,157.708
74489,00074489.jpg,1785600004414947584,9.859,21.978,68.022,9,27,259.3,0.83,1,158.022
74490,00074490.jpg,1785600004446124032,9.864,21.729,68.271,9,26,259.3,1.38,1,158.271
74491,00074491.jpg,1785600004480887808,9.866,21.993,68.007,9,26,268.6,1.26,1,158.007
74492,00074492.jpg,1785600004512791296,9.867,22.184,67.816,8,22,242.8,1.53,1,157.816
74493,00074493.jpg,1785600004546462976,9.869,22.197,67.803,9,27,257.5,1.32,1,157.803
74494,00074494.jpg,1785600004580572928,9.881,22.513,67.487,9,25,255.2,1.44,1,157.487
74495,00074495.jpg,1785600004616357376,9.881,22.352,67.648,9,28,264.5,2.73,1,157.648
74496,00074496.jpg,1785600004646659072,9.921,22.232,67.768,9,21,261.1,3.61,1,157.768
74497,00074497.jpg,1785600004680326400,9.991,22.514,67.486,8,22,225.7,3.91,1,157.486
74498,00074498.jpg,1785600004715343104,9.959,22.849,67.151,8,22,250.3,4.39,1,157.151
74499,00074499.jpg,1785600004748201472,9.988,22.527,67.473,8,22,265.5,4.18,1,157.473
74500,00074500.jpg,1785600004779702016,10.025,22.166,67.834,11,31,293.1,2.27,1,157.834
74501,00074501.jpg,1785600004813004288,10.08,22.42,67.58,9,27,297.6,1.25,1,157.58
74502,00074502.jpg,1785600004847101184,10.142,22.384,67.616,9,32,317.1,1.38,1,157.616
74503,00074503.jpg,1785600004880331008,10.153,22.245,67.755,10,37,332.3,1.12,1,157.755
74504,00074504.jpg,1785600004916231424,10.135,21.963,68.037,10,37,350.5,1.55,1,158.037
74505,00074505.jpg,1785600004948950528,10.012,21.56,68.44,12,46,357.1,1.62,1,158.44
74506,00074506.jpg,1785600004981118976,9.896,21.901,68.099,10,33,343.7,1.22,1,158.099
74507,00074507.jpg,1785600005013163776,9.877,21.371,68.629,9,34,346.1,1.11,1,158.629
74508,00074508.jpg,1785600005046947840,9.858,21.378,68.622,9,36,345.9,1.47,1,158.622
74509,00074509.jpg,1785600005080835584,9.862,21.42,68.58,11,35,352.7,1.83,1,158.58
74510,00074510.jpg,1785600005112963072,9.884,21.751,68.249,9,31,358.5,1.33,1,158.249
74511,00074511.jpg,1785600005147052544,9.99,21.75,68.25,10,31,351.6,1.12,1,158.25
74512,00074512.jpg,1785600005181632768,10.008,21.985,68.015,10,34,369.8,1.9,1,158.015
74513,00074513.jpg,1785600005213340672,10.028,20.807,69.193,12,39,389.3,2.64,1,159.193
74514,00074514.jpg,1785600005247083520,10.108,21.297,68.703,12,35,419.6,2.67,1,158.703
74515,00074515.jpg,1785600005280350976,10.207,21.188,68.812,13,47,468.7,2.14,1,158.812
74516,00074516.jpg,1785600005313846016,10.313,20.627,69.373,14,42,405.2,2.54,1,159.373
74517,00074517.jpg,1785600005347761408,10.407,21.33,68.67,12,42,451.7,1.37,1,158.67
74518,00074518.jpg,1785600005380171264,10.58,22.129,67.871,13,42,454.8,1.93,1,157.871
74519,00074519.jpg,1785600005413486336,10.616,24.315,65.685,14,44,464.3,2.4,1,155.685
74520,00074520.jpg,1785600005446702592,10.599,24.015,65.985,14,44,490.3,2.17,1,155.985
74521,00074521.jpg,1785600005480081152,10.328,25.348,64.652,13,50,525.0,2.52,1,154.652
74522,00074522.jpg,1785600005516263168,10.177,24.963,65.037,12,41,464.3,3.31,1,155.037
74523,00074523.jpg,1785600005547842816,10.002,25.394,64.606,17,59,550.0,3.36,1,154.606
74524,00074524.jpg,1785600005580667904,9.819,24.357,65.643,14,50,549.0,3.58,1,155.643
74525,00074525.jpg,1785600005616190976,9.817,23.107,66.893,17,51,520.7,2.45,1,156.893
74526,00074526.jpg,1785600005646555136,9.795,24.587,65.413,13,43,499.5,3.06,1,155.413
74527,00074527.jpg,1785600005680399616,9.788,24.062,65.938,14,44,508.2,3.28,1,155.938
74528,00074528.jpg,1785600005714772992,9.823,24.691,65.309,14,42,518.9,2.74,1,155.309
74529,00074529.jpg,1785600005748894208,9.83,23.871,66.129,17,53,572.2,2.92,1,156.129
74530,00074530.jpg,1785600005780460544,9.835,24.192,65.808,13,50,564.3,2.94,1,155.808
74531,00074531.jpg,1785600005816466688,9.852,24.07,65.93,12,51,568.5,2.89,1,155.93
74532,00074532.jpg,1785600005847261952,9.86,25.289,64.711,13,41,574.2,2.58,1,154.711
74533,00074533.jpg,1785600005880587008,9.861,23.191,66.809,14,53,591.5,2.97,1,156.809
74534,00074534.jpg,1785600005913931008,9.866,23.665,66.335,10,46,620.5,2.93,1,156.335
74535,00074535.jpg,1785600005947675904,9.868,23.229,66.771,12,43,593.0,2.46,1,156.771
74536,00074536.jpg,1785600005979891712,9.869,23.655,66.345,10,46,615.2,2.32,1,156.345
74537,00074537.jpg,1785600006015063552,9.872,22.763,67.237,16,52,635.8,2.94,1,157.237
74538,00074538.jpg,1785600006046547456,9.873,23.078,66.922,14,54,638.3,3.51,1,156.922
74539,00074539.jpg,1785600006081050112,9.873,22.929,67.071,14,51,657.2,2.63,1,157.071
74540,00074540.jpg,1785600006113489664,9.875,23.282,66.718,14,54,660.0,2.95,1,156.718
74541,00074541.jpg,1785600006147812352,9.936,23.195,66.805,14,52,647.8,3.29,1,156.805
74542,00074542.jpg,1785600006180700672,10.253,23.193,66.807,14,47,632.5,2.27,1,156.807
74543,00074543.jpg,1785600006212993792,10.688,23.932,66.068,10,46,663.9,2.84,1,156.068
74544,00074544.jpg,1785600006246202880,11.532,25.078,64.922,11,48,686.3,2.25,1,154.922
74545,00074545.jpg,1785600006280470528,12.628,23.31,66.69,12,45,645.9,2.36,1,156.69
74546,00074546.jpg,1785600006313613824,13.482,24.899,65.101,10,47,669.8,2.29,1,155.101
74547,00074547.jpg,1785600006347005952,14.229,23.64,66.36,13,52,703.7,2.9,1,156.36
74548,00074548.jpg,1785600006380861696,11.098,23.832,66.168,13,45,700.7,2.81,1,156.168
74549,00074549.jpg,1785600006413627904,6.875,24.765,65.235,12,50,730.7,2.22,1,155.235
74550,00074550.jpg,1785600006446612992,7.136,24.333,65.667,11,47,729.1,2.05,1,155.667
74551,00074551.jpg,1785600006480450816,8.107,24.623,65.377,12,50,760.2,2.89,1,155.377
74552,00074552.jpg,1785600006513370880,8.873,23.99,66.01,13,52,779.6,3.08,1,156.01
74553,00074553.jpg,1785600006547787520,9.272,23.576,66.424,13,50,761.5,2.72,1,156.424
74554,00074554.jpg,1785600006580762880,9.748,24.636,65.364,15,50,767.2,2.59,1,155.364
74555,00074555.jpg,1785600006613606144,10.051,24.42,65.58,13,46,768.6,2.49,1,155.58
74556,00074556.jpg,1785600006647236096,10.572,23.745,66.255,16,60,814.7,2.57,1,156.255
74557,00074557.jpg,1785600006680631808,11.496,23.926,66.074,17,55,783.5,2.62,1,156.074
74558,00074558.jpg,1785600006716112640,12.27,22.85,67.15,16,60,789.3,2.74,1,157.15
74559,00074559.jpg,1785600006746970624,13.383,22.678,67.322,16,62,784.3,2.52,1,157.322
74560,00074560.jpg,1785600006780625152,14.568,22.809,67.191,15,54,775.6,2.21,1,157.191
74561,00074561.jpg,1785600006813360128,15.42,24.825,65.175,15,63,799.8,2.4,1,155.175
74562,00074562.jpg,1785600006847042816,15.938,24.169,65.831,15,60,825.7,2.0,1,155.831
74563,00074563.jpg,1785600006880601856,7.631,23.733,66.267,16,60,833.8,2.08,1,156.267
74564,00074564.jpg,1785600006913574400,5.811,24.166,65.834,18,66,859.5,2.2,1,155.834
74565,00074565.jpg,1785600006947486720,6.902,24.449,65.551,16,62,813.2,2.19,1,155.551
74566,00074566.jpg,1785600006980435712,8.13,24.74,65.26,16,69,866.7,2.4,1,155.26
74567,00074567.jpg,1785600007013529600,8.943,24.527,65.473,17,66,870.9,2.41,1,155.473
74568,00074568.jpg,1785600007046562816,9.433,24.684,65.316,15,63,836.5,2.81,1,155.316
74569,00074569.jpg,1785600007080420096,9.668,25.144,64.856,17,58,848.3,2.61,1,154.856
74570,00074570.jpg,1785600007116198144,9.802,24.41,65.59,14,60,820.9,2.21,1,155.59
74571,00074571.jpg,1785600007146724352,9.867,24.421,65.579,14,53,803.2,1.96,1,155.579
74572,00074572.jpg,1785600007181836800,9.894,24.135,65.865,15,58,793.6,1.88,1,155.865
74573,00074573.jpg,1785600007213990912,9.907,23.759,66.241,14,54,819.0,2.8,1,156.241
74574,00074574.jpg,1785600007246141952,9.912,23.914,66.086,14,57,808.7,3.05,1,156.086
74575,00074575.jpg,1785600007280580608,9.915,23.804,66.196,15,61,831.9,2.29,1,156.196
74576,00074576.jpg,1785600007314032640,9.917,23.837,66.163,17,65,859.3,2.18,1,156.163
74577,00074577.jpg,1785600007366765312,9.919,23.887,66.113,15,62,878.2,2.2,1,156.113
74578,00074578.jpg,1785600007381047808,9.92,24.102,65.898,17,65,890.3,2.53,1,155.898
74579,00074579.jpg,1785600007414936320,9.921,24.06,65.94,19,69,930.2,2.66,1,155.94
74580,00074580.jpg,1785600007463677184,9.923,23.899,66.101,19,66,959.3,2.22,1,156.101
74581,00074581.jpg,1785600007480453888,9.923,24.083,65.917,17,69,1004.0,2.41,1,155.917
74582,00074582.jpg,1785600007516844032,9.926,24.087,65.913,14,67,1035.7,2.24,1,155.913
74583,00074583.jpg,1785600007547296512,9.938,25.131,64.869,17,70,1054.3,2.1,1,154.869
74584,00074584.jpg,1785600007597515776,9.973,25.682,64.318,14,63,1063.1,2.81,1,154.318
74585,00074585.jpg,1785600007612936960,9.959,26.572,63.428,14,67,1076.2,3.13,1,153.428
74586,00074586.jpg,1785600007663574528,10.038,26.804,63.196,18,74,1076.3,3.76,1,153.196
74587,00074587.jpg,1785600007680898304,10.027,27.986,62.014,14,68,1079.5,3.74,1,152.014
74588,00074588.jpg,1785600007730750976,10.077,28.443,61.557,18,74,1098.6,2.84,1,151.557
74589,00074589.jpg,1785600007746713600,10.105,28.562,61.438,15,67,1148.4,2.83,1,151.438
74590,00074590.jpg,1785600007797203456,10.29,27.747,62.253,17,73,1149.3,2.78,1,152.253
74591,00074591.jpg,1785600007813006592,10.333,28.805,61.195,14,60,1083.9,3.24,1,151.195
74592,00074592.jpg,1785600007863684096,10.551,26.419,63.581,10,57,1054.1,1.82,1,153.581
74593,00074593.jpg,1785600007881097472,10.63,24.673,65.327,11,58,1085.4,1.47,1,155.327
74594,00074594.jpg,1785600007913549056,10.701,23.115,66.885,11,54,1085.9,1.47,1,156.885
74595,00074595.jpg,1785600007965678592,10.691,22.173,67.827,11,58,1091.5,0.75,1,157.827
74596,00074596.jpg,1785600007980561920,10.545,21.369,68.631,10,55,1100.1,0.83,1,158.631
74597,00074597.jpg,1785600008029993216,10.249,21.201,68.799,9,55,1071.9,0.74,1,158.799
74598,00074598.jpg,1785600008046538496,10.163,21.23,68.77,13,66,1142.5,0.93,1,158.77
74599,00074599.jpg,1785600008097726720,9.826,21.483,68.517,18,74,1246.2,1.15,1,158.517
74600,00074600.jpg,1785600008113691136,9.843,21.313,68.687,16,73,1263.3,1.1,1,158.687
74601,00074601.jpg,1785600008147019008,9.84,21.119,68.881,19,75,1299.2,1.27,1,158.881
74602,00074602.jpg,1785600008198965760,9.811,20.93,69.07,16,73,1251.9,0.99,1,159.07
74603,00074603.jpg,1785600008213023744,9.832,20.969,69.031,17,76,1275.7,1.19,1,159.031
74604,00074604.jpg,1785600008246465024,9.849,21.231,68.769,16,70,1217.5,0.93,1,158.769
74605,00074605.jpg,1785600008297918976,10.014,21.133,68.867,18,69,1204.5,0.82,1,158.867
74606,00074606.jpg,1785600008312796672,10.041,20.976,69.024,15,63,1158.9,0.74,1,159.024
74607,00074607.jpg,1785600008346778368,10.35,20.968,69.032,16,67,1185.8,0.63,1,159.032
74608,00074608.jpg,1785600008397203968,11.531,21.233,68.767,14,63,1197.0,0.95,1,158.767
74609,00074609.jpg,1785600008413573632,11.872,21.057,68.943,19,61,1240.2,0.84,1,158.943
74610,00074610.jpg,1785600008464614400,13.215,21.481,68.519,18,71,1278.1,0.91,1,158.519
74611,00074611.jpg,1785600008481551104,13.574,21.421,68.579,13,61,1263.6,0.71,1,158.579
74612,00074612.jpg,1785600008531077888,10.791,21.271,68.729,13,61,1270.6,0.88,1,158.729
74613,00074613.jpg,1785600008548574464,8.14,21.461,68.539,12,59,1286.9,0.78,1,158.539
74614,00074614.jpg,1785600008580129792,7.042,21.623,68.377,15,69,1315.4,0.99,1,158.377
74615,00074615.jpg,1785600008630648320,8.306,21.218,68.782,16,71,1309.6,0.87,1,158.782
74616,00074616.jpg,1785600008647249408,8.652,21.48,68.52,14,65,1313.5,0.94,1,158.52
74617,00074617.jpg,1785600008697366016,9.426,21.251,68.749,14,71,1324.6,0.8,1,158.749
74618,00074618.jpg,1785600008713344000,9.546,21.365,68.635,14,67,1304.7,0.85,1,158.635
74619,00074619.jpg,1785600008763678464,9.775,21.229,68.771,17,67,1337.7,0.67,1,158.771
74620,00074620.jpg,1785600008781926144,9.929,21.738,68.262,17,71,1326.7,0.92,1,158.262
74621,00074621.jpg,1785600008831136256,10.278,21.317,68.683,15,63,1222.3,0.93,1,158.683
74622,00074622.jpg,1785600008847218176,10.545,21.536,68.464,15,67,1231.3,1.07,1,158.464
74623,00074623.jpg,1785600008897364736,11.851,21.207,68.793,12,58,1222.6,0.82,1,158.793
74624,00074624.jpg,1785600008913072896,12.113,21.35,68.65,14,68,1350.6,0.67,1,158.65
74625,00074625.jpg,1785600008965067008,10.86,21.472,68.528,14,66,1388.4,0.81,1,158.528
74626,00074626.jpg,1785600008979739904,10.86,21.785,68.215,12,62,1352.8,0.81,1,158.215
74627,00074627.jpg,1785600009031235072,8.23,21.292,68.708,12,64,1358.8,0.72,1,158.708
74628,00074628.jpg,1785600009047279872,8.482,21.259,68.741,13,65,1362.0,0.68,1,158.741
74629,00074629.jpg,1785600009097660416,9.287,22.317,67.683,13,66,1381.7,1.08,1,157.683
74630,00074630.jpg,1785600009114806528,9.426,22.194,67.806,15,63,1378.0,1.26,1,157.806
74631,00074631.jpg,1785600009164696064,9.77,23.415,66.585,14,65,1342.5,1.54,1,156.585
74632,00074632.jpg,1785600009180570624,9.788,23.022,66.978,17,66,1359.3,1.24,1,156.978
74633,00074633.jpg,1785600009229752320,9.938,21.724,68.276,16,74,1371.6,0.84,1,158.276
74634,00074634.jpg,1785600009247170304,10.033,21.629,68.371,18,68,1317.2,0.82,1,158.371
74635,00074635.jpg,1785600009297364224,10.826,20.864,69.136,18,72,1404.1,0.8,1,159.136
74636,00074636.jpg,1785600009313958400,11.104,20.49,69.51,17,70,1386.1,0.88,1,159.51
74637,00074637.jpg,1785600009364090368,12.466,20.964,69.036,19,74,1412.7,0.94,1,159.036
74638,00074638.jpg,1785600009380185856,12.82,20.803,69.197,16,67,1366.2,0.71,1,159.197
74639,00074639.jpg,1785600009430611456,10.842,21.202,68.798,19,70,1417.3,0.74,1,158.798
74640,00074640.jpg,1785600009446209792,10.842,20.617,69.383,16,63,1399.9,0.75,1,159.383
74641,00074641.jpg,1785600009498756864,7.786,20.631,69.369,16,60,1419.4,0.57,1,159.369
74642,00074642.jpg,1785600009513667840,8.111,20.884,69.116,16,68,1422.9,0.51,1,159.116
74643,00074643.jpg,1785600009565280000,9.107,20.982,69.018,12,60,1421.8,0.67,1,159.018
74644,00074644.jpg,1785600009579781632,9.286,21.062,68.938,13,57,1421.9,0.61,1,158.938
74645,00074645.jpg,1785600009630190080,9.653,20.997,69.003,13,59,1447.7,0.84,1,159.003
74646,00074646.jpg,1785600009646319616,9.816,20.975,69.025,16,62,1467.8,0.75,1,159.025
74647,00074647.jpg,1785600009697808384,10.48,21.069,68.931,14,62,1454.7,0.59,1,158.931
74648,00074648.jpg,1785600009712816128,10.723,21.387,68.613,12,64,1470.0,0.61,1,158.613
74649,00074649.jpg,1785600009764171264,11.747,21.086,68.914,13,67,1497.3,0.56,1,158.914
74650,00074650.jpg,1785600009781136896,12.166,21.099,68.901,16,68,1496.8,0.85,1,158.901
74651,00074651.jpg,1785600009830723840,10.711,20.772,69.228,15,72,1458.0,0.62,1,159.228
74652,00074652.jpg,1785600009846619904,8.807,20.922,69.078,13,65,1470.8,0.46,1,159.078
74653,00074653.jpg,1785600009897572096,8.128,21.074,68.926,11,63,1498.0,0.51,1,158.926
74654,00074654.jpg,1785600009913537792,8.399,20.906,69.094,13,60,1502.7,0.51,1,159.094
74655,00074655.jpg,1785600009963854336,9.777,21.039,68.961,15,67,1532.3,0.64,1,158.961
74656,00074656.jpg,1785600009982472192,10.23,21.291,68.709,12,59,1498.5,0.43,1,158.709
74657,00074657.jpg,1785600010030089216,11.031,21.037,68.963,11,59,1520.1,0.59,1,158.963
74658,00074658.jpg,1785600010047362048,11.491,20.768,69.232,12,62,1520.9,0.73,1,159.232
74659,00074659.jpg,1785600010096879360,12.747,20.417,69.583,12,58,1525.8,1.1,1,159.583
74660,00074660.jpg,1785600010112821248,12.747,20.682,69.318,14,66,1532.9,1.01,1,159.318
74661,00074661.jpg,1785600010165726720,8.32,20.676,69.324,12,62,1536.2,0.7,1,159.324
74662,00074662.jpg,1785600010180352512,7.564,21.013,68.987,13,61,1514.5,0.9,1,158.987
74663,00074663.jpg,1785600010230378496,8.152,21.404,68.596,12,62,1514.4,0.63,1,158.596
74664,00074664.jpg,1785600010247564288,8.475,21.46,68.54,11,59,1525.9,0.67,1,158.54
74665,00074665.jpg,1785600010297462272,9.282,20.986,69.014,10,57,1520.5,0.63,1,159.014
74666,00074666.jpg,1785600010315028224,9.414,21.619,68.381,11,63,1540.8,0.74,1,158.381
74667,00074667.jpg,1785600010364222208,9.671,21.243,68.757,12,64,1559.4,0.59,1,158.757
74668,00074668.jpg,1785600010380563712,9.707,21.348,68.652,14,63,1570.1,0.86,1,158.652
74669,00074669.jpg,1785600010430663424,9.776,21.099,68.901,12,61,1586.6,0.59,1,158.901
74670,00074670.jpg,1785600010446765056,9.784,21.116,68.884,12,66,1606.2,0.56,1,158.884
74671,00074671.jpg,1785600010479770624,9.796,21.0,69.0,10,59,1598.8,0.67,1,159.0
74672,00074672.jpg,1785600010531551488,9.804,21.129,68.871,9,61,1577.7,0.58,1,158.871
74673,00074673.jpg,1785600010546576896,9.805,21.221,68.779,10,60,1588.0,0.54,1,158.779
74674,00074674.jpg,1785600010598960384,9.806,20.955,69.045,10,57,1599.2,0.52,1,159.045
74675,00074675.jpg,1785600010612989696,9.806,21.226,68.774,10,55,1611.5,0.4,1,158.774
74676,00074676.jpg,1785600010663562496,9.807,21.157,68.843,10,58,1639.2,0.37,1,158.843
74677,00074677.jpg,1785600010679126016,9.807,20.944,69.056,10,60,1591.8,0.31,1,159.056
74678,00074678.jpg,1785600010729976832,9.807,20.893,69.107,10,60,1594.5,0.37,1,159.107
74679,00074679.jpg,1785600010746011904,9.838,20.968,69.032,10,58,1596.3,0.57,1,159.032
74680,00074680.jpg,1785600010797502464,10.502,21.034,68.966,12,59,1605.3,0.52,1,158.966
74681,00074681.jpg,1785600010815047424,10.716,20.92,69.08,13,63,1617.1,0.49,1,159.08
74682,00074682.jpg,1785600010863464704,11.952,21.082,68.918,12,58,1590.8,0.56,1,158.918
74683,00074683.jpg,1785600010880692224,12.38,20.824,69.176,11,63,1588.5,0.7,1,159.176
74684,00074684.jpg,1785600010931695360,13.056,21.023,68.977,10,60,1559.8,0.54,1,158.977
74685,00074685.jpg,1785600010946078208,11.221,21.198,68.802,9,57,1555.7,0.38,1,158.802
74686,00074686.jpg,1785600010998206208,7.415,21.002,68.998,15,62,1570.8,0.56,1,158.998
74687,00074687.jpg,1785600011012720640,7.618,21.082,68.918,10,52,1546.9,0.49,1,158.918
74688,00074688.jpg,1785600011065224960,8.736,21.036,68.964,11,58,1537.5,0.57,1,158.964
74689,00074689.jpg,1785600011080756480,8.978,21.04,68.96,12,55,1545.7,0.65,1,158.96
74690,00074690.jpg,1785600011131647488,9.492,20.952,69.048,12,58,1547.2,0.7,1,159.048
74691,00074691.jpg,1785600011146187264,9.57,21.045,68.955,10,55,1527.6,0.77,1,158.955
74692,00074692.jpg,1785600011198655744,9.955,21.227,68.773,14,65,1591.5,0.62,1,158.773
74693,00074693.jpg,1785600011216005632,10.034,20.858,69.142,14,59,1561.1,0.53,1,159.142
74694,00074694.jpg,1785600011265944320,10.952,20.232,69.768,10,51,1522.3,0.75,1,159.768
74695,00074695.jpg,1785600011280481536,11.337,19.88,70.12,10,56,1516.4,1.28,1,160.12
74696,00074696.jpg,1785600011330358784,12.66,20.864,69.136,9,54,1555.8,0.74,1,159.136
74697,00074697.jpg,1785600011346330624,13.09,21.115,68.885,9,57,1522.7,0.5,1,158.885
74698,00074698.jpg,1785600011379210496,13.951,21.399,68.601,8,51,1515.7,0.44,1,158.601
74699,00074699.jpg,1785600011431981056,10.672,21.235,68.765,8,51,1493.9,0.35,1,158.765
74700,00074700.jpg,1785600011446539008,10.672,21.03,68.97,9,50,1485.1,0.61,1,158.97
74701,00074701.jpg,1785600011481539840,6.467,20.831,69.169,9,49,1477.2,0.6,1,159.169
74702,00074702.jpg,1785600011531149312,7.956,19.94,70.06,8,48,1477.5,1.13,1,160.06
74703,00074703.jpg,1785600011546670080,8.342,19.775,70.225,9,49,1468.6,1.63,1,160.225
74704,00074704.jpg,1785600011598897408,9.269,21.256,68.744,12,55,1496.6,0.59,1,158.744
74705,00074705.jpg,1785600011614863104,9.402,21.539,68.461,10,55,1510.2,0.68,1,158.461
74706,00074706.jpg,1785600011648215808,9.591,21.786,68.214,9,47,1489.0,0.62,1,158.214
74707,00074707.jpg,1785600011698588416,9.692,21.633,68.367,9,49,1455.8,0.55,1,158.367
74708,00074708.jpg,1785600011714135040,9.707,21.751,68.249,11,54,1465.5,0.66,1,158.249
74709,00074709.jpg,1785600011765163008,9.73,21.774,68.226,9,50,1440.2,0.74,1,158.226
74710,00074710.jpg,1785600011781362432,9.733,21.57,68.43,10,51,1451.3,0.58,1,158.43
74711,00074711.jpg,1785600011832468224,9.741,21.676,68.324,9,51,1425.8,0.61,1,158.324
74712,00074712.jpg,1785600011847835392,9.742,21.462,68.538,10,54,1430.2,0.61,1,158.538
74713,00074713.jpg,1785600011898979584,9.744,21.727,68.273,8,48,1408.1,0.65,1,158.273
74714,00074714.jpg,1785600011914768896,9.745,21.497,68.503,9,46,1398.2,0.58,1,158.503
74715,00074715.jpg,1785600011964892160,9.746,21.551,68.449,8,45,1380.8,0.63,1,158.449
74716,00074716.jpg,1785600011980672512,9.747,21.561,68.439,8,45,1352.8,0.45,1,158.439
74717,00074717.jpg,1785600012031765760,9.748,21.449,68.551,9,49,1361.4,0.49,1,158.551
74718,00074718.jpg,1785600012046108416,9.748,21.472,68.528,9,45,1354.0,0.65,1,158.528
74719,00074719.jpg,1785600012098743296,9.749,21.551,68.449,11,41,1320.2,0.46,1,158.449
74720,00074720.jpg,1785600012112975104,9.749,21.669,68.331,10,45,1319.5,0.55,1,158.331
74721,00074721.jpg,1785600012163712256,9.757,21.413,68.587,8,42,1308.0,0.57,1,158.587
74722,00074722.jpg,1785600012179506432,9.763,21.038,68.962,9,47,1315.6,0.64,1,158.962
74723,00074723.jpg,1785600012230731776,9.78,21.101,68.899,7,44,1316.9,0.71,1,158.899
74724,00074724.jpg,1785600012246924800,9.701,20.137,69.863,8,44,1306.4,1.29,1,159.863
74725,00074725.jpg,1785600012297605376,7.843,18.138,71.862,8,43,1323.1,2.74,1,161.862
74726,00074726.jpg,1785600012313626624,7.471,18.275,71.725,7,49,1343.6,3.05,1,161.725
74727,00074727.jpg,1785600012363552256,5.223,18.534,71.466,10,47,1375.8,2.74,1,161.466
74728,00074728.jpg,1785600012382681344,4.469,18.404,71.596,7,51,1421.7,2.77,1,161.596
74729,00074729.jpg,1785600012431641600,3.854,20.138,69.862,10,55,1387.7,1.27,1,159.862
74730,00074730.jpg,1785600012447112192,3.872,20.965,69.035,7,47,1388.7,0.64,1,159.035
74731,00074731.jpg,1785600012497470208,8.484,23.278,66.722,9,47,1369.5,1.0,1,156.722
74732,00074732.jpg,1785600012515446272,9.069,23.98,66.02,7,47,1388.0,1.48,1,156.02
74733,00074733.jpg,1785600012565357824,9.967,24.237,65.763,8,44,1372.4,1.76,1,155.763
74734,00074734.jpg,1785600012580320000,10.036,24.461,65.539,7,45,1369.4,2.04,1,155.539
74735,00074735.jpg,1785600012631375360,10.112,23.93,66.07,9,46,1363.8,1.91,1,156.07
74736,00074736.jpg,1785600012646742784,10.096,24.004,65.996,8,46,1400.7,1.71,1,155.996
74737,00074737.jpg,1785600012696369152,10.036,23.87,66.13,8,44,1387.8,1.69,1,156.13
74738,00074738.jpg,1785600012716444416,9.997,23.315,66.685,10,49,1398.5,1.52,1,156.685
74739,00074739.jpg,1785600012746506752,9.92,22.937,67.063,8,41,1391.3,1.6,1,157.063
74740,00074740.jpg,1785600012797720320,9.898,23.522,66.478,8,42,1397.1,1.54,1,156.478
74741,00074741.jpg,1785600012812604160,9.898,23.047,66.953,9,40,1388.4,1.28,1,156.953
74742,00074742.jpg,1785600012864164096,9.89,22.986,67.014,9,41,1426.0,1.24,1,157.014
74743,00074743.jpg,1785600012879764224,9.891,22.838,67.162,8,41,1419.4,1.42,1,157.162
74744,00074744.jpg,1785600012930150400,9.898,23.022,66.978,6,39,1421.6,0.86,1,156.978
74745,00074745.jpg,1785600012946061312,9.901,22.918,67.082,8,43,1428.2,1.2,1,157.082
74746,00074746.jpg,1785600012997572352,9.903,23.342,66.658,7,42,1448.6,1.15,1,156.658
74747,00074747.jpg,1785600013013509632,9.905,22.823,67.177,7,43,1444.8,1.19,1,157.177
74748,00074748.jpg,1785600013063643392,9.91,23.085,66.915,7,43,1457.4,1.43,1,156.915
74749,00074749.jpg,1785600013079389952,9.916,22.882,67.118,7,41,1457.4,1.42,1,157.118
74750,00074750.jpg,1785600013130323712,9.928,23.622,66.378,8,45,1468.7,1.9,1,156.378
74751,00074751.jpg,1785600013146569216,9.904,23.686,66.314,8,43,1480.9,1.8,1,156.314
74752,00074752.jpg,1785600013197609472,9.968,24.135,65.865,9,43,1465.8,2.01,1,155.865
74753,00074753.jpg,1785600013213383936,10.038,24.597,65.403,10,43,1447.3,2.27,1,155.403
74754,00074754.jpg,1785600013262864128,10.678,25.303,64.697,8,41,1395.9,2.59,1,154.697
74755,00074755.jpg,1785600013280703744,11.044,25.444,64.556,9,42,1391.9,2.56,1,154.556
74756,00074756.jpg,1785600013329670400,11.767,23.906,66.094,10,44,1379.8,2.01,1,156.094
74757,00074757.jpg,1785600013347098112,11.478,23.169,66.831,9,44,1368.5,1.21,1,156.831
74758,00074758.jpg,1785600013397172480,9.489,21.87,68.13,11,42,1376.5,0.21,1,158.13
74759,00074759.jpg,1785600013413174016,9.405,21.61,68.39,10,43,1368.5,0.46,1,158.39
74760,00074760.jpg,1785600013462919168,9.645,21.282,68.718,10,45,1390.4,0.33,1,158.718
74761,00074761.jpg,1785600013481504512,9.689,20.707,69.293,10,46,1401.8,0.69,1,159.293
74762,00074762.jpg,1785600013530104320,9.827,21.202,68.798,12,50,1440.4,0.29,1,158.798
74763,00074763.jpg,1785600013546551808,9.822,20.887,69.113,9,42,1409.7,0.53,1,159.113
74764,00074764.jpg,1785600013597037312,9.848,21.073,68.927,9,44,1426.4,0.56,1,158.927
74765,00074765.jpg,1785600013614618112,9.859,21.106,68.894,9,43,1428.7,0.46,1,158.894
74766,00074766.jpg,1785600013664143616,9.869,21.205,68.795,9,41,1447.6,0.25,1,158.795
74767,00074767.jpg,1785600013680778496,9.873,21.26,68.74,8,39,1446.9,0.31,1,158.74
74768,00074768.jpg,1785600013730861056,9.892,21.17,68.83,9,41,1461.7,0.4,1,158.83
74769,00074769.jpg,1785600013746762752,9.893,21.14,68.86,9,38,1452.4,0.32,1,158.86
74770,00074770.jpg,1785600013796855296,9.902,21.21,68.79,11,41,1469.9,0.49,1,158.79
74771,00074771.jpg,1785600013813025024,9.906,21.249,68.751,9,40,1463.4,0.25,1,158.751
74772,00074772.jpg,1785600013864055040,9.927,21.015,68.985,9,38,1433.4,0.24,1,158.985
74773,00074773.jpg,1785600013880199168,9.93,20.858,69.142,13,40,1475.4,0.48,1,159.142
74774,00074774.jpg,1785600013930490624,9.912,20.539,69.461,8,40,1500.3,0.5,1,159.461
74775,00074775.jpg,1785600013947364608,9.911,20.43,69.57,9,41,1518.3,0.71,1,159.57
74776,00074776.jpg,1785600013997369600,9.928,21.501,68.499,9,40,1524.7,0.22,1,158.499
74777,00074777.jpg,1785600014012930304,9.925,21.546,68.454,8,40,1495.1,0.28,1,158.454
74778,00074778.jpg,1785600014064225792,9.92,21.356,68.644,9,35,1271.9,0.24,1,158.644
74779,00074779.jpg,1785600014080123392,9.918,21.512,68.488,8,35,1251.8,0.13,1,158.488
74780,00074780.jpg,1785600014130182400,9.915,21.458,68.542,6,31,1195.8,0.25,1,158.542
74781,00074781.jpg,1785600014145814784,9.914,21.475,68.525,8,32,1192.5,0.32,1,158.525
74782,00074782.jpg,1785600014198762496,9.92,21.152,68.848,8,32,1165.2,0.31,1,158.848
74783,00074783.jpg,1785600014213228800,9.816,20.938,69.062,7,33,1162.7,0.27,1,159.062
74784,00074784.jpg,1785600014264235520,9.618,20.423,69.577,9,37,1180.8,0.55,1,159.577
74785,00074785.jpg,1785600014280503296,9.805,20.266,69.734,8,35,1187.7,1.16,1,159.734
74786,00074786.jpg,1785600014330061568,9.926,21.121,68.879,8,31,1184.1,0.44,1,158.879
74787,00074787.jpg,1785600014348302336,9.949,21.389,68.611,8,33,1206.2,0.19,1,158.611
74788,00074788.jpg,1785600014398816256,9.981,21.667,68.333,8,32,1149.0,0.3,1,158.333
74789,00074789.jpg,1785600014414638848,9.984,21.853,68.147,7,30,1119.8,0.29,1,158.147
74790,00074790.jpg,1785600014464204032,9.956,21.817,68.183,6,28,1074.5,0.3,1,158.183
74791,00074791.jpg,1785600014480966400,9.935,21.826,68.174,7,29,1056.8,0.58,1,158.174
74792,00074792.jpg,1785600014530244608,9.955,21.971,68.029,10,29,1019.0,0.3,1,158.029
74793,00074793.jpg,1785600014548151296,9.905,22.011,67.989,7,27,992.1,0.56,1,157.989
74794,00074794.jpg,1785600014597644800,9.902,21.573,68.427,6,28,952.9,0.46,1,158.427
74795,00074795.jpg,1785600014614679296,9.904,21.759,68.241,8,30,956.0,0.28,1,158.241
74796,00074796.jpg,1785600014663670784,9.901,21.654,68.346,7,26,910.2,0.41,1,158.346
74797,00074797.jpg,1785600014681130752,9.901,21.66,68.34,8,27,912.9,0.54,1,158.34
74798,00074798.jpg,1785600014733101568,9.904,21.597,68.403,8,31,872.2,0.22,1,158.403
74799,00074799.jpg,1785600014746335488,9.904,22.238,67.762,6,25,852.6,0.54,1,157.762
74800,00074800.jpg,1785600014797349376,9.904,21.675,68.325,9,27,837.3,0.52,1,158.325
74801,00074801.jpg,1785600014813430016,9.904,21.914,68.086,6,23,808.8,0.49,1,158.086
74802,00074802.jpg,1785600014864383744,9.904,21.741,68.259,7,27,802.3,0.34,1,158.259
74803,00074803.jpg,1785600014880278016,9.904,21.782,68.218,7,26,794.3,0.51,1,158.218
74804,00074804.jpg,1785600014931578368,9.904,21.469,68.531,5,24,763.5,0.45,1,158.531
74805,00074805.jpg,1785600014945825792,9.903,21.535,68.465,4,21,641.1,0.53,1,158.465
74806,00074806.jpg,1785600014996845568,9.903,21.791,68.209,5,19,627.9,0.3,1,158.209
74807,00074807.jpg,1785600015012796672,9.903,22.278,67.722,6,21,633.0,0.6,1,157.722
74808,00074808.jpg,1785600015064040192,9.902,22.179,67.821,6,19,604.7,0.5,1,157.821
74809,00074809.jpg,1785600015081440512,9.902,21.916,68.084,6,19,591.6,0.55,1,158.084
74810,00074810.jpg,1785600015130233600,9.901,22.012,67.988,4,17,555.1,0.57,1,157.988
74811,00074811.jpg,1785600015146726656,9.901,21.794,68.206,5,19,563.2,0.06,1,158.206
74812,00074812.jpg,1785600015197603584,9.672,22.122,67.878,6,19,533.9,0.73,1,157.878
74813,00074813.jpg,1785600015213223168,9.315,21.392,68.608,7,24,645.8,0.87,1,158.608
74814,00074814.jpg,1785600015264152064,7.103,21.665,68.335,5,23,622.3,0.42,1,158.335
74815,00074815.jpg,1785600015279127296,6.624,21.871,68.129,5,24,625.8,0.49,1,158.129
74816,00074816.jpg,1785600015330195200,8.707,22.177,67.823,5,25,594.8,0.39,1,157.823
74817,00074817.jpg,1785600015346606592,9.08,22.286,67.714,7,23,574.5,0.61,1,157.714
74818,00074818.jpg,1785600015397355776,9.679,21.5,68.5,8,22,539.0,0.56,1,158.5
74819,00074819.jpg,1785600015413751552,9.748,21.551,68.449,8,20,510.6,0.62,1,158.449
74820,00074820.jpg,1785600015462767872,9.856,21.742,68.258,9,21,487.5,0.51,1,158.258
74821,00074821.jpg,1785600015478984960,9.868,21.514,68.486,9,22,475.1,0.36,1,158.486
74822,00074822.jpg,1785600015531786752,9.886,21.805,68.195,10,28,448.6,0.5,1,158.195
74823,00074823.jpg,1785600015546419200,9.889,21.404,68.596,8,22,415.1,1.18,1,158.596
74824,00074824.jpg,1785600015597921536,9.892,21.895,68.105,8,24,826.6,0.45,1,158.105
74825,00074825.jpg,1785600015613421312,9.893,21.748,68.252,5,24,823.8,0.4,1,158.252
74826,00074826.jpg,1785600015664380672,9.894,21.919,68.081,5,22,810.5,0.44,1,158.081
74827,00074827.jpg,1785600015680599552,9.894,21.82,68.18,5,21,811.9,0.44,1,158.18
74828,00074828.jpg,1785600015731739392,9.894,21.819,68.181,3,17,790.6,0.57,1,158.181
74829,00074829.jpg,1785600015746418176,9.895,21.892,68.108,5,15,739.2,0.61,1,158.108
74830,00074830.jpg,1785600015797208832,9.895,21.686,68.314,4,17,760.4,0.3,1,158.314
74831,00074831.jpg,1785600015813261824,9.895,21.757,68.243,4,16,763.4,0.48,1,158.243
74832,00074832.jpg,1785600015862943232,9.896,21.637,68.363,3,14,760.0,0.8,1,158.363
74833,00074833.jpg,1785600015880457984,9.896,21.887,68.113,5,25,1133.0,0.35,1,158.113
74834,00074834.jpg,1785600015930373120,9.896,21.916,68.084,5,23,1190.6,0.41,1,158.084
74835,00074835.jpg,1785600015947155712,9.896,21.792,68.208,5,23,1197.8,0.46,1,158.208
74836,00074836.jpg,1785600015996971520,9.897,21.924,68.076,6,27,1235.8,0.35,1,158.076
74837,00074837.jpg,1785600016013137408,9.897,21.81,68.19,6,27,1254.7,0.35,1,158.19
74838,00074838.jpg,1785600016064213504,9.897,21.856,68.144,6,27,1310.2,0.32,1,158.144
74839,00074839.jpg,1785600016080247296,9.897,21.893,68.107,6,27,1330.9,0.31,1,158.107
74840,00074840.jpg,1785600016130257920,9.898,21.892,68.108,6,31,1399.6,0.41,1,158.108
74841,00074841.jpg,1785600016147574528,9.898,21.941,68.059,5,30,1386.7,0.4,1,158.059
74842,00074842.jpg,1785600016196342016,9.898,21.935,68.065,6,31,1389.2,0.39,1,158.065
74843,00074843.jpg,1785600016212323584,9.899,21.702,68.298,7,33,1389.4,0.41,1,158.298
74844,00074844.jpg,1785600016264196096,9.885,21.736,68.264,7,30,1360.8,0.33,1,158.264
74845,00074845.jpg,1785600016280390144,9.899,21.7,68.3,6,29,1348.2,0.41,1,158.3
74846,00074846.jpg,1785600016329854720,9.9,21.469,68.531,5,27,1316.8,0.33,1,158.531
74847,00074847.jpg,1785600016345911296,9.9,21.91,68.09,4,23,1301.5,0.37,1,158.09
74848,00074848.jpg,1785600016397678592,9.9,21.792,68.208,5,23,1290.6,0.31,1,158.208
74849,00074849.jpg,1785600016412975616,9.901,21.903,68.097,5,23,1288.3,0.28,1,158.097
74850,00074850.jpg,1785600016462758656,9.901,21.766,68.234,7,31,1293.0,0.32,1,158.234
74851,00074851.jpg,1785600016480364288,9.901,21.93,68.07,6,26,1265.7,0.56,1,158.07
74852,00074852.jpg,1785600016530220800,9.902,21.771,68.229,7,30,1254.5,0.19,1,158.229
74853,00074853.jpg,1785600016546822400,9.902,21.519,68.481,5,24,1228.4,0.49,1,158.481
74854,00074854.jpg,1785600016597045760,9.902,21.677,68.323,6,26,1184.3,0.33,1,158.323
74855,00074855.jpg,1785600016613320448,9.884,21.676,68.324,6,26,1175.3,0.45,1,158.324
74856,00074856.jpg,1785600016664110080,9.903,21.56,68.44,6,27,1129.8,0.34,1,158.44
74857,00074857.jpg,1785600016679070720,9.903,21.78,68.22,6,28,1115.6,0.18,1,158.22
74858,00074858.jpg,1785600016729515264,9.904,21.752,68.248,4,20,1048.8,0.21,1,158.248
74859,00074859.jpg,1785600016747106048,9.904,21.704,68.296,4,22,1053.2,0.38,1,158.296
74860,00074860.jpg,1785600016797032960,9.904,21.667,68.333,5,18,1014.5,0.38,1,158.333
74861,00074861.jpg,1785600016813060864,9.904,21.529,68.471,5,18,1013.8,0.47,1,158.471
74862,00074862.jpg,1785600016863973888,9.905,21.562,68.438,3,17,991.1,0.34,1,158.438
74863,00074863.jpg,1785600016880235008,9.905,21.63,68.37,4,19,992.2,0.41,1,158.37
74864,00074864.jpg,1785600016929841664,9.906,21.66,68.34,3,17,969.3,0.2,1,158.34
74865,00074865.jpg,1785600016947089152,9.906,21.543,68.457,3,19,964.7,0.34,1,158.457
74866,00074866.jpg,1785600016996647936,9.906,21.665,68.335,3,18,938.3,0.38,1,158.335
74867,00074867.jpg,1785600017012360960,9.907,21.35,68.65,3,19,932.7,0.49,1,158.65
74868,00074868.jpg,1785600017062792192,9.907,21.576,68.424,4,20,920.5,0.32,1,158.424
74869,00074869.jpg,1785600017078836480,9.907,21.571,68.429,6,21,920.1,0.44,1,158.429
74870,00074870.jpg,1785600017129207808,9.908,21.689,68.311,5,21,906.9,0.44,1,158.311
74871,00074871.jpg,1785600017145475840,9.908,21.504,68.496,5,20,907.5,0.4,1,158.496
74872,00074872.jpg,1785600017196380416,9.909,21.547,68.453,4,19,882.9,0.28,1,158.453
74873,00074873.jpg,1785600017213758720,9.909,21.547,68.453,4,21,876.1,0.58,1,158.453
74874,00074874.jpg,1785600017263454976,9.909,21.421,68.579,3,17,848.9,0.34,1,158.579
74875,00074875.jpg,1785600017279424256,9.909,21.381,68.619,3,16,834.0,0.3,1,158.619
74876,00074876.jpg,1785600017329813248,9.912,21.216,68.784,4,19,839.0,0.34,1,158.784
74877,00074877.jpg,1785600017346252544,9.917,21.677,68.323,3,17,819.0,0.39,1,158.323
74878,00074878.jpg,1785600017397385984,9.923,21.809,68.191,6,18,805.3,0.16,1,158.191
74879,00074879.jpg,1785600017413413376,9.938,21.698,68.302,7,21,801.8,0.35,1,158.302
74880,00074880.jpg,1785600017462785792,9.927,22.063,67.937,5,16,763.4,0.81,1,157.937
74881,00074881.jpg,1785600017481954048,9.929,22.027,67.973,11,20,780.7,0.96,1,157.973
74882,00074882.jpg,1785600017530212096,9.952,21.458,68.542,4,18,756.7,0.49,1,158.542
74883,00074883.jpg,1785600017546539008,9.952,21.314,68.686,5,17,758.7,0.15,1,158.686
74884,00074884.jpg,1785600017597319168,9.968,20.964,69.036,4,17,753.9,0.35,1,159.036
74885,00074885.jpg,1785600017613404416,9.964,20.811,69.189,5,18,760.4,0.12,1,159.189
74886,00074886.jpg,1785600017663742208,9.922,20.986,69.014,6,18,749.0,0.31,1,159.014
74887,00074887.jpg,1785600017680272128,9.913,20.709,69.291,7,16,741.4,0.23,1,159.291
74888,00074888.jpg,1785600017730695936,9.908,20.59,69.41,6,16,742.3,0.28,1,159.41
74889,00074889.jpg,1785600017745419008,9.908,20.668,69.332,4,15,736.4,0.22,1,159.332
74890,00074890.jpg,1785600017795965440,9.42,20.705,69.295,9,15,724.4,0.29,1,159.295
74891,00074891.jpg,1785600017813468160,9.213,20.941,69.059,4,15,723.2,0.21,1,159.059
74892,00074892.jpg,1785600017864907776,6.963,20.931,69.069,6,14,710.7,0.23,1,159.069
74893,00074893.jpg,1785600017878881280,6.27,20.768,69.232,8,18,718.6,0.19,1,159.232
74894,00074894.jpg,1785600017930264576,5.633,20.784,69.216,6,19,713.1,0.12,1,159.216
74895,00074895.jpg,1785600017946588160,5.786,20.867,69.133,8,15,691.0,0.07,1,159.133
74896,00074896.jpg,1785600017995906304,9.144,21.006,68.994,7,17,690.5,0.27,1,158.994
74897,00074897.jpg,1785600018013433856,9.372,21.045,68.955,7,15,670.8,0.12,1,158.955
74898,00074898.jpg,1785600018062690048,9.654,21.185,68.815,8,19,677.2,0.1,1,158.815
74899,00074899.jpg,1785600018080368128,9.738,21.034,68.966,6,20,679.3,0.29,1,158.966
74900,00074900.jpg,1785600018130158592,9.847,21.083,68.917,6,18,646.8,0.27,1,158.917
74901,00074901.jpg,1785600018146540800,9.855,20.866,69.134,7,16,633.0,0.3,1,159.134
74902,00074902.jpg,1785600018197227520,9.867,20.828,69.172,5,17,627.7,0.43,1,159.172
74903,00074903.jpg,1785600018213293312,9.868,21.102,68.898,6,19,632.4,0.28,1,158.898
74904,00074904.jpg,1785600018264763392,9.87,20.912,69.088,4,14,595.2,0.07,1,159.088
74905,00074905.jpg,1785600018278942976,9.871,20.987,69.013,5,14,595.9,0.4,1,159.013
74906,00074906.jpg,1785600018330655488,9.871,21.253,68.747,4,17,586.3,0.1,1,158.747
74907,00074907.jpg,1785600018346635008,9.871,20.901,69.099,6,17,584.7,0.06,1,159.099
74908,00074908.jpg,1785600018397292800,9.861,20.918,69.082,6,18,565.3,0.21,1,159.082
74909,00074909.jpg,1785600018413311488,9.872,21.142,68.858,5,15,553.4,0.16,1,158.858
74910,00074910.jpg,1785600018462702080,9.872,21.034,68.966,5,18,548.9,0.03,1,158.966
74911,00074911.jpg,1785600018481136640,9.872,20.818,69.182,7,17,540.0,0.43,1,159.182
74912,00074912.jpg,1785600018530609664,9.872,21.059,68.941,5,17,527.2,0.01,1,158.941
74913,00074913.jpg,1785600018546987264,9.872,21.277,68.723,5,15,513.6,0.11,1,158.723
74914,00074914.jpg,1785600018597425152,9.872,21.141,68.859,5,14,501.4,0.31,1,158.859
74915,00074915.jpg,1785600018613325568,9.861,21.067,68.933,9,16,500.3,0.23,1,158.933
74916,00074916.jpg,1785600018662912256,9.873,21.034,68.966,5,14,465.8,0.46,1,158.966
74917,00074917.jpg,1785600018680556800,9.873,21.322,68.678,6,16,463.4,0.37,1,158.678
74918,00074918.jpg,1785600018729666816,9.873,21.27,68.73,8,17,431.5,0.25,1,158.73
74919,00074919.jpg,1785600018746984448,9.873,21.002,68.998,6,17,421.8,0.62,1,158.998
74920,00074920.jpg,1785600018797492736,9.873,21.079,68.921,6,17,392.1,0.18,1,158.921
74921,00074921.jpg,1785600018813378304,9.873,21.287,68.713,5,15,377.3,0.37,1,158.713
74922,00074922.jpg,1785600018864898560,9.874,21.154,68.846,6,17,352.3,0.53,1,158.846
74923,00074923.jpg,1785600018879140352,9.874,20.957,69.043,5,17,340.5,0.37,1,159.043
74924,00074924.jpg,1785600018929347328,9.874,21.103,68.897,7,16,299.9,0.61,1,158.897
74925,00074925.jpg,1785600018946567168,9.874,21.06,68.94,5,15,292.1,0.67,1,158.94
74926,00074926.jpg,1785600018996010496,9.874,20.985,69.015,6,17,263.4,0.63,1,159.015
74927,00074927.jpg,1785600019013560064,9.874,20.959,69.041,6,14,262.8,0.74,1,159.041
74928,00074928.jpg,1785600019063129088,9.874,20.976,69.024,7,13,211.7,0.53,1,159.024
74929,00074929.jpg,1785600019081731328,9.874,21.388,68.612,6,16,215.9,0.72,1,158.612
74930,00074930.jpg,1785600019130017792,9.874,20.849,69.151,6,14,183.7,0.95,1,159.151
74931,00074931.jpg,1785600019147376896,9.906,19.896,70.104,7,14,173.9,1.02,1,160.104
74932,00074932.jpg,1785600019197639168,10.403,20.462,69.538,6,13,140.7,1.87,1,159.538
74933,00074933.jpg,1785600019213178112,10.624,21.027,68.973,6,10,120.9,0.97,1,158.973
74934,00074934.jpg,1785600019262904320,12.059,20.683,69.317,9,14,112.1,3.17,1,159.317
74935,00074935.jpg,1785600019280625152,12.648,20.2,69.8,7,11,93.7,1.18,1,159.8
74936,00074936.jpg,1785600019329499648,14.09,20.835,69.165,8,16,97.0,1.34,1,159.165
74937,00074937.jpg,1785600019346938368,14.716,21.268,68.732,7,13,74.5,3.52,1,158.732
74938,00074938.jpg,1785600019397515264,16.171,21.267,68.733,8,9,46.7,1.68,1,158.733
74939,00074939.jpg,1785600019413454592,16.426,22.944,67.056,5,6,32.7,0.92,1,157.056
74940,00074940.jpg,1785600019463334656,6.775,21.705,68.295,5,8,41.8,0.87,1,158.295
74941,00074941.jpg,1785600019479416832,6.775,21.41,68.59,5,5,25.2,0.96,1,158.59
74942,00074942.jpg,1785600019529187840,6.627,20.933,69.067,6,5,26.2,0.09,1,159.067
74943,00074943.jpg,1785600019548469504,7.404,21.626,68.374,6,6,26.5,1.71,1,158.374
74944,00074944.jpg,1785600019596977920,8.857,21.034,68.966,6,7,33.7,1.46,1,158.966
74945,00074945.jpg,1785600019612861184,9.12,21.771,68.229,6,7,33.6,1.7,1,158.229
74946,00074946.jpg,1785600019663868160,9.64,21.774,68.226,6,6,29.3,0.78,1,158.226
74947,00074947.jpg,1785600019680328704,9.714,21.775,68.225,6,6,29.3,0.78,1,158.225
74948,00074948.jpg,1785600019729209344,9.812,21.23,68.77,5,7,35.6,1.23,1,158.77
74949,00074949.jpg,1785600019746748672,9.863,21.233,68.767,6,7,35.6,1.23,1,158.767
74950,00074950.jpg,1785600019796977920,9.889,21.381,68.619,5,7,32.6,1.25,1,158.619
74951,00074951.jpg,1785600019813818624,9.893,21.381,68.619,6,7,32.6,1.11,1,158.619
74952,00074952.jpg,1785600019865042176,9.884,21.382,68.618,5,6,28.3,0.24,1,158.618
74953,00074953.jpg,1785600019880632320,9.899,21.384,68.616,6,7,33.0,1.23,1,158.616
74954,00074954.jpg,1785600019929570304,9.899,21.342,68.658,5,7,33.2,1.06,1,158.658
74955,00074955.jpg,1785600019946786304,9.899,21.532,68.468,7,9,40.9,1.25,1,158.468
74956,00074956.jpg,1785600019997385984,9.899,21.534,68.466,3,5,23.6,0.0,1,158.466
74957,00074957.jpg,1785600020013124096,9.898,85.969,4.031,4,9,50.9,22.94,0,158.466
74958,00074958.jpg,1785600020062812160,9.898,18.908,71.092,8,8,45.9,4.04,1,161.092
74959,00074959.jpg,1785600020078867968,9.897,21.681,68.319,5,5,23.6,1.24,1,158.319
74960,00074960.jpg,1785600020129284096,9.897,21.686,68.314,5,7,33.0,1.91,1,158.314
74961,00074961.jpg,1785600020147419392,9.747,19.778,70.222,6,8,37.0,4.14,1,160.222
74962,00074962.jpg,1785600020196001792,6.972,20.584,69.416,5,7,33.0,1.24,1,159.416
74963,00074963.jpg,1785600020213675520,6.556,21.825,68.175,5,7,33.0,1.9,1,158.175
74964,00074964.jpg,1785600020262532864,5.506,21.779,68.221,5,7,30.3,1.28,1,158.221
74965,00074965.jpg,1785600020279589376,4.928,20.995,69.005,6,8,36.1,1.64,1,159.005
74966,00074966.jpg,1785600020329878272,7.869,21.524,68.476,5,7,38.2,0.91,1,158.476
74967,00074967.jpg,1785600020345825792,8.49,20.844,69.156,7,10,42.9,0.93,1,159.156
74968,00074968.jpg,1785600020396372992,9.517,19.77,70.23,6,10,50.7,1.16,1,160.23
74969,00074969.jpg,1785600020416000000,9.651,20.748,69.252,5,8,41.7,0.34,1,159.252
74970,00074970.jpg,1785600020464630784,9.815,19.911,70.089,8,11,51.6,2.09,1,160.089
74971,00074971.jpg,1785600020480756992,9.839,20.653,69.347,5,7,33.2,1.35,1,159.347
74972,00074972.jpg,1785600020530310656,9.868,21.091,68.909,8,9,43.4,0.77,1,158.909
74973,00074973.jpg,1785600020545926400,9.868,21.429,68.571,9,13,60.6,1.47,1,158.571
74974,00074974.jpg,1785600020597459712,9.877,21.202,68.798,5,9,48.1,1.58,1,158.798
74975,00074975.jpg,1785600020614909440,9.878,21.412,68.588,7,13,60.9,1.49,1,158.588
74976,00074976.jpg,1785600020663998208,9.879,19.759,70.241,8,13,66.2,0.28,1,160.241
74977,00074977.jpg,1785600020680289792,9.879,20.997,69.003,6,9,50.6,0.58,1,159.003
74978,00074978.jpg,1785600020729640192,9.88,21.814,68.186,7,14,57.6,1.39,1,158.186
74979,00074979.jpg,1785600020745820416,9.88,20.91,69.09,7,13,70.7,1.43,1,159.09
74980,00074980.jpg,1785600020796182016,9.88,21.211,68.789,5,9,46.9,1.7,1,158.789
74981,00074981.jpg,1785600020813105408,9.88,22.112,67.888,6,9,49.7,1.29,1,157.888
74982,00074982.jpg,1785600020863033856,9.887,21.043,68.957,8,15,77.0,0.9,1,158.957
74983,00074983.jpg,1785600020878701568,9.893,21.571,68.429,6,10,57.2,0.3,1,158.429
74984,00074984.jpg,1785600020930192128,9.907,22.534,67.466,7,12,69.0,1.28,1,157.466
74985,00074985.jpg,1785600020946086144,9.928,22.599,67.401,7,13,66.5,1.78,1,157.401
74986,00074986.jpg,1785600020996897792,10.0,23.324,66.676,6,11,64.9,1.14,1,156.676
74987,00074987.jpg,1785600021012222208,10.0,21.728,68.272,7,13,67.5,0.7,1,158.272
74988,00074988.jpg,1785600021062701824,10.294,21.227,68.773,6,11,64.2,0.5,1,158.773
74989,00074989.jpg,1785600021080370432,10.61,21.738,68.262,6,11,66.5,0.96,1,158.262
74990,00074990.jpg,1785600021129750784,11.592,20.37,69.63,6,10,59.2,0.16,1,159.63
74991,00074991.jpg,1785600021146663424,11.975,20.116,69.884,6,15,70.6,0.95,1,159.884
74992,00074992.jpg,1785600021198845952,12.087,18.428,71.572,7,14,71.9,0.96,1,161.572
74993,00074993.jpg,1785600021213191936,9.861,18.299,71.701,6,11,56.2,1.23,1,161.701
74994,00074994.jpg,1785600021263923456,8.314,17.094,72.906,7,12,64.3,1.52,1,162.906
74995,00074995.jpg,1785600021278647040,8.505,18.985,71.015,5,11,58.5,1.9,1,161.015
74996,00074996.jpg,1785600021329906688,9.248,18.912,71.088,7,14,71.8,0.55,1,161.088
74997,00074997.jpg,1785600021347243776,9.387,19.874,70.126,7,15,73.9,1.45,1,160.126
74998,00074998.jpg,1785600021396561408,9.681,18.332,71.668,7,14,74.5,1.19,1,161.668
74999,00074999.jpg,1785600021412592384,9.728,18.65,71.35,7,14,72.4,1.67,1,161.35
75000,00075000.jpg,1785600021463659776,9.811,18.638,71.362,8,12,71.0,2.44,1,161.362
75001,00075001.jpg,1785600021479198208,9.811,20.407,69.593,8,16,81.2,1.53,1,159.593
75002,00075002.jpg,1785600021531541760,9.849,20.502,69.498,8,18,90.5,1.04,1,159.498
75003,00075003.jpg,1785600021546583296,9.851,20.52,69.48,9,24,111.6,1.51,1,159.48
75004,00075004.jpg,1785600021597264896,9.856,20.017,69.983,8,18,95.3,2.19,1,159.983
75005,00075005.jpg,1785600021613083648,9.858,19.609,70.391,9,16,96.6,1.39,1,160.391
75006,00075006.jpg,1785600021662431488,9.86,19.982,70.018,8,18,94.3,2.1,1,160.018
75007,00075007.jpg,1785600021680160768,9.861,21.046,68.954,10,19,111.5,1.54,1,158.954
75008,00075008.jpg,1785600021730551296,9.862,20.549,69.451,9,18,109.0,1.98,1,159.451
75009,00075009.jpg,1785600021746792960,9.862,20.536,69.464,10,17,101.6,1.74,1,159.464
75010,00075010.jpg,1785600021796867072,9.862,21.059,68.941,11,20,113.4,2.46,1,158.941
75011,00075011.jpg,1785600021812783616,9.862,20.812,69.188,11,24,125.9,1.89,1,159.188
75012,00075012.jpg,1785600021862372864,9.862,20.951,69.049,10,21,123.1,1.75,1,159.049
75013,00075013.jpg,1785600021881096192,9.862,20.947,69.053,10,22,123.8,2.44,1,159.053
75014,00075014.jpg,1785600021929939456,9.862,20.912,69.088,11,28,139.7,1.75,1,159.088
75015,00075015.jpg,1785600021945759488,9.862,20.868,69.132,11,28,135.8,1.75,1,159.132
75016,00075016.jpg,1785600021997536000,9.862,21.094,68.906,10,21,124.8,2.19,1,158.906
75017,00075017.jpg,1785600022013375232,9.862,20.738,69.262,10,22,130.8,1.4,1,159.262
75018,00075018.jpg,1785600022062625536,9.862,20.233,69.767,10,20,124.0,2.52,1,159.767
75019,00075019.jpg,1785600022080206592,9.862,22.0,68.0,10,33,160.8,2.15,1,158.0
75020,00075020.jpg,1785600022128954624,9.862,20.922,69.078,10,24,140.6,1.22,1,159.078
75021,00075021.jpg,1785600022146869504,9.862,20.484,69.516,10,25,141.5,1.2,1,159.516
75022,00075022.jpg,1785600022196281344,10.169,20.08,69.92,9,20,127.3,1.42,1,159.92
75023,00075023.jpg,1785600022212362752,10.169,20.92,69.08,10,26,147.1,2.01,1,159.08
75024,00075024.jpg,1785600022263552768,11.519,20.105,69.895,10,23,139.0,1.12,1,159.895
75025,00075025.jpg,1785600022281047808,12.074,20.179,69.821,10,24,150.6,1.2,1,159.821
75026,00075026.jpg,1785600022330006528,13.441,19.951,70.049,8,19,113.9,1.07,1,160.049
75027,00075027.jpg,1785600022346381312,13.441,20.817,69.183,9,28,144.3,1.31,1,159.183
75028,00075028.jpg,1785600022396986880,15.841,19.629,70.371,9,17,118.2,1.87,1,160.371
75029,00075029.jpg,1785600022414520832,16.389,19.159,70.841,9,17,118.4,1.88,1,160.841
75030,00075030.jpg,1785600022464550656,18.229,19.301,70.699,9,18,118.8,1.73,1,160.699
75031,00075031.jpg,1785600022479175424,18.229,18.892,71.108,9,17,108.1,0.84,1,161.108
75032,00075032.jpg,1785600022529503232,20.545,20.192,69.808,9,21,138.5,1.81,1,159.808
75033,00075033.jpg,1785600022546773248,21.07,19.905,70.095,10,21,139.0,1.27,1,160.095
75034,00075034.jpg,1785600022595873280,22.331,19.308,70.692,9,20,127.2,1.53,1,160.692
75035,00075035.jpg,1785600022614541824,22.463,20.403,69.597,8,22,124.5,1.14,1,159.597
75036,00075036.jpg,1785600022664674560,1.109,20.029,69.971,10,27,149.4,1.79,1,159.971
75037,00075037.jpg,1785600022679324928,0.829,20.507,69.493,10,21,131.5,1.4,1,159.493
75038,00075038.jpg,1785600022730169088,4.721,19.833,70.167,10,19,130.1,0.82,1,160.167
75039,00075039.jpg,1785600022746440960,5.81,20.041,69.959,10,18,116.3,1.21,1,159.959
75040,00075040.jpg,1785600022796939776,8.19,20.754,69.246,10,21,125.2,1.49,1,159.246
75041,00075041.jpg,1785600022812481280,8.19,20.741,69.259,10,22,127.7,2.99,1,159.259
75042,00075042.jpg,1785600022863696128,9.307,16.759,73.241,11,17,126.3,2.69,1,163.241
75043,00075043.jpg,1785600022880054784,9.402,18.323,71.677,8,14,109.3,3.84,1,161.677
75044,00075044.jpg,1785600022930379520,9.544,18.849,71.151,8,12,84.6,0.42,1,161.151
75045,00075045.jpg,1785600022945810688,9.558,19.095,70.905,7,13,92.4,3.14,1,160.905
75046,00075046.jpg,1785600022998676736,9.577,18.902,71.098,6,11,61.1,0.86,1,161.098
75047,00075047.jpg,1785600023015179776,9.581,20.588,69.412,5,8,57.4,0.61,1,159.412
75048,00075048.jpg,1785600023064932352,9.587,19.112,70.888,6,11,66.1,1.12,1,160.888
75049,00075049.jpg,1785600023080820480,9.588,18.711,71.289,7,13,74.3,2.12,1,161.289
75050,00075050.jpg,1785600023131548672,9.594,19.166,70.834,7,13,76.5,1.42,1,160.834
75051,00075051.jpg,1785600023146875648,9.595,19.411,70.589,6,11,63.1,1.55,1,160.589
75052,00075052.jpg,1785600023196557824,9.599,18.836,71.164,6,10,62.2,0.36,1,161.164
75053,00075053.jpg,1785600023213371136,9.6,19.513,70.487,6,10,62.3,0.72,1,160.487
75054,00075054.jpg,1785600023264179712,9.604,18.024,71.976,6,11,63.6,0.15,1,161.976
75055,00075055.jpg,1785600023281203200,9.605,18.265,71.735,6,11,60.1,1.49,1,161.735
75056,00075056.jpg,1785600023329388544,9.083,18.733,71.267,5,12,62.6,1.28,1,161.267
75057,00075057.jpg,1785600023345980416,8.594,18.955,71.045,6,10,56.5,2.57,1,161.045
75058,00075058.jpg,1785600023397256704,5.714,19.432,70.568,5,11,60.8,0.67,1,160.568
75059,00075059.jpg,1785600023413107456,5.426,18.254,71.746,5,9,51.7,0.28,1,161.746
75060,00075060.jpg,1785600023463719680,3.69,19.028,70.972,5,11,58.4,1.82,1,160.972
75061,00075061.jpg,1785600023480109824,3.69,18.078,71.922,6,11,61.1,0.43,1,161.922
75062,00075062.jpg,1785600023529921792,2.319,19.437,70.563,6,11,55.8,1.03,1,160.563
75063,00075063.jpg,1785600023545722368,1.908,18.938,71.062,6,11,57.6,1.28,1,161.062
75064,00075064.jpg,1785600023597429760,1.365,19.825,70.175,5,10,49.0,0.4,1,160.175
75065,00075065.jpg,1785600023612921088,1.624,20.502,69.498,6,11,51.8,1.27,1,159.498
75066,00075066.jpg,1785600023662552064,7.181,20.692,69.308,8,12,59.8,1.52,1,159.308
75067,00075067.jpg,1785600023678612992,8.036,21.032,68.968,6,8,39.6,0.5,1,158.968
75068,00075068.jpg,1785600023729721856,9.514,20.59,69.41,6,12,56.4,0.61,1,159.41
75069,00075069.jpg,1785600023745498112,9.743,20.421,69.579,6,10,55.4,0.25,1,159.579
75070,00075070.jpg,1785600023798296320,10.125,19.093,70.907,5,9,55.5,1.25,1,160.907
75071,00075071.jpg,1785600023813577216,10.156,18.781,71.219,6,12,70.1,0.89,1,161.219
75072,00075072.jpg,1785600023863544576,10.181,18.414,71.586,6,9,58.4,0.93,1,161.586
75073,00075073.jpg,1785600023879120640,10.166,16.922,73.078,5,9,57.9,0.73,1,163.078
75074,00075074.jpg,1785600023930548736,9.553,16.899,73.101,7,13,78.8,1.18,1,163.101
75075,00075075.jpg,1785600023946084352,9.553,18.086,71.914,8,12,73.3,0.61,1,161.914
75076,00075076.jpg,1785600023997326336,6.789,18.789,71.211,8,12,75.9,0.79,1,161.211
75077,00075077.jpg,1785600024012912896,6.295,18.543,71.457,6,10,68.1,0.77,1,161.457
75078,00075078.jpg,1785600024064441088,4.013,19.142,70.858,8,10,63.2,0.42,1,160.858
75079,00075079.jpg,1785600024080361216,3.756,18.333,71.667,6,11,68.4,0.91,1,161.667
75080,00075080.jpg,1785600024129883136,4.348,17.635,72.365,7,10,72.7,0.97,1,162.365
75081,00075081.jpg,1785600024145528576,7.1,18.365,71.635,6,10,73.5,0.2,1,161.635
75082,00075082.jpg,1785600024196585472,9.153,18.4,71.6,7,12,87.2,0.37,1,161.6
75083,00075083.jpg,1785600024212063488,9.397,18.729,71.271,6,13,92.2,0.62,1,161.271
75084,00075084.jpg,1785600024263635968,9.779,18.397,71.603,8,17,104.5,1.85,1,161.603
75085,00075085.jpg,1785600024279461376,9.822,18.977,71.023,7,15,103.7,1.36,1,161.023
75086,00075086.jpg,1785600024330206976,9.886,20.056,69.944,9,18,122.7,2.71,1,159.944
75087,00075087.jpg,1785600024346175744,9.893,20.357,69.643,10,19,135.6,2.28,1,159.643
75088,00075088.jpg,1785600024398272512,9.905,18.076,71.924,9,19,142.9,2.82,1,161.924
75089,00075089.jpg,1785600024413396736,9.91,20.399,69.601,10,22,148.6,2.44,1,159.601
75090,00075090.jpg,1785600024462812416,9.932,20.413,69.587,10,24,156.8,2.06,1,159.587
75091,00075091.jpg,1785600024478850048,9.952,21.474,68.526,10,21,159.6,3.49,1,158.526
75092,00075092.jpg,1785600024529540352,10.031,20.611,69.389,10,29,169.9,2.67,1,159.389
75093,00075093.jpg,1785600024547546880,10.013,19.813,70.187,9,29,178.8,3.24,1,160.187
75094,00075094.jpg,1785600024596810496,10.046,20.4,69.6,8,26,196.9,2.52,1,159.6
75095,00075095.jpg,1785600024613039616,10.072,20.998,69.002,9,27,182.2,2.27,1,159.002
75096,00075096.jpg,1785600024662790144,10.175,20.544,69.456,7,17,126.9,0.82,1,159.456
75097,00075097.jpg,1785600024678556928,10.175,20.408,69.592,8,22,138.5,1.46,1,159.592
75098,00075098.jpg,1785600024731912704,10.24,20.914,69.086,9,20,160.7,1.13,1,159.086
75099,00075099.jpg,1785600024746874112,10.229,21.314,68.686,9,20,161.2,1.09,1,158.686
75100,00075100.jpg,1785600024795891456,10.098,20.771,69.229,9,23,169.9,0.96,1,159.229
75101,00075101.jpg,1785600024814019328,10.061,21.955,68.045,7,19,145.2,1.07,1,158.045
75102,00075102.jpg,1785600024864852224,10.493,21.709,68.291,10,25,184.7,2.74,1,158.291
75103,00075103.jpg,1785600024879075584,10.493,21.175,68.825,11,27,197.3,0.95,1,158.825
75104,00075104.jpg,1785600024930234112,11.842,20.891,69.109,9,30,246.0,1.07,1,159.109
75105,00075105.jpg,1785600024946660096,12.262,20.984,69.016,11,31,192.9,1.62,1,159.016
75106,00075106.jpg,1785600024995873280,13.818,19.743,70.257,10,29,178.1,1.43,1,160.257
75107,00075107.jpg,1785600025014336000,14.269,19.605,70.395,8,24,190.6,1.45,1,160.395
75108,00075108.jpg,1785600025062498304,15.777,20.646,69.354,10,28,209.4,1.03,1,159.354
75109,00075109.jpg,1785600025078795264,16.041,21.235,68.765,9,26,214.4,1.73,1,158.765
75110,00075110.jpg,1785600025130270720,6.785,20.883,69.117,7,26,188.9,1.15,1,159.117
75111,00075111.jpg,1785600025145829376,5.557,20.748,69.252,8,34,222.4,1.47,1,159.252
75112,00075112.jpg,1785600025198668800,6.822,21.094,68.906,8,28,207.0,1.0,1,158.906
75113,00075113.jpg,1785600025212957696,7.436,21.161,68.839,9,29,213.1,0.88,1,158.839
75114,00075114.jpg,1785600025263642624,9.072,20.762,69.238,8,29,217.7,1.37,1,159.238
75115,00075115.jpg,1785600025280985600,9.731,21.465,68.535,7,23,194.4,0.52,1,158.535
75116,00075116.jpg,1785600025330778112,10.638,19.093,70.907,8,24,198.9,1.96,1,160.907
75117,00075117.jpg,1785600025345742592,10.979,20.383,69.617,8,24,188.8,1.21,1,159.617
75118,00075118.jpg,1785600025396687104,12.279,21.323,68.677,6,22,177.0,0.37,1,158.677
75119,00075119.jpg,1785600025414038528,12.707,20.025,69.975,7,25,193.5,0.96,1,159.975
75120,00075120.jpg,1785600025464149504,14.585,19.516,70.484,6,22,212.0,1.09,1,160.484
75121,00075121.jpg,1785600025479341824,15.164,21.064,68.936,7,27,210.0,1.13,1,158.936
75122,00075122.jpg,1785600025529878528,16.892,20.17,69.83,5,20,218.2,0.95,1,159.83
75123,00075123.jpg,1785600025545715712,17.364,21.728,68.272,4,18,191.9,0.39,1,158.272
75124,00075124.jpg,1785600025596597760,11.464,20.488,69.512,6,21,209.8,0.75,1,159.512
75125,00075125.jpg,1785600025612113664,6.555,20.975,69.025,4,20,194.8,0.54,1,159.025
75126,00075126.jpg,1785600025663638784,5.233,19.201,70.799,4,15,157.2,1.82,1,160.799
75127,00075127.jpg,1785600025680009216,5.991,20.665,69.335,5,20,193.3,1.36,1,159.335
75128,00075128.jpg,1785600025730248960,8.236,21.006,68.994,4,15,163.5,0.68,1,158.994
75129,00075129.jpg,1785600025746391808,8.64,19.274,70.726,4,13,157.1,1.03,1,160.726
75130,00075130.jpg,1785600025797136896,10.251,20.88,69.12,4,16,159.7,1.26,1,159.12
75131,00075131.jpg,1785600025812209408,10.404,20.273,69.727,4,14,157.2,0.8,1,159.727
75132,00075132.jpg,1785600025863872768,11.617,20.989,69.011,4,17,169.4,1.26,1,159.011
75133,00075133.jpg,1785600025882640896,12.139,20.671,69.329,3,13,161.2,1.1,1,159.329
75134,00075134.jpg,1785600025929359616,13.492,20.138,69.862,3,12,160.0,0.87,1,159.862
75135,00075135.jpg,1785600025946477568,13.492,20.917,69.083,3,12,162.7,0.64,1,159.083
75136,00075136.jpg,1785600025995815424,15.775,21.284,68.716,3,15,169.8,0.78,1,158.716
75137,00075137.jpg,1785600026013275392,16.202,20.486,69.514,3,11,164.1,1.24,1,159.514
75138,00075138.jpg,1785600026063486720,19.614,20.724,69.276,3,12,161.9,0.68,1,159.276
75139,00075139.jpg,1785600026079082496,18.128,21.172,68.828,4,10,160.2,1.52,1,158.828
75140,00075140.jpg,1785600026129584896,19.471,20.814,69.186,4,14,158.6,0.53,1,159.186
75141,00075141.jpg,1785600026145291776,13.854,21.294,68.706,4,15,154.4,1.37,1,158.706
75142,00075142.jpg,1785600026197053696,3.06,20.512,69.488,4,12,146.8,1.5,1,159.488
75143,00075143.jpg,1785600026212776448,3.722,21.103,68.897,4,14,146.7,0.58,1,158.897
75144,00075144.jpg,1785600026263566080,6.9,20.373,69.627,4,13,138.6,0.94,1,159.627
75145,00075145.jpg,1785600026279079168,7.562,20.815,69.185,4,15,140.4,0.95,1,159.185
75146,00075146.jpg,1785600026330307072,9.507,19.144,70.856,4,13,135.1,0.62,1,160.856
75147,00075147.jpg,1785600026346660352,10.118,21.434,68.566,4,14,132.4,0.52,1,158.566
75148,00075148.jpg,1785600026396313088,11.273,20.965,69.035,4,14,132.8,0.86,1,159.035
75149,00075149.jpg,1785600026412038400,11.615,20.893,69.107,4,12,119.6,1.19,1,159.107
75150,00075150.jpg,1785600026463088640,13.143,21.293,68.707,4,14,123.2,0.72,1,158.707
75151,00075151.jpg,1785600026482690304,13.762,19.812,70.188,3,14,122.7,0.89,1,160.188
75152,00075152.jpg,1785600026529801472,15.129,21.491,68.509,3,12,119.0,0.53,1,158.509
75153,00075153.jpg,1785600026545521408,15.526,21.101,68.899,3,12,123.3,0.6,1,158.899
75154,00075154.jpg,1785600026596716544,16.316,21.24,68.76,6,22,191.6,1.45,1,158.76
75155,00075155.jpg,1785600026612632320,12.615,20.928,69.072,8,26,237.3,1.42,1,159.072
75156,00075156.jpg,1785600026663477504,4.721,20.999,69.001,8,28,214.8,0.73,1,159.001
75157,00075157.jpg,1785600026679292672,5.231,20.816,69.184,8,20,179.9,1.11,1,159.184
75158,00075158.jpg,1785600026729769728,7.57,20.653,69.347,6,19,160.8,1.4,1,159.347
75159,00075159.jpg,1785600026745728256,8.05,22.356,67.644,6,14,119.1,1.39,1,157.644
75160,00075160.jpg,1785600026797183232,9.068,20.445,69.555,7,15,124.8,2.4,1,159.555
75161,00075161.jpg,1785600026813006592,9.22,21.767,68.233,7,18,146.9,0.85,1,158.233
75162,00075162.jpg,1785600026864785152,9.506,21.71,68.29,9,20,168.2,1.42,1,158.29
75163,00075163.jpg,1785600026879054336,9.506,21.769,68.231,9,20,163.5,1.72,1,158.231
75164,00075164.jpg,1785600026929991680,9.689,21.53,68.47,9,24,167.0,1.24,1,158.47
75165,00075165.jpg,1785600026945784576,9.781,22.288,67.712,9,27,171.3,2.01,1,157.712
75166,00075166.jpg,1785600026996393216,10.549,23.519,66.481,8,24,154.9,1.52,1,156.481
75167,00075167.jpg,1785600027013527808,10.539,21.219,68.781,8,25,151.6,0.93,1,158.781
75168,00075168.jpg,1785600027062548480,12.204,21.618,68.382,9,28,171.3,0.98,1,158.382
75169,00075169.jpg,1785600027081120000,12.557,21.571,68.429,8,27,167.0,0.52,1,158.429
75170,00075170.jpg,1785600027130841856,10.529,22.656,67.344,9,22,168.4,1.15,1,157.344
75171,00075171.jpg,1785600027146989312,8.25,22.853,67.147,9,28,174.5,1.21,1,157.147
75172,00075172.jpg,1785600027197746688,7.56,21.418,68.582,11,28,193.8,0.69,1,158.582
75173,00075173.jpg,1785600027212843008,7.891,21.884,68.116,9,25,185.8,1.23,1,158.116
75174,00075174.jpg,1785600027263583744,8.89,21.807,68.193,9,27,189.2,1.24,1,158.193
75175,00075175.jpg,1785600027279441920,9.072,22.032,67.968,9,27,182.3,0.49,1,157.968
75176,00075176.jpg,1785600027329768704,8.918,22.163,67.837,9,27,181.4,1.43,1,157.837
75177,00075177.jpg,1785600027346861824,8.477,21.41,68.59,9,24,179.7,0.69,1,158.59
75178,00075178.jpg,1785600027397092096,6.601,21.356,68.644,9,25,173.5,0.63,1,158.644
75179,00075179.jpg,1785600027412780800,6.078,21.67,68.33,9,27,178.2,0.79,1,158.33
75180,00075180.jpg,1785600027463558144,5.464,21.818,68.182,9,25,169.5,0.94,1,158.182
75181,00075181.jpg,1785600027479244800,7.857,21.315,68.685,10,30,187.1,0.87,1,158.685
75182,00075182.jpg,1785600027529835264,9.28,21.376,68.624,10,29,193.9,0.99,1,158.624
75183,00075183.jpg,1785600027545190400,9.436,21.302,68.698,11,29,185.2,0.98,1,158.698
75184,00075184.jpg,1785600027595728896,9.685,21.17,68.83,12,31,207.4,1.08,1,158.83
75185,00075185.jpg,1785600027613352704,9.716,21.17,68.83,13,30,203.9,1.42,1,158.83
75186,00075186.jpg,1785600027663266304,8.859,21.317,68.683,11,30,217.9,0.3,1,158.683
75187,00075187.jpg,1785600027679826176,8.859,21.317,68.683,11,32,229.6,1.81,1,158.683
75188,00075188.jpg,1785600027730056960,6.014,21.96,68.04,12,29,217.8,1.63,1,158.04
75189,00075189.jpg,1785600027747412224,5.273,21.275,68.725,12,28,212.5,0.78,1,158.725
75190,00075190.jpg,1785600027796847104,3.548,21.606,68.394,12,34,223.9,0.99,1,158.394
75191,00075191.jpg,1785600027812644864,3.152,21.528,68.472,11,31,222.9,0.75,1,158.472
75192,00075192.jpg,1785600027862460416,2.306,21.315,68.685,12,32,222.1,0.66,1,158.685
75193,00075193.jpg,1785600027878786560,1.658,21.77,68.23,11,30,213.1,0.97,1,158.23
75194,00075194.jpg,1785600027929971968,2.426,21.751,68.249,11,24,201.7,1.19,1,158.249
75195,00075195.jpg,1785600027945790720,5.569,21.677,68.323,11,34,219.4,0.81,1,158.323
75196,00075196.jpg,1785600027998817536,8.641,21.496,68.504,11,31,218.2,1.33,1,158.504
75197,00075197.jpg,1785600028012857600,9.031,21.202,68.798,11,31,233.1,1.39,1,158.798
75198,00075198.jpg,1785600028062446080,9.659,21.634,68.366,11,41,253.8,0.91,1,158.366
75199,00075199.jpg,1785600028078347520,9.659,21.161,68.839,12,29,239.9,1.02,1,158.839
75200,00075200.jpg,1785600028130364416,9.84,21.096,68.904,13,38,247.4,0.51,1,158.904
75201,00075201.jpg,1785600028145163008,9.852,21.727,68.273,12,35,249.2,2.04,1,158.273
75202,00075202.jpg,1785600028195637760,9.871,21.091,68.909,13,38,270.9,1.45,1,158.909
75203,00075203.jpg,1785600028213101312,9.873,21.812,68.188,11,39,252.5,0.98,1,158.188
75204,00075204.jpg,1785600028262256384,9.876,21.289,68.711,14,39,289.0,1.74,1,158.711
75205,00075205.jpg,1785600028279282688,9.877,21.421,68.579,14,45,290.3,0.75,1,158.579
75206,00075206.jpg,1785600028329834496,9.877,21.207,68.793,15,52,331.7,1.13,1,158.793
75207,00075207.jpg,1785600028345588992,9.877,21.247,68.753,14,43,320.1,1.42,1,158.753
75208,00075208.jpg,1785600028396387584,9.877,21.171,68.829,13,50,325.9,0.86,1,158.829
75209,00075209.jpg,1785600028412157440,9.877,21.193,68.807,12,36,335.0,1.22,1,158.807
75210,00075210.jpg,1785600028463289344,9.895,21.182,68.818,13,48,349.1,0.99,1,158.818
75211,00075211.jpg,1785600028479176960,9.877,21.64,68.36,12,47,356.5,0.84,1,158.36
75212,00075212.jpg,1785600028529929472,9.877,21.174,68.826,13,43,346.4,0.73,1,158.826
75213,00075213.jpg,1785600028545668608,9.877,21.285,68.715,12,45,366.5,1.66,1,158.715
75214,00075214.jpg,1785600028596178944,10.008,20.927,69.073,13,46,366.8,1.08,1,159.073
75215,00075215.jpg,1785600028612273664,10.098,21.48,68.52,13,41,351.8,1.16,1,158.52
75216,00075216.jpg,1785600028662810624,11.039,21.027,68.973,13,42,396.4,0.9,1,158.973
75217,00075217.jpg,1785600028678871808,11.039,21.142,68.858,12,50,387.4,1.03,1,158.858
75218,00075218.jpg,1785600028729915648,12.799,20.866,69.134,13,47,390.1,0.92,1,159.134
75219,00075219.jpg,1785600028745640192,13.268,21.541,68.459,13,52,422.2,1.39,1,158.459
75220,00075220.jpg,1785600028795755520,14.67,20.773,69.227,13,48,417.3,1.19,1,159.227
75221,00075221.jpg,1785600028812685824,14.949,20.877,69.123,11,42,413.9,0.92,1,159.123
75222,00075222.jpg,1785600028864039680,7.352,21.432,68.568,13,45,424.0,0.63,1,158.568
75223,00075223.jpg,1785600028880556032,6.235,21.175,68.825,11,41,412.8,1.07,1,158.825
75224,00075224.jpg,1785600028928762624,7.803,20.929,69.071,12,48,433.9,1.18,1,159.071
75225,00075225.jpg,1785600028946705920,8.823,21.438,68.562,13,44,431.3,0.68,1,158.562
75226,00075226.jpg,1785600028997113856,11.353,21.095,68.905,12,44,433.9,1.26,1,158.905
75227,00075227.jpg,1785600029012824832,11.654,21.328,68.672,11,41,438.0,0.76,1,158.672
75228,00075228.jpg,1785600029062411008,13.288,21.124,68.876,11,48,454.3,0.71,1,158.876
75229,00075229.jpg,1785600029078562304,13.813,21.178,68.822,11,43,456.3,1.09,1,158.822
75230,00075230.jpg,1785600029130491904,15.296,21.118,68.882,10,51,493.9,1.05,1,158.882
75231,00075231.jpg,1785600029145277952,15.296,21.219,68.781,11,51,457.6,0.71,1,158.781
75232,00075232.jpg,1785600029197509376,17.449,21.274,68.726,12,44,449.2,1.17,1,158.726
75233,00075233.jpg,1785600029213282816,17.958,21.447,68.553,12,45,458.7,0.79,1,158.553
75234,00075234.jpg,1785600029262761728,19.77,21.167,68.833,13,56,484.0,0.66,1,158.833
75235,00075235.jpg,1785600029280295424,20.336,20.994,69.006,12,53,459.2,0.84,1,159.006
75236,00075236.jpg,1785600029331202560,21.525,20.903,69.097,12,53,446.8,0.85,1,159.097
75237,00075237.jpg,1785600029348644608,21.721,21.531,68.469,12,41,436.0,0.85,1,158.469
75238,00075238.jpg,1785600029395818240,1.57,21.548,68.452,12,48,458.3,1.12,1,158.452
75239,00075239.jpg,1785600029412935936,1.377,21.401,68.599,11,44,438.8,0.79,1,158.599
75240,00075240.jpg,1785600029462875648,5.113,21.824,68.176,10,45,426.7,0.98,1,158.176
75241,00075241.jpg,1785600029481430272,6.33,21.0,69.0,11,48,448.9,0.72,1,159.0
75242,00075242.jpg,1785600029530794752,8.348,21.074,68.926,11,40,418.9,0.71,1,158.926
75243,00075243.jpg,1785600029545518336,8.348,21.365,68.635,10,37,407.1,1.09,1,158.635
75244,00075244.jpg,1785600029597658112,9.35,21.418,68.582,10,40,410.6,0.72,1,158.582
75245,00075245.jpg,1785600029613038592,9.441,20.818,69.182,11,48,430.9,0.6,1,159.182
75246,00075246.jpg,1785600029663298048,9.605,21.017,68.983,11,44,408.3,0.56,1,158.983
75247,00075247.jpg,1785600029679195648,9.626,21.376,68.624,10,41,402.7,0.74,1,158.624
75248,00075248.jpg,1785600029731129088,9.683,21.627,68.373,11,47,410.2,0.81,1,158.373
75249,00075249.jpg,1785600029745966080,9.668,21.507,68.493,12,41,405.7,0.89,1,158.493
75250,00075250.jpg,1785600029797048832,9.678,21.1,68.9,11,42,393.3,0.91,1,158.9
75251,00075251.jpg,1785600029813123840,9.679,21.092,68.908,11,36,378.2,0.68,1,158.908
75252,00075252.jpg,1785600029862081792,9.682,21.3,68.7,11,36,388.1,0.52,1,158.7
75253,00075253.jpg,1785600029880024832,9.683,21.642,68.358,11,49,416.0,1.07,1,158.358
75254,00075254.jpg,1785600029930163200,9.685,21.535,68.465,10,44,383.3,0.89,1,158.465
75255,00075255.jpg,1785600029946488576,9.685,21.111,68.889,11,42,368.4,0.82,1,158.889
75256,00075256.jpg,1785600029996641024,9.687,21.323,68.677,11,43,375.4,0.98,1,158.677
75257,00075257.jpg,1785600030012911616,9.687,21.344,68.656,12,41,358.3,0.71,1,158.656
75258,00075258.jpg,1785600030063315200,9.689,21.405,68.595,11,34,345.2,0.43,1,158.595
75259,00075259.jpg,1785600030079980800,9.691,21.405,68.595,11,35,328.5,0.94,1,158.595
75260,00075260.jpg,1785600030128776192,9.711,21.183,68.817,13,37,327.3,0.98,1,158.817
75261,00075261.jpg,1785600030146583296,9.727,21.244,68.756,11,43,341.9,1.11,1,158.756
75262,00075262.jpg,1785600030196615168,9.756,21.988,68.012,10,39,322.3,1.16,1,158.012
75263,00075263.jpg,1785600030213474304,9.773,22.78,67.22,10,37,333.7,0.74,1,157.22
75264,00075264.jpg,1785600030262112512,9.815,25.382,64.618,9,33,328.1,0.73,1,154.618
75265,00075265.jpg,1785600030280160256,9.762,26.238,63.762,12,34,306.6,1.04,1,153.762
75266,00075266.jpg,1785600030330077440,9.694,30.272,59.728,13,36,266.1,0.64,1,149.728
75267,00075267.jpg,1785600030346070528,9.711,31.396,58.604,9,31,255.7,0.55,1,148.604
75268,00075268.jpg,1785600030398295040,9.697,33.904,56.096,9,29,247.3,0.77,1,146.096
75269,00075269.jpg,1785600030412761344,9.695,34.444,55.556,9,29,240.4,0.68,1,145.556
75270,00075270.jpg,1785600030462308864,9.701,34.874,55.126,8,26,233.4,0.48,1,145.126
75271,00075271.jpg,1785600030478547968,9.701,35.148,54.852,10,29,240.0,1.39,1,144.852
75272,00075272.jpg,1785600030530146304,9.698,35.106,54.894,9,23,219.2,1.11,1,144.894
75273,00075273.jpg,1785600030545449216,9.699,35.38,54.62,8,23,218.5,0.72,1,144.62
75274,00075274.jpg,1785600030597298944,9.704,34.969,55.031,8,21,202.2,0.45,1,145.031
75275,00075275.jpg,1785600030611817216,9.708,34.503,55.497,9,23,215.7,0.98,1,145.497
75276,00075276.jpg,1785600030662193152,9.753,34.573,55.427,9,23,201.6,1.22,1,145.427
75277,00075277.jpg,1785600030680454400,9.78,34.698,55.302,10,25,214.2,1.22,1,145.302
75278,00075278.jpg,1785600030728891136,9.738,34.379,55.621,10,23,198.0,1.34,1,145.621
75279,00075279.jpg,1785600030745358080,9.747,34.5,55.5,11,22,198.1,1.17,1,145.5
75280,00075280.jpg,1785600030795665408,9.793,35.028,54.972,9,26,211.1,0.58,1,144.972
75281,00075281.jpg,1785600030813516032,9.806,35.036,54.964,9,20,179.5,0.99,1,144.964
75282,00075282.jpg,1785600030863166208,9.821,35.06,54.94,10,23,192.4,0.89,1,144.94
75283,00075283.jpg,1785600030879013376,9.807,35.847,54.153,9,22,190.4,1.33,1,144.153
75284,00075284.jpg,1785600030929949696,9.742,35.426,54.574,9,22,166.8,1.29,1,144.574
75285,00075285.jpg,1785600030945857792,9.742,34.912,55.088,11,26,182.7,0.7,1,145.088
75286,00075286.jpg,1785600030995432448,9.697,35.781,54.219,9,22,170.3,1.46,1,144.219
75287,00075287.jpg,1785600031012670720,9.695,35.718,54.282,8,15,149.8,1.21,1,144.282
75288,00075288.jpg,1785600031062096384,9.689,35.755,54.245,8,15,156.3,0.72,1,144.245
75289,00075289.jpg,1785600031079357440,9.707,35.74,54.26,8,17,156.2,1.12,1,144.26
75290,00075290.jpg,1785600031130639360,9.7,35.28,54.72,8,15,132.4,1.14,1,144.72
75291,00075291.jpg,1785600031145557504,9.702,35.325,54.675,8,14,130.0,0.99,1,144.675
75292,00075292.jpg,1785600031196289024,9.704,35.974,54.026,7,15,122.2,1.31,1,144.026
75293,00075293.jpg,1785600031211880960,9.706,36.398,53.602,7,14,131.1,1.56,1,143.602
75294,00075294.jpg,1785600031263561472,9.71,35.297,54.703,7,14,115.0,0.79,1,144.703
75295,00075295.jpg,1785600031279301376,9.71,35.903,54.097,7,14,109.8,1.6,1,144.097
75296,00075296.jpg,1785600031329541120,9.714,35.889,54.111,5,11,91.2,1.12,1,144.111
75297,00075297.jpg,1785600031346674176,9.714,35.52,54.48,5,10,93.6,1.22,1,144.48
75298,00075298.jpg,1785600031396350720,9.716,35.925,54.075,6,12,104.1,1.46,1,144.075
75299,00075299.jpg,1785600031412814592,9.716,35.067,54.933,6,12,100.7,0.98,1,144.933
75300,00075300.jpg,1785600031463479040,9.718,35.127,54.873,6,9,82.2,0.59,1,144.873
75301,00075301.jpg,1785600031479212288,9.718,35.32,54.68,5,11,90.5,0.42,1,144.68
75302,00075302.jpg,1785600031529961472,9.72,34.997,55.003,5,10,83.1,1.12,1,145.003
75303,00075303.jpg,1785600031544952576,9.72,35.595,54.405,5,10,83.6,0.33,1,144.405
75304,00075304.jpg,1785600031596686336,9.721,35.526,54.474,5,10,86.3,1.31,1,144.474
75305,00075305.jpg,1785600031611741952,9.722,35.998,54.002,5,10,77.1,0.61,1,144.002
75306,00075306.jpg,1785600031662332160,9.723,35.435,54.565,5,10,74.2,0.67,1,144.565
75307,00075307.jpg,1785600031678675968,9.723,35.903,54.097,5,10,78.4,2.09,1,144.097
75308,00075308.jpg,1785600031730128896,9.724,35.227,54.773,5,9,68.7,0.64,1,144.773
75309,00075309.jpg,1785600031746462976,9.725,35.399,54.601,5,10,71.1,1.43,1,144.601
75310,00075310.jpg,1785600031797541632,9.726,36.965,53.035,5,9,66.3,1.54,1,143.035
75311,00075311.jpg,1785600031812524800,9.726,36.877,53.123,5,9,63.2,1.63,1,143.123
75312,00075312.jpg,1785600031862012928,9.727,35.941,54.059,5,9,60.9,0.39,1,144.059
75313,00075313.jpg,1785600031880003072,9.727,38.289,51.711,4,8,62.1,1.39,1,141.711
75314,00075314.jpg,1785600031929902336,9.728,36.057,53.943,4,8,57.8,1.22,1,143.943
75315,00075315.jpg,1785600031946651392,9.729,35.48,54.52,4,8,52.9,0.47,1,144.52
75316,00075316.jpg,1785600031996455424,9.73,36.095,53.905,4,6,44.5,0.73,1,143.905
75317,00075317.jpg,1785600032011857408,9.73,38.393,51.607,4,8,56.5,1.58,1,141.607
75318,00075318.jpg,1785600032062543872,9.73,35.589,54.411,4,8,52.8,0.45,1,144.411
75319,00075319.jpg,1785600032078522112,9.731,36.165,53.835,4,7,46.5,1.13,1,143.835
75320,00075320.jpg,1785600032129860608,9.732,35.477,54.523,4,8,50.6,0.56,1,144.523
75321,00075321.jpg,1785600032145189120,9.732,36.543,53.457,4,6,38.7,0.91,1,143.457
75322,00075322.jpg,1785600032197711104,9.733,40.015,49.985,5,7,41.4,1.51,1,139.985
75323,00075323.jpg,1785600032212889600,9.733,39.398,50.602,4,6,36.8,0.16,1,140.602
75324,00075324.jpg,1785600032263161600,9.734,37.986,52.014,4,6,31.7,2.58,1,142.014
75325,00075325.jpg,1785600032278761728,9.735,38.256,51.744,4,7,39.7,3.12,1,141.744
75326,00075326.jpg,1785600032330129408,9.735,39.511,50.489,4,8,38.5,0.7,1,140.489
75327,00075327.jpg,1785600032345655552,9.736,37.017,52.983,4,7,41.5,1.48,1,142.983
75328,00075328.jpg,1785600032396844032,9.737,35.717,54.283,3,4,23.4,0.23,1,144.283
75329,00075329.jpg,1785600032412877824,9.737,35.463,54.537,3,4,23.1,0.67,1,144.537
75330,00075330.jpg,1785600032462521088,9.738,36.155,53.845,4,4,20.9,0.93,1,143.845
75331,00075331.jpg,1785600032478545408,9.738,38.887,51.113,4,4,22.7,1.66,1,141.113
75332,00075332.jpg,1785600032529666048,9.74,35.808,54.192,4,3,16.1,0.04,0,141.113
75333,00075333.jpg,1785600032545899520,9.746,38.381,51.619,3,3,16.1,2.05,0,141.098
75334,00075334.jpg,1785600032596601856,9.75,39.846,50.154,3,3,16.5,1.69,0,140.717
75335,00075335.jpg,1785600032611894016,9.743,33.874,56.126,4,5,17.2,1.5,1,146.126
75336,00075336.jpg,1785600032663407104,9.755,38.866,51.134,3,4,17.7,1.7,1,141.134
75337,00075337.jpg,1785600032679521536,9.751,44.128,45.872,4,4,15.8,0.4,1,135.872
75338,00075338.jpg,1785600032731127296,9.742,40.348,49.652,2,4,15.4,0.64,1,139.652
75339,00075339.jpg,1785600032745715968,9.743,37.055,52.945,2,4,15.5,0.09,1,142.945
75340,00075340.jpg,1785600032797725696,9.743,36.676,53.324,1,2,8.9,0.0,0,142.924
75341,00075341.jpg,1785600032812002816,9.743,37.179,52.821,1,2,5.7,0.0,0,142.911
75342,00075342.jpg,1785600032862679040,9.218,43.939,46.061,2,2,7.8,0.0,0,142.906
75343,00075343.jpg,1785600032878887168,8.707,,,0,0,0.0,,0,142.91
75344,00075344.jpg,1785600032929510400,6.834,,,0,0,0.0,,0,142.913
75345,00075345.jpg,1785600032945418240,6.085,,,0,0,0.0,,0,142.912
75346,00075346.jpg,1785600032995976192,3.883,,,0,0,0.0,,0,142.911
75347,00075347.jpg,1785600033012033280,3.552,,,0,0,0.0,,0,142.911
75348,00075348.jpg,1785600033062804224,2.111,,,0,0,0.0,,0,142.911
75349,00075349.jpg,1785600033080204800,1.646,,,0,0,0.0,,0,142.911
75350,00075350.jpg,1785600033128542976,1.014,,,0,0,0.0,,0,142.911
75351,00075351.jpg,1785600033145643776,1.014,,,0,0,0.0,,0,142.911
75352,00075352.jpg,1785600033196586496,0.058,,,0,0,0.0,,0,142.911
75353,00075353.jpg,1785600033211940864,0.517,,,0,0,0.0,,0,142.911
75354,00075354.jpg,1785600033262452480,0.564,38.994,51.006,1,2,17.4,0.0,0,142.911
75355,00075355.jpg,1785600033279785472,0.037,41.112,48.888,3,2,9.9,0.0,0,142.911
75356,00075356.jpg,1785600033328697344,6.152,37.928,52.072,4,2,13.0,0.0,0,142.911
75357,00075357.jpg,1785600033345906432,6.152,37.261,52.739,4,4,21.1,0.04,1,142.739
75358,00075358.jpg,1785600033395533824,9.271,37.182,52.818,3,5,32.4,0.04,1,142.818
75359,00075359.jpg,1785600033414097152,9.52,36.661,53.339,4,4,29.0,0.03,1,143.339
75360,00075360.jpg,1785600033463563264,9.916,36.776,53.224,6,8,61.2,0.45,1,143.224
75361,00075361.jpg,1785600033479358464,9.954,36.596,53.404,8,8,64.2,0.29,1,143.404
75362,00075362.jpg,1785600033530116608,10.013,36.639,53.361,6,9,74.1,0.22,1,143.361
75363,00075363.jpg,1785600033546494464,10.017,36.565,53.435,6,8,76.4,0.22,1,143.435
75364,00075364.jpg,1785600033596054016,10.019,36.521,53.479,6,8,85.9,0.45,1,143.479
75365,00075365.jpg,1785600033613264896,10.018,36.504,53.496,6,8,87.2,0.12,1,143.496
75366,00075366.jpg,1785600033663261696,10.013,36.468,53.532,6,8,100.1,0.37,1,143.532
75367,00075367.jpg,1785600033679115520,10.012,36.489,53.511,4,8,101.8,0.29,1,143.511
75368,00075368.jpg,1785600033728956928,10.006,37.137,52.863,5,13,180.1,0.47,1,142.863
75369,00075369.jpg,1785600033746251008,10.004,36.538,53.462,6,16,191.4,0.57,1,143.462
75370,00075370.jpg,1785600033797040640,10.0,36.66,53.34,6,20,237.0,0.97,1,143.34
75371,00075371.jpg,1785600033812422912,10.0,36.708,53.292,6,17,233.2,1.11,1,143.292
75372,00075372.jpg,1785600033863531520,9.999,36.691,53.309,5,18,264.0,0.75,1,143.309
75373,00075373.jpg,1785600033880246016,9.999,36.765,53.235,8,18,274.3,0.6,1,143.235
75374,00075374.jpg,1785600033928840192,9.997,36.774,53.226,9,27,352.3,0.89,1,143.226
75375,00075375.jpg,1785600033946364416,9.997,36.789,53.211,8,28,342.7,1.17,1,143.211
75376,00075376.jpg,1785600033995931904,9.996,36.616,53.384,9,32,411.2,0.62,1,143.384
75377,00075377.jpg,1785600034013447936,9.996,36.93,53.07,7,27,428.6,0.51,1,143.07
75378,00075378.jpg,1785600034061934592,9.994,36.731,53.269,7,30,462.5,0.47,1,143.269
75379,00075379.jpg,1785600034079327488,9.994,36.822,53.178,9,33,481.1,0.9,1,143.178
75380,00075380.jpg,1785600034128647680,9.993,38.249,51.751,7,30,523.4,1.39,1,141.751
75381,00075381.jpg,1785600034147047680,9.993,36.709,53.291,6,33,523.7,0.81,1,143.291
75382,00075382.jpg,1785600034196548608,9.992,36.382,53.618,7,38,572.2,0.53,1,143.618
75383,00075383.jpg,1785600034212034560,9.992,36.856,53.144,6,32,566.5,1.21,1,143.144
75384,00075384.jpg,1785600034262963712,9.99,36.597,53.403,7,34,615.5,0.37,1,143.403
75385,00075385.jpg,1785600034278626304,9.991,36.69,53.31,7,36,643.8,1.23,1,143.31
75386,00075386.jpg,1785600034329899520,10.001,37.237,52.763,9,46,695.2,1.41,1,142.763
75387,00075387.jpg,1785600034345710336,10.008,36.844,53.156,9,39,673.9,1.44,1,143.156
75388,00075388.jpg,1785600034395797760,10.061,36.896,53.104,8,40,732.8,1.08,1,143.104
75389,00075389.jpg,1785600034411915520,10.141,36.646,53.354,8,42,746.0,0.99,1,143.354
75390,00075390.jpg,1785600034463205888,11.11,36.756,53.244,9,43,822.0,0.45,1,143.244
75391,00075391.jpg,1785600034479296256,11.11,36.894,53.106,9,45,822.9,0.61,1,143.106
75392,00075392.jpg,1785600034529719040,12.848,36.897,53.103,12,48,855.9,0.93,1,143.103
75393,00075393.jpg,1785600034545234176,13.321,36.734,53.266,8,42,858.5,0.59,1,143.266
75394,00075394.jpg,1785600034596564992,14.769,37.079,52.921,6,40,906.9,0.67,1,142.921
75395,00075395.jpg,1785600034612094976,15.05,36.839,53.161,9,45,903.0,0.6,1,143.161
75396,00075396.jpg,1785600034662691328,7.536,36.725,53.275,10,47,943.0,0.78,1,143.275
75397,00075397.jpg,1785600034679805184,7.536,36.596,53.404,8,45,942.0,0.46,1,143.404
75398,00075398.jpg,1785600034728815872,9.38,36.895,53.105,9,43,947.3,0.6,1,143.105
75399,00075399.jpg,1785600034746087936,10.713,37.066,52.934,9,47,971.3,0.62,1,142.934
75400,00075400.jpg,1785600034797400576,12.369,36.505,53.495,10,50,1001.7,0.75,1,143.495
75401,00075401.jpg,1785600034812253696,12.769,36.874,53.126,10,49,1017.2,0.83,1,143.126
75402,00075402.jpg,1785600034862058496,14.421,36.873,53.127,11,50,1051.0,0.66,1,143.127
75403,00075403.jpg,1785600034879465472,14.421,36.635,53.365,11,53,1077.8,0.59,1,143.365
75404,00075404.jpg,1785600034930318336,10.858,36.717,53.283,10,48,1076.4,0.48,1,143.283
75405,00075405.jpg,1785600034946972928,7.529,36.947,53.053,11,48,1074.7,0.68,1,143.053
75406,00075406.jpg,1785600034996991488,6.67,36.657,53.343,10,46,1108.4,0.43,1,143.343
75407,00075407.jpg,1785600035012669952,7.204,36.713,53.287,11,52,1144.0,0.42,1,143.287
75408,00075408.jpg,1785600035061940480,8.762,36.661,53.339,11,50,1166.0,0.73,1,143.339
75409,00075409.jpg,1785600035078599424,9.043,36.749,53.251,12,51,1154.9,0.73,1,143.251
75410,00075410.jpg,1785600035130056192,9.61,36.741,53.259,11,49,1175.6,0.34,1,143.259
75411,00075411.jpg,1785600035145940992,9.61,36.491,53.509,12,51,1181.4,0.51,1,143.509
75412,00075412.jpg,1785600035196476160,9.838,36.67,53.33,12,49,1193.5,0.58,1,143.33
75413,00075413.jpg,1785600035213953024,9.858,36.792,53.208,11,49,1213.5,0.57,1,143.208
75414,00075414.jpg,1785600035262028032,9.893,36.522,53.478,11,50,1243.7,0.52,1,143.478
75415,00075415.jpg,1785600035279972096,9.898,36.854,53.146,10,47,1253.6,0.59,1,143.146
75416,00075416.jpg,1785600035330056960,9.917,37.048,52.952,11,49,1283.7,0.62,1,142.952
75417,00075417.jpg,1785600035345656320,9.926,37.114,52.886,10,48,1280.7,0.79,1,142.886
75418,00075418.jpg,1785600035396444416,9.946,38.042,51.958,8,41,1245.8,0.94,1,141.958
75419,00075419.jpg,1785600035412363264,9.946,37.52,52.48,7,38,1148.8,0.83,1,142.48
75420,00075420.jpg,1785600035463285504,9.953,37.087,52.913,7,38,1181.5,0.48,1,142.913
75421,00075421.jpg,1785600035479431680,9.957,36.705,53.295,6,39,1184.8,0.63,1,143.295
75422,00075422.jpg,1785600035529336320,9.971,36.156,53.844,7,39,1222.5,0.45,1,143.844
75423,00075423.jpg,1785600035545287680,9.977,36.621,53.379,6,39,1239.0,0.39,1,143.379
75424,00075424.jpg,1785600035596604416,9.948,35.923,54.077,7,40,1267.3,0.48,1,144.077
75425,00075425.jpg,1785600035612544512,9.937,36.011,53.989,5,36,1246.2,0.62,1,143.989
75426,00075426.jpg,1785600035663956224,9.903,36.304,53.696,7,40,1304.7,0.43,1,143.696
75427,00075427.jpg,1785600035678702080,9.899,36.105,53.895,6,38,1301.5,0.45,1,143.895
75428,00075428.jpg,1785600035729878784,9.901,36.268,53.732,5,38,1301.1,0.37,1,143.732
75429,00075429.jpg,1785600035745672960,9.9,35.977,54.023,5,37,1297.7,0.42,1,144.023
75430,00075430.jpg,1785600035797592064,9.989,36.068,53.932,7,39,1341.2,0.61,1,143.932
75431,00075431.jpg,1785600035812875520,10.07,36.407,53.593,6,37,1337.0,0.59,1,143.593
75432,00075432.jpg,1785600035863202816,11.047,36.202,53.798,5,37,1153.7,0.45,1,143.798
75433,00075433.jpg,1785600035878804992,11.457,36.085,53.915,5,33,1153.7,0.57,1,143.915
75434,00075434.jpg,1785600035929601792,12.818,36.379,53.621,5,35,1147.2,0.33,1,143.621
75435,00075435.jpg,1785600035946088192,13.296,36.613,53.387,5,33,1148.9,0.42,1,143.387
75436,00075436.jpg,1785600035995644160,14.912,36.466,53.534,5,33,1155.0,0.4,1,143.534
75437,00075437.jpg,1785600036013137920,15.373,36.467,53.533,7,37,1161.2,0.3,1,143.533
75438,00075438.jpg,1785600036062770176,16.615,36.354,53.646,5,36,1143.1,0.43,1,143.646
75439,00075439.jpg,1785600036079240192,13.561,36.287,53.713,6,36,1149.3,0.36,1,143.713
75440,00075440.jpg,1785600036129331712,5.328,36.2,53.8,5,34,1142.1,0.29,1,143.8
75441,00075441.jpg,1785600036145420800,5.726,36.106,53.894,5,34,1139.0,0.45,1,143.894
75442,00075442.jpg,1785600036196071680,7.863,36.334,53.666,6,36,1135.2,0.47,1,143.666
75443,00075443.jpg,1785600036212969216,8.413,36.265,53.735,6,37,1133.6,0.28,1,143.735
75444,00075444.jpg,1785600036262618368,9.321,35.992,54.008,5,36,1126.0,0.44,1,144.008
75445,00075445.jpg,1785600036279057920,9.47,36.065,53.935,6,35,1128.1,0.46,1,143.935
75446,00075446.jpg,1785600036329881344,10.052,36.137,53.863,6,35,1123.1,0.49,1,143.863
75447,00075447.jpg,1785600036345668864,10.253,35.955,54.045,6,34,1119.0,0.41,1,144.045
75448,00075448.jpg,1785600036396692992,11.331,36.375,53.625,6,38,1103.4,0.36,1,143.625
75449,00075449.jpg,1785600036413097472,11.706,36.461,53.539,6,37,1102.2,0.49,1,143.539
75450,00075450.jpg,1785600036463339008,13.257,36.393,53.607,5,36,1102.5,0.38,1,143.607
75451,00075451.jpg,1785600036480951296,13.68,36.089,53.911,7,43,1151.2,0.46,1,143.911
75452,00075452.jpg,1785600036528436480,14.551,36.224,53.776,7,42,1136.5,0.71,1,143.776
75453,00075453.jpg,1785600036545657600,12.531,36.298,53.702,6,41,1137.4,0.61,1,143.702
75454,00075454.jpg,1785600036597011200,6.594,36.188,53.812,7,44,1105.8,0.31,1,143.812
75455,00075455.jpg,1785600036611628032,6.906,36.447,53.553,6,41,1088.9,0.68,1,143.553
75456,00075456.jpg,1785600036662792192,8.488,36.796,53.204,6,37,1084.5,0.41,1,143.204
75457,00075457.jpg,1785600036678384640,8.488,36.562,53.438,6,35,1075.3,0.54,1,143.438
75458,00075458.jpg,1785600036729117952,9.522,37.008,52.992,4,30,1092.2,0.5,1,142.992
75459,00075459.jpg,1785600036747815680,9.778,36.161,53.839,5,38,1287.3,0.42,1,143.839
75460,00075460.jpg,1785600036796369408,10.511,35.987,54.013,5,40,1254.9,0.56,1,144.013
75461,00075461.jpg,1785600036813529088,10.798,35.806,54.194,8,43,1285.7,0.45,1,144.194
75462,00075462.jpg,1785600036862757120,12.104,35.588,54.412,7,41,1245.7,0.68,1,144.412
75463,00075463.jpg,1785600036878501376,12.587,35.984,54.016,5,32,942.6,0.62,1,144.016
75464,00075464.jpg,1785600036928552704,14.104,35.98,54.02,4,28,921.6,0.32,1,144.02
75465,00075465.jpg,1785600036944965376,14.614,35.895,54.105,5,29,924.4,0.52,1,144.105
75466,00075466.jpg,1785600036996489216,16.442,36.278,53.722,4,28,912.3,0.74,1,143.722
75467,00075467.jpg,1785600037012637952,16.442,36.238,53.762,5,28,908.8,0.49,1,143.762
75468,00075468.jpg,1785600037062620672,11.074,36.248,53.752,6,33,934.1,0.4,1,143.752
75469,00075469.jpg,1785600037079029504,6.659,36.128,53.872,5,28,904.3,0.48,1,143.872
75470,00075470.jpg,1785600037128910592,5.522,36.085,53.915,5,30,937.8,0.59,1,143.915
75471,00075471.jpg,1785600037145152512,6.257,36.255,53.745,4,28,911.8,0.4,1,143.745
75472,00075472.jpg,1785600037195975168,8.375,36.41,53.59,5,32,940.1,0.44,1,143.59
75473,00075473.jpg,1785600037211404032,8.749,36.317,53.683,5,30,930.8,0.47,1,143.683
75474,00075474.jpg,1785600037262016768,9.497,36.373,53.627,5,29,902.3,0.45,1,143.627
75475,00075475.jpg,1785600037279401984,9.606,35.925,54.075,6,29,899.6,0.45,1,144.075
75476,00075476.jpg,1785600037331557888,9.947,36.208,53.792,5,25,881.7,0.55,1,143.792
75477,00075477.jpg,1785600037345936896,10.039,36.23,53.77,5,26,886.6,0.47,1,143.77
75478,00075478.jpg,1785600037396169728,10.709,36.418,53.582,4,24,855.3,0.44,1,143.582
75479,00075479.jpg,1785600037411855872,10.709,36.575,53.425,5,28,897.7,0.36,1,143.425
75480,00075480.jpg,1785600037462097920,12.507,36.221,53.779,6,32,931.0,0.68,1,143.779
75481,00075481.jpg,1785600037478403072,12.824,36.464,53.536,6,32,919.3,0.46,1,143.536
75482,00075482.jpg,1785600037528881152,10.931,36.31,53.69,5,30,911.0,0.4,1,143.69
75483,00075483.jpg,1785600037545750528,8.663,36.204,53.796,6,31,924.3,0.41,1,143.796
75484,00075484.jpg,1785600037596404480,8.122,36.383,53.617,8,44,1304.0,0.66,1,143.617
75485,00075485.jpg,1785600037612747520,8.699,36.307,53.693,8,46,1292.9,0.36,1,143.693
75486,00075486.jpg,1785600037661878272,11.108,36.456,53.544,7,36,1082.3,0.58,1,143.544
75487,00075487.jpg,1785600037679828992,11.5,36.381,53.619,7,34,1085.4,0.56,1,143.619
75488,00075488.jpg,1785600037728378368,12.814,36.297,53.703,6,32,912.5,0.57,1,143.703
75489,00075489.jpg,1785600037747589376,13.355,36.139,53.861,7,35,931.1,0.67,1,143.861
75490,00075490.jpg,1785600037795140864,15.002,36.13,53.87,8,40,1272.0,0.47,1,143.87
75491,00075491.jpg,1785600037812743424,15.423,36.422,53.578,8,41,1276.4,0.45,1,143.578
75492,00075492.jpg,1785600037861990400,17.125,36.275,53.725,6,30,1064.5,0.48,1,143.725
75493,00075493.jpg,1785600037879422720,17.486,36.353,53.647,7,40,1267.1,0.48,1,143.647
75494,00075494.jpg,1785600037928855552,10.793,36.397,53.603,5,22,737.6,0.51,1,143.603
75495,00075495.jpg,1785600037946584320,5.867,36.3,53.7,6,33,1089.9,0.42,1,143.7
75496,00075496.jpg,1785600037996512768,4.86,36.055,53.945,5,31,1105.8,0.38,1,143.945
75497,00075497.jpg,1785600038011799808,5.682,35.692,54.308,5,31,1101.8,0.76,1,144.308
75498,00075498.jpg,1785600038061969664,8.027,35.978,54.022,6,34,1146.5,0.49,1,144.022
75499,00075499.jpg,1785600038078047232,8.457,35.924,54.076,6,35,1147.3,0.54,1,144.076
75500,00075500.jpg,1785600038129588992,9.301,36.41,53.59,6,35,1163.0,0.52,1,143.59
75501,00075501.jpg,1785600038145259776,9.424,36.305,53.695,5,26,802.7,0.47,1,143.695
75502,00075502.jpg,1785600038195520000,9.647,36.21,53.79,6,34,1157.7,0.38,1,143.79
75503,00075503.jpg,1785600038212604160,9.676,35.766,54.234,4,27,810.0,0.46,1,144.234
75504,00075504.jpg,1785600038262700800,9.728,36.332,53.668,4,24,800.7,0.52,1,143.668
75505,00075505.jpg,1785600038279187456,9.735,36.046,53.954,4,27,803.3,0.41,1,143.954
75506,00075506.jpg,1785600038329997824,9.747,35.802,54.198,4,25,814.2,0.37,1,144.198
75507,00075507.jpg,1785600038345998592,9.748,36.138,53.862,4,24,810.8,0.41,1,143.862
75508,00075508.jpg,1785600038396975104,9.751,36.264,53.736,5,32,1178.1,0.33,1,143.736
75509,00075509.jpg,1785600038411969536,9.752,35.734,54.266,5,34,1186.0,0.71,1,144.266
75510,00075510.jpg,1785600038461856256,9.753,36.138,53.862,6,35,1205.1,0.31,1,143.862
75511,00075511.jpg,1785600038479718144,9.753,36.015,53.985,6,36,1193.2,0.53,1,143.985
75512,00075512.jpg,1785600038530089472,9.754,36.264,53.736,6,40,1207.8,0.26,1,143.736
75513,00075513.jpg,1785600038546420480,9.754,36.063,53.937,6,33,1132.7,0.39,1,143.937
75514,00075514.jpg,1785600038595801600,9.797,36.054,53.946,6,33,1131.8,0.27,1,143.946
75515,00075515.jpg,1785600038612019200,9.907,36.24,53.76,6,35,1132.5,0.27,1,143.76
75516,00075516.jpg,1785600038662743552,10.878,35.703,54.297,5,25,804.8,0.57,1,144.297
75517,00075517.jpg,1785600038678808576,10.878,35.76,54.24,9,38,1188.3,0.59,1,144.24
75518,00075518.jpg,1785600038729047808,12.641,35.164,54.836,7,34,1166.0,0.73,1,144.836
75519,00075519.jpg,1785600038745267200,13.083,34.977,55.023,8,35,1193.2,0.73,1,145.023
75520,00075520.jpg,1785600038796260096,14.129,34.028,55.972,7,36,1159.7,1.12,1,145.972
75521,00075521.jpg,1785600038812242688,14.301,34.897,55.103,7,35,1166.2,0.77,1,145.103
75522,00075522.jpg,1785600038862187776,6.6,36.194,53.806,7,38,1178.7,0.65,1,143.806
75523,00075523.jpg,1785600038878493184,6.487,36.2,53.8,7,36,1183.8,0.38,1,143.8
75524,00075524.jpg,1785600038928738304,7.916,36.498,53.502,6,34,1163.9,0.44,1,143.502
75525,00075525.jpg,1785600038945963264,8.384,36.309,53.691,7,37,1198.5,0.54,1,143.691
75526,00075526.jpg,1785600038995700480,9.178,36.267,53.733,6,33,1166.6,0.6,1,143.733
75527,00075527.jpg,1785600039012230144,9.339,36.26,53.74,6,32,1183.2,0.42,1,143.74
75528,00075528.jpg,1785600039062375424,9.57,36.268,53.732,6,32,1192.9,0.49,1,143.732
75529,00075529.jpg,1785600039078399744,9.57,36.155,53.845,8,38,1208.5,0.49,1,143.845
75530,00075530.jpg,1785600039128802560,9.676,36.039,53.961,7,35,1212.4,0.35,1,143.961
75531,00075531.jpg,1785600039145177088,9.685,36.251,53.749,5,31,1156.1,0.5,1,143.749
75532,00075532.jpg,1785600039196201984,9.704,36.281,53.719,6,37,1229.3,0.42,1,143.719
75533,00075533.jpg,1785600039212382208,9.708,36.178,53.822,6,38,1230.1,0.65,1,143.822
75534,00075534.jpg,1785600039264705536,9.765,36.239,53.761,5,31,1174.8,0.29,1,143.761
75535,00075535.jpg,1785600039278831104,9.856,35.986,54.014,6,34,1206.0,0.63,1,144.014
75536,00075536.jpg,1785600039329018368,10.459,36.215,53.785,7,34,1203.2,0.48,1,143.785
75537,00075537.jpg,1785600039345215488,10.797,36.209,53.791,5,33,1198.7,0.38,1,143.791
75538,00075538.jpg,1785600039395653632,12.216,36.206,53.794,6,35,1200.6,0.49,1,143.794
75539,00075539.jpg,1785600039412683264,12.585,36.189,53.811,5,30,1193.9,0.58,1,143.811
75540,00075540.jpg,1785600039461894144,13.486,36.1,53.9,5,33,1193.7,0.44,1,143.9
75541,00075541.jpg,1785600039479201024,14.115,36.018,53.982,5,33,1199.3,0.3,1,143.982
75542,00075542.jpg,1785600039529433088,7.463,35.671,54.329,7,40,1326.6,0.69,1,144.329
75543,00075543.jpg,1785600039545953536,7.463,36.177,53.823,6,43,1317.2,0.57,1,143.823
75544,00075544.jpg,1785600039596781056,7.343,35.23,54.77,7,42,1293.8,1.19,1,144.77
75545,00075545.jpg,1785600039611966720,7.92,35.512,54.488,7,40,1281.5,0.86,1,144.488
75546,00075546.jpg,1785600039661749760,9.02,36.392,53.608,5,28,1149.3,0.25,1,143.608
75547,00075547.jpg,1785600039678821376,9.232,36.555,53.445,7,47,1360.5,0.45,1,143.445
75548,00075548.jpg,1785600039728554752,9.531,36.562,53.438,7,43,1368.8,0.44,1,143.438
75549,00075549.jpg,1785600039746109696,9.578,36.361,53.639,8,42,1388.3,0.49,1,143.639
75550,00075550.jpg,1785600039796171264,9.647,36.132,53.868,6,32,1175.3,0.27,1,143.868
75551,00075551.jpg,1785600039812038144,9.665,36.152,53.848,6,41,1360.7,0.55,1,143.848
75552,00075552.jpg,1785600039862012672,9.775,34.622,55.378,6,41,1345.1,0.78,1,145.378
75553,00075553.jpg,1785600039879467264,9.818,34.942,55.058,6,41,1323.8,1.06,1,145.058
75554,00075554.jpg,1785600039929443328,9.767,35.781,54.219,8,44,1314.1,0.81,1,144.219
75555,00075555.jpg,1785600039945753088,9.798,36.617,53.383,7,38,1311.3,0.49,1,143.383
75556,00075556.jpg,1785600039997367040,9.836,36.854,53.146,6,35,1283.1,0.41,1,143.146
75557,00075557.jpg,1785600040013344512,9.845,37.134,52.866,7,38,1320.5,0.56,1,142.866
75558,00075558.jpg,1785600040062362624,9.8,38.216,51.784,7,43,1345.5,1.23,1,141.784
75559,00075559.jpg,1785600040078736384,9.76,38.242,51.758,7,46,1349.9,0.93,1,141.758
75560,00075560.jpg,1785600040129259776,9.706,38.323,51.677,7,42,1382.6,1.22,1,141.677
75561,00075561.jpg,1785600040145318400,9.687,37.93,52.07,7,42,1403.0,1.23,1,142.07
75562,00075562.jpg,1785600040195963904,9.668,37.718,52.282,7,42,1413.6,1.12,1,142.282
75563,00075563.jpg,1785600040211537152,9.673,37.249,52.751,7,44,1408.4,1.07,1,142.751
75564,00075564.jpg,1785600040261976064,8.534,37.927,52.073,6,43,1408.4,1.13,1,142.073
75565,00075565.jpg,1785600040279734784,7.821,37.599,52.401,6,40,1413.2,1.21,1,142.401
75566,00075566.jpg,1785600040328665856,6.489,37.319,52.681,6,38,1432.9,0.88,1,142.681
75567,00075567.jpg,1785600040345419776,6.338,37.114,52.886,6,38,1418.5,0.79,1,142.886
75568,00075568.jpg,1785600040395693824,9.245,37.296,52.704,6,37,1394.0,0.75,1,142.704
75569,00075569.jpg,1785600040411571456,9.413,37.067,52.933,6,38,1387.3,0.76,1,142.933
75570,00075570.jpg,1785600040462039552,9.68,37.697,52.303,6,41,1337.1,1.13,1,142.303
75571,00075571.jpg,1785600040478959616,9.711,37.165,52.835,8,41,1335.4,0.89,1,142.835
75572,00075572.jpg,1785600040529747200,9.769,38.507,51.493,7,44,1376.2,1.4,1,141.493
75573,00075573.jpg,1785600040545893376,9.784,37.691,52.309,6,38,1372.3,1.11,1,142.309
75574,00075574.jpg,1785600040596818432,9.81,39.026,50.974,6,36,1360.1,1.77,1,140.974
75575,00075575.jpg,1785600040614008064,9.85,39.546,50.454,6,36,1346.2,1.49,1,140.454
75576,00075576.jpg,1785600040662269184,9.811,38.232,51.768,7,43,1479.0,1.33,1,141.768
75577,00075577.jpg,1785600040678412800,9.815,37.411,52.589,7,42,1485.0,0.72,1,142.589
75578,00075578.jpg,1785600040728197632,9.826,36.974,53.026,7,42,1481.4,0.48,1,143.026
75579,00075579.jpg,1785600040744416000,9.83,36.523,53.477,7,44,1484.7,0.43,1,143.477
75580,00075580.jpg,1785600040796054528,9.807,36.549,53.451,7,41,1472.8,0.45,1,143.451
75581,00075581.jpg,1785600040811739392,9.807,36.477,53.523,7,41,1473.3,0.43,1,143.523
75582,00075582.jpg,1785600040862173952,9.77,36.495,53.505,7,42,1468.1,0.48,1,143.505
75583,00075583.jpg,1785600040878031360,9.77,36.662,53.338,7,41,1463.6,0.57,1,143.338
75584,00075584.jpg,1785600040928414720,9.787,37.329,52.671,7,41,1469.2,0.76,1,142.671
75585,00075585.jpg,1785600040945888512,9.805,37.115,52.885,7,42,1468.3,0.64,1,142.885
75586,00075586.jpg,1785600040995897600,9.798,37.028,52.972,7,41,1472.0,0.58,1,142.972
75587,00075587.jpg,1785600041011821056,9.798,36.61,53.39,7,41,1463.8,0.43,1,143.39
75588,00075588.jpg,1785600041062561024,9.808,36.162,53.838,7,44,1438.8,0.71,1,143.838
75589,00075589.jpg,1785600041078045440,9.804,35.834,54.166,7,42,1439.6,0.8,1,144.166
75590,00075590.jpg,1785600041128874752,9.782,36.005,53.995,7,43,1448.5,0.61,1,143.995
75591,00075591.jpg,1785600041144898304,9.776,36.265,53.735,8,45,1489.1,0.49,1,143.735
75592,00075592.jpg,1785600041195559680,9.567,36.111,53.889,7,41,1445.4,0.55,1,143.889
75593,00075593.jpg,1785600041211836160,9.275,36.243,53.757,7,42,1442.3,0.74,1,143.757
75594,00075594.jpg,1785600041261962752,5.874,36.142,53.858,8,43,1448.6,0.5,1,143.858
75595,00075595.jpg,1785600041278394880,5.133,36.273,53.727,9,51,1528.4,0.58,1,143.727
75596,00075596.jpg,1785600041328332288,3.997,36.154,53.846,9,53,1525.5,0.48,1,143.846
75597,00075597.jpg,1785600041345736448,3.789,36.158,53.842,8,50,1529.6,0.67,1,143.842
75598,00075598.jpg,1785600041395374848,4.281,36.093,53.907,9,52,1519.3,0.67,1,143.907
75599,00075599.jpg,1785600041411461376,6.91,36.391,53.609,9,51,1525.8,0.48,1,143.609
75600,00075600.jpg,1785600041463447808,9.077,36.21,53.79,7,41,1429.6,0.6,1,143.79
75601,00075601.jpg,1785600041480137984,9.336,36.505,53.495,8,44,1442.4,0.56,1,143.495
75602,00075602.jpg,1785600041528862720,9.749,36.348,53.652,7,42,1433.6,0.47,1,143.652
75603,00075603.jpg,1785600041546207232,9.795,36.376,53.624,7,41,1430.7,0.55,1,143.624
75604,00075604.jpg,1785600041595335168,9.867,36.345,53.655,7,43,1432.5,0.57,1,143.655
75605,00075605.jpg,1785600041611289856,9.875,36.426,53.574,7,42,1425.6,0.74,1,143.574
75606,00075606.jpg,1785600041662637568,9.887,36.312,53.688,8,49,1512.2,0.75,1,143.688
75607,00075607.jpg,1785600041678636800,9.874,36.245,53.755,7,41,1425.3,0.65,1,143.755
75608,00075608.jpg,1785600041728769280,9.898,36.3,53.7,8,44,1434.0,0.56,1,143.7
75609,00075609.jpg,1785600041744728064,9.904,36.535,53.465,8,47,1437.7,0.91,1,143.465
75610,00075610.jpg,1785600041795808768,9.915,37.208,52.792,8,44,1387.8,1.08,1,142.792
75611,00075611.jpg,1785600041811853568,9.915,36.688,53.312,7,41,1388.1,0.81,1,143.312
75612,00075612.jpg,1785600041861655296,10.12,37.588,52.412,8,43,1312.1,1.55,1,142.412
75613,00075613.jpg,1785600041878840576,10.062,37.031,52.969,7,39,1288.0,1.62,1,142.969
75614,00075614.jpg,1785600041928310528,9.936,36.21,53.79,7,39,1309.3,0.62,1,143.79
75615,00075615.jpg,1785600041945513216,9.956,36.296,53.704,7,39,1306.4,0.42,1,143.704
75616,00075616.jpg,1785600041996575744,9.976,35.893,54.107,7,40,1342.0,1.08,1,144.107
75617,00075617.jpg,1785600042011911424,9.974,35.598,54.402,7,39,1344.8,1.12,1,144.402
75618,00075618.jpg,1785600042062146560,10.134,36.055,53.945,7,40,1362.9,0.79,1,143.945
75619,00075619.jpg,1785600042080173568,10.305,35.637,54.363,7,41,1369.4,0.96,1,144.363
75620,00075620.jpg,1785600042129385728,11.171,35.518,54.482,7,43,1386.3,1.18,1,144.482
75621,00075621.jpg,1785600042144924160,11.571,36.427,53.573,7,39,1380.3,0.63,1,143.573
75622,00075622.jpg,1785600042195877120,13.019,36.535,53.465,7,40,1397.0,0.55,1,143.465
75623,00075623.jpg,1785600042211790336,13.473,36.449,53.551,7,40,1400.1,0.64,1,143.551
75624,00075624.jpg,1785600042262308608,14.941,36.135,53.865,7,39,1404.9,0.55,1,143.865
75625,00075625.jpg,1785600042278045184,14.941,36.075,53.925,7,39,1401.8,0.43,1,143.925
75626,00075626.jpg,1785600042329035264,7.378,36.353,53.647,7,40,1410.6,0.54,1,143.647
75627,00075627.jpg,1785600042345103616,6.204,36.481,53.519,7,41,1410.7,0.3,1,143.519
75628,00075628.jpg,1785600042395421184,7.205,36.094,53.906,7,41,1409.8,0.65,1,143.906
75629,00075629.jpg,1785600042411250944,7.735,36.244,53.756,7,40,1409.6,0.36,1,143.756
75630,00075630.jpg,1785600042462014720,9.057,35.951,54.049,8,45,1400.1,0.69,1,144.049
75631,00075631.jpg,1785600042477716992,9.272,36.183,53.817,8,46,1408.8,0.49,1,143.817
75632,00075632.jpg,1785600042528968960,9.69,36.298,53.702,8,45,1427.8,0.46,1,143.702
75633,00075633.jpg,1785600042544612096,9.749,36.311,53.689,7,41,1407.5,0.48,1,143.689
75634,00075634.jpg,1785600042596700416,9.855,36.081,53.919,7,42,1411.5,0.61,1,143.919
75635,00075635.jpg,1785600042611622912,9.855,36.413,53.587,7,40,1416.8,0.38,1,143.587
75636,00075636.jpg,1785600042663092224,9.892,36.319,53.681,7,39,1413.8,0.36,1,143.681
75637,00075637.jpg,1785600042678409216,9.895,36.396,53.604,7,40,1419.0,0.34,1,143.604
75638,00075638.jpg,1785600042728156672,9.9,36.275,53.725,7,40,1412.5,0.51,1,143.725
75639,00075639.jpg,1785600042745592832,9.901,36.268,53.732,7,42,1415.3,0.51,1,143.732
75640,00075640.jpg,1785600042796202752,9.909,36.431,53.569,7,40,1398.5,0.38,1,143.569
75641,00075641.jpg,1785600042811768576,9.918,36.322,53.678,7,42,1392.3,0.42,1,143.678
75642,00075642.jpg,1785600042862626816,9.97,36.743,53.257,7,40,1364.9,0.73,1,143.257
75643,00075643.jpg,1785600042878727936,10.007,37.129,52.871,7,43,1346.5,1.36,1,142.871
75644,00075644.jpg,1785600042928275456,9.914,36.193,53.807,8,42,1320.0,0.59,1,143.807
75645,00075645.jpg,1785600042946040576,9.943,36.365,53.635,7,42,1309.3,0.55,1,143.635
75646,00075646.jpg,1785600042995512832,9.987,35.973,54.027,8,42,1328.5,0.84,1,144.027
75647,00075647.jpg,1785600043011141632,9.995,36.194,53.806,7,41,1325.6,0.8,1,143.806
75648,00075648.jpg,1785600043062234880,9.989,35.649,54.351,7,41,1361.7,1.71,1,144.351
75649,00075649.jpg,1785600043078778368,9.953,35.545,54.455,8,42,1369.7,1.39,1,144.455
75650,00075650.jpg,1785600043129187584,9.997,35.6,54.4,7,34,1187.4,1.48,1,144.4
75651,00075651.jpg,1785600043144963328,10.084,35.904,54.096,8,43,1384.9,1.09,1,144.096
75652,00075652.jpg,1785600043196937984,10.75,35.511,54.489,7,35,1196.2,1.21,1,144.489
75653,00075653.jpg,1785600043211842560,11.074,35.719,54.281,7,33,1193.4,1.09,1,144.281
75654,00075654.jpg,1785600043262384640,12.687,36.046,53.954,7,34,1206.2,1.08,1,143.954
75655,00075655.jpg,1785600043278359040,12.687,35.907,54.093,7,35,1208.4,1.04,1,144.093
75656,00075656.jpg,1785600043328385024,14.543,36.188,53.812,6,31,1190.7,1.0,1,143.812
75657,00075657.jpg,1785600043345269760,14.883,36.168,53.832,7,33,1212.7,0.91,1,143.832
75658,00075658.jpg,1785600043396095488,10.721,36.091,53.909,7,34,1201.4,0.97,1,143.909
75659,00075659.jpg,1785600043411976192,7.339,36.545,53.455,7,41,1389.3,0.69,1,143.455
75660,00075660.jpg,1785600043462118656,6.483,36.475,53.525,7,40,1389.2,0.65,1,143.525
75661,00075661.jpg,1785600043478411008,7.028,35.926,54.074,7,40,1384.7,0.71,1,144.074
75662,00075662.jpg,1785600043528854272,8.645,36.449,53.551,8,42,1397.6,0.61,1,143.551
75663,00075663.jpg,1785600043544974080,8.932,36.266,53.734,8,41,1394.3,0.8,1,143.734
75664,00075664.jpg,1785600043596185088,9.52,36.267,53.733,9,43,1401.6,0.88,1,143.733
75665,00075665.jpg,1785600043612328192,9.603,36.345,53.655,9,43,1398.5,0.69,1,143.655
75666,00075666.jpg,1785600043662123520,9.77,36.179,53.821,9,43,1407.9,0.81,1,143.821
75667,00075667.jpg,1785600043679574784,9.798,35.551,54.449,9,44,1408.7,1.12,1,144.449
75668,00075668.jpg,1785600043728545024,9.821,35.848,54.152,9,44,1427.5,0.98,1,144.152
75669,00075669.jpg,1785600043744753408,9.83,35.686,54.314,9,45,1426.1,0.98,1,144.314
75670,00075670.jpg,1785600043795801344,9.836,36.421,53.579,9,45,1446.0,0.77,1,143.579
75671,00075671.jpg,1785600043811038720,9.836,36.272,53.728,9,44,1436.0,0.67,1,143.728
75672,00075672.jpg,1785600043861713920,9.83,36.336,53.664,8,42,1424.4,0.64,1,143.664
75673,00075673.jpg,1785600043879177728,9.829,36.266,53.734,8,42,1418.8,0.75,1,143.734
75674,00075674.jpg,1785600043929621248,9.828,36.28,53.72,7,33,1179.3,0.7,1,143.72
75675,00075675.jpg,1785600043945416704,9.828,36.309,53.691,6,31,1170.5,0.63,1,143.691
75676,00075676.jpg,1785600043996732416,9.274,36.486,53.514,9,43,1411.9,0.61,1,143.514
75677,00075677.jpg,1785600044012299520,8.794,36.332,53.668,8,35,1183.9,0.58,1,143.668
75678,00075678.jpg,1785600044062829568,5.909,36.376,53.624,10,39,1204.6,0.71,1,143.624
75679,00075679.jpg,1785600044079000320,5.28,36.216,53.784,10,38,1191.4,0.77,1,143.784
75680,00075680.jpg,1785600044128231680,4.958,36.468,53.532,9,35,1195.1,0.52,1,143.532
75681,00075681.jpg,1785600044145346304,5.117,36.295,53.705,9,34,1189.2,0.62,1,143.705
75682,00075682.jpg,1785600044195402752,9.001,36.251,53.749,8,33,1173.9,0.67,1,143.749
75683,00075683.jpg,1785600044211495424,9.001,36.223,53.777,7,32,1154.0,0.55,1,143.777
75684,00075684.jpg,1785600044261561856,9.744,36.357,53.643,7,30,1168.2,0.67,1,143.643
75685,00075685.jpg,1785600044278868992,9.795,35.949,54.051,8,33,1208.7,0.97,1,144.051
75686,00075686.jpg,1785600044329879808,9.876,36.265,53.735,7,32,1195.6,0.58,1,143.735
75687,00075687.jpg,1785600044344591360,9.876,36.296,53.704,7,31,1199.0,0.84,1,143.704
75688,00075688.jpg,1785600044395034368,9.899,36.209,53.791,7,30,1193.0,0.66,1,143.791
75689,00075689.jpg,1785600044411994112,9.901,36.603,53.397,7,32,1195.3,0.53,1,143.397
75690,00075690.jpg,1785600044461723392,9.904,36.395,53.605,6,29,1181.6,0.51,1,143.605
75691,00075691.jpg,1785600044478862336,9.904,36.217,53.783,7,31,1189.2,0.53,1,143.783
75692,00075692.jpg,1785600044528906240,9.905,36.579,53.421,5,28,1131.3,0.56,1,143.421
75693,00075693.jpg,1785600044544897792,9.906,36.338,53.662,5,26,1114.6,0.54,1,143.662
75694,00075694.jpg,1785600044597516288,9.906,36.139,53.861,1,10,695.1,0.7,1,143.861
75695,00075695.jpg,1785600044611919872,9.907,36.447,53.553,2,12,694.8,0.46,1,143.553
75696,00075696.jpg,1785600044662699520,9.907,36.33,53.67,1,10,676.8,0.49,1,143.67
75697,00075697.jpg,1785600044679126528,9.907,36.329,53.671,1,10,674.6,0.47,1,143.671
75698,00075698.jpg,1785600044728305920,9.908,36.431,53.569,1,10,661.8,0.43,1,143.569
75699,00075699.jpg,1785600044745579520,9.908,36.279,53.721,1,10,655.7,0.48,1,143.721
75700,00075700.jpg,1785600044796288256,9.909,36.885,53.115,1,10,645.5,0.36,1,143.115
75701,00075701.jpg,1785600044812145920,9.909,36.581,53.419,1,10,638.8,0.57,1,143.419
75702,00075702.jpg,1785600044861828864,9.91,36.512,53.488,1,10,627.7,0.58,1,143.488
75703,00075703.jpg,1785600044877957376,9.91,36.513,53.487,1,10,623.3,0.48,1,143.487
75704,00075704.jpg,1785600044928603904,9.91,36.635,53.365,1,11,609.0,0.44,1,143.365
75705,00075705.jpg,1785600044944677376,9.911,36.733,53.267,1,6,300.6,0.34,1,143.267
75706,00075706.jpg,1785600044995394816,9.911,36.255,53.745,1,6,281.3,0.17,1,143.745
75707,00075707.jpg,1785600045011299328,9.911,36.441,53.559,1,6,273.9,0.4,1,143.559
75708,00075708.jpg,1785600045061940736,9.913,36.11,53.89,4,13,303.8,0.49,1,143.89
75709,00075709.jpg,1785600045078977536,9.919,36.294,53.706,4,12,297.6,0.22,1,143.706
75710,00075710.jpg,1785600045129389312,9.943,36.557,53.443,5,19,331.9,0.33,1,143.443
75711,00075711.jpg,1785600045145116928,9.964,37.144,52.856,5,17,312.1,0.16,1,142.856
75712,00075712.jpg,1785600045196401408,10.013,38.216,51.784,4,16,270.9,0.21,1,141.784
75713,00075713.jpg,1785600045213507328,10.039,38.892,51.108,5,19,321.0,0.68,1,141.108
75714,00075714.jpg,1785600045262697216,9.973,41.952,48.048,8,27,318.5,1.52,1,138.048
75715,00075715.jpg,1785600045277799680,9.954,42.812,47.188,9,29,331.4,0.92,1,137.188
75716,00075716.jpg,1785600045330036480,9.958,46.447,43.553,11,31,409.6,1.34,1,133.553
75717,00075717.jpg,1785600045345408768,9.965,47.809,42.191,12,39,522.5,0.96,1,132.191
75718,00075718.jpg,1785600045395362048,9.968,51.434,38.566,14,48,657.1,1.24,1,128.566
75719,00075719.jpg,1785600045411213056,9.966,52.782,37.218,11,44,653.7,1.08,1,127.218
75720,00075720.jpg,1785600045462178304,9.965,56.367,33.633,14,49,718.7,0.82,1,123.633
75721,00075721.jpg,1785600045479067136,9.966,57.934,32.066,13,46,747.7,0.94,1,122.066
75722,00075722.jpg,1785600045530426368,9.967,61.001,28.999,13,52,1003.9,0.91,1,118.999
75723,00075723.jpg,1785600045544965376,9.967,62.659,27.341,10,44,1000.9,0.93,1,117.341
75724,00075724.jpg,1785600045595327744,9.968,65.94,24.06,11,50,1069.2,0.73,1,114.06
75725,00075725.jpg,1785600045611198464,9.968,67.039,22.961,12,49,1099.0,0.61,1,112.961
75726,00075726.jpg,1785600045662595840,9.969,70.896,19.104,11,52,1299.9,0.74,1,109.104
75727,00075727.jpg,1785600045677722880,9.969,72.056,17.944,15,54,1330.0,0.45,1,107.944
75728,00075728.jpg,1785600045729308416,9.97,75.342,14.658,14,57,1231.7,0.56,1,104.658
75729,00075729.jpg,1785600045746334976,9.971,76.925,13.075,15,56,1175.2,1.1,1,103.075
75730,00075730.jpg,1785600045795664640,9.971,80.045,9.955,12,50,992.6,0.72,1,99.955
75731,00075731.jpg,1785600045811367424,9.972,81.292,8.708,11,39,961.5,0.99,1,98.708
75732,00075732.jpg,1785600045862297344,9.94,84.591,5.409,9,48,1033.8,0.74,1,95.409
75733,00075733.jpg,1785600045878041600,9.955,85.864,4.136,9,43,1023.7,0.91,1,94.136
75734,00075734.jpg,1785600045929387008,9.925,87.826,2.174,9,44,1071.6,0.8,1,92.174
75735,00075735.jpg,1785600045945294080,9.925,87.862,2.138,8,44,1080.2,0.9,1,92.138
75736,00075736.jpg,1785600045996479744,9.927,88.452,1.548,9,44,1101.2,0.43,1,91.548
75737,00075737.jpg,1785600046011763712,9.925,88.81,1.19,9,44,1109.0,0.84,1,91.19
75738,00075738.jpg,1785600046063367424,9.922,88.204,1.796,11,46,1117.5,0.48,1,91.796
75739,00075739.jpg,1785600046078799872,9.922,88.465,1.535,12,49,1125.9,0.56,1,91.535
75740,00075740.jpg,1785600046128248576,9.921,88.119,1.881,12,48,1153.1,0.44,1,91.881
75741,00075741.jpg,1785600046145818624,9.92,88.465,1.535,12,47,1152.6,0.82,1,91.535
75742,00075742.jpg,1785600046196055808,9.919,88.474,1.526,11,46,1164.8,0.72,1,91.526
75743,00075743.jpg,1785600046211966976,9.919,88.425,1.575,11,48,1181.0,0.59,1,91.575
75744,00075744.jpg,1785600046262615296,9.918,88.54,1.46,14,50,1202.2,0.55,1,91.46
75745,00075745.jpg,1785600046278999808,9.918,88.429,1.571,14,51,1196.0,0.61,1,91.571
75746,00075746.jpg,1785600046328368128,9.917,88.225,1.775,11,45,1199.7,0.43,1,91.775
75747,00075747.jpg,1785600046345753600,9.917,88.394,1.606,13,44,1198.5,0.55,1,91.606
75748,00075748.jpg,1785600046396605952,9.916,88.376,1.624,12,46,1206.9,0.6,1,91.624
75749,00075749.jpg,1785600046411784448,9.915,88.213,1.787,12,44,1209.3,0.43,1,91.787
75750,00075750.jpg,1785600046462302976,9.914,88.285,1.715,11,46,1244.3,0.71,1,91.715
75751,00075751.jpg,1785600046478663424,9.914,88.551,1.449,10,46,1247.5,0.47,1,91.449
75752,00075752.jpg,1785600046528922112,9.914,88.538,1.462,11,45,1253.3,0.57,1,91.462
75753,00075753.jpg,1785600046544802816,9.92,88.291,1.709,11,44,1253.3,0.46,1,91.709
75754,00075754.jpg,1785600046596302080,9.939,88.812,1.188,12,47,1287.3,0.69,1,91.188
75755,00075755.jpg,1785600046612275200,9.954,89.041,0.959,13,49,1288.8,0.49,1,90.959
75756,00075756.jpg,1785600046662700800,10.122,0.049,89.951,13,48,1335.7,0.43,1,89.951
75757,00075757.jpg,1785600046678506752,10.096,0.889,89.111,11,43,1301.3,0.35,1,89.111
75758,00075758.jpg,1785600046728939776,9.934,4.314,85.686,13,55,1305.0,0.66,1,85.686
75759,00075759.jpg,1785600046745554688,9.929,5.638,84.362,12,52,1281.4,0.61,1,84.362
75760,00075760.jpg,1785600046796276224,9.957,9.508,80.492,12,60,1274.4,0.68,1,80.492
75761,00075761.jpg,1785600046811792896,9.961,10.517,79.483,12,50,1253.6,0.69,1,79.483
75762,00075762.jpg,1785600046861809152,9.951,14.005,75.995,12,55,1276.4,0.48,1,75.995
75763,00075763.jpg,1785600046878979584,9.93,15.082,74.918,12,51,1263.2,0.48,1,74.918
75764,00075764.jpg,1785600046929856000,9.912,18.779,71.221,12,52,1312.6,0.65,1,71.221
75765,00075765.jpg,1785600046945858560,9.792,19.636,70.364,14,46,1317.5,0.44,1,70.364
75766,00075766.jpg,1785600046995846144,8.712,21.629,68.371,12,49,1328.4,0.52,1,68.371
75767,00075767.jpg,1785600047012124416,8.071,21.91,68.09,13,48,1312.9,0.5,1,68.09
75768,00075768.jpg,1785600047062615808,5.13,22.217,67.783,16,51,1322.2,0.3,1,67.783
75769,00075769.jpg,1785600047078792960,4.378,22.425,67.575,14,51,1341.5,0.65,1,67.575
75770,00075770.jpg,1785600047128364800,3.976,22.516,67.484,14,57,1374.5,0.54,1,67.484
75771,00075771.jpg,1785600047144685312,3.765,22.245,67.755,13,49,1352.9,0.26,1,67.755
75772,00075772.jpg,1785600047195835904,7.199,22.258,67.742,12,46,1406.5,0.43,1,67.742
75773,00075773.jpg,1785600047212164096,7.199,22.523,67.477,14,52,1418.4,0.39,1,67.477
75774,00075774.jpg,1785600047262227968,9.36,22.533,67.467,12,52,1449.3,0.52,1,67.467
75775,00075775.jpg,1785600047278007808,9.522,22.442,67.558,13,53,1471.1,0.45,1,67.558
75776,00075776.jpg,1785600047328800768,9.778,22.527,67.473,13,59,1512.1,0.28,1,67.473
75777,00075777.jpg,1785600047344756224,9.807,22.494,67.506,13,50,1477.9,0.22,1,67.506
75778,00075778.jpg,1785600047395406848,9.592,22.495,67.505,14,55,1514.2,0.65,1,67.505
75779,00075779.jpg,1785600047410953984,9.592,22.468,67.532,12,51,1511.8,0.54,1,67.532
75780,00075780.jpg,1785600047461723392,6.007,22.603,67.397,12,52,1525.2,0.49,1,67.397
75781,00075781.jpg,1785600047478639616,5.25,22.618,67.382,14,57,1540.9,0.48,1,67.382
75782,00075782.jpg,1785600047528920576,4.393,22.774,67.226,12,53,1526.7,0.94,1,67.226
75783,00075783.jpg,1785600047544950784,4.393,22.804,67.196,14,58,1538.9,0.74,1,67.196
75784,00075784.jpg,1785600047595648512,7.659,22.575,67.425,16,61,1590.1,1.04,1,67.425
75785,00075785.jpg,1785600047611125760,8.439,22.844,67.156,14,62,1615.6,1.26,1,67.156
75786,00075786.jpg,1785600047661502720,9.573,23.332,66.668,12,61,1731.2,1.46,1,66.668
75787,00075787.jpg,1785600047678876416,9.745,22.811,67.189,14,59,1684.1,0.99,1,67.189
75788,00075788.jpg,1785600047728776192,10.014,22.412,67.588,14,62,1636.4,0.41,1,67.588
75789,00075789.jpg,1785600047744071680,10.014,22.537,67.463,14,57,1618.2,0.27,1,67.463
75790,00075790.jpg,1785600047794887936,10.094,22.288,67.712,14,62,1586.5,0.66,1,67.712
75791,00075791.jpg,1785600047812238592,10.096,22.399,67.601,13,67,1582.9,0.7,1,67.601
75792,00075792.jpg,1785600047861680384,10.011,22.226,67.774,12,58,1551.6,0.97,1,67.774
75793,00075793.jpg,1785600047877731584,9.973,22.141,67.859,15,66,1581.3,1.0,1,67.859
75794,00075794.jpg,1785600047928811264,9.987,21.879,68.121,19,68,1530.3,1.14,1,68.121
75795,00075795.jpg,1785600047945293312,9.911,22.249,67.751,16,68,1563.9,0.7,1,67.751
75796,00075796.jpg,1785600047996882432,9.945,22.217,67.783,17,70,1556.8,0.67,1,67.783
75797,00075797.jpg,1785600048011252480,9.945,22.228,67.772,15,67,1566.6,0.42,1,67.772
75798,00075798.jpg,1785600048062262016,10.075,22.72,67.28,17,71,1581.3,0.43,1,67.28
75799,00075799.jpg,1785600048077887488,10.006,22.649,67.351,17,73,1606.2,0.54,1,67.351
75800,00075800.jpg,1785600048129292800,10.057,21.906,68.094,14,63,1512.6,0.77,1,68.094
75801,00075801.jpg,1785600048145097984,10.075,22.214,67.786,16,61,1525.6,0.85,1,67.786
75802,00075802.jpg,1785600048196198144,10.095,21.611,68.389,16,68,1532.6,1.51,1,68.389
75803,00075803.jpg,1785600048211375616,10.099,21.991,68.009,15,59,1498.5,1.8,1,68.009
75804,00075804.jpg,1785600048263577088,9.99,21.846,68.154,15,68,1534.7,1.9,1,68.154
75805,00075805.jpg,1785600048280397312,9.958,21.457,68.543,14,68,1540.3,1.65,1,68.543
75806,00075806.jpg,1785600048328680704,9.925,19.903,70.097,18,82,1628.2,2.82,1,70.097
75807,00075807.jpg,1785600048344966912,10.026,19.894,70.106,19,74,1619.8,2.62,1,70.106
75808,00075808.jpg,1785600048395486720,10.214,20.56,69.44,17,80,1552.0,2.14,1,69.44
75809,00075809.jpg,1785600048412179712,10.418,20.578,69.422,14,75,1546.4,2.38,1,69.422
75810,00075810.jpg,1785600048462307072,12.139,20.057,69.943,16,72,1431.5,2.41,1,69.943
75811,00075811.jpg,1785600048478380288,12.635,20.191,69.809,17,78,1443.0,2.56,1,69.809
75812,00075812.jpg,1785600048528642304,14.173,20.372,69.628,19,68,1320.0,2.3,1,69.628
75813,00075813.jpg,1785600048544974592,14.645,20.465,69.535,16,66,1316.4,2.22,1,69.535
75814,00075814.jpg,1785600048595885056,15.859,20.546,69.454,15,60,1271.2,2.24,1,69.454
75815,00075815.jpg,1785600048613325568,16.05,20.362,69.638,18,58,1279.7,2.12,1,69.638
75816,00075816.jpg,1785600048662528512,5.827,21.019,68.981,17,73,1331.9,1.71,1,68.981
75817,00075817.jpg,1785600048678312960,5.624,21.026,68.974,15,59,1275.3,1.6,1,68.974
75818,00075818.jpg,1785600048729284352,7.467,20.871,69.129,16,61,1271.7,1.99,1,69.129
75819,00075819.jpg,1785600048745663232,7.467,20.907,69.093,15,63,1281.2,1.6,1,69.093
75820,00075820.jpg,1785600048796209664,10.375,20.857,69.143,14,62,1273.6,1.61,1,69.143
75821,00075821.jpg,1785600048812260864,10.613,21.406,68.594,21,65,1256.7,1.7,1,68.594
75822,00075822.jpg,1785600048862282496,12.069,20.846,69.154,19,73,1264.4,1.46,1,69.154
75823,00075823.jpg,1785600048878548480,12.561,21.466,68.534,20,62,1262.6,1.47,1,68.534
75824,00075824.jpg,1785600048929239296,14.095,21.379,68.621,19,62,1235.2,1.85,1,68.621
75825,00075825.jpg,1785600048944859392,14.616,20.122,69.878,19,66,1261.1,2.14,1,69.878
75826,00075826.jpg,1785600048995703808,16.345,20.887,69.113,20,67,1253.3,1.62,1,69.113
75827,00075827.jpg,1785600049011470848,16.859,21.424,68.576,19,67,1277.7,1.52,1,68.576
75828,00075828.jpg,1785600049061993984,19.149,20.977,69.023,14,66,1255.8,1.79,1,69.023
75829,00075829.jpg,1785600049077808384,19.797,21.356,68.644,15,63,1257.0,1.56,1,68.644
75830,00075830.jpg,1785600049130215424,21.529,21.65,68.35,15,61,1239.9,1.68,1,68.35
75831,00075831.jpg,1785600049144229120,21.98,21.366,68.634,15,61,1247.5,1.57,1,68.634
75832,00075832.jpg,1785600049197017856,22.804,21.014,68.986,17,67,1239.9,1.82,1,68.986
75833,00075833.jpg,1785600049212210176,14.919,21.025,68.975,17,55,1194.5,1.8,1,68.975
75834,00075834.jpg,1785600049262458880,1.059,21.487,68.513,18,68,1197.0,1.72,1,68.513
75835,00075835.jpg,1785600049278505984,1.945,20.601,69.399,19,70,1192.2,2.05,1,69.399
75836,00075836.jpg,1785600049330745344,6.054,20.619,69.381,19,62,1208.2,2.12,1,69.381
75837,00075837.jpg,1785600049344886016,6.927,21.356,68.644,17,65,1214.1,1.91,1,68.644
75838,00075838.jpg,1785600049395855616,8.735,21.118,68.882,16,59,1188.9,1.77,1,68.882
75839,00075839.jpg,1785600049412059904,9.007,20.769,69.231,18,64,1230.3,1.83,1,69.231
75840,00075840.jpg,1785600049462368256,9.51,20.331,69.669,19,75,1278.6,2.11,1,69.669
75841,00075841.jpg,1785600049478655232,9.577,20.958,69.042,20,67,1239.3,1.63,1,69.042
75842,00075842.jpg,1785600049528934144,9.697,21.143,68.857,19,63,1248.6,1.6,1,68.857
75843,00075843.jpg,1785600049544834560,9.713,21.115,68.885,18,69,1270.6,1.49,1,68.885
75844,00075844.jpg,1785600049595318016,9.745,21.834,68.166,19,65,1235.7,1.26,1,68.166
75845,00075845.jpg,1785600049611034880,9.755,21.221,68.779,17,72,1288.6,1.48,1,68.779
75846,00075846.jpg,1785600049661875968,9.759,21.329,68.671,21,65,1270.2,1.33,1,68.671
75847,00075847.jpg,1785600049678775040,9.756,21.17,68.83,16,62,1253.9,1.78,1,68.83
75848,00075848.jpg,1785600049728213760,9.754,20.782,69.218,19,71,1290.5,2.0,1,69.218
75849,00075849.jpg,1785600049745786112,9.754,20.176,69.824,21,71,1290.3,2.2,1,69.824
75850,00075850.jpg,1785600049795947520,9.754,21.374,68.626,21,71,1316.5,1.77,1,68.626
75851,00075851.jpg,1785600049812626432,9.754,20.726,69.274,20,69,1321.4,1.95,1,69.274
75852,00075852.jpg,1785600049862615296,9.755,20.887,69.113,19,68,1303.0,1.73,1,69.113
75853,00075853.jpg,1785600049878600192,9.755,20.887,69.113,19,70,1295.3,1.84,1,69.113
75854,00075854.jpg,1785600049928187392,9.756,20.749,69.251,18,70,1330.8,2.0,1,69.251
75855,00075855.jpg,1785600049945596416,9.757,20.743,69.257,24,68,1333.1,2.05,1,69.257
75856,00075856.jpg,1785600049995434240,9.765,21.316,68.684,17,68,1271.6,1.84,1,68.684
75857,00075857.jpg,1785600050011585792,9.774,20.998,69.002,21,72,1281.4,1.94,1,69.002
75858,00075858.jpg,1785600050062634496,9.832,21.703,68.297,21,63,1188.2,2.03,1,68.297
75859,00075859.jpg,1785600050078294016,9.868,21.203,68.797,17,64,1158.8,1.89,1,68.797
75860,00075860.jpg,1785600050128288000,9.838,21.396,68.604,17,59,1084.7,1.74,1,68.604
75861,00075861.jpg,1785600050144403200,9.85,21.862,68.138,14,58,1075.5,1.58,1,68.138
75862,00075862.jpg,1785600050196034560,9.384,21.051,68.949,19,65,1068.2,2.23,1,68.949
75863,00075863.jpg,1785600050212147456,8.86,21.284,68.716,18,65,1029.9,1.75,1,68.716
75864,00075864.jpg,1785600050262053376,5.96,20.714,69.286,17,59,969.0,2.17,1,69.286
75865,00075865.jpg,1785600050278116864,5.96,20.7,69.3,20,63,959.4,2.01,1,69.3
75866,00075866.jpg,1785600050328527616,5.005,20.437,69.563,17,58,1028.2,2.44,1,69.563
75867,00075867.jpg,1785600050344199936,5.182,20.187,69.813,17,63,1038.2,2.23,1,69.813
75868,00075868.jpg,1785600050396974080,9.185,19.134,70.866,21,64,1074.6,2.48,1,70.866
75869,00075869.jpg,1785600050411649024,9.482,18.173,71.827,21,64,1112.3,3.35,1,71.827
75870,00075870.jpg,1785600050461758976,9.895,18.446,71.554,20,61,1128.2,3.19,1,71.554
75871,00075871.jpg,1785600050477460992,9.895,19.271,70.729,20,67,1145.0,2.72,1,70.729
75872,00075872.jpg,1785600050529345024,9.965,18.98,71.02,17,58,1122.5,2.6,1,71.02
75873,00075873.jpg,1785600050546694144,9.958,18.061,71.939,22,61,1138.2,3.42,1,71.939
75874,00075874.jpg,1785600050595331072,9.941,19.201,70.799,20,57,1119.5,2.32,1,70.799
75875,00075875.jpg,1785600050611464960,9.933,18.941,71.059,16,65,1134.5,2.42,1,71.059
75876,00075876.jpg,1785600050661130240,9.883,18.927,71.073,17,54,1108.8,2.86,1,71.073
75877,00075877.jpg,1785600050677320448,9.88,19.152,70.848,17,62,1129.5,2.36,1,70.848
75878,00075878.jpg,1785600050729691648,9.881,19.085,70.915,17,61,1168.1,2.51,1,70.915
75879,00075879.jpg,1785600050745360384,9.881,19.749,70.251,15,66,1134.3,2.33,1,70.251
75880,00075880.jpg,1785600050795293440,9.888,19.141,70.859,20,56,1145.7,2.64,1,70.859
75881,00075881.jpg,1785600050811388416,9.888,19.311,70.689,19,68,1175.0,2.32,1,70.689
75882,00075882.jpg,1785600050862018560,9.899,19.463,70.537,18,57,1145.0,2.44,1,70.537
75883,00075883.jpg,1785600050879193856,9.904,18.997,71.003,17,60,1152.1,2.77,1,71.003
75884,00075884.jpg,1785600050928247040,9.897,19.469,70.531,18,58,1139.4,2.74,1,70.531
75885,00075885.jpg,1785600050947519232,9.906,19.088,70.912,16,61,1173.6,3.11,1,70.912
75886,00075886.jpg,1785600050996270848,9.916,17.628,72.372,15,62,1176.2,4.2,1,72.372
75887,00075887.jpg,1785600051014053120,9.933,17.809,72.191,16,58,1190.1,3.97,1,72.191
75888,00075888.jpg,1785600051063662848,9.917,18.784,71.216,16,61,1203.7,2.96,1,71.216
75889,00075889.jpg,1785600051078288640,9.918,19.611,70.389,16,64,1219.9,2.4,1,70.389
75890,00075890.jpg,1785600051129494528,9.913,19.521,70.479,15,51,1179.4,2.04,1,70.479
75891,00075891.jpg,1785600051146847488,9.908,19.85,70.15,14,54,1208.5,2.15,1,70.15
75892,00075892.jpg,1785600051195939328,9.899,19.718,70.282,16,60,1229.2,1.88,1,70.282
75893,00075893.jpg,1785600051213737728,9.897,20.239,69.761,15,58,1222.1,1.53,1,69.761
75894,00075894.jpg,1785600051262406144,9.891,19.992,70.008,15,53,1216.2,1.84,1,70.008
75895,00075895.jpg,1785600051279998976,9.875,20.164,69.836,14,51,1212.3,1.79,1,69.836
75896,00075896.jpg,1785600051328294912,9.891,20.117,69.883,15,61,1250.6,2.01,1,69.883
75897,00075897.jpg,1785600051344363776,9.891,19.597,70.403,16,59,1256.5,2.15,1,70.403
75898,00075898.jpg,1785600051396078592,9.892,20.217,69.783,17,58,1258.5,1.56,1,69.783
75899,00075899.jpg,1785600051412092160,9.897,20.848,69.152,17,62,1251.7,1.89,1,69.152
75900,00075900.jpg,1785600051461904896,9.928,20.31,69.69,17,60,1258.3,1.98,1,69.69
75901,00075901.jpg,1785600051478092800,9.945,20.982,69.018,16,62,1263.8,2.0,1,69.018
75902,00075902.jpg,1785600051528188928,9.923,20.36,69.64,13,58,1245.5,1.97,1,69.64
75903,00075903.jpg,1785600051545776640,9.928,19.982,70.018,13,54,1245.6,2.0,1,70.018
75904,00075904.jpg,1785600051595662336,9.936,20.452,69.548,13,50,1261.8,1.19,1,69.548
75905,00075905.jpg,1785600051613618944,9.941,20.495,69.505,13,52,1265.0,1.09,1,69.505
75906,00075906.jpg,1785600051662738944,9.916,20.895,69.105,16,52,1295.0,0.65,1,69.105
75907,00075907.jpg,1785600051677303808,9.908,20.462,69.538,15,58,1297.0,1.22,1,69.538
75908,00075908.jpg,1785600051727967744,9.894,21.001,68.999,14,53,1287.8,0.74,1,68.999
75909,00075909.jpg,1785600051746808320,9.89,20.55,69.45,13,51,1283.0,1.0,1,69.45
75910,00075910.jpg,1785600051796150272,9.896,20.808,69.192,16,58,1277.2,1.03,1,69.192
75911,00075911.jpg,1785600051811373824,9.896,20.63,69.37,15,55,1278.9,1.25,1,69.37
75912,00075912.jpg,1785600051864184064,9.914,20.555,69.445,15,53,1278.0,1.46,1,69.445
75913,00075913.jpg,1785600051879366400,9.92,20.568,69.432,15,58,1252.9,1.03,1,69.432
75914,00075914.jpg,1785600051928602112,9.922,21.106,68.894,15,59,1246.8,0.6,1,68.894
75915,00075915.jpg,1785600051945037312,9.922,20.916,69.084,15,57,1240.2,0.8,1,69.084
75916,00075916.jpg,1785600051996120576,9.902,21.297,68.703,15,54,1203.8,0.54,1,68.703
75917,00075917.jpg,1785600052012298496,9.896,21.242,68.758,15,57,1206.4,0.56,1,68.758
75918,00075918.jpg,1785600052062242560,9.884,20.955,69.045,15,60,1165.2,0.55,1,69.045
75919,00075919.jpg,1785600052078736384,9.884,20.913,69.087,13,52,1138.1,0.7,1,69.087
75920,00075920.jpg,1785600052128729856,9.883,21.085,68.915,14,54,1126.7,0.7,1,68.915
75921,00075921.jpg,1785600052143960576,9.887,21.476,68.524,16,60,1127.3,0.62,1,68.524
75922,00075922.jpg,1785600052195426304,9.899,20.964,69.036,16,59,1105.3,1.37,1,69.036
75923,00075923.jpg,1785600052211213824,9.916,20.306,69.694,14,52,1067.4,1.5,1,69.694
75924,00075924.jpg,1785600052261351680,10.021,21.261,68.739,16,55,988.9,1.22,1,68.739
75925,00075925.jpg,1785600052278788864,10.021,20.471,69.529,14,54,962.8,2.4,1,69.529
75926,00075926.jpg,1785600052328080640,10.046,19.472,70.528,12,49,926.4,2.83,1,70.528
75927,00075927.jpg,1785600052345635584,10.046,20.165,69.835,13,52,966.0,1.81,1,69.835
75928,00075928.jpg,1785600052395958784,10.134,20.867,69.133,15,51,935.3,0.76,1,69.133
75929,00075929.jpg,1785600052412009728,10.166,21.58,68.42,17,60,990.3,0.65,1,68.42
75930,00075930.jpg,1785600052461957888,10.194,22.225,67.775,16,57,967.8,1.65,1,67.775
75931,00075931.jpg,1785600052477381120,10.194,22.235,67.765,18,66,984.0,1.47,1,67.765
75932,00075932.jpg,1785600052528771584,10.051,22.633,67.367,15,45,875.6,1.41,1,67.367
75933,00075933.jpg,1785600052545494784,9.978,21.519,68.481,14,43,854.6,2.49,1,68.481
75934,00075934.jpg,1785600052595819008,9.876,23.318,66.682,15,47,870.7,1.95,1,66.682
75935,00075935.jpg,1785600052612676864,9.869,22.037,67.963,16,52,878.8,1.93,1,67.963
75936,00075936.jpg,1785600052661411072,9.834,21.609,68.391,13,45,825.7,1.31,1,68.391
75937,00075937.jpg,1785600052678702336,9.845,21.914,68.086,14,47,830.3,1.19,1,68.086
75938,00075938.jpg,1785600052729172224,9.916,21.524,68.476,13,46,806.6,0.63,1,68.476
75939,00075939.jpg,1785600052745338112,9.916,21.415,68.585,13,47,803.1,0.47,1,68.585
75940,00075940.jpg,1785600052794760704,9.952,22.593,67.407,9,30,605.4,1.44,1,67.407
75941,00075941.jpg,1785600052812169728,9.958,21.265,68.735,11,39,758.5,1.77,1,68.735
75942,00075942.jpg,1785600052863174912,9.944,22.108,67.892,11,42,789.8,2.21,1,67.892
75943,00075943.jpg,1785600052878337024,9.944,22.197,67.803,11,36,610.6,2.03,1,67.803
75944,00075944.jpg,1785600052928102656,9.878,21.998,68.002,13,37,754.2,2.28,1,68.002
75945,00075945.jpg,1785600052945534720,9.868,23.445,66.555,11,35,623.0,2.28,1,66.555
75946,00075946.jpg,1785600052996148480,9.86,23.15,66.85,10,27,594.8,2.13,1,66.85
75947,00075947.jpg,1785600053011715328,9.86,22.174,67.826,10,31,582.7,2.03,1,67.826
75948,00075948.jpg,1785600053062220032,9.856,21.409,68.591,7,30,578.3,2.55,1,68.591
75949,00075949.jpg,1785600053078371584,9.859,22.068,67.932,7,27,568.6,2.31,1,67.932
75950,00075950.jpg,1785600053130209536,9.875,24.422,65.578,7,26,558.4,2.82,1,65.578
75951,00075951.jpg,1785600053144439296,9.882,24.019,65.981,8,27,562.9,2.19,1,65.981
75952,00075952.jpg,1785600053196338432,9.866,23.74,66.26,8,24,545.9,2.15,1,66.26
75953,00075953.jpg,1785600053211647488,9.872,24.705,65.295,7,23,523.0,1.6,1,65.295
75954,00075954.jpg,1785600053262313472,9.885,23.109,66.891,7,22,466.9,1.5,1,66.891
75955,00075955.jpg,1785600053279346688,9.883,22.72,67.28,7,25,469.9,0.99,1,67.28
75956,00075956.jpg,1785600053329019648,9.88,22.789,67.211,8,25,449.9,0.9,1,67.211
75957,00075957.jpg,1785600053346266368,9.878,23.437,66.563,8,25,447.3,1.66,1,66.563
75958,00075958.jpg,1785600053394850048,9.873,22.937,67.063,7,21,404.4,1.73,1,67.063
75959,00075959.jpg,1785600053412766720,9.872,23.517,66.483,7,21,399.2,2.49,1,66.483
75960,00075960.jpg,1785600053462427904,9.876,23.398,66.602,6,20,356.1,1.4,1,66.602
75961,00075961.jpg,1785600053477716992,9.882,23.582,66.418,7,20,358.9,1.54,1,66.418
75962,00075962.jpg,1785600053528591104,9.904,23.888,66.112,5,15,295.7,1.98,1,66.112
75963,00075963.jpg,1785600053545114112,9.923,24.378,65.622,7,19,298.8,1.39,1,65.622
75964,00075964.jpg,1785600053595969792,9.896,25.339,64.661,6,7,65.3,1.09,1,64.661
75965,00075965.jpg,1785600053611787776,9.904,24.616,65.384,5,7,62.6,1.27,1,65.384
75966,00075966.jpg,1785600053661844224,9.923,21.33,68.67,7,9,107.8,1.33,1,68.67
75967,00075967.jpg,1785600053678284288,9.916,22.824,67.176,6,4,28.9,0.85,1,67.176
75968,00075968.jpg,1785600053729205504,9.898,,,3,0,0.0,,0,67.178
75969,00075969.jpg,1785600053744812032,9.887,22.432,67.568,5,2,15.6,0.0,0,67.178
75970,00075970.jpg,1785600053795337472,9.87,22.328,67.672,6,2,11.7,0.0,0,67.179
75971,00075971.jpg,1785600053811840000,9.87,22.293,67.707,3,3,20.4,0.28,0,67.18
75972,00075972.jpg,1785600053862302976,9.862,22.465,67.535,3,8,56.4,0.2,1,67.535
75973,00075973.jpg,1785600053877298944,9.862,22.106,67.894,2,8,58.8,0.54,1,67.894
75974,00075974.jpg,1785600053927980544,9.863,21.207,68.793,6,13,85.3,0.99,1,68.793
75975,00075975.jpg,1785600053944964096,9.854,21.595,68.405,3,8,73.4,1.73,1,68.405
75976,00075976.jpg,1785600053995611136,9.864,20.784,69.216,9,21,144.5,1.43,1,69.216
75977,00075977.jpg,1785600054011567360,9.864,19.654,70.346,10,20,155.7,0.9,1,70.346
75978,00075978.jpg,1785600054061953280,9.863,20.374,69.626,10,25,203.6,0.98,1,69.626
75979,00075979.jpg,1785600054077907456,9.863,21.37,68.63,10,22,206.4,1.22,1,68.63
75980,00075980.jpg,1785600054128498432,9.863,21.917,68.083,12,28,273.8,1.13,1,68.083
75981,00075981.jpg,1785600054145176320,9.863,21.934,68.066,14,36,463.1,0.65,1,68.066
75982,00075982.jpg,1785600054196108288,9.863,21.965,68.035,14,42,584.4,0.83,1,68.035
75983,00075983.jpg,1785600054211582720,9.863,21.381,68.619,15,44,615.5,0.52,1,68.619
75984,00075984.jpg,1785600054260779776,9.862,21.524,68.476,17,51,766.4,0.91,1,68.476
75985,00075985.jpg,1785600054277427712,9.862,21.775,68.225,17,50,771.8,1.01,1,68.225
75986,00075986.jpg,1785600054328167168,9.861,21.821,68.179,15,46,769.3,1.2,1,68.179
75987,00075987.jpg,1785600054344101376,9.861,22.294,67.706,13,43,755.2,0.92,1,67.706
75988,00075988.jpg,1785600054395906560,9.861,21.654,68.346,15,49,781.6,1.22,1,68.346
75989,00075989.jpg,1785600054410916608,9.861,22.238,67.762,17,48,782.2,0.75,1,67.762
75990,00075990.jpg,1785600054460750848,9.86,22.269,67.731,15,46,779.5,0.76,1,67.731
75991,00075991.jpg,1785600054479730176,9.86,21.937,68.063,14,44,769.4,1.01,1,68.063
75992,00075992.jpg,1785600054528606720,9.86,22.081,67.919,13,46,784.2,0.89,1,67.919
75993,00075993.jpg,1785600054544942080,9.86,21.987,68.013,15,47,770.5,1.12,1,68.013
75994,00075994.jpg,1785600054595473408,9.714,22.094,67.906,13,50,786.3,1.04,1,67.906
75995,00075995.jpg,1785600054611244800,9.418,21.808,68.192,14,52,775.1,1.07,1,68.192
75996,00075996.jpg,1785600054660593664,8.048,21.649,68.351,13,53,814.6,0.77,1,68.351
75997,00075997.jpg,1785600054678556672,5.981,22.096,67.904,13,49,775.8,1.22,1,67.904
75998,00075998.jpg,1785600054728194816,4.53,21.722,68.278,13,43,770.4,0.71,1,68.278
75999,00075999.jpg,1785600054744792576,3.938,22.363,67.637,12,42,778.8,1.1,1,67.637
76000,00076000.jpg,1785600054796171008,2.882,22.304,67.696,13,46,790.6,1.66,1,67.696
76001,00076001.jpg,1785600054811562496,2.511,21.902,68.098,14,52,814.3,1.42,1,68.098
76002,00076002.jpg,1785600054860999680,0.781,21.398,68.602,13,48,825.4,2.86,1,68.602
76003,00076003.jpg,1785600054876943616,0.487,22.244,67.756,12,44,804.8,2.03,1,67.756
76004,00076004.jpg,1785600054928590336,0.928,21.898,68.102,19,46,814.0,0.98,1,68.102
76005,00076005.jpg,1785600054943588608,1.224,22.127,67.873,19,50,828.8,0.92,1,67.873
76006,00076006.jpg,1785600054995574528,7.707,21.732,68.268,15,43,821.7,0.47,1,68.268
76007,00076007.jpg,1785600055011149568,8.403,21.625,68.375,18,50,855.1,0.76,1,68.375
76008,00076008.jpg,1785600055061706240,9.553,21.933,68.067,16,49,873.4,0.43,1,68.067
76009,00076009.jpg,1785600055078254592,9.685,21.838,68.162,13,52,890.6,0.46,1,68.162
76010,00076010.jpg,1785600055128968192,9.89,21.919,68.081,16,56,926.2,0.54,1,68.081
76011,00076011.jpg,1785600055144902144,9.912,22.053,67.947,14,51,900.5,0.83,1,67.947
76012,00076012.jpg,1785600055195699456,9.945,21.978,68.022,15,55,885.9,0.47,1,68.022
76013,00076013.jpg,1785600055210424320,9.948,21.928,68.072,16,48,860.6,0.7,1,68.072
76014,00076014.jpg,1785600055262633984,9.858,21.683,68.317,19,61,927.5,0.88,1,68.317
76015,00076015.jpg,1785600055277195776,9.536,21.88,68.12,18,53,917.6,0.77,1,68.12
76016,00076016.jpg,1785600055329051904,7.947,21.826,68.174,20,61,941.6,0.84,1,68.174
76017,00076017.jpg,1785600055344121600,7.947,22.017,67.983,20,62,952.6,1.01,1,67.983
76018,00076018.jpg,1785600055395982336,5.456,21.98,68.02,16,54,945.8,0.82,1,68.02
76019,00076019.jpg,1785600055411544320,5.225,22.034,67.966,19,61,970.5,0.97,1,67.966
76020,00076020.jpg,1785600055461894144,8.095,21.893,68.107,18,66,1021.6,1.01,1,68.107
76021,00076021.jpg,1785600055479555584,8.693,22.209,67.791,19,67,1039.4,0.73,1,67.791
76022,00076022.jpg,1785600055528806912,9.678,22.229,67.771,19,63,1007.3,0.88,1,67.771
76023,00076023.jpg,1785600055544990720,9.79,22.209,67.791,16,60,992.2,0.92,1,67.791
76024,00076024.jpg,1785600055596085248,9.966,22.339,67.661,16,59,1026.9,0.65,1,67.661
76025,00076025.jpg,1785600055610422272,9.985,22.089,67.911,16,61,1021.2,0.75,1,67.911
76026,00076026.jpg,1785600055660446976,10.016,22.037,67.963,18,67,1003.2,0.89,1,67.963
76027,00076027.jpg,1785600055678795776,9.988,22.061,67.939,17,64,1008.1,1.08,1,67.939
76028,00076028.jpg,1785600055727200000,10.026,22.821,67.179,20,62,993.4,0.88,1,67.179
76029,00076029.jpg,1785600055745764096,10.022,23.518,66.482,18,60,979.1,0.67,1,66.482
76030,00076030.jpg,1785600055796140800,10.027,24.407,65.593,22,64,995.6,0.94,1,65.593
76031,00076031.jpg,1785600055811799040,10.023,24.831,65.169,25,71,1003.0,1.03,1,65.169
76032,00076032.jpg,1785600055860691968,10.019,25.007,64.993,22,66,1049.6,1.06,1,64.993
76033,00076033.jpg,1785600055877480192,10.018,24.817,65.183,21,65,1080.3,1.06,1,65.183
76034,00076034.jpg,1785600055929991168,10.017,24.76,65.24,19,65,1084.8,0.68,1,65.24
76035,00076035.jpg,1785600055944827392,10.016,24.922,65.078,18,67,1143.1,0.93,1,65.078
76036,00076036.jpg,1785600055996070400,10.015,24.948,65.052,18,61,1130.9,0.9,1,65.052
76037,00076037.jpg,1785600056013293824,10.014,24.942,65.058,19,64,1171.4,0.75,1,65.058
76038,00076038.jpg,1785600056061945600,10.013,25.16,64.84,18,66,1192.5,0.86,1,64.84
76039,00076039.jpg,1785600056078473984,10.013,24.717,65.283,19,64,1207.7,0.83,1,65.283
76040,00076040.jpg,1785600056127317248,10.011,24.681,65.319,20,70,1238.8,0.78,1,65.319
76041,00076041.jpg,1785600056143799552,10.011,24.774,65.226,23,71,1262.3,1.22,1,65.226
76042,00076042.jpg,1785600056195854336,10.01,25.076,64.924,20,74,1269.2,0.86,1,64.924
76043,00076043.jpg,1785600056210965760,10.041,24.981,65.019,22,74,1252.8,0.76,1,65.019
76044,00076044.jpg,1785600056262226944,10.05,25.135,64.865,20,73,1227.5,1.0,1,64.865
76045,00076045.jpg,1785600056277666816,10.058,25.458,64.542,21,71,1223.9,0.85,1,64.542
76046,00076046.jpg,1785600056327262976,10.06,26.475,63.525,25,79,1205.5,0.71,1,63.525
76047,00076047.jpg,1785600056345440256,10.145,27.433,62.567,23,74,1133.9,1.07,1,62.567
76048,00076048.jpg,1785600056395824128,10.272,28.796,61.204,23,82,1170.6,1.1,1,61.204
76049,00076049.jpg,1785600056411106048,10.034,28.958,61.042,23,81,1206.9,1.29,1,61.042
76050,00076050.jpg,1785600056461850112,9.797,29.478,60.522,23,76,1145.4,0.75,1,60.522
76051,00076051.jpg,1785600056477515008,9.821,29.49,60.51,23,78,1188.3,0.94,1,60.51
76052,00076052.jpg,1785600056527900160,10.135,29.215,60.785,22,78,1224.3,1.08,1,60.785
76053,00076053.jpg,1785600056543844608,10.364,29.217,60.783,24,79,1216.0,1.17,1,60.783
76054,00076054.jpg,1785600056596176384,11.254,29.044,60.956,26,82,1244.4,0.9,1,60.956
76055,00076055.jpg,1785600056610478080,11.588,29.201,60.799,25,84,1197.4,0.92,1,60.799
76056,00076056.jpg,1785600056661948160,12.548,29.478,60.522,25,86,1232.1,1.09,1,60.522
76057,00076057.jpg,1785600056677357312,12.548,28.969,61.031,28,90,1253.9,1.05,1,61.031
76058,00076058.jpg,1785600056727136768,8.238,29.501,60.499,26,82,1194.2,1.19,1,60.499
76059,00076059.jpg,1785600056744319232,8.478,29.688,60.312,26,86,1208.6,1.58,1,60.312
76060,00076060.jpg,1785600056796247296,10.412,29.95,60.05,23,82,1163.3,1.43,1,60.05
76061,00076061.jpg,1785600056811641600,10.412,29.732,60.268,25,84,1158.2,0.82,1,60.268
76062,00076062.jpg,1785600056861686016,12.105,29.913,60.087,24,83,1115.9,1.05,1,60.087
76063,00076063.jpg,1785600056878009344,12.606,29.678,60.322,24,84,1106.3,1.43,1,60.322
76064,00076064.jpg,1785600056927968768,14.086,28.844,61.156,28,87,1063.3,1.23,1,61.156
76065,00076065.jpg,1785600056943764992,14.086,28.797,61.203,23,74,1003.1,1.19,1,61.203
76066,00076066.jpg,1785600056995867648,16.291,28.774,61.226,22,72,1030.2,1.14,1,61.226
76067,00076067.jpg,1785600057011149312,16.809,28.562,61.438,22,75,1075.0,1.03,1,61.438
76068,00076068.jpg,1785600057062014976,19.001,29.105,60.895,22,78,1120.1,0.87,1,60.895
76069,00076069.jpg,1785600057077714944,19.693,28.6,61.4,23,82,1181.0,1.19,1,61.4
76070,00076070.jpg,1785600057126814208,21.778,29.238,60.762,22,82,1195.9,1.29,1,60.762
76071,00076071.jpg,1785600057144250624,21.778,29.265,60.735,20,83,1236.4,0.97,1,60.735
76072,00076072.jpg,1785600057195880448,24.397,29.247,60.753,21,81,1237.9,1.09,1,60.753
76073,00076073.jpg,1785600057210660864,24.946,28.806,61.194,22,84,1272.3,0.95,1,61.194
76074,00076074.jpg,1785600057261438208,26.95,28.597,61.403,22,81,1294.0,1.1,1,61.403
76075,00076075.jpg,1785600057278091520,26.95,28.788,61.212,23,83,1338.7,1.0,1,61.212
76076,00076076.jpg,1785600057328077056,11.95,28.882,61.118,23,78,1258.4,0.59,1,61.118
76077,00076077.jpg,1785600057344162304,1.28,28.834,61.166,19,75,1286.0,0.9,1,61.166
76078,00076078.jpg,1785600057395271680,0.386,28.906,61.094,23,79,1297.0,0.96,1,61.094
76079,00076079.jpg,1785600057411372800,1.385,28.995,61.005,21,75,1287.0,1.01,1,61.005
76080,00076080.jpg,1785600057460797184,6.176,28.95,61.05,23,79,1273.8,0.68,1,61.05
76081,00076081.jpg,1785600057477132800,7.017,29.103,60.897,23,74,1261.0,0.76,1,60.897
76082,00076082.jpg,1785600057528368640,8.737,28.548,61.452,25,77,1301.2,0.8,1,61.452
76083,00076083.jpg,1785600057544059904,8.98,29.27,60.73,25,82,1315.2,0.86,1,60.73
76084,00076084.jpg,1785600057593589248,9.433,29.145,60.855,23,81,1329.1,1.19,1,60.855
76085,00076085.jpg,1785600057611406592,9.511,29.293,60.707,22,79,1332.8,1.14,1,60.707
76086,00076086.jpg,1785600057660910848,9.742,30.424,59.576,22,76,1254.2,2.05,1,59.576
76087,00076087.jpg,1785600057677486336,9.742,30.009,59.991,22,75,1217.0,1.72,1,59.991
76088,00076088.jpg,1785600057727693824,9.789,30.009,59.991,25,100,1221.5,2.08,1,59.991
76089,00076089.jpg,1785600057744897536,9.828,30.232,59.768,25,104,1220.3,1.96,1,59.768
76090,00076090.jpg,1785600057796061184,9.897,29.672,60.328,21,88,1139.5,0.88,1,60.328
76091,00076091.jpg,1785600057811604736,9.949,28.911,61.089,26,95,1120.5,0.85,1,61.089
76092,00076092.jpg,1785600057861701376,10.034,28.185,61.815,25,85,1054.8,1.41,1,61.815
76093,00076093.jpg,1785600057878256384,10.025,28.115,61.885,24,90,1043.9,1.24,1,61.885
76094,00076094.jpg,1785600057926983936,9.883,27.45,62.55,22,84,1081.6,1.54,1,62.55
76095,00076095.jpg,1785600057944873472,9.731,27.162,62.838,24,82,1066.4,1.85,1,62.838
76096,00076096.jpg,1785600057996018176,8.645,26.951,63.049,22,82,1103.7,1.92,1,63.049
76097,00076097.jpg,1785600058010876416,8.011,26.695,63.305,27,107,1203.8,2.19,1,63.305
76098,00076098.jpg,1785600058061396992,6.333,27.628,62.372,25,102,1220.0,1.45,1,62.372
76099,00076099.jpg,1785600058078509056,8.007,27.281,62.719,18,82,1152.8,1.43,1,62.719
76100,00076100.jpg,1785600058128206080,9.498,27.238,62.762,22,81,1087.2,1.51,1,62.762
76101,00076101.jpg,1785600058144232704,9.583,27.592,62.408,24,89,1113.7,1.69,1,62.408
76102,00076102.jpg,1785600058196245504,9.712,27.682,62.318,20,75,1092.1,1.41,1,62.318
76103,00076103.jpg,1785600058210050816,9.693,27.37,62.63,22,81,1098.7,1.83,1,62.63
76104,00076104.jpg,1785600058260346112,7.862,27.298,62.702,23,81,1099.7,1.47,1,62.702
76105,00076105.jpg,1785600058277029376,7.011,27.55,62.45,20,76,1095.7,1.25,1,62.45
76106,00076106.jpg,1785600058328012288,5.18,27.685,62.315,21,75,1104.2,1.51,1,62.315
76107,00076107.jpg,1785600058345380608,4.653,27.235,62.765,19,70,1073.6,1.54,1,62.765
76108,00076108.jpg,1785600058395632640,4.474,27.851,62.149,19,70,1085.4,1.41,1,62.149
76109,00076109.jpg,1785600058410940416,4.691,27.636,62.364,20,68,1072.2,1.7,1,62.364
76110,00076110.jpg,1785600058461165312,8.833,28.601,61.399,21,68,1073.2,0.91,1,61.399
76111,00076111.jpg,1785600058477223424,9.19,28.487,61.513,19,62,1045.6,0.58,1,61.513
76112,00076112.jpg,1785600058528420608,9.787,28.978,61.022,19,71,1055.7,1.09,1,61.022
76113,00076113.jpg,1785600058544502784,9.796,29.134,60.866,18,69,1020.9,0.49,1,60.866
76114,00076114.jpg,1785600058595978752,9.918,27.982,62.018,19,86,1066.5,1.44,1,62.018
76115,00076115.jpg,1785600058610174976,9.938,27.881,62.119,21,72,1008.6,1.53,1,62.119
76116,00076116.jpg,1785600058660541184,9.974,27.491,62.509,21,86,1070.6,1.96,1,62.509
76117,00076117.jpg,1785600058677239296,9.966,27.507,62.493,21,89,1032.8,2.1,1,62.493
76118,00076118.jpg,1785600058727077376,9.947,26.873,63.127,19,70,994.8,2.61,1,63.127
76119,00076119.jpg,1785600058744232704,9.932,27.072,62.928,22,70,974.3,2.28,1,62.928
76120,00076120.jpg,1785600058795524096,9.897,27.471,62.529,17,61,968.0,2.14,1,62.529
76121,00076121.jpg,1785600058810919424,9.897,27.061,62.939,18,72,993.5,2.42,1,62.939
76122,00076122.jpg,1785600058860270592,9.881,27.466,62.534,17,68,961.1,1.8,1,62.534
76123,00076123.jpg,1785600058877736704,9.884,26.729,63.271,17,63,958.4,1.77,1,63.271
76124,00076124.jpg,1785600058927475712,9.903,28.846,61.154,16,58,892.4,1.08,1,61.154
76125,00076125.jpg,1785600058945809408,9.895,28.041,61.959,20,62,897.0,1.61,1,61.959
76126,00076126.jpg,1785600058995995904,9.906,27.386,62.614,15,50,785.7,2.0,1,62.614
76127,00076127.jpg,1785600059010497024,9.91,27.469,62.531,18,57,819.8,1.83,1,62.531
76128,00076128.jpg,1785600059060208128,9.898,26.544,63.456,16,55,804.9,2.34,1,63.456
76129,00076129.jpg,1785600059077517824,9.894,27.365,62.635,18,60,793.2,1.99,1,62.635
76130,00076130.jpg,1785600059128322048,9.886,27.506,62.494,16,51,745.3,2.39,1,62.494
76131,00076131.jpg,1785600059143901440,9.884,27.303,62.697,13,44,696.8,1.99,1,62.697
76132,00076132.jpg,1785600059196659200,9.883,26.77,63.23,15,46,684.6,2.95,1,63.23
76133,00076133.jpg,1785600059211422208,9.883,26.742,63.258,14,48,683.9,2.34,1,63.258
76134,00076134.jpg,1785600059261349632,8.73,27.771,62.229,10,42,637.7,2.25,1,62.229
76135,00076135.jpg,1785600059276970752,8.025,27.307,62.693,11,40,606.3,2.18,1,62.693
76136,00076136.jpg,1785600059327707136,6.699,26.975,63.025,13,45,610.0,2.73,1,63.025
76137,00076137.jpg,1785600059344776192,6.532,27.529,62.471,13,42,603.9,2.01,1,62.471
76138,00076138.jpg,1785600059396535808,9.404,26.686,63.314,12,39,564.5,1.64,1,63.314
76139,00076139.jpg,1785600059410315008,9.575,26.78,63.22,11,39,563.7,1.67,1,63.22
76140,00076140.jpg,1785600059461872384,9.841,28.244,61.756,8,41,548.8,2.04,1,61.756
76141,00076141.jpg,1785600059477420800,9.841,26.999,63.001,9,40,536.8,2.56,1,63.001
76142,00076142.jpg,1785600059528393472,9.919,25.248,64.752,10,42,547.0,2.33,1,64.752
76143,00076143.jpg,1785600059545067008,9.924,26.987,63.013,9,43,507.4,2.59,1,63.013
76144,00076144.jpg,1785600059594811392,9.933,26.089,63.911,9,38,514.7,1.95,1,63.911
76145,00076145.jpg,1785600059610808320,9.935,26.885,63.115,8,36,501.5,1.7,1,63.115
76146,00076146.jpg,1785600059661253120,9.957,25.235,64.765,8,35,502.0,2.59,1,64.765
76147,00076147.jpg,1785600059677272576,9.967,25.8,64.2,10,39,490.2,2.13,1,64.2
76148,00076148.jpg,1785600059726855936,9.941,24.843,65.157,10,40,503.6,1.85,1,65.157
76149,00076149.jpg,1785600059743925504,9.945,25.963,64.037,8,37,465.9,1.8,1,64.037
76150,00076150.jpg,1785600059795529728,9.959,27.392,62.608,9,33,418.8,1.68,1,62.608
76151,00076151.jpg,1785600059810999808,9.959,26.773,63.227,8,34,420.6,1.96,1,63.227
76152,00076152.jpg,1785600059862594816,9.962,27.657,62.343,10,35,433.2,1.69,1,62.343
76153,00076153.jpg,1785600059877731328,9.957,27.631,62.369,7,34,441.8,1.85,1,62.369
76154,00076154.jpg,1785600059927121408,9.942,27.624,62.376,9,40,460.5,1.93,1,62.376
76155,00076155.jpg,1785600059944804608,9.946,26.824,63.176,8,31,457.1,1.24,1,63.176
76156,00076156.jpg,1785600059995632896,9.961,25.666,64.334,7,37,473.9,2.17,1,64.334
76157,00076157.jpg,1785600060011798528,9.987,24.602,65.398,7,31,453.8,1.82,1,65.398
76158,00076158.jpg,1785600060061652992,10.027,23.867,66.133,7,35,460.3,1.78,1,66.133
76159,00076159.jpg,1785600060077376000,10.012,24.359,65.641,6,29,427.1,2.11,1,65.641
76160,00076160.jpg,1785600060128237824,10.062,26.73,63.27,7,27,399.8,1.87,1,63.27
76161,00076161.jpg,1785600060144797952,10.094,28.341,61.659,10,31,385.4,1.36,1,61.659
76162,00076162.jpg,1785600060193492480,10.146,28.103,61.897,6,22,356.1,2.42,1,61.897
76163,00076163.jpg,1785600060211434752,10.149,29.426,60.574,7,28,392.5,1.31,1,60.574
76164,00076164.jpg,1785600060260915968,9.962,30.589,59.411,11,35,393.7,1.49,1,59.411
76165,00076165.jpg,1785600060278251264,9.645,30.333,59.667,8,29,402.6,1.13,1,59.667
76166,00076166.jpg,1785600060328242432,8.122,28.847,61.153,7,32,404.5,1.45,1,61.153
76167,00076167.jpg,1785600060343683584,7.313,29.003,60.997,7,36,420.1,1.98,1,60.997
76168,00076168.jpg,1785600060396084992,5.395,27.43,62.57,6,31,434.4,1.87,1,62.57
76169,00076169.jpg,1785600060411147520,4.792,27.231,62.769,7,30,433.1,1.78,1,62.769
76170,00076170.jpg,1785600060460470016,3.743,28.13,61.87,7,35,455.7,2.16,1,61.87
76171,00076171.jpg,1785600060478262528,3.965,27.904,62.096,7,34,466.9,1.7,1,62.096
76172,00076172.jpg,1785600060526752768,8.185,28.887,61.113,9,35,476.7,1.64,1,61.113
76173,00076173.jpg,1785600060543585024,8.712,28.317,61.683,7,37,505.3,1.66,1,61.683
76174,00076174.jpg,1785600060595042304,9.583,28.256,61.744,10,36,500.6,1.34,1,61.744
76175,00076175.jpg,1785600060611015168,9.686,28.502,61.498,9,35,494.4,1.4,1,61.498
76176,00076176.jpg,1785600060660569600,9.859,28.781,61.219,9,35,514.3,1.49,1,61.219
76177,00076177.jpg,1785600060677710080,9.844,28.5,61.5,8,41,564.4,1.44,1,61.5
76178,00076178.jpg,1785600060727642624,9.867,29.156,60.844,12,47,590.1,1.59,1,60.844
76179,00076179.jpg,1785600060744682752,9.867,27.85,62.15,11,44,599.6,1.41,1,62.15
76180,00076180.jpg,1785600060795664384,9.878,28.033,61.967,13,48,621.9,1.33,1,61.967
76181,00076181.jpg,1785600060811202816,9.879,28.225,61.775,14,50,644.9,1.45,1,61.775
76182,00076182.jpg,1785600060860463616,9.878,27.581,62.419,13,48,650.9,1.51,1,62.419
76183,00076183.jpg,1785600060877598976,9.877,28.332,61.668,10,43,608.3,1.95,1,61.668
76184,00076184.jpg,1785600060928438528,9.875,28.084,61.916,14,56,704.0,1.5,1,61.916
76185,00076185.jpg,1785600060944163328,9.875,27.771,62.229,13,49,703.6,1.51,1,62.229
76186,00076186.jpg,1785600060993416448,10.296,27.8,62.2,14,52,708.4,1.41,1,62.2
76187,00076187.jpg,1785600061011242496,10.555,28.139,61.861,13,49,696.0,1.85,1,61.861
76188,00076188.jpg,1785600061060085248,11.365,27.77,62.23,10,49,699.1,2.08,1,62.23
76189,00076189.jpg,1785600061077403904,12.032,28.06,61.94,13,51,699.4,1.64,1,61.94
76190,00076190.jpg,1785600061128152320,14.044,26.894,63.106,16,56,756.6,2.13,1,63.106
76191,00076191.jpg,1785600061143959040,14.647,27.7,62.3,17,57,758.1,2.09,1,62.3
76192,00076192.jpg,1785600061195405824,16.098,28.443,61.557,14,54,761.6,1.86,1,61.557
76193,00076193.jpg,1785600061210208256,16.098,27.875,62.125,15,59,793.4,2.08,1,62.125
76194,00076194.jpg,1785600061260187904,6.733,28.755,61.245,14,55,776.7,1.93,1,61.245
76195,00076195.jpg,1785600061277325056,5.38,27.717,62.283,14,53,775.4,1.68,1,62.283
76196,00076196.jpg,1785600061326948864,6.674,27.984,62.016,14,54,792.1,1.62,1,62.016
76197,00076197.jpg,1785600061344630272,7.311,28.316,61.684,14,54,791.8,1.63,1,61.684
76198,00076198.jpg,1785600061393705728,8.866,27.84,62.16,12,53,777.0,1.96,1,62.16
76199,00076199.jpg,1785600061411153152,9.124,28.137,61.863,13,50,778.9,1.54,1,61.863
76200,00076200.jpg,1785600061460602112,9.624,27.861,62.139,13,54,796.0,1.89,1,62.139
76201,00076201.jpg,1785600061477306880,9.693,27.792,62.208,14,54,799.9,1.67,1,62.208
76202,00076202.jpg,1785600061529707520,9.819,27.675,62.325,11,48,680.6,2.36,1,62.325
76203,00076203.jpg,1785600061544076544,9.835,28.537,61.463,12,47,688.9,1.36,1,61.463
76204,00076204.jpg,1785600061593689088,9.864,28.618,61.382,13,49,676.2,1.57,1,61.382
76205,00076205.jpg,1785600061611320576,9.867,28.65,61.35,13,46,666.7,1.75,1,61.35
76206,00076206.jpg,1785600061661658624,9.873,28.336,61.664,12,46,661.3,1.6,1,61.664
76207,00076207.jpg,1785600061677710080,9.874,28.11,61.89,12,44,655.8,2.1,1,61.89
76208,00076208.jpg,1785600061727224576,9.875,28.159,61.841,13,47,673.3,1.21,1,61.841
76209,00076209.jpg,1785600061744071424,9.876,28.596,61.404,13,48,668.4,1.73,1,61.404
76210,00076210.jpg,1785600061795671296,9.884,27.516,62.484,13,48,664.2,1.52,1,62.484
76211,00076211.jpg,1785600061810013952,9.884,28.269,61.731,12,44,654.7,1.61,1,61.731
76212,00076212.jpg,1785600061861346304,9.948,26.848,63.152,11,43,670.6,2.4,1,63.152
76213,00076213.jpg,1785600061877273856,9.89,27.328,62.672,13,47,703.8,1.92,1,62.672
76214,00076214.jpg,1785600061927364096,9.908,27.351,62.649,11,46,733.8,2.16,1,62.649
76215,00076215.jpg,1785600061945133312,9.917,28.567,61.433,11,43,716.8,1.57,1,61.433
76216,00076216.jpg,1785600061995792896,9.974,29.091,60.909,13,47,732.7,1.32,1,60.909
76217,00076217.jpg,1785600062010189056,9.974,28.978,61.022,12,46,726.2,1.72,1,61.022
76218,00076218.jpg,1785600062060787200,11.01,28.494,61.506,12,49,753.2,1.91,1,61.506
76219,00076219.jpg,1785600062078728192,11.374,28.101,61.899,12,46,730.9,2.24,1,61.899
76220,00076220.jpg,1785600062127826176,11.029,28.781,61.219,13,50,734.7,1.82,1,61.219
76221,00076221.jpg,1785600062144044032,9.51,28.008,61.992,12,45,734.1,1.79,1,61.992
76222,00076222.jpg,1785600062195692288,8.773,28.416,61.584,12,44,701.6,1.66,1,61.584
76223,00076223.jpg,1785600062210307584,8.948,29.108,60.892,9,42,673.5,2.81,1,60.892
76224,00076224.jpg,1785600062260393472,9.478,28.635,61.365,13,43,658.9,2.0,1,61.365
76225,00076225.jpg,1785600062276840192,9.589,28.736,61.264,12,41,651.9,1.53,1,61.264
76226,00076226.jpg,1785600062327993600,9.8,28.443,61.557,11,40,638.4,1.13,1,61.557
76227,00076227.jpg,1785600062346681088,9.935,28.436,61.564,10,35,623.3,1.0,1,61.564
76228,00076228.jpg,1785600062396868864,10.328,28.248,61.752,9,35,619.6,1.33,1,61.752
76229,00076229.jpg,1785600062411041536,10.584,28.409,61.591,8,31,598.7,1.07,1,61.591
76230,00076230.jpg,1785600062461566720,12.09,28.928,61.072,12,41,663.2,0.87,1,61.072
76231,00076231.jpg,1785600062477307648,12.588,28.326,61.674,9,33,608.9,1.35,1,61.674
76232,00076232.jpg,1785600062529697024,14.629,28.593,61.407,8,32,596.4,0.95,1,61.407
76233,00076233.jpg,1785600062544049152,14.654,28.467,61.533,10,38,645.5,0.96,1,61.533
76234,00076234.jpg,1785600062596233728,16.305,28.266,61.734,10,36,636.0,1.37,1,61.734
76235,00076235.jpg,1785600062611193600,16.305,28.266,61.734,7,29,549.0,1.19,1,61.734
76236,00076236.jpg,1785600062661075968,17.936,27.938,62.062,10,34,582.2,1.56,1,62.062
76237,00076237.jpg,1785600062677405440,13.625,29.065,60.935,8,32,567.8,0.83,1,60.935
76238,00076238.jpg,1785600062727399424,4.191,28.38,61.62,7,29,549.2,1.39,1,61.62
76239,00076239.jpg,1785600062743739904,4.191,28.327,61.673,9,32,578.1,1.1,1,61.673
76240,00076240.jpg,1785600062795623680,7.447,28.45,61.55,6,26,542.2,1.42,1,61.55
76241,00076241.jpg,1785600062810246912,8.112,27.964,62.036,7,26,567.0,1.29,1,62.036
76242,00076242.jpg,1785600062861073664,9.211,26.897,63.103,6,26,561.6,1.97,1,63.103
76243,00076243.jpg,1785600062877014528,9.411,27.059,62.941,6,25,546.5,1.61,1,62.941
76244,00076244.jpg,1785600062926955520,9.782,28.71,61.29,8,32,604.3,1.17,1,61.29
76245,00076245.jpg,1785600062945265920,9.835,28.954,61.046,7,30,583.0,1.18,1,61.046
76246,00076246.jpg,1785600062994967552,9.892,28.84,61.16,6,26,537.5,1.01,1,61.16
76247,00076247.jpg,1785600063010344448,9.892,28.839,61.161,8,30,578.2,1.41,1,61.161
76248,00076248.jpg,1785600063061620224,9.842,28.228,61.772,4,22,516.7,1.59,1,61.772
76249,00076249.jpg,1785600063077814784,9.838,28.855,61.145,5,23,521.3,1.02,1,61.145
76250,00076250.jpg,1785600063127014144,9.851,27.97,62.03,5,22,523.6,1.1,1,62.03
76251,00076251.jpg,1785600063144648448,9.846,27.468,62.532,3,18,497.7,2.1,1,62.532
76252,00076252.jpg,1785600063196060672,9.869,28.328,61.672,3,18,490.0,1.48,1,61.672
76253,00076253.jpg,1785600063210144512,9.869,28.427,61.573,2,16,471.0,1.38,1,61.573
76254,00076254.jpg,1785600063262026496,9.849,28.746,61.254,4,22,521.1,1.42,1,61.254
76255,00076255.jpg,1785600063277969152,9.843,28.346,61.654,4,22,519.8,1.46,1,61.654
76256,00076256.jpg,1785600063327905536,9.834,28.706,61.294,4,20,506.6,1.1,1,61.294
76257,00076257.jpg,1785600063344415232,9.834,28.774,61.226,5,24,536.1,1.49,1,61.226
76258,00076258.jpg,1785600063393400576,9.832,28.74,61.26,4,20,494.4,1.47,1,61.26
76259,00076259.jpg,1785600063412264960,9.832,28.582,61.418,6,28,572.1,1.36,1,61.418
76260,00076260.jpg,1785600063461450240,9.834,28.83,61.17,6,28,558.5,1.49,1,61.17
76261,00076261.jpg,1785600063477163008,9.834,29.327,60.673,7,30,544.9,1.31,1,60.673
76262,00076262.jpg,1785600063527024128,9.854,29.231,60.769,3,18,423.8,1.37,1,60.769
76263,00076263.jpg,1785600063544433408,9.836,29.562,60.438,4,19,440.0,0.93,1,60.438
76264,00076264.jpg,1785600063596723200,9.84,29.251,60.749,4,18,422.8,1.3,1,60.749
76265,00076265.jpg,1785600063610358528,9.842,28.179,61.821,3,14,241.0,1.35,1,61.821
76266,00076266.jpg,1785600063661369088,9.839,28.505,61.495,4,18,259.4,1.29,1,61.495
76267,00076267.jpg,1785600063677374976,9.839,27.531,62.469,4,17,255.5,1.53,1,62.469
76268,00076268.jpg,1785600063728262144,9.836,28.593,61.407,4,16,217.3,1.01,1,61.407
76269,00076269.jpg,1785600063743971328,9.836,27.997,62.003,5,16,226.7,1.58,1,62.003
76270,00076270.jpg,1785600063795774720,9.835,27.948,62.052,4,14,193.6,0.83,1,62.052
76271,00076271.jpg,1785600063810341120,9.834,30.221,59.779,3,10,157.3,0.4,1,59.779
76272,00076272.jpg,1785600063861093632,9.842,31.99,58.01,3,7,30.8,2.58,1,58.01
76273,00076273.jpg,1785600063876755712,9.834,29.498,60.502,3,9,65.3,1.75,1,60.502
76274,00076274.jpg,1785600063928587264,9.833,31.699,58.301,4,9,62.9,1.31,1,58.301
76275,00076275.jpg,1785600063943667712,9.833,29.248,60.752,5,10,72.9,2.88,1,60.752
76276,00076276.jpg,1785600063993257216,9.833,27.664,62.336,2,4,27.4,0.0,1,62.336
76277,00076277.jpg,1785600064011358720,9.832,27.652,62.348,1,2,18.0,0.0,0,62.336
76278,00076278.jpg,1785600064060430592,9.832,30.823,59.177,2,4,28.4,0.0,1,59.177
76279,00076279.jpg,1785600064077543168,9.832,42.816,47.184,2,4,17.7,0.0,1,47.184
76280,00076280.jpg,1785600064127819520,9.832,28.713,61.287,3,6,36.9,5.01,1,61.287
76281,00076281.jpg,1785600064144638720,9.722,33.713,56.287,2,4,28.6,1.63,1,56.287
76282,00076282.jpg,1785600064194758912,9.155,28.566,61.434,1,2,18.2,0.0,0,56.287
76283,00076283.jpg,1785600064211136768,8.786,28.56,61.44,1,2,18.2,0.0,0,56.287
76284,00076284.jpg,1785600064260308224,5.079,30.14,59.86,2,4,30.8,0.0,1,59.86
76285,00076285.jpg,1785600064277351936,4.403,30.138,59.862,2,4,30.6,0.0,1,59.862
76286,00076286.jpg,1785600064328089088,3.776,28.541,61.459,1,2,18.2,0.0,0,59.862
76287,00076287.jpg,1785600064343858688,3.773,28.539,61.461,2,4,27.6,0.0,1,61.461
76288,00076288.jpg,1785600064393682688,7.191,28.698,61.302,6,12,110.1,2.75,1,61.302
76289,00076289.jpg,1785600064411397888,8.122,30.814,59.186,4,10,85.2,3.46,1,59.186
76290,00076290.jpg,1785600064460107520,9.409,30.604,59.396,3,11,115.7,1.59,1,59.396
76291,00076291.jpg,1785600064477342976,9.588,31.249,58.751,5,16,151.5,2.04,1,58.751
76292,00076292.jpg,1785600064528330240,9.904,32.166,57.834,7,28,287.2,2.17,1,57.834
76293,00076293.jpg,1785600064543870720,9.945,31.53,58.47,8,33,366.0,1.81,1,58.47
76294,00076294.jpg,1785600064596177408,9.946,30.619,59.381,8,47,471.8,1.84,1,59.381
76295,00076295.jpg,1785600064610150912,9.978,29.56,60.44,11,48,459.8,1.32,1,60.44
76296,00076296.jpg,1785600064660134912,10.07,28.057,61.943,12,48,504.5,1.72,1,61.943
76297,00076297.jpg,1785600064677401088,10.075,27.975,62.025,16,61,628.1,1.77,1,62.025
76298,00076298.jpg,1785600064727858688,10.072,27.07,62.93,12,59,705.7,1.73,1,62.93
76299,00076299.jpg,1785600064743267584,10.072,27.519,62.481,12,56,740.3,1.98,1,62.481
76300,00076300.jpg,1785600064795673088,9.921,26.818,63.182,16,71,904.7,1.57,1,63.182
76301,00076301.jpg,1785600064810109952,9.906,26.724,63.276,14,64,933.4,1.75,1,63.276
76302,00076302.jpg,1785600064860198144,10.35,26.284,63.716,16,64,1018.7,2.1,1,63.716
76303,00076303.jpg,1785600064877582336,10.628,25.934,64.066,10,54,1011.8,2.41,1,64.066
76304,00076304.jpg,1785600064927035136,11.731,25.35,64.65,10,54,1025.5,2.95,1,64.65
76305,00076305.jpg,1785600064945592320,12.138,25.88,64.12,10,52,1010.5,2.78,1,64.12
76306,00076306.jpg,1785600064995542016,13.619,27.118,62.882,14,60,1050.8,1.68,1,62.882
76307,00076307.jpg,1785600065010998272,14.169,26.587,63.413,8,49,994.9,1.65,1,63.413
76308,00076308.jpg,1785600065061632512,15.94,27.062,62.938,13,58,1050.2,1.05,1,62.938
76309,00076309.jpg,1785600065077328896,16.309,27.392,62.608,12,60,1038.2,1.53,1,62.608
76310,00076310.jpg,1785600065126848512,11.169,26.795,63.205,12,56,1046.0,1.09,1,63.205
76311,00076311.jpg,1785600065144490752,6.931,27.108,62.892,13,56,1045.3,1.25,1,62.892
76312,00076312.jpg,1785600065195778048,5.846,27.033,62.967,9,49,999.7,1.8,1,62.967
76313,00076313.jpg,1785600065211014144,5.846,26.918,63.082,12,54,1017.6,1.46,1,63.082
76314,00076314.jpg,1785600065260497920,8.464,27.335,62.665,13,57,1026.3,1.53,1,62.665
76315,00076315.jpg,1785600065279766784,8.879,27.734,62.266,11,52,1019.9,1.36,1,62.266
76316,00076316.jpg,1785600065327409664,10.06,27.584,62.416,13,58,1053.5,1.32,1,62.416
76317,00076317.jpg,1785600065344449280,10.274,27.109,62.891,12,56,1043.6,1.54,1,62.891
76318,00076318.jpg,1785600065396044288,11.189,27.203,62.797,13,57,1047.3,1.7,1,62.797
76319,00076319.jpg,1785600065410601984,11.559,26.97,63.03,13,58,1054.5,1.61,1,63.03
76320,00076320.jpg,1785600065460327680,12.538,27.276,62.724,10,52,1017.3,1.62,1,62.724
76321,00076321.jpg,1785600065478339584,13.894,27.132,62.868,9,49,1004.6,1.3,1,62.868
76322,00076322.jpg,1785600065528940032,15.199,27.837,62.163,11,53,1028.9,1.15,1,62.163
76323,00076323.jpg,1785600065543541248,15.547,27.928,62.072,11,55,1039.9,1.24,1,62.072
76324,00076324.jpg,1785600065595753984,10.804,28.697,61.303,12,55,1040.1,1.25,1,61.303
76325,00076325.jpg,1785600065610428928,7.055,28.394,61.606,11,54,1026.3,1.46,1,61.606
76326,00076326.jpg,1785600065660342528,6.149,26.95,63.05,14,60,1054.2,1.93,1,63.05
76327,00076327.jpg,1785600065678020608,6.762,27.342,62.658,11,52,1027.4,1.39,1,62.658
76328,00076328.jpg,1785600065729238784,8.531,27.026,62.974,11,54,1042.0,1.74,1,62.974
76329,00076329.jpg,1785600065744875520,8.849,26.811,63.189,11,53,1044.0,1.89,1,63.189
76330,00076330.jpg,1785600065793482752,9.305,27.498,62.502,11,54,1029.9,1.2,1,62.502
76331,00076331.jpg,1785600065812143616,9.586,26.644,63.356,12,53,1046.9,1.34,1,63.356
76332,00076332.jpg,1785600065860464896,9.751,27.208,62.792,12,56,1046.4,1.53,1,62.792
76333,00076333.jpg,1785600065877431296,9.773,27.161,62.839,13,58,1048.2,1.31,1,62.839
76334,00076334.jpg,1785600065927260416,9.814,27.126,62.874,10,51,998.8,1.71,1,62.874
76335,00076335.jpg,1785600065943561728,9.819,27.254,62.746,12,58,1058.9,1.29,1,62.746
76336,00076336.jpg,1785600065995261184,9.829,27.795,62.205,11,52,1025.4,1.45,1,62.205
76337,00076337.jpg,1785600066010843904,9.83,27.0,63.0,12,52,1021.4,1.2,1,63.0
76338,00076338.jpg,1785600066060470784,10.207,26.832,63.168,9,48,1011.9,1.35,1,63.168
76339,00076339.jpg,1785600066077011968,10.207,27.219,62.781,10,50,1018.1,1.23,1,62.781
76340,00076340.jpg,1785600066127804928,11.534,26.904,63.096,13,55,1036.2,1.7,1,63.096
76341,00076341.jpg,1785600066144687360,11.965,27.353,62.647,12,56,1036.0,1.73,1,62.647
76342,00076342.jpg,1785600066196166400,13.426,27.388,62.612,11,54,1037.2,1.33,1,62.612
76343,00076343.jpg,1785600066211290880,13.878,27.083,62.917,9,48,990.8,1.78,1,62.917
76344,00076344.jpg,1785600066260249344,15.601,26.869,63.131,12,56,1030.1,1.58,1,63.131
76345,00076345.jpg,1785600066278252800,16.014,26.336,63.664,11,51,1008.2,1.69,1,63.664
76346,00076346.jpg,1785600066327173888,11.008,25.526,64.474,9,48,971.3,2.62,1,64.474
76347,00076347.jpg,1785600066344719872,8.677,25.696,64.304,9,47,972.6,3.33,1,64.304
76348,00076348.jpg,1785600066396216320,27.332,30.723,59.277,8,48,1026.4,2.02,1,59.277
76349,00076349.jpg,1785600066410688256,7.598,39.046,50.954,8,45,1101.8,5.32,1,50.954
76350,00076350.jpg,1785600066460427776,8.81,41.307,48.693,12,56,1098.0,3.77,1,48.693
76351,00076351.jpg,1785600066478323456,6.093,39.478,50.522,16,67,1132.7,5.57,1,50.522
76352,00076352.jpg,1785600066527766784,6.393,35.704,54.296,17,85,1290.6,2.95,1,54.296
76353,00076353.jpg,1785600066543847936,7.368,35.313,54.687,13,78,1283.4,2.38,1,54.687
76354,00076354.jpg,1785600066595927040,8.621,38.975,51.025,8,55,1165.3,2.15,1,51.025
76355,00076355.jpg,1785600066609975296,8.621,37.305,52.695,9,52,1095.2,0.96,1,52.695
76356,00076356.jpg,1785600066660527360,9.587,39.149,50.851,6,42,1044.1,1.27,1,50.851
76357,00076357.jpg,1785600066677509888,9.709,38.906,51.094,6,43,1078.2,1.18,1,51.094
76358,00076358.jpg,1785600066727195648,11.078,41.219,48.781,6,39,957.7,2.2,1,48.781
76359,00076359.jpg,1785600066744421120,12.589,39.814,50.186,6,38,910.8,2.63,1,50.186
76360,00076360.jpg,1785600066794733824,10.462,41.074,48.926,3,22,709.7,1.31,1,48.926
76361,00076361.jpg,1785600066811773952,10.202,41.697,48.303,3,24,730.9,0.76,1,48.303
76362,00076362.jpg,1785600066860929792,10.348,44.361,45.639,3,25,780.9,1.25,1,45.639
76363,00076363.jpg,1785600066877669888,9.577,45.531,44.469,3,23,717.8,1.74,1,44.469
76364,00076364.jpg,1785600066926935808,10.166,52.607,37.393,3,12,324.3,0.87,1,37.393
76365,00076365.jpg,1785600066944826624,10.236,59.064,30.936,1,6,174.4,2.41,1,30.936
76366,00076366.jpg,1785600066996470272,8.915,86.541,3.459,1,4,93.2,1.15,1,3.459
76367,00076367.jpg,1785600067009994496,8.92,,,0,0,0.0,,0,2.745
76368,00076368.jpg,1785600067060745984,9.115,,,0,0,0.0,,0,-0.798
76369,00076369.jpg,1785600067077195264,10.108,,,0,0,0.0,,0,-1.035
76370,00076370.jpg,1785600067127176960,9.82,,,0,0,0.0,,0,-1.183
76371,00076371.jpg,1785600067143132672,9.341,,,0,0,0.0,,0,-1.435
76372,00076372.jpg,1785600067196498688,9.722,,,0,0,0.0,,0,-1.785
76373,00076373.jpg,1785600067210543616,9.638,,,0,0,0.0,,0,-1.808
76374,00076374.jpg,1785600067260429056,9.874,,,0,0,0.0,,0,-1.766
76375,00076375.jpg,1785600067276797696,9.514,,,0,0,0.0,,0,-1.837
76376,00076376.jpg,1785600067328254976,9.74,,,0,0,0.0,,0,-2.054
76377,00076377.jpg,1785600067344512256,9.704,,,0,0,0.0,,0,-2.033
76378,00076378.jpg,1785600067393609984,9.894,,,0,0,0.0,,0,-2.084
76379,00076379.jpg,1785600067411235328,9.72,,,0,0,0.0,,0,-2.166
76380,00076380.jpg,1785600067460813312,9.74,,,0,0,0.0,,0,-2.387
76381,00076381.jpg,1785600067477560832,9.651,,,0,0,0.0,,0,-2.398
76382,00076382.jpg,1785600067528141824,9.756,,,0,0,0.0,,0,-2.565
76383,00076383.jpg,1785600067544169728,9.705,,,0,0,0.0,,0,-2.588
76384,00076384.jpg,1785600067596495616,9.751,,,0,0,0.0,,0,-2.763
76385,00076385.jpg,1785600067610377216,9.887,,,0,0,0.0,,0,-2.787
76386,00076386.jpg,1785600067660400128,9.726,,,0,0,0.0,,0,-2.927
76387,00076387.jpg,1785600067677419008,9.642,,,0,0,0.0,,0,-2.926
76388,00076388.jpg,1785600067727175168,9.748,,,0,0,0.0,,0,-3.074
76389,00076389.jpg,1785600067743503360,9.67,,,0,0,0.0,,0,-3.126
76390,00076390.jpg,1785600067793561344,9.882,,,0,0,0.0,,0,-3.131
76391,00076391.jpg,1785600067809580800,9.493,,,0,0,0.0,,0,-3.236
76392,00076392.jpg,1785600067860549632,9.724,,,0,0,0.0,,0,-3.576
76393,00076393.jpg,1785600067877219584,9.664,,,0,0,0.0,,0,-3.562
76394,00076394.jpg,1785600067927058432,9.753,,,0,0,0.0,,0,-3.683
76395,00076395.jpg,1785600067944669696,9.896,,,0,0,0.0,,0,-3.755
76396,00076396.jpg,1785600067996314112,9.749,,,0,0,0.0,,0,-3.901
76397,00076397.jpg,1785600068010876672,9.651,,,0,0,0.0,,0,-3.899
76398,00076398.jpg,1785600068060298240,9.571,,,0,0,0.0,,0,-3.932
76399,00076399.jpg,1785600068077439232,9.889,,,0,0,0.0,,0,-4.005
76400,00076400.jpg,1785600068127929344,9.748,,,0,0,0.0,,0,-4.341
76401,00076401.jpg,1785600068144064000,9.721,,,0,0,0.0,,0,-4.315
76402,00076402.jpg,1785600068196633344,9.764,,,0,0,0.0,,0,-4.467
76403,00076403.jpg,1785600068210769920,9.704,,,0,0,0.0,,0,-4.504
76404,00076404.jpg,1785600068260534784,9.926,,,0,0,0.0,,0,-4.597
76405,00076405.jpg,1785600068276338944,9.536,,,0,0,0.0,,0,-4.694
76406,00076406.jpg,1785600068327086592,9.735,,,0,0,0.0,,0,-4.961
76407,00076407.jpg,1785600068343954432,9.735,,,0,0,0.0,,0,-5.064
76408,00076408.jpg,1785600068394002944,9.897,,,0,0,0.0,,0,-5.107
76409,00076409.jpg,1785600068410989056,9.512,,,0,0,0.0,,0,-5.25
76410,00076410.jpg,1785600068460911360,9.9,,,0,0,0.0,,0,-5.304
76411,00076411.jpg,1785600068476861184,9.492,,,0,0,0.0,,0,-5.413
76412,00076412.jpg,1785600068527426816,9.719,,,0,0,0.0,,0,-5.738
76413,00076413.jpg,1785600068544174336,9.672,,,0,0,0.0,,0,-5.836
76414,00076414.jpg,1785600068594721280,9.895,,,0,0,0.0,,0,-5.864
76415,00076415.jpg,1785600068610574080,9.716,,,0,0,0.0,,0,-5.972
76416,00076416.jpg,1785600068660320768,9.885,,,0,0,0.0,,0,-6.038
76417,00076417.jpg,1785600068677270784,9.885,,,0,0,0.0,,0,-6.082
76418,00076418.jpg,1785600068727390976,9.729,,,0,0,0.0,,0,-6.314
76419,00076419.jpg,1785600068743631360,9.653,,,0,0,0.0,,0,-6.317
76420,00076420.jpg,1785600068795176448,9.906,,,0,0,0.0,,0,-6.339
76421,00076421.jpg,1785600068810080000,9.52,,,0,0,0.0,,0,-6.415
76422,00076422.jpg,1785600068860329216,9.735,,,0,0,0.0,,0,-6.725
76423,00076423.jpg,1785600068877583616,9.682,,,0,0,0.0,,0,-6.731
76424,00076424.jpg,1785600068927004416,19.663,,,0,0,0.0,,0,-8.277
76425,00076425.jpg,1785600068944250880,13.801,36.361,53.639,20,74,1869.8,18.39,0,-9.983
76426,00076426.jpg,1785600068995200000,18.605,23.003,66.997,17,68,1970.2,25.06,0,-13.084
76427,00076427.jpg,1785600069011014144,19.764,18.467,71.533,17,67,1778.4,23.83,0,-14.043
76428,00076428.jpg,1785600069059955712,20.669,10.875,79.125,15,58,1516.2,16.73,0,-17.023
76429,00076429.jpg,1785600069078774784,20.651,10.184,79.816,13,48,1283.1,18.14,0,-18.138
76430,00076430.jpg,1785600069128082688,20.447,8.04,81.96,11,42,1066.0,8.33,1,-8.04
76431,00076431.jpg,1785600069143717120,20.347,7.33,82.67,6,33,932.1,8.51,1,-7.33
76432,00076432.jpg,1785600069195998720,20.073,9.298,80.702,7,37,986.1,10.96,1,-9.298
76433,00076433.jpg,1785600069209934080,19.989,8.029,81.971,9,40,1024.8,9.22,1,-8.029
76434,00076434.jpg,1785600069260759296,19.637,5.769,84.231,10,48,1128.8,4.95,1,-5.769
76435,00076435.jpg,1785600069276662528,19.072,9.612,80.388,7,39,1069.1,11.08,1,-9.612
76436,00076436.jpg,1785600069326890496,15.376,6.523,83.477,8,40,1059.5,7.88,1,-6.523
76437,00076437.jpg,1785600069344387328,13.921,31.65,58.35,8,33,800.0,2.99,1,-31.65
76438,00076438.jpg,1785600069393686528,11.682,9.555,80.445,3,14,357.9,5.83,1,-9.555
76439,00076439.jpg,1785600069411117568,11.32,33.112,56.888,2,10,206.9,2.86,1,-33.112
76440,00076440.jpg,1785600069461285632,9.173,,,0,0,0.0,,0,-33.411
76441,00076441.jpg,1785600069477319680,9.173,,,0,0,0.0,,0,-33.474
76442,00076442.jpg,1785600069528091136,8.266,,,0,0,0.0,,0,-33.609
76443,00076443.jpg,1785600069543330304,8.041,84.308,5.692,2,2,14.7,0.0,0,-33.64
76444,00076444.jpg,1785600069593548032,7.972,81.354,8.646,1,3,48.4,1.62,0,-33.703
76445,00076445.jpg,1785600069611087616,7.955,80.265,9.735,1,4,39.6,2.72,1,9.735
76446,00076446.jpg,1785600069660505856,7.324,30.866,59.134,3,11,75.0,12.16,0,9.707
76447,00076447.jpg,1785600069677411328,7.242,37.103,52.897,3,4,27.5,9.08,1,52.897
76448,00076448.jpg,1785600069728055808,7.172,11.355,78.645,3,7,52.4,22.29,0,52.889
76449,00076449.jpg,1785600069743920128,7.172,37.416,52.584,2,4,31.4,2.82,1,52.584
76450,00076450.jpg,1785600069793747456,7.081,81.892,8.108,4,6,76.3,1.52,1,8.108
76451,00076451.jpg,1785600069811180288,7.064,81.187,8.813,2,5,63.4,0.22,1,8.813
76452,00076452.jpg,1785600069860446976,6.88,21.311,68.689,1,2,12.7,0.0,0,8.812
76453,00076453.jpg,1785600069877654528,6.849,62.4,27.6,3,4,28.7,0.0,1,27.6
76454,00076454.jpg,1785600069927825408,6.748,,,1,0,0.0,,0,27.6
76455,00076455.jpg,1785600069943653120,6.748,31.745,58.255,2,3,27.2,0.0,0,27.6
76456,00076456.jpg,1785600069993985536,6.568,30.618,59.382,2,3,27.2,0.0,0,27.623
76457,00076457.jpg,1785600070009923840,6.55,31.209,58.791,1,2,25.4,0.0,0,27.642
76458,00076458.jpg,1785600070060126720,6.544,32.54,57.46,1,2,21.6,0.0,0,27.735
76459,00076459.jpg,1785600070077573888,6.602,,,0,0,0.0,,0,27.784
76460,00076460.jpg,1785600070127357952,6.681,,,0,0,0.0,,0,27.956
76461,00076461.jpg,1785600070143540480,6.681,,,0,0,0.0,,0,28.014
76462,00076462.jpg,1785600070193767680,7.028,,,0,0,0.0,,0,28.183
76463,00076463.jpg,1785600070210221568,7.122,,,0,0,0.0,,0,28.233
76464,00076464.jpg,1785600070260512256,7.596,32.866,57.134,1,2,26.7,0.0,0,28.376
76465,00076465.jpg,1785600070276918784,7.742,32.348,57.652,1,2,32.4,0.0,0,28.418
76466,00076466.jpg,1785600070326715648,8.277,,,0,0,0.0,,0,28.521
76467,00076467.jpg,1785600070344196608,8.47,,,0,0,0.0,,0,28.553
76468,00076468.jpg,1785600070393544448,8.755,,,0,0,0.0,,0,28.628
76469,00076469.jpg,1785600070409709056,8.876,,,0,0,0.0,,0,28.649
76470,00076470.jpg,1785600070460541440,8.741,,,0,0,0.0,,0,28.699
76471,00076471.jpg,1785600070476754432,8.565,,,0,0,0.0,,0,28.707
76472,00076472.jpg,1785600070528044544,7.446,,,0,0,0.0,,0,28.725
76473,00076473.jpg,1785600070544100608,1297.392,,,0,0,0.0,,0,28.73
76474,00076474.jpg,1785600070593378304,21.782,,,0,0,0.0,,0,27.741
76475,00076475.jpg,1785600070611013376,22.991,,,0,0,0.0,,0,27.251
76476,00076476.jpg,1785600070660735232,19.271,,,0,0,0.0,,0,28.187
76477,00076477.jpg,1785600070676816384,19.271,,,0,0,0.0,,0,28.831
76478,00076478.jpg,1785600070728260864,9.51,,,0,0,0.0,,0,30.614
76479,00076479.jpg,1785600070744369408,7.61,,,0,0,0.0,,0,30.714
76480,00076480.jpg,1785600070794728704,5.016,,,0,0,0.0,,0,30.77
76481,00076481.jpg,1785600070810138112,4.75,,,0,0,0.0,,0,30.838
76482,00076482.jpg,1785600070860561408,26.596,,,0,0,0.0,,0,31.867
76483,00076483.jpg,1785600070877497600,30.097,,,0,0,0.0,,0,16.306
76484,00076484.jpg,1785600070927857408,27.885,,,0,0,0.0,,0,-1.784
76485,00076485.jpg,1785600070943909888,27.837,,,0,0,0.0,,0,-3.79
76486,00076486.jpg,1785600070993591808,16.157,,,0,0,0.0,,0,-10.742
76487,00076487.jpg,1785600071009926656,10.265,,,0,0,0.0,,0,-11.681
76488,00076488.jpg,1785600071060187904,14.437,,,0,0,0.0,,0,-11.915
76489,00076489.jpg,1785600071077600000,9.717,,,0,0,0.0,,0,-12.217
76490,00076490.jpg,1785600071127390976,9.641,,,0,0,0.0,,0,-13.34
76491,00076491.jpg,1785600071143414784,9.641,,,0,0,0.0,,0,-13.664
76492,00076492.jpg,1785600071193223680,6.043,,,0,0,0.0,,0,-14.814
76493,00076493.jpg,1785600071210132224,7.495,,,0,0,0.0,,0,-15.637
76494,00076494.jpg,1785600071260698624,13.416,,,0,0,0.0,,0,-18.701
76495,00076495.jpg,1785600071276898048,10.026,,,0,0,0.0,,0,-19.062
76496,00076496.jpg,1785600071328207104,6.656,,,0,0,0.0,,0,-20.286
76497,00076497.jpg,1785600071343913728,8.669,,,0,0,0.0,,0,-20.875
76498,00076498.jpg,1785600071393712384,11.556,53.882,36.118,3,6,65.4,0.34,1,-53.882
76499,00076499.jpg,1785600071410575872,8.079,54.781,35.219,4,8,98.7,0.91,1,-54.781
76500,00076500.jpg,1785600071460462592,8.003,58.549,31.451,9,20,260.1,1.84,1,-58.549
76501,00076501.jpg,1785600071477400064,5.455,57.757,32.243,9,21,261.9,2.62,1,-57.757
76502,00076502.jpg,1785600071526986496,21.654,63.498,26.502,12,32,523.6,4.52,1,-63.498
76503,00076503.jpg,1785600071544768512,10.159,64.35,25.65,18,52,784.8,4.3,1,-64.35
76504,00076504.jpg,1785600071593401088,9.881,63.949,26.051,15,43,750.2,4.25,1,-63.949
76505,00076505.jpg,1785600071611064320,9.464,63.919,26.081,16,50,841.2,6.17,1,-63.919
76506,00076506.jpg,1785600071660624384,9.931,64.238,25.762,14,45,784.0,2.82,1,-64.238
76507,00076507.jpg,1785600071678551040,9.46,64.728,25.272,15,48,808.8,4.24,1,-64.728
76508,00076508.jpg,1785600071728025088,9.661,62.697,27.303,15,45,825.3,3.43,1,-62.697
76509,00076509.jpg,1785600071744645888,9.433,63.567,26.433,17,46,779.5,3.87,1,-63.567
76510,00076510.jpg,1785600071794921472,9.793,63.834,26.166,15,46,830.2,3.89,1,-63.834
76511,00076511.jpg,1785600071812381696,9.665,65.391,24.609,17,53,861.7,8.0,1,-65.391
76512,00076512.jpg,1785600071860668416,9.869,62.933,27.067,15,46,793.4,3.9,1,-62.933
76513,00076513.jpg,1785600071877451520,9.541,62.327,27.673,14,44,791.4,3.97,1,-62.327
76514,00076514.jpg,1785600071926645760,9.722,62.383,27.617,14,42,755.0,3.9,1,-62.383
76515,00076515.jpg,1785600071943983616,9.722,64.761,25.239,16,47,856.1,7.43,1,-64.761
76516,00076516.jpg,1785600071995241984,9.883,61.406,28.594,14,43,743.1,3.95,1,-61.406
76517,00076517.jpg,1785600072010261248,9.567,62.192,27.808,15,42,768.2,3.38,1,-62.192
76518,00076518.jpg,1785600072061404672,9.875,61.106,28.894,15,45,809.2,4.32,1,-61.106
76519,00076519.jpg,1785600072077168896,9.875,62.497,27.503,15,44,825.5,3.94,1,-62.497
76520,00076520.jpg,1785600072127421952,9.886,61.055,28.945,14,44,767.3,3.51,1,-61.055
76521,00076521.jpg,1785600072143994112,9.598,62.06,27.94,15,42,819.6,3.87,1,-62.06
76522,00076522.jpg,1785600072193355520,9.706,60.89,29.11,14,44,794.4,4.03,1,-60.89
76523,00076523.jpg,1785600072209585408,9.533,62.645,27.355,15,46,864.4,6.91,1,-62.645
76524,00076524.jpg,1785600072260011008,9.714,61.011,28.989,16,50,856.6,5.06,1,-61.011
76525,00076525.jpg,1785600072277875968,9.582,61.87,28.13,18,54,885.9,6.49,1,-61.87
76526,00076526.jpg,1785600072326554624,9.71,60.702,29.298,16,51,849.5,6.09,1,-60.702
76527,00076527.jpg,1785600072344525056,9.582,61.992,28.008,18,54,878.6,6.94,1,-61.992
76528,00076528.jpg,1785600072394991360,9.697,60.15,29.85,15,49,818.2,6.02,1,-60.15
76529,00076529.jpg,1785600072411313920,9.773,62.325,27.675,16,53,889.0,7.72,1,-62.325
76530,00076530.jpg,1785600072460118016,9.693,59.7,30.3,15,49,812.3,5.47,1,-59.7
76531,00076531.jpg,1785600072477656576,9.614,61.589,28.411,16,53,913.0,7.49,1,-61.589
76532,00076532.jpg,1785600072526809600,9.851,61.412,28.588,15,50,823.7,7.79,1,-61.412
76533,00076533.jpg,1785600072544356352,9.851,62.425,27.575,17,54,902.6,7.12,1,-62.425
76534,00076534.jpg,1785600072595739136,9.724,60.945,29.055,15,48,828.5,7.84,1,-60.945
76535,00076535.jpg,1785600072611313920,9.775,60.577,29.423,16,51,874.5,7.58,1,-60.577
76536,00076536.jpg,1785600072661358336,9.849,58.224,31.776,15,42,747.5,5.32,1,-58.224
76537,00076537.jpg,1785600072677840384,9.689,58.757,31.243,17,49,840.7,4.54,1,-58.757
76538,00076538.jpg,1785600072727648256,9.861,60.095,29.905,16,52,837.4,7.94,1,-60.095
76539,00076539.jpg,1785600072744523520,9.694,58.754,31.246,17,51,852.4,5.0,1,-58.754
76540,00076540.jpg,1785600072796354816,9.846,57.373,32.627,14,47,772.1,5.04,1,-57.373
76541,00076541.jpg,1785600072810954240,9.725,58.179,31.821,17,50,833.6,5.06,1,-58.179
76542,00076542.jpg,1785600072860524288,9.834,57.662,32.338,15,48,794.7,6.68,1,-57.662
76543,00076543.jpg,1785600072877360128,9.734,57.73,32.27,17,51,833.2,5.11,1,-57.73
76544,00076544.jpg,1785600072927105792,9.829,56.496,33.504,13,42,729.7,5.74,1,-56.496
76545,00076545.jpg,1785600072944423424,9.829,57.45,32.55,17,51,830.0,5.14,1,-57.45
76546,00076546.jpg,1785600072993587712,9.841,56.026,33.974,13,42,728.0,5.81,1,-56.026
76547,00076547.jpg,1785600073011180544,9.709,56.859,33.141,17,51,824.0,5.22,1,-56.859
76548,00076548.jpg,1785600073061064192,23.383,57.292,32.708,13,42,730.2,5.68,1,-57.292
76549,00076549.jpg,1785600073077212416,24.708,59.395,30.605,17,55,872.7,4.59,1,-59.395
76550,00076550.jpg,1785600073128166912,18.428,14.447,75.553,11,57,1403.9,2.04,1,-104.447
76551,00076551.jpg,1785600073143456256,18.428,15.233,74.767,11,55,1391.2,2.33,1,-105.233
76552,00076552.jpg,1785600073196557568,19.474,17.16,72.84,9,42,1207.8,1.56,1,-107.16
76553,00076553.jpg,1785600073210046208,19.694,17.11,72.89,9,43,1161.4,1.37,1,-107.11
76554,00076554.jpg,1785600073260473344,20.036,19.999,70.001,9,40,839.3,2.41,1,-109.999
76555,00076555.jpg,1785600073278095872,20.036,20.059,69.941,9,40,826.6,2.06,1,-110.059
76556,00076556.jpg,1785600073327780608,19.94,20.549,69.451,8,28,569.2,1.04,1,-110.549
76557,00076557.jpg,1785600073343678208,19.885,21.408,68.592,5,26,565.9,2.61,1,-111.408
76558,00076558.jpg,1785600073395488000,19.602,21.332,68.668,7,29,568.9,1.88,1,-111.332
76559,00076559.jpg,1785600073410830080,19.52,21.512,68.488,7,30,604.4,3.73,1,-111.512
76560,00076560.jpg,1785600073461558784,16.612,21.014,68.986,9,30,599.8,0.8,1,-111.014
76561,00076561.jpg,1785600073477363968,15.106,21.649,68.351,7,29,567.9,1.54,1,-111.649
76562,00076562.jpg,1785600073529693696,11.669,22.971,67.029,6,28,546.8,4.44,1,-112.971
76563,00076563.jpg,1785600073543989504,10.959,26.532,63.468,5,24,508.6,7.65,1,-116.532
76564,00076564.jpg,1785600073595659520,10.093,25.495,64.505,7,29,576.7,6.68,1,-115.495
76565,00076565.jpg,1785600073611076608,9.402,33.471,56.529,8,32,629.0,11.96,1,-123.471
76566,00076566.jpg,1785600073662191104,8.161,36.595,53.405,9,40,799.1,8.23,1,-126.595
76567,00076567.jpg,1785600073676753920,8.161,36.895,53.105,7,32,726.1,7.89,1,-126.895
76568,00076568.jpg,1785600073727101952,7.747,37.099,52.901,7,30,717.9,14.55,0,-126.826
76569,00076569.jpg,1785600073743877376,7.747,23.006,66.994,6,32,780.0,5.7,1,-113.006
76570,00076570.jpg,1785600073796240640,9.028,22.401,67.599,8,37,882.0,3.02,1,-112.401
76571,00076571.jpg,1785600073810573568,7.491,22.362,67.638,10,42,911.8,2.17,1,-112.362
76572,00076572.jpg,1785600073861534976,7.175,22.241,67.759,9,44,1074.5,2.42,1,-112.241
76573,00076573.jpg,1785600073877292032,7.164,22.286,67.714,9,39,1118.1,1.89,1,-112.286
76574,00076574.jpg,1785600073927926016,7.129,22.449,67.551,10,46,1241.6,1.6,1,-112.449
76575,00076575.jpg,1785600073943870720,7.11,22.515,67.485,10,43,1308.6,2.5,1,-112.515
76576,00076576.jpg,1785600073995966976,7.065,22.572,67.428,9,46,1410.3,2.29,1,-112.572
76577,00076577.jpg,1785600074009906688,7.043,22.612,67.388,10,47,1427.9,2.13,1,-112.612
76578,00076578.jpg,1785600074062479104,8.612,22.733,67.267,10,44,1443.7,1.73,1,-112.733
76579,00076579.jpg,1785600074077412352,6.81,23.061,66.939,10,44,1455.1,1.92,1,-113.061
76580,00076580.jpg,1785600074127869952,6.667,23.753,66.247,11,46,1552.3,2.92,1,-113.753
76581,00076581.jpg,1785600074143888128,6.667,24.004,65.996,12,49,1602.3,3.04,1,-114.004
76582,00076582.jpg,1785600074196340736,6.439,24.165,65.835,11,49,1662.2,3.09,1,-114.165
76583,00076583.jpg,1785600074210418432,6.394,24.554,65.446,14,57,1805.4,3.68,1,-114.554
76584,00076584.jpg,1785600074261327616,6.205,25.242,64.758,14,55,1749.3,4.36,1,-115.242
76585,00076585.jpg,1785600074277359616,6.159,25.189,64.811,17,66,1878.7,5.76,1,-115.189
76586,00076586.jpg,1785600074328544512,5.979,26.426,63.574,15,62,1767.5,7.83,1,-116.426
76587,00076587.jpg,1785600074345482496,5.935,26.447,63.553,15,60,1745.3,5.7,1,-116.447
76588,00076588.jpg,1785600074395778304,5.758,36.536,53.464,15,57,1678.4,12.64,0,-116.446
76589,00076589.jpg,1785600074411578112,5.716,36.9,53.1,15,61,1719.5,12.63,0,-116.446
76590,00076590.jpg,1785600074461811712,5.552,37.595,52.405,13,61,1577.6,12.22,0,-116.446
76591,00076591.jpg,1785600074477887488,5.514,37.914,52.086,12,61,1531.0,12.0,0,-116.446
76592,00076592.jpg,1785600074528924416,5.369,38.357,51.643,13,54,1439.8,8.03,1,-128.357
76593,00076593.jpg,1785600074544729088,5.335,38.653,51.347,12,54,1378.6,7.77,1,-128.653
76594,00076594.jpg,1785600074595758592,5.069,39.207,50.793,13,54,1228.9,7.71,1,-129.207
76595,00076595.jpg,1785600074610775552,5.185,39.384,50.616,11,45,1137.4,7.83,1,-129.384
76596,00076596.jpg,1785600074660607488,5.09,40.048,49.952,11,42,961.2,3.92,1,-130.048
76597,00076597.jpg,1785600074677319680,5.069,40.302,49.698,10,41,941.1,4.4,1,-130.302
76598,00076598.jpg,1785600074726727936,5.003,41.06,48.94,7,30,656.6,3.84,1,-131.06
76599,00076599.jpg,1785600074743269376,4.99,41.301,48.699,5,25,585.6,3.93,1,-131.301
76600,00076600.jpg,1785600074795710208,4.955,42.054,47.946,4,15,420.0,3.79,1,-132.054
76601,00076601.jpg,1785600074810880512,4.95,42.372,47.628,4,16,412.2,2.72,1,-132.372
76602,00076602.jpg,1785600074861633280,12.922,,,0,0,0.0,,0,-103.513
76603,00076603.jpg,1785600074878742016,22.727,89.726,0.274,1,4,163.8,0.54,1,-89.726
76604,00076604.jpg,1785600074927187200,23.231,7.887,82.113,1,6,120.0,0.5,1,-97.887
76605,00076605.jpg,1785600074944738048,21.686,9.32,80.68,1,6,175.9,0.85,1,-99.32
76606,00076606.jpg,1785600074996323840,19.712,16.92,73.08,1,6,168.3,0.47,1,-106.92
76607,00076607.jpg,1785600075010420736,19.093,19.332,70.668,2,8,201.4,0.45,1,-109.332
76608,00076608.jpg,1785600075060687104,187.418,41.909,48.091,11,60,1357.7,22.89,0,-122.012
76609,00076609.jpg,1785600075076842752,31.5,51.557,38.443,10,41,727.8,20.9,0,-141.584
76610,00076610.jpg,1785600075127455232,33.048,,,0,0,0.0,,0,-163.928
76611,00076611.jpg,1785600075145135360,174.256,,,0,0,0.0,,0,-161.33
76612,00076612.jpg,1785600075194332928,64.062,,,0,0,0.0,,0,-163.945
76613,00076613.jpg,1785600075211029504,27.62,,,0,0,0.0,,0,-164.205
76614,00076614.jpg,1785600075260651008,30.357,,,0,0,0.0,,0,-164.203
76615,00076615.jpg,1785600075276988928,30.427,,,0,0,0.0,,0,-164.239
76616,00076616.jpg,1785600075327717120,31.238,,,0,0,0.0,,0,-164.437
76617,00076617.jpg,1785600075343699712,31.116,,,0,0,0.0,,0,-164.497
76618,00076618.jpg,1785600075394781184,10.455,,,0,0,0.0,,0,-164.624
76619,00076619.jpg,1785600075410184704,9.817,,,0,0,0.0,,0,-164.634
76620,00076620.jpg,1785600075460343808,9.811,,,0,0,0.0,,0,-164.636
76621,00076621.jpg,1785600075478373632,9.811,,,0,0,0.0,,0,-164.636
76622,00076622.jpg,1785600075527638784,9.809,,,0,0,0.0,,0,-164.636
76623,00076623.jpg,1785600075543371008,9.81,,,0,0,0.0,,0,-164.636
76624,00076624.jpg,1785600075595073024,9.812,,,0,0,0.0,,0,-164.637
76625,00076625.jpg,1785600075610391296,9.811,,,0,0,0.0,,0,-164.637
76626,00076626.jpg,1785600075661513728,9.812,,,0,0,0.0,,0,-164.637
76627,00076627.jpg,1785600075676998144,9.811,,,0,0,0.0,,0,-164.637
76628,00076628.jpg,1785600075728029952,9.809,,,0,0,0.0,,0,-164.637
76629,00076629.jpg,1785600075744382208,9.81,,,0,0,0.0,,0,-164.637
76630,00076630.jpg,1785600075794989824,9.812,,,0,0,0.0,,0,-164.637
76631,00076631.jpg,1785600075810448128,9.812,,,0,0,0.0,,0,-164.637
76632,00076632.jpg,1785600075860257536,9.809,,,0,0,0.0,,0,-164.637
76633,00076633.jpg,1785600075877439232,9.81,,,0,0,0.0,,0,-164.637
76634,00076634.jpg,1785600075927784704,9.809,,,0,0,0.0,,0,-164.638
76635,00076635.jpg,1785600075943671808,9.81,,,0,0,0.0,,0,-164.638
76636,00076636.jpg,1785600075994094080,9.809,,,0,0,0.0,,0,-164.638
76637,00076637.jpg,1785600076010006016,9.81,,,0,0,0.0,,0,-164.638
76638,00076638.jpg,1785600076060093184,9.809,,,0,0,0.0,,0,-164.638
76639,00076639.jpg,1785600076077285376,9.809,,,0,0,0.0,,0,-164.638
76640,00076640.jpg,1785600076126742784,9.809,,,0,0,0.0,,0,-164.638
76641,00076641.jpg,1785600076144433920,9.81,,,0,0,0.0,,0,-164.638
76642,00076642.jpg,1785600076193453824,9.811,,,0,0,0.0,,0,-164.638
76643,00076643.jpg,1785600076210563072,9.809,,,0,0,0.0,,0,-164.638
76644,00076644.jpg,1785600076261627392,9.809,,,0,0,0.0,,0,-164.639
76645,00076645.jpg,1785600076277195264,9.81,,,0,0,0.0,,0,-164.639
76646,00076646.jpg,1785600076327472128,9.809,,,0,0,0.0,,0,-164.639
76647,00076647.jpg,1785600076343470592,9.81,,,0,0,0.0,,0,-164.639
76648,00076648.jpg,1785600076394039808,9.809,,,0,0,0.0,,0,-164.639
76649,00076649.jpg,1785600076410430208,9.81,,,0,0,0.0,,0,-164.639
76650,00076650.jpg,1785600076460618496,9.811,,,0,0,0.0,,0,-164.639
76651,00076651.jpg,1785600076477276672,9.81,,,0,0,0.0,,0,-164.639
76652,00076652.jpg,1785600076526948352,9.809,,,0,0,0.0,,0,-164.639
76653,00076653.jpg,1785600076544434432,9.81,,,0,0,0.0,,0,-164.639
76654,00076654.jpg,1785600076593481216,9.809,,,0,0,0.0,,0,-164.639
76655,00076655.jpg,1785600076611053824,9.81,,,0,0,0.0,,0,-164.64
76656,00076656.jpg,1785600076660889600,9.809,,,0,0,0.0,,0,-164.64
76657,00076657.jpg,1785600076676940544,9.81,,,0,0,0.0,,0,-164.64
76658,00076658.jpg,1785600076728204032,9.809,,,0,0,0.0,,0,-164.64
76659,00076659.jpg,1785600076746703360,9.811,,,0,0,0.0,,0,-164.64
76660,00076660.jpg,1785600076793907200,9.809,,,0,0,0.0,,0,-164.64
76661,00076661.jpg,1785600076810152192,9.81,,,0,0,0.0,,0,-164.64
76662,00076662.jpg,1785600076861571072,9.811,,,0,0,0.0,,0,-164.64
76663,00076663.jpg,1785600076877188864,9.811,,,0,0,0.0,,0,-164.64
76664,00076664.jpg,1785600076927845376,9.812,,,0,0,0.0,,0,-164.64
76665,00076665.jpg,1785600076943583744,9.81,,,0,0,0.0,,0,-164.64
76666,00076666.jpg,1785600076994964224,9.812,,,0,0,0.0,,0,-164.64
76667,00076667.jpg,1785600077010311680,9.81,,,0,0,0.0,,0,-164.64
76668,00076668.jpg,1785600077061138432,15.003,,,0,0,0.0,,0,-164.639
76669,00076669.jpg,1785600077077011712,19.635,,,0,0,0.0,,0,-164.706
76670,00076670.jpg,1785600077127787776,11.463,,,0,0,0.0,,0,-166.498
76671,00076671.jpg,1785600077143602176,11.463,,,0,0,0.0,,0,-166.906
76672,00076672.jpg,1785600077193988352,6.111,,,0,0,0.0,,0,-167.643
76673,00076673.jpg,1785600077211049984,4.866,,,0,0,0.0,,0,-167.842
76674,00076674.jpg,1785600077260567552,1.773,,,0,0,0.0,,0,-168.341
76675,00076675.jpg,1785600077277477888,0.976,,,0,0,0.0,,0,-168.473
76676,00076676.jpg,1785600077327176448,22.365,,,0,0,0.0,,0,-168.792
