t_recv_wall_ns,frame_id,sim_time_ns,jpeg_size,file
1785517664137379300,5066,1785517664081266900,36833,00005066.jpg
1785517664144615300,5067,1785517664123490700,36833,00005067.jpg
1785517664198538400,5068,1785517664132485200,36810,00005068.jpg
1785517664249968200,5069,1785517664194630100,36802,00005069.jpg
1785517664264531400,5070,1785517664232889400,36802,00005070.jpg
1785517664307859200,5071,1785517664255614000,36782,00005071.jpg
1785517664324393200,5072,1785517664295790900,36782,00005072.jpg
1785517664379576700,5073,1785517664319648900,36719,00005073.jpg
1785517664398936300,5074,1785517664363323800,36719,00005074.jpg
1785517664434435700,5075,1785517664388302200,36598,00005075.jpg
1785517664450183100,5076,1785517664420728800,36598,00005076.jpg
1785517664496398900,5077,1785517664433329300,36561,00005077.jpg
1785517664536851000,5078,1785517664489043700,36506,00005078.jpg
1785517664554871400,5079,1785517664523795700,36506,00005079.jpg
1785517664599359600,5080,1785517664546854600,36459,00005080.jpg
1785517664613655000,5081,1785517664587397600,36459,00005081.jpg
1785517664656691000,5082,1785517664599164200,36380,00005082.jpg
1785517664700524200,5083,1785517664648295700,36326,00005083.jpg
1785517664717916500,5084,1785517664688338300,36326,00005084.jpg
1785517664757416900,5085,1785517664704723800,36282,00005085.jpg
1785517664818588200,5086,1785517664749098800,36345,00005086.jpg
1785517664834467200,5087,1785517664788012500,36345,00005087.jpg
1785517664854108100,5088,1785517664807663800,36229,00005088.jpg
1785517664916649700,5089,1785517664857295900,36133,00005089.jpg
1785517664948498300,5090,1785517664894956400,36133,00005090.jpg
1785517664974052100,5091,1785517664920471700,36137,00005091.jpg
1785517664998055100,5092,1785517664959113000,36137,00005092.jpg
1785517665062858400,5093,1785517665019205100,36574,00005093.jpg
1785517665086568600,5095,1785517665048864900,36574,00005095.jpg
1785517665113825000,5096,1785517665062185000,36798,00005096.jpg
1785517665158314800,5097,1785517665106819200,36964,00005097.jpg
1785517665203828500,5098,1785517665148813000,37101,00005098.jpg
1785517665224501600,5099,1785517665190369100,37101,00005099.jpg
1785517665267891500,5100,1785517665201777200,37308,00005100.jpg
1785517665313825900,5101,1785517665256272700,37465,00005101.jpg
1785517665330839300,5102,1785517665298706600,37465,00005102.jpg
1785517665380776100,5103,1785517665321016900,37642,00005103.jpg
1785517665397015500,5104,1785517665366474300,37642,00005104.jpg
1785517665428739000,5105,1785517665380293600,37719,00005105.jpg
1785517665449056600,5106,1785517665417933000,37719,00005106.jpg
1785517665479766700,5107,1785517665431508200,37864,00005107.jpg
1785517665529643600,5108,1785517665495344900,37961,00005108.jpg
1785517665573833300,5109,1785517665523658000,38032,00005109.jpg
1785517665590042500,5110,1785517665563416400,38032,00005110.jpg
1785517665628437300,5111,1785517665575118700,38088,00005111.jpg
1785517665675211300,5112,1785517665624198000,38143,00005112.jpg
1785517665689448000,5113,1785517665665121400,38143,00005113.jpg
1785517665731909800,5114,1785517665676037700,38242,00005114.jpg
1785517665773341200,5115,1785517665724156000,38387,00005115.jpg
1785517665786859700,5116,1785517665764000800,38387,00005116.jpg
1785517665824904700,5117,1785517665772927400,38409,00005117.jpg
1785517665869621300,5118,1785517665818352800,38050,00005118.jpg
1785517665884272200,5119,1785517665858264700,38050,00005119.jpg
1785517665941638300,5120,1785517665866850500,37840,00005120.jpg
1785517665966722800,5121,1785517665912298900,37729,00005121.jpg
1785517665981303200,5122,1785517665953888100,37729,00005122.jpg
1785517666022926200,5123,1785517665966207300,38042,00005123.jpg
1785517666067830700,5124,1785517666013493500,38217,00005124.jpg
1785517666111606700,5125,1785517666062834400,38163,00005125.jpg
1785517666124028700,5126,1785517666100637700,38163,00005126.jpg
1785517666154491900,5127,1785517666112346000,38387,00005127.jpg
1785517666170263600,5128,1785517666149954200,38387,00005128.jpg
1785517666209561700,5129,1785517666160126000,38480,00005129.jpg
1785517666253639100,5130,1785517666206260200,38585,00005130.jpg
1785517666301752600,5131,1785517666250727600,38761,00005131.jpg
1785517666324612100,5132,1785517666291351500,38761,00005132.jpg
1785517666358602700,5133,1785517666303695300,38988,00005133.jpg
1785517666411428300,5134,1785517666353941700,39084,00005134.jpg
1785517666422414700,5135,1785517666395421000,39084,00005135.jpg
1785517666461693200,5136,1785517666408431700,39428,00005136.jpg
1785517666502983300,5137,1785517666454744500,39402,00005137.jpg
1785517666514510800,5138,1785517666495249500,39402,00005138.jpg
1785517666557263900,5139,1785517666504954300,39399,00005139.jpg
1785517666607377700,5140,1785517666552432700,39313,00005140.jpg
1785517666620529000,5141,1785517666592933600,39313,00005141.jpg
1785517666651057100,5142,1785517666604274100,39262,00005142.jpg
1785517666699995200,5143,1785517666649420800,39281,00005143.jpg
1785517666712061200,5144,1785517666691576300,39281,00005144.jpg
1785517666753583500,5145,1785517666700810500,39265,00005145.jpg
1785517666801830400,5146,1785517666750189900,39175,00005146.jpg
1785517666813795800,5147,1785517666790588300,39175,00005147.jpg
1785517666850683800,5148,1785517666801257400,39014,00005148.jpg
1785517666900194200,5149,1785517666848178700,38516,00005149.jpg
1785517666910652200,5150,1785517666890387600,38516,00005150.jpg
1785517666949643200,5151,1785517666899607400,38226,00005151.jpg
1785517667000006600,5152,1785517666948228400,38312,00005152.jpg
1785517667008931300,5153,1785517666986899100,38312,00005153.jpg
1785517667048427000,5154,1785517666997803000,38637,00005154.jpg
1785517667097303800,5155,1785517667045627200,38527,00005155.jpg
1785517667113064400,5156,1785517667086169100,38527,00005156.jpg
1785517667151240400,5157,1785517667097107800,38593,00005157.jpg
1785517667212896900,5158,1785517667145608300,38719,00005158.jpg
1785517667251660100,5159,1785517667194662700,38739,00005159.jpg
1785517667260191900,5160,1785517667232870200,38739,00005160.jpg
1785517667298156600,5161,1785517667245110500,38834,00005161.jpg
1785517667348686700,5162,1785517667294326100,38845,00005162.jpg
1785517667356595100,5163,1785517667335782700,38845,00005163.jpg
1785517667398432800,5164,1785517667345755800,38858,00005164.jpg
1785517667415438200,5165,1785517667388745300,38858,00005165.jpg
1785517667461716800,5166,1785517667399728300,38781,00005166.jpg
1785517667498269900,5167,1785517667447892600,38791,00005167.jpg
1785517667513183800,5168,1785517667489567400,38791,00005168.jpg
1785517667553242100,5169,1785517667500902800,38772,00005169.jpg
1785517667595360100,5170,1785517667546260400,38781,00005170.jpg
1785517667609580900,5171,1785517667587073400,38781,00005171.jpg
1785517667644764000,5172,1785517667596843800,38703,00005172.jpg
1785517667692828700,5173,1785517667642099700,38679,00005173.jpg
1785517667735574700,5174,1785517667686398500,38635,00005174.jpg
1785517667752225900,5175,1785517667726980700,38635,00005175.jpg
1785517667796937500,5176,1785517667738635300,38548,00005176.jpg
1785517667839196900,5177,1785517667785986400,38448,00005177.jpg
1785517667859122400,5178,1785517667829677700,38448,00005178.jpg
1785517667899294000,5179,1785517667842632700,37864,00005179.jpg
1785517667945017100,5180,1785517667890055500,37543,00005180.jpg
1785517667960991100,5181,1785517667931554800,37543,00005181.jpg
1785517668005020700,5182,1785517667943608400,37464,00005182.jpg
1785517668044904300,5183,1785517667993079500,37793,00005183.jpg
1785517668066521500,5184,1785517668032228200,37793,00005184.jpg
1785517668093038000,5185,1785517668046634000,37708,00005185.jpg
1785517668112553600,5186,1785517668085800700,37708,00005186.jpg
1785517668148386300,5187,1785517668097877000,37708,00005187.jpg
1785517668203140300,5188,1785517668144380000,37717,00005188.jpg
1785517668257131400,5189,1785517668191710600,37699,00005189.jpg
1785517668270294800,5190,1785517668233011100,37699,00005190.jpg
1785517668301065300,5191,1785517668247685400,37652,00005191.jpg
1785517668328938700,5192,1785517668289371500,37652,00005192.jpg
1785517668355870100,5193,1785517668301224600,37567,00005193.jpg
1785517668414735200,5194,1785517668350434800,37563,00005194.jpg
1785517668434819400,5195,1785517668395369200,37563,00005195.jpg
1785517668470785200,5196,1785517668407150000,37500,00005196.jpg
1785517668513712700,5197,1785517668456460400,37380,00005197.jpg
1785517668527665500,5198,1785517668496170300,37380,00005198.jpg
1785517668557275600,5199,1785517668508539300,37338,00005199.jpg
1785517668599131400,5200,1785517668554008000,37193,00005200.jpg
1785517668613830200,5201,1785517668592952100,37193,00005201.jpg
1785517668652357000,5202,1785517668601637800,37124,00005202.jpg
1785517668696803600,5203,1785517668646856100,37042,00005203.jpg
1785517668711171500,5204,1785517668687706000,37042,00005204.jpg
1785517668749465200,5205,1785517668697961200,36955,00005205.jpg
1785517668792664800,5206,1785517668743796600,37008,00005206.jpg
1785517668839990600,5207,1785517668790081400,36973,00005207.jpg
1785517668858567900,5208,1785517668830267700,36973,00005208.jpg
1785517668894397600,5209,1785517668842625900,36680,00005209.jpg
1785517668936854600,5210,1785517668887110700,36722,00005210.jpg
1785517668952894900,5211,1785517668928027100,36722,00005211.jpg
1785517668991726100,5212,1785517668940639600,36841,00005212.jpg
1785517669036031300,5213,1785517668982227600,37270,00005213.jpg
1785517669055955900,5214,1785517669022828200,37270,00005214.jpg
1785517669085208200,5215,1785517669036152600,37173,00005215.jpg
1785517669131382900,5216,1785517669081349900,37199,00005216.jpg
1785517669146023200,5217,1785517669122477400,37199,00005217.jpg
1785517669185180400,5218,1785517669133112300,37441,00005218.jpg
1785517669240391200,5219,1785517669179749900,37534,00005219.jpg
1785517669247845900,5220,1785517669221605700,37534,00005220.jpg
1785517669291656200,5221,1785517669233931000,37675,00005221.jpg
1785517669340375700,5222,1785517669282038200,37854,00005222.jpg
1785517669360786000,5223,1785517669327335600,37854,00005223.jpg
1785517669398549200,5224,1785517669343818600,37891,00005224.jpg
1785517669438451400,5225,1785517669391610100,37942,00005225.jpg
1785517669457120000,5226,1785517669430774500,37942,00005226.jpg
1785517669488194100,5227,1785517669441576500,37990,00005227.jpg
1785517669542221600,5228,1785517669485886900,38046,00005228.jpg
1785517669565028400,5229,1785517669525704900,38046,00005229.jpg
1785517669586684200,5230,1785517669538687500,38090,00005230.jpg
1785517669641830000,5231,1785517669584950500,38153,00005231.jpg
1785517669648577000,5232,1785517669623915500,38153,00005232.jpg
1785517669692600100,5233,1785517669635995200,38186,00005233.jpg
1785517669744508500,5234,1785517669685884900,38259,00005234.jpg
1785517669760779400,5235,1785517669728475800,38259,00005235.jpg
1785517669800941900,5236,1785517669740205100,38255,00005236.jpg
1785517669847893800,5237,1785517669787440200,38290,00005237.jpg
1785517669860860600,5238,1785517669829568200,38290,00005238.jpg
1785517669903296600,5239,1785517669844033800,37971,00005239.jpg
1785517669944400400,5240,1785517669890096100,37857,00005240.jpg
1785517669953486300,5241,1785517669931946700,37857,00005241.jpg
1785517669989368000,5242,1785517669944835200,38000,00005242.jpg
1785517670033461100,5243,1785517669987914500,38352,00005243.jpg
1785517670051300800,5244,1785517670025819100,38352,00005244.jpg
1785517670092271700,5245,1785517670036622500,38330,00005245.jpg
1785517670154212100,5246,1785517670085471000,38411,00005246.jpg
1785517670160759000,5247,1785517670127958500,38411,00005247.jpg
1785517670194835200,5248,1785517670141421400,38547,00005248.jpg
1785517670309688100,5249,1785517670187440700,38652,00005249.jpg
1785517670393038500,5250,1785517670230525500,38652,00005250.jpg
1785517670436860900,5251,1785517670246228100,38701,00005251.jpg
1785517670531760800,5252,1785517670289464000,38701,00005252.jpg
1785517670568427600,5253,1785517670305674400,38797,00005253.jpg
1785517670631189500,5254,1785517670359671500,38780,00005254.jpg
1785517670699992600,5255,1785517670403645000,38780,00005255.jpg
1785517670713692400,5256,1785517670416724200,38791,00005256.jpg
1785517670789082400,5257,1785517670459179400,38791,00005257.jpg
1785517670841476300,5258,1785517670472882600,38777,00005258.jpg
1785517670869520300,5259,1785517670525585400,38791,00005259.jpg
1785517670897692300,5260,1785517670567575500,38791,00005260.jpg
1785517670914878700,5261,1785517670584638100,38810,00005261.jpg
1785517670924532900,5262,1785517670625983700,38810,00005262.jpg
1785517670940283900,5263,1785517670638446600,38835,00005263.jpg
1785517670956571900,5264,1785517670687015500,38902,00005264.jpg
1785517670981450500,5265,1785517670735386200,38902,00005265.jpg
1785517670988690400,5266,1785517670752867200,38847,00005266.jpg
1785517670996653200,5267,1785517670796664600,38847,00005267.jpg
1785517671003293700,5268,1785517670814641300,38762,00005268.jpg
1785517671012035300,5269,1785517670864482300,38429,00005269.jpg
1785517671019512600,5270,1785517670903433500,38429,00005270.jpg
1785517671028662100,5271,1785517670921664900,38258,00005271.jpg
1785517671035516700,5272,1785517670956826300,38258,00005272.jpg
1785517671085402600,5273,1785517670970993400,38598,00005273.jpg
1785517671125313700,5274,1785517671081265700,38671,00005274.jpg
1785517671152920800,5276,1785517671118133200,38671,00005276.jpg
1785517671188014900,5277,1785517671134403100,38779,00005277.jpg
1785517671266840800,5278,1785517671167349000,38779,00005278.jpg
1785517671301433700,5279,1785517671183642400,38762,00005279.jpg
1785517671322951400,5280,1785517671220444100,38762,00005280.jpg
1785517671365880300,5281,1785517671236984900,38762,00005281.jpg
1785517671386419100,5282,1785517671289541900,38706,00005282.jpg
1785517671472108800,5283,1785517671330449100,38706,00005283.jpg
1785517671490378600,5284,1785517671346508300,38650,00005284.jpg
1785517671547553200,5285,1785517671388637500,38650,00005285.jpg
1785517671623319000,5286,1785517671404991100,38652,00005286.jpg
1785517671670290700,5287,1785517671455542300,38562,00005287.jpg
1785517671702221300,5288,1785517671493600500,38562,00005288.jpg
1785517671793294300,5289,1785517671514857300,38513,00005289.jpg
1785517671849367400,5290,1785517671553330900,38513,00005290.jpg
1785517671879148700,5291,1785517671567466500,38470,00005291.jpg
1785517671952284200,5292,1785517671614809800,38433,00005292.jpg
1785517671979675600,5293,1785517671653905700,38433,00005293.jpg
1785517672043742200,5294,1785517671668101400,38438,00005294.jpg
1785517672086926800,5295,1785517671720813500,38420,00005295.jpg
1785517672158368000,5296,1785517671762586400,38420,00005296.jpg
1785517672224094300,5297,1785517671780343500,38366,00005297.jpg
1785517672265926000,5298,1785517671821163100,38366,00005298.jpg
1785517672295750900,5299,1785517671835430000,38111,00005299.jpg
1785517672311210500,5300,1785517671885196900,37947,00005300.jpg
1785517672350489600,5301,1785517671926550800,37947,00005301.jpg
1785517672398700900,5302,1785517671943488000,37957,00005302.jpg
1785517672467471800,5303,1785517671998593500,38263,00005303.jpg
1785517672511549800,5304,1785517672037970300,38263,00005304.jpg
1785517672556099700,5305,1785517672057223100,38096,00005305.jpg
1785517672581696100,5306,1785517672098011500,38096,00005306.jpg
1785517672591486800,5307,1785517672117864700,38010,00005307.jpg
1785517672645116600,5308,1785517672153651600,38010,00005308.jpg
1785517672688909200,5309,1785517672173482700,37941,00005309.jpg
1785517672755437100,5310,1785517672221584700,37892,00005310.jpg
1785517672804234000,5311,1785517672260858500,37892,00005311.jpg
1785517672848935500,5312,1785517672277969800,37838,00005312.jpg
1785517672891338500,5313,1785517672323356200,37742,00005313.jpg
1785517672908983700,5314,1785517672363131800,37742,00005314.jpg
1785517672916506500,5315,1785517672377764000,37661,00005315.jpg
1785517672940433200,5316,1785517672430481400,37484,00005316.jpg
1785517672959860800,5317,1785517672473598800,37484,00005317.jpg
1785517672981982000,5318,1785517672490951500,37366,00005318.jpg
1785517673000065700,5319,1785517672529980500,37366,00005319.jpg
1785517673063790900,5320,1785517672547460700,37227,00005320.jpg
1785517673070408900,5321,1785517672607033300,37062,00005321.jpg
1785517673085987300,5322,1785517672635935300,37062,00005322.jpg
1785517673103982700,5323,1785517672651190500,36970,00005323.jpg
1785517673122133200,5324,1785517672693317800,36970,00005324.jpg
1785517673145671900,5325,1785517672714153500,36908,00005325.jpg
1785517673152336300,5326,1785517672755959300,36908,00005326.jpg
1785517673164212400,5327,1785517672776001800,37008,00005327.jpg
1785517673171243200,5328,1785517672820008900,36964,00005328.jpg
1785517673182297300,5329,1785517672859557100,36964,00005329.jpg
1785517673188793300,5330,1785517672874693300,37065,00005330.jpg
1785517673195525300,5331,1785517672921024700,37148,00005331.jpg
1785517673200991600,5332,1785517672966152000,37148,00005332.jpg
1785517673207453200,5333,1785517672980360200,37540,00005333.jpg
1785517673229823700,5334,1785517673020810800,37540,00005334.jpg
1785517673265175300,5335,1785517673035352800,37592,00005335.jpg
1785517673281517400,5336,1785517673080673700,37658,00005336.jpg
1785517673311247700,5337,1785517673122630600,37658,00005337.jpg
1785517673343389800,5338,1785517673135413200,37733,00005338.jpg
1785517673381568200,5339,1785517673242904900,37762,00005339.jpg
1785517673389144200,5341,1785517673284651100,37762,00005341.jpg
1785517673435564100,5342,1785517673300203800,37944,00005342.jpg
1785517673498078400,5343,1785517673337866900,37944,00005343.jpg
1785517673536208200,5344,1785517673352395600,38035,00005344.jpg
1785517673591528700,5345,1785517673394632300,38035,00005345.jpg
1785517673615747300,5346,1785517673409021600,38168,00005346.jpg
1785517673647268900,5347,1785517673465041100,38225,00005347.jpg
1785517673698133400,5348,1785517673503423800,38225,00005348.jpg
1785517673798722500,5349,1785517673519446000,38324,00005349.jpg
1785517673814704000,5350,1785517673557447600,38324,00005350.jpg
1785517673821370100,5351,1785517673575299900,38348,00005351.jpg
1785517673826810100,5352,1785517673623132300,38373,00005352.jpg
1785517673868548900,5353,1785517673665563700,38373,00005353.jpg
1785517673896760000,5354,1785517673681101000,38464,00005354.jpg
1785517673912016500,5355,1785517673720988000,38464,00005355.jpg
1785517673924668700,5356,1785517673737464200,38523,00005356.jpg
1785517673933145900,5357,1785517673786370300,38579,00005357.jpg
1785517673968497200,5358,1785517673827154400,38579,00005358.jpg
1785517673990960200,5359,1785517673843858700,38452,00005359.jpg
1785517674040733600,5360,1785517673891615800,38402,00005360.jpg
1785517674074662100,5361,1785517673928865200,38402,00005361.jpg
1785517674109221400,5362,1785517673944741700,38524,00005362.jpg
1785517674131676200,5363,1785517673997568300,38885,00005363.jpg
1785517674151153300,5364,1785517674036687000,38885,00005364.jpg
1785517674187056800,5365,1785517674058098400,38921,00005365.jpg
1785517674197385600,5366,1785517674096553400,38921,00005366.jpg
1785517674412952900,5367,1785517674114506300,38949,00005367.jpg
1785517674494359800,5368,1785517674160497600,38944,00005368.jpg
1785517674519226200,5369,1785517674199439200,38944,00005369.jpg
1785517674548320900,5370,1785517674218814100,38967,00005370.jpg
1785517674606601000,5371,1785517674258398800,38967,00005371.jpg
1785517674628542700,5372,1785517674273507800,39052,00005372.jpg
1785517674646044700,5373,1785517674319691900,39020,00005373.jpg
1785517674681165100,5374,1785517674361707500,39020,00005374.jpg
1785517674702412600,5375,1785517674377416500,39071,00005375.jpg
1785517674731950500,5376,1785517674425977500,39143,00005376.jpg
1785517674769829700,5377,1785517674468492000,39143,00005377.jpg
1785517674848010300,5378,1785517674486922400,39380,00005378.jpg
1785517674875001800,5379,1785517674529917500,39380,00005379.jpg
1785517674911510200,5380,1785517674546426800,39505,00005380.jpg
1785517674920313500,5381,1785517674585826500,39505,00005381.jpg
1785517674953290700,5382,1785517674601846600,39719,00005382.jpg
1785517675000826200,5383,1785517674652105900,39694,00005383.jpg
1785517675033741500,5384,1785517674690612100,39694,00005384.jpg
1785517675087353800,5385,1785517674706509200,39556,00005385.jpg
1785517675128784800,5386,1785517674762859600,39435,00005386.jpg
1785517675152762000,5387,1785517674803669100,39435,00005387.jpg
1785517675177839300,5388,1785517674825009800,39383,00005388.jpg
1785517675188152400,5389,1785517674865871800,39383,00005389.jpg
1785517675199127700,5390,1785517674884905800,39069,00005390.jpg
1785517675216137800,5391,1785517674930191100,39069,00005391.jpg
1785517675231835900,5392,1785517674948867000,38922,00005392.jpg
1785517675241738600,5393,1785517674987111700,38922,00005393.jpg
1785517675255488200,5394,1785517675003103400,39341,00005394.jpg
1785517675264422000,5395,1785517675050586200,39235,00005395.jpg
1785517675274588700,5396,1785517675090366700,39235,00005396.jpg
1785517675283166700,5397,1785517675114705100,39226,00005397.jpg
1785517675295475300,5398,1785517675161339100,39127,00005398.jpg
1785517675361202000,5399,1785517675201177900,39127,00005399.jpg
1785517675417729000,5400,1785517675216151500,39080,00005400.jpg
1785517675436003300,5401,1785517675313986300,39080,00005401.jpg
1785517675498877900,5402,1785517675340393000,39002,00005402.jpg
1785517675529183900,5404,1785517675383430200,39002,00005404.jpg
1785517675563985700,5405,1785517675402394900,38922,00005405.jpg
1785517675641553300,5406,1785517675440291600,38922,00005406.jpg
1785517675670241700,5407,1785517675459168600,38874,00005407.jpg
1785517675688185400,5408,1785517675493447900,38874,00005408.jpg
1785517675702886300,5409,1785517675510986900,38800,00005409.jpg
1785517675722165700,5410,1785517675558509700,38744,00005410.jpg
1785517675730362900,5411,1785517675599002600,38744,00005411.jpg
1785517678071633300,5412,1785517678050977600,38672,00005412.jpg
1785517678093170200,5413,1785517678057694600,38672,00005413.jpg
1785517678925687400,5414,1785517678868012200,38655,00005414.jpg
1785517678952740100,5417,1785517678924983400,38655,00005417.jpg
1785517678990325600,5418,1785517678945418700,38129,00005418.jpg
1785517679019413100,5419,1785517678974793200,38129,00005419.jpg
1785517679131624300,5420,1785517678990794800,37992,00005420.jpg
1785517679163610300,5421,1785517679123693700,37865,00005421.jpg
1785517679183936600,5424,1785517679161715400,37865,00005424.jpg
1785517679238935700,5425,1785517679177734300,37602,00005425.jpg
1785517679251194700,5426,1785517679213158300,37602,00005426.jpg
1785517679291318000,5427,1785517679228819100,37491,00005427.jpg
1785517679319601500,5428,1785517679276476600,37374,00005428.jpg
1785517679345116100,5429,1785517679309817700,37374,00005429.jpg
1785517679376316500,5430,1785517679323827500,37282,00005430.jpg
1785517679404674100,5431,1785517679362311200,37187,00005431.jpg
1785517679430918800,5432,1785517679393432600,37187,00005432.jpg
1785517679450656500,5433,1785517679408533500,37095,00005433.jpg
1785517679507424400,5434,1785517679446940900,36990,00005434.jpg
1785517679534685300,5435,1785517679488296500,36880,00005435.jpg
1785517679567670200,5436,1785517679525450500,36845,00005436.jpg
1785517679604942300,5437,1785517679558629600,36858,00005437.jpg
1785517679648074300,5438,1785517679593709300,36937,00005438.jpg
1785517679670504200,5439,1785517679628331900,36994,00005439.jpg
1785517679720588100,5440,1785517679663869100,36955,00005440.jpg
1785517679745868100,5441,1785517679690953900,36955,00005441.jpg
1785517679791201400,5442,1785517679705316800,37122,00005442.jpg
1785517679815989700,5443,1785517679741295000,37138,00005443.jpg
1785517679833439900,5444,1785517679772993600,37288,00005444.jpg
1785517679865460000,5445,1785517679807524000,37607,00005445.jpg
1785517679886290300,5446,1785517679840283600,37587,00005446.jpg
1785517679916840900,5447,1785517679872801300,37549,00005447.jpg
1785517679941621600,5448,1785517679906332900,37548,00005448.jpg
1785517679979290400,5449,1785517679935899300,37618,00005449.jpg
1785517680013057300,5450,1785517679968556300,37625,00005450.jpg
1785517680071100700,5451,1785517679997991500,37651,00005451.jpg
1785517680082857700,5452,1785517680036087500,37672,00005452.jpg
1785517680121028400,5453,1785517680068960300,37688,00005453.jpg
1785517680144134300,5454,1785517680106234200,37745,00005454.jpg
1785517680177679900,5455,1785517680143013700,37825,00005455.jpg
1785517680202160400,5456,1785517680167558700,37816,00005456.jpg
1785517680277810500,5457,1785517680197580600,37849,00005457.jpg
1785517680342925200,5458,1785517680228955700,37901,00005458.jpg
1785517680351027000,5459,1785517680263711700,37921,00005459.jpg
1785517680381531700,5460,1785517680299529900,37932,00005460.jpg
1785517680409398900,5461,1785517680331847100,37961,00005461.jpg
1785517680425577600,5462,1785517680369107400,37963,00005462.jpg
1785517680446342300,5463,1785517680401067100,38025,00005463.jpg
1785517680483062600,5464,1785517680434248900,38043,00005464.jpg
1785517680509904600,5465,1785517680467420300,38074,00005465.jpg
1785517680556801700,5466,1785517680502254400,38079,00005466.jpg
1785517680582769500,5467,1785517680537522800,38101,00005467.jpg
1785517680640738200,5468,1785517680574580700,38152,00005468.jpg
1785517680669568600,5469,1785517680609578000,38220,00005469.jpg
1785517680745517100,5470,1785517680697751900,38228,00005470.jpg
1785517680775960100,5471,1785517680723161200,38228,00005471.jpg
1785517680835655300,5472,1785517680796955800,38139,00005472.jpg
1785517680871712200,5474,1785517680820647300,38139,00005474.jpg
1785517680928198400,5475,1785517680903381300,38376,00005475.jpg
1785517680951269100,5477,1785517680922487500,38376,00005477.jpg
1785517681014032100,5478,1785517680948036100,38582,00005478.jpg
1785517681042651300,5479,1785517680998120200,38582,00005479.jpg
1785517681076756800,5480,1785517681038571100,38643,00005480.jpg
1785517681087708900,5482,1785517681074956600,38643,00005482.jpg
1785517681110297400,5483,1785517681085769600,38702,00005483.jpg
1785517681137472600,5484,1785517681108678800,38771,00005484.jpg
1785517681159151700,5485,1785517681133355300,38808,00005485.jpg
1785517681206979300,5486,1785517681166055200,38799,00005486.jpg
1785517681237098100,5487,1785517681204199400,38825,00005487.jpg
1785517681273312200,5488,1785517681236990700,38846,00005488.jpg
1785517681307792900,5489,1785517681270571400,38865,00005489.jpg
1785517681339129200,5490,1785517681306602800,38870,00005490.jpg
1785517681373162200,5491,1785517681338291400,38848,00005491.jpg
1785517681404130600,5492,1785517681372866000,38881,00005492.jpg
1785517681433641700,5493,1785517681403642800,38876,00005493.jpg
1785517681464809600,5494,1785517681433035300,38902,00005494.jpg
1785517681492902400,5495,1785517681462775600,38880,00005495.jpg
1785517681545937900,5496,1785517681498692100,38897,00005496.jpg
1785517681574045400,5497,1785517681542878500,38895,00005497.jpg
1785517681600462500,5498,1785517681571008700,38825,00005498.jpg
1785517681628478500,5499,1785517681599366700,38867,00005499.jpg
1785517681657753800,5500,1785517681627664400,38854,00005500.jpg
1785517681707420900,5501,1785517681662984400,38524,00005501.jpg
1785517681735870200,5502,1785517681706518500,38479,00005502.jpg
1785517681762424000,5503,1785517681733113900,38279,00005503.jpg
1785517681790896300,5504,1785517681760396700,38302,00005504.jpg
1785517681839593700,5505,1785517681794633700,38661,00005505.jpg
1785517681871589800,5506,1785517681837429300,38678,00005506.jpg
1785517681901500800,5507,1785517681870056400,38619,00005507.jpg
1785517681928225500,5508,1785517681898912400,38565,00005508.jpg
1785517681955146400,5509,1785517681926221300,38595,00005509.jpg
1785517682006888200,5510,1785517681959309600,38668,00005510.jpg
1785517682033598700,5511,1785517682002290200,38671,00005511.jpg
1785517682060695500,5512,1785517682031055200,38613,00005512.jpg
1785517682111739500,5513,1785517682065596100,38639,00005513.jpg
1785517682139828600,5514,1785517682109561100,38600,00005514.jpg
1785517682166684700,5515,1785517682137524500,38604,00005515.jpg
1785517682194406800,5516,1785517682164135000,38619,00005516.jpg
1785517682246868800,5517,1785517682198834100,38554,00005517.jpg
1785517682273139600,5518,1785517682243814800,38587,00005518.jpg
1785517682301390300,5519,1785517682270121000,38524,00005519.jpg
1785517682331384700,5520,1785517682299545000,38517,00005520.jpg
1785517682361929300,5521,1785517682330799900,38510,00005521.jpg
1785517682412670100,5522,1785517682368800600,38424,00005522.jpg
1785517682439437000,5523,1785517682410054500,38425,00005523.jpg
1785517682468858700,5524,1785517682436945200,38392,00005524.jpg
1785517682497338500,5525,1785517682474516700,38395,00005525.jpg
1785517682527352600,5526,1785517682497375300,38345,00005526.jpg
1785517682577732900,5527,1785517682534870500,38311,00005527.jpg
1785517682607129500,5528,1785517682576868700,38290,00005528.jpg
1785517682637654600,5529,1785517682603833900,38299,00005529.jpg
1785517682666784700,5530,1785517682634735400,38151,00005530.jpg
1785517682694257100,5531,1785517682664889500,37899,00005531.jpg
1785517682742439400,5532,1785517682698491400,37581,00005532.jpg
1785517682769035000,5533,1785517682740276500,37577,00005533.jpg
1785517682794872600,5534,1785517682765670600,37706,00005534.jpg
1785517682824595400,5535,1785517682793723400,37891,00005535.jpg
1785517682876473700,5536,1785517682829817400,37860,00005536.jpg
1785517682903915100,5537,1785517682874734500,37825,00005537.jpg
1785517682931153400,5538,1785517682902725900,37737,00005538.jpg
1785517682958949100,5539,1785517682929177000,37732,00005539.jpg
1785517683008143900,5540,1785517682964916900,37700,00005540.jpg
1785517683034888300,5541,1785517683006886800,37732,00005541.jpg
1785517683062299500,5542,1785517683033086100,37677,00005542.jpg
1785517683089200200,5543,1785517683059977300,37643,00005543.jpg
1785517683139934600,5544,1785517683093204000,37561,00005544.jpg
1785517683165961200,5545,1785517683137506300,37548,00005545.jpg
1785517683194264200,5546,1785517683165017600,37482,00005546.jpg
1785517683224944300,5547,1785517683192484500,37424,00005547.jpg
1785517683275426200,5548,1785517683228837500,37331,00005548.jpg
1785517683300374700,5549,1785517683270928400,37336,00005549.jpg
1785517683328354600,5550,1785517683298679200,37245,00005550.jpg
1785517683380946200,5551,1785517683332916800,37163,00005551.jpg
1785517683409212200,5552,1785517683378780400,37130,00005552.jpg
1785517683439766100,5553,1785517683406975000,37054,00005553.jpg
1785517683466207700,5554,1785517683435649700,36961,00005554.jpg
1785517683493849500,5555,1785517683465189100,36939,00005555.jpg
1785517683541478400,5556,1785517683498025300,36860,00005556.jpg
1785517683568092300,5557,1785517683539625200,36887,00005557.jpg
1785517683597445700,5558,1785517683565524600,37007,00005558.jpg
1785517683623994400,5559,1785517683596797000,37034,00005559.jpg
1785517683674408000,5560,1785517683628453700,36988,00005560.jpg
1785517683701743400,5561,1785517683673319900,36978,00005561.jpg
1785517683728607600,5562,1785517683699823400,37097,00005562.jpg
1785517683757735200,5563,1785517683727776800,37061,00005563.jpg
1785517683806426200,5564,1785517683761778600,37380,00005564.jpg
1785517683834331900,5565,1785517683805294300,37434,00005565.jpg
1785517683862447900,5566,1785517683831624700,37553,00005566.jpg
1785517683888654600,5567,1785517683860294800,37564,00005567.jpg
1785517683938484800,5568,1785517683893357200,37695,00005568.jpg
1785517683964995000,5569,1785517683936720400,37706,00005569.jpg
1785517683992937100,5570,1785517683964137600,37825,00005570.jpg
1785517684040728500,5571,1785517683997100100,37936,00005571.jpg
1785517684069691700,5572,1785517684039642000,37922,00005572.jpg
1785517684097995900,5573,1785517684067692500,38052,00005573.jpg
1785517684123531200,5574,1785517684094977800,38111,00005574.jpg
1785517684172356100,5575,1785517684128589100,38148,00005575.jpg
1785517684200197600,5576,1785517684171030800,38161,00005576.jpg
1785517684229899900,5577,1785517684198734800,38226,00005577.jpg
1785517684261012300,5578,1785517684227098500,38222,00005578.jpg
1785517684309445000,5579,1785517684264064900,38305,00005579.jpg
1785517684341220200,5580,1785517684308073000,38341,00005580.jpg
1785517684365961600,5581,1785517684335842900,38378,00005581.jpg
1785517684395844000,5582,1785517684364549500,38405,00005582.jpg
1785517684444453700,5583,1785517684398856200,38403,00005583.jpg
1785517684472311000,5584,1785517684442986400,38443,00005584.jpg
1785517684500492600,5585,1785517684469203500,38447,00005585.jpg
1785517684525832000,5586,1785517684497268800,38459,00005586.jpg
1785517684575587800,5587,1785517684530788500,38472,00005587.jpg
1785517684606997400,5588,1785517684584747200,38514,00005588.jpg
1785517684632063700,5589,1785517684602156100,38502,00005589.jpg
1785517684660253400,5590,1785517684630892700,38457,00005590.jpg
1785517684709842200,5591,1785517684664413000,38202,00005591.jpg
1785517684738012200,5592,1785517684707778400,38115,00005592.jpg
1785517684764046500,5593,1785517684734418400,38002,00005593.jpg
1785517684790960100,5594,1785517684761330100,38078,00005594.jpg
1785517684840976000,5595,1785517684795606900,38468,00005595.jpg
1785517684868513700,5596,1785517684838615100,38450,00005596.jpg
1785517684895941500,5597,1785517684865924400,38426,00005597.jpg
1785517684922779800,5598,1785517684894055400,38450,00005598.jpg
1785517684974291000,5599,1785517684926548700,38516,00005599.jpg
1785517684998103900,5600,1785517684970133400,38482,00005600.jpg
1785517685027254100,5601,1785517684996437200,38565,00005601.jpg
1785517685074860500,5602,1785517685031111300,38656,00005602.jpg
1785517685102157200,5603,1785517685072991100,38677,00005603.jpg
1785517685129148900,5604,1785517685099358200,38676,00005604.jpg
1785517685156988500,5605,1785517685125774200,38733,00005605.jpg
1785517685207957500,5606,1785517685159973200,38767,00005606.jpg
1785517685232938600,5607,1785517685203250700,38783,00005607.jpg
1785517685261632500,5608,1785517685231793500,38790,00005608.jpg
1785517685314820400,5609,1785517685266000500,38778,00005609.jpg
1785517685339328700,5610,1785517685312176200,38818,00005610.jpg
1785517685368971300,5611,1785517685337462200,38890,00005611.jpg
1785517685396855600,5612,1785517685369252400,38914,00005612.jpg
1785517685423291900,5613,1785517685393571000,38936,00005613.jpg
1785517685473601000,5614,1785517685427134000,39130,00005614.jpg
1785517685500460900,5615,1785517685471166100,39131,00005615.jpg
1785517685527141600,5616,1785517685498292600,39261,00005616.jpg
1785517685557297800,5617,1785517685525516400,39379,00005617.jpg
1785517685607066700,5618,1785517685560702100,39526,00005618.jpg
1785517685638003400,5619,1785517685605436400,39528,00005619.jpg
1785517685666380700,5620,1785517685634449700,39409,00005620.jpg
1785517685696685100,5621,1785517685662054000,39098,00005621.jpg
1785517685745639500,5622,1785517685698065800,38654,00005622.jpg
1785517685774923700,5623,1785517685743849500,38613,00005623.jpg
1785517685800662400,5624,1785517685770880000,38597,00005624.jpg
1785517685827495100,5625,1785517685798515800,38756,00005625.jpg
1785517685855005500,5626,1785517685826272800,38741,00005626.jpg
1785517685904141200,5627,1785517685859055000,38641,00005627.jpg
1785517685931194400,5628,1785517685901150400,38629,00005628.jpg
1785517685960531100,5629,1785517685928405900,38732,00005629.jpg
1785517686014675700,5630,1785517685964907200,38683,00005630.jpg
1785517686042789600,5631,1785517686012175500,38688,00005631.jpg
1785517686071391400,5632,1785517686040567000,38684,00005632.jpg
1785517686100082100,5633,1785517686068381200,38706,00005633.jpg
1785517686129878100,5634,1785517686098300300,38650,00005634.jpg
1785517686157673600,5635,1785517686127398800,38623,00005635.jpg
1785517686208172300,5636,1785517686162341600,38619,00005636.jpg
1785517686237516200,5637,1785517686205834500,38594,00005637.jpg
1785517686266617500,5638,1785517686234927000,38551,00005638.jpg
1785517686296493900,5639,1785517686264164600,38601,00005639.jpg
1785517686343450400,5640,1785517686299085000,38494,00005640.jpg
1785517686368881300,5641,1785517686340026700,38539,00005641.jpg
1785517686395436200,5642,1785517686367003300,38519,00005642.jpg
1785517686424108000,5643,1785517686394398600,38445,00005643.jpg
1785517686475601200,5644,1785517686428602600,38426,00005644.jpg
1785517686505840400,5645,1785517686473671600,38394,00005645.jpg
1785517686533564800,5646,1785517686503644200,38376,00005646.jpg
1785517686562198400,5647,1785517686530296900,38327,00005647.jpg
1785517686589236300,5648,1785517686560410400,38360,00005648.jpg
1785517686639296500,5649,1785517686592625700,38245,00005649.jpg
1785517686666144900,5650,1785517686636759600,38215,00005650.jpg
1785517686695553700,5651,1785517686665038900,37793,00005651.jpg
1785517686722009800,5652,1785517686693154300,37594,00005652.jpg
1785517686773127400,5653,1785517686725998600,37331,00005653.jpg
1785517686798553800,5654,1785517686769312700,37310,00005654.jpg
1785517686826025200,5655,1785517686796131900,37478,00005655.jpg
1785517686890433200,5656,1785517686833496900,37547,00005656.jpg
1785517686918033800,5657,1785517686882199300,37554,00005657.jpg
1785517686945838400,5658,1785517686913164500,37394,00005658.jpg
1785517686973514700,5659,1785517686942448400,37451,00005659.jpg
1785517687000074500,5660,1785517686970726700,37456,00005660.jpg
1785517687028686900,5661,1785517686998060800,37439,00005661.jpg
1785517687076500000,5662,1785517687033421200,37487,00005662.jpg
1785517687103775400,5663,1785517687074641700,37484,00005663.jpg
1785517687130085600,5664,1785517687100904500,37394,00005664.jpg
1785517687158226500,5665,1785517687128586100,37360,00005665.jpg
1785517687209337300,5666,1785517687163719900,37216,00005666.jpg
1785517687238027000,5667,1785517687207587700,37176,00005667.jpg
1785517687266262000,5668,1785517687235187100,37085,00005668.jpg
1785517687295508700,5669,1785517687264005900,36986,00005669.jpg
1785517687343728500,5670,1785517687298929600,36814,00005670.jpg
1785517687371908500,5671,1785517687353338500,36803,00005671.jpg
1785517687398931200,5672,1785517687368274500,36674,00005672.jpg
1785517687425579900,5673,1785517687396415700,36618,00005673.jpg
1785517687476288500,5674,1785517687429704900,36517,00005674.jpg
1785517687503157500,5675,1785517687472779100,36485,00005675.jpg
1785517687530408500,5676,1785517687499992700,36425,00005676.jpg
1785517687559369600,5677,1785517687528045600,36407,00005677.jpg
1785517687609835000,5678,1785517687563330700,36498,00005678.jpg
1785517687638178100,5679,1785517687609453900,36483,00005679.jpg
1785517687666973200,5680,1785517687636713400,36203,00005680.jpg
1785517687695988900,5681,1785517687663624100,36066,00005681.jpg
1785517687744178700,5682,1785517687698145400,36038,00005682.jpg
1785517687771826300,5683,1785517687741114500,36032,00005683.jpg
1785517687817255900,5684,1785517687768820200,36174,00005684.jpg
1785517687834863900,5685,1785517687799651500,36434,00005685.jpg
1785517687866977600,5686,1785517687833705300,36699,00005686.jpg
1785517687891717100,5687,1785517687862125200,36663,00005687.jpg
1785517687939264500,5688,1785517687896261600,36776,00005688.jpg
1785517687969495200,5689,1785517687938174100,36794,00005689.jpg
1785517687999376400,5690,1785517687967318300,36976,00005690.jpg
1785517688028090400,5691,1785517687997105900,37075,00005691.jpg
1785517688079260100,5692,1785517688031757700,37255,00005692.jpg
1785517688106792200,5693,1785517688077881000,37299,00005693.jpg
1785517688134998400,5694,1785517688105026700,37426,00005694.jpg
1785517688161600900,5695,1785517688132416300,37486,00005695.jpg
1785517688189891800,5696,1785517688159305500,37558,00005696.jpg
1785517688239949200,5697,1785517688194161400,37662,00005697.jpg
1785517688266750300,5698,1785517688237517400,37717,00005698.jpg
1785517688295391000,5699,1785517688264732300,37776,00005699.jpg
1785517688321875900,5700,1785517688292894700,37825,00005700.jpg
1785517688372097900,5701,1785517688326256800,37880,00005701.jpg
1785517688399994600,5702,1785517688370852700,37899,00005702.jpg
1785517688427973100,5703,1785517688397280400,37952,00005703.jpg
1785517688475351600,5704,1785517688431976100,38035,00005704.jpg
1785517688505899400,5705,1785517688474702800,38035,00005705.jpg
1785517688532154600,5706,1785517688502229400,38103,00005706.jpg
1785517688560646200,5707,1785517688530602400,38122,00005707.jpg
1785517688612488900,5708,1785517688565418100,38208,00005708.jpg
1785517688640270200,5709,1785517688610113900,38187,00005709.jpg
1785517688666921200,5710,1785517688637227700,37973,00005710.jpg
1785517688694637500,5711,1785517688664571300,37727,00005711.jpg
1785517688743774500,5712,1785517688698334900,37507,00005712.jpg
1785517688770872900,5713,1785517688741725100,37554,00005713.jpg
1785517688795811600,5714,1785517688767474700,37653,00005714.jpg
1785517688825661200,5715,1785517688794649400,37908,00005715.jpg
1785517688874016000,5716,1785517688829053200,38059,00005716.jpg
1785517688899564900,5717,1785517688871580700,38044,00005717.jpg
1785517688926905600,5718,1785517688897604300,38036,00005718.jpg
1785517688977294100,5719,1785517688931899200,38175,00005719.jpg
1785517689007306900,5720,1785517688974521600,38184,00005720.jpg
1785517689031888300,5721,1785517689000784900,38277,00005721.jpg
1785517689060416100,5722,1785517689028339600,38242,00005722.jpg
1785517689110461800,5723,1785517689064169200,38350,00005723.jpg
1785517689139255900,5724,1785517689108845700,38410,00005724.jpg
1785517689168971500,5725,1785517689137931500,38391,00005725.jpg
1785517689196093500,5726,1785517689166987800,38438,00005726.jpg
1785517689226448300,5727,1785517689194166600,38439,00005727.jpg
1785517689272890600,5728,1785517689227967700,38494,00005728.jpg
1785517689299685800,5729,1785517689269862100,38472,00005729.jpg
1785517689327765300,5730,1785517689296991200,38543,00005730.jpg
1785517689377669200,5731,1785517689332324100,38550,00005731.jpg
1785517689408019300,5732,1785517689376934900,38570,00005732.jpg
1785517689435840700,5733,1785517689404876500,38562,00005733.jpg
1785517689464195800,5734,1785517689432394800,38545,00005734.jpg
1785517689490928500,5735,1785517689460869200,38557,00005735.jpg
1785517689540614800,5736,1785517689495297900,38647,00005736.jpg
1785517689568692700,5737,1785517689539287100,38625,00005737.jpg
1785517689595657900,5738,1785517689565832300,38602,00005738.jpg
1785517689624207100,5739,1785517689593957600,38648,00005739.jpg
1785517689675857300,5740,1785517689628166300,38190,00005740.jpg
1785517689701147500,5741,1785517689673774200,38108,00005741.jpg
1785517689730667400,5742,1785517689699665600,37916,00005742.jpg
1785517689757337500,5743,1785517689727566700,37858,00005743.jpg
1785517689808314800,5744,1785517689761435500,38173,00005744.jpg
1785517689835885100,5745,1785517689805338900,38199,00005745.jpg
1785517689862582200,5746,1785517689832696400,38399,00005746.jpg
1785517689891964900,5747,1785517689861076600,38359,00005747.jpg
1785517689955614100,5748,1785517689896984100,38439,00005748.jpg
1785517689976506300,5749,1785517689946055900,38484,00005749.jpg
1785517690010898900,5750,1785517689980078600,38491,00005750.jpg
1785517690040760700,5751,1785517690005940900,38503,00005751.jpg
1785517690073330500,5752,1785517690042831800,38541,00005752.jpg
1785517690110761800,5753,1785517690072577800,38582,00005753.jpg
1785517690141786100,5754,1785517690107673000,38644,00005754.jpg
1785517690171733300,5755,1785517690140702600,38638,00005755.jpg
1785517690199409300,5756,1785517690168281600,38680,00005756.jpg
1785517690226824200,5757,1785517690196444600,38632,00005757.jpg
1785517690277513400,5758,1785517690232175400,38622,00005758.jpg
1785517690305982700,5759,1785517690275257300,38643,00005759.jpg
1785517690336240600,5760,1785517690303779200,38634,00005760.jpg
1785517690362903400,5761,1785517690333268400,38623,00005761.jpg
1785517690389732600,5762,1785517690360950100,38595,00005762.jpg
1785517690439887000,5763,1785517690394645400,38589,00005763.jpg
1785517690467268600,5764,1785517690438921000,38575,00005764.jpg
1785517690496770700,5765,1785517690465386800,38554,00005765.jpg
1785517690544214500,5766,1785517690499717100,38515,00005766.jpg
1785517690572150600,5767,1785517690543462400,38514,00005767.jpg
1785517690601096600,5768,1785517690570815000,38491,00005768.jpg
1785517690627394800,5769,1785517690598273100,38454,00005769.jpg
1785517690681731100,5770,1785517690631963500,38076,00005770.jpg
1785517690708409400,5771,1785517690676454200,38027,00005771.jpg
1785517690738711000,5772,1785517690705433000,37849,00005772.jpg
1785517690764735000,5773,1785517690742035700,37704,00005773.jpg
1785517690796561100,5774,1785517690762444100,37759,00005774.jpg
1785517690843858700,5775,1785517690797307900,38083,00005775.jpg
1785517690870534100,5776,1785517690842110300,38057,00005776.jpg
1785517690898275300,5777,1785517690867666800,37963,00005777.jpg
1785517690924928800,5778,1785517690895204900,37895,00005778.jpg
1785517690973204900,5779,1785517690928338800,37877,00005779.jpg
1785517691000875600,5780,1785517690971142800,37847,00005780.jpg
1785517691028274600,5781,1785517690998674100,37832,00005781.jpg
1785517691056444900,5782,1785517691025939300,37836,00005782.jpg
1785517691105889500,5783,1785517691060901300,37747,00005783.jpg
1785517691135372200,5784,1785517691104120200,37750,00005784.jpg
1785517691161659500,5785,1785517691131079500,37671,00005785.jpg
1785517691190246400,5786,1785517691159666800,37662,00005786.jpg
1785517691237942000,5787,1785517691193511700,37605,00005787.jpg
1785517691265939400,5788,1785517691236725600,37569,00005788.jpg
1785517691291779400,5789,1785517691262538500,37526,00005789.jpg
1785517691345241200,5790,1785517691296248100,37447,00005790.jpg
1785517691370699600,5791,1785517691341421200,37483,00005791.jpg
1785517691398615200,5792,1785517691368366100,37336,00005792.jpg
1785517691426585500,5793,1785517691396644300,37307,00005793.jpg
1785517691477502000,5794,1785517691431225500,37171,00005794.jpg
1785517691506028900,5795,1785517691476568600,37132,00005795.jpg
1785517691535116500,5796,1785517691504435300,37062,00005796.jpg
1785517691562055700,5797,1785517691533153800,37041,00005797.jpg
1785517691589391600,5798,1785517691559241300,37132,00005798.jpg
1785517691638988200,5799,1785517691593084400,37172,00005799.jpg
1785517691663834700,5800,1785517691636137400,37226,00005800.jpg
1785517691692601600,5801,1785517691662545100,36979,00005801.jpg
1785517691743093200,5802,1785517691696423500,36965,00005802.jpg
1785517691771809900,5803,1785517691740821400,36955,00005803.jpg
1785517691799853600,5804,1785517691770811600,37069,00005804.jpg
1785517691829247200,5805,1785517691799073600,37365,00005805.jpg
1785517691861697900,5806,1785517691827710000,37425,00005806.jpg
1785517691908724100,5807,1785517691862478300,37337,00005807.jpg
1785517691937911700,5808,1785517691906118800,37338,00005808.jpg
1785517691964337800,5809,1785517691933436500,37393,00005809.jpg
1785517691991777400,5810,1785517691960663000,37505,00005810.jpg
1785517692042159600,5811,1785517691996663900,37604,00005811.jpg
1785517692070557900,5812,1785517692040989700,37610,00005812.jpg
1785517692096792100,5813,1785517692068318600,37705,00005813.jpg
1785517692125737700,5814,1785517692095319900,37728,00005814.jpg
1785517692175058000,5815,1785517692129391400,37827,00005815.jpg
1785517692202823000,5816,1785517692172886500,37823,00005816.jpg
1785517692231592800,5817,1785517692199764400,37838,00005817.jpg
1785517692261875000,5818,1785517692228536400,37862,00005818.jpg
1785517692308536900,5819,1785517692262598300,37941,00005819.jpg
1785517692336348700,5820,1785517692306865600,37978,00005820.jpg
1785517692366287200,5821,1785517692334164200,37935,00005821.jpg
1785517692396804000,5822,1785517692363169700,38002,00005822.jpg
1785517692445541100,5823,1785517692397446800,37970,00005823.jpg
1785517692473588100,5824,1785517692442355500,37986,00005824.jpg
1785517692503346100,5825,1785517692470028000,38003,00005825.jpg
1785517692532144800,5826,1785517692499309700,38012,00005826.jpg
1785517692566329100,5827,1785517692528934100,38045,00005827.jpg
1785517692610032700,5828,1785517692564462600,38050,00005828.jpg
1785517692642067300,5829,1785517692607884400,38043,00005829.jpg
1785517692667271700,5830,1785517692637189200,37865,00005830.jpg
1785517692695257100,5831,1785517692665027100,37577,00005831.jpg
1785517692724807000,5832,1785517692693996400,37501,00005832.jpg
1785517692775327800,5833,1785517692728942300,37402,00005833.jpg
1785517692803890900,5834,1785517692773467700,37444,00005834.jpg
1785517692830554000,5835,1785517692800513300,37829,00005835.jpg
1785517692859878000,5836,1785517692828416300,37881,00005836.jpg
1785517692908102700,5837,1785517692862409000,37818,00005837.jpg
1785517692935888000,5838,1785517692906010500,37837,00005838.jpg
1785517692964760000,5839,1785517692933349100,37990,00005839.jpg
1785517692993098900,5840,1785517692961813300,38114,00005840.jpg
1785517693045501900,5841,1785517692996986900,38222,00005841.jpg
1785517693070899600,5842,1785517693042237200,38195,00005842.jpg
1785517693100622400,5843,1785517693068528900,38307,00005843.jpg
1785517693125291900,5844,1785517693096291100,38368,00005844.jpg
1785517693176526400,5845,1785517693130161600,38469,00005845.jpg
1785517693203350300,5846,1785517693173915800,38486,00005846.jpg
1785517693231184800,5847,1785517693200539600,38518,00005847.jpg
1785517693260443300,5848,1785517693228636900,38533,00005848.jpg
1785517693309685800,5849,1785517693263108300,38597,00005849.jpg
1785517693339180100,5850,1785517693308425600,38568,00005850.jpg
1785517693366230300,5851,1785517693335622400,38589,00005851.jpg
1785517693393383100,5852,1785517693363662700,38601,00005852.jpg
1785517693440061500,5853,1785517693397138000,38629,00005853.jpg
1785517693466731100,5854,1785517693438736200,38677,00005854.jpg
1785517693495964900,5855,1785517693465434900,38679,00005855.jpg
1785517693525678800,5856,1785517693493195200,38786,00005856.jpg
1785517693574870600,5857,1785517693528004500,38822,00005857.jpg
1785517693601901000,5858,1785517693571761200,38848,00005858.jpg
1785517693629171300,5859,1785517693599242300,39050,00005859.jpg
1785517693656378400,5860,1785517693626699100,39004,00005860.jpg
1785517693706868100,5861,1785517693661083200,38773,00005861.jpg
1785517693734761600,5862,1785517693705163400,38774,00005862.jpg
1785517693763570500,5863,1785517693732274700,38573,00005863.jpg
1785517693791445700,5864,1785517693761442700,38590,00005864.jpg
1785517693843315000,5865,1785517693796711100,38901,00005865.jpg
1785517693873240600,5866,1785517693841851900,38886,00005866.jpg
1785517693900869500,5867,1785517693870948500,38776,00005867.jpg
1785517693929712400,5868,1785517693899217100,38710,00005868.jpg
1785517693956837300,5869,1785517693926968600,38761,00005869.jpg
1785517694008034300,5870,1785517693961564400,38714,00005870.jpg
1785517694036183500,5871,1785517694005981400,38723,00005871.jpg
1785517694065041700,5872,1785517694033545200,38749,00005872.jpg
1785517694091945300,5873,1785517694062038500,38688,00005873.jpg
1785517694144640300,5874,1785517694096237800,38666,00005874.jpg
1785517694170190200,5875,1785517694140615900,38705,00005875.jpg
1785517694200464200,5876,1785517694168620300,38662,00005876.jpg
1785517694228816800,5877,1785517694196792700,38655,00005877.jpg
1785517694256280300,5878,1785517694226634300,38626,00005878.jpg
1785517694308545800,5879,1785517694261348500,38579,00005879.jpg
1785517694337819600,5880,1785517694306821900,38600,00005880.jpg
1785517694369343300,5881,1785517694334977300,38524,00005881.jpg
1785517694393271100,5882,1785517694363952300,38476,00005882.jpg
1785517694444085900,5883,1785517694397432600,38436,00005883.jpg
1785517694473245400,5884,1785517694440098100,38414,00005884.jpg
1785517694499776800,5885,1785517694469529500,38407,00005885.jpg
1785517694528945900,5886,1785517694498038800,38406,00005886.jpg
1785517694578911800,5887,1785517694532764000,38375,00005887.jpg
1785517694607285600,5888,1785517694574945400,38369,00005888.jpg
1785517694635594700,5889,1785517694603458600,38307,00005889.jpg
1785517694661441500,5890,1785517694631204400,38117,00005890.jpg
1785517694691811000,5891,1785517694659414100,37863,00005891.jpg
1785517694741989600,5892,1785517694693730200,37556,00005892.jpg
1785517694772046300,5893,1785517694739520100,37434,00005893.jpg
1785517694798144800,5894,1785517694766856400,37434,00005894.jpg
1785517694827124700,5895,1785517694795910400,37595,00005895.jpg
1785517694884306800,5896,1785517694830828400,37691,00005896.jpg
1785517694915778000,5897,1785517694886707800,37682,00005897.jpg
1785517694945132300,5898,1785517694911769800,37581,00005898.jpg
1785517694974924500,5899,1785517694942285000,37573,00005899.jpg
1785517695002399800,5900,1785517694970835200,37537,00005900.jpg
1785517695027519400,5901,1785517694998420600,37584,00005901.jpg
1785517695056228500,5902,1785517695026161900,37521,00005902.jpg
1785517695106337500,5903,1785517695061031100,37440,00005903.jpg
1785517695133607600,5904,1785517695105166700,37438,00005904.jpg
1785517695161933500,5905,1785517695132603900,37401,00005905.jpg
1785517695190769600,5906,1785517695159620000,37345,00005906.jpg
1785517695239979400,5907,1785517695193852100,37292,00005907.jpg
1785517695268112500,5908,1785517695237336800,37246,00005908.jpg
1785517695294876100,5909,1785517695266433600,37175,00005909.jpg
1785517695323238100,5910,1785517695293912000,37109,00005910.jpg
1785517695376010200,5911,1785517695328490800,36978,00005911.jpg
1785517695403335100,5912,1785517695374492700,36957,00005912.jpg
1785517695431786500,5913,1785517695401451100,36861,00005913.jpg
1785517695465355900,5914,1785517695429767500,36752,00005914.jpg
1785517695493967600,5915,1785517695459971200,36701,00005915.jpg
1785517695543130100,5916,1785517695495383300,36504,00005916.jpg
1785517695572421500,5917,1785517695540977000,36541,00005917.jpg
1785517695599778000,5918,1785517695569006000,36628,00005918.jpg
1785517695639145900,5919,1785517695597990300,36617,00005919.jpg
1785517695662716700,5920,1785517695626733500,36507,00005920.jpg
1785517695716142800,5921,1785517695676493600,36374,00005921.jpg
1785517695746242600,5922,1785517695709205300,36315,00005922.jpg
1785517695774921900,5923,1785517695739835400,36225,00005923.jpg
1785517695801620800,5924,1785517695769716500,36323,00005924.jpg
1785517695828879000,5925,1785517695799090800,36529,00005925.jpg
1785517695859859600,5926,1785517695827402500,36783,00005926.jpg
1785517695908126000,5927,1785517695864529500,36756,00005927.jpg
1785517695935729900,5928,1785517695907362000,36799,00005928.jpg
1785517695964841300,5929,1785517695933775400,36939,00005929.jpg
1785517695995426700,5930,1785517695961734600,36991,00005930.jpg
1785517696044473600,5931,1785517695997468500,37194,00005931.jpg
1785517696074827900,5932,1785517696043099200,37209,00005932.jpg
1785517696101366300,5933,1785517696070114900,37309,00005933.jpg
1785517696132087800,5934,1785517696099872600,37353,00005934.jpg
1785517696161035300,5935,1785517696129299500,37439,00005935.jpg
1785517696215146100,5936,1785517696165563000,37540,00005936.jpg
1785517696242081300,5937,1785517696211491400,37570,00005937.jpg
1785517696276423000,5938,1785517696239596400,37668,00005938.jpg
1785517696301633400,5939,1785517696271614800,37701,00005939.jpg
1785517696336134500,5940,1785517696300208400,37798,00005940.jpg
1785517696361189400,5941,1785517696329129900,37795,00005941.jpg
1785517696412093400,5942,1785517696364543200,37997,00005942.jpg
1785517696441590100,5943,1785517696410495700,37926,00005943.jpg
1785517696469635800,5944,1785517696439389000,38016,00005944.jpg
1785517696498553100,5945,1785517696468064300,38104,00005945.jpg
1785517696526605800,5946,1785517696496586900,38134,00005946.jpg
1785517696575758200,5947,1785517696530596100,38175,00005947.jpg
1785517696604705900,5948,1785517696574607100,38171,00005948.jpg
1785517696635261700,5949,1785517696602375200,38145,00005949.jpg
1785517696664078500,5950,1785517696631107900,37957,00005950.jpg
1785517696692210500,5951,1785517696661080200,37627,00005951.jpg
1785517696742953000,5952,1785517696696714000,37306,00005952.jpg
1785517696770347300,5953,1785517696740977700,37311,00005953.jpg
1785517696801876600,5954,1785517696768809000,37275,00005954.jpg
1785517696831203900,5955,1785517696798489000,37449,00005955.jpg
1785517696862232500,5956,1785517696829698300,37695,00005956.jpg
1785517696908611100,5957,1785517696862916500,37754,00005957.jpg
1785517696937809400,5958,1785517696907621600,37786,00005958.jpg
1785517696967380800,5959,1785517696935785200,37955,00005959.jpg
1785517696995259700,5960,1785517696964252500,38024,00005960.jpg
1785517697047945100,5961,1785517696998924100,38169,00005961.jpg
1785517697075498100,5962,1785517697046613800,38197,00005962.jpg
1785517697108400600,5963,1785517697073106900,38216,00005963.jpg
1785517697134115300,5964,1785517697103273600,38240,00005964.jpg
1785517697165060000,5965,1785517697131765400,38259,00005965.jpg
1785517697194145400,5966,1785517697159736100,38280,00005966.jpg
1785517697243687100,5967,1785517697197941100,38300,00005967.jpg
1785517697273202100,5968,1785517697241528600,38257,00005968.jpg
1785517697298991300,5969,1785517697270243800,38313,00005969.jpg
1785517697327960800,5970,1785517697297257300,38297,00005970.jpg
1785517697356844300,5971,1785517697326263300,38294,00005971.jpg
1785517697409467300,5972,1785517697362083700,38301,00005972.jpg
1785517697438543100,5973,1785517697407888600,38261,00005973.jpg
1785517697468425800,5974,1785517697436256500,38323,00005974.jpg
1785517697495749700,5975,1785517697465459200,38307,00005975.jpg
1785517697525269800,5976,1785517697493563200,38346,00005976.jpg
1785517697577561900,5977,1785517697528027200,38321,00005977.jpg
1785517697603953200,5978,1785517697573635000,38292,00005978.jpg
1785517697629498200,5979,1785517697599990400,38208,00005979.jpg
1785517697658104400,5980,1785517697628064000,37976,00005980.jpg
1785517697709201700,5981,1785517697663272000,37555,00005981.jpg
1785517697737555500,5982,1785517697707320700,37494,00005982.jpg
1785517697765717100,5983,1785517697734729800,37062,00005983.jpg
1785517697795286400,5984,1785517697763736900,37015,00005984.jpg
1785517697847743700,5985,1785517697798688000,37359,00005985.jpg
1785517697875730900,5986,1785517697846554600,37391,00005986.jpg
1785517697906487600,5987,1785517697874515200,37647,00005987.jpg
1785517697935086100,5988,1785517697904786100,37660,00005988.jpg
1785517697968816700,5989,1785517697933566600,37738,00005989.jpg
1785517697994116400,5990,1785517697963153700,37765,00005990.jpg
1785517698045742800,5991,1785517697997145500,37875,00005991.jpg
1785517698073934900,5992,1785517698043506800,37895,00005992.jpg
1785517698102856300,5993,1785517698070720400,37891,00005993.jpg
1785517698128903100,5994,1785517698098056300,37893,00005994.jpg
1785517698158678300,5995,1785517698126446000,37910,00005995.jpg
1785517698211464200,5996,1785517698161915300,37893,00005996.jpg
1785517698244083300,5997,1785517698208894400,37923,00005997.jpg
1785517698269724500,5998,1785517698239488600,37874,00005998.jpg
1785517698299035400,5999,1785517698268643900,37869,00005999.jpg
1785517698329526500,6000,1785517698296800900,37837,00006000.jpg
1785517698358127800,6001,1785517698327780800,37818,00006001.jpg
1785517698409824200,6002,1785517698361863300,37788,00006002.jpg
1785517698439114600,6003,1785517698408135900,37798,00006003.jpg
1785517698470264300,6004,1785517698437111100,37730,00006004.jpg
1785517698500611700,6005,1785517698467380500,37719,00006005.jpg
1785517698527082500,6006,1785517698496097600,37681,00006006.jpg
1785517698576092000,6007,1785517698532095500,37591,00006007.jpg
1785517698605407000,6008,1785517698575998200,37577,00006008.jpg
1785517698632136200,6009,1785517698602135600,37480,00006009.jpg
1785517698662264400,6010,1785517698630995500,37204,00006010.jpg
1785517698713562000,6011,1785517698667058400,36853,00006011.jpg
1785517698742714600,6012,1785517698711627700,36709,00006012.jpg
1785517698771401100,6013,1785517698739056600,36400,00006013.jpg
1785517698801075800,6014,1785517698768760700,36358,00006014.jpg
1785517698828025800,6015,1785517698798809700,36490,00006015.jpg
1785517698858873500,6016,1785517698826307600,36662,00006016.jpg
1785517698910039000,6017,1785517698862524800,36851,00006017.jpg
1785517698937241000,6018,1785517698908634100,36845,00006018.jpg
1785517698966892400,6019,1785517698935937100,36844,00006019.jpg
1785517698994241900,6020,1785517698964444600,36849,00006020.jpg
1785517699047904400,6021,1785517698999634100,36778,00006021.jpg
1785517699075218500,6022,1785517699045682200,36742,00006022.jpg
1785517699107090700,6023,1785517699073875400,36772,00006023.jpg
1785517699139511400,6024,1785517699105240300,36775,00006024.jpg
1785517699173016400,6025,1785517699135322700,36762,00006025.jpg
1785517699199735300,6026,1785517699165533700,36755,00006026.jpg
1785517699228204700,6027,1785517699196374300,36723,00006027.jpg
1785517699260832600,6028,1785517699230070700,36724,00006028.jpg
1785517699319463000,6029,1785517699265742600,36704,00006029.jpg
1785517699342088000,6030,1785517699313812600,36635,00006030.jpg
1785517699373070800,6031,1785517699340330900,36647,00006031.jpg
1785517699404893500,6032,1785517699369875100,36600,00006032.jpg
1785517699432746800,6033,1785517699400114800,36584,00006033.jpg
1785517699460795200,6034,1785517699429758500,36581,00006034.jpg
1785517699510517900,6035,1785517699465441100,36509,00006035.jpg
1785517699539612900,6036,1785517699508790700,36509,00006036.jpg
1785517699569152400,6037,1785517699538040400,36510,00006037.jpg
1785517699598048000,6038,1785517699565520000,36533,00006038.jpg
1785517699625634000,6039,1785517699594436100,36617,00006039.jpg
1785517699678643000,6040,1785517699629681500,36237,00006040.jpg
1785517699705582400,6041,1785517699675252000,36254,00006041.jpg
1785517699735826100,6042,1785517699702906900,36184,00006042.jpg
1785517699764493900,6043,1785517699731290300,36058,00006043.jpg
1785517699796007600,6044,1785517699761778900,36054,00006044.jpg
1785517699844766000,6045,1785517699797934900,36522,00006045.jpg
1785517699873448600,6046,1785517699842967500,36589,00006046.jpg
1785517699902009800,6047,1785517699870486000,36725,00006047.jpg
1785517699933061000,6048,1785517699899464600,36745,00006048.jpg
1785517699963122000,6049,1785517699929397000,36808,00006049.jpg
1785517699992862300,6050,1785517699960089000,36809,00006050.jpg
1785517700044316500,6051,1785517699996620000,36940,00006051.jpg
1785517700071723100,6052,1785517700041998300,36964,00006052.jpg
1785517700104302200,6053,1785517700070359900,37046,00006053.jpg
1785517700135915100,6054,1785517700102069500,37061,00006054.jpg
1785517700168125500,6055,1785517700133257300,37113,00006055.jpg
1785517700198561900,6056,1785517700165335500,37182,00006056.jpg
1785517700228330700,6057,1785517700194519800,37181,00006057.jpg
1785517700281874300,6058,1785517700231900500,37222,00006058.jpg
1785517700308766800,6059,1785517700275687800,37181,00006059.jpg
1785517700335686600,6060,1785517700305733400,37195,00006060.jpg
1785517700363204000,6061,1785517700333295300,37238,00006061.jpg
1785517700390373100,6062,1785517700361636800,37246,00006062.jpg
1785517700443057400,6063,1785517700395595900,37306,00006063.jpg
1785517700472592100,6064,1785517700439955200,37283,00006064.jpg
1785517700500219500,6065,1785517700468889400,37355,00006065.jpg
1785517700529271400,6066,1785517700497777900,37431,00006066.jpg
1785517700559355400,6067,1785517700526169000,37480,00006067.jpg
1785517700609531700,6068,1785517700562829100,37548,00006068.jpg
1785517700639581100,6069,1785517700607319000,37530,00006069.jpg
1785517700668260500,6070,1785517700634003400,37277,00006070.jpg
1785517700695877600,6071,1785517700665371400,37155,00006071.jpg
1785517700724244600,6072,1785517700693012400,37068,00006072.jpg
1785517700775935500,6073,1785517700727656100,37035,00006073.jpg
1785517700802114200,6074,1785517700771739300,37064,00006074.jpg
1785517700828840200,6075,1785517700798561300,37391,00006075.jpg
1785517700859109300,6076,1785517700826130300,37649,00006076.jpg
1785517700909493700,6077,1785517700862318000,37634,00006077.jpg
1785517700938769300,6078,1785517700907293200,37611,00006078.jpg
1785517700966946800,6079,1785517700935928500,37683,00006079.jpg
1785517700997028600,6080,1785517700964658200,37800,00006080.jpg
1785517701026957400,6081,1785517700993340800,37860,00006081.jpg
1785517701080278000,6082,1785517701029660500,38055,00006082.jpg
1785517701106858700,6083,1785517701075234900,38068,00006083.jpg
1785517701135973300,6084,1785517701105004400,38191,00006084.jpg
1785517701162360400,6085,1785517701132296700,38244,00006085.jpg
1785517701192821300,6086,1785517701160736800,38331,00006086.jpg
1785517701245550700,6087,1785517701195780400,38392,00006087.jpg
1785517701275836200,6088,1785517701241932200,38379,00006088.jpg
1785517701304402200,6089,1785517701271545400,38433,00006089.jpg
1785517701331441300,6090,1785517701300462000,38481,00006090.jpg
1785517701363084100,6091,1785517701329792300,38475,00006091.jpg
1785517701392288100,6092,1785517701360988700,38528,00006092.jpg
1785517701442791000,6093,1785517701396185300,38537,00006093.jpg
1785517701471412700,6094,1785517701439652400,38578,00006094.jpg
1785517701500137900,6095,1785517701468235600,38592,00006095.jpg
1785517701528572200,6096,1785517701496444400,38648,00006096.jpg
1785517701581057200,6097,1785517701532053100,38634,00006097.jpg
1785517701609513900,6098,1785517701578338700,38681,00006098.jpg
1785517701642237600,6099,1785517701606780500,38581,00006099.jpg
1785517701669751300,6100,1785517701635863200,38381,00006100.jpg
1785517701702061400,6101,1785517701666543500,38092,00006101.jpg
1785517701729786600,6102,1785517701695669700,38093,00006102.jpg
1785517701782257900,6103,1785517701734801200,38152,00006103.jpg
1785517701809175400,6104,1785517701778595000,38140,00006104.jpg
1785517701836904200,6105,1785517701806996000,38691,00006105.jpg
1785517701867181300,6106,1785517701835008900,38831,00006106.jpg
1785517701896181200,6107,1785517701864588600,38853,00006107.jpg
1785517701925870700,6108,1785517701893993600,38804,00006108.jpg
1785517701980148200,6109,1785517701929443100,38915,00006109.jpg
1785517702008317400,6110,1785517701975519200,38999,00006110.jpg
1785517702042390900,6111,1785517702004176300,38978,00006111.jpg
1785517702065228300,6112,1785517702034490800,38912,00006112.jpg
1785517702096564900,6113,1785517702063238300,38951,00006113.jpg
1785517702148833800,6114,1785517702098954600,38850,00006114.jpg
1785517702180087300,6115,1785517702145886300,38854,00006115.jpg
1785517702206390900,6116,1785517702173591800,38796,00006116.jpg
1785517702242183500,6117,1785517702203880400,38850,00006117.jpg
1785517702269711600,6118,1785517702234320400,38833,00006118.jpg
1785517702296896000,6119,1785517702266300200,38779,00006119.jpg
1785517702326352300,6120,1785517702293507900,38786,00006120.jpg
1785517702381379900,6121,1785517702330740800,38708,00006121.jpg
1785517702408411500,6122,1785517702375504200,38660,00006122.jpg
1785517702436646000,6123,1785517702405534100,38632,00006123.jpg
1785517702468756700,6124,1785517702434208100,38630,00006124.jpg
1785517702495553800,6125,1785517702463200100,38574,00006125.jpg
1785517702547897400,6126,1785517702498962800,38553,00006126.jpg
1785517702577576800,6127,1785517702546597600,38520,00006127.jpg
1785517702605422700,6128,1785517702574364300,38501,00006128.jpg
1785517702634839100,6129,1785517702602933100,38435,00006129.jpg
1785517702666156900,6130,1785517702631661100,38335,00006130.jpg
1785517702695826800,6131,1785517702663516800,38017,00006131.jpg
1785517702749435600,6132,1785517702699023000,37703,00006132.jpg
1785517702777545900,6133,1785517702748532700,37687,00006133.jpg
1785517702807776600,6134,1785517702776048200,37737,00006134.jpg
1785517702836930500,6135,1785517702806198800,37914,00006135.jpg
1785517702866094300,6136,1785517702835271900,37890,00006136.jpg
1785517702895798900,6137,1785517702864706100,37865,00006137.jpg
1785517702928495800,6138,1785517702894094200,37831,00006138.jpg
1785517702976765700,6139,1785517702931528400,37887,00006139.jpg
1785517703005742900,6140,1785517702975297200,37908,00006140.jpg
1785517703036183400,6141,1785517703004150700,37869,00006141.jpg
1785517703065163600,6142,1785517703033885000,37839,00006142.jpg
1785517703096465000,6143,1785517703063369400,37751,00006143.jpg
1785517703125926000,6144,1785517703093197900,37739,00006144.jpg
1785517703176546900,6145,1785517703129386900,37667,00006145.jpg
1785517703205978500,6146,1785517703174901500,37655,00006146.jpg
1785517703233941400,6147,1785517703202658800,37548,00006147.jpg
1785517703265889500,6148,1785517703232578900,37545,00006148.jpg
1785517703293178600,6149,1785517703262305000,37463,00006149.jpg
1785517703345599200,6150,1785517703296732600,37429,00006150.jpg
1785517703371774400,6151,1785517703343119400,37411,00006151.jpg
1785517703405418900,6152,1785517703371206500,37312,00006152.jpg
1785517703432387600,6153,1785517703401762600,37245,00006153.jpg
1785517703460072500,6154,1785517703429008900,37125,00006154.jpg
1785517703512329300,6155,1785517703464434700,37047,00006155.jpg
1785517703543084400,6156,1785517703513159600,37031,00006156.jpg
1785517703570485000,6157,1785517703538173200,37071,00006157.jpg
1785517703598675500,6158,1785517703568649500,37103,00006158.jpg
1785517703632329500,6159,1785517703597303500,37185,00006159.jpg
1785517703658610500,6160,1785517703627353200,37156,00006160.jpg
1785517703711518700,6161,1785517703663106700,36940,00006161.jpg
1785517703737075500,6162,1785517703709502000,36906,00006162.jpg
1785517703766269900,6163,1785517703736695900,36811,00006163.jpg
1785517703798187000,6164,1785517703764952400,36888,00006164.jpg
1785517703829378700,6165,1785517703795650100,37122,00006165.jpg
1785517703880986400,6166,1785517703834339300,37313,00006166.jpg
1785517703911104000,6167,1785517703878075800,37299,00006167.jpg
1785517703941016100,6168,1785517703907496800,37370,00006168.jpg
1785517703968955800,6169,1785517703936835700,37510,00006169.jpg
1785517703996801000,6170,1785517703965468000,37653,00006170.jpg
1785517704028434500,6171,1785517703995362400,37739,00006171.jpg
1785517704081549000,6172,1785517704032014000,37933,00006172.jpg
1785517704108940000,6173,1785517704077845800,37893,00006173.jpg
1785517704137063600,6174,1785517704105652300,37930,00006174.jpg
1785517704168697100,6175,1785517704135096300,37998,00006175.jpg
1785517704195259600,6176,1785517704164069700,38031,00006176.jpg
1785517704248085800,6177,1785517704198839500,38048,00006177.jpg
1785517704278553200,6178,1785517704245528200,38047,00006178.jpg
1785517704306682700,6179,1785517704275416700,38129,00006179.jpg
1785517704335626200,6180,1785517704303613600,38122,00006180.jpg
1785517704368016000,6181,1785517704333138600,38199,00006181.jpg
1785517704395370500,6182,1785517704363792500,38254,00006182.jpg
1785517704447186500,6183,1785517704398651000,38223,00006183.jpg
1785517704473066500,6184,1785517704442287500,38219,00006184.jpg
1785517704509000400,6185,1785517704471103900,38243,00006185.jpg
1785517704532687600,6186,1785517704499728500,38254,00006186.jpg
1785517704563053200,6187,1785517704529935500,38254,00006187.jpg
1785517704592737400,6188,1785517704559940100,38260,00006188.jpg
1785517704644057500,6189,1785517704595408800,38177,00006189.jpg
1785517704671204700,6190,1785517704640537800,38134,00006190.jpg
1785517704700960400,6191,1785517704669682200,37634,00006191.jpg
1785517704731247300,6192,1785517704698694100,37539,00006192.jpg
1785517704760382200,6193,1785517704728895400,37478,00006193.jpg
1785517704812231200,6194,1785517704765664000,37741,00006194.jpg
1785517704839343000,6195,1785517704808535700,37765,00006195.jpg
1785517704868009600,6196,1785517704835841600,37959,00006196.jpg
1785517704897405400,6197,1785517704865206700,37913,00006197.jpg
1785517704928678700,6198,1785517704894482100,37933,00006198.jpg
1785517704978040000,6199,1785517704930776700,38034,00006199.jpg
1785517705004050500,6200,1785517704974678700,38013,00006200.jpg
1785517705036397000,6201,1785517705002440500,38080,00006201.jpg
1785517705067414100,6202,1785517705033731400,38162,00006202.jpg
1785517705095726000,6203,1785517705062742900,38261,00006203.jpg
1785517705147674000,6204,1785517705098130300,38281,00006204.jpg
1785517705174292700,6205,1785517705141965200,38344,00006205.jpg
1785517705207464700,6206,1785517705171374800,38379,00006206.jpg
1785517705233531400,6207,1785517705201590900,38448,00006207.jpg
1785517705262891500,6208,1785517705231397100,38502,00006208.jpg
1785517705290106000,6209,1785517705259811500,38570,00006209.jpg
1785517705340346600,6210,1785517705295391100,38576,00006210.jpg
1785517705370104000,6211,1785517705338040600,38612,00006211.jpg
1785517705397189900,6212,1785517705366103600,38693,00006212.jpg
1785517705428428500,6213,1785517705394527300,38712,00006213.jpg
1785517705478858300,6214,1785517705430754700,38742,00006214.jpg
1785517705510217800,6215,1785517705474921000,38773,00006215.jpg
1785517705535392300,6216,1785517705503032900,38783,00006216.jpg
1785517705566218700,6217,1785517705532107100,38756,00006217.jpg
1785517705594041200,6218,1785517705562157600,38800,00006218.jpg
1785517705644298700,6219,1785517705596983200,38713,00006219.jpg
1785517705672692800,6220,1785517705641330400,38637,00006220.jpg
1785517705702374300,6221,1785517705670253400,38160,00006221.jpg
1785517705731057600,6222,1785517705699110600,38031,00006222.jpg
1785517705759934500,6223,1785517705728596000,37973,00006223.jpg
1785517705811830400,6224,1785517705764795200,38249,00006224.jpg
1785517705840312200,6225,1785517705808619700,38338,00006225.jpg
1785517705870817100,6226,1785517705837997300,38351,00006226.jpg
1785517705901730500,6227,1785517705868495000,38289,00006227.jpg
1785517705931807100,6228,1785517705897822900,38305,00006228.jpg
1785517705960281300,6229,1785517705930385200,38479,00006229.jpg
1785517706010588600,6230,1785517705962694100,38584,00006230.jpg
1785517706041171100,6231,1785517706009645100,38575,00006231.jpg
1785517706073703600,6232,1785517706040436100,38606,00006232.jpg
1785517706107438800,6233,1785517706071473500,38590,00006233.jpg
1785517706137206000,6234,1785517706102296900,38244,00006234.jpg
1785517706171170700,6235,1785517706134876300,38124,00006235.jpg
1785517706200235900,6236,1785517706167188400,38302,00006236.jpg
1785517706232333900,6237,1785517706198054000,38395,00006237.jpg
1785517706265176200,6238,1785517706228687500,38249,00006238.jpg
1785517706315437200,6239,1785517706266527300,38396,00006239.jpg
1785517706349294200,6240,1785517706313765400,38335,00006240.jpg
1785517706376840000,6241,1785517706341818300,38318,00006241.jpg
1785517706411413300,6242,1785517706373671200,38157,00006242.jpg
1785517706444369700,6243,1785517706404956500,38280,00006243.jpg
1785517706476952700,6244,1785517706438814000,38128,00006244.jpg
1785517706509124200,6245,1785517706474573300,38023,00006245.jpg
1785517706538562900,6246,1785517706503291100,37906,00006246.jpg
1785517706570124100,6247,1785517706534488500,37696,00006247.jpg
1785517706599019100,6248,1785517706564062100,37431,00006248.jpg
1785517706632521900,6249,1785517706596800700,37318,00006249.jpg
1785517706662171000,6250,1785517706628095200,37086,00006250.jpg
1785517706716748600,6251,1785517706667770300,36659,00006251.jpg
1785517706745371700,6252,1785517706714012700,36675,00006252.jpg
1785517706777175300,6253,1785517706743262700,36789,00006253.jpg
1785517706808050600,6254,1785517706774810800,36493,00006254.jpg
1785517706840899900,6255,1785517706805926000,38189,00006255.jpg
1785517706873989600,6256,1785517706837157200,38927,00006256.jpg
1785517706903367700,6257,1785517706870084800,39482,00006257.jpg
1785517706937144800,6258,1785517706901250900,39030,00006258.jpg
1785517706964613900,6259,1785517706933715300,39029,00006259.jpg
1785517706994226400,6260,1785517706963158800,38472,00006260.jpg
1785517707044614600,6261,1785517706997292800,38551,00006261.jpg
1785517707080052200,6262,1785517707042270400,38378,00006262.jpg
1785517707106625100,6263,1785517707073288800,38447,00006263.jpg
1785517707141580100,6264,1785517707105112900,38438,00006264.jpg
1785517707172402300,6265,1785517707139294800,38937,00006265.jpg
1785517707200656200,6266,1785517707168587600,38727,00006266.jpg
1785517707233102200,6267,1785517707198263500,39150,00006267.jpg
1785517707263694000,6268,1785517707231031400,39884,00006268.jpg
1785517707292632100,6269,1785517707261209000,39816,00006269.jpg
1785517707344839000,6270,1785517707296522700,39671,00006270.jpg
1785517707374186500,6271,1785517707340676300,39612,00006271.jpg
1785517707403729600,6272,1785517707369792500,39510,00006272.jpg
1785517707431343800,6273,1785517707399852800,39273,00006273.jpg
1785517707463006800,6274,1785517707430083800,39116,00006274.jpg
1785517707513698800,6275,1785517707465111200,38809,00006275.jpg
1785517707543279600,6276,1785517707510092900,38985,00006276.jpg
1785517707572917400,6277,1785517707538712000,39103,00006277.jpg
1785517707604063500,6278,1785517707570010800,39217,00006278.jpg
1785517707633311100,6279,1785517707601159700,40075,00006279.jpg
1785517707664075700,6280,1785517707629672600,40716,00006280.jpg
1785517707694153800,6281,1785517707660700300,40545,00006281.jpg
1785517707747703600,6282,1785517707697693400,39851,00006282.jpg
1785517707779445600,6283,1785517707744851000,39861,00006283.jpg
1785517707807831500,6284,1785517707774985500,38170,00006284.jpg
1785517707844238700,6285,1785517707805753700,39438,00006285.jpg
1785517707871552600,6286,1785517707838302400,39966,00006286.jpg
1785517707901044200,6287,1785517707868076200,40459,00006287.jpg
1785517707934175500,6288,1785517707897982400,40284,00006288.jpg
1785517707964970800,6289,1785517707928844500,40412,00006289.jpg
1785517708014653900,6290,1785517707965583000,40673,00006290.jpg
1785517708043971100,6291,1785517708011675800,40758,00006291.jpg
1785517708074160800,6292,1785517708040286600,41526,00006292.jpg
1785517708104954900,6293,1785517708071523300,41774,00006293.jpg
1785517708135611300,6294,1785517708101402600,41907,00006294.jpg
1785517708165710200,6295,1785517708131596000,41858,00006295.jpg
1785517708197840500,6296,1785517708164265500,42126,00006296.jpg
1785517708234376700,6297,1785517708194697600,41828,00006297.jpg
1785517708266411800,6298,1785517708228392800,41056,00006298.jpg
1785517708295958100,6299,1785517708261705900,40921,00006299.jpg
1785517708344423500,6300,1785517708298107700,40998,00006300.jpg
1785517708371826400,6301,1785517708338872700,40907,00006301.jpg
1785517708401208700,6302,1785517708367695500,41160,00006302.jpg
1785517708429357000,6303,1785517708396906400,41439,00006303.jpg
1785517708463923100,6304,1785517708427089200,41599,00006304.jpg
1785517708517694900,6305,1785517708465762200,41993,00006305.jpg
1785517708551638700,6306,1785517708513917900,42141,00006306.jpg
1785517708583203000,6307,1785517708544123300,42098,00006307.jpg
1785517708611249600,6308,1785517708574840000,42375,00006308.jpg
1785517708643984800,6309,1785517708605851100,42408,00006309.jpg
1785517708671311400,6310,1785517708637961600,42877,00006310.jpg
1785517708704853200,6311,1785517708667337200,43117,00006311.jpg
1785517708734942000,6312,1785517708696405100,41931,00006312.jpg
1785517708783324000,6313,1785517708751608300,39555,00006313.jpg
1785517708813812300,6314,1785517708775919500,38078,00006314.jpg
1785517708844184600,6315,1785517708806788600,37169,00006315.jpg
1785517708874156600,6316,1785517708836029600,35464,00006316.jpg
1785517708908089600,6317,1785517708866055700,34625,00006317.jpg
1785517708930236100,6318,1785517708897800800,33779,00006318.jpg
1785517708976354200,6319,1785517708934707300,32318,00006319.jpg
1785517709007881600,6320,1785517708973960000,32225,00006320.jpg
1785517709029871200,6321,1785517708999612800,32821,00006321.jpg
1785517709073832900,6322,1785517709032009400,33860,00006322.jpg
1785517709105053300,6323,1785517709071077100,34058,00006323.jpg
1785517709133327600,6324,1785517709099971800,35919,00006324.jpg
1785517709162865000,6325,1785517709127828200,37249,00006325.jpg
1785517709214223000,6326,1785517709164270000,40559,00006326.jpg
1785517709245781100,6327,1785517709211639300,40970,00006327.jpg
1785517709279854900,6328,1785517709239998500,40982,00006328.jpg
1785517709306791300,6329,1785517709271589300,41393,00006329.jpg
1785517709335925000,6330,1785517709302889900,41500,00006330.jpg
1785517709374883200,6331,1785517709333654700,41488,00006331.jpg
1785517709404490400,6332,1785517709363366300,41289,00006332.jpg
1785517709441484400,6333,1785517709399500500,41052,00006333.jpg
1785517709516473000,6334,1785517709429039000,40630,00006334.jpg
1785517709531070800,6335,1785517709477638400,40574,00006335.jpg
1785517709538524400,6336,1785517709498144200,41125,00006336.jpg
1785517709572725100,6337,1785517709533322300,40842,00006337.jpg
1785517709600951400,6338,1785517709567284500,40339,00006338.jpg
1785517709632992900,6339,1785517709597621600,39832,00006339.jpg
1785517709661903700,6340,1785517709627545700,39815,00006340.jpg
1785517709719720000,6341,1785517709664600400,40190,00006341.jpg
1785517709745955300,6342,1785517709711836100,40429,00006342.jpg
1785517709774369200,6343,1785517709741573000,41273,00006343.jpg
1785517709808425100,6344,1785517709771357800,41534,00006344.jpg
1785517709836643100,6345,1785517709801756600,41330,00006345.jpg
1785517709868000900,6346,1785517709833562500,40915,00006346.jpg
1785517709897245700,6347,1785517709863046400,41071,00006347.jpg
1785517709926934700,6348,1785517709894294800,40866,00006348.jpg
1785517709978089200,6349,1785517709930340900,41724,00006349.jpg
1785517710007872100,6350,1785517709976190200,41699,00006350.jpg
1785517710038055300,6351,1785517710004832700,41966,00006351.jpg
1785517710069745600,6352,1785517710034846100,42040,00006352.jpg
1785517710100143600,6353,1785517710064771400,42435,00006353.jpg
1785517710127568200,6354,1785517710093766500,42589,00006354.jpg
1785517710176873600,6355,1785517710129476700,40316,00006355.jpg
1785517710208729800,6356,1785517710174411600,40492,00006356.jpg
1785517710239709900,6357,1785517710204982200,39657,00006357.jpg
1785517710274588000,6358,1785517710237382900,38867,00006358.jpg
1785517710301051100,6359,1785517710269669000,38694,00006359.jpg
1785517710334555900,6360,1785517710299524600,38039,00006360.jpg
1785517710362650700,6361,1785517710330329100,37761,00006361.jpg
1785517710417061700,6362,1785517710366385700,36945,00006362.jpg
1785517710447385700,6363,1785517710415243600,37001,00006363.jpg
1785517710477942500,6364,1785517710445359100,36532,00006364.jpg
1785517710506666200,6365,1785517710475928300,36505,00006365.jpg
1785517710536491700,6366,1785517710503171100,36725,00006366.jpg
1785517710565897300,6367,1785517710533556000,36487,00006367.jpg
1785517710594056900,6368,1785517710561073100,35834,00006368.jpg
1785517710640306900,6369,1785517710598031500,36227,00006369.jpg
1785517710670033400,6370,1785517710638358200,36341,00006370.jpg
1785517710695088600,6371,1785517710663342000,36919,00006371.jpg
1785517710741717000,6372,1785517710698400800,38431,00006372.jpg
1785517710768505400,6373,1785517710738932300,38396,00006373.jpg
1785517710793573300,6374,1785517710763836000,38672,00006374.jpg
1785517710839306400,6375,1785517710795952400,38557,00006375.jpg
1785517710868906300,6376,1785517710836463000,38594,00006376.jpg
1785517710895083200,6377,1785517710863235600,38576,00006377.jpg
1785517710939204300,6378,1785517710897252800,38503,00006378.jpg
1785517710967514200,6379,1785517710936874400,38592,00006379.jpg
1785517710995321800,6380,1785517710963192100,38241,00006380.jpg
1785517711037908000,6381,1785517710995896900,38076,00006381.jpg
1785517711065430500,6382,1785517711035275500,38143,00006382.jpg
1785517711093314800,6383,1785517711060324100,38071,00006383.jpg
1785517711138876500,6384,1785517711095415100,37840,00006384.jpg
1785517711171279800,6385,1785517711137455100,37899,00006385.jpg
1785517711196505900,6386,1785517711162233800,37866,00006386.jpg
1785517711241213700,6387,1785517711197640400,37794,00006387.jpg
1785517711271028100,6388,1785517711238292600,37882,00006388.jpg
1785517711298531800,6389,1785517711264285000,37648,00006389.jpg
1785517711343589200,6390,1785517711299984800,37496,00006390.jpg
1785517711374383500,6391,1785517711341924500,37528,00006391.jpg
1785517711400885000,6392,1785517711370211900,37415,00006392.jpg
1785517711433132700,6393,1785517711397900700,37317,00006393.jpg
1785517711478194000,6394,1785517711433890500,37448,00006394.jpg
1785517711512854200,6395,1785517711474910300,37374,00006395.jpg
1785517711539849400,6396,1785517711506504100,37491,00006396.jpg
1785517711561857100,6397,1785517711537205600,37420,00006397.jpg
1785517711610918500,6398,1785517711568038700,37343,00006398.jpg
1785517711635023200,6399,1785517711604051600,37337,00006399.jpg
1785517711662885500,6400,1785517711629329500,37238,00006400.jpg
1785517711710847300,6401,1785517711665450900,37123,00006401.jpg
1785517711733842100,6402,1785517711703121100,37103,00006402.jpg
1785517711760230600,6403,1785517711730376200,37143,00006403.jpg
1785517711810701200,6404,1785517711762157000,37136,00006404.jpg
1785517711836077100,6405,1785517711806402100,37033,00006405.jpg
1785517711866587300,6406,1785517711834228000,36830,00006406.jpg
1785517711893722900,6407,1785517711861266000,36410,00006407.jpg
1785517711939592400,6408,1785517711895784200,35738,00006408.jpg
1785517711966680600,6409,1785517711937384900,35964,00006409.jpg
1785517711996028300,6410,1785517711964898500,36717,00006410.jpg
1785517712047569100,6411,1785517712000795200,36855,00006411.jpg
1785517712078305200,6412,1785517712045610900,36964,00006412.jpg
1785517712108032100,6413,1785517712074853500,36257,00006413.jpg
1785517712140632000,6414,1785517712105175100,35938,00006414.jpg
1785517712174706800,6415,1785517712136218600,35760,00006415.jpg
1785517712200227600,6416,1785517712166298500,34871,00006416.jpg
1785517712236465200,6417,1785517712196242000,34819,00006417.jpg
1785517712285343800,6418,1785517712237968500,35090,00006418.jpg
1785517712318614100,6419,1785517712281686900,35171,00006419.jpg
1785517712347197700,6420,1785517712310494400,35659,00006420.jpg
1785517712381778900,6421,1785517712346200600,35786,00006421.jpg
1785517712411064700,6422,1785517712376527500,35889,00006422.jpg
1785517712443793300,6423,1785517712408732500,35858,00006423.jpg
1785517712476514500,6424,1785517712440050800,35873,00006424.jpg
1785517712501440000,6425,1785517712470006300,35845,00006425.jpg
1785517712528466300,6426,1785517712499104500,36100,00006426.jpg
1785517712578087500,6427,1785517712533605400,36250,00006427.jpg
1785517712609445700,6428,1785517712576845100,36319,00006428.jpg
1785517712640932000,6429,1785517712604932200,36329,00006429.jpg
1785517712670169200,6430,1785517712636136700,36468,00006430.jpg
1785517712701157600,6431,1785517712665403500,36368,00006431.jpg
1785517712729875400,6432,1785517712696957200,35857,00006432.jpg
1785517712763022100,6433,1785517712728133500,35520,00006433.jpg
1785517712820471400,6434,1785517712765675300,35824,00006434.jpg
1785517712852182200,6435,1785517712814319400,35840,00006435.jpg
1785517712881556900,6436,1785517712847170100,36685,00006436.jpg
1785517712915527600,6437,1785517712877608600,36508,00006437.jpg
1785517712945354800,6438,1785517712909238300,36776,00006438.jpg
1785517712984565100,6439,1785517712939492500,37089,00006439.jpg
1785517713007705500,6440,1785517712977398700,37122,00006440.jpg
1785517713039742300,6441,1785517713005567700,37535,00006441.jpg
1785517713069067700,6442,1785517713034490500,38440,00006442.jpg
1785517713098253100,6443,1785517713063164500,38979,00006443.jpg
1785517713146623400,6444,1785517713098709600,40955,00006444.jpg
1785517713178359700,6445,1785517713145316200,41277,00006445.jpg
1785517713218387200,6446,1785517713174834600,41984,00006446.jpg
1785517713246724100,6447,1785517713209047500,42506,00006447.jpg
1785517713279916900,6448,1785517713241159600,42790,00006448.jpg
1785517713309564400,6449,1785517713274669500,42879,00006449.jpg
1785517713339991500,6450,1785517713307819800,43043,00006450.jpg
1785517713370074300,6451,1785517713335188300,43326,00006451.jpg
1785517713400395600,6452,1785517713364948500,43449,00006452.jpg
1785517713429764900,6453,1785517713394647600,43498,00006453.jpg
1785517713486862200,6454,1785517713432463800,43498,00006454.jpg
1785517713513923700,6455,1785517713480858900,43549,00006455.jpg
1785517713550449200,6456,1785517713511002700,43161,00006456.jpg
1785517713580666100,6457,1785517713545243600,43060,00006457.jpg
1785517713615744500,6458,1785517713575563100,42728,00006458.jpg
1785517713652177800,6459,1785517713610869700,42741,00006459.jpg
1785517713690942000,6460,1785517713648926700,42564,00006460.jpg
1785517713729113400,6461,1785517713682314500,42314,00006461.jpg
1785517713752898500,6462,1785517713716610000,42192,00006462.jpg
1785517713794798400,6463,1785517713750787500,42339,00006463.jpg
1785517713829210300,6464,1785517713784410300,42236,00006464.jpg
1785517713856095700,6465,1785517713818962500,42206,00006465.jpg
1785517713888166100,6466,1785517713850500200,42113,00006466.jpg
1785517713914355500,6467,1785517713878937500,42110,00006467.jpg
1785517713954317100,6468,1785517713909272400,41949,00006468.jpg
1785517713980566100,6469,1785517713949000000,41936,00006469.jpg
1785517714017475600,6470,1785517713977550000,41915,00006470.jpg
1785517714054636400,6471,1785517714009964100,41855,00006471.jpg
1785517714091803200,6472,1785517714041452400,41653,00006472.jpg
1785517714114046500,6473,1785517714077238400,41198,00006473.jpg
1785517714144764100,6474,1785517714111017000,40057,00006474.jpg
1785517714173455700,6475,1785517714138069200,39067,00006475.jpg
1785517714210740100,6476,1785517714166718200,38705,00006476.jpg
1785517714236028900,6477,1785517714197200000,38057,00006477.jpg
1785517714267635300,6478,1785517714232570800,37173,00006478.jpg
1785517714432362000,6479,1785517714262173300,36894,00006479.jpg
1785517714462898500,6480,1785517714435927800,36715,00006480.jpg
1785517714481847800,6482,1785517714456339600,36715,00006482.jpg
1785517714501316700,6483,1785517714461709400,36715,00006483.jpg
1785517714513281000,6484,1785517714478251600,36585,00006484.jpg
1785517714530863200,6485,1785517714500494100,36585,00006485.jpg
1785517714545785400,6486,1785517714512502400,36585,00006486.jpg
1785517714578834500,6487,1785517714543749400,36536,00006487.jpg
1785517714604512500,6488,1785517714572867600,36522,00006488.jpg
1785517714633860300,6489,1785517714600484100,36449,00006489.jpg
1785517714663075500,6490,1785517714630668300,36466,00006490.jpg
1785517714720733500,6491,1785517714666178100,36146,00006491.jpg
1785517714753941300,6492,1785517714711998100,36126,00006492.jpg
1785517714785665500,6493,1785517714746203500,35913,00006493.jpg
1785517714823188400,6494,1785517714779551200,35905,00006494.jpg
1785517714852816600,6495,1785517714816117700,34790,00006495.jpg
1785517714883996500,6496,1785517714851022000,33765,00006496.jpg
1785517714910704200,6497,1785517714879810400,33625,00006497.jpg
1785517714941032100,6498,1785517714908876700,33447,00006498.jpg
1785517714968215500,6499,1785517714935782100,33530,00006499.jpg
1785517715004860600,6500,1785517714963432200,33468,00006500.jpg
1785517715031220800,6501,1785517714997967400,33529,00006501.jpg
1785517715083066700,6502,1785517715036530900,33457,00006502.jpg
1785517715114108700,6503,1785517715078217700,33407,00006503.jpg
1785517715145092200,6504,1785517715110665500,33288,00006504.jpg
1785517715172117900,6505,1785517715140620800,33327,00006505.jpg
1785517715201854200,6506,1785517715169510500,33370,00006506.jpg
1785517715232352000,6507,1785517715199684500,33337,00006507.jpg
1785517715263333100,6508,1785517715227877200,33245,00006508.jpg
1785517715313195500,6509,1785517715268718100,33065,00006509.jpg
1785517715343918200,6510,1785517715311235900,33108,00006510.jpg
1785517715379897900,6511,1785517715339887000,32997,00006511.jpg
1785517715402930100,6512,1785517715369147200,32955,00006512.jpg
1785517715432406500,6513,1785517715399595500,32877,00006513.jpg
1785517715467870000,6514,1785517715429159300,32805,00006514.jpg
1785517715516266400,6515,1785517715467836300,32815,00006515.jpg
1785517715546786200,6516,1785517715508971800,32734,00006516.jpg
1785517715573419300,6517,1785517715544492100,32795,00006517.jpg
1785517715750262000,6518,1785517715571588600,32883,00006518.jpg
1785517715798045000,6519,1785517715760219000,32828,00006519.jpg
1785517715813677900,6522,1785517715794514700,32828,00006522.jpg
1785517715853324600,6523,1785517715810589500,32918,00006523.jpg
1785517715872816400,6524,1785517715834628000,32918,00006524.jpg
1785517715892220100,6525,1785517715849750000,32884,00006525.jpg
1785517715910799700,6526,1785517715881973900,32863,00006526.jpg
1785517715939047700,6527,1785517715906629900,32866,00006527.jpg
1785517715970219800,6528,1785517715937417200,32888,00006528.jpg
1785517715997373700,6529,1785517715963342900,32819,00006529.jpg
1785517716058256300,6530,1785517715999099700,32828,00006530.jpg
1785517716088694700,6531,1785517716045826500,32925,00006531.jpg
1785517716110484800,6532,1785517716076937600,32870,00006532.jpg
1785517716150319500,6533,1785517716107914600,32980,00006533.jpg
1785517716284209900,6534,1785517716140648500,32810,00006534.jpg
1785517716329478000,6535,1785517716290480700,32878,00006535.jpg
1785517716358373600,6538,1785517716330081100,32878,00006538.jpg
1785517716387479300,6539,1785517716350559700,32822,00006539.jpg
1785517716417592300,6540,1785517716374863400,32822,00006540.jpg
1785517716431309900,6541,1785517716392849800,33148,00006541.jpg
1785517716472014500,6542,1785517716425422500,33072,00006542.jpg
1785517716506334800,6543,1785517716460387300,33073,00006543.jpg
1785517716535183500,6544,1785517716495657700,33157,00006544.jpg
1785517716571169000,6545,1785517716527652400,33180,00006545.jpg
1785517716614579300,6546,1785517716567574900,33335,00006546.jpg
1785517716639185700,6547,1785517716591540000,33335,00006547.jpg
1785517716664517000,6548,1785517716611900200,33489,00006548.jpg
1785517716691543600,6549,1785517716648534600,33475,00006549.jpg
1785517716717751100,6550,1785517716683826000,33515,00006550.jpg
1785517716753581500,6551,1785517716711574300,33768,00006551.jpg
1785517716790788700,6552,1785517716742383600,33893,00006552.jpg
1785517716824358800,6553,1785517716776913900,33915,00006553.jpg
1785517716866201200,6554,1785517716816773700,34023,00006554.jpg
1785517716897581100,6555,1785517716857988700,34044,00006555.jpg
1785517716951618800,6556,1785517716891553400,33374,00006556.jpg
1785517716980511800,6557,1785517716927717200,34059,00006557.jpg
1785517717005150500,6558,1785517716959102400,34772,00006558.jpg
1785517717048958800,6559,1785517716994311000,35911,00006559.jpg
1785517717069078100,6560,1785517717027843800,36599,00006560.jpg
1785517717109825500,6561,1785517717062394900,38042,00006561.jpg
1785517717160196100,6562,1785517717096499800,39093,00006562.jpg
1785517717195855000,6563,1785517717133009300,40280,00006563.jpg
1785517717230627300,6564,1785517717162084400,40280,00006564.jpg
1785517717259984600,6565,1785517717180935500,40501,00006565.jpg
1785517717279022300,6566,1785517717213544100,41374,00006566.jpg
1785517717312884000,6567,1785517717248329300,42158,00006567.jpg
1785517717354885000,6568,1785517717284775700,43024,00006568.jpg
1785517717381638200,6569,1785517717312771300,43858,00006569.jpg
1785517717415499300,6570,1785517717354286400,44172,00006570.jpg
1785517717445270500,6571,1785517717394063600,44360,00006571.jpg
1785517717469458500,6572,1785517717430559900,44656,00006572.jpg
1785517717503081600,6573,1785517717462497700,44983,00006573.jpg
1785517717527810200,6574,1785517717486828200,44983,00006574.jpg
1785517717560342100,6575,1785517717501669000,45020,00006575.jpg
1785517717576379500,6576,1785517717539174300,45273,00006576.jpg
1785517717621285500,6577,1785517717568644100,45060,00006577.jpg
1785517717643001100,6578,1785517717603906600,45020,00006578.jpg
1785517717669626500,6579,1785517717633789600,45093,00006579.jpg
1785517717817929000,6580,1785517717661932500,45207,00006580.jpg
1785517717860455500,6581,1785517717817397600,45591,00006581.jpg
1785517717889673400,6584,1785517717849896500,45591,00006584.jpg
1785517717930769200,6585,1785517717868238300,43782,00006585.jpg
1785517717952857100,6586,1785517717899884700,43782,00006586.jpg
1785517717975498900,6587,1785517717916758500,42080,00006587.jpg
1785517717999380200,6588,1785517717950419700,42059,00006588.jpg
1785517718031539300,6589,1785517717985801400,42419,00006589.jpg
1785517718057117900,6590,1785517718017637100,42548,00006590.jpg
1785517718087673000,6591,1785517718049572700,42350,00006591.jpg
1785517718121054900,6592,1785517718077490400,42534,00006592.jpg
1785517718160026900,6593,1785517718111158500,42520,00006593.jpg
1785517718195961800,6594,1785517718147605400,42541,00006594.jpg
1785517718224302200,6595,1785517718182469700,42890,00006595.jpg
1785517718260206600,6596,1785517718219454500,42703,00006596.jpg
1785517718299417600,6597,1785517718256486600,42503,00006597.jpg
1785517718326611400,6598,1785517718288922900,41862,00006598.jpg
1785517718367155700,6599,1785517718321604500,41674,00006599.jpg
1785517718414245800,6600,1785517718358377900,42175,00006600.jpg
1785517718443628900,6601,1785517718403271000,43050,00006601.jpg
1785517718469328200,6602,1785517718436668900,43289,00006602.jpg
1785517718486120400,6603,1785517718460572300,43289,00006603.jpg
1785517718509931500,6604,1785517718470717400,43719,00006604.jpg
1785517718639105400,6605,1785517718502540000,43858,00006605.jpg
1785517718666182200,6606,1785517718621251600,43525,00006606.jpg
1785517718702464500,6608,1785517718655822100,43525,00006608.jpg
1785517718724191100,6609,1785517718680350000,40931,00006609.jpg
1785517718749100700,6610,1785517718709107900,40931,00006610.jpg
1785517718771298100,6611,1785517718724801300,39304,00006611.jpg
1785517718792358800,6612,1785517718759151200,38323,00006612.jpg
1785517718902640400,6613,1785517718789147900,37850,00006613.jpg
1785517718942986700,6614,1785517718903895500,37229,00006614.jpg
1785517718970732800,6616,1785517718934838900,37229,00006616.jpg
1785517719013799700,6617,1785517718959362700,33595,00006617.jpg
1785517719037166900,6618,1785517718983221800,33595,00006618.jpg
1785517719054474900,6619,1785517719002373500,32889,00006619.jpg
1785517719060604000,6620,1785517719027171300,32889,00006620.jpg
1785517719076940700,6621,1785517719044478400,33718,00006621.jpg
1785517719169593000,6622,1785517719072719600,35690,00006622.jpg
1785517719210302600,6623,1785517719167900000,36606,00006623.jpg
1785517719244562000,6625,1785517719203238300,36606,00006625.jpg
1785517719268141200,6626,1785517719225226500,37212,00006626.jpg
1785517719297599800,6627,1785517719256460900,36619,00006627.jpg
1785517719451255500,6628,1785517719291750800,36514,00006628.jpg
1785517719477608400,6629,1785517719443059600,36261,00006629.jpg
1785517719505126300,6632,1785517719477232500,36261,00006632.jpg
1785517719540238000,6633,1785517719501347600,34143,00006633.jpg
1785517719592305300,6635,1785517719532738700,34143,00006635.jpg
1785517719640891700,6636,1785517719553210400,33079,00006636.jpg
1785517719710239100,6637,1785517719582561400,32741,00006637.jpg
1785517719769991300,6638,1785517719611911300,32638,00006638.jpg
1785517719809814800,6639,1785517719650220100,33347,00006639.jpg
1785517719858845500,6640,1785517719691919600,34623,00006640.jpg
1785517719869697700,6641,1785517719741076300,37299,00006641.jpg
1785517719886218100,6642,1785517719768618600,37299,00006642.jpg
1785517719956041200,6643,1785517719788808200,39185,00006643.jpg
1785517719986943300,6644,1785517719830243000,41106,00006644.jpg
1785517720051609100,6645,1785517719867487100,41713,00006645.jpg
1785517720076622900,6646,1785517719894771200,41713,00006646.jpg
1785517720121457900,6647,1785517719916579200,42381,00006647.jpg
1785517720139044100,6648,1785517719951375400,43348,00006648.jpg
1785517720196404500,6649,1785517719991834500,44234,00006649.jpg
1785517720277867600,6650,1785517720032196300,43766,00006650.jpg
1785517720297754900,6651,1785517720055631500,43766,00006651.jpg
1785517720333344000,6652,1785517720078602800,42715,00006652.jpg
1785517720348917300,6653,1785517720119156700,41534,00006653.jpg
1785517720411512300,6654,1785517720150466600,40567,00006654.jpg
1785517720433183900,6655,1785517720189071100,39745,00006655.jpg
1785517720595453900,6656,1785517720230124000,39567,00006656.jpg
1785517720673394300,6657,1785517720267021000,40469,00006657.jpg
1785517720694712000,6658,1785517720289852800,40469,00006658.jpg
1785517720755602400,6659,1785517720303620700,41182,00006659.jpg
1785517720787731500,6660,1785517720473839300,42150,00006660.jpg
1785517720806338900,6663,1785517720516784200,42150,00006663.jpg
1785517720818747700,6664,1785517720582104200,43958,00006664.jpg
1785517720832834100,6666,1785517720599931800,43958,00006666.jpg
1785517720841932900,6667,1785517720617212200,44924,00006667.jpg
1785517720861207400,6668,1785517720649407600,44792,00006668.jpg
1785517720872183700,6669,1785517720698772500,44559,00006669.jpg
1785517720889686300,6670,1785517720724675200,44559,00006670.jpg
1785517720905732900,6671,1785517720741121900,43833,00006671.jpg
1785517720959759900,6672,1785517720774389100,43401,00006672.jpg
1785517720977175100,6673,1785517720915294500,42713,00006673.jpg
1785517720987111700,6676,1785517720949307800,42713,00006676.jpg
1785517721138559500,6677,1785517720966345300,42454,00006677.jpg
1785517721167103000,6678,1785517721113283600,42454,00006678.jpg
1785517721187322100,6680,1785517721164898200,43189,00006680.jpg
1785517721214075000,6683,1785517721185090700,43189,00006683.jpg
1785517721245613500,6684,1785517721207131100,42678,00006684.jpg
1785517721271135700,6685,1785517721226173900,42678,00006685.jpg
1785517721371129100,6686,1785517721243380000,40735,00006686.jpg
1785517721402293200,6687,1785517721348700300,40201,00006687.jpg
1785517721448882100,6689,1785517721381242200,40201,00006689.jpg
1785517721478392200,6690,1785517721399869100,37340,00006690.jpg
1785517721542135200,6691,1785517721437990500,37340,00006691.jpg
1785517721571949500,6692,1785517721455475200,35145,00006692.jpg
1785517721668647800,6693,1785517721492237200,33657,00006693.jpg
1785517721716573600,6694,1785517721526552800,33757,00006694.jpg
1785517721741653800,6695,1785517721569770900,33738,00006695.jpg
1785517721756381100,6696,1785517721599184400,33738,00006696.jpg
1785517721828764800,6697,1785517721623803100,34400,00006697.jpg
1785517721930966800,6698,1785517721655698800,35725,00006698.jpg
1785517721965644100,6699,1785517721691459100,37204,00006699.jpg
1785517721975945300,6700,1785517721730846100,37460,00006700.jpg
1785517721996866000,6701,1785517721765880500,37385,00006701.jpg
1785517722010069600,6702,1785517721792026700,37385,00006702.jpg
1785517722021461100,6703,1785517721817578300,36916,00006703.jpg
1785517722078392600,6704,1785517721853826000,36417,00006704.jpg
1785517722101602500,6705,1785517721884487000,36270,00006705.jpg
1785517722120512100,6706,1785517721918394900,36395,00006706.jpg
1785517722158438600,6707,1785517721951147400,36406,00006707.jpg
1785517722178222600,6708,1785517721984569100,36552,00006708.jpg
1785517722194108800,6709,1785517722018947100,36634,00006709.jpg
1785517722216673100,6710,1785517722060343400,36559,00006710.jpg
1785517722229592100,6711,1785517722091411800,36655,00006711.jpg
1785517722251810300,6712,1785517722131007800,36663,00006712.jpg
1785517722303857700,6713,1785517722155141200,36663,00006713.jpg
1785517722338980500,6714,1785517722169713400,36628,00006714.jpg
1785517722353860200,6715,1785517722201600500,36714,00006715.jpg
1785517722376128400,6716,1785517722233894400,36729,00006716.jpg
1785517722393822400,6717,1785517722273180800,36712,00006717.jpg
1785517722406053600,6718,1785517722299582800,36637,00006718.jpg
1785517722416499300,6719,1785517722334280300,36579,00006719.jpg
1785517722426709500,6720,1785517722364634800,36526,00006720.jpg
1785517722557786800,6721,1785517722395758900,36519,00006721.jpg
1785517722592919200,6722,1785517722556188100,36489,00006722.jpg
1785517722612397600,6725,1785517722592983700,36489,00006725.jpg
1785517722640505800,6726,1785517722609591700,37326,00006726.jpg
1785517722662453400,6727,1785517722631139100,37326,00006727.jpg
1785517722684692700,6728,1785517722642430200,35411,00006728.jpg
1785517722821668100,6729,1785517722671965700,33608,00006729.jpg
1785517722855825500,6730,1785517722820084200,33373,00006730.jpg
1785517722881941600,6733,1785517722853901500,33373,00006733.jpg
1785517722907801800,6734,1785517722873855400,32623,00006734.jpg
1785517722929334700,6735,1785517722895876900,32623,00006735.jpg
1785517722952818200,6736,1785517722913724100,32484,00006736.jpg
1785517722980670900,6737,1785517722945441900,32055,00006737.jpg
1785517723006113900,6738,1785517722971479400,32057,00006738.jpg
1785517723041491200,6739,1785517723001928000,32032,00006739.jpg
1785517723076860600,6740,1785517723035116600,32084,00006740.jpg
1785517723104957200,6741,1785517723069817700,32064,00006741.jpg
1785517723154436600,6742,1785517723101741500,32383,00006742.jpg
1785517723185493700,6743,1785517723150543300,34228,00006743.jpg
1785517723221356800,6744,1785517723181622200,36970,00006744.jpg
1785517723248738800,6745,1785517723210450200,38225,00006745.jpg
1785517723278694300,6746,1785517723243530300,38591,00006746.jpg
1785517723320544200,6747,1785517723272900400,38459,00006747.jpg
1785517723363288700,6748,1785517723306487200,38125,00006748.jpg
1785517723399942900,6749,1785517723350677300,37990,00006749.jpg
1785517723430260200,6750,1785517723389276500,38089,00006750.jpg
1785517723470273200,6751,1785517723426792300,38594,00006751.jpg
1785517723499811200,6752,1785517723464784000,39081,00006752.jpg
1785517723522597000,6753,1785517723488901400,39081,00006753.jpg
1785517723544220300,6754,1785517723501956500,39143,00006754.jpg
1785517723574178000,6755,1785517723539713900,39580,00006755.jpg
1785517723605662800,6756,1785517723568332800,39606,00006756.jpg
1785517723648240800,6757,1785517723600876900,39818,00006757.jpg
1785517723681490900,6758,1785517723640295600,40289,00006758.jpg
1785517723718187800,6759,1785517723675488000,40722,00006759.jpg
1785517723744513500,6760,1785517723708201400,41123,00006760.jpg
1785517723779552900,6761,1785517723738869900,41759,00006761.jpg
1785517723811400400,6762,1785517723771706400,42717,00006762.jpg
1785517723845784200,6763,1785517723806036100,43531,00006763.jpg
1785517723907789200,6764,1785517723838124700,43775,00006764.jpg
1785517723949501400,6765,1785517723873444200,44210,00006765.jpg
1785517723997349300,6766,1785517723911343300,44421,00006766.jpg
1785517724055111500,6767,1785517723949732700,44487,00006767.jpg
1785517724105982000,6768,1785517723993759500,45019,00006768.jpg
1785517724137468900,6769,1785517724030115400,45414,00006769.jpg
1785517724189489700,6770,1785517724057602500,45414,00006770.jpg
1785517724214206300,6771,1785517724076017000,45619,00006771.jpg
1785517724271092200,6772,1785517724110458100,46220,00006772.jpg
1785517724307639200,6773,1785517724150414300,46346,00006773.jpg
1785517724343967100,6774,1785517724186367600,46693,00006774.jpg
1785517724384684000,6775,1785517724221029400,46805,00006775.jpg
1785517724438400200,6776,1785517724255196600,47019,00006776.jpg
1785517724491632000,6777,1785517724289272000,47196,00006777.jpg
1785517724524050000,6778,1785517724325243200,47227,00006778.jpg
1785517724554122900,6779,1785517724363482400,47607,00006779.jpg
1785517724577894800,6780,1785517724403705700,47983,00006780.jpg
1785517724602617800,6781,1785517724435952200,47983,00006781.jpg
1785517724626744700,6782,1785517724458623700,48087,00006782.jpg
1785517724696814400,6783,1785517724496583500,48280,00006783.jpg
1785517724716480200,6784,1785517724526621400,48252,00006784.jpg
1785517724740433800,6785,1785517724559875600,48424,00006785.jpg
1785517724802532500,6786,1785517724597689200,48265,00006786.jpg
1785517724826391200,6787,1785517724630733600,48613,00006787.jpg
1785517724844558400,6788,1785517724670681100,48602,00006788.jpg
1785517724879186300,6789,1785517724698260500,48602,00006789.jpg
1785517724954061200,6790,1785517724714638500,47954,00006790.jpg
1785517724974202100,6791,1785517724746701900,47277,00006791.jpg
1785517724999007100,6792,1785517724776920900,46564,00006792.jpg
1785517725029165700,6793,1785517724814414100,46288,00006793.jpg
1785517725074215200,6794,1785517724847744700,45747,00006794.jpg
1785517725118238000,6795,1785517724885741300,45771,00006795.jpg
1785517725159526000,6796,1785517724916789500,45577,00006796.jpg
1785517725229258500,6797,1785517724955106400,45883,00006797.jpg
1785517725249198900,6798,1785517724991659700,45980,00006798.jpg
1785517725265325000,6799,1785517725028710800,45798,00006799.jpg
1785517725283004300,6800,1785517725060375000,45362,00006800.jpg
1785517725301861800,6801,1785517725095762800,44659,00006801.jpg
1785517725310979800,6802,1785517725129379600,43875,00006802.jpg
1785517725330566100,6803,1785517725155092200,43875,00006803.jpg
1785517725345800600,6804,1785517725175900800,43531,00006804.jpg
1785517725364265400,6805,1785517725221574800,43580,00006805.jpg
1785517725386278000,6806,1785517725248746400,41684,00006806.jpg
1785517725409528600,6807,1785517725279260600,39551,00006807.jpg
1785517725430972000,6808,1785517725309749500,38283,00006808.jpg
1785517725471343800,6809,1785517725349865700,36309,00006809.jpg
1785517725493455900,6810,1785517725383579800,33781,00006810.jpg
1785517725505111200,6811,1785517725416079700,32573,00006811.jpg
1785517725510553500,6812,1785517725453803300,32093,00006812.jpg
1785517725531375400,6813,1785517725485799400,30751,00006813.jpg
1785517725677083100,6814,1785517725520819700,30570,00006814.jpg
1785517725719520600,6815,1785517725685373500,30312,00006815.jpg
1785517725741173000,6818,1785517725718224300,30312,00006818.jpg
1785517725805279800,6819,1785517725771659200,28780,00006819.jpg
1785517725827380200,6821,1785517725799301600,28780,00006821.jpg
1785517725854012700,6822,1785517725815724200,28332,00006822.jpg
1785517725886486300,6823,1785517725848461300,27936,00006823.jpg
1785517725914343200,6824,1785517725878578500,27962,00006824.jpg
1785517726017580800,6825,1785517725910793000,27845,00006825.jpg
1785517726030397000,6826,1785517725960880500,27453,00006826.jpg
1785517726044607500,6827,1785517725989644100,27295,00006827.jpg
1785517726094804400,6828,1785517726069991700,27112,00006828.jpg
1785517726124476300,6830,1785517726087527000,27112,00006830.jpg
1785517726172122700,6831,1785517726148783000,26126,00006831.jpg
1785517726222130400,6832,1785517726154750500,26126,00006832.jpg
1785517726262537000,6833,1785517726171633800,26291,00006833.jpg
1785517726294365700,6834,1785517726206790900,27493,00006834.jpg
1785517726306724700,6835,1785517726244239500,29306,00006835.jpg
1785517726384664300,6836,1785517726286625800,30551,00006836.jpg
1785517726401524200,6837,1785517726319214200,31374,00006837.jpg
1785517726443021700,6838,1785517726349117400,31631,00006838.jpg
1785517726453148500,6839,1785517726384081300,31824,00006839.jpg
1785517726474861500,6840,1785517726420072000,31892,00006840.jpg
1785517726534737000,6841,1785517726467709300,32090,00006841.jpg
1785517726558304300,6842,1785517726483569900,32090,00006842.jpg
1785517726575952800,6843,1785517726500775600,32483,00006843.jpg
1785517726616956000,6844,1785517726534236400,32930,00006844.jpg
1785517726628288900,6845,1785517726568000900,33310,00006845.jpg
1785517726644221400,6846,1785517726602031800,33690,00006846.jpg
1785517726683247700,6847,1785517726634975300,33845,00006847.jpg
1785517726708338600,6848,1785517726666832200,33854,00006848.jpg
1785517726759314900,6849,1785517726701639000,33281,00006849.jpg
1785517726795157600,6850,1785517726745005100,33278,00006850.jpg
1785517726834550200,6851,1785517726779571700,33579,00006851.jpg
1785517726861596500,6852,1785517726816020600,33433,00006852.jpg
1785517726904881300,6853,1785517726853288700,33198,00006853.jpg
1785517726932365700,6854,1785517726887725400,34047,00006854.jpg
1785517726973309800,6855,1785517726921504000,35610,00006855.jpg
1785517727000422900,6856,1785517726958049900,36961,00006856.jpg
1785517727040803800,6857,1785517726992357800,38514,00006857.jpg
1785517727082080700,6858,1785517727025178600,40092,00006858.jpg
1785517727105385000,6859,1785517727063660400,40670,00006859.jpg
1785517727143079100,6860,1785517727095978300,40556,00006860.jpg
1785517727176720500,6861,1785517727133706600,39847,00006861.jpg
1785517727210003400,6862,1785517727164270600,39847,00006862.jpg
1785517727239145100,6863,1785517727182918600,39285,00006863.jpg
1785517727266322100,6864,1785517727217855700,38016,00006864.jpg
1785517727330006200,6865,1785517727251903300,37302,00006865.jpg
1785517727376306100,6866,1785517727291760200,36776,00006866.jpg
1785517727396981800,6867,1785517727322395000,36501,00006867.jpg
1785517727413061300,6868,1785517727367516500,36399,00006868.jpg
1785517727438811300,6869,1785517727392095600,36399,00006869.jpg
1785517727464114400,6870,1785517727413865700,35688,00006870.jpg
1785517727507815800,6871,1785517727447777700,35304,00006871.jpg
1785517727525442700,6872,1785517727483196900,34809,00006872.jpg
1785517727564262800,6873,1785517727515603500,33937,00006873.jpg
1785517727608479100,6874,1785517727551546300,34752,00006874.jpg
1785517727788209400,6875,1785517727589610200,36818,00006875.jpg
1785517727815668600,6876,1785517727764709300,38827,00006876.jpg
1785517727845034600,6879,1785517727815081100,38827,00006879.jpg
1785517727878922400,6880,1785517727834037100,38547,00006880.jpg
1785517727913133400,6882,1785517727866372200,38547,00006882.jpg
1785517727932424000,6883,1785517727883454900,35975,00006883.jpg
1785517727976433600,6884,1785517727914516800,35463,00006884.jpg
1785517728002342800,6885,1785517727949426100,35697,00006885.jpg
1785517728050953900,6886,1785517727981522300,35547,00006886.jpg
1785517728062748100,6887,1785517728015985500,35628,00006887.jpg
1785517728106452600,6888,1785517728068189900,34904,00006888.jpg
1785517728140256000,6889,1785517728093257100,34904,00006889.jpg
1785517728171005900,6890,1785517728114696600,32201,00006890.jpg
1785517728192691100,6891,1785517728152790500,31101,00006891.jpg
1785517728231597300,6892,1785517728186368900,31201,00006892.jpg
1785517728266301300,6893,1785517728223492900,31158,00006893.jpg
1785517728292368200,6894,1785517728250825200,31258,00006894.jpg
1785517728340975800,6895,1785517728287316200,31287,00006895.jpg
1785517728382350300,6896,1785517728318395400,31700,00006896.jpg
1785517728408669400,6897,1785517728349135100,31634,00006897.jpg
1785517728434767000,6898,1785517728384848800,31761,00006898.jpg
1785517728471815900,6899,1785517728414303900,31808,00006899.jpg
1785517728495116000,6900,1785517728451338200,32055,00006900.jpg
1785517728516509800,6901,1785517728483527200,31772,00006901.jpg
1785517728549659100,6902,1785517728514925700,32142,00006902.jpg
1785517728589318400,6903,1785517728545426700,32670,00006903.jpg
1785517728613066800,6904,1785517728575770200,33140,00006904.jpg
1785517728647914900,6905,1785517728607854100,33943,00006905.jpg
1785517728672774500,6906,1785517728637446000,34513,00006906.jpg
1785517728710704700,6907,1785517728671847300,34930,00006907.jpg
1785517728740446500,6908,1785517728702109500,35176,00006908.jpg
1785517728771168100,6909,1785517728735433600,35160,00006909.jpg
1785517728801452900,6910,1785517728766262600,35684,00006910.jpg
1785517728850088800,6911,1785517728798809600,36504,00006911.jpg
1785517728870352300,6912,1785517728831198400,36968,00006912.jpg
1785517728914546400,6913,1785517728864572700,38164,00006913.jpg
1785517728943030000,6914,1785517728901843900,38641,00006914.jpg
1785517728979591200,6915,1785517728937165800,39066,00006915.jpg
1785517729017022100,6916,1785517728972784700,39445,00006916.jpg
1785517729051365700,6917,1785517729008593400,39343,00006917.jpg
1785517729092287800,6918,1785517729046307500,39011,00006918.jpg
1785517729125261500,6919,1785517729079105400,38733,00006919.jpg
1785517729161288400,6920,1785517729122849800,38198,00006920.jpg
1785517729193322800,6921,1785517729155928600,37849,00006921.jpg
1785517729220554800,6922,1785517729189497000,37691,00006922.jpg
1785517729253312700,6923,1785517729216716300,37786,00006923.jpg
1785517729337250600,6924,1785517729246492600,37869,00006924.jpg
1785517729372247700,6925,1785517729330873200,37951,00006925.jpg
1785517729450631800,6926,1785517729356068800,37951,00006926.jpg
1785517729469295100,6927,1785517729395268300,38254,00006927.jpg
1785517729485337000,6928,1785517729424331300,38254,00006928.jpg
1785517729491733000,6930,1785517729467747800,38328,00006930.jpg
1785517729511806700,6931,1785517729480287000,38542,00006931.jpg
1785517729539757000,6932,1785517729508909800,38534,00006932.jpg
1785517729562273400,6933,1785517729536510700,38615,00006933.jpg
1785517729588454700,6934,1785517729560869200,38374,00006934.jpg
1785517729637509200,6935,1785517729592362200,38126,00006935.jpg
1785517729666930800,6936,1785517729635735500,38026,00006936.jpg
1785517729701493100,6937,1785517729666054400,37919,00006937.jpg
1785517729731387300,6938,1785517729698371800,38036,00006938.jpg
1785517729763006500,6939,1785517729730219000,37783,00006939.jpg
1785517729792231400,6940,1785517729760509200,37771,00006940.jpg
1785517729848322700,6941,1785517729797305600,37733,00006941.jpg
1785517729880409800,6942,1785517729846930000,37879,00006942.jpg
1785517729906923200,6943,1785517729878234800,37666,00006943.jpg
1785517729936270000,6944,1785517729905685700,37595,00006944.jpg
1785517729963168200,6945,1785517729933912200,37623,00006945.jpg
1785517729990825500,6946,1785517729961734400,37475,00006946.jpg
1785517730041974700,6947,1785517729996394700,37493,00006947.jpg
1785517730069233700,6948,1785517730040790900,37453,00006948.jpg
1785517730097496000,6949,1785517730067868000,37347,00006949.jpg
1785517730126921600,6950,1785517730096927800,37561,00006950.jpg
1785517730179879200,6951,1785517730131706500,37435,00006951.jpg
1785517730208165000,6952,1785517730178280700,37285,00006952.jpg
1785517730238058100,6953,1785517730206867100,37330,00006953.jpg
1785517730268109200,6954,1785517730236964400,37207,00006954.jpg
1785517730296594100,6955,1785517730266031000,37162,00006955.jpg
1785517730324438700,6956,1785517730293929600,36865,00006956.jpg
1785517730377964900,6957,1785517730329131000,37078,00006957.jpg
1785517730406088300,6958,1785517730374078700,37117,00006958.jpg
1785517730432916600,6959,1785517730402475400,37174,00006959.jpg
1785517730459343000,6960,1785517730429959200,37228,00006960.jpg
1785517730510142700,6961,1785517730464543400,37210,00006961.jpg
1785517730541361800,6962,1785517730508800500,37158,00006962.jpg
1785517730567649400,6963,1785517730537551600,37239,00006963.jpg
1785517730597014300,6964,1785517730565558300,37071,00006964.jpg
1785517730626132100,6965,1785517730594617700,36810,00006965.jpg
1785517730677785700,6966,1785517730630209000,35796,00006966.jpg
1785517730705638800,6967,1785517730675791700,35781,00006967.jpg
1785517730736025200,6968,1785517730703249300,35073,00006968.jpg
1785517730760726600,6969,1785517730732076300,34665,00006969.jpg
1785517730789347200,6970,1785517730759935800,34201,00006970.jpg
1785517730839024800,6971,1785517730793715500,33289,00006971.jpg
1785517730866333200,6972,1785517730837848300,33113,00006972.jpg
1785517730896178600,6973,1785517730865068300,33434,00006973.jpg
1785517730923993700,6974,1785517730892917700,33579,00006974.jpg
1785517730976147500,6975,1785517730927756900,34920,00006975.jpg
1785517731002179800,6976,1785517730971994300,34709,00006976.jpg
1785517731030908300,6977,1785517731001263100,35326,00006977.jpg
1785517731060748800,6978,1785517731029299800,35496,00006978.jpg
1785517731113222100,6979,1785517731065078400,35792,00006979.jpg
1785517731141024900,6980,1785517731110507100,35764,00006980.jpg
1785517731172013500,6981,1785517731139167400,35512,00006981.jpg
1785517731201322400,6982,1785517731169014600,35489,00006982.jpg
1785517731228553100,6983,1785517731199386900,35539,00006983.jpg
1785517731261110100,6984,1785517731227448800,36088,00006984.jpg
1785517731310020700,6985,1785517731263335700,36746,00006985.jpg
1785517731341360500,6986,1785517731309179100,36856,00006986.jpg
1785517731369056500,6987,1785517731338386300,35868,00006987.jpg
1785517731396968000,6988,1785517731365812000,35250,00006988.jpg
1785517731424965800,6989,1785517731395059900,34371,00006989.jpg
1785517731479039700,6990,1785517731430103000,32574,00006990.jpg
1785517731502114800,6991,1785517731474113200,32273,00006991.jpg
1785517731531797600,6992,1785517731501113800,31731,00006992.jpg
1785517731561046200,6993,1785517731530717800,31106,00006993.jpg
1785517731608431700,6994,1785517731564320300,31665,00006994.jpg
1785517731638946700,6995,1785517731606835600,31845,00006995.jpg
1785517731665041900,6996,1785517731635395800,32736,00006996.jpg
1785517731692889000,6997,1785517731664416500,33266,00006997.jpg
1785517731745098100,6998,1785517731696790000,33279,00006998.jpg
1785517731772990200,6999,1785517731741059600,33026,00006999.jpg
1785517731802890400,7000,1785517731771785600,32849,00007000.jpg
1785517731830505700,7001,1785517731800183800,32719,00007001.jpg
1785517731858800600,7002,1785517731827636700,32411,00007002.jpg
1785517731906143000,7003,1785517731861651400,32001,00007003.jpg
1785517731937633800,7004,1785517731906067300,32000,00007004.jpg
1785517731961917300,7005,1785517731932614400,31744,00007005.jpg
1785517731990028800,7006,1785517731960197600,31797,00007006.jpg
1785517732041349600,7007,1785517731993957100,31234,00007007.jpg
1785517732069510800,7008,1785517732039798100,31147,00007008.jpg
1785517732097588800,7009,1785517732067123400,30532,00007009.jpg
1785517732122994200,7010,1785517732094454600,30349,00007010.jpg
1785517732173586100,7011,1785517732128050200,30307,00007011.jpg
1785517732200444800,7012,1785517732171813400,30158,00007012.jpg
1785517732229099100,7013,1785517732199578100,30570,00007013.jpg
1785517732259023300,7014,1785517732228093000,30762,00007014.jpg
1785517732312713000,7015,1785517732262836300,32576,00007015.jpg
1785517732338453700,7016,1785517732308602200,32724,00007016.jpg
1785517732366402200,7017,1785517732336245000,34012,00007017.jpg
1785517732395019600,7018,1785517732364731100,34228,00007018.jpg
1785517732422699700,7019,1785517732393631400,33979,00007019.jpg
1785517732473241500,7020,1785517732427765400,34335,00007020.jpg
1785517732503751700,7021,1785517732472541600,34353,00007021.jpg
1785517732532117100,7022,1785517732501248600,34506,00007022.jpg
1785517732561528400,7023,1785517732530310700,35225,00007023.jpg
1785517732589967700,7024,1785517732559772000,35554,00007024.jpg
1785517732641567100,7025,1785517732594725900,35717,00007025.jpg
1785517732669444000,7026,1785517732639647800,35610,00007026.jpg
1785517732698995000,7027,1785517732667520100,34465,00007027.jpg
1785517732728303200,7028,1785517732696834200,34083,00007028.jpg
1785517732783368200,7029,1785517732732691900,36948,00007029.jpg
1785517732810986500,7030,1785517732779316700,37689,00007030.jpg
1785517732841720300,7031,1785517732809255000,39894,00007031.jpg
1785517732874486800,7032,1785517732839560000,40605,00007032.jpg
1785517732904227200,7033,1785517732869885000,41619,00007033.jpg
1785517732936873300,7034,1785517732900720700,42762,00007034.jpg
1785517732968456100,7035,1785517732932436600,43661,00007035.jpg
1785517732999674900,7036,1785517732966234800,44419,00007036.jpg
1785517733030731900,7037,1785517732996731200,45512,00007037.jpg
1785517733062347900,7038,1785517733029348800,45997,00007038.jpg
1785517733118800400,7039,1785517733066352600,47902,00007039.jpg
1785517733150331700,7040,1785517733115886300,47609,00007040.jpg
1785517733182092100,7041,1785517733147407700,46560,00007041.jpg
1785517733214993800,7042,1785517733179826000,45371,00007042.jpg
1785517733249494800,7043,1785517733213170300,44830,00007043.jpg
1785517733282084300,7044,1785517733245663600,44448,00007044.jpg
1785517733314301600,7045,1785517733278483600,43579,00007045.jpg
1785517733342511000,7046,1785517733309409000,42173,00007046.jpg
1785517733373612300,7047,1785517733340303600,40959,00007047.jpg
1785517733406775900,7048,1785517733371351900,40061,00007048.jpg
1785517733434055600,7049,1785517733401813100,39497,00007049.jpg
1785517733464492700,7050,1785517733430719200,39377,00007050.jpg
1785517733491379800,7051,1785517733459841900,40387,00007051.jpg
1785517733547361200,7052,1785517733496767200,42074,00007052.jpg
1785517733572376000,7053,1785517733543064700,42163,00007053.jpg
1785517733605234900,7054,1785517733570387300,41900,00007054.jpg
1785517733631460600,7055,1785517733599344500,41552,00007055.jpg
1785517733664112700,7056,1785517733628990700,41281,00007056.jpg
1785517733715826800,7057,1785517733665555100,42314,00007057.jpg
1785517733749632000,7058,1785517733714981700,42409,00007058.jpg
1785517733778295300,7059,1785517733747457800,43663,00007059.jpg
1785517733808746900,7060,1785517733775935900,44258,00007060.jpg
1785517733836612500,7061,1785517733805789200,44532,00007061.jpg
1785517733867299200,7062,1785517733834312100,44021,00007062.jpg
1785517733897124600,7063,1785517733864681500,43035,00007063.jpg
1785517733927534100,7064,1785517733894049300,41388,00007064.jpg
1785517733975184900,7065,1785517733929865500,39607,00007065.jpg
1785517734004088200,7066,1785517733973945600,39603,00007066.jpg
1785517734031382700,7067,1785517734000699600,38842,00007067.jpg
1785517734063872200,7068,1785517734029488000,38844,00007068.jpg
1785517734091966700,7069,1785517734060501200,38685,00007069.jpg
1785517734145001300,7070,1785517734095548900,38865,00007070.jpg
1785517734171558700,7071,1785517734141919100,38773,00007071.jpg
1785517734204355200,7072,1785517734170339800,39702,00007072.jpg
1785517734232773500,7073,1785517734199889200,39259,00007073.jpg
1785517734265739400,7074,1785517734230245100,37823,00007074.jpg
1785517734291906400,7075,1785517734260632900,36286,00007075.jpg
1785517734345797700,7076,1785517734297406600,36223,00007076.jpg
1785517734374136200,7077,1785517734342661700,36278,00007077.jpg
1785517734405088100,7078,1785517734371747500,36448,00007078.jpg
1785517734434150400,7079,1785517734401622000,36121,00007079.jpg
1785517734461582500,7080,1785517734431475800,35027,00007080.jpg
1785517734493903200,7081,1785517734460971200,32841,00007081.jpg
1785517734547849500,7082,1785517734497319100,33669,00007082.jpg
1785517734578249600,7083,1785517734547392400,34303,00007083.jpg
1785517734610840100,7084,1785517734580112900,37451,00007084.jpg
1785517734644568300,7085,1785517734609403600,37996,00007085.jpg
1785517734673734300,7086,1785517734641134200,38744,00007086.jpg
1785517734706177100,7087,1785517734672882300,40240,00007087.jpg
1785517734736592900,7088,1785517734702694300,41430,00007088.jpg
1785517734768185400,7089,1785517734734093800,42792,00007089.jpg
1785517734800282200,7090,1785517734766163200,42977,00007090.jpg
1785517734829490300,7091,1785517734796933700,42789,00007091.jpg
1785517734861033300,7092,1785517734827829400,42487,00007092.jpg
1785517734916367800,7093,1785517734865123700,41249,00007093.jpg
1785517734947014900,7094,1785517734914602400,40859,00007094.jpg
1785517734977103300,7095,1785517734944528400,39150,00007095.jpg
1785517735008417200,7096,1785517734975525100,38675,00007096.jpg
1785517735040117900,7097,1785517735006584500,38018,00007097.jpg
1785517735069045600,7098,1785517735037101100,37842,00007098.jpg
1785517735098628500,7099,1785517735067711700,36356,00007099.jpg
1785517735129048700,7100,1785517735097614900,35427,00007100.jpg
1785517735157888300,7101,1785517735127362700,34340,00007101.jpg
1785517735209879800,7102,1785517735162540000,33309,00007102.jpg
1785517735238771000,7103,1785517735208607000,33140,00007103.jpg
1785517735267943100,7104,1785517735237021400,33800,00007104.jpg
1785517735297706700,7105,1785517735267018400,33861,00007105.jpg
1785517735326759800,7106,1785517735295085300,33826,00007106.jpg
1785517735378299500,7107,1785517735330787400,33309,00007107.jpg
1785517735406854900,7108,1785517735376681700,33259,00007108.jpg
1785517735436893900,7109,1785517735404830200,32337,00007109.jpg
1785517735467151400,7110,1785517735433753100,32484,00007110.jpg
1785517735494632900,7111,1785517735462975000,32544,00007111.jpg
1785517735546378400,7112,1785517735498167400,32865,00007112.jpg
1785517735575045700,7113,1785517735544676400,33033,00007113.jpg
1785517735603358400,7114,1785517735573484200,33738,00007114.jpg
1785517735634304600,7115,1785517735602403400,33746,00007115.jpg
1785517735662468400,7116,1785517735632175900,33891,00007116.jpg
1785517735691408300,7117,1785517735660903000,33677,00007117.jpg
1785517735747326400,7118,1785517735696977300,34296,00007118.jpg
1785517735775168200,7119,1785517735744511300,34449,00007119.jpg
1785517735807547700,7120,1785517735774346800,35606,00007120.jpg
1785517735835082900,7121,1785517735805836300,35855,00007121.jpg
1785517735866055800,7122,1785517735833851600,36488,00007122.jpg
1785517735895077400,7123,1785517735862389600,36393,00007123.jpg
1785517735947845100,7124,1785517735898683300,36921,00007124.jpg
1785517735975903700,7125,1785517735945444800,36906,00007125.jpg
1785517736006617500,7126,1785517735974198600,37002,00007126.jpg
1785517736034821700,7127,1785517736003448100,36907,00007127.jpg
1785517736063747200,7128,1785517736033058800,37297,00007128.jpg
1785517736094330100,7129,1785517736062150000,37411,00007129.jpg
1785517736146643100,7130,1785517736097710300,37695,00007130.jpg
1785517736173755000,7131,1785517736143067400,37750,00007131.jpg
1785517736201919700,7132,1785517736171286800,37716,00007132.jpg
1785517736232128200,7133,1785517736200937600,37795,00007133.jpg
1785517736261530300,7134,1785517736230016600,38023,00007134.jpg
1785517736291972900,7135,1785517736260747800,38004,00007135.jpg
1785517736347432100,7136,1785517736297309800,38142,00007136.jpg
1785517736375680800,7137,1785517736344919800,38173,00007137.jpg
1785517736406803100,7138,1785517736374667800,38119,00007138.jpg
1785517736434073100,7139,1785517736403911600,38139,00007139.jpg
1785517736464158500,7140,1785517736433484400,38132,00007140.jpg
1785517736495462700,7141,1785517736463035100,38139,00007141.jpg
1785517736523966300,7142,1785517736493799000,38042,00007142.jpg
1785517736575571100,7143,1785517736529487900,38265,00007143.jpg
1785517736609153000,7144,1785517736574921800,38288,00007144.jpg
1785517736637437700,7145,1785517736606396700,38265,00007145.jpg
1785517736668094900,7146,1785517736635900400,38329,00007146.jpg
1785517736697771300,7147,1785517736666161300,38345,00007147.jpg
1785517736728505900,7148,1785517736696229600,38479,00007148.jpg
1785517736779964900,7149,1785517736731301200,38670,00007149.jpg
1785517736811036200,7150,1785517736778915500,38841,00007150.jpg
1785517736840761700,7151,1785517736809152900,38634,00007151.jpg
1785517736870058600,7152,1785517736838220500,38596,00007152.jpg
1785517736899872900,7153,1785517736868705100,38509,00007153.jpg
1785517736932663200,7154,1785517736898589200,38759,00007154.jpg
1785517736963689800,7155,1785517736929999400,38813,00007155.jpg
1785517736992101900,7156,1785517736960094900,38889,00007156.jpg
1785517737041918800,7157,1785517736996021500,39163,00007157.jpg
1785517737073020000,7158,1785517737041575400,39021,00007158.jpg
1785517737102373400,7159,1785517737070475500,38831,00007159.jpg
1785517737130471800,7160,1785517737099134300,39025,00007160.jpg
1785517737163251400,7161,1785517737129145700,38913,00007161.jpg
1785517737192581600,7162,1785517737160318300,39122,00007162.jpg
1785517737250335100,7163,1785517737198359000,39082,00007163.jpg
1785517737280286200,7164,1785517737246507500,39091,00007164.jpg
1785517737309049100,7165,1785517737277492700,39094,00007165.jpg
1785517737336943800,7166,1785517737306955100,39222,00007166.jpg
1785517737367075400,7167,1785517737335905700,39136,00007167.jpg
1785517737395214700,7168,1785517737364925400,39099,00007168.jpg
1785517737424713700,7169,1785517737393786500,38872,00007169.jpg
1785517737474792600,7170,1785517737427699500,38574,00007170.jpg
1785517737501522100,7171,1785517737473624400,38642,00007171.jpg
1785517737531315300,7172,1785517737500445200,38480,00007172.jpg
1785517737561930600,7173,1785517737528880900,38435,00007173.jpg
1785517737611051600,7174,1785517737565219600,38295,00007174.jpg
