t_wall_ns,time_usec,m0,m1,m2,m3
1785545321703221500,69100303,0.05000000074505806,0.05000000074505806,0.05000000074505806,0.05000000074505806
1785545321704220300,69116324,0.05000000074505806,0.05000000074505806,0.05000000074505806,0.05000000074505806
1785545321704220300,69130684,0.05000000074505806,0.05000000074505806,0.05000000074505806,0.05000000074505806
1785545321704220300,69130684,0.05000000074505806,0.05000000074505806,0.05000000074505806,0.05000000074505806
1785545321704220300,69147345,0.05000000074505806,0.05000000074505806,0.05000000074505806,0.05000000074505806
1785545321705220600,69147345,0.05000000074505806,0.05000000074505806,0.05000000074505806,0.05000000074505806
1785545321705220600,69166952,0.05000000074505806,0.05000000074505806,0.05000000074505806,0.05000000074505806
1785545321706219200,69183045,0.05000000074505806,0.05000000074505806,0.05000000074505806,0.05000000074505806
1785545321706219200,69183045,0.05000000074505806,0.05000000074505806,0.05000000074505806,0.05000000074505806
1785545321706219200,69197361,0.05000000074505806,0.05000000074505806,0.05000000074505806,0.05000000074505806
1785545321706219200,69214105,0.05000000074505806,0.05000000074505806,0.05000000074505806,0.05000000074505806
1785545321707219700,69214105,0.05000000074505806,0.05000000074505806,0.05000000074505806,0.05000000074505806
1785545321707219700,69233693,0.05000000074505806,0.05000000074505806,0.05000000074505806,0.05000000074505806
1785545321712848900,69233693,0.05000000074505806,0.05000000074505806,0.05000000074505806,0.05000000074505806
1785545321722553600,69250230,0.05000000074505806,0.05000000074505806,0.05000000074505806,0.05000000074505806
1785545321732401500,69264056,0.05000000074505806,0.05000000074505806,0.05000000074505806,0.05000000074505806
1785545321745152500,69280620,0.05000000074505806,0.05000000074505806,0.05000000074505806,0.05000000074505806
1785545321754878700,69280620,0.05000000074505806,0.05000000074505806,0.05000000074505806,0.05000000074505806
1785545321766024100,69301385,0.05000000074505806,0.05000000074505806,0.05000000074505806,0.05000000074505806
1785545321776244400,69301385,0.05000000074505806,0.05000000074505806,0.05000000074505806,0.05000000074505806
1785545321787067700,69317136,0.05000000074505806,0.05000000074505806,0.05000000074505806,0.05000000074505806
1785545321796649700,69330766,0.05000000074505806,0.05000000074505806,0.05000000074505806,0.05000000074505806
1785545321807987000,69330766,0.05000000074505806,0.05000000074505806,0.05000000074505806,0.05000000074505806
1785545321818672500,69347504,0.05000000074505806,0.05000000074505806,0.05000000074505806,0.05000000074505806
1785545321830216900,69367202,0.05000000074505806,0.05000000074505806,0.05000000074505806,0.05000000074505806
1785545321841157700,69367202,0.05000000074505806,0.05000000074505806,0.05000000074505806,0.05000000074505806
1785545321853027600,69383275,0.05000000074505806,0.05000000074505806,0.05000000074505806,0.05000000074505806
1785545321862343600,69397460,0.05000000074505806,0.05000000074505806,0.05000000074505806,0.05000000074505806
1785545321875828800,69397460,0.05000000074505806,0.05000000074505806,0.05000000074505806,0.05000000074505806
1785545321886042100,69413970,0.05000000074505806,0.05000000074505806,0.05000000074505806,0.05000000074505806
1785545321895552700,69433118,0.05000000074505806,0.05000000074505806,0.05000000074505806,0.05000000074505806
1785545321906386600,69433118,0.05000000074505806,0.05000000074505806,0.05000000074505806,0.05000000074505806
1785545321917611600,69449694,0.05000000074505806,0.05000000074505806,0.05000000074505806,0.05000000074505806
1785545321928942700,69463961,0.05000000074505806,0.05000000074505806,0.05000000074505806,0.05000000074505806
1785545321940154400,69463961,0.05000000074505806,0.05000000074505806,0.05000000074505806,0.05000000074505806
1785545321951535300,69480707,0.05000000074505806,0.05000000074505806,0.05000000074505806,0.05000000074505806
1785545321962979800,69480707,0.05000000074505806,0.05000000074505806,0.05000000074505806,0.05000000074505806
1785545321972490800,69500340,0.05000000074505806,0.05000000074505806,0.05000000074505806,0.05000000074505806
1785545321983862700,69516408,0.05000000074505806,0.05000000074505806,0.05000000074505806,0.05000000074505806
1785545321994686200,69530728,0.05000000074505806,0.05000000074505806,0.05000000074505806,0.05000000074505806
1785545322005681500,69530728,0.05000000074505806,0.05000000074505806,0.05000000074505806,0.05000000074505806
1785545322016650800,69547349,0.05000000074505806,0.05000000074505806,0.05000000074505806,0.05000000074505806
1785545322027851600,69547349,0.05000000074505806,0.05000000074505806,0.05000000074505806,0.05000000074505806
1785545322037945600,69566490,0.05000000074505806,0.05000000074505806,0.05000000074505806,0.05000000074505806
1785545322048970200,69583090,0.05000000074505806,0.05000000074505806,0.05000000074505806,0.05000000074505806
1785545322059818700,69597336,0.05000000074505806,0.05000000074505806,0.05000000074505806,0.05000000074505806
1785545322070722200,69597336,0.05000000074505806,0.05000000074505806,0.05000000074505806,0.05000000074505806
1785545322082417500,69614207,0.05000000074505806,0.05000000074505806,0.05000000074505806,0.05000000074505806
1785545322092014900,69614207,0.05000000074505806,0.05000000074505806,0.05000000074505806,0.05000000074505806
1785545322103122700,69633560,0.05000000074505806,0.05000000074505806,0.05000000074505806,0.05000000074505806
1785545322112471600,69649674,0.05000000074505806,0.05000000074505806,0.05000000074505806,0.05000000074505806
1785545322122204100,69649674,0.05000000074505806,0.05000000074505806,0.05000000074505806,0.05000000074505806
1785545322133076800,69663994,0.05000000074505806,0.05000000074505806,0.05000000074505806,0.05000000074505806
1785545322144358300,69680709,0.05000000074505806,0.05000000074505806,0.05000000074505806,0.05000000074505806
1785545322154703500,69680709,0.05000000074505806,0.05000000074505806,0.05000000074505806,0.05000000074505806
1785545322165977700,69700198,0.05000000074505806,0.05000000074505806,0.05000000074505806,0.05000000074505806
1785545322176252800,69700198,0.05000000074505806,0.05000000074505806,0.05000000074505806,0.05000000074505806
1785545322187804500,69716361,0.05000000074505806,0.05000000074505806,0.05000000074505806,0.05000000074505806
1785545322197870900,69730665,0.05000000074505806,0.05000000074505806,0.05000000074505806,0.05000000074505806
1785545322209088700,69747311,0.05000000074505806,0.05000000074505806,0.05000000074505806,0.05000000074505806
1785545322221446900,69747311,0.05000000074505806,0.05000000074505806,0.05000000074505806,0.05000000074505806
1785545322231026600,69766835,0.05000000074505806,0.05000000074505806,0.05000000074505806,0.05000000074505806
1785545322241199600,69766835,0.05000000074505806,0.05000000074505806,0.05000000074505806,0.05000000074505806
1785545322251519100,69783008,0.05000000074505806,0.05000000074505806,0.05000000074505806,0.05000000074505806
1785545322262509800,69797346,0.05000000074505806,0.05000000074505806,0.05000000074505806,0.05000000074505806
1785545322273698700,69797346,0.05000000074505806,0.05000000074505806,0.05000000074505806,0.05000000074505806
1785545322285026600,69814089,0.05000000074505806,0.05000000074505806,0.05000000074505806,0.05000000074505806
1785545322295988900,69833659,0.05000000074505806,0.05000000074505806,0.05000000074505806,0.05000000074505806
1785545322307199200,69833659,0.05000000074505806,0.05000000074505806,0.05000000074505806,0.05000000074505806
1785545322317861000,69850604,0.05000000074505806,0.05000000074505806,0.05000000074505806,0.05000000074505806
1785545322329135100,69863992,0.05000000074505806,0.05000000074505806,0.05000000074505806,0.05000000074505806
1785545322339445700,69863992,0.05000000074505806,0.05000000074505806,0.05000000074505806,0.05000000074505806
1785545322351941200,69880651,0.05000000074505806,0.05000000074505806,0.05000000074505806,0.05000000074505806
1785545322361917200,69880651,0.05000000074505806,0.05000000074505806,0.05000000074505806,0.05000000074505806
1785545322371530800,69900279,0.05000000074505806,0.05000000074505806,0.05000000074505806,0.05000000074505806
1785545322384187100,69916276,0.05000000074505806,0.05000000074505806,0.05000000074505806,0.05000000074505806
1785545322393904000,69930663,0.05000000074505806,0.05000000074505806,0.05000000074505806,0.05000000074505806
1785545322405544200,69930663,0.05000000074505806,0.05000000074505806,0.05000000074505806,0.05000000074505806
1785545322416456800,69947318,0.05000000074505806,0.05000000074505806,0.05000000074505806,0.05000000074505806
1785545322427643900,69947318,0.05000000074505806,0.05000000074505806,0.05000000074505806,0.05000000074505806
1785545322439225200,69966910,0.05000000074505806,0.05000000074505806,0.05000000074505806,0.05000000074505806
1785545322450582700,69983089,0.05000000074505806,0.05000000074505806,0.05000000074505806,0.05000000074505806
1785545322461417900,69997323,0.05000000074505806,0.05000000074505806,0.05000000074505806,0.05000000074505806
1785545322472438300,69997323,0.05000000074505806,0.05000000074505806,0.05000000074505806,0.05000000074505806
1785545322483700300,70013969,0.05000000074505806,0.05000000074505806,0.05000000074505806,0.05000000074505806
1785545322494898000,70013969,0.05000000074505806,0.05000000074505806,0.05000000074505806,0.05000000074505806
1785545322504545400,70033541,0.05000000074505806,0.05000000074505806,0.05000000074505806,0.05000000074505806
1785545322514865200,70049783,0.05000000074505806,0.05000000074505806,0.05000000074505806,0.05000000074505806
1785545322525936000,70063989,0.05000000074505806,0.05000000074505806,0.05000000074505806,0.05000000074505806
1785545322536657900,70063989,0.05000000074505806,0.05000000074505806,0.05000000074505806,0.05000000074505806
1785545322548046600,70080564,0.05000000074505806,0.05000000074505806,0.05000000074505806,0.05000000074505806
1785545322559406900,70080564,0.05000000074505806,0.05000000074505806,0.05000000074505806,0.05000000074505806
1785545322570420100,70100150,0.05000000074505806,0.05000000074505806,0.05000000074505806,0.05000000074505806
1785545322581286000,70116296,0.05000000074505806,0.05000000074505806,0.05000000074505806,0.05000000074505806
1785545322592415700,70130645,0.05000000074505806,0.05000000074505806,0.05000000074505806,0.05000000074505806
1785545322603816200,70130645,0.05000000074505806,0.05000000074505806,0.05000000074505806,0.05000000074505806
1785545322613243400,70147364,0.05000000074505806,0.05000000074505806,0.05000000074505806,0.05000000074505806
1785545322624433300,70147364,0.05000000074505806,0.05000000074505806,0.05000000074505806,0.05000000074505806
1785545322636149100,70166978,0.05000000074505806,0.05000000074505806,0.05000000074505806,0.05000000074505806
1785545322645774200,70183290,0.05000000074505806,0.05000000074505806,0.05000000074505806,0.05000000074505806
1785545322656119400,70183290,0.05000000074505806,0.05000000074505806,0.05000000074505806,0.05000000074505806
1785545322667478100,70197242,0.05000000074505806,0.05000000074505806,0.05000000074505806,0.05000000074505806
1785545322678891700,70213890,0.05000000074505806,0.05000000074505806,0.05000000074505806,0.05000000074505806
1785545322688436500,70213890,0.05000000074505806,0.05000000074505806,0.05000000074505806,0.05000000074505806
1785545322699841700,70233443,0.05000000074505806,0.05000000074505806,0.05000000074505806,0.05000000074505806
1785545322711030000,70233443,0.05000000074505806,0.05000000074505806,0.05000000074505806,0.05000000074505806
1785545322722645800,70249643,0.05000000074505806,0.05000000074505806,0.05000000074505806,0.05000000074505806
1785545322733569700,70263903,0.05000000074505806,0.05000000074505806,0.05000000074505806,0.05000000074505806
1785545322744543600,70280656,0.05000000074505806,0.05000000074505806,0.05000000074505806,0.05000000074505806
1785545322755832100,70280656,0.05000000074505806,0.05000000074505806,0.05000000074505806,0.05000000074505806
1785545322765355800,70300160,0.05000000074505806,0.05000000074505806,0.05000000074505806,0.05000000074505806
1785545322776451100,70300160,0.05000000074505806,0.05000000074505806,0.05000000074505806,0.05000000074505806
1785545322785912600,70316224,0.05000000074505806,0.05000000074505806,0.05000000074505806,0.05000000074505806
1785545322797486900,70330556,0.05000000074505806,0.05000000074505806,0.05000000074505806,0.05000000074505806
1785545322810436600,70330556,0.05000000074505806,0.05000000074505806,0.05000000074505806,0.05000000074505806
1785545322821343400,70347227,0.05000000074505806,0.05000000074505806,0.05000000074505806,0.05000000074505806
1785545322830715400,70366794,0.05000000074505806,0.05000000074505806,0.05000000074505806,0.05000000074505806
1785545322842104200,70366794,0.05000000074505806,0.05000000074505806,0.05000000074505806,0.05000000074505806
1785545322852878400,70382990,0.05000000074505806,0.05000000074505806,0.05000000074505806,0.05000000074505806
1785545322862390400,70397225,0.05000000074505806,0.05000000074505806,0.05000000074505806,0.05000000074505806
1785545322873166000,70397225,0.05000000074505806,0.05000000074505806,0.05000000074505806,0.05000000074505806
1785545322884311400,70413961,0.05000000074505806,0.05000000074505806,0.05000000074505806,0.05000000074505806
1785545322895931900,70413961,0.05000000074505806,0.05000000074505806,0.05000000074505806,0.05000000074505806
1785545322905056900,70433374,0.05000000074505806,0.05000000074505806,0.05000000074505806,0.05000000074505806
1785545322917744500,70449594,0.05000000074505806,0.05000000074505806,0.05000000074505806,0.05000000074505806
1785545322927488000,70463899,0.05000000074505806,0.05000000074505806,0.05000000074505806,0.05000000074505806
1785545322939044100,70463899,0.05000000074505806,0.05000000074505806,0.05000000074505806,0.05000000074505806
1785545322949936300,70480562,0.05000000074505806,0.05000000074505806,0.05000000074505806,0.05000000074505806
1785545322959514700,70480562,0.05000000074505806,0.05000000074505806,0.05000000074505806,0.05000000074505806
1785545322972237100,70500225,0.05000000074505806,0.05000000074505806,0.05000000074505806,0.05000000074505806
1785545322982039900,70516458,0.05000000074505806,0.05000000074505806,0.05000000074505806,0.05000000074505806
1785545322991709300,70516458,0.05000000074505806,0.05000000074505806,0.05000000074505806,0.05000000074505806
1785545323001548600,70530551,0.05000000074505806,0.05000000074505806,0.05000000074505806,0.05000000074505806
1785545323012727000,70547218,0.05000000074505806,0.05000000074505806,0.05000000074505806,0.05000000074505806
1785545323022895100,70547218,0.05000000074505806,0.05000000074505806,0.05000000074505806,0.05000000074505806
1785545323034002100,70566758,0.05000000074505806,0.05000000074505806,0.05000000074505806,0.05000000074505806
1785545323045487200,70582898,0.05000000074505806,0.05000000074505806,0.05000000074505806,0.05000000074505806
1785545323056871000,70582898,0.05000000074505806,0.05000000074505806,0.05000000074505806,0.05000000074505806
1785545323068091000,70597221,0.05000000074505806,0.05000000074505806,0.05000000074505806,0.05000000074505806
1785545323079350200,70613885,0.05000000074505806,0.05000000074505806,0.05000000074505806,0.05000000074505806
1785545323090563700,70613885,0.05000000074505806,0.05000000074505806,0.05000000074505806,0.05000000074505806
1785545323100053500,70635090,0.05000000074505806,0.05000000074505806,0.05000000074505806,0.05000000074505806
1785545323110036800,70635090,0.05000000074505806,0.05000000074505806,0.05000000074505806,0.05000000074505806
1785545323120772100,70649995,0.05000000074505806,0.05000000074505806,0.05000000074505806,0.05000000074505806
1785545323129899100,70664012,0.05000000074505806,0.05000000074505806,0.05000000074505806,0.05000000074505806
1785545323140843100,70664012,0.05000000074505806,0.05000000074505806,0.05000000074505806,0.05000000074505806
1785545323151975500,70680580,0.05000000074505806,0.05000000074505806,0.05000000074505806,0.05000000074505806
1785545323161540500,70680580,0.05000000074505806,0.05000000074505806,0.05000000074505806,0.05000000074505806
1785545323172797000,70700455,0.05000000074505806,0.05000000074505806,0.05000000074505806,0.05000000074505806
1785545323182122200,70716304,0.05000000074505806,0.05000000074505806,0.05000000074505806,0.05000000074505806
1785545323193441000,70730621,0.05000000074505806,0.05000000074505806,0.05000000074505806,0.05000000074505806
1785545323203109700,70730621,0.05000000074505806,0.05000000074505806,0.05000000074505806,0.05000000074505806
1785545323214138800,70747317,0.05000000074505806,0.05000000074505806,0.05000000074505806,0.05000000074505806
1785545323225576300,70747317,0.05000000074505806,0.05000000074505806,0.05000000074505806,0.05000000074505806
1785545323236323000,70766798,0.05000000074505806,0.05000000074505806,0.05000000074505806,0.05000000074505806
1785545323247392800,70782928,0.05000000074505806,0.05000000074505806,0.05000000074505806,0.05000000074505806
1785545323257450200,70782928,0.05000000074505806,0.05000000074505806,0.05000000074505806,0.05000000074505806
1785545323268758000,70797224,0.05000000074505806,0.05000000074505806,0.05000000074505806,0.05000000074505806
1785545323281566800,70813984,0.05000000074505806,0.05000000074505806,0.05000000074505806,0.05000000074505806
1785545323291140800,70813984,0.05000000074505806,0.05000000074505806,0.05000000074505806,0.05000000074505806
1785545323302355700,70833367,0.05000000074505806,0.05000000074505806,0.05000000074505806,0.05000000074505806
1785545323313575800,70850102,0.05000000074505806,0.05000000074505806,0.05000000074505806,0.05000000074505806
1785545323324758000,70850102,0.05000000074505806,0.05000000074505806,0.05000000074505806,0.05000000074505806
1785545323336280000,70863868,0.05000000074505806,0.05000000074505806,0.05000000074505806,0.05000000074505806
1785545323345958400,70880522,0.05000000074505806,0.05000000074505806,0.05000000074505806,0.05000000074505806
1785545323355298200,70880522,0.05000000074505806,0.05000000074505806,0.05000000074505806,0.05000000074505806
1785545323366518900,70900034,0.05000000074505806,0.05000000074505806,0.05000000074505806,0.05000000074505806
1785545323377677800,70916081,0.05000000074505806,0.05000000074505806,0.05000000074505806,0.05000000074505806
1785545323389137300,70916193,0.05000000074505806,0.05000000074505806,0.05000000074505806,0.05000000074505806
1785545323399220300,70930550,0.05000000074505806,0.05000000074505806,0.05000000074505806,0.05000000074505806
1785545323410534600,70947213,0.05000000074505806,0.05000000074505806,0.05000000074505806,0.05000000074505806
1785545323421507900,70947213,0.05000000074505806,0.05000000074505806,0.05000000074505806,0.05000000074505806
1785545323431038000,70966637,0.05000000074505806,0.05000000074505806,0.05000000074505806,0.05000000074505806
1785545323442668600,70966637,0.05000000074505806,0.05000000074505806,0.05000000074505806,0.05000000074505806
1785545323455145400,70983362,0.05000000074505806,0.05000000074505806,0.05000000074505806,0.05000000074505806
1785545323464594500,70997228,0.05000000074505806,0.05000000074505806,0.05000000074505806,0.05000000074505806
1785545323477353600,71013865,0.05000000074505806,0.05000000074505806,0.05000000074505806,0.05000000074505806
1785545323486807800,71013865,0.05000000074505806,0.05000000074505806,0.05000000074505806,0.05000000074505806
1785545323497843900,71033481,0.05000000074505806,0.05000000074505806,0.05000000074505806,0.05000000074505806
1785545323510553100,71033481,0.05000000074505806,0.05000000074505806,0.05000000074505806,0.05000000074505806
1785545323521773000,71049520,0.05000000074505806,0.05000000074505806,0.05000000074505806,0.05000000074505806
1785545323531304700,71063897,0.05000000074505806,0.05000000074505806,0.05000000074505806,0.05000000074505806
1785545323542317400,71080523,0.05000000074505806,0.05000000074505806,0.05000000074505806,0.05000000074505806
1785545323553255200,71080523,0.05000000074505806,0.05000000074505806,0.05000000074505806,0.05000000074505806
1785545323564448600,71100125,0.05000000074505806,0.05000000074505806,0.05000000074505806,0.05000000074505806
1785545323576030700,71100125,0.05000000074505806,0.05000000074505806,0.05000000074505806,0.05000000074505806
1785545323585306200,71116171,0.05000000074505806,0.05000000074505806,0.05000000074505806,0.05000000074505806
1785545323596153400,71130534,0.05000000074505806,0.05000000074505806,0.05000000074505806,0.05000000074505806
1785545323607449400,71130534,0.05000000074505806,0.05000000074505806,0.05000000074505806,0.05000000074505806
1785545323618007000,71147180,0.05000000074505806,0.05000000074505806,0.05000000074505806,0.05000000074505806
1785545323629168700,71166720,0.05000000074505806,0.05000000074505806,0.05000000074505806,0.05000000074505806
1785545323639290700,71166720,0.05000000074505806,0.05000000074505806,0.05000000074505806,0.05000000074505806
1785545323650192000,71182862,0.05000000074505806,0.05000000074505806,0.05000000074505806,0.05000000074505806
1785545323659986900,71197226,0.05000000074505806,0.05000000074505806,0.05000000074505806,0.05000000074505806
1785545323670925600,71197226,0.05000000074505806,0.05000000074505806,0.05000000074505806,0.05000000074505806
1785545323682060600,71213862,0.05000000074505806,0.05000000074505806,0.05000000074505806,0.05000000074505806
1785545323691719200,71213862,0.05000000074505806,0.05000000074505806,0.05000000074505806,0.05000000074505806
1785545323701589500,71233347,0.05000000074505806,0.05000000074505806,0.05000000074505806,0.05000000074505806
1785545323712712100,71249862,0.05000000074505806,0.05000000074505806,0.05000000074505806,0.05000000074505806
1785545323722381000,71249862,0.05000000074505806,0.05000000074505806,0.05000000074505806,0.05000000074505806
1785545323733574100,71263859,0.05000000074505806,0.05000000074505806,0.05000000074505806,0.05000000074505806
1785545323744542900,71280519,0.05000000074505806,0.05000000074505806,0.05000000074505806,0.05000000074505806
1785545323755310000,71280519,0.05000000074505806,0.05000000074505806,0.05000000074505806,0.05000000074505806
1785545323766462100,71300025,0.05000000074505806,0.05000000074505806,0.05000000074505806,0.05000000074505806
1785545323777641400,71300025,0.05000000074505806,0.05000000074505806,0.05000000074505806,0.05000000074505806
1785545323788972400,71316224,0.05000000074505806,0.05000000074505806,0.05000000074505806,0.05000000074505806
1785545323800757700,71330533,0.05000000074505806,0.05000000074505806,0.05000000074505806,0.05000000074505806
1785545323810295000,71347192,0.05000000074505806,0.05000000074505806,0.05000000074505806,0.05000000074505806
1785545323821310400,71347192,0.05000000074505806,0.05000000074505806,0.05000000074505806,0.05000000074505806
1785545323830883200,71366719,0.05000000074505806,0.05000000074505806,0.05000000074505806,0.05000000074505806
1785545323842501300,71366719,0.05000000074505806,0.05000000074505806,0.05000000074505806,0.05000000074505806
1785545323855117800,71382893,0.05000000074505806,0.05000000074505806,0.05000000074505806,0.05000000074505806
1785545323864430900,71397182,0.05000000074505806,0.05000000074505806,0.05000000074505806,0.05000000074505806
1785545323875222100,71397182,0.05000000074505806,0.05000000074505806,0.05000000074505806,0.05000000074505806
1785545323886423400,71413928,0.05000000074505806,0.05000000074505806,0.05000000074505806,0.05000000074505806
1785545323897955200,71433308,0.05000000074505806,0.05000000074505806,0.05000000074505806,0.05000000074505806
1785545323909362900,71433308,0.05000000074505806,0.05000000074505806,0.05000000074505806,0.05000000074505806
1785545323920728900,71449537,0.05000000074505806,0.05000000074505806,0.05000000074505806,0.05000000074505806
1785545323931898800,71463847,0.05000000074505806,0.05000000074505806,0.05000000074505806,0.05000000074505806
1785545323941407000,71463847,0.05000000074505806,0.05000000074505806,0.05000000074505806,0.05000000074505806
1785545323951705200,71480521,0.05000000074505806,0.05000000074505806,0.05000000074505806,0.05000000074505806
1785545323963092100,71500030,0.05000000074505806,0.05000000074505806,0.05000000074505806,0.05000000074505806
1785545323974053000,71500030,0.05000000074505806,0.05000000074505806,0.05000000074505806,0.05000000074505806
1785545323986496600,71516193,0.05000000074505806,0.05000000074505806,0.05000000074505806,0.05000000074505806
1785545323995928200,71530528,0.05000000074505806,0.05000000074505806,0.05000000074505806,0.05000000074505806
1785545324007187500,71530528,0.05000000074505806,0.05000000074505806,0.05000000074505806,0.05000000074505806
1785545324019601800,71547255,0.05000000074505806,0.05000000074505806,0.05000000074505806,0.05000000074505806
1785545324029029000,71566684,0.05000000074505806,0.05000000074505806,0.05000000074505806,0.05000000074505806
1785545324041342900,71566684,0.05000000074505806,0.05000000074505806,0.05000000074505806,0.05000000074505806
1785545324050774100,71583205,0.05000000074505806,0.05000000074505806,0.05000000074505806,0.05000000074505806
1785545324060762300,71597181,0.05000000074505806,0.05000000074505806,0.05000000074505806,0.05000000074505806
1785545324071456100,71597181,0.05000000074505806,0.05000000074505806,0.05000000074505806,0.05000000074505806
1785545324082748900,71613968,0.05000000074505806,0.05000000074505806,0.05000000074505806,0.05000000074505806
1785545324092280700,71613968,0.05000000074505806,0.05000000074505806,0.05000000074505806,0.05000000074505806
1785545324103567700,71633366,0.05000000074505806,0.05000000074505806,0.05000000074505806,0.05000000074505806
1785545324114492400,71649519,0.05000000074505806,0.05000000074505806,0.05000000074505806,0.05000000074505806
1785545324125754800,71649519,0.05000000074505806,0.05000000074505806,0.05000000074505806,0.05000000074505806
1785545324135216900,71663837,0.05000000074505806,0.05000000074505806,0.05000000074505806,0.05000000074505806
1785545324145531200,71680577,0.05000000074505806,0.05000000074505806,0.05000000074505806,0.05000000074505806
1785545324156207800,71680577,0.05000000074505806,0.05000000074505806,0.05000000074505806,0.05000000074505806
1785545324167257500,71699975,0.05000000074505806,0.05000000074505806,0.05000000074505806,0.05000000074505806
1785545324177956600,71716174,0.05000000074505806,0.05000000074505806,0.05000000074505806,0.05000000074505806
1785545324189040800,71716174,0.05000000074505806,0.05000000074505806,0.05000000074505806,0.05000000074505806
1785545324199161400,71730500,0.05000000074505806,0.05000000074505806,0.05000000074505806,0.05000000074505806
1785545324210535500,71747346,0.05000000074505806,0.05000000074505806,0.05000000074505806,0.05000000074505806
1785545324221547800,71747346,0.05000000074505806,0.05000000074505806,0.05000000074505806,0.05000000074505806
1785545324232667900,71766747,0.05000000074505806,0.05000000074505806,0.05000000074505806,0.05000000074505806
1785545324245699100,71766747,0.05000000074505806,0.05000000074505806,0.05000000074505806,0.05000000074505806
1785545324255248000,71782915,0.05000000074505806,0.05000000074505806,0.05000000074505806,0.05000000074505806
1785545324265212600,71797203,0.05000000074505806,0.05000000074505806,0.05000000074505806,0.05000000074505806
1785545324276361300,71813994,0.05000000074505806,0.05000000074505806,0.05000000074505806,0.05000000074505806
1785545324286839500,71813994,0.05000000074505806,0.05000000074505806,0.05000000074505806,0.05000000074505806
1785545324298043500,71833454,0.05000000074505806,0.05000000074505806,0.05000000074505806,0.05000000074505806
1785545324308933400,71833454,0.05000000074505806,0.05000000074505806,0.05000000074505806,0.05000000074505806
1785545324321570000,71849671,0.05000000074505806,0.05000000074505806,0.05000000074505806,0.05000000074505806
1785545324332703200,71863897,0.05000000074505806,0.05000000074505806,0.05000000074505806,0.05000000074505806
1785545324342505600,71880624,0.05000000074505806,0.05000000074505806,0.05000000074505806,0.05000000074505806
1785545324355155400,71880624,0.05000000074505806,0.05000000074505806,0.05000000074505806,0.05000000074505806
1785545324366607400,71900089,0.05000000074505806,0.05000000074505806,0.05000000074505806,0.05000000074505806
1785545324377784300,71900089,0.05000000074505806,0.05000000074505806,0.05000000074505806,0.05000000074505806
1785545324387526100,71916242,0.05000000074505806,0.05000000074505806,0.05000000074505806,0.05000000074505806
1785545324400340900,71930546,0.05000000074505806,0.05000000074505806,0.05000000074505806,0.05000000074505806
1785545324411279000,71947218,0.05000000074505806,0.05000000074505806,0.05000000074505806,0.05000000074505806
1785545324422769300,71947218,0.05000000074505806,0.05000000074505806,0.05000000074505806,0.05000000074505806
1785545324432447400,71966800,0.27906155586242676,0.2791362404823303,0.25819599628448486,0.25818103551864624
1785545324443918300,71966800,0.27906155586242676,0.2791362404823303,0.25819599628448486,0.25818103551864624
1785545324454946500,71982950,0.2802589237689972,0.28031429648399353,0.25647228956222534,0.25646960735321045
1785545324466037500,71997210,0.2761683762073517,0.276194304227829,0.25969743728637695,0.2597021162509918
1785545324477719700,72013864,0.2766827642917633,0.2766922414302826,0.2584892809391022,0.25851064920425415
1785545324489272400,72013864,0.2766827642917633,0.2766922414302826,0.2584892809391022,0.25851064920425415
1785545324500594100,72033484,0.2759704887866974,0.2759733498096466,0.2584531009197235,0.2584805190563202
1785545324511562000,72049456,0.2748687267303467,0.2748694121837616,0.2592442035675049,0.25926852226257324
1785545324522730500,72049544,0.27489981055259705,0.27490168809890747,0.25896143913269043,0.2589833438396454
1785545324534016800,72063895,0.2737352252006531,0.2737387716770172,0.2596532106399536,0.2596672475337982
1785545324545457400,72080570,0.2709178626537323,0.27091971039772034,0.2618141770362854,0.2618160545825958
1785545324556818700,72080570,0.2709178626537323,0.27091971039772034,0.2618141770362854,0.2618160545825958
1785545324566508300,72100261,0.2711803913116455,0.27118566632270813,0.2609803378582001,0.2609795928001404
1785545324577675200,72100261,0.2711803913116455,0.27118566632270813,0.2609803378582001,0.2609795928001404
1785545324588750200,72116378,0.2709699273109436,0.27097466588020325,0.260809987783432,0.26080843806266785
1785545324599760600,72130563,0.2714480757713318,0.27145230770111084,0.26011285185813904,0.2601129114627838
1785545324610725400,72147217,0.2704434394836426,0.2704441547393799,0.2608690857887268,0.2608686685562134
1785545324621233100,72147217,0.2704434394836426,0.2704441547393799,0.2608690857887268,0.2608686685562134
1785545324630945900,72166840,0.2689679265022278,0.26896530389785767,0.26206594705581665,0.2620646059513092
1785545324641143600,72166840,0.2689679265022278,0.26896530389785767,0.26206594705581665,0.2620646059513092
1785545324652213200,72182905,0.2693757116794586,0.2693721354007721,0.2615111768245697,0.2615094482898712
1785545324661903300,72197172,0.26821330189704895,0.26820915937423706,0.26251915097236633,0.26251649856567383
1785545324674405600,72197172,0.26821330189704895,0.26820915937423706,0.26251915097236633,0.26251649856567383
1785545324685031900,72213832,0.2683977782726288,0.26839345693588257,0.26221269369125366,0.26220905780792236
1785545324694401600,72213832,0.2683977782726288,0.26839345693588257,0.26221269369125366,0.26220905780792236
1785545324704079600,72233443,0.26825401186943054,0.26824966073036194,0.26224130392074585,0.26223674416542053
1785545324714897900,72249613,0.26790547370910645,0.2679004967212677,0.2625104486942291,0.262504905462265
1785545324725953800,72263852,0.2675384283065796,0.26753321290016174,0.2628159821033478,0.26281026005744934
1785545324736092600,72263852,0.2675384283065796,0.26753321290016174,0.2628159821033478,0.26281026005744934
1785545324747158000,72280591,0.2666865587234497,0.26668164134025574,0.2635910212993622,0.2635858654975891
1785545324758688000,72280591,0.2666865587234497,0.26668164134025574,0.2635910212993622,0.2635858654975891
1785545324770030800,72300088,0.26661446690559387,0.2666090428829193,0.2635970115661621,0.26359158754348755
1785545324781066700,72316208,0.2666179835796356,0.2666119933128357,0.2635508179664612,0.2635449767112732
1785545324792408000,72330514,0.26685088872909546,0.26684433221817017,0.26329344511032104,0.2632870376110077
1785545324803998300,72330514,0.26685088872909546,0.26684433221817017,0.26329344511032104,0.2632870376110077
1785545324816346200,72347175,0.26656991243362427,0.26656338572502136,0.2635475993156433,0.26354119181632996
1785545324825575600,72347175,0.26656991243362427,0.26656338572502136,0.2635475993156433,0.26354119181632996
1785545324838773300,72366683,0.2663317322731018,0.2663255035877228,0.2637615501880646,0.26375532150268555
1785545324849929400,72382885,0.2659095227718353,0.2659039795398712,0.2641635537147522,0.2641579508781433
1785545324859339900,72397190,0.26578789949417114,0.26578259468078613,0.26427096128463745,0.26426559686660767
1785545324870246900,72397190,0.26578789949417114,0.26578259468078613,0.26427096128463745,0.26426559686660767
1785545324881483500,72413852,0.2657570242881775,0.2657514810562134,0.2642890512943268,0.2642834782600403
1785545324891116200,72413852,0.2657570242881775,0.2657514810562134,0.2642890512943268,0.2642834782600403
1785545324904034800,72433383,0.2659651041030884,0.2659585773944855,0.2640727460384369,0.2640661895275116
1785545324914672100,72449593,0.2658572196960449,0.2658507525920868,0.2641744315624237,0.2641679346561432
1785545324923392800,72449593,0.2658572196960449,0.2658507525920868,0.2641744315624237,0.2641679346561432
1785545324934414100,72463891,0.265701025724411,0.26569515466690063,0.26432541012763977,0.2643195390701294
1785545324946969500,72480513,0.26539188623428345,0.2653874158859253,0.26462769508361816,0.26462322473526
1785545324956244500,72480513,0.26539188623428345,0.2653874158859253,0.26462769508361816,0.26462322473526
1785545324967090100,72500091,0.2654128670692444,0.26540809869766235,0.26460257172584534,0.2645978033542633
1785545324977853500,72516284,0.2653842866420746,0.26537948846817017,0.264629602432251,0.26462483406066895
1785545324990961300,72516398,0.26540854573249817,0.26540347933769226,0.2646043598651886,0.2645993232727051
1785545325001019600,72530511,0.26546770334243774,0.26546210050582886,0.26454415917396545,0.26453855633735657
1785545325010468000,72547155,0.2653038203716278,0.26529932022094727,0.2647051215171814,0.26470062136650085
1785545325021340500,72547155,0.2653038203716278,0.26529932022094727,0.2647051215171814,0.26470062136650085
1785545325030901800,72566755,0.26526597142219543,0.2652615010738373,0.264741450548172,0.264737069606781
1785545325041190600,72566755,0.26526597142219543,0.2652615010738373,0.264741450548172,0.264737069606781
1785545325052331500,72582888,0.2652336657047272,0.2652292847633362,0.26477283239364624,0.26476845145225525
1785545325063824300,72597194,0.26520222425460815,0.2651981711387634,0.26480334997177124,0.2647993266582489
1785545325074586700,72597194,0.26520222425460815,0.2651981711387634,0.26480334997177124,0.2647993266582489
1785545325087227400,72613847,0.265218049287796,0.26521360874176025,0.2647874653339386,0.26478299498558044
1785545325096836200,72633378,0.2651914954185486,0.26518714427948,0.2648136019706726,0.26480916142463684
1785545325108115700,72633378,0.2651914954185486,0.26518714427948,0.2648136019706726,0.26480916142463684
1785545325119305700,72649504,0.26515117287635803,0.26514700055122375,0.26485344767570496,0.2648492753505707
1785545325131504500,72663844,0.26512131094932556,0.2651175856590271,0.26488274335861206,0.2648789882659912
1785545325140962700,72663844,0.26512131094932556,0.2651175856590271,0.26488274335861206,0.2648789882659912
1785545325153366500,72680501,0.26505276560783386,0.2650499939918518,0.2649502456188202,0.26494747400283813
1785545325162788200,72700089,0.26506003737449646,0.2650570273399353,0.26494312286376953,0.2649401128292084
1785545325174038000,72700089,0.26506003737449646,0.2650570273399353,0.26494312286376953,0.2649401128292084
1785545325185820300,72716269,0.265055775642395,0.2650527060031891,0.26494741439819336,0.2649443745613098
1785545325195502100,72730494,0.26506516337394714,0.26506170630455017,0.2649383842945099,0.2649349570274353
1785545325206432600,72730494,0.26506516337394714,0.26506170630455017,0.2649383842945099,0.2649349570274353
1785545325217954000,72747134,0.2650432884693146,0.2650402784347534,0.26495981216430664,0.26495683193206787
1785545325230709600,72766705,0.26502731442451477,0.2650245130062103,0.2649756073951721,0.2649728059768677
1785545325240768800,72766705,0.26502731442451477,0.2650245130062103,0.2649756073951721,0.2649728059768677
1785545325250433900,72782853,0.26501405239105225,0.2650112509727478,0.26498886942863464,0.264986127614975
1785545325261473400,72797160,0.2649967074394226,0.26499471068382263,0.2650054395198822,0.2650034427642822
1785545325272526300,72797160,0.2649967074394226,0.26499471068382263,0.2650054395198822,0.2650034427642822
1785545325284272000,72813827,0.2649959325790405,0.2649937868118286,0.2650064527988434,0.2650042176246643
1785545325293882800,72813827,0.2649959325790405,0.2649937868118286,0.2650064527988434,0.2650042176246643
1785545325304077400,72833353,0.264995276927948,0.26499292254447937,0.26500728726387024,0.2650049030780792
1785545325315177300,72849564,0.2649877667427063,0.2649855315685272,0.2650146782398224,0.2650124430656433
1785545325324554500,72849564,0.2649877667427063,0.2649855315685272,0.2650146782398224,0.2650124430656433
1785545325336230400,72863829,0.2649810314178467,0.2649793326854706,0.26502087712287903,0.2650192379951477
1785545325345929500,72880464,0.2649763524532318,0.2649748921394348,0.2650253474712372,0.2650238871574402
1785545325356204100,72880464,0.2649763524532318,0.2649748921394348,0.2650253474712372,0.2650238871574402
1785545325369091700,72900092,0.26497599482536316,0.26497405767440796,0.2650262117385864,0.2650243043899536
1785545325378860900,72916247,0.2649729549884796,0.26497137546539307,0.2650288939476013,0.26502731442451477
1785545325390099500,72916247,0.2649729549884796,0.26497137546539307,0.2650288939476013,0.26502731442451477
1785545325401198200,72930486,0.2649705111980438,0.2649688422679901,0.2650314271450043,0.26502975821495056
1785545325410883500,72947149,0.26497045159339905,0.2649691700935364,0.265031099319458,0.26502978801727295
1785545325420976000,72947149,0.26497045159339905,0.2649691700935364,0.265031099319458,0.26502978801727295
1785545325432207100,72966724,0.264969140291214,0.26496797800064087,0.26503226161003113,0.265031099319458
1785545325442400400,72966724,0.264969140291214,0.26496797800064087,0.26503226161003113,0.265031099319458
1785545325453583500,72983191,0.2649669945240021,0.26496580243110657,0.2650344669818878,0.2650332748889923
1785545325463006000,72997137,0.2649679481983185,0.264966756105423,0.26503345370292664,0.26503226161003113
1785545325474188800,72997137,0.2649679481983185,0.264966756105423,0.26503345370292664,0.26503226161003113
1785545325484328500,73013884,0.26496466994285583,0.2649633586406708,0.26503682136535645,0.2650355398654938
1785545325495810900,73013884,0.26496466994285583,0.2649633586406708,0.26503682136535645,0.2650355398654938
1785545325505337700,73033348,0.2649633288383484,0.2649621069431305,0.2650381028652191,0.26503685116767883
1785545325516598800,73050026,0.2649635672569275,0.26496249437332153,0.2650377154350281,0.26503661274909973
1785545325527737400,73063819,0.26496461033821106,0.26496365666389465,0.26503655314445496,0.26503556966781616
1785545325537944000,73063819,0.26496461033821106,0.26496365666389465,0.26503655314445496,0.26503556966781616
1785545325549232300,73080461,0.2649712860584259,0.2649705410003662,0.2650296092033386,0.2650289237499237
1785545325560713200,73080461,0.2649712860584259,0.2649705410003662,0.2650296092033386,0.2650289237499237
1785545325571644600,73099981,0.2649696469306946,0.2649689018726349,0.26503124833106995,0.26503056287765503
1785545325582578200,73116187,0.26496821641921997,0.26496750116348267,0.26503264904022217,0.26503196358680725
1785545325593799200,73130463,0.26496484875679016,0.2649640142917633,0.2650361657142639,0.26503533124923706
1785545325605069500,73130463,0.26496484875679016,0.2649640142917633,0.2650361657142639,0.26503533124923706
1785545325616196100,73147098,0.2649667263031006,0.26496604084968567,0.26503410935401917,0.26503342390060425
1785545325627532700,73147098,0.2649667263031006,0.26496604084968567,0.26503410935401917,0.26503342390060425
1785545325639132600,73166632,0.2649689018726349,0.2649681568145752,0.26503199338912964,0.26503121852874756
1785545325651552700,73182842,0.2649693787097931,0.26496878266334534,0.2650313377380371,0.26503074169158936
1785545325662633500,73197142,0.264975905418396,0.2649753987789154,0.26502469182014465,0.26502421498298645
1785545325672118000,73197142,0.264975905418396,0.2649753987789154,0.26502469182014465,0.26502421498298645
1785545325681507000,73213787,0.2649760842323303,0.2649756371974945,0.26502445340156555,0.26502400636672974
1785545325692638900,73213787,0.2649760842323303,0.2649756371974945,0.26502445340156555,0.26502400636672974
1785545325704118600,73233374,0.2649717330932617,0.2649712860584259,0.26502880454063416,0.26502835750579834
1785545325715256100,73249420,0.26497185230255127,0.2649713456630707,0.26502877473831177,0.2650282382965088
1785545325724535800,73249420,0.26497185230255127,0.2649713456630707,0.26502877473831177,0.2650282382965088
1785545325736025700,73263788,0.2649742066860199,0.26497381925582886,0.2650263011455536,0.26502591371536255
1785545325745855800,73280545,0.2649807035923004,0.2649804651737213,0.26501965522766113,0.26501941680908203
1785545325757442200,73280545,0.2649807035923004,0.2649804651737213,0.26501965522766113,0.26501941680908203
1785545325768693900,73300097,0.2649805545806885,0.2649801969528198,0.26501986384391785,0.26501956582069397
1785545325777869300,73316183,0.26497966051101685,0.2649792432785034,0.26502081751823425,0.2650204300880432
1785545325790837600,73316183,0.26497966051101685,0.2649792432785034,0.26502081751823425,0.2650204300880432
1785545325800902700,73330492,0.26497700810432434,0.2649765908718109,0.26502346992492676,0.26502305269241333
1785545325810599400,73347221,0.26497882604599,0.2649785876274109,0.2650214731693268,0.2650212347507477
1785545325821405800,73347221,0.26497882604599,0.2649785876274109,0.2650214731693268,0.2650212347507477
1785545325832500200,73366686,0.264980673789978,0.2649804353713989,0.26501962542533875,0.26501932740211487
1785545325843667400,73366686,0.264980673789978,0.2649804353713989,0.26501962542533875,0.26501932740211487
1785545325854507200,73382816,0.2649845480918884,0.2649843990802765,0.2650156617164612,0.26501548290252686
1785545325865871800,73397142,0.2649858593940735,0.26498568058013916,0.2650143504142761,0.2650141716003418
1785545325875806200,73397142,0.2649858593940735,0.26498568058013916,0.2650143504142761,0.2650141716003418
1785545325885250200,73413794,0.2649831175804138,0.2649828791618347,0.26501715183258057,0.26501691341400146
1785545325896486400,73433336,0.26498448848724365,0.26498425006866455,0.26501578092575073,0.26501554250717163
1785545325909368000,73433336,0.26498448848724365,0.26498425006866455,0.26501578092575073,0.26501554250717163
1785545325919029700,73449432,0.2649844288825989,0.2649841904640198,0.2650158405303955,0.2650156021118164
1785545325931651000,73463811,0.26498809456825256,0.2649880349636078,0.2650119960308075,0.26501190662384033
1785545325941466200,73463811,0.26498809456825256,0.2649880349636078,0.2650119960308075,0.26501190662384033
1785545325952428300,73480539,0.26498913764953613,0.26498904824256897,0.2650109529495239,0.26501089334487915
1785545325962437600,73500045,0.2649884521961212,0.2649882733821869,0.265011727809906,0.26501157879829407
1785545325974670400,73500045,0.2649884521961212,0.2649882733821869,0.265011727809906,0.26501157879829407
1785545325985313100,73516169,0.264988511800766,0.2649883031845093,0.2650116980075836,0.2650115191936493
1785545325994974700,73530481,0.2649874985218048,0.2649872601032257,0.2650127112865448,0.2650125324726105
1785545326004290200,73530481,0.2649874985218048,0.2649872601032257,0.2650127112865448,0.2650125324726105
1785545326015795700,73547200,0.2649887800216675,0.26498860120773315,0.26501142978668213,0.2650112509727478
1785545326026672200,73547200,0.2649887800216675,0.26498860120773315,0.26501142978668213,0.2650112509727478
1785545326037743800,73566692,0.2649897634983063,0.26498979330062866,0.2650102376937866,0.2650102376937866
1785545326048760800,73583145,0.2649920582771301,0.2649920582771301,0.26500797271728516,0.26500794291496277
1785545326058688800,73597120,0.26499274373054504,0.2649926543235779,0.265007346868515,0.26500728726387024
1785545326071369400,73597120,0.26499274373054504,0.2649926543235779,0.265007346868515,0.26500728726387024
1785545326082333500,73613772,0.2649913430213928,0.26499122381210327,0.265008807182312,0.26500868797302246
1785545326091522900,73613772,0.2649913430213928,0.26499122381210327,0.265008807182312,0.26500868797302246
1785545326101166900,73633341,0.26499149203300476,0.2649913728237152,0.2650086581707001,0.26500850915908813
1785545326112274100,73649442,0.2649920880794525,0.26499196887016296,0.26500803232192993,0.2650079131126404
1785545326123274200,73649442,0.2649920880794525,0.26499196887016296,0.26500803232192993,0.2650079131126404
1785545326134296700,73663838,0.264992892742157,0.2649928033351898,0.2650071978569031,0.2650071382522583
1785545326146777800,73680459,0.2649938464164734,0.2649937868118286,0.26500624418258667,0.2650061845779419
1785545326156145300,73680459,0.2649938464164734,0.2649937868118286,0.26500624418258667,0.2650061845779419
1785545326169027500,73699961,0.2649950087070465,0.26499488949775696,0.2650051414966583,0.26500505208969116
1785545326179007900,73716094,0.26499509811401367,0.2649950087070465,0.2650050222873688,0.265004962682724
1785545326190203900,73716094,0.26499509811401367,0.2649950087070465,0.2650050222873688,0.265004962682724
1785545326199622700,73730447,0.26499420404434204,0.2649940848350525,0.2650059461593628,0.26500585675239563
1785545326210631100,73747176,0.2649945318698883,0.2649945914745331,0.2650054395198822,0.26500552892684937
1785545326221180500,73747176,0.2649945318698883,0.2649945914745331,0.2650054395198822,0.26500552892684937
1785545326233939000,73766623,0.26499587297439575,0.2649959325790405,0.26500409841537476,0.2650041878223419
1785545326243882400,73766623,0.26499587297439575,0.2649959325790405,0.26500409841537476,0.2650041878223419
1785545326254236300,73782831,0.26499539613723755,0.26499539613723755,0.26500463485717773,0.2650046646595001
1785545326265698200,73797115,0.2649964392185211,0.26499640941619873,0.26500362157821655,0.2650035619735718
1785545326276787800,73813780,0.26499661803245544,0.26499658823013306,0.26500341296195984,0.26500335335731506
1785545326287598700,73813780,0.26499661803245544,0.26499658823013306,0.26500341296195984,0.26500335335731506
1785545326298814000,73833335,0.2649960517883301,0.2649960517883301,0.2650039494037628,0.26500391960144043
1785545326309898200,73833335,0.2649960517883301,0.2649960517883301,0.2650039494037628,0.26500391960144043
1785545326320952700,73849838,0.2649962604045868,0.2649962306022644,0.2650037109851837,0.2650037407875061
1785545326332169200,73863777,0.2649966776371002,0.26499664783477783,0.2650032937526703,0.2650033235549927
1785545326342549700,73880435,0.26499778032302856,0.2649977207183838,0.26500222086906433,0.26500222086906433
1785545326353854100,73880435,0.26499778032302856,0.2649977207183838,0.26500222086906433,0.26500222086906433
1785545326365520400,73900004,0.2649976313114166,0.26499760150909424,0.26500236988067627,0.26500236988067627
1785545326376512300,73900004,0.2649976313114166,0.26499760150909424,0.26500236988067627,0.26500236988067627
1785545326388976600,73916057,0.26499757170677185,0.26499760150909424,0.26500239968299866,0.26500239968299866
1785545326397735600,73930429,0.2649972438812256,0.264997273683548,0.2650027275085449,0.26500269770622253
1785545326410428500,73947174,0.26499757170677185,0.26499757170677185,0.26500239968299866,0.26500239968299866
1785545326419919500,73947174,0.26499757170677185,0.26499757170677185,0.26500239968299866,0.26500239968299866
1785545326430744600,73966589,0.264998197555542,0.2649981677532196,0.2650017738342285,0.2650017738342285
1785545326440827000,73966589,0.264998197555542,0.2649981677532196,0.2650017738342285,0.2650017738342285
1785545326451964400,73983666,0.26499828696250916,0.26499825716018677,0.26500168442726135,0.26500168442726135
1785545326461450500,73997091,0.2649984359741211,0.2649984061717987,0.2650015354156494,0.2650015354156494
1785545326472699300,73997091,0.2649984359741211,0.2649984061717987,0.2650015354156494,0.2650015354156494
1785545326484295900,74013748,0.264998197555542,0.2649981677532196,0.2650017738342285,0.2650017738342285
1785545326495222100,74033431,0.26499828696250916,0.26499828696250916,0.26500168442726135,0.26500168442726135
1785545326507832900,74033431,0.26499828696250916,0.26499828696250916,0.26500168442726135,0.26500168442726135
1785545326517485800,74049461,0.23805131018161774,0.23805131018161774,0.29194867610931396,0.29194867610931396
1785545326530347100,74063776,0.2179412841796875,0.2179412990808487,0.312058687210083,0.312058687210083
1785545326539746200,74063776,0.2179412841796875,0.2179412990808487,0.312058687210083,0.312058687210083
1785545326550922700,74080427,0.20582710206508636,0.20582710206508636,0.324175626039505,0.324175626039505
1785545326562371400,74100203,0.2053222358226776,0.2053222358226776,0.3247126340866089,0.3247126340866089
1785545326573839400,74100203,0.2053222358226776,0.2053222358226776,0.3247126340866089,0.3247126340866089
1785545326585231600,74116195,0.2199288010597229,0.2199288010597229,0.3102673292160034,0.3102673292160034
1785545326596311600,74130452,0.22583511471748352,0.22583511471748352,0.30445510149002075,0.30445510149002075
1785545326607360000,74130452,0.22583511471748352,0.22583511471748352,0.30445510149002075,0.30445510149002075
1785545326617916100,74147181,0.23288381099700928,0.23288381099700928,0.2979668974876404,0.2979668974876404
1785545326629175600,74166650,0.2415415644645691,0.2415415644645691,0.291457861661911,0.291457861661911
1785545326639234700,74166650,0.2415415644645691,0.2415415644645691,0.291457861661911,0.291457861661911
1785545326650294100,74182799,0.23544085025787354,0.23544085025787354,0.2987009286880493,0.2987009286880493
1785545326661465200,74197112,0.24532172083854675,0.24532172083854675,0.2917381525039673,0.2917381227016449
1785545326671033100,74197112,0.24532172083854675,0.24532172083854675,0.2917381525039673,0.2917381227016449
1785545326682122200,74213762,0.24333694577217102,0.24333694577217102,0.29602324962615967,0.29602324962615967
1785545326691564100,74213762,0.24333694577217102,0.24333694577217102,0.29602324962615967,0.29602324962615967
1785545326703083500,74233277,0.2460308074951172,0.246030792593956,0.2963973879814148,0.2963974177837372
1785545326714278600,74249372,0.2495999038219452,0.249599888920784,0.2956027090549469,0.2956027090549469
1785545326724009300,74249372,0.2495999038219452,0.249599888920784,0.2956027090549469,0.2956027090549469
1785545326735988500,74263780,0.2536366283893585,0.2536366283893585,0.2944432199001312,0.2944432199001312
1785545326745462700,74280419,0.26327866315841675,0.26327866315841675,0.2903508245944977,0.2903508245944977
1785545326755071000,74280419,0.26327866315841675,0.26327866315841675,0.2903508245944977,0.2903508245944977
1785545326768081600,74300010,0.26402992010116577,0.2640298902988434,0.29506412148475647,0.29506415128707886
1785545326777774100,74316141,0.26627400517463684,0.26627394556999207,0.2971545159816742,0.2971545159816742
1785545326788850600,74316141,0.26627400517463684,0.26627394556999207,0.2971545159816742,0.2971545159816742
1785545326800418000,74330429,0.2658131718635559,0.2658131718635559,0.3001136779785156,0.3001136779785156
1785545326811376500,74347178,0.27017825841903687,0.27017828822135925,0.29925644397735596,0.29925641417503357
1785545326821073000,74347178,0.27017825841903687,0.27017828822135925,0.29925644397735596,0.29925641417503357
1785545326832230100,74366663,0.27411434054374695,0.27411434054374695,0.299416184425354,0.299416184425354
1785545326842376200,74366663,0.27411434054374695,0.27411434054374695,0.299416184425354,0.299416184425354
1785545326855219200,74383170,0.2767132818698883,0.2767132818698883,0.30023545026779175,0.30023545026779175
1785545326866196700,74397074,0.2828276753425598,0.2828276753425598,0.29861122369766235,0.29861122369766235
1785545326876030200,74397074,0.2828276753425598,0.2828276753425598,0.29861122369766235,0.29861122369766235
1785545326885752100,74413735,0.28277572989463806,0.28277572989463806,0.3023292124271393,0.3023292124271393
1785545326897407000,74433380,0.2849178612232208,0.2849178612232208,0.3042609393596649,0.3042609393596649
1785545326907859300,74433380,0.2849178612232208,0.2849178612232208,0.3042609393596649,0.3042609393596649
1785545326918345500,74449387,0.3111463189125061,0.3111463189125061,0.28120672702789307,0.28120672702789307
1785545326929523600,74463739,0.33588460087776184,0.33588460087776184,0.25933486223220825,0.25933486223220825
1785545326939773200,74463739,0.33588460087776184,0.33588460087776184,0.25933486223220825,0.25933486223220825
1785545326950567800,74480481,0.3494415879249573,0.3494415879249573,0.24976229667663574,0.24976229667663574
1785545326960238800,74480481,0.3494415879249573,0.3494415879249573,0.24976229667663574,0.24976229667663574
1785545326971079400,74499930,0.35193341970443726,0.35193341970443726,0.24957850575447083,0.24957850575447083
1785545326982048000,74516072,0.3352213501930237,0.3352213501930237,0.2655795216560364,0.2655795216560364
1785545326993265100,74530425,0.328890323638916,0.328890323638916,0.2714987099170685,0.2714987099170685
1785545327004153100,74530425,0.328890323638916,0.328890323638916,0.2714987099170685,0.2714987099170685
1785545327015212500,74547150,0.3223913609981537,0.3223913609981537,0.27411985397338867,0.27411985397338867
1785545327024534000,74547150,0.3223913609981537,0.3223913609981537,0.27411985397338867,0.27411985397338867
1785545327035957000,74566653,0.3129645884037018,0.3129645884037018,0.2745397090911865,0.2745397090911865
1785545327045506600,74582756,0.31048583984375,0.31048583984375,0.2699015736579895,0.2699015736579895
1785545327055162200,74582756,0.31048583984375,0.31048583984375,0.2699015736579895,0.2699015736579895
1785545327066262900,74597068,0.30704382061958313,0.30704382061958313,0.26732540130615234,0.26732540130615234
1785545327077715400,74613809,0.3082066774368286,0.3082066774368286,0.2615717351436615,0.2615717351436615
1785545327087142400,74613809,0.3082066774368286,0.3082066774368286,0.2615717351436615,0.2615717351436615
1785545327098394400,74633297,0.3036777675151825,0.3036777675151825,0.2610616683959961,0.2610616683959961
1785545327109599200,74633297,0.3036777675151825,0.3036777675151825,0.2610616683959961,0.2610616683959961
1785545327120881100,74649433,0.29957592487335205,0.29957592487335205,0.26138564944267273,0.26138564944267273
1785545327132088300,74663719,0.2958989441394806,0.2958989441394806,0.26184114813804626,0.26184114813804626
1785545327142255300,74663719,0.2958989441394806,0.2958989441394806,0.26184114813804626,0.26184114813804626
1785545327151672600,74680470,0.2885383069515228,0.2885383069515228,0.2646562159061432,0.2646562159061432
1785545327162246400,74699920,0.28751420974731445,0.28751420974731445,0.26154449582099915,0.26154449582099915
1785545327173250600,74699920,0.28751420974731445,0.28751420974731445,0.26154449582099915,0.26154449582099915
1785545327184040700,74716082,0.2863962650299072,0.2863962650299072,0.2598089873790741,0.2598089873790741
1785545327195206600,74730407,0.2874126732349396,0.2874126732349396,0.2571454346179962,0.2571454346179962
1785545327204557800,74730407,0.2874126732349396,0.2874126732349396,0.2571454346179962,0.2571454346179962
1785545327216147700,74747135,0.28445205092430115,0.28445205092430115,0.25824135541915894,0.25824135541915894
1785545327225407100,74747135,0.28445205092430115,0.28445205092430115,0.25824135541915894,0.25824135541915894
1785545327236379400,74766673,0.2819405198097229,0.2819405198097229,0.25887587666511536,0.25887587666511536
1785545327247557800,74782745,0.2804822027683258,0.2804822027683258,0.25899559259414673,0.25899559259414673
1785545327257403200,74782745,0.2804822027683258,0.2804822027683258,0.25899559259414673,0.25899559259414673
1785545327268138500,74797073,0.2763895094394684,0.2763895094394684,0.26165077090263367,0.26165077090263367
1785545327279160300,74813824,0.27765679359436035,0.27765679359436035,0.25928717851638794,0.25928717851638794
1785545327289846500,74813824,0.27765679359436035,0.27765679359436035,0.25928717851638794,0.25928717851638794
1785545327300910500,74833263,0.27701473236083984,0.27701473236083984,0.2588249742984772,0.2588249742984772
1785545327312071800,74849471,0.27590978145599365,0.27590978145599365,0.2591494619846344,0.2591494619846344
1785545327321998800,74849471,0.27590978145599365,0.27590978145599365,0.2591494619846344,0.2591494619846344
1785545327334417900,74863734,0.2746453583240509,0.2746453583240509,0.2597990930080414,0.2597990930080414
1785545327344108600,74880462,0.27195435762405396,0.27195435762405396,0.26169201731681824,0.26169201731681824
1785545327354904700,74880462,0.27195435762405396,0.27195435762405396,0.26169201731681824,0.26169201731681824
1785545327368028800,74899955,0.27176594734191895,0.27176594734191895,0.2611677646636963,0.2611677646636963
1785545327377599000,74899955,0.27176594734191895,0.27176594734191895,0.2611677646636963,0.2611677646636963
1785545327390329500,74916492,0.2716238796710968,0.2716238796710968,0.2608196437358856,0.2608196437358856
1785545327401315800,74930615,0.2722310721874237,0.2722310721874237,0.25994497537612915,0.25994497537612915
1785545327411005800,74947102,0.2712288200855255,0.2712288200855255,0.2606315612792969,0.2606315612792969
1785545327421926100,74947102,0.2712288200855255,0.2712288200855255,0.2606315612792969,0.2606315612792969
1785545327433116900,74967349,0.2704411745071411,0.2704411745071411,0.2611103951931,0.2611103951931
1785545327444112700,74967349,0.2704411745071411,0.2704411745071411,0.2611103951931,0.2611103951931
1785545327454902700,74983013,0.26908761262893677,0.2690875828266144,0.2622096836566925,0.2622096836566925
1785545327466229900,74997267,0.26856499910354614,0.26856499910354614,0.2625291645526886,0.2625291645526886
1785545327477638400,75013743,0.26917949318885803,0.2691795229911804,0.2617557644844055,0.2617557644844055
1785545327489007800,75013743,0.26917949318885803,0.2691795229911804,0.2617557644844055,0.2617557644844055
1785545327499921800,75033377,0.2690158784389496,0.2690158784389496,0.2617648243904114,0.2617648243904114
1785545327512391500,75033377,0.2690158784389496,0.2690158784389496,0.2617648243904114,0.2617648243904114
1785545327522145700,75049514,0.26857811212539673,0.26857808232307434,0.26209473609924316,0.26209473609924316
1785545327531756000,75063760,0.26749035716056824,0.26749032735824585,0.2630733847618103,0.2630733847618103
1785545327543329900,75080395,0.2671343684196472,0.2671343684196472,0.26332300901412964,0.26332300901412964
1785545327554221600,75080395,0.2671343684196472,0.2671343684196472,0.26332300901412964,0.26332300901412964
1785545327565776300,75100122,0.26738205552101135,0.26738205552101135,0.26298388838768005,0.26298388838768005
1785545327576317800,75100122,0.26738205552101135,0.26738205552101135,0.26298388838768005,0.26298388838768005
1785545327587546400,75116071,0.2681187093257904,0.2681187391281128,0.26386281847953796,0.2638627886772156
1785545327599124500,75130390,0.26874780654907227,0.26874783635139465,0.2641739845275879,0.2641739249229431
1785545327610421500,75147124,0.2700946629047394,0.2700946629047394,0.26683858036994934,0.26683855056762695
1785545327621237100,75147124,0.2700946629047394,0.2700946629047394,0.26683858036994934,0.26683855056762695
1785545327630799100,75166593,0.2742511034011841,0.2742511034011841,0.27141866087913513,0.2714186906814575
1785545327640897300,75166593,0.2742511034011841,0.2742511034011841,0.27141866087913513,0.2714186906814575
1785545327652104200,75182706,0.2798575162887573,0.27985748648643494,0.277184396982193,0.2771844267845154
1785545327661885900,75197072,0.28618142008781433,0.28618139028549194,0.28375789523124695,0.28375789523124695
1785545327673098700,75197072,0.28618142008781433,0.28618139028549194,0.28375789523124695,0.28375789523124695
1785545327684352900,75213795,0.2912253439426422,0.2912253737449646,0.2885396182537079,0.2885395884513855
1785545327695141400,75233246,0.29869362711906433,0.29869362711906433,0.29632803797721863,0.29632803797721863
1785545327706102700,75233246,0.29869362711906433,0.29869362711906433,0.29632803797721863,0.29632803797721863
1785545327718470600,75249444,0.30611199140548706,0.3061119616031647,0.30409231781959534,0.30409231781959534
1785545327727919000,75263729,0.31324636936187744,0.31324633955955505,0.31196722388267517,0.31196722388267517
1785545327738985300,75263729,0.31324636936187744,0.31324633955955505,0.31196722388267517,0.31196722388267517
1785545327750402000,75280479,0.3217845857143402,0.3217845559120178,0.3206852078437805,0.3206852078437805
1785545327760846500,75280479,0.3217845857143402,0.3217845559120178,0.3206852078437805,0.3206852078437805
1785545327772051600,75299894,0.3301047682762146,0.3301047682762146,0.32879093289375305,0.32879093289375305
1785545327782451700,75316070,0.3354226052761078,0.3354226350784302,0.3342049717903137,0.3342050313949585
1785545327793805900,75330394,0.3385562300682068,0.3385562300682068,0.33726075291633606,0.33726075291633606
1785545327804330500,75330394,0.3385562300682068,0.3385562300682068,0.33726075291633606,0.33726075291633606
1785545327815927500,75347115,0.3409562110900879,0.3409562110900879,0.33990344405174255,0.33990344405174255
1785545327825257600,75347115,0.3409562110900879,0.3409562110900879,0.33990344405174255,0.33990344405174255
1785545327836789200,75366612,0.3107311725616455,0.3107311725616455,0.31002748012542725,0.31002748012542725
1785545327847619500,75382726,0.2949157655239105,0.2949157655239105,0.29398515820503235,0.29398512840270996
1785545327857773700,75382726,0.2949157655239105,0.2949157655239105,0.29398515820503235,0.29398512840270996
1785545327868895500,75397058,0.2855532765388489,0.2855532765388489,0.2848525643348694,0.2848525643348694
1785545327878999200,75413809,0.27855080366134644,0.2785508334636688,0.277754008769989,0.2777540385723114
1785545327889989500,75413809,0.27855080366134644,0.2785508334636688,0.277754008769989,0.2777540385723114
1785545327901047500,75433249,0.27329424023628235,0.27329427003860474,0.2725379467010498,0.2725379168987274
1785545327912206300,75449424,0.27046525478363037,0.2704651951789856,0.26978829503059387,0.2697882652282715
1785545327922915100,75449424,0.27046525478363037,0.2704651951789856,0.26978829503059387,0.2697882652282715
1785545327933891100,75463715,0.26882001757621765,0.26882001757621765,0.26822713017463684,0.26822713017463684
1785545327945234000,75480379,0.26743489503860474,0.2674349248409271,0.2670762538909912,0.2670762538909912
1785545327956342300,75480379,0.26743489503860474,0.2674349248409271,0.2670762538909912,0.2670762538909912
1785545327967739900,75499926,0.26655322313308716,0.26655325293540955,0.26616159081459045,0.26616162061691284
1785545327979174100,75516046,0.26607534289360046,0.26607534289360046,0.2656853497028351,0.2656853199005127
1785545327988575700,75516046,0.26607534289360046,0.26607534289360046,0.2656853497028351,0.2656853199005127
1785545328000117200,75530366,0.26582491397857666,0.26582491397857666,0.26538369059562683,0.26538366079330444
1785545328011019900,75547160,0.26558050513267517,0.26558050513267517,0.2652052938938141,0.2652053236961365
1785545328024156000,75547160,0.26558050513267517,0.26558050513267517,0.2652052938938141,0.2652053236961365
1785545328033644800,75566554,0.26538732647895813,0.26538732647895813,0.2650865912437439,0.2650865912437439
1785545328045740400,75582682,0.2652524411678314,0.2652524411678314,0.2650551199913025,0.2650551497936249
1785545328055144800,75582682,0.2652524411678314,0.2652524411678314,0.2650551199913025,0.2650551497936249
1785545328066564600,75597044,0.26519107818603516,0.26519107818603516,0.26501989364624023,0.2650199234485626
1785545328077721000,75613679,0.26517540216445923,0.26517537236213684,0.26495975255966187,0.26495975255966187
1785545328088877200,75613679,0.26517540216445923,0.26517537236213684,0.26495975255966187,0.26495975255966187
1785545328100265800,75633180,0.2651439905166626,0.265144020318985,0.26493749022483826,0.26493746042251587
1785545328111443800,75633180,0.2651439905166626,0.265144020318985,0.26493749022483826,0.26493746042251587
1785545328121047400,75649552,0.26511213183403015,0.26511216163635254,0.264940470457077,0.26494044065475464
1785545328132385500,75663710,0.2650702893733978,0.2650702893733978,0.2649659812450409,0.2649659812450409
1785545328143728000,75680340,0.2650502324104309,0.2650502324104309,0.264972984790802,0.264972984790802
1785545328154502400,75680340,0.2650502324104309,0.2650502324104309,0.264972984790802,0.264972984790802
1785545328166880500,75699946,0.26505395770072937,0.265053927898407,0.26496005058288574,0.26496005058288574
1785545328177544000,75699946,0.26505395770072937,0.265053927898407,0.26496005058288574,0.26496005058288574
1785545328187145200,75716058,0.265048086643219,0.2650480568408966,0.26496100425720215,0.26496100425720215
1785545328197368300,75730441,0.26504984498023987,0.26504984498023987,0.26495641469955444,0.26495641469955444
1785545328208496800,75746933,0.26536378264427185,0.26536378264427185,0.2652791440486908,0.2652791440486908
1785545328219590300,75747117,0.2658731937408447,0.2658732235431671,0.2657996416091919,0.2657996416091919
1785545328230490200,75766503,0.2683839201927185,0.2683839201927185,0.2683454155921936,0.2683454155921936
1785545328240279600,75766503,0.2683839201927185,0.2683839201927185,0.2683454155921936,0.2683454155921936
1785545328251308800,75783018,0.2723684310913086,0.2723684310913086,0.27233994007110596,0.27233994007110596
1785545328261486500,75797377,0.2760946750640869,0.2760946750640869,0.2760680317878723,0.2760680317878723
1785545328271079400,75797377,0.2760946750640869,0.2760946750640869,0.2760680317878723,0.2760680317878723
1785545328282617000,75813707,0.2790127098560333,0.2790127098560333,0.27898091077804565,0.27898091077804565
1785545328293699600,75813707,0.2790127098560333,0.2790127098560333,0.27898091077804565,0.27898091077804565
1785545328304549900,75833225,0.2820960581302643,0.2820960581302643,0.282070517539978,0.282070517539978
1785545328316150000,75849389,0.2760781943798065,0.2760781943798065,0.2760622799396515,0.2760622799396515
1785545328325550800,75863690,0.2726061940193176,0.2726061940193176,0.27259594202041626,0.27259594202041626
1785545328336555700,75863690,0.2726061940193176,0.2726061940193176,0.27259594202041626,0.27259594202041626
1785545328347540400,75880336,0.2698650062084198,0.2698650062084198,0.26986682415008545,0.26986682415008545
1785545328358992100,75880336,0.2698650062084198,0.2698650062084198,0.26986682415008545,0.26986682415008545
1785545328370177000,75899859,0.2679287791252136,0.2679287791252136,0.2679294943809509,0.2679294943809509
1785545328380925600,75915983,0.26689988374710083,0.26689988374710083,0.26690223813056946,0.26690223813056946
1785545328392111000,75915983,0.26689988374710083,0.26689988374710083,0.26690223813056946,0.26690223813056946
1785545328402207100,75930373,0.2663016617298126,0.2663016617298126,0.2663036584854126,0.2663036584854126
1785545328411667400,75947093,0.265845388174057,0.265845388174057,0.2658504247665405,0.2658504247665405
1785545328422822700,75947093,0.265845388174057,0.265845388174057,0.2658504247665405,0.2658504247665405
1785545328433828400,75966570,0.2655051648616791,0.2655051648616791,0.26551517844200134,0.26551517844200134
1785545328444202300,75982620,0.2654050588607788,0.2654050588607788,0.2654165029525757,0.2654165029525757
1785545328457042600,75982711,0.2653248608112335,0.2653248608112335,0.26533666253089905,0.26533666253089905
1785545328466795900,75997016,0.2652210593223572,0.2652210593223572,0.2652330696582794,0.2652330696582794
1785545328478377200,76013680,0.26513856649398804,0.26513856649398804,0.26515209674835205,0.26515209674835205
1785545328489548600,76013680,0.26513856649398804,0.26513856649398804,0.26515209674835205,0.26515209674835205
1785545328502383000,76033323,0.2650798261165619,0.2650798261165619,0.2650947570800781,0.2650947570800781
1785545328511536600,76049423,0.26504868268966675,0.26504868268966675,0.2650645673274994,0.2650645673274994
1785545328522742300,76049423,0.26504868268966675,0.26504868268966675,0.2650645673274994,0.2650645673274994
1785545328533997700,76063777,0.26503175497055054,0.26503175497055054,0.2650461196899414,0.2650461196899414
1785545328545484600,76080413,0.23915669322013855,0.23915669322013855,0.2908940017223358,0.2908940017223358
1785545328556701900,76080413,0.23915669322013855,0.23915669322013855,0.2908940017223358,0.2908940017223358
1785545328567506400,76099951,0.21989060938358307,0.21989060938358307,0.31013986468315125,0.31013986468315125
1785545328577983000,76115998,0.20847450196743011,0.20847450196743011,0.32154688239097595,0.32154688239097595
1785545328589146100,76115998,0.20847450196743011,0.20847450196743011,0.32154688239097595,0.32154688239097595
1785545328601092300,76130348,0.22415652871131897,0.22415652871131897,0.3058595657348633,0.3058595657348633
1785545328612213200,76147015,0.2111784666776657,0.2111784666776657,0.3188762068748474,0.3188762068748474
1785545328622552000,76147015,0.2111784666776657,0.2111784666776657,0.3188762068748474,0.3188762068748474
1785545328633813400,76166538,0.220590740442276,0.220590740442276,0.30967390537261963,0.30967390537261963
1785545328645292100,76183124,0.22914251685142517,0.22914251685142517,0.3015281856060028,0.3015281856060028
1785545328654854900,76183124,0.22914251685142517,0.22914251685142517,0.3015281856060028,0.3015281856060028
1785545328665802900,76197028,0.26810625195503235,0.26810625195503235,0.26419737935066223,0.26419737935066223
1785545328676733200,76213665,0.2598470449447632,0.2598470449447632,0.27378055453300476,0.27378055453300476
1785545328687850400,76213665,0.2598470449447632,0.2598470449447632,0.27378055453300476,0.27378055453300476
1785545328700687500,76233172,0.2760797142982483,0.2760797142982483,0.2597431242465973,0.2597431242465973
1785545328710216500,76233172,0.2760797142982483,0.2760797142982483,0.2597431242465973,0.2597431242465973
1785545328721278800,76249971,0.2915407419204712,0.2915407419204712,0.2463054060935974,0.2463054060935974
1785545328730977900,76263696,0.3127370774745941,0.3127370774745941,0.22694352269172668,0.22694352269172668
1785545328742533600,76280417,0.30394160747528076,0.30394160747528076,0.23791846632957458,0.23791846632957458
1785545328753867100,76280417,0.30394160747528076,0.30394160747528076,0.23791846632957458,0.23791846632957458
1785545328763936900,76300169,0.28702792525291443,0.28702792525291443,0.2561183571815491,0.2561183571815491
1785545328774807800,76300169,0.28702792525291443,0.28702792525291443,0.2561183571815491,0.2561183571815491
1785545328785816900,76316034,0.28091561794281006,0.28091561794281006,0.26224058866500854,0.26224058866500854
1785545328797178800,76330351,0.2838291823863983,0.2838291823863983,0.25933292508125305,0.25933292508125305
1785545328808282200,76330351,0.2838291823863983,0.2838291823863983,0.25933292508125305,0.25933292508125305
1785545328819334400,76346991,0.2833452522754669,0.2833452522754669,0.25899481773376465,0.25899481773376465
1785545328830477500,76366792,0.280657559633255,0.280657559633255,0.26007094979286194,0.26007094979286194
1785545328841894600,76366792,0.280657559633255,0.280657559633255,0.26007094979286194,0.26007094979286194
1785545328851471500,76382674,0.2797251343727112,0.2797251343727112,0.2597818672657013,0.2597818672657013
1785545328861076600,76397006,0.27845197916030884,0.27845197916030884,0.25999054312705994,0.25999054312705994
1785545328871611200,76397006,0.27845197916030884,0.27845197916030884,0.25999054312705994,0.25999054312705994
1785545328882869600,76413676,0.2775208652019501,0.2775208652019501,0.2598101794719696,0.2598101794719696
1785545328894005400,76413676,0.2775208652019501,0.2775208652019501,0.2598101794719696,0.2598101794719696
1785545328905327700,76433229,0.27867862582206726,0.27867862582206726,0.25786513090133667,0.25786513090133667
1785545328916757000,76449686,0.27741286158561707,0.27741286158561707,0.258491575717926,0.258491575717926
1785545328927914600,76463665,0.2740412950515747,0.2740412950515747,0.2611266076564789,0.2611266076564789
1785545328939458200,76463665,0.2740412950515747,0.2740412950515747,0.2611266076564789,0.2611266076564789
1785545328950566600,76480404,0.2731058597564697,0.2731058597564697,0.26130810379981995,0.26130810379981995
1785545328961703400,76480404,0.2731058597564697,0.2731058597564697,0.26130810379981995,0.26130810379981995
1785545328971561900,76499965,0.27331334352493286,0.27331334352493286,0.2603956162929535,0.2603956162929535
1785545328982482500,76516043,0.2729381322860718,0.2729381322860718,0.26027294993400574,0.26027294993400574
1785545328993684100,76530343,0.27339792251586914,0.27339792251586914,0.2595241963863373,0.2595241963863373
1785545329006165500,76530343,0.27339792251586914,0.27339792251586914,0.2595241963863373,0.2595241963863373
1785545329016455500,76547090,0.272306889295578,0.272306889295578,0.26027148962020874,0.26027148962020874
1785545329025690900,76547090,0.272306889295578,0.272306889295578,0.26027148962020874,0.26027148962020874
1785545329036027700,76566519,0.2704971432685852,0.2704971134662628,0.2616432011127472,0.2616432011127472
1785545329049040400,76582640,0.2711170017719269,0.27111703157424927,0.2607906460762024,0.2607906460762024
1785545329057752400,76582640,0.2711170017719269,0.27111703157424927,0.2607906460762024,0.2607906460762024
1785545329068933300,76597006,0.26966458559036255,0.26966461539268494,0.26197269558906555,0.26197269558906555
1785545329080497400,76613649,0.2699936032295227,0.2699936330318451,0.26143181324005127,0.26143181324005127
1785545329091471700,76613649,0.2699936032295227,0.2699936330318451,0.26143181324005127,0.26143181324005127
1785545329102582500,76633141,0.26978594064712524,0.26978594064712524,0.26143017411231995,0.26143014430999756
1785545329111611400,76649303,0.2693707346916199,0.2693707346916199,0.2616940140724182,0.2616940140724182
1785545329122689900,76649303,0.2693707346916199,0.2693707346916199,0.2616940140724182,0.2616940140724182
1785545329134066800,76663642,0.2688961625099182,0.2688961625099182,0.2620450258255005,0.2620450258255005
1785545329144335300,76680402,0.26777419447898865,0.26777419447898865,0.26300281286239624,0.26300281286239624
1785545329156113200,76680402,0.26777419447898865,0.26777419447898865,0.26300281286239624,0.26300281286239624
1785545329167239400,76700429,0.26773521304130554,0.26773521304130554,0.2628909945487976,0.2628909945487976
1785545329176259400,76700429,0.26773521304130554,0.26773521304130554,0.2628909945487976,0.2628909945487976
1785545329189162100,76715967,0.267736554145813,0.267736554145813,0.26279327273368835,0.26279327273368835
1785545329198789200,76730325,0.26804372668266296,0.26804372668266296,0.26242750883102417,0.26242750883102417
1785545329209778400,76746951,0.267641544342041,0.2676415741443634,0.2627623379230499,0.2627623379230499
1785545329221171600,76746951,0.267641544342041,0.2676415741443634,0.2627623379230499,0.2627623379230499
1785545329232379400,76766586,0.26697760820388794,0.26697760820388794,0.2633499503135681,0.2633499801158905
1785545329243809600,76766586,0.26697760820388794,0.26697760820388794,0.2633499503135681,0.2633499801158905
1785545329254872700,76782695,0.26679399609565735,0.26679396629333496,0.263481467962265,0.263481467962265
1785545329264242500,76797002,0.26667875051498413,0.26667872071266174,0.2635563313961029,0.2635563015937805
1785545329274968200,76797002,0.26667875051498413,0.26667872071266174,0.2635563313961029,0.2635563015937805
1785545329286251500,76813753,0.26662030816078186,0.26662030816078186,0.2635762095451355,0.2635762095451355
1785545329297887400,76833268,0.266831636428833,0.2668316066265106,0.2633362114429474,0.2633362412452698
1785545329310821900,76833268,0.266831636428833,0.2668316066265106,0.2633362114429474,0.2633362412452698
1785545329322336800,76849317,0.2666769027709961,0.2666769027709961,0.2634700834751129,0.2634700834751129
1785545329331971100,76863658,0.2664402425289154,0.2664402425289154,0.2636895179748535,0.26368948817253113
1785545329341519100,76863658,0.2664402425289154,0.2664402425289154,0.2636895179748535,0.26368948817253113
1785545329352451400,76880429,0.26597273349761963,0.26597273349761963,0.2641336917877197,0.2641336917877197
1785545329364109000,76899842,0.2659394145011902,0.2659394145011902,0.26414597034454346,0.26414597034454346
1785545329375067900,76899842,0.2659394145011902,0.2659394145011902,0.26414597034454346,0.26414597034454346
1785545329387662700,76915963,0.2659592032432556,0.2659592032432556,0.26411181688308716,0.26411181688308716
1785545329397650300,76930326,0.2661006450653076,0.2661006450653076,0.2639620304107666,0.2639620304107666
1785545329408873900,76946958,0.26596078276634216,0.26596078276634216,0.2640923857688904,0.2640923857688904
1785545329419398000,76946958,0.26596078276634216,0.26596078276634216,0.2640923857688904,0.2640923857688904
1785545329430512400,76966478,0.2656981945037842,0.2656981945037842,0.26434430480003357,0.26434430480003357
1785545329441407400,76966478,0.2656981945037842,0.2656981945037842,0.26434430480003357,0.26434430480003357
1785545329452058100,76982863,0.26562339067459106,0.26562339067459106,0.26441171765327454,0.26441171765327454
1785545329461172700,76997003,0.26558738946914673,0.26558738946914673,0.2644421458244324,0.2644421458244324
1785545329472660700,76997003,0.26558738946914673,0.26558738946914673,0.2644421458244324,0.2644421458244324
1785545329483812000,77013734,0.26568108797073364,0.26568108797073364,0.264344185590744,0.264344185590744
1785545329493484800,77013734,0.26568108797073364,0.26568108797073364,0.264344185590744,0.264344185590744
1785545329504594000,77033399,0.2656272053718567,0.2656272053718567,0.26439377665519714,0.26439377665519714
1785545329515935700,77049366,0.265552282333374,0.265552282333374,0.26446568965911865,0.26446568965911865
1785545329525400000,77063655,0.2653736174106598,0.2653736174106598,0.26464125514030457,0.26464125514030457
1785545329536607500,77063655,0.2653736174106598,0.2653736174106598,0.26464125514030457,0.26464125514030457
1785545329547624500,77080532,0.2909550666809082,0.23970554769039154,0.2903064489364624,0.23905694484710693
1785545329558058700,77080532,0.2909550666809082,0.23970554769039154,0.2903064489364624,0.23905694484710693
1785545329568789800,77099915,0.3106065094470978,0.22010108828544617,0.30990836024284363,0.21940293908119202
1785545329581337600,77116092,0.32185161113739014,0.20883901417255402,0.321170449256897,0.20815782248973846
1785545329592661500,77116092,0.32185161113739014,0.20883901417255402,0.321170449256897,0.20815782248973846
1785545329601237700,77130324,0.30611273646354675,0.22464199364185333,0.30536743998527527,0.22389668226242065
1785545329612367600,77146986,0.31906503438949585,0.21161919832229614,0.31843307614326477,0.21098724007606506
1785545329622057700,77146986,0.31906503438949585,0.21161919832229614,0.31843307614326477,0.21098724007606506
1785545329633297200,77166599,0.3051934838294983,0.22585216164588928,0.30474334955215454,0.22540199756622314
1785545329644462300,77166599,0.3051934838294983,0.22585216164588928,0.30474334955215454,0.22540199756622314
1785545329656359700,77183087,0.26999494433403015,0.26188427209854126,0.2695915997028351,0.2614809572696686
1785545329665784000,77196983,0.246707022190094,0.2865241467952728,0.2463245689868927,0.28614169359207153
1785545329676605600,77213648,0.23628409206867218,0.298892080783844,0.2359263151884079,0.2985343337059021
1785545329687784400,77213648,0.23628409206867218,0.298892080783844,0.2359263151884079,0.2985343337059021
1785545329697942000,77233190,0.26220703125,0.274433970451355,0.26178285479545593,0.2740097939968109
1785545329709174100,77233190,0.26220703125,0.274433970451355,0.26178285479545593,0.2740097939968109
1785545329720501000,77249376,0.24393683671951294,0.2938762903213501,0.2435554563999176,0.29349485039711
1785545329731539400,77263669,0.24674507975578308,0.29180392622947693,0.24642549455165863,0.2914842963218689
1785545329741208500,77263669,0.24674507975578308,0.29180392622947693,0.24642549455165863,0.2914842963218689
1785545329751615200,77280410,0.2562315762042999,0.28242018818855286,0.2560284733772278,0.2822170853614807
1785545329763227000,77299934,0.26060670614242554,0.27781805396080017,0.2604140341281891,0.27762532234191895
1785545329774410600,77299934,0.26060670614242554,0.27781805396080017,0.2604140341281891,0.27762532234191895
1785545329785525900,77316044,0.26078084111213684,0.277144193649292,0.2605832815170288,0.27694666385650635
1785545329796730000,77330346,0.25828817486763,0.2793791890144348,0.25805696845054626,0.27914801239967346
1785545329805868500,77330346,0.25828817486763,0.2793791890144348,0.25805696845054626,0.27914801239967346
1785545329817322000,77347063,0.2587547302246094,0.2782834470272064,0.25855448842048645,0.2780832052230835
1785545329826864700,77347063,0.2587547302246094,0.2782834470272064,0.25855448842048645,0.2780832052230835
1785545329837986400,77366534,0.25924763083457947,0.277025431394577,0.2590846121311188,0.27686241269111633
1785545329849030200,77382669,0.26106011867523193,0.27436643838882446,0.2609499394893646,0.27425628900527954
1785545329859415200,77396970,0.261269211769104,0.2734919488430023,0.26117298007011414,0.27339568734169006
1785545329870544000,77396970,0.261269211769104,0.2734919488430023,0.26117298007011414,0.27339568734169006
1785545329881481800,77413749,0.26041874289512634,0.2738015055656433,0.2603086233139038,0.27369141578674316
1785545329891125500,77413749,0.26041874289512634,0.2738015055656433,0.2603086233139038,0.27369141578674316
1785545329902207600,77433152,0.25955647230148315,0.27415236830711365,0.2594420909881592,0.2740379869937897
1785545329911474800,77449370,0.25994011759757996,0.27336665987968445,0.2598397135734558,0.2732662558555603
1785545329924300500,77449370,0.25994011759757996,0.27336665987968445,0.2598397135734558,0.2732662558555603
1785545329934006800,77463637,0.26176831126213074,0.27106884121894836,0.2617049515247345,0.2710054814815521
1785545329944070700,77480297,0.2620112895965576,0.27037668228149414,0.2619628608226776,0.27032825350761414
1785545329954591500,77480297,0.2620112895965576,0.27037668228149414,0.2619628608226776,0.27032825350761414
1785545329966007500,77500162,0.26122885942459106,0.2707795202732086,0.26117172837257385,0.2707223892211914
1785545329977536000,77500162,0.26122885942459106,0.2707795202732086,0.26117172837257385,0.2707223892211914
1785545329986786100,77516027,0.26123011112213135,0.2705109417438507,0.2611764073371887,0.27045726776123047
1785545329997980600,77530305,0.26079118251800537,0.2707986533641815,0.26073357462882996,0.2707410454750061
1785545330010704100,77547211,0.26136496663093567,0.27003031969070435,0.2613183557987213,0.26998370885849
1785545330022298100,77547211,0.26136496663093567,0.27003031969070435,0.2613183557987213,0.26998370885849
1785545330031989900,77566885,0.26238203048706055,0.2687605619430542,0.2623544931411743,0.2687329947948456
1785545330041419800,77566885,0.26238203048706055,0.2687605619430542,0.2623544931411743,0.2687329947948456
1785545330052545100,77582745,0.23508162796497345,0.29589515924453735,0.23505905270576477,0.2958725392818451
1785545330062681600,77596970,0.2153204083442688,0.3155262768268585,0.21529944241046906,0.3155052661895752
1785545330073841100,77596970,0.2153204083442688,0.3155262768268585,0.21529944241046906,0.3155052661895752
1785545330085304300,77613614,0.2281673699617386,0.3025810718536377,0.22814255952835083,0.30255627632141113
1785545330096379300,77633328,0.21751432120800018,0.31308436393737793,0.2174925059080124,0.31306251883506775
1785545330106033000,77633328,0.21751432120800018,0.31308436393737793,0.2174925059080124,0.31306251883506775
1785545330117081100,77649297,0.255443274974823,0.2749921381473541,0.2554268538951874,0.2749757170677185
1785545330128263700,77663641,0.28915053606033325,0.24124623835086823,0.28914254903793335,0.2412382811307907
1785545330139406400,77663641,0.28915053606033325,0.24124623835086823,0.28914254903793335,0.2412382811307907
1785545330150503400,77680289,0.30485647916793823,0.22573457658290863,0.30485180020332336,0.22572992742061615
1785545330161058500,77680289,0.30485647916793823,0.22573457658290863,0.30485180020332336,0.22572992742061615
1785545330173892100,77699886,0.27821671962738037,0.2526867091655731,0.2782101333141327,0.2526801824569702
1785545330183586400,77715968,0.2656801640987396,0.265379399061203,0.2656748294830322,0.2653740644454956
1785545330194682800,77730498,0.26532429456710815,0.2658282518386841,0.26531872153282166,0.2658226191997528
1785545330205889700,77730498,0.26532429456710815,0.2658282518386841,0.26531872153282166,0.2658226191997528
1785545330217277300,77746976,0.26603206992149353,0.26501041650772095,0.2660306990146637,0.2650090157985687
1785545330227036100,77746976,0.26603206992149353,0.26501041650772095,0.2660306990146637,0.2650090157985687
1785545330238688400,77766451,0.26855310797691345,0.26236820220947266,0.2685529589653015,0.2623680830001831
1785545330249961800,77782617,0.26908156275749207,0.26174619793891907,0.26908257603645325,0.2617471516132355
1785545330260854600,77796963,0.26858386397361755,0.26216599345207214,0.2685854434967041,0.2621675431728363
1785545330272184200,77796963,0.26858386397361755,0.26216599345207214,0.2685854434967041,0.2621675431728363
1785545330282128600,77813612,0.26846325397491455,0.26222532987594604,0.2684652507305145,0.262227326631546
1785545330293394200,77813612,0.26846325397491455,0.26222532987594604,0.2684652507305145,0.262227326631546
1785545330304506600,77833129,0.2681015431880951,0.2625184953212738,0.2681041657924652,0.2625211179256439
1785545330315883800,77849282,0.2678600549697876,0.26270413398742676,0.2678637206554413,0.26270779967308044
1785545330326935700,77863615,0.2676188051700592,0.26289498805999756,0.2676229476928711,0.26289913058280945
1785545330338025100,77863615,0.2676188051700592,0.26289498805999756,0.2676229476928711,0.26289913058280945
1785545330349176800,77880344,0.2669365704059601,0.26350221037864685,0.2669408917427063,0.2635065019130707
1785545330360332900,77880344,0.2669365704059601,0.26350221037864685,0.2669408917427063,0.2635065019130707
1785545330371228500,77899815,0.26694515347480774,0.2634235620498657,0.26695001125335693,0.26342839002609253
1785545330383156200,77916082,0.26697683334350586,0.263342022895813,0.2669820487499237,0.26334723830223083
1785545330392786100,77930319,0.26720428466796875,0.2630859315395355,0.26720985770225525,0.2630915641784668
1785545330405500500,77930319,0.26720428466796875,0.2630859315395355,0.26720985770225525,0.2630915641784668
1785545330414708500,77946996,0.26696184277534485,0.26329392194747925,0.2669675052165985,0.2632995843887329
1785545330425589300,77946996,0.26696184277534485,0.26329392194747925,0.2669675052165985,0.2632995843887329
1785545330436018700,77966635,0.2667504549026489,0.2634710967540741,0.266756147146225,0.26347678899765015
1785545330446773500,77982696,0.26634344458580017,0.2638465166091919,0.2663486897945404,0.26385173201560974
1785545330458042400,77982696,0.26634344458580017,0.2638465166091919,0.2663486897945404,0.26385173201560974
1785545330468953100,77996939,0.26620975136756897,0.26395514607429504,0.2662147879600525,0.26396018266677856
1785545330480394300,78013614,0.26643726229667664,0.2637067437171936,0.2664431035518646,0.26371264457702637
1785545330491260700,78013614,0.26643726229667664,0.2637067437171936,0.2664431035518646,0.26371264457702637
1785545330502282300,78033193,0.2664010226726532,0.2637227177619934,0.26640698313713074,0.26372867822647095
1785545330515062200,78049290,0.2662796974182129,0.2638295292854309,0.26628562808036804,0.26383545994758606
1785545330524567600,78049290,0.2662796974182129,0.2638295292854309,0.26628562808036804,0.26383545994758606
1785545330536210600,78063604,0.2661413550376892,0.26395612955093384,0.2661469578742981,0.2639617621898651
1785545330545688700,78080343,0.2658118009567261,0.2642703354358673,0.26581621170043945,0.2642747759819031
1785545330555730900,78080343,0.2658118009567261,0.2642703354358673,0.26581621170043945,0.2642747759819031
1785545330568371200,78099916,0.2658078074455261,0.2642590403556824,0.26581239700317383,0.26426365971565247
1785545330577927800,78116079,0.2658292353153229,0.26422685384750366,0.26583415269851685,0.26423177123069763
1785545330588897000,78116079,0.2658292353153229,0.26422685384750366,0.26583415269851685,0.26423177123069763
1785545330599159200,78130274,0.26593852043151855,0.2641110420227051,0.2659440338611603,0.2641165256500244
1785545330610157900,78147054,0.2658371925354004,0.2642058730125427,0.2658423185348511,0.264210969209671
1785545330621149400,78147054,0.2658371925354004,0.2642058730125427,0.2658423185348511,0.264210969209671
1785545330633934800,78166545,0.2657293379306793,0.2643071413040161,0.26573410630226135,0.26431187987327576
1785545330643950000,78166545,0.2657293379306793,0.2643071413040161,0.26573410630226135,0.26431187987327576
1785545330654932400,78182923,0.23874221742153168,0.2912893295288086,0.23874689638614655,0.29129403829574585
1785545330665841100,78196967,0.21878395974636078,0.3112433850765228,0.21878758072853088,0.31124699115753174
1785545330677334600,78213591,0.23195409774780273,0.2980686128139496,0.23195816576480865,0.29807260632514954
1785545330686640800,78213591,0.23195409774780273,0.2980686128139496,0.23195816576480865,0.29807260632514954
1785545330697447500,78233148,0.22080448269844055,0.3092261850833893,0.22080866992473602,0.30923035740852356
1785545330708639500,78233148,0.22080448269844055,0.3092261850833893,0.22080866992473602,0.30923035740852356
1785545330719830500,78249267,0.2041582614183426,0.3259180784225464,0.20416231453418732,0.3259221315383911
1785545330730970400,78263682,0.2196938842535019,0.31080907583236694,0.21969695389270782,0.31081217527389526
1785545330742539500,78280243,0.23320193588733673,0.29587113857269287,0.23320476710796356,0.2958739995956421
1785545330753716100,78280243,0.23320193588733673,0.29587113857269287,0.23320476710796356,0.2958739995956421
1785545330763860300,78299917,0.23337063193321228,0.2909579575061798,0.23337382078170776,0.2909611463546753
1785545330775148400,78299917,0.23337063193321228,0.2909579575061798,0.23337382078170776,0.2909611463546753
1785545330784624100,78315907,0.2580728232860565,0.25856781005859375,0.2580759823322296,0.25857096910476685
1785545330795759700,78330249,0.24523937702178955,0.2669280171394348,0.2452428638935089,0.2669314742088318
1785545330806953000,78330249,0.24523937702178955,0.2669280171394348,0.2452428638935089,0.2669314742088318
1785545330817876900,78346924,0.26191356778144836,0.2397737056016922,0.261916846036911,0.23977696895599365
1785545330829088800,78366810,0.27050966024398804,0.21796174347400665,0.27051272988319397,0.2179647833108902
1785545330840465400,78366810,0.27050966024398804,0.21796174347400665,0.27051272988319397,0.2179647833108902
1785545330851319300,78382592,0.28224578499794006,0.19589975476264954,0.2822486460208893,0.19590264558792114
1785545330862370000,78396904,0.2697838544845581,0.20079448819160461,0.26978611946105957,0.20079679787158966
1785545330873135100,78396904,0.2697838544845581,0.20079448819160461,0.26978611946105957,0.20079679787158966
1785545330884028200,78413647,0.253791868686676,0.21100756525993347,0.25379446148872375,0.2110101580619812
1785545330895109300,78413647,0.253791868686676,0.21100756525993347,0.25379446148872375,0.2110101580619812
1785545330904726100,78433125,0.2628655731678009,0.23435145616531372,0.2628682255744934,0.23435409367084503
1785545330916193300,78449239,0.2699574828147888,0.2437835931777954,0.2699598968029022,0.2437860071659088
1785545330925567300,78463579,0.2740024924278259,0.24868421256542206,0.27400463819503784,0.24868635833263397
1785545330936015200,78463579,0.2740024924278259,0.24868421256542206,0.27400463819503784,0.24868635833263397
1785545330948652400,78480333,0.27356669306755066,0.2547236382961273,0.27356821298599243,0.25472521781921387
1785545330957887300,78480333,0.27356669306755066,0.2547236382961273,0.27356821298599243,0.25472521781921387
1785545330969097800,78499828,0.2762365937232971,0.25579535961151123,0.27623820304870605,0.2557969391345978
1785545330980619100,78515910,0.2771107852458954,0.25653931498527527,0.2771124243736267,0.2565409541130066
1785545330990043900,78515910,0.2771107852458954,0.25653931498527527,0.2771124243736267,0.2565409541130066
1785545331000652600,78530249,0.27881407737731934,0.2557755410671234,0.27881598472595215,0.25577738881111145
1785545331011709900,78546970,0.27747365832328796,0.2574875056743622,0.2774753272533417,0.2574891746044159
1785545331022658000,78546970,0.27747365832328796,0.2574875056743622,0.2774753272533417,0.2574891746044159
1785545331033972200,78566432,0.27633020281791687,0.2586236894130707,0.27633166313171387,0.2586251497268677
1785545331045419100,78582916,0.27384865283966064,0.26067155599594116,0.2738497853279114,0.2606727182865143
1785545331056925900,78582916,0.27384865283966064,0.26067155599594116,0.2738497853279114,0.2606727182865143
1785545331069802700,78596902,0.2731970250606537,0.2608930766582489,0.27319809794425964,0.26089411973953247
1785545331079309800,78613569,0.27449831366539,0.2592422366142273,0.2744995653629303,0.2592434883117676
1785545331089055600,78613569,0.27449831366539,0.2592422366142273,0.2744995653629303,0.2592434883117676
1785545331100158700,78633060,0.2739034593105316,0.25941818952560425,0.2739046514034271,0.25941944122314453
1785545331111151200,78649300,0.27305978536605835,0.2599291503429413,0.27306094765663147,0.2599303126335144
1785545331122050100,78649300,0.27305978536605835,0.2599291503429413,0.27306094765663147,0.2599303126335144
1785545331134512600,78663621,0.2721734941005707,0.2605229616165161,0.27217456698417664,0.2605239450931549
1785545331144184200,78680222,0.27004000544548035,0.2622121274471283,0.2700407803058624,0.262212872505188
1785545331155086000,78680222,0.27004000544548035,0.2622121274471283,0.2700407803058624,0.262212872505188
1785545331166309400,78699736,0.2703000009059906,0.26156115531921387,0.2703007161617279,0.26156193017959595
1785545331177478600,78699736,0.2703000009059906,0.26156115531921387,0.2703007161617279,0.26156193017959595
1785545331188515100,78716145,0.27020809054374695,0.26137715578079224,0.27020883560180664,0.2613779306411743
1785545331199368700,78730361,0.27064022421836853,0.2607903480529785,0.2706410586833954,0.26079124212265015
1785545331210564700,78746961,0.29498669505119324,0.2362627536058426,0.2949874699115753,0.23626351356506348
1785545331220963500,78746961,0.29498669505119324,0.2362627536058426,0.2949874699115753,0.23626351356506348
1785545331233885200,78766408,0.3138538897037506,0.2171717882156372,0.31385448575019836,0.21717233955860138
1785545331242425700,78766408,0.3138538897037506,0.2171717882156372,0.31385448575019836,0.21717233955860138
1785545331253511600,78782880,0.32578638195991516,0.20511814951896667,0.3257870376110077,0.20511876046657562
1785545331266304200,78797009,0.2788273096084595,0.251835435628891,0.27882781624794006,0.2518359124660492
1785545331276209300,78797009,0.2788273096084595,0.251835435628891,0.27882781624794006,0.2518359124660492
1785545331285290800,78813574,0.2727954685688019,0.25767165422439575,0.27279603481292725,0.2576722204685211
1785545331296302600,78833137,0.2538612186908722,0.27642664313316345,0.2538617253303528,0.27642714977264404
1785545331307460100,78833137,0.2538612186908722,0.27642664313316345,0.2538617253303528,0.27642714977264404
1785545331318962900,78849244,0.2397516965866089,0.29052820801734924,0.23975221812725067,0.29052868485450745
1785545331330294000,78863565,0.24924108386039734,0.28118422627449036,0.24924156069755554,0.28118470311164856
1785545331341251600,78863565,0.24924108386039734,0.28118422627449036,0.24924156069755554,0.28118470311164856
1785545331350839600,78880347,0.258758008480072,0.27195021510124207,0.2587583065032959,0.27195054292678833
1785545331361791900,78899781,0.264035701751709,0.26683518290519714,0.26403599977493286,0.2668355107307434
1785545331373076700,78899781,0.264035701751709,0.26683518290519714,0.26403599977493286,0.2668355107307434
1785545331385576700,78915971,0.2640601694583893,0.26683473587036133,0.26406049728393555,0.26683509349823
1785545331395121000,78930230,0.26223108172416687,0.268677681684494,0.2622314393520355,0.26867803931236267
1785545331406045100,78930230,0.26223108172416687,0.268677681684494,0.2622314393520355,0.26867803931236267
1785545331415914900,78946888,0.2618839740753174,0.2689780294895172,0.26188430190086365,0.2689783573150635
1785545331426862200,78946888,0.2618839740753174,0.2689780294895172,0.26188430190086365,0.2689783573150635
1785545331437825900,78966820,0.2621040344238281,0.26868823170661926,0.262104332447052,0.26868852972984314
1785545331450342600,78982715,0.2623545825481415,0.268378883600235,0.26235485076904297,0.2683791518211365
1785545331460111100,78996927,0.2631688416004181,0.2674824595451355,0.2631690502166748,0.2674826681613922
1785545331471005900,78996927,0.2631688416004181,0.2674824595451355,0.2631690502166748,0.2674826681613922
1785545331481131600,79013682,0.2628333568572998,0.26775461435317993,0.2628335654735565,0.26775482296943665
1785545331492294700,79013682,0.2628333568572998,0.26775461435317993,0.2628335654735565,0.26775482296943665
1785545331504086400,79034505,0.26307809352874756,0.2674221396446228,0.2630782723426819,0.26742231845855713
1785545331513233400,79049695,0.2628130614757538,0.26764291524887085,0.2628132700920105,0.26764312386512756
1785545331525741600,79049695,0.2628130614757538,0.26764291524887085,0.2628132700920105,0.26764312386512756
1785545331537075800,79063590,0.2633908689022064,0.26700907945632935,0.26339104771614075,0.26700928807258606
1785545331546619000,79080233,0.26356685161590576,0.2667757272720337,0.2635670006275177,0.26677584648132324
1785545331557647800,79080233,0.26356685161590576,0.2667757272720337,0.2635670006275177,0.26677584648132324
1785545331569008200,79099869,0.2633865773677826,0.26690474152565,0.26338672637939453,0.26690495014190674
1785545331578762400,79115924,0.26341259479522705,0.26684269309043884,0.2634127140045166,0.2668428421020508
1785545331588378400,79115924,0.26341259479522705,0.26684269309043884,0.2634127140045166,0.2668428421020508
1785545331601043000,79130244,0.26326361298561096,0.26697060465812683,0.2632637917995453,0.26697075366973877
1785545331610666400,79146988,0.26371246576309204,0.2664896249771118,0.26371264457702637,0.26648974418640137
1785545331622074800,79146988,0.26371246576309204,0.2664896249771118,0.26371264457702637,0.26648974418640137
1785545331631734400,79166563,0.2638110816478729,0.26636067032814026,0.2638112008571625,0.26636070013046265
1785545331641259400,79166563,0.2638110816478729,0.26636067032814026,0.2638112008571625,0.26636070013046265
1785545331652418500,79182725,0.23650230467319489,0.23899179697036743,0.2911582589149475,0.29364773631095886
1785545331663455000,79196904,0.21667738258838654,0.21898587048053741,0.3111463189125061,0.31345486640930176
1785545331674398300,79196904,0.21667738258838654,0.21898587048053741,0.3111463189125061,0.31345486640930176
1785545331684005600,79213533,0.22999250888824463,0.23255924880504608,0.29755890369415283,0.3001256585121155
1785545331695083100,79213533,0.22999250888824463,0.23255924880504608,0.29755890369415283,0.3001256585121155
1785545331704739800,79233048,0.21891725063323975,0.22132110595703125,0.3087855577468872,0.3111894130706787
1785545331716058200,79249358,0.20270881056785583,0.20488671958446503,0.3252372145652771,0.3274151384830475
1785545331727033500,79263568,0.21329326927661896,0.2152474820613861,0.31497615575790405,0.31693035364151
1785545331738265100,79263568,0.21329326927661896,0.2152474820613861,0.31497615575790405,0.31693035364151
1785545331749515400,79280289,0.23387610912322998,0.23527653515338898,0.29583579301834106,0.29723620414733887
1785545331760492500,79280289,0.23387610912322998,0.23527653515338898,0.29583579301834106,0.29723620414733887
1785545331771365000,79299978,0.2390737384557724,0.24051058292388916,0.2920675575733185,0.29350441694259644
1785545331782343500,79315908,0.2397584170103073,0.24125541746616364,0.2931021749973297,0.29459917545318604
1785545331793512400,79330250,0.2347584366798401,0.23644350469112396,0.29895874857902527,0.30064383149147034
1785545331804739600,79330250,0.2347584366798401,0.23644350469112396,0.29895874857902527,0.30064383149147034
1785545331816256800,79347127,0.23947539925575256,0.24098919332027435,0.29653307795524597,0.29804691672325134
1785545331825337300,79347127,0.23947539925575256,0.24098919332027435,0.29653307795524597,0.29804691672325134
1785545331836254800,79366479,0.2703360915184021,0.2716737687587738,0.2687104046344757,0.27004802227020264
1785545331847448100,79382587,0.29608240723609924,0.2971201241016388,0.24731335043907166,0.24835100769996643
1785545331856880300,79382587,0.29608240723609924,0.2971201241016388,0.24731335043907166,0.24835100769996643
1785545331867810100,79396884,0.3146728277206421,0.3156144917011261,0.23236870765686035,0.23331040143966675
1785545331878898000,79413622,0.2949844002723694,0.2961009442806244,0.25459954142570496,0.25571611523628235
1785545331889950200,79413622,0.2949844002723694,0.2961009442806244,0.25459954142570496,0.25571611523628235
1785545331901026700,79433093,0.30735939741134644,0.30843019485473633,0.24480600655078888,0.24587683379650116
1785545331912189400,79449284,0.3038853704929352,0.3048449754714966,0.2495201826095581,0.2504797875881195
1785545331921445500,79449284,0.3038853704929352,0.3048449754714966,0.2495201826095581,0.2504797875881195
1785545331932632100,79463689,0.2931455969810486,0.2937929332256317,0.25970202684402466,0.2603493332862854
1785545331944074700,79480215,0.2881309688091278,0.28868839144706726,0.2630956172943115,0.2636530101299286
1785545331955169500,79480215,0.2881309688091278,0.28868839144706726,0.2630956172943115,0.2636530101299286
1785545331964577700,79499796,0.2888624668121338,0.2895147502422333,0.2601231336593628,0.26077547669410706
1785545331975812600,79499796,0.2888624668121338,0.2895147502422333,0.2601231336593628,0.26077547669410706
1785545331985542700,79516003,0.288149356842041,0.28879261016845703,0.2589455842971802,0.2595888078212738
1785545331995997900,79530211,0.2893051505088806,0.2900044620037079,0.2566462755203247,0.2573455572128296
1785545332007308000,79530211,0.2893051505088806,0.2900044620037079,0.2566462755203247,0.2573455572128296
1785545332017562700,79546959,0.2863873243331909,0.2869923412799835,0.25808683037757874,0.25869181752204895
1785545332028817100,79566409,0.281715989112854,0.28214406967163086,0.2606703042984009,0.26109838485717773
1785545332040000900,79566409,0.281715989112854,0.28214406967163086,0.2606703042984009,0.26109838485717773
1785545332050950300,79582568,0.28042566776275635,0.28082162141799927,0.2603251039981842,0.2607210576534271
1785545332060992700,79596875,0.27928951382637024,0.27967149019241333,0.26010996103286743,0.2604919373989105
1785545332072308200,79596875,0.27928951382637024,0.27967149019241333,0.26010996103286743,0.2604919373989105
1785545332083628100,79613642,0.280511736869812,0.2809629738330841,0.25777435302734375,0.25822561979293823
1785545332093265500,79613642,0.280511736869812,0.2809629738330841,0.25777435302734375,0.25822561979293823
1785545332104396700,79633130,0.2791180908679962,0.27953895926475525,0.2580709457397461,0.2584918439388275
1785545332116104500,79649227,0.27764296531677246,0.27801626920700073,0.2587634027004242,0.2591366767883301
1785545332125732600,79663548,0.2762424945831299,0.27657103538513184,0.25950175523757935,0.2598303556442261
1785545332137437200,79663548,0.2762424945831299,0.27657103538513184,0.25950175523757935,0.2598303556442261
1785545332150165400,79680237,0.2730816602706909,0.27329567074775696,0.2617579698562622,0.26197198033332825
1785545332159555800,79680237,0.2730816602706909,0.27329567074775696,0.2617579698562622,0.26197198033332825
1785545332170631600,79699758,0.2734576165676117,0.2736918330192566,0.26047199964523315,0.26070624589920044
1785545332181948700,79715931,0.27319762110710144,0.273436039686203,0.26011553406715393,0.2603539228439331
1785545332191488500,79715931,0.27319762110710144,0.273436039686203,0.26011553406715393,0.2603539228439331
1785545332201048400,79730195,0.2737346887588501,0.2740029990673065,0.25919637084007263,0.2594646215438843
1785545332212211500,79746864,0.2725156843662262,0.27274832129478455,0.2600349485874176,0.26026755571365356
1785545332222470600,79746864,0.2725156843662262,0.27274832129478455,0.2600349485874176,0.26026755571365356
1785545332233735200,79766411,0.27072203159332275,0.2708907425403595,0.2614007294178009,0.26156944036483765
1785545332245155400,79782599,0.2713060975074768,0.2714961767196655,0.26053372025489807,0.26072385907173157
1785545332256459600,79782599,0.2713060975074768,0.2714961767196655,0.26053372025489807,0.26072385907173157
1785545332269143800,79796932,0.269771933555603,0.26991453766822815,0.2618207633495331,0.2619633376598358
1785545332278780700,79813524,0.2700865566730499,0.27023980021476746,0.2612646222114563,0.26141786575317383
1785545332289842500,79813524,0.2700865566730499,0.27023980021476746,0.2612646222114563,0.26141786575317383
1785545332302646000,79833164,0.2698670029640198,0.27001747488975525,0.26125800609588623,0.2614085376262665
1785545332312027600,79849209,0.26944059133529663,0.26957759261131287,0.2615354061126709,0.2616724967956543
1785545332324608000,79849209,0.26944059133529663,0.26957759261131287,0.2615354061126709,0.2616724967956543
1785545332334138300,79863551,0.2689515948295593,0.2690727710723877,0.2619076371192932,0.2620288133621216
1785545332345677200,79880192,0.2683537006378174,0.2684541344642639,0.26237764954566956,0.2624780535697937
1785545332357170400,79880192,0.2683537006378174,0.2684541344642639,0.26237764954566956,0.2624780535697937
1785545332368209300,79899733,0.26769188046455383,0.26777058839797974,0.26289403438568115,0.26297271251678467
1785545332379208300,79915868,0.2675779461860657,0.26765361428260803,0.26289910078048706,0.2629747986793518
1785545332391919000,79915868,0.2675779461860657,0.26765361428260803,0.26289910078048706,0.2629747986793518
1785545332401545800,79930280,0.26798707246780396,0.2680782675743103,0.26240962743759155,0.2625008523464203
1785545332411123200,79947088,0.2942924201488495,0.24286484718322754,0.2892730236053467,0.23784540593624115
1785545332422715300,79947088,0.2942924201488495,0.24286484718322754,0.2892730236053467,0.23784540593624115
1785545332434062100,79966406,0.3159787356853485,0.2255927324295044,0.3116527199745178,0.22126668691635132
1785545332445461200,79982973,0.32944345474243164,0.21879242360591888,0.32634496688842773,0.2156939059495926
1785545332457707300,79982973,0.32944345474243164,0.21879242360591888,0.32634496688842773,0.2156939059495926
1785545332467217100,79996867,0.34065744280815125,0.21741151809692383,0.3378797471523285,0.21463382244110107
1785545332477481700,80013637,0.3298441171646118,0.23711217939853668,0.3264966607093811,0.23376473784446716
1785545332488568400,80013637,0.3298441171646118,0.23711217939853668,0.3264966607093811,0.23376473784446716
1785545332499795200,80033143,0.2974572777748108,0.28318721055984497,0.2942877411842346,0.2800177037715912
1785545332510918600,80049256,0.2825103998184204,0.31204307079315186,0.27972617745399475,0.3092588186264038
1785545332522373200,80049256,0.2825103998184204,0.31204307079315186,0.27972617745399475,0.3092588186264038
1785545332533412800,80063548,0.2746044397354126,0.33354032039642334,0.27278977632522583,0.3317256569862366
1785545332545096700,80080181,0.2725541293621063,0.35402292013168335,0.27100276947021484,0.35247159004211426
1785545332556419600,80080181,0.2725541293621063,0.35402292013168335,0.27100276947021484,0.35247159004211426
1785545332567777500,80100021,0.31214550137519836,0.3360592722892761,0.31033873558044434,0.3342525362968445
1785545332579088400,80116001,0.329727441072464,0.33468711376190186,0.3280429542064667,0.33300259709358215
1785545332590022400,80116001,0.329727441072464,0.33468711376190186,0.3280429542064667,0.33300259709358215
1785545332599379100,80130180,0.3313613831996918,0.342778742313385,0.3295813500881195,0.34099867939949036
1785545332610631300,80146914,0.3369474709033966,0.3475625813007355,0.3357757329940796,0.3463907837867737
1785545332621333400,80146914,0.3369474709033966,0.3475625813007355,0.3357757329940796,0.3463907837867737
1785545332634009200,80166398,0.3405531644821167,0.35421210527420044,0.33949244022369385,0.3531512916088104
1785545332643962600,80182437,0.34268274903297424,0.3551715016365051,0.3417167067527771,0.3542054295539856
1785545332654894300,80182525,0.3437216281890869,0.35676759481430054,0.3426850438117981,0.3557310104370117
1785545332666063400,80196841,0.3185274600982666,0.3296886086463928,0.31757643818855286,0.3287375867366791
1785545332677446900,80213597,0.2976904809474945,0.3108855187892914,0.2965441346168518,0.3097391724586487
1785545332686878500,80213597,0.2976904809474945,0.3108855187892914,0.2965441346168518,0.3097391724586487
1785545332697887500,80233049,0.28301724791526794,0.29582834243774414,0.28193002939224243,0.294741153717041
1785545332709076900,80233049,0.28301724791526794,0.29582834243774414,0.28193002939224243,0.294741153717041
1785545332719628600,80249304,0.27532652020454407,0.287397563457489,0.2743438184261322,0.28641486167907715
1785545332730972400,80263536,0.2722594738006592,0.28081992268562317,0.2715863883495331,0.2801468074321747
1785545332742089800,80263536,0.2722594738006592,0.28081992268562317,0.2715863883495331,0.2801468074321747
1785545332751687000,80280194,0.26869213581085205,0.2767969071865082,0.2681083083152771,0.27621302008628845
1785545332762846400,80299822,0.26540517807006836,0.2747805416584015,0.2647169232368469,0.27409231662750244
1785545332774027500,80299822,0.26540517807006836,0.2747805416584015,0.2647169232368469,0.27409231662750244
1785545332785657900,80315850,0.264074444770813,0.27318820357322693,0.26340964436531067,0.272523432970047
1785545332796828300,80330183,0.2629033327102661,0.2727149724960327,0.26218974590301514,0.2720014452934265
1785545332807590400,80330183,0.2629033327102661,0.2727149724960327,0.26218974590301514,0.2720014452934265
1785545332817793500,80346910,0.2634231448173523,0.2705857753753662,0.26291802525520325,0.27008065581321716
1785545332829036000,80366463,0.2631240785121918,0.26972606778144836,0.2626906931400299,0.2692926824092865
1785545332839223900,80366463,0.2631240785121918,0.26972606778144836,0.2626906931400299,0.2692926824092865
1785545332850241000,80382596,0.2622734308242798,0.27008217573165894,0.2617610692977905,0.2695697844028473
1785545332861269200,80396841,0.2630007565021515,0.2688180208206177,0.26262643933296204,0.2684437334537506
1785545332872305300,80396841,0.2630007565021515,0.2688180208206177,0.26262643933296204,0.2684437334537506
1785545332883633100,80413493,0.26267772912979126,0.26883119344711304,0.2622970938682556,0.2684505581855774
1785545332894606000,80413493,0.26267772912979126,0.26883119344711304,0.2622970938682556,0.2684505581855774
1785545332904334000,80432996,0.26263347268104553,0.26860564947128296,0.2622680366039276,0.26824021339416504
1785545332915950800,80449247,0.2627546191215515,0.26828792691230774,0.2624281644821167,0.2679614722728729
1785545332925405200,80463538,0.2629595398902893,0.26793280243873596,0.2626740336418152,0.26764726638793945
1785545332936194600,80463538,0.2629595398902893,0.26793280243873596,0.2626740336418152,0.26764726638793945
1785545332947362800,80480166,0.2636537551879883,0.2670007646083832,0.2634809613227844,0.26682794094085693
1785545332956846700,80480166,0.2636537551879883,0.2670007646083832,0.2634809613227844,0.26682794094085693
1785545332967981100,80499794,0.26345857977867126,0.2671075761318207,0.26327139139175415,0.2669203281402588
1785545332978914700,80515920,0.2634056508541107,0.26709380745887756,0.26321932673454285,0.2669074833393097
1785545332989799400,80515920,0.2634056508541107,0.26709380745887756,0.26321932673454285,0.2669074833393097
1785545333000557600,80530201,0.2631807029247284,0.2673049867153168,0.26297008991241455,0.26709437370300293
1785545333011615900,80546818,0.2634084224700928,0.26700082421302795,0.26323285698890686,0.26682525873184204
1785545333021030300,80546818,0.2634084224700928,0.26700082421302795,0.26323285698890686,0.26682525873184204
1785545333032179200,80566636,0.26358330249786377,0.26675939559936523,0.26343584060668945,0.2666119933128357
1785545333042313200,80566636,0.26358330249786377,0.26675939559936523,0.26343584060668945,0.2666119933128357
1785545333053328500,80582633,0.2648254334926605,0.2671735882759094,0.26472753286361694,0.26707568764686584
1785545333064645200,80596955,0.2669216990470886,0.26901304721832275,0.26683875918388367,0.2689301371574402
1785545333075775200,80613494,0.2682760953903198,0.27080973982810974,0.2681737542152405,0.27070745825767517
1785545333087306400,80613494,0.2682760953903198,0.27080973982810974,0.2681737542152405,0.27070745825767517
1785545333098439000,80633116,0.2467530071735382,0.3002106249332428,0.2466554492712021,0.3001130223274231
1785545333109620900,80633116,0.2467530071735382,0.3002106249332428,0.2466554492712021,0.3001130223274231
1785545333120778200,80649346,0.2307397872209549,0.3238773047924042,0.2306593954563141,0.3237968683242798
1785545333131939600,80663512,0.22370804846286774,0.3366492688655853,0.2236604541540146,0.336601585149765
1785545333141707700,80680176,0.2112663835287094,0.3381806015968323,0.21123099327087402,0.3381451964378357
1785545333152930300,80680176,0.2112663835287094,0.3381806015968323,0.21123099327087402,0.3381451964378357
1785545333163988600,80699843,0.22695809602737427,0.31487351655960083,0.22691315412521362,0.3148286044597626
1785545333175174600,80699843,0.22695809602737427,0.31487351655960083,0.22691315412521362,0.3148286044597626
1785545333184441500,80715812,0.2644118070602417,0.2737259566783905,0.26436951756477356,0.27368372678756714
1785545333195981600,80730177,0.2537618577480316,0.28222543001174927,0.2537163496017456,0.28217995166778564
1785545333207258200,80730177,0.2537618577480316,0.28222543001174927,0.2537163496017456,0.28217995166778564
1785545333216610700,80746917,0.27817264199256897,0.25765126943588257,0.27814415097236633,0.25762277841567993
1785545333227329400,80746917,0.27817264199256897,0.25765126943588257,0.27814415097236633,0.25762277841567993
1785545333238172500,80766531,0.2910591959953308,0.2453417032957077,0.291038453578949,0.2453208714723587
1785545333249209400,80782619,0.3029341697692871,0.23377680778503418,0.3029094934463501,0.2337520569562912
1785545333260526600,80796855,0.2948351800441742,0.24268688261508942,0.2948199212551117,0.24267157912254333
1785545333271538400,80796855,0.2948351800441742,0.24268688261508942,0.2948199212551117,0.24267157912254333
1785545333284493400,80813512,0.28103965520858765,0.25699323415756226,0.281028687953949,0.2569822371006012
1785545333293963000,80813512,0.28103965520858765,0.25699323415756226,0.281028687953949,0.2569822371006012
1785545333305518900,80833066,0.27794313430786133,0.2603357136249542,0.27792996168136597,0.26032254099845886
1785545333317699400,80849215,0.27805230021476746,0.26000064611434937,0.2780420482158661,0.2599904239177704
1785545333327625900,80863595,0.2778697609901428,0.2596903443336487,0.27786269783973694,0.2596833109855652
1785545333339238500,80863595,0.2778697609901428,0.2596903443336487,0.27786269783973694,0.2596833109855652
1785545333350206500,80880225,0.274924635887146,0.26159459352493286,0.2749241888523102,0.26159414649009705
1785545333361091400,80880225,0.274924635887146,0.26159459352493286,0.2749241888523102,0.26159414649009705
1785545333372255300,80900145,0.27548450231552124,0.2600680887699127,0.2754838168621063,0.2600674331188202
1785545333383605000,80915947,0.27508366107940674,0.25979357957839966,0.2750837504863739,0.2597936987876892
1785545333394756200,80930172,0.27562424540519714,0.25885462760925293,0.27562403678894043,0.25885438919067383
1785545333404377200,80930172,0.27562424540519714,0.25885462760925293,0.27562403678894043,0.25885438919067383
1785545333415700500,80946912,0.27424269914627075,0.2597424387931824,0.2742439806461334,0.25974372029304504
1785545333426682000,80946912,0.27424269914627075,0.2597424387931824,0.2742439806461334,0.25974372029304504
1785545333437695500,80966378,0.27209562063217163,0.2612479627132416,0.27209946513175964,0.2612517774105072
1785545333448822300,80982481,0.27159085869789124,0.26129528880119324,0.2715958058834076,0.2613002061843872
1785545333459239200,80996827,0.27117568254470825,0.26134368777275085,0.271180659532547,0.261348694562912
1785545333470467200,80996827,0.27117568254470825,0.26134368777275085,0.271180659532547,0.261348694562912
1785545333481333700,81013497,0.2718698978424072,0.26036056876182556,0.27187544107437134,0.2603661119937897
1785545333491021600,81013497,0.2718698978424072,0.26036056876182556,0.27187544107437134,0.2603661119937897
1785545333502548400,81032999,0.271315336227417,0.2606217861175537,0.27132126688957214,0.26062771677970886
1785545333513666500,81049195,0.27066877484321594,0.26105085015296936,0.2706754803657532,0.2610575556755066
1785545333523218700,81049195,0.27066877484321594,0.26105085015296936,0.2706754803657532,0.2610575556755066
1785545333534297900,81063484,0.27005520462989807,0.26148325204849243,0.27006202936172485,0.2614900767803192
1785545333544173500,81080269,0.2686544358730316,0.2626316547393799,0.26866060495376587,0.26263779401779175
1785545333555004300,81080269,0.2686544358730316,0.2626316547393799,0.26866060495376587,0.26263779401779175
1785545333566491100,81099746,0.26862019300460815,0.2624354064464569,0.268626868724823,0.26244205236434937
1785545333577529300,81115859,0.2694724500179291,0.2631247341632843,0.26947957277297974,0.2631318271160126
1785545333588571100,81115859,0.2694724500179291,0.2631247341632843,0.26947957277297974,0.2631318271160126
1785545333599256500,81130163,0.2703547179698944,0.26313120126724243,0.2703624963760376,0.263139009475708
1785545333612125800,81146928,0.2719493806362152,0.2655973434448242,0.2719568908214569,0.2656048834323883
1785545333621577000,81146928,0.2719493806362152,0.2655973434448242,0.2719568908214569,0.2656048834323883
1785545333632868900,81166672,0.2755100131034851,0.27093642950057983,0.2755165994167328,0.2709430158138275
1785545333644022000,81166672,0.2755100131034851,0.27093642950057983,0.2755165994167328,0.2709430158138275
1785545333655155300,81182771,0.2814704477787018,0.2762625217437744,0.2814779579639435,0.2762700319290161
1785545333666057100,81196864,0.2871352732181549,0.2833257019519806,0.28714147210121155,0.28333190083503723
1785545333675604100,81196864,0.2871352732181549,0.2833257019519806,0.28714147210121155,0.28333190083503723
1785545333686656400,81213651,0.2923906743526459,0.28828224539756775,0.2923973500728607,0.2882888913154602
1785545333697852400,81233337,0.29899653792381287,0.29503297805786133,0.2990031838417053,0.2950396239757538
1785545333707550000,81233337,0.29899653792381287,0.29503297805786133,0.2990031838417053,0.2950396239757538
1785545333720714500,81249218,0.30409759283065796,0.30051538348197937,0.3041040301322937,0.3005217909812927
1785545333731802900,81263510,0.3078444302082062,0.30471712350845337,0.3078503906726837,0.3047230541706085
1785545333741591600,81263510,0.3078444302082062,0.30471712350845337,0.3078503906726837,0.3047230541706085
1785545333752770400,81280161,0.3105583190917969,0.30858108401298523,0.31056278944015503,0.308585524559021
1785545333762296500,81299707,0.29296132922172546,0.2906617820262909,0.29296624660491943,0.29066669940948486
1785545333775131600,81299707,0.29296132922172546,0.2906617820262909,0.29296624660491943,0.29066669940948486
1785545333786038300,81315976,0.2835470139980316,0.28113529086112976,0.283552348613739,0.28114062547683716
1785545333795575200,81330139,0.2783430218696594,0.2755795121192932,0.2783490717411041,0.2755855321884155
1785545333806684900,81330139,0.2783430218696594,0.2755795121192932,0.2783490717411041,0.2755855321884155
1785545333817947000,81346802,0.27387839555740356,0.27145808935165405,0.2738840878009796,0.2714638411998749
1785545333830703300,81366336,0.2706993818283081,0.2685554027557373,0.2707047164440155,0.2685607373714447
1785545333840535200,81366336,0.2706993818283081,0.2685554027557373,0.2707047164440155,0.2685607373714447
1785545333851396200,81383013,0.268758088350296,0.26718172430992126,0.2687624394893646,0.26718610525131226
1785545333861236300,81396813,0.26852625608444214,0.2670949101448059,0.26853030920028687,0.26709893345832825
1785545333873972300,81396813,0.26852625608444214,0.2670949101448059,0.26853030920028687,0.26709893345832825
1785545333883703400,81413453,0.2685425877571106,0.26681673526763916,0.268547385931015,0.2668215036392212
1785545333894746500,81432997,0.27033013105392456,0.26866573095321655,0.2703348696231842,0.2686704993247986
1785545333907642100,81432997,0.27033013105392456,0.26866573095321655,0.2703348696231842,0.2686704993247986
1785545333917412200,81449173,0.2737051248550415,0.2722189128398895,0.27370962500572205,0.27222344279289246
1785545333926889000,81463482,0.2784973680973053,0.27749311923980713,0.27850067615509033,0.27749648690223694
1785545333938089100,81463482,0.2784973680973053,0.27749311923980713,0.27850067615509033,0.27749648690223694
1785545333950885500,81480261,0.2857569754123688,0.2848803997039795,0.28575998544692993,0.28488343954086304
1785545333959461200,81480261,0.2857569754123688,0.2848803997039795,0.28575998544692993,0.28488343954086304
1785545333970796800,81500278,0.295424222946167,0.2944958806037903,0.29542744159698486,0.2944990396499634
1785545333982118000,81516291,0.30307483673095703,0.3021872639656067,0.3030779957771301,0.3021904230117798
1785545333991531500,81516291,0.30307483673095703,0.3021872639656067,0.3030779957771301,0.3021904230117798
1785545334003169500,81530214,0.307418555021286,0.306461900472641,0.3074219524860382,0.30646535754203796
1785545334014170900,81546952,0.31258419156074524,0.31178778409957886,0.3125871419906616,0.3117907643318176
1785545334024226200,81546952,0.31258419156074524,0.31178778409957886,0.3125871419906616,0.3117907643318176
1785545334035901200,81566503,0.31748729944229126,0.3169504404067993,0.31748950481414795,0.316952645778656
1785545334045877600,81582514,0.3203330636024475,0.31968769431114197,0.32033571600914,0.3196903169155121
1785545334055994600,81582514,0.3203330636024475,0.31968769431114197,0.32033571600914,0.3196903169155121
1785545334067397100,81596809,0.3030271828174591,0.30256471037864685,0.30302920937538147,0.30256667733192444
1785545334077677300,81613457,0.28946587443351746,0.2889324128627777,0.2894681990146637,0.28893473744392395
1785545334088688200,81613457,0.28946587443351746,0.2889324128627777,0.2894681990146637,0.28893473744392395
1785545334098776300,81633018,0.27982214093208313,0.27927365899086,0.2798245847225189,0.2792760729789734
1785545334109729000,81633018,0.27982214093208313,0.27927365899086,0.2798245847225189,0.2792760729789734
1785545334122331900,81649898,0.2746689021587372,0.27415668964385986,0.2746712863445282,0.2741590142250061
1785545334131835400,81663470,0.27180999517440796,0.271365761756897,0.27181217074394226,0.2713679075241089
1785545334141389900,81663470,0.27180999517440796,0.271365761756897,0.27181217074394226,0.2713679075241089
1785545334151172600,81680225,0.26943323016166687,0.2691439986228943,0.2694348096847534,0.2691456079483032
1785545334162404100,81699886,0.2677178382873535,0.2674270570278168,0.26771944761276245,0.2674286663532257
1785545334173637500,81699886,0.2677178382873535,0.2674270570278168,0.26771944761276245,0.2674286663532257
1785545334184519400,81715812,0.29408255219459534,0.23926343023777008,0.29408422112464905,0.23926511406898499
1785545334196191500,81730134,0.28743797540664673,0.24485841393470764,0.28743988275527954,0.24486032128334045
1785545334205901700,81730134,0.28743797540664673,0.24485841393470764,0.28743988275527954,0.24486032128334045
1785545334217709000,81746780,0.3051968216896057,0.2262728214263916,0.30519846081733704,0.2262745350599289
1785545334228943000,81746780,0.3051968216896057,0.2262728214263916,0.30519846081733704,0.2262745350599289
1785545334237567200,81766314,0.3150342106819153,0.2158658802509308,0.31503555178642273,0.21586720645427704
1785545334248662000,81782501,0.2725791335105896,0.25808340311050415,0.2725803554058075,0.25808462500572205
1785545334259716500,81796806,0.24229706823825836,0.2884371280670166,0.24229823052883148,0.2884382903575897
1785545334270725000,81796806,0.24229706823825836,0.2884371280670166,0.24229823052883148,0.2884382903575897
1785545334282067300,81813554,0.256169855594635,0.2746185064315796,0.25617119669914246,0.27461981773376465
1785545334293149800,81813554,0.256169855594635,0.2746185064315796,0.25617119669914246,0.27461981773376465
1785545334302729400,81832928,0.2439175546169281,0.28723201155662537,0.24391883611679077,0.28723326325416565
1785545334315136700,81849163,0.2526862323284149,0.2788298428058624,0.25268739461898804,0.27883097529411316
1785545334324554900,81849163,0.2526862323284149,0.2788298428058624,0.25268739461898804,0.27883097529411316
1785545334336029500,81863456,0.25947412848472595,0.27228817343711853,0.2594749629497528,0.2722890079021454
1785545334345670500,81880175,0.2627200186252594,0.2691201865673065,0.26272082328796387,0.2691209316253662
1785545334356079800,81880175,0.2627200186252594,0.2691201865673065,0.26272082328796387,0.2691209316253662
1785545334368985700,81899689,0.2622327208518982,0.26956015825271606,0.26223355531692505,0.2695609927177429
1785545334378824600,81915757,0.2613923251628876,0.2702888250350952,0.26139315962791443,0.2702896296977997
1785545334390028300,81915757,0.2613923251628876,0.2702888250350952,0.26139315962791443,0.2702896296977997
1785545334399531600,81930119,0.2604059875011444,0.27121007442474365,0.26040685176849365,0.27121102809906006
1785545334410603600,81946786,0.2609527111053467,0.2705349624156952,0.26095348596572876,0.27053579688072205
1785545334421944900,81946786,0.2609527111053467,0.2705349624156952,0.26095348596572876,0.27053579688072205
1785545334431628100,81966307,0.26207226514816284,0.2692165970802307,0.2620728313922882,0.2692171633243561
1785545334444395900,81966307,0.26207226514816284,0.2692165970802307,0.2620728313922882,0.2692171633243561
1785545334454125100,81982471,0.26156294345855713,0.2696198523044586,0.26156362891197205,0.26962047815322876
1785545334464250400,81996771,0.26249009370803833,0.26854830980300903,0.2624906301498413,0.268548846244812
1785545334475924800,81996771,0.26249009370803833,0.26854830980300903,0.2624906301498413,0.268548846244812
1785545334485269500,82013437,0.26210349798202515,0.2688208520412445,0.2621040940284729,0.26882147789001465
1785545334496295500,82032973,0.2620972692966461,0.268708199262619,0.2620978355407715,0.268708735704422
1785545334507614800,82032973,0.2620972692966461,0.268708199262619,0.2620978355407715,0.268708735704422
1785545334517801500,82049112,0.2622870206832886,0.2684294879436493,0.26228752732276917,0.2684299945831299
1785545334528999200,82063422,0.2631295919418335,0.2674880027770996,0.26312994956970215,0.26748839020729065
1785545334539071800,82063422,0.2631295919418335,0.2674880027770996,0.26312994956970215,0.26748839020729065
1785545334550441300,82080101,0.26330652832984924,0.2672128975391388,0.2633068263530731,0.26721325516700745
1785545334561172800,82080101,0.26330652832984924,0.2672128975391388,0.2633068263530731,0.26721325516700745
1785545334570831100,82099718,0.2629963159561157,0.26743632555007935,0.2629966735839844,0.2674367427825928
1785545334581058600,82115962,0.26301640272140503,0.26735594868659973,0.2630167305469513,0.26735633611679077
1785545334592345000,82130120,0.26283183693885803,0.2675061523914337,0.26283228397369385,0.26750656962394714
1785545334603810100,82130120,0.26283183693885803,0.2675061523914337,0.26283228397369385,0.26750656962394714
1785545334614850200,82146763,0.26346030831336975,0.2668253183364868,0.2634606659412384,0.2668256163597107
1785545334627169600,82146763,0.26346030831336975,0.2668253183364868,0.2634606659412384,0.2668256163597107
1785545334636679000,82166264,0.26351743936538696,0.26672184467315674,0.26351770758628845,0.26672208309173584
1785545334647115200,82182488,0.2635643482208252,0.26664167642593384,0.2635646164417267,0.26664191484451294
1785545334660015700,82196783,0.26367783546447754,0.266501784324646,0.26367804408073425,0.2665020525455475
1785545334669683700,82196783,0.26367783546447754,0.266501784324646,0.26367804408073425,0.2665020525455475
1785545334681057100,82213429,0.2635180950164795,0.2666405737400055,0.263518363237381,0.26664090156555176
1785545334693616700,82213429,0.2635180950164795,0.2666405737400055,0.263518363237381,0.26664090156555176
1785545334703199700,82232958,0.2636168599128723,0.26652050018310547,0.2636170983314514,0.2665207087993622
1785545334714279400,82249378,0.2637537121772766,0.2663675546646118,0.2637539803981781,0.2663677930831909
1785545334724091600,82249378,0.2637537121772766,0.2663675546646118,0.2637539803981781,0.2663677930831909
1785545334735681500,82263424,0.26388466358184814,0.26622363924980164,0.26388484239578247,0.2662237882614136
1785545334745361000,82280109,0.2642675042152405,0.26582175493240356,0.2642676532268524,0.2658218741416931
1785545334754904800,82280109,0.2642675042152405,0.26582175493240356,0.2642676532268524,0.2658218741416931
1785545334766333000,82299655,0.26418760418891907,0.2658851444721222,0.264187753200531,0.2658853232860565
1785545334777700800,82299655,0.26418760418891907,0.2658851444721222,0.264187753200531,0.2658853232860565
1785545334787031300,82315760,0.264168918132782,0.26589253544807434,0.2641690671443939,0.26589271426200867
1785545334799968400,82330118,0.2640618085861206,0.2659930884838104,0.26406195759773254,0.26599326729774475
1785545334810934000,82346768,0.26418083906173706,0.2658664584159851,0.264180988073349,0.26586657762527466
1785545334820789800,82346768,0.26418083906173706,0.2658664584159851,0.264180988073349,0.26586657762527466
1785545334831993100,82366305,0.2642785608768463,0.2657614052295685,0.26427870988845825,0.26576152443885803
1785545334842112400,82366305,0.2642785608768463,0.2657614052295685,0.26427870988845825,0.26576152443885803
1785545334851464200,82382506,0.2643372416496277,0.26569756865501404,0.26433733105659485,0.2656976282596588
1785545334862352400,82396770,0.2645329535007477,0.2654964029788971,0.26453304290771484,0.26549646258354187
1785545334873474200,82396770,0.2645329535007477,0.2654964029788971,0.26453304290771484,0.26549646258354187
1785545334884297900,82413401,0.2644701302051544,0.26555487513542175,0.2644702196121216,0.2655549645423889
1785545334895446600,82433004,0.2644541263580322,0.2655666172504425,0.2644542157649994,0.26556673645973206
1785545334906730600,82433004,0.2644541263580322,0.2655666172504425,0.2644542157649994,0.26556673645973206
1785545334917824300,82449149,0.2644942104816437,0.26552361249923706,0.26449429988861084,0.2655237317085266
1785545334929120300,82463422,0.26455146074295044,0.26546406745910645,0.2645515501499176,0.265464186668396
1785545334939309800,82463422,0.26455146074295044,0.26546406745910645,0.2645515501499176,0.265464186668396
1785545334950383700,82480180,0.2646951973438263,0.26531746983528137,0.26469525694847107,0.26531749963760376
1785545334961430000,82480180,0.2646951973438263,0.26531746983528137,0.26469525694847107,0.26531749963760376
1785545334971166000,82499662,0.2647005617618561,0.2653094530105591,0.26470065116882324,0.26530951261520386
1785545334982109100,82515870,0.2646910846233368,0.2653172016143799,0.26469114422798157,0.26531723141670227
1785545334993004900,82530112,0.2646430432796478,0.2653641998767853,0.2646430730819702,0.26536428928375244
1785545335004035600,82530112,0.2646430432796478,0.2653641998767853,0.2646430730819702,0.26536428928375244
1785545335015032000,82546847,0.2646842896938324,0.26532185077667236,0.2646843194961548,0.2653219401836395
1785545335026023900,82546847,0.2646842896938324,0.26532185077667236,0.2646843194961548,0.2653219401836395
1785545335036133300,82566266,0.2647774815559387,0.26522740721702576,0.2647775411605835,0.26522740721702576
1785545335047377400,82582403,0.26479995250701904,0.2652040719985962,0.26479998230934143,0.2652041018009186
1785545335057460800,82582403,0.26479995250701904,0.2652040719985962,0.26479998230934143,0.2652041018009186
1785545335068888500,82596750,0.2648095488548279,0.2651938498020172,0.26480960845947266,0.2651938796043396
1785545335080540700,82613493,0.26477569341659546,0.26522716879844666,0.2647757828235626,0.26522719860076904
1785545335091374100,82613493,0.26477569341659546,0.26522716879844666,0.2647757828235626,0.26522719860076904
1785545335101002800,82632955,0.2647920548915863,0.2652103304862976,0.2647920846939087,0.2652103900909424
1785545335112146500,82649152,0.26481738686561584,0.2651846706867218,0.26481741666793823,0.2651847302913666
1785545335121449100,82649152,0.26481738686561584,0.2651846706867218,0.26481741666793823,0.2651847302913666
1785545335132560000,82663432,0.26484012603759766,0.2651616334915161,0.26484015583992004,0.2651616930961609
1785545335143987100,82680093,0.2648984491825104,0.26510295271873474,0.26489847898483276,0.26510295271873474
1785545335154722000,82680093,0.2648984491825104,0.26510295271873474,0.26489847898483276,0.26510295271873474
1785545335165937300,82699612,0.26488927006721497,0.2651117742061615,0.26488929986953735,0.2651117742061615
1785545335176654700,82699612,0.26488927006721497,0.2651117742061615,0.26488929986953735,0.2651117742061615
1785545335187612700,82715772,0.264888197183609,0.26511266827583313,0.2648882269859314,0.26511266827583313
1785545335198520700,82730094,0.2648739218711853,0.2651267945766449,0.2648739516735077,0.2651268243789673
1785545335209194600,82746849,0.2648918926715851,0.26510870456695557,0.26489192247390747,0.26510873436927795
1785545335220682800,82746849,0.2648918926715851,0.26510870456695557,0.26489192247390747,0.26510873436927795
1785545335231834200,82766321,0.2649068832397461,0.265093594789505,0.2649069130420685,0.2650936245918274
1785545335241590800,82766321,0.2649068832397461,0.265093594789505,0.2649069130420685,0.2650936245918274
1785545335251137600,82782820,0.26493459939956665,0.2650657892227173,0.26493462920188904,0.2650658190250397
1785545335262362400,82796755,0.264924019575119,0.26507633924484253,0.2649240493774414,0.2650763690471649
1785545335273645000,82796755,0.264924019575119,0.26507633924484253,0.2649240493774414,0.2650763690471649
1785545335284402800,82813412,0.2649112343788147,0.2650890648365021,0.2649112343788147,0.26508909463882446
1785545335294050700,82813412,0.2649112343788147,0.2650890648365021,0.2649112343788147,0.26508909463882446
1785545335305409100,82832987,0.2649414539337158,0.2650587558746338,0.2649414837360382,0.2650587558746338
1785545335316539100,82849158,0.2649499773979187,0.2650502324104309,0.2649499475955963,0.2650502026081085
1785545335325707600,82863438,0.26495274901390076,0.26504743099212646,0.26495271921157837,0.26504743099212646
1785545335337339900,82863438,0.26495274901390076,0.26504743099212646,0.26495271921157837,0.26504743099212646
1785545335350171900,82880160,0.2649676501750946,0.26503247022628784,0.2649676203727722,0.26503250002861023
1785545335359843500,82880160,0.2649676501750946,0.26503247022628784,0.2649676203727722,0.26503250002861023
1785545335370851700,82899633,0.26496776938438416,0.26503226161003113,0.26496779918670654,0.2650322914123535
1785545335382085500,82915801,0.2649673819541931,0.26503264904022217,0.2649674117565155,0.26503264904022217
1785545335392964900,82915801,0.2649673819541931,0.26503264904022217,0.2649674117565155,0.26503264904022217
1785545335404189700,82930092,0.26496246457099915,0.26503756642341614,0.26496249437332153,0.26503756642341614
1785545335413793400,82946754,0.26496830582618713,0.26503172516822815,0.2649683356285095,0.26503169536590576
1785545335423849900,82946754,0.26496830582618713,0.26503172516822815,0.2649683356285095,0.26503169536590576
1785545335434535300,82966466,0.2907602787017822,0.2908136546611786,0.2391863763332367,0.23923973739147186
1785545335444145400,82982541,0.31115636229515076,0.31119200587272644,0.21880799531936646,0.21884365379810333
1785545335455990600,82982541,0.31115636229515076,0.31119200587272644,0.21880799531936646,0.21884365379810333
1785545335465661400,82996951,0.32252898812294006,0.3225594162940979,0.20744366943836212,0.20747411251068115
1785545335475728600,83013422,0.3062014877796173,0.30623912811279297,0.22376640141010284,0.2238040417432785
1785545335486705800,83013422,0.3062014877796173,0.30623912811279297,0.22376640141010284,0.2238040417432785
1785545335497739600,83032969,0.3172184228897095,0.3172546923160553,0.21279644966125488,0.2128327488899231
1785545335508936100,83032969,0.3172184228897095,0.3172546923160553,0.21279644966125488,0.2128327488899231
1785545335519971400,83049136,0.31150615215301514,0.31153687834739685,0.21866509318351746,0.21869583427906036
1785545335531001500,83063416,0.30226007103919983,0.30228590965270996,0.22828464210033417,0.2283105105161667
1785545335542235200,83080075,0.29539954662323,0.29541948437690735,0.23613983392715454,0.2361598014831543
1785545335555061000,83080075,0.29539954662323,0.29541948437690735,0.23613983392715454,0.2361598014831543
1785545335564870700,83099737,0.291150838136673,0.2911655604839325,0.24317099153995514,0.24318568408489227
1785545335576014600,83099737,0.291150838136673,0.2911655604839325,0.24317099153995514,0.24318568408489227
1785545335587205600,83115808,0.29285189509391785,0.29286545515060425,0.2441462278366089,0.2441597431898117
1785545335598084000,83130089,0.29859286546707153,0.29860955476760864,0.23995420336723328,0.2399708777666092
1785545335609329600,83146740,0.2964323163032532,0.29644617438316345,0.24486857652664185,0.24488241970539093
1785545335620781200,83146740,0.2964323163032532,0.29644617438316345,0.24486857652664185,0.24488241970539093
1785545335631961100,83166472,0.2954910099506378,0.29550227522850037,0.2491825371980667,0.24919381737709045
1785545335641437000,83166472,0.2954910099506378,0.29550227522850037,0.2491825371980667,0.24919381737709045
1785545335653724900,83182524,0.2642796039581299,0.2642861604690552,0.2848312258720398,0.2848378121852875
1785545335662101900,83196733,0.25289517641067505,0.25290292501449585,0.29877471923828125,0.29878246784210205
1785545335673128000,83196733,0.25289517641067505,0.25290292501449585,0.29877471923828125,0.29878246784210205
1785545335684046000,83213477,0.2670610249042511,0.26707038283348083,0.286568284034729,0.28657764196395874
1785545335695805500,83232929,0.24898973107337952,0.2489943653345108,0.30927973985671997,0.30928438901901245
1785545335705392200,83232929,0.24898973107337952,0.2489943653345108,0.30927973985671997,0.30928438901901245
1785545335717513600,83249111,0.23499181866645813,0.23499490320682526,0.3261103332042694,0.32611343264579773
1785545335727067300,83263414,0.2457442581653595,0.2457469403743744,0.3169950544834137,0.316997766494751
1785545335738233300,83263414,0.2457442581653595,0.2457469403743744,0.3169950544834137,0.316997766494751
1785545335749886300,83280154,0.26137682795524597,0.26137781143188477,0.30069488286972046,0.30069592595100403
1785545335760892500,83280154,0.26137682795524597,0.26137781143188477,0.30069488286972046,0.30069592595100403
1785545335771924900,83299620,0.26513075828552246,0.2651316225528717,0.29495933651924133,0.2949602007865906
1785545335784972700,83315798,0.2633872628211975,0.26338809728622437,0.2942489683628082,0.2942497730255127
1785545335794057100,83330070,0.25852659344673157,0.2585276663303375,0.2976926267147064,0.29769375920295715
1785545335807094500,83330070,0.25852659344673157,0.2585276663303375,0.2976926267147064,0.29769375920295715
1785545335816519200,83346726,0.259286105632782,0.259286493062973,0.29449179768562317,0.2944921553134918
1785545335827536500,83346726,0.259286105632782,0.259286493062973,0.29449179768562317,0.2944921553134918
1785545335837723600,83366314,0.2616834044456482,0.2616828680038452,0.28860238194465637,0.2886018455028534
1785545335848783200,83382423,0.2611546814441681,0.26115378737449646,0.28655335307121277,0.28655245900154114
1785545335860015300,83396745,0.26084041595458984,0.26083943247795105,0.2847333252429962,0.2847323715686798
1785545335870921900,83396745,0.26084041595458984,0.26083943247795105,0.2847333252429962,0.2847323715686798
1785545335882046600,83413418,0.2578276991844177,0.257826566696167,0.2860639691352844,0.2860628366470337
1785545335891759600,83413418,0.2578276991844177,0.257826566696167,0.2860639691352844,0.2860628366470337
1785545335902909700,83432981,0.25801557302474976,0.2580143213272095,0.2841213345527649,0.2841200828552246
1785545335914134200,83449115,0.2586391270160675,0.25863757729530334,0.2821843922138214,0.28218281269073486
1785545335925622400,83463412,0.26165589690208435,0.2616543173789978,0.2776821553707123,0.27768057584762573
1785545335935740800,83463412,0.26165589690208435,0.2616543173789978,0.2776821553707123,0.27768057584762573
1785545335946937600,83480154,0.2611295282840729,0.26112794876098633,0.2767654359340668,0.2767638862133026
1785545335959603400,83480154,0.2611295282840729,0.26112794876098633,0.2767654359340668,0.2767638862133026
1785545335970665100,83499686,0.2595977783203125,0.259596049785614,0.2769660949707031,0.276964396238327
1785545335980432500,83515757,0.2593997120857239,0.25939783453941345,0.2762451171875,0.27624326944351196
1785545335991354300,83515757,0.2593997120857239,0.25939783453941345,0.2762451171875,0.27624326944351196
1785545336002752800,83530088,0.258370041847229,0.25836795568466187,0.2767408490180969,0.2767387926578522
1785545336012193200,83546750,0.2594079077243805,0.2594057619571686,0.27506133913993835,0.27505922317504883
1785545336022240100,83546750,0.2594079077243805,0.2594057619571686,0.27506133913993835,0.27505922317504883
1785545336035016000,83566346,0.25984784960746765,0.25984570384025574,0.2739890515804291,0.27398693561553955
1785545336045344600,83582430,0.26010850071907043,0.26010632514953613,0.27326881885528564,0.2732667028903961
1785545336056780200,83582430,0.26010850071907043,0.26010632514953613,0.27326881885528564,0.2732667028903961
1785545336067753000,83596736,0.26183992624282837,0.26183828711509705,0.27103468775749207,0.27103304862976074
1785545336078905200,83613384,0.2608020305633545,0.26080015301704407,0.2716766893863678,0.2716748118400574
1785545336089999900,83613384,0.2608020305633545,0.26080015301704407,0.2716766893863678,0.2716748118400574
1785545336102527600,83632925,0.2605583071708679,0.2605562210083008,0.27153438329696655,0.2715322971343994
1785545336112482400,83649203,0.2608407735824585,0.26083874702453613,0.2709777355194092,0.2709757089614868
1785545336122340800,83649203,0.2608407735824585,0.26083874702453613,0.2709777355194092,0.2709757089614868
1785545336133423600,83663391,0.2364262044429779,0.23642458021640778,0.29511159658432007,0.29510998725891113
1785545336144426800,83680080,0.21404489874839783,0.21404322981834412,0.3172207474708557,0.3172191083431244
1785545336155785600,83680080,0.21404489874839783,0.21404322981834412,0.3172207474708557,0.3172191083431244
1785545336165424000,83699623,0.2086998075246811,0.20869816839694977,0.3222905695438385,0.3222889304161072
1785545336176548500,83699623,0.2086998075246811,0.20869816839694977,0.3222905695438385,0.3222889304161072
1785545336186058500,83715753,0.20055615901947021,0.20055441558361053,0.3301573097705841,0.330155611038208
1785545336197035900,83730039,0.21333004534244537,0.21332812309265137,0.31722337007522583,0.317221462726593
1785545336208302500,83746780,0.229416161775589,0.22941464185714722,0.3011210858821869,0.3011195957660675
1785545336219517000,83746780,0.229416161775589,0.22941464185714722,0.3011210858821869,0.3011195957660675
1785545336230569100,83766239,0.23408734798431396,0.23408585786819458,0.29689279198646545,0.29689130187034607
1785545336242006500,83766239,0.23408734798431396,0.23408585786819458,0.29689279198646545,0.29689130187034607
1785545336251682900,83782365,0.23531679809093475,0.2353152483701706,0.2966221272945404,0.29662054777145386
1785545336262811500,83796705,0.23792168498039246,0.23792031407356262,0.2955288887023926,0.29552748799324036
1785545336273857400,83796705,0.23792168498039246,0.23792031407356262,0.2955288887023926,0.29552748799324036
1785545336285268600,83813393,0.2340625822544098,0.2340610921382904,0.3005763292312622,0.30057480931282043
1785545336296370800,83832886,0.2379373013973236,0.23793582618236542,0.29869186878204346,0.2986903786659241
1785545336305902700,83832886,0.2379373013973236,0.23793582618236542,0.29869186878204346,0.2986903786659241
1785545336317249900,83849060,0.2421838939189911,0.24218247830867767,0.29649195075035095,0.29649055004119873
1785545336326823900,83863365,0.2464383840560913,0.24643704295158386,0.2945517599582672,0.29455041885375977
1785545336337740200,83863365,0.2464383840560913,0.24643704295158386,0.2945517599582672,0.29455041885375977
1785545336348910100,83880023,0.2570289075374603,0.25702783465385437,0.2889919877052307,0.28899088501930237
1785545336359145900,83880023,0.2570289075374603,0.25702783465385437,0.2889919877052307,0.28899088501930237
1785545336370121200,83899570,0.2571573257446289,0.25715622305870056,0.2939431369304657,0.29394203424453735
1785545336381018300,83915740,0.2592846751213074,0.2592836022377014,0.2959918677806854,0.29599079489707947
1785545336392394600,83930040,0.25845539569854736,0.25845417380332947,0.2992292642593384,0.2992280125617981
1785545336403943500,83930040,0.25845539569854736,0.25845417380332947,0.2992292642593384,0.2992280125617981
1785545336415057900,83946811,0.26325148344039917,0.26325032114982605,0.29791614413261414,0.2979150116443634
1785545336424484100,83946811,0.26325148344039917,0.26325032114982605,0.29791614413261414,0.2979150116443634
1785545336436008400,83966455,0.267598032951355,0.2675970196723938,0.2977391183376312,0.29773810505867004
1785545336445756900,83982853,0.2743174135684967,0.2743164896965027,0.29604676365852356,0.29604583978652954
1785545336455104200,83982853,0.2743174135684967,0.2743164896965027,0.29604676365852356,0.29604583978652954
1785545336465991200,83997131,0.27728310227394104,0.2772822976112366,0.2974649667739868,0.2974641025066376
1785545336477509300,84013442,0.27635034918785095,0.27634942531585693,0.30178576707839966,0.301784873008728
1785545336488820800,84013442,0.27635034918785095,0.27634942531585693,0.30178576707839966,0.301784873008728
1785545336498474400,84033295,0.27928516268730164,0.2792842984199524,0.3029060661792755,0.30290520191192627
1785545336509705600,84033295,0.27928516268730164,0.2792842984199524,0.3029060661792755,0.30290520191192627
1785545336520614700,84049252,0.2822515368461609,0.2822507321834564,0.3031099736690521,0.30310922861099243
1785545336531580100,84063386,0.28803539276123047,0.28803473711013794,0.3015403151512146,0.3015396296977997
1785545336544227900,84080159,0.29041603207588196,0.2904154658317566,0.30360379815101624,0.30360323190689087
1785545336554400700,84080159,0.29041603207588196,0.2904154658317566,0.30360379815101624,0.30360323190689087
1785545336565570400,84099676,0.29187145829200745,0.2918708026409149,0.30654457211494446,0.30654388666152954
1785545336574765500,84099676,0.29187145829200745,0.2918708026409149,0.30654457211494446,0.30654388666152954
1785545336584165800,84115877,0.293918639421463,0.29391810297966003,0.30783405900001526,0.3078334629535675
1785545336595734300,84130061,0.2943039834499359,0.29430338740348816,0.30938324332237244,0.3093825876712799
1785545336605365000,84130061,0.2943039834499359,0.29430338740348816,0.30938324332237244,0.3093825876712799
1785545336616342900,84146696,0.32191845774650574,0.3219180107116699,0.2844310998916626,0.284430593252182
1785545336627507000,84166078,0.3425127863883972,0.3425123989582062,0.2653099596500397,0.26530957221984863
1785545336638797700,84166252,0.34131598472595215,0.34131553769111633,0.26879987120628357,0.26879948377609253
1785545336650324200,84182796,0.35213810205459595,0.35213756561279297,0.2600134313106537,0.2600128948688507
1785545336661353800,84196707,0.3618100881576538,0.36180955171585083,0.25160256028175354,0.2516019940376282
1785545336672320900,84196707,0.3618100881576538,0.36180955171585083,0.25160256028175354,0.2516019940376282
1785545336683873200,84213378,0.34676700830459595,0.3467664122581482,0.26767319440841675,0.267672598361969
1785545336695049300,84213378,0.34676700830459595,0.3467664122581482,0.26767319440841675,0.267672598361969
1785545336705512800,84232988,0.33420830965042114,0.3342079520225525,0.2763972878456116,0.27639687061309814
1785545336716662900,84249497,0.3288913667201996,0.3288910984992981,0.2767602205276489,0.27675995230674744
1785545336725895400,84263361,0.324514776468277,0.3245144486427307,0.27539095282554626,0.275390625
1785545336737343900,84263361,0.324514776468277,0.3245144486427307,0.27539095282554626,0.275390625
1785545336748110100,84280021,0.318015456199646,0.31801512837409973,0.2735331058502197,0.2735328674316406
1785545336759200500,84280021,0.318015456199646,0.31801512837409973,0.2735331058502197,0.2735328674316406
1785545336770611500,84299597,0.3093521296977997,0.30935198068618774,0.2714725136756897,0.27147236466407776
1785545336781965700,84315784,0.3058888018131256,0.3058885931968689,0.26746806502342224,0.2674678564071655
1785545336791501200,84330014,0.3073761761188507,0.30737587809562683,0.2616967260837555,0.2616964280605316
1785545336804286000,84330014,0.3073761761188507,0.30737587809562683,0.2616967260837555,0.2616964280605316
1785545336813710400,84346749,0.3021949827671051,0.30219465494155884,0.26190969347953796,0.2619093954563141
1785545336825178200,84346749,0.3021949827671051,0.30219465494155884,0.26190969347953796,0.2619093954563141
1785545336836135100,84366291,0.2940515875816345,0.2940514087677002,0.2639974057674408,0.26399722695350647
1785545336848645800,84382393,0.2912725508213043,0.29127243161201477,0.2626051604747772,0.2626050114631653
1785545336857742800,84382393,0.2912725508213043,0.29127243161201477,0.2626051604747772,0.2626050114631653
1785545336868726100,84396729,0.2889331877231598,0.28893300890922546,0.261680006980896,0.2616797387599945
1785545336879966400,84413374,0.2902034521102905,0.2902032136917114,0.2578447461128235,0.2578445076942444
1785545336891028200,84413374,0.2902034521102905,0.2902032136917114,0.2578447461128235,0.2578445076942444
1785545336902250900,84432906,0.2876508831977844,0.28765079379081726,0.25785502791404724,0.25785496830940247
1785545336914388400,84449064,0.2851818799972534,0.28518176078796387,0.2584833800792694,0.25848332047462463
1785545336925815900,84463337,0.27985426783561707,0.2798541188240051,0.2618247866630554,0.26182466745376587
1785545336936116200,84463337,0.27985426783561707,0.2798541188240051,0.2618247866630554,0.26182466745376587
1785545336947308600,84480207,0.2786754071712494,0.27867522835731506,0.26109275221824646,0.2610926032066345
1785545336957347900,84480207,0.2786754071712494,0.27867522835731506,0.26109275221824646,0.2610926032066345
1785545336968305700,84500139,0.2780343294143677,0.27803415060043335,0.25844091176986694,0.258440762758255
1785545336980861100,84516150,0.27519160509109497,0.27519142627716064,0.2562638223171234,0.2562636733055115
1785545336990693700,84516150,0.27519160509109497,0.27519142627716064,0.2562638223171234,0.2562636733055115
1785545337003310500,84530119,0.2746189534664154,0.27461880445480347,0.25395581126213074,0.253955602645874
1785545337012744600,84546732,0.2692686915397644,0.2692687213420868,0.25168368220329285,0.25168368220329285
1785545337023796800,84546732,0.2692686915397644,0.2692687213420868,0.25168368220329285,0.25168368220329285
1785545337035012600,84566493,0.26075679063796997,0.26075679063796997,0.2472505122423172,0.24725045263767242
1785545337045465200,84582555,0.25500088930130005,0.2550007998943329,0.2390700876712799,0.23906999826431274
1785545337055882200,84582555,0.25500088930130005,0.2550007998943329,0.2390700876712799,0.23906999826431274
1785545337068516600,84596696,0.2459319680929184,0.24593183398246765,0.23394721746444702,0.23394712805747986
1785545337079528400,84613428,0.2412106692790985,0.24121053516864777,0.2276674509048462,0.22766736149787903
1785545337089020900,84613428,0.2412106692790985,0.24121053516864777,0.2276674509048462,0.22766736149787903
1785545337099220000,84632949,0.23299987614154816,0.2329997718334198,0.21976061165332794,0.21976050734519958
1785545337110276100,84632949,0.23299987614154816,0.2329997718334198,0.21976061165332794,0.21976050734519958
1785545337121307400,84649073,0.2248390018939972,0.22483892738819122,0.21236103773117065,0.21236096322536469
1785545337130934900,84663368,0.2166859656572342,0.21668589115142822,0.20526744425296783,0.20526738464832306
1785545337142328200,84680026,0.20545925199985504,0.20545916259288788,0.19734326004981995,0.19734318554401398
1785545337153027800,84680026,0.20545925199985504,0.20545916259288788,0.19734326004981995,0.19734318554401398
1785545337165584000,84699667,0.1948813647031784,0.19488126039505005,0.1861998736858368,0.18619976937770844
1785545337175551900,84699667,0.1948813647031784,0.19488126039505005,0.1861998736858368,0.18619976937770844
1785545337186723200,84715819,0.18571075797080994,0.18571066856384277,0.17681066691875458,0.17681056261062622
1785545337196368100,84730085,0.18099400401115417,0.180993914604187,0.1709100902080536,0.17090998589992523
1785545337207487200,84730085,0.18099400401115417,0.180993914604187,0.1709100902080536,0.17090998589992523
1785545337217799700,84746750,0.17304296791553497,0.17304286360740662,0.16362620890140533,0.16362610459327698
1785545337229070200,84766227,0.1630454659461975,0.16304554045200348,0.1545470654964447,0.15454715490341187
1785545337239474400,84766227,0.1630454659461975,0.16304554045200348,0.1545470654964447,0.15454715490341187
1785545337252004500,84782357,0.15355390310287476,0.15355399250984192,0.14683791995048523,0.1468380242586136
1785545337263022200,84796684,0.14506682753562927,0.14506687223911285,0.13905692100524902,0.1390569806098938
1785545337272600700,84796684,0.14506682753562927,0.14506687223911285,0.13905692100524902,0.1390569806098938
1785545337283577400,84813357,0.13903525471687317,0.13903526961803436,0.13226200640201569,0.13226200640201569
1785545337294697500,84813357,0.13903525471687317,0.13903526961803436,0.13226200640201569,0.13226200640201569
1785545337304210900,84832970,0.1305275559425354,0.1305275559425354,0.12364262342453003,0.12364260852336884
1785545337315737100,84849059,0.1231493353843689,0.1231493353843689,0.11661763489246368,0.11661762744188309
1785545337325429400,84863352,0.11666207015514374,0.11666207015514374,0.11152056604623795,0.11152056604623795
1785545337336651400,84863352,0.11666207015514374,0.11666207015514374,0.11152056604623795,0.11152056604623795
1785545337347589500,84880002,0.11065850406885147,0.11065850406885147,0.10632748156785965,0.10632748156785965
1785545337359008100,84880002,0.11065850406885147,0.11065850406885147,0.10632748156785965,0.10632748156785965
1785545337369859800,84899507,0.10653902590274811,0.10653901845216751,0.10217724740505219,0.10217724740505219
1785545337380862600,84915787,0.16324284672737122,0.16324284672737122,0.15907536447048187,0.15907536447048187
1785545337392042600,84915787,0.16324284672737122,0.16324284672737122,0.15907536447048187,0.15907536447048187
1785545337402114300,84930009,0.19564615190029144,0.19564615190029144,0.19149477779865265,0.19149477779865265
1785545337411750600,84946660,0.22094011306762695,0.22094011306762695,0.2176312953233719,0.2176312953233719
1785545337422971100,84946660,0.22094011306762695,0.22094011306762695,0.2176312953233719,0.2176312953233719
1785545337434169500,84966330,0.23887106776237488,0.23887106776237488,0.2363206148147583,0.2363205999135971
1785545337445489100,84982500,0.2480829358100891,0.24808292090892792,0.246389240026474,0.246389240026474
1785545337455829200,84982500,0.2480829358100891,0.24808292090892792,0.246389240026474,0.246389240026474
1785545337467065900,84996767,0.2527640759944916,0.2527640461921692,0.25133854150772095,0.25133854150772095
1785545337478396300,85013352,0.255676805973053,0.2556767761707306,0.25420746207237244,0.25420746207237244
1785545337489601000,85013352,0.255676805973053,0.2556767761707306,0.25420746207237244,0.25420746207237244
1785545337500593100,85032920,0.2570202350616455,0.2570202648639679,0.25529754161834717,0.25529757142066956
1785545337511613900,85049080,0.2550719976425171,0.2550719976425171,0.2534972131252289,0.25349724292755127
1785545337521313100,85049080,0.2550719976425171,0.2550719976425171,0.2534972131252289,0.25349724292755127
1785545337532493100,85063331,0.25071337819099426,0.25071337819099426,0.2496531903743744,0.2496531903743744
1785545337545548100,85080086,0.24396918714046478,0.24396918714046478,0.24308353662490845,0.24308353662490845
1785545337555081300,85080086,0.24396918714046478,0.24396918714046478,0.24308353662490845,0.24308353662490845
1785545337566285800,85099544,0.23505428433418274,0.23505428433418274,0.23413072526454926,0.23413072526454926
1785545337577554900,85115658,0.2268427163362503,0.2268427163362503,0.2259243130683899,0.2259243130683899
1785545337588470200,85115658,0.2268427163362503,0.2268427163362503,0.2259243130683899,0.2259243130683899
1785545337599710300,85130012,0.22214217483997345,0.22214217483997345,0.22110871970653534,0.22110871970653534
1785545337610647900,85146664,0.21473553776741028,0.21473553776741028,0.21382981538772583,0.21382981538772583
1785545337622121000,85146664,0.21473553776741028,0.21473553776741028,0.21382981538772583,0.21382981538772583
1785545337631849800,85166256,0.20542848110198975,0.20542846620082855,0.20476578176021576,0.20476578176021576
1785545337642927400,85166256,0.20542848110198975,0.20542846620082855,0.20476578176021576,0.20476578176021576
1785545337654240700,85182327,0.196980282664299,0.196980282664299,0.19640874862670898,0.19640874862670898
1785545337663914000,85196651,0.18897804617881775,0.18897804617881775,0.18844790756702423,0.18844790756702423
1785545337674574600,85196651,0.18897804617881775,0.18897804617881775,0.18844790756702423,0.18844790756702423
1785545337684156300,85213422,0.18292514979839325,0.18292516469955444,0.18231047689914703,0.18231046199798584
1785545337695745600,85232810,0.174350768327713,0.174350768327713,0.17376762628555298,0.17376762628555298
1785545337705059100,85232810,0.174350768327713,0.174350768327713,0.17376762628555298,0.17376762628555298
1785545337716203300,85249438,0.16614535450935364,0.16614533960819244,0.16562916338443756,0.16562916338443756
1785545337727307900,85263325,0.15921840071678162,0.15921840071678162,0.15884822607040405,0.15884822607040405
1785545337738583700,85263325,0.15921840071678162,0.15921840071678162,0.15884822607040405,0.15884822607040405
1785545337749374200,85279998,0.15176963806152344,0.15176965296268463,0.15148943662643433,0.15148943662643433
1785545337760634100,85279998,0.15176963806152344,0.15176965296268463,0.15148943662643433,0.15148943662643433
1785545337771740100,85299592,0.14539393782615662,0.1453939527273178,0.1451016217470169,0.1451016217470169
1785545337781118300,85315697,0.14188650250434875,0.14188650250434875,0.14160668849945068,0.14160668849945068
1785545337791833500,85329999,0.13986825942993164,0.13986825942993164,0.13956578075885773,0.13956578075885773
1785545337802693800,85329999,0.13986825942993164,0.13986825942993164,0.13956578075885773,0.13956578075885773
1785545337813740500,85346651,0.18494196236133575,0.18494194746017456,0.18468734622001648,0.18468734622001648
1785545337824041300,85346651,0.18494196236133575,0.18494194746017456,0.18468734622001648,0.18468734622001648
1785545337835944100,85366216,0.2168787568807602,0.216878741979599,0.21669302880764008,0.21669304370880127
1785545337845354900,85382318,0.23377566039562225,0.23377566039562225,0.23364382982254028,0.23364382982254028
1785545337856665400,85382318,0.23377566039562225,0.23377566039562225,0.23364382982254028,0.23364382982254028
1785545337866194300,85396764,0.27044832706451416,0.21667587757110596,0.2703818380832672,0.21660937368869781
1785545337878033300,85413393,0.2739602029323578,0.22815893590450287,0.27388858795166016,0.22808727622032166
1785545337888898300,85413393,0.2739602029323578,0.22815893590450287,0.27388858795166016,0.22808727622032166
1785545337900184100,85432812,0.29655423760414124,0.2166745662689209,0.29649049043655396,0.21661080420017242
1785545337911005000,85449233,0.31612157821655273,0.20310530066490173,0.31607213616371155,0.20305587351322174
1785545337922248000,85449233,0.31612157821655273,0.20310530066490173,0.31607213616371155,0.20305587351322174
1785545337933140600,85463297,0.32923540472984314,0.19333136081695557,0.3291984796524048,0.1932944655418396
1785545337944296100,85480025,0.3122965097427368,0.21313785016536713,0.3122865855693817,0.21312794089317322
1785545337955652600,85480025,0.3122965097427368,0.21313785016536713,0.3122865855693817,0.21312794089317322
1785545337966436300,85499687,0.2981512248516083,0.22984343767166138,0.29814866185188293,0.22984084486961365
1785545337977428300,85515645,0.26627156138420105,0.26379427313804626,0.2662714719772339,0.2637941539287567
1785545337988335100,85515645,0.26627156138420105,0.26379427313804626,0.2662714719772339,0.2637941539287567
1785545337998725800,85530005,0.2781393826007843,0.2531352937221527,0.2781350612640381,0.2531309723854065
1785545338009808100,85546646,0.2577356696128845,0.27562880516052246,0.2577399015426636,0.2756330668926239
1785545338020833000,85546646,0.2577356696128845,0.27562880516052246,0.2577399015426636,0.2756330668926239
1785545338032066600,85566206,0.24580702185630798,0.2900141477584839,0.24581795930862427,0.29002511501312256
1785545338042318800,85566206,0.24580702185630798,0.2900141477584839,0.24581795930862427,0.29002511501312256
1785545338054939100,85582729,0.22706761956214905,0.31127938628196716,0.22708724439144135,0.31129905581474304
1785545338064128300,85596643,0.24005605280399323,0.2998262643814087,0.2400769293308258,0.29984715580940247
1785545338075783600,85596643,0.24005605280399323,0.2998262643814087,0.2400769293308258,0.29984715580940247
1785545338084886400,85613286,0.25488874316215515,0.2862430214881897,0.25491204857826233,0.2862662971019745
1785545338096074700,85632834,0.26014161109924316,0.2814325988292694,0.2601664662361145,0.28145745396614075
1785545338107295900,85632834,0.26014161109924316,0.2814325988292694,0.2601664662361145,0.28145745396614075
1785545338117970900,85648940,0.2598559260368347,0.2814505398273468,0.2598843574523926,0.28147900104522705
1785545338129195300,85663326,0.26199570298194885,0.27815571427345276,0.2620227038860321,0.2781827747821808
1785545338140600000,85663326,0.26199570298194885,0.27815571427345276,0.2620227038860321,0.2781827747821808
1785545338151810100,85679986,0.260718435049057,0.27815380692481995,0.26074644923210144,0.27818185091018677
1785545338161356300,85679986,0.260718435049057,0.27815380692481995,0.26074644923210144,0.27818185091018677
1785545338172325200,85699634,0.25874701142311096,0.278913676738739,0.2587769031524658,0.2789435386657715
1785545338183545100,85715662,0.25877654552459717,0.27799680829048157,0.2588081359863281,0.27802833914756775
1785545338194516100,85729981,0.2579067349433899,0.27834683656692505,0.2579410672187805,0.2783811688423157
1785545338204208900,85729981,0.2579067349433899,0.27834683656692505,0.2579410672187805,0.2783811688423157
1785545338215162500,85746622,0.25905969738960266,0.27651888132095337,0.2590934932231903,0.2765527069568634
1785545338226211700,85746622,0.25905969738960266,0.27651888132095337,0.2590934932231903,0.2765527069568634
1785545338237481500,85766190,0.26065748929977417,0.27404624223709106,0.26068708300590515,0.27407580614089966
1785545338248480800,85782288,0.2606678307056427,0.2734048068523407,0.2606976628303528,0.27343466877937317
1785545338259683100,85796651,0.26073142886161804,0.2728281021118164,0.2607605755329132,0.2728572487831116
1785545338270629900,85796651,0.26073142886161804,0.2728281021118164,0.2607605755329132,0.2728572487831116
1785545338281924800,85813307,0.2595209777355194,0.273630827665329,0.259554386138916,0.2736642062664032
1785545338291569600,85813307,0.2595209777355194,0.273630827665329,0.259554386138916,0.2736642062664032
1785545338302337700,85832971,0.2598102390766144,0.27292969822883606,0.25984323024749756,0.27296265959739685
1785545338313463100,85849001,0.28632715344429016,0.24610668420791626,0.2863593101501465,0.24613884091377258
1785545338324272000,85849001,0.28632715344429016,0.24610668420791626,0.2863593101501465,0.24613884091377258
1785545338334346600,85863305,0.30919334292411804,0.22298461198806763,0.3092234432697296,0.2230147421360016
1785545338345360900,85880116,0.3217798173427582,0.21010525524616241,0.32180339097976685,0.21012884378433228
1785545338356369300,85880116,0.3217798173427582,0.21010525524616241,0.32180339097976685,0.21012884378433228
1785545338367426300,85899536,0.32575032114982605,0.20602895319461823,0.3257746398448944,0.2060532420873642
1785545338378774800,85915625,0.30990585684776306,0.22212854027748108,0.30993130803108215,0.22215402126312256
1785545338388446700,85915625,0.30990585684776306,0.22212854027748108,0.30993130803108215,0.22215402126312256
1785545338399656700,85929964,0.3021339476108551,0.23004652559757233,0.3021625578403473,0.2300751507282257
1785545338410504700,85946622,0.2953271269798279,0.23776376247406006,0.2953539192676544,0.23779058456420898
1785545338421281500,85946622,0.2953271269798279,0.23776376247406006,0.2953539192676544,0.23779058456420898
1785545338431996800,85966155,0.2911345362663269,0.2448372095823288,0.2911560833454132,0.24485881626605988
1785545338442348200,85966155,0.2911345362663269,0.2448372095823288,0.2911560833454132,0.24485881626605988
1785545338453312800,85982292,0.2928319275379181,0.24593180418014526,0.2928526997566223,0.2459525465965271
1785545338464260000,85996631,0.2934578061103821,0.2482796311378479,0.29347777366638184,0.24829956889152527
1785545338475063200,86013296,0.2982153296470642,0.24585457146167755,0.2982381284236908,0.24587735533714294
1785545338485984900,86013296,0.2982153296470642,0.24585457146167755,0.2982381284236908,0.24587735533714294
1785545338497109100,86032763,0.2973425090312958,0.24980498850345612,0.2973644733428955,0.24982698261737823
1785545338508540100,86032763,0.2973425090312958,0.24980498850345612,0.2973644733428955,0.24982698261737823
1785545338519903500,86048967,0.29612088203430176,0.2538098990917206,0.29614150524139404,0.25383052229881287
1785545338531010500,86063318,0.2951016426086426,0.257682740688324,0.29512062668800354,0.25770172476768494
1785545338542327100,86079956,0.2915920615196228,0.26673850417137146,0.29160624742507935,0.266752690076828
1785545338553669200,86079956,0.2915920615196228,0.26673850417137146,0.29160624742507935,0.266752690076828
1785545338564968000,86099656,0.2962038516998291,0.26756250858306885,0.2962189316749573,0.267577588558197
1785545338574536100,86099656,0.2962038516998291,0.26756250858306885,0.2962189316749573,0.267577588558197
1785545338585287300,86115735,0.29828938841819763,0.2697380781173706,0.2983047664165497,0.26975348591804504
1785545338596792000,86130069,0.3010711371898651,0.2694118618965149,0.30108803510665894,0.2694287896156311
1785545338607459400,86130069,0.3010711371898651,0.2694118618965149,0.30108803510665894,0.2694287896156311
1785545338617681700,86146666,0.27673590183258057,0.29718321561813354,0.276751309633255,0.29719865322113037
1785545338628761100,86166294,0.2562861740589142,0.3216235339641571,0.2563001811504364,0.32163751125335693
1785545338639892400,86166294,0.2562861740589142,0.3216235339641571,0.2563001811504364,0.32163751125335693
1785545338650734500,86182392,0.24430504441261292,0.33780401945114136,0.24431632459163666,0.3378153145313263
1785545338662312400,86196616,0.23908008635044098,0.3452206552028656,0.23909056186676025,0.3452311158180237
1785545338673561900,86196616,0.23908008635044098,0.3452206552028656,0.23909056186676025,0.3452311158180237
1785545338684523200,86213383,0.258095383644104,0.3278898596763611,0.2581077218055725,0.327902227640152
1785545338696051200,86233203,0.26598697900772095,0.31954509019851685,0.26599910855293274,0.31955721974372864
1785545338705604900,86233203,0.26598697900772095,0.31954509019851685,0.26599910855293274,0.31955721974372864
1785545338716398400,86249158,0.26800817251205444,0.3153552711009979,0.26801952719688416,0.31536656618118286
1785545338727444600,86263407,0.24653658270835876,0.331037700176239,0.2465450018644333,0.33104604482650757
1785545338739036200,86263407,0.24653658270835876,0.331037700176239,0.2465450018644333,0.33104604482650757
1785545338750339000,86280010,0.22374509274959564,0.34765341877937317,0.2237529456615448,0.3476612865924835
1785545338761468300,86299500,0.2172410637140274,0.34957653284072876,0.2172490507364273,0.34958454966545105
1785545338771008700,86299591,0.22057560086250305,0.3444737493991852,0.2205841839313507,0.3444823622703552
1785545338782083300,86315720,0.2303536981344223,0.3329949975013733,0.23036228120326996,0.33300361037254333
1785545338791490100,86329949,0.23396527767181396,0.3283918499946594,0.2339746057987213,0.32840120792388916
1785545338802779500,86329949,0.23396527767181396,0.3283918499946594,0.2339746057987213,0.32840120792388916
1785545338813778100,86346643,0.23488055169582367,0.33015719056129456,0.23488883674144745,0.33016547560691833
1785545338823928800,86346643,0.23488055169582367,0.33015719056129456,0.23488883674144745,0.33016547560691833
1785545338835002200,86366360,0.23673824965953827,0.3359183073043823,0.2367457002401352,0.33592572808265686
1785545338846330200,86382328,0.241857647895813,0.3416941165924072,0.24186454713344574,0.34170103073120117
1785545338857566700,86382328,0.241857647895813,0.3416941165924072,0.24186454713344574,0.34170103073120117
1785545338868763200,86396623,0.2523779273033142,0.3436555564403534,0.2523828446865082,0.34366047382354736
1785545338879918700,86413286,0.2576053738594055,0.34828412532806396,0.25761091709136963,0.3482896685600281
1785545338890864000,86413286,0.2576053738594055,0.34828412532806396,0.25761091709136963,0.3482896685600281
1785545338903928600,86432771,0.27175116539001465,0.3491886854171753,0.2717567980289459,0.34919431805610657
1785545338913598900,86448982,0.2836875021457672,0.3523089289665222,0.28369268774986267,0.3523140847682953
1785545338924550800,86448982,0.2836875021457672,0.3523089289665222,0.28369268774986267,0.3523140847682953
1785545338937555700,86463393,0.30336275696754456,0.3475787341594696,0.3033662736415863,0.34758225083351135
1785545338947140800,86479911,0.3383674919605255,0.3315236270427704,0.33837056159973145,0.3315267264842987
1785545338959662300,86479911,0.3383674919605255,0.3315236270427704,0.33837056159973145,0.3315267264842987
1785545338969043500,86499582,0.3563312590122223,0.33501604199409485,0.35633477568626404,0.335019588470459
1785545338980421100,86515744,0.3747243881225586,0.33499017357826233,0.3747277855873108,0.3349935710430145
1785545338991505300,86515744,0.3747243881225586,0.33499017357826233,0.3747277855873108,0.3349935710430145
1785545339002360800,86529952,0.36620163917541504,0.3541489541530609,0.36620524525642395,0.3541525602340698
1785545339013650000,86546584,0.3917298913002014,0.3440670669078827,0.3917329013347626,0.34407007694244385
1785545339025582100,86546584,0.3917298913002014,0.3440670669078827,0.3917329013347626,0.34407007694244385
1785545339035702800,86566308,0.39268767833709717,0.3621317744255066,0.3926903009414673,0.3621343672275543
1785545339045636300,86582849,0.3938007056713104,0.3783002495765686,0.3938026428222656,0.3783022165298462
1785545339056096400,86582849,0.3938007056713104,0.3783002495765686,0.3938026428222656,0.3783022165298462
1785545339066768900,86596682,0.3993861973285675,0.38694944977760315,0.3993879556655884,0.3869512379169464
1785545339077913000,86613321,0.4070838689804077,0.39293235540390015,0.40708568692207336,0.3929341435432434
1785545339089395000,86613321,0.4070838689804077,0.39293235540390015,0.40708568692207336,0.3929341435432434
1785545339102253900,86633068,0.415109783411026,0.3965126872062683,0.4151118993759155,0.39651480317115784
1785545339111398500,86649136,0.41798505187034607,0.4016461968421936,0.4179868996143341,0.4016481041908264
1785545339122911700,86649136,0.41798505187034607,0.4016461968421936,0.4179868996143341,0.4016481041908264
1785545339132544700,86663614,0.4191226363182068,0.40543049573898315,0.4191242754459381,0.4054321050643921
1785545339145600100,86679989,0.36549657583236694,0.35652878880500793,0.3654976487159729,0.3565298318862915
1785545339155727800,86679989,0.36549657583236694,0.35652878880500793,0.3654976487159729,0.3565298318862915
1785545339165403600,86699610,0.3300941288471222,0.31687527894973755,0.3300955593585968,0.31687670946121216
1785545339176559400,86699610,0.3300941288471222,0.31687527894973755,0.3300955593585968,0.31687670946121216
1785545339186020400,86715680,0.31083446741104126,0.2965456545352936,0.31083598732948303,0.29654717445373535
1785545339197537700,86729904,0.3003667891025543,0.28411030769348145,0.3003685474395752,0.2841120660305023
1785545339210441300,86746644,0.2904951274394989,0.2761686444282532,0.29049673676490784,0.27617019414901733
1785545339219845300,86746644,0.2904951274394989,0.2761686444282532,0.29049673676490784,0.27617019414901733
1785545339230769000,86766131,0.2820759415626526,0.27105921506881714,0.28207719326019287,0.27106043696403503
1785545339243897300,86766131,0.2820759415626526,0.27105921506881714,0.28207719326019287,0.27106043696403503
1785545339254921700,86782293,0.2782670557498932,0.26756298542022705,0.2782682180404663,0.26756414771080017
1785545339264430900,86796606,0.2759017050266266,0.26559141278266907,0.27590274810791016,0.26559245586395264
1785545339275979800,86813223,0.27537861466407776,0.26421618461608887,0.2753797173500061,0.264217346906662
1785545339285196000,86813338,0.2750883996486664,0.2629876136779785,0.27508965134620667,0.2629888951778412
1785545339296481000,86832831,0.27343425154685974,0.26212626695632935,0.27343544363975525,0.26212745904922485
1785545339307647200,86832831,0.27343425154685974,0.26212626695632935,0.27343544363975525,0.26212745904922485
1785545339320686500,86849576,0.2722533643245697,0.26191091537475586,0.27225446701049805,0.2619120180606842
1785545339330445900,86863249,0.27199476957321167,0.26286235451698303,0.2719957232475281,0.2628633379936218
1785545339341462300,86863249,0.27199476957321167,0.26286235451698303,0.2719957232475281,0.2628633379936218
1785545339351120600,86879997,0.27260464429855347,0.26620301604270935,0.27260535955429077,0.26620370149612427
1785545339362027900,86899472,0.2770123779773712,0.2703793942928314,0.27701306343078613,0.27038004994392395
1785545339372753200,86899472,0.2770123779773712,0.2703793942928314,0.27701306343078613,0.27038004994392395
1785545339385468700,86915630,0.2827349007129669,0.27596962451934814,0.28273555636405945,0.27597033977508545
1785545339394985000,86929941,0.28640806674957275,0.2788149118423462,0.2864088714122772,0.27881574630737305
1785545339404304200,86929941,0.28640806674957275,0.2788149118423462,0.2864088714122772,0.27881574630737305
1785545339415374200,86946658,0.2919293940067291,0.28535494208335876,0.29193004965782166,0.2853555977344513
1785545339426835500,86946658,0.2919293940067291,0.28535494208335876,0.29193004965782166,0.2853555977344513
1785545339438405800,86966133,0.2998843193054199,0.29427066445350647,0.2998848557472229,0.29427120089530945
1785545339450115200,86982643,0.3072381317615509,0.30318936705589294,0.30723854899406433,0.303189754486084
1785545339461460500,86996702,0.2895561754703522,0.28588637709617615,0.3396196961402893,0.3359498679637909
1785545339474031300,86996702,0.2895561754703522,0.28588637709617615,0.3396196961402893,0.3359498679637909
1785545339483955700,87013253,0.3022569715976715,0.2977598011493683,0.3400002121925354,0.3355030417442322
1785545339495034000,87032584,0.28931692242622375,0.2851096987724304,0.35919684171676636,0.354989618062973
1785545339504800100,87032808,0.29665741324424744,0.29248887300491333,0.3620123267173767,0.357843816280365
1785545339515967200,87049498,0.2923206686973572,0.28862452507019043,0.3817577660083771,0.37806159257888794
1785545339527107800,87063256,0.29069754481315613,0.2883453667163849,0.39693886041641235,0.3945867717266083
1785545339538398400,87063256,0.29069754481315613,0.2883453667163849,0.39693886041641235,0.3945867717266083
1785545339549496500,87080003,0.31568408012390137,0.3135213553905487,0.39081767201423645,0.3886549770832062
1785545339560479900,87080003,0.31568408012390137,0.3135213553905487,0.39081767201423645,0.3886549770832062
1785545339571488800,87100051,0.33976447582244873,0.33727407455444336,0.3895609378814697,0.38707056641578674
1785545339582811400,87115728,0.3761739432811737,0.37381109595298767,0.37091293931007385,0.36855003237724304
1785545339592431000,87129920,0.3673100769519806,0.36480700969696045,0.39080309867858887,0.38830000162124634
1785545339603571400,87129920,0.3673100769519806,0.36480700969696045,0.39080309867858887,0.38830000162124634
1785545339614617700,87146552,0.39517781138420105,0.39314547181129456,0.3783634603023529,0.376331090927124
1785545339624443600,87146552,0.39517781138420105,0.39314547181129456,0.3783634603023529,0.376331090927124
1785545339635933600,87166104,0.41277676820755005,0.41094261407852173,0.3798515796661377,0.37801745533943176
1785545339645560400,87182223,0.43514284491539,0.4338480234146118,0.374124139547348,0.3728293478488922
1785545339656589600,87182223,0.43514284491539,0.4338480234146118,0.374124139547348,0.3728293478488922
1785545339666009900,87196689,0.42847582697868347,0.42728686332702637,0.39544788002967834,0.39425894618034363
1785545339677149900,87213221,0.4253116250038147,0.4237803518772125,0.4105628728866577,0.4090316593647003
1785545339688092000,87213221,0.4253116250038147,0.4237803518772125,0.4105628728866577,0.4090316593647003
1785545339699457000,87232809,0.43199971318244934,0.43066293001174927,0.4160236716270447,0.4146868884563446
1785545339710545000,87248954,0.43674081563949585,0.4356015622615814,0.4196051359176636,0.41846588253974915
1785545339721933700,87248954,0.43674081563949585,0.4356015622615814,0.4196051359176636,0.41846588253974915
1785545339732968700,87263230,0.4383801817893982,0.4373868703842163,0.4230025112628937,0.4220091700553894
1785545339743937800,87279873,0.37724605202674866,0.37663954496383667,0.36716312170028687,0.3665565848350525
1785545339754914100,87279873,0.37724605202674866,0.37663954496383667,0.36716312170028687,0.3665565848350525
1785545339764522900,87299468,0.3382321894168854,0.3373258411884308,0.32345324754714966,0.32254689931869507
1785545339775437800,87299468,0.3382321894168854,0.3373258411884308,0.32345324754714966,0.32254689931869507
1785545339786590800,87315659,0.31652355194091797,0.31554076075553894,0.3008479177951813,0.29986512660980225
1785545339797277600,87329970,0.3048948645591736,0.30376723408699036,0.28700247406959534,0.2858748435974121
1785545339808689800,87346538,0.2935374975204468,0.29255175590515137,0.27792829275131226,0.27694249153137207
1785545339819496500,87346538,0.2935374975204468,0.29255175590515137,0.27792829275131226,0.27694249153137207
1785545339830591700,87366184,0.28425073623657227,0.2835161089897156,0.2720435857772827,0.2713089883327484
1785545339840602700,87366184,0.28425073623657227,0.2835161089897156,0.2720435857772827,0.2713089883327484
1785545339851727300,87382219,0.2800869345664978,0.27939900755882263,0.26820141077041626,0.2675135135650635
1785545339861157100,87396547,0.27741241455078125,0.2767537534236908,0.26605379581451416,0.2653951942920685
1785545339872219000,87396547,0.27741241455078125,0.2767537534236908,0.26605379581451416,0.2653951942920685
1785545339883499900,87413204,0.2765638530254364,0.275795042514801,0.2632427513599396,0.2624739408493042
1785545339894544700,87432609,0.2750262916088104,0.2743033468723297,0.262728750705719,0.2620057761669159
1785545339905547400,87432723,0.27469590306282043,0.2739722430706024,0.2622840702533722,0.2615603804588318
1785545339916588100,87448957,0.27326881885528564,0.2726263701915741,0.26205557584762573,0.2614130973815918
1785545339926104600,87463212,0.27095919847488403,0.27051571011543274,0.26311150193214417,0.26266804337501526
1785545339937468400,87463212,0.27095919847488403,0.27051571011543274,0.26311150193214417,0.26266804337501526
1785545339948580300,87479995,0.27025043964385986,0.26985689997673035,0.26289501786231995,0.2625015079975128
1785545339959819000,87479995,0.27025043964385986,0.26985689997673035,0.26289501786231995,0.2625015079975128
1785545339971046600,87499461,0.27025046944618225,0.2698260545730591,0.26221954822540283,0.26179513335227966
1785545339983605900,87515589,0.26996004581451416,0.26954177021980286,0.26208335161209106,0.26166507601737976
1785545339994375400,87529868,0.2702111303806305,0.26975300908088684,0.2616279423236847,0.26116982102394104
1785545340003581100,87529868,0.2702111303806305,0.26975300908088684,0.2616279423236847,0.26116982102394104
1785545340014684700,87546613,0.2695215344429016,0.2691227197647095,0.2620254456996918,0.261626660823822
1785545340024039900,87546613,0.2695215344429016,0.2691227197647095,0.2620254456996918,0.261626660823822
1785545340035829300,87566071,0.26834070682525635,0.26806044578552246,0.26284632086753845,0.26256605982780457
1785545340045333800,87582250,0.268056184053421,0.2678033709526062,0.26294663548469543,0.2626938223838806
1785545340054997500,87582250,0.268056184053421,0.2678033709526062,0.26294663548469543,0.2626938223838806
1785545340066117400,87596558,0.267879456281662,0.26763832569122314,0.26299622654914856,0.2627550959587097
1785545340077407500,87613336,0.26826855540275574,0.2679853141307831,0.26256102323532104,0.2622778117656708
1785545340086856300,87613336,0.26826855540275574,0.2679853141307831,0.26256102323532104,0.2622778117656708
1785545340097877700,87632787,0.2680280804634094,0.26776593923568726,0.2626935839653015,0.26243144273757935
1785545340110562500,87632787,0.2680280804634094,0.26776593923568726,0.2626935839653015,0.26243144273757935
1785545340122044700,87648942,0.26769936084747314,0.2674694359302521,0.2629299759864807,0.26270005106925964
1785545340131724800,87663228,0.26738783717155457,0.26718708872795105,0.2631644606590271,0.2629637122154236
1785545340141194400,87663228,0.26738783717155457,0.26718708872795105,0.2631644606590271,0.2629637122154236
1785545340153842800,87679959,0.2666766941547394,0.26654285192489624,0.2637459337711334,0.2636120319366455
1785545340164281300,87699782,0.24050331115722656,0.29266977310180664,0.23756229877471924,0.28972873091697693
1785545340173775700,87699782,0.24050331115722656,0.29266977310180664,0.23756229877471924,0.28972873091697693
1785545340185024200,87715535,0.2203924059867859,0.3128162622451782,0.21737846732139587,0.3098022937774658
1785545340197879700,87729866,0.2336771935224533,0.29993361234664917,0.23023901879787445,0.2964954674243927
1785545340208850600,87729866,0.2336771935224533,0.29993361234664917,0.23023901879787445,0.2964954674243927
1785545340217808700,87746524,0.2189989537000656,0.3141617774963379,0.21599026024341583,0.3111531138420105
1785545340229032400,87766108,0.2075033038854599,0.32531657814979553,0.2048594057559967,0.32267266511917114
1785545340240674100,87766108,0.2075033038854599,0.32531657814979553,0.2048594057559967,0.32267266511917114
1785545340250228600,87782223,0.22138278186321259,0.3110770881175995,0.219449982047081,0.3091442883014679
1785545340261237600,87796658,0.26052001118659973,0.27247869968414307,0.25879085063934326,0.270749568939209
1785545340273922300,87796658,0.26052001118659973,0.27247869968414307,0.25879085063934326,0.270749568939209
1785545340284048600,87813170,0.2557218372821808,0.27823907136917114,0.2536144554615021,0.27613168954849243
1785545340293694200,87813170,0.2557218372821808,0.27823907136917114,0.2536144554615021,0.27613168954849243
1785545340303814500,87832702,0.2731013894081116,0.2621326744556427,0.2710462510585785,0.2600775361061096
1785545340314517200,87848846,0.28938862681388855,0.24707108736038208,0.28755006194114685,0.2452324777841568
1785545340324090700,87848846,0.28938862681388855,0.24707108736038208,0.28755006194114685,0.2452324777841568
1785545340335895100,87863197,0.3126189410686493,0.22534461319446564,0.31134888529777527,0.2240745723247528
1785545340345620700,87879856,0.30112025141716003,0.23845873773097992,0.30003470182418823,0.2373732328414917
1785545340355714100,87879856,0.30112025141716003,0.23845873773097992,0.30003470182418823,0.2373732328414917
1785545340367002900,87899407,0.28263312578201294,0.2581285238265991,0.2813940942287445,0.2568894624710083
1785545340379678000,87915545,0.2770672142505646,0.2636728882789612,0.2758612632751465,0.2624669671058655
1785545340390737800,87915545,0.2770672142505646,0.2636728882789612,0.2758612632751465,0.2624669671058655
1785545340402277200,87929864,0.28053033351898193,0.26030880212783813,0.2792320251464844,0.25901055335998535
1785545340411490400,87946604,0.28069886565208435,0.2593711018562317,0.2795748710632324,0.25824710726737976
1785545340422574000,87946604,0.28069886565208435,0.2593711018562317,0.2795748710632324,0.25824710726737976
1785545340433679500,87966188,0.2782096862792969,0.2603475749492645,0.27741706371307373,0.2595548927783966
1785545340443872700,87982231,0.27737775444984436,0.26021096110343933,0.2766554057598114,0.2594885528087616
1785545340455024400,87982231,0.27737775444984436,0.26021096110343933,0.2766554057598114,0.2594885528087616
1785545340464834900,87996530,0.2763267159461975,0.26045891642570496,0.2756374180316925,0.25976961851119995
1785545340475874900,88013278,0.2772786021232605,0.2590380609035492,0.2764698565006256,0.2582293450832367
1785545340486710600,88013278,0.2772786021232605,0.2590380609035492,0.2764698565006256,0.2582293450832367
1785545340499471100,88032819,0.276262104511261,0.25933611392974854,0.27551329135894775,0.2585873305797577
1785545340509055400,88032819,0.276262104511261,0.25933611392974854,0.27551329135894775,0.2585873305797577
1785545340519449000,88048918,0.2751620411872864,0.2598460018634796,0.27450457215309143,0.25918856263160706
1785545340530583000,88063205,0.27408456802368164,0.2604098916053772,0.2735099196434021,0.25983527302742004
1785545340540670800,88063205,0.27408456802368164,0.2604098916053772,0.2735099196434021,0.25983527302742004
1785545340551995000,88079852,0.27149465680122375,0.2621517479419708,0.2711292505264282,0.2617862820625305
1785545340561582200,88099387,0.27180615067481995,0.2613111734390259,0.2714097797870636,0.26091480255126953
1785545340572539500,88099387,0.27180615067481995,0.2613111734390259,0.2714097797870636,0.26091480255126953
1785545340582791100,88115520,0.2716633975505829,0.2610688805580139,0.27126407623291016,0.2606695592403412
1785545340593970000,88129871,0.2721796929836273,0.2603777050971985,0.27172979712486267,0.2599278390407562
1785545340605101800,88129871,0.2721796929836273,0.2603777050971985,0.27172979712486267,0.2599278390407562
1785545340616300300,88146508,0.27123528718948364,0.26099106669425964,0.2708498537540436,0.2606056332588196
1785545340627451900,88165993,0.2705170512199402,0.26146987080574036,0.2701834440231323,0.2611362338066101
1785545340637574000,88166101,0.27053093910217285,0.26138120889663696,0.27019962668418884,0.2610498368740082
1785545340648595700,88182279,0.27008092403411865,0.26160722970962524,0.2697848379611969,0.2613111734390259
1785545340659605700,88196519,0.2695077657699585,0.2635057270526886,0.26930689811706543,0.2633048892021179
1785545340670743300,88196519,0.2695077657699585,0.2635057270526886,0.26930689811706543,0.2633048892021179
1785545340682106100,88213179,0.27054521441459656,0.26360589265823364,0.27032074332237244,0.2633814215660095
1785545340691447200,88213179,0.27054521441459656,0.26360589265823364,0.27032074332237244,0.2633814215660095
1785545340702774200,88232651,0.27290600538253784,0.2658860683441162,0.2726767659187317,0.26565685868263245
1785545340713778100,88248903,0.2763506770133972,0.2698889672756195,0.2761456072330475,0.269683837890625
1785545340725318400,88263212,0.28111666440963745,0.27542778849601746,0.28094083070755005,0.27525195479393005
1785545340736650500,88263212,0.28111666440963745,0.27542778849601746,0.28094083070755005,0.27525195479393005
1785545340749554400,88279914,0.28762057423591614,0.28378593921661377,0.2875111997127533,0.2836765646934509
1785545340758764300,88279914,0.28762057423591614,0.28378593921661377,0.2875111997127533,0.2836765646934509
1785545340769887000,88299405,0.29707348346710205,0.2933017313480377,0.29697170853614807,0.29319995641708374
1785545340782272300,88315585,0.3057021498680115,0.30191099643707275,0.30560025572776794,0.3018091022968292
1785545340791881600,88315585,0.3057021498680115,0.30191099643707275,0.30560025572776794,0.3018091022968292
1785545340801500000,88329834,0.31091153621673584,0.3066261410713196,0.310793399810791,0.30650800466537476
1785545340812573700,88346571,0.3175700604915619,0.31458017230033875,0.3174920380115509,0.31450212001800537
1785545340822682000,88346571,0.3175700604915619,0.31458017230033875,0.3174920380115509,0.31450212001800537
1785545340833894000,88366025,0.3267923593521118,0.3241509795188904,0.32672905921936035,0.32408764958381653
1785545340845295900,88382558,0.33538493514060974,0.3328738510608673,0.33532702922821045,0.33281588554382324
1785545340854964500,88382558,0.33538493514060974,0.3328738510608673,0.33532702922821045,0.33281588554382324
1785545340865895100,88396555,0.34307384490966797,0.3408193290233612,0.3430223762989044,0.34076789021492004
1785545340877435300,88413326,0.34937506914138794,0.34686651825904846,0.34931764006614685,0.3468090891838074
1785545340886674600,88413326,0.34937506914138794,0.34686651825904846,0.34931764006614685,0.3468090891838074
1785545340899343900,88432771,0.357765793800354,0.35558515787124634,0.3577193021774292,0.35553863644599915
1785545340910480700,88432771,0.357765793800354,0.35558515787124634,0.3577193021774292,0.35553863644599915
1785545340921544400,88448939,0.36566051840782166,0.3637692332267761,0.3656230866909027,0.3637318015098572
1785545340932528400,88463198,0.3733414113521576,0.37170082330703735,0.3733101487159729,0.3716696500778198
1785545340942502500,88479983,0.3825278878211975,0.38150349259376526,0.38251161575317383,0.3814872205257416
1785545340953087800,88479983,0.3825278878211975,0.38150349259376526,0.38251161575317383,0.3814872205257416
1785545340964154300,88499408,0.39358508586883545,0.392452597618103,0.3935675621032715,0.39243510365486145
1785545340975871800,88499408,0.39358508586883545,0.392452597618103,0.3935675621032715,0.39243510365486145
1785545340985051000,88515597,0.4029404819011688,0.40179532766342163,0.40292298793792725,0.4017777442932129
1785545340996121800,88529847,0.4083923399448395,0.4071064889431,0.4083719849586487,0.4070860743522644
1785545341007530000,88529847,0.4083923399448395,0.4071064889431,0.4083719849586487,0.4070860743522644
1785545341017570900,88546597,0.41590720415115356,0.4148889183998108,0.4158928692340851,0.4148746132850647
1785545341028655700,88566272,0.42542994022369385,0.42457452416419983,0.42541998624801636,0.42456454038619995
1785545341038990800,88566272,0.42542994022369385,0.42457452416419983,0.42541998624801636,0.42456454038619995
1785545341050153400,88582181,0.4330577254295349,0.43247509002685547,0.4330531358718872,0.4324704706668854
1785545341061081400,88596535,0.43919113278388977,0.43862995505332947,0.43918657302856445,0.43862539529800415
1785545341070710500,88596535,0.43919113278388977,0.43862995505332947,0.43918657302856445,0.43862539529800415
1785545341082000600,88613289,0.44397130608558655,0.443217396736145,0.4439639151096344,0.44321003556251526
1785545341091617000,88613289,0.44397130608558655,0.443217396736145,0.4439639151096344,0.44321003556251526
1785545341104074100,88632720,0.4485102891921997,0.44786298274993896,0.4485054314136505,0.44785812497138977
1785545341113989500,88648956,0.4510480463504791,0.4505022168159485,0.4510452449321747,0.45049941539764404
1785545341123871800,88648956,0.4510480463504791,0.4505022168159485,0.4510452449321747,0.45049941539764404
1785545341134664500,88663188,0.39300617575645447,0.3926747441291809,0.39300602674484253,0.3926745653152466
1785545341145760600,88679927,0.3484114408493042,0.348022997379303,0.34841105341911316,0.34802260994911194
1785545341155671600,88679927,0.3484114408493042,0.348022997379303,0.34841105341911316,0.34802260994911194
1785545341167082400,88699370,0.3153265714645386,0.31482625007629395,0.3153260350227356,0.31482577323913574
1785545341177915500,88715721,0.297580748796463,0.29707637429237366,0.2975809574127197,0.29707664251327515
1785545341188995700,88715721,0.297580748796463,0.29707637429237366,0.2975809574127197,0.29707664251327515
1785545341199120600,88729859,0.2875595986843109,0.28700220584869385,0.28755983710289,0.28700244426727295
1785545341210165200,88746505,0.27950426936149597,0.2790253758430481,0.27950575947761536,0.2790268361568451
1785545341220918200,88746505,0.27950426936149597,0.2790253758430481,0.27950575947761536,0.2790268361568451
1785545341233722200,88766049,0.2737533450126648,0.27340343594551086,0.2737557590007782,0.2734057903289795
1785545341243829600,88782144,0.270728200674057,0.2704089879989624,0.2707313001155853,0.27041205763816833
1785545341254682300,88782144,0.270728200674057,0.2704089879989624,0.2707313001155853,0.27041205763816833
1785545341266941700,88796519,0.26896920800209045,0.2686656713485718,0.2689723074436188,0.2686688303947449
1785545341276153900,88813177,0.2676199674606323,0.26726728677749634,0.26762354373931885,0.2672708332538605
1785545341288800200,88813177,0.2676199674606323,0.26726728677749634,0.26762354373931885,0.2672708332538605
1785545341298341600,88832662,0.26663509011268616,0.26630672812461853,0.2666388154029846,0.2663104832172394
1785545341309174100,88832662,0.26663509011268616,0.26630672812461853,0.2666388154029846,0.2663104832172394
1785545341320546900,88848831,0.2660953104496002,0.2658095061779022,0.2660995125770569,0.2658137083053589
1785545341331655300,88863162,0.2657768130302429,0.2655284106731415,0.26578113436698914,0.2655326724052429
1785545341341099900,88863162,0.2657768130302429,0.2655284106731415,0.26578113436698914,0.2655326724052429
1785545341352029100,88879843,0.26549452543258667,0.2653398811817169,0.265498548746109,0.2653438448905945
1785545341362314400,88899411,0.26533418893814087,0.2651662528514862,0.26533833146095276,0.2651703655719757
1785545341373299000,88899411,0.26533418893814087,0.2651662528514862,0.26533833146095276,0.2651703655719757
1785545341383359900,88915591,0.26524582505226135,0.2650773525238037,0.2652501165866852,0.2650816738605499
1785545341394511200,88930306,0.26520511507987976,0.2650148570537567,0.2652098536491394,0.26501959562301636
1785545341407112900,88930306,0.26520511507987976,0.2650148570537567,0.2652098536491394,0.26501959562301636
1785545341416616500,88946499,0.2386135458946228,0.2932869791984558,0.23861820995807648,0.29329168796539307
1785545341426061800,88946499,0.2386135458946228,0.2932869791984558,0.23861820995807648,0.29329168796539307
1785545341437561600,88966057,0.22506022453308105,0.3118961751461029,0.2250642329454422,0.31190022826194763
1785545341450314500,88982228,0.21759091317653656,0.32710152864456177,0.21759487688541412,0.3271055221557617
1785545341459740200,88996509,0.21550321578979492,0.3396717607975006,0.21550706028938293,0.3396756052970886
1785545341470683400,88996509,0.21550321578979492,0.3396717607975006,0.21550706028938293,0.3396756052970886
1785545341481901600,89013193,0.23507356643676758,0.3283775746822357,0.23507793247699738,0.32838189601898193
1785545341492975600,89013193,0.23507356643676758,0.3283775746822357,0.23507793247699738,0.32838189601898193
1785545341502508100,89032672,0.25203537940979004,0.32518377900123596,0.2520395517349243,0.32518792152404785
1785545341513707200,89048916,0.2646045982837677,0.3271034061908722,0.26460862159729004,0.32710742950439453
1785545341525084500,89063316,0.28259631991386414,0.3235437572002411,0.2825993597507477,0.323546826839447
1785545341537661800,89063316,0.28259631991386414,0.3235437572002411,0.2825993597507477,0.323546826839447
1785545341546710500,89079856,0.31828707456588745,0.3065808415412903,0.3182898461818695,0.30658361315727234
1785545341557595300,89079856,0.31828707456588745,0.3065808415412903,0.3182898461818695,0.30658361315727234
1785545341568779500,89099743,0.3358192443847656,0.3085181713104248,0.33582234382629395,0.30852121114730835
1785545341581270300,89115598,0.35356512665748596,0.3045397996902466,0.3535681962966919,0.30454280972480774
1785545341591018400,89115598,0.35356512665748596,0.3045397996902466,0.3535681962966919,0.30454280972480774
1785545341602255200,89129851,0.3426603376865387,0.3234676718711853,0.34266364574432373,0.32347095012664795
1785545341613464800,89146476,0.36340638995170593,0.3110874891281128,0.36340880393981934,0.3110899031162262
1785545341624489200,89146476,0.36340638995170593,0.3110874891281128,0.36340880393981934,0.3110899031162262
1785545341636089800,89166023,0.35794228315353394,0.3227947950363159,0.35794469714164734,0.3227972686290741
1785545341645590700,89182708,0.3274877965450287,0.305559903383255,0.32749029994010925,0.30556246638298035
1785545341657631900,89182708,0.3274877965450287,0.305559903383255,0.32749029994010925,0.30556246638298035
1785545341667252700,89196642,0.31111761927604675,0.29397597908973694,0.31112003326416016,0.2939784526824951
1785545341678032600,89213161,0.30358633399009705,0.2790088355541229,0.30358919501304626,0.2790117561817169
1785545341689307500,89213161,0.30358633399009705,0.2790088355541229,0.30358919501304626,0.2790117561817169
1785545341700358500,89232720,0.29562973976135254,0.270162969827652,0.2956325113773346,0.27016574144363403
1785545341711363600,89248859,0.2902403473854065,0.2662244141101837,0.2902430295944214,0.26622703671455383
1785545341721028200,89248859,0.2902403473854065,0.2662244141101837,0.2902430295944214,0.26622703671455383
1785545341732329600,89263188,0.2861383557319641,0.2645663917064667,0.2861408591270447,0.26456886529922485
1785545341743848100,89279927,0.2804148197174072,0.26513293385505676,0.28041666746139526,0.2651348412036896
1785545341754518800,89279927,0.2804148197174072,0.26513293385505676,0.28041666746139526,0.2651348412036896
1785545341765511100,89299446,0.2788746654987335,0.2625439167022705,0.27887654304504395,0.2625458538532257
1785545341776432200,89299446,0.2788746654987335,0.2625439167022705,0.27887654304504395,0.2625458538532257
1785545341786695100,89315565,0.2778395712375641,0.2611485421657562,0.27784159779548645,0.2611505687236786
1785545341799959900,89329822,0.27828770875930786,0.259297639131546,0.2782900035381317,0.25929996371269226
1785545341809349100,89346464,0.2763592600822449,0.259874165058136,0.2763613164424896,0.2598762512207031
1785545341821054200,89346464,0.2763592600822449,0.259874165058136,0.2763613164424896,0.2598762512207031
1785545341830735900,89365988,0.2737230658531189,0.2612048089504242,0.2737247049808502,0.26120635867118835
1785545341842218300,89365988,0.2737230658531189,0.2612048089504242,0.2737247049808502,0.26120635867118835
1785545341853301800,89382170,0.27292898297309875,0.2611594498157501,0.2729305326938629,0.2611609399318695
1785545341864569700,89396540,0.2723052203655243,0.26116982102394104,0.2723066806793213,0.26117125153541565
1785545341875917200,89413181,0.2729978561401367,0.2599939703941345,0.2729995548725128,0.2599956691265106
1785545341885457100,89413181,0.2729978561401367,0.2599939703941345,0.2729995548725128,0.2599956691265106
1785545341896700900,89432677,0.2723085284233093,0.2602296769618988,0.2723100781440735,0.26023128628730774
1785545341909572000,89432677,0.2723085284233093,0.2602296769618988,0.2723100781440735,0.26023128628730774
1785545341920819800,89449165,0.27154046297073364,0.26067492365837097,0.27154192328453064,0.26067638397216797
1785545341930438500,89463158,0.2708350121974945,0.2611338198184967,0.27083638310432434,0.26113516092300415
1785545341941515500,89463158,0.2708350121974945,0.2611338198184967,0.27083638310432434,0.26113516092300415
1785545341952530000,89479919,0.2691885828971863,0.26244252920150757,0.2691895663738251,0.26244357228279114
1785545341965542200,89499340,0.2691451907157898,0.26218336820602417,0.2691461741924286,0.26218438148498535
1785545341975049300,89499340,0.2691451907157898,0.26218336820602417,0.2691461741924286,0.26218438148498535
1785545341984549000,89515464,0.26913386583328247,0.2619886100292206,0.26913490891456604,0.26198968291282654
1785545341996062900,89529873,0.26957234740257263,0.26143041253089905,0.26957353949546814,0.26143160462379456
1785545342005722400,89529873,0.26957234740257263,0.26143041253089905,0.26957353949546814,0.26143160462379456
1785545342017556500,89546629,0.26902320981025696,0.2618464529514313,0.2690242826938629,0.26184752583503723
1785545342027277200,89565847,0.26867154240608215,0.26290592551231384,0.2686724364757538,0.2629067897796631
1785545342037410800,89566023,0.2689450681209564,0.26373401284217834,0.2689459025859833,0.2637347877025604
1785545342049926900,89582169,0.2708439528942108,0.2660636603832245,0.2708447575569153,0.2660643756389618
1785545342059622700,89596484,0.2742440402507782,0.26972445845603943,0.2742448151111603,0.26972514390945435
1785545342070751800,89596484,0.2742440402507782,0.26972445845603943,0.2742448151111603,0.26972514390945435
1785545342082069700,89613170,0.2773786187171936,0.27215591073036194,0.27737942337989807,0.2721567749977112
1785545342091368500,89613170,0.2773786187171936,0.27215591073036194,0.27737942337989807,0.2721567749977112
1785545342102476700,89632936,0.28297287225723267,0.2781659662723541,0.2829735577106476,0.2781667113304138
1785545342114417200,89648818,0.28918808698654175,0.28497475385665894,0.2891887426376343,0.28497549891471863
1785545342126054600,89663143,0.2959308922290802,0.29228994250297546,0.29593151807785034,0.292290598154068
1785545342137655700,89663143,0.2959308922290802,0.29228994250297546,0.29593151807785034,0.292290598154068
1785545342150307100,89680060,0.3033045530319214,0.30090707540512085,0.3033050000667572,0.3009074628353119
1785545342161219000,89680060,0.3033045530319214,0.30090707540512085,0.3033050000667572,0.3009074628353119
1785545342170709700,89699423,0.3113382160663605,0.30891382694244385,0.3113386332988739,0.3089141547679901
1785545342181999400,89715446,0.31657370924949646,0.31410688161849976,0.3165741562843323,0.3141072988510132
1785545342193344300,89729818,0.31980395317077637,0.3169926106929779,0.31980445981025696,0.3169931173324585
1785545342202810200,89729818,0.31980395317077637,0.3169926106929779,0.31980445981025696,0.3169931173324585
1785545342213662800,89746626,0.3220893442630768,0.31971094012260437,0.3220897614955902,0.3197113573551178
1785545342223834200,89746626,0.3220893442630768,0.31971094012260437,0.3220897614955902,0.3197113573551178
1785545342234940700,89766091,0.2995944023132324,0.2979258596897125,0.2995947301387787,0.2979262173175812
1785545342244308900,89782483,0.2609567940235138,0.31238096952438354,0.26095718145370483,0.31238141655921936
1785545342255946100,89782483,0.2609567940235138,0.31238096952438354,0.26095718145370483,0.31238141655921936
1785545342266095700,89796489,0.235561802983284,0.3244735598564148,0.23556211590766907,0.32447391748428345
1785545342275985900,89813143,0.24328863620758057,0.3059532940387726,0.2432890087366104,0.30595365166664124
1785545342285739900,89813143,0.24328863620758057,0.3059532940387726,0.2432890087366104,0.30595365166664124
1785545342295884600,89832608,0.2272765189409256,0.3143457770347595,0.22727684676647186,0.314346045255661
1785545342308258300,89832608,0.2272765189409256,0.3143457770347595,0.22727684676647186,0.314346045255661
1785545342317885500,89849320,0.2087562084197998,0.3288482129573822,0.20875655114650726,0.3288485109806061
1785545342329077300,89863136,0.24788476526737213,0.28752854466438293,0.24788504838943481,0.2875288128852844
1785545342340702500,89863136,0.24788476526737213,0.28752854466438293,0.24788504838943481,0.2875288128852844
1785545342351855500,89879866,0.28020337224006653,0.25387248396873474,0.28020361065864563,0.25387272238731384
1785545342363940400,89899453,0.29855072498321533,0.2358693927526474,0.29855093359947205,0.2358696311712265
1785545342373515800,89899453,0.29855072498321533,0.2358693927526474,0.29855093359947205,0.2358696311712265
1785545342384424500,89915502,0.3099382519721985,0.2252560704946518,0.3099384009838104,0.22525624930858612
1785545342396004500,89929793,0.28904539346694946,0.24660038948059082,0.2890455722808838,0.24660059809684753
1785545342405659800,89929793,0.28904539346694946,0.24660038948059082,0.2890455722808838,0.24660059809684753
1785545342416618400,89946454,0.27662500739097595,0.2596033215522766,0.2766251862049103,0.2596035599708557
1785545342427714900,89966048,0.2739095389842987,0.26465898752212524,0.27390971779823303,0.26465916633605957
1785545342439372200,89966048,0.2739095389842987,0.26465898752212524,0.27390971779823303,0.26465916633605957
1785545342448936100,89982360,0.2777778208255768,0.2654748558998108,0.2777779698371887,0.26547497510910034
1785545342460344300,89996452,0.28235748410224915,0.26792171597480774,0.2823576331138611,0.2679218053817749
1785545342470909700,89996452,0.28235748410224915,0.26792171597480774,0.2823576331138611,0.2679218053817749
1785545342482375000,90013134,0.28695082664489746,0.268976628780365,0.2869509756565094,0.26897674798965454
1785545342493584100,90013134,0.28695082664489746,0.268976628780365,0.2869509756565094,0.26897674798965454
1785545342504700700,90032656,0.2917114198207855,0.2759048044681549,0.29171156883239746,0.27590492367744446
1785545342515900600,90049315,0.29731374979019165,0.2835043668746948,0.2973138988018036,0.28350451588630676
1785545342527036300,90063164,0.3030274212360382,0.2912401854991913,0.30302754044532776,0.29124027490615845
1785545342538185300,90063164,0.3030274212360382,0.2912401854991913,0.30302754044532776,0.29124027490615845
1785545342550703700,90079755,0.3100724518299103,0.3025338053703308,0.31007248163223267,0.3025338649749756
1785545342560765800,90099371,0.3140881359577179,0.3067910969257355,0.31408819556236267,0.30679118633270264
1785545342572035200,90099548,0.32130157947540283,0.31241902709007263,0.32130166888237,0.3124191164970398
1785545342582377400,90115504,0.33017128705978394,0.32140272855758667,0.3301713466644287,0.32140278816223145
1785545342593648800,90129809,0.33579379320144653,0.32624366879463196,0.3357938826084137,0.3262437582015991
1785545342605446500,90129809,0.33579379320144653,0.32624366879463196,0.3357938826084137,0.3262437582015991
1785545342615048300,90146471,0.3426341712474823,0.3348392844200134,0.34263429045677185,0.3348393142223358
1785545342625062100,90146471,0.3426341712474823,0.3348392844200134,0.34263429045677185,0.3348393142223358
1785545342636321000,90166111,0.3510624170303345,0.34545353055000305,0.35106247663497925,0.3454535901546478
1785545342647685300,90182330,0.3594338595867157,0.35261625051498413,0.3594339191913605,0.3526163101196289
1785545342659169100,90196454,0.364378958940506,0.35975804924964905,0.36437898874282837,0.3597581088542938
1785545342670253800,90196454,0.364378958940506,0.35975804924964905,0.36437898874282837,0.3597581088542938
1785545342681506500,90213102,0.36954331398010254,0.36421969532966614,0.36954331398010254,0.3642197549343109
1785545342691105900,90213102,0.36954331398010254,0.36421969532966614,0.36954331398010254,0.3642197549343109
1785545342702462600,90232623,0.3739498257637024,0.3688618242740631,0.3739498555660248,0.3688618838787079
1785545342713592100,90248819,0.37625306844711304,0.37168458104133606,0.3762531578540802,0.37168464064598083
1785545342725192700,90248819,0.37625306844711304,0.37168458104133606,0.3762531578540802,0.37168464064598083
1785545342734402800,90263150,0.34189751744270325,0.33781251311302185,0.341897577047348,0.3378125727176666
1785545342744275200,90279779,0.3143840432167053,0.3115505874156952,0.3143840730190277,0.3115505874156952
1785545342755852000,90279779,0.3143840432167053,0.3115505874156952,0.3143840730190277,0.3115505874156952
1785545342767641300,90299844,0.29536646604537964,0.2916540801525116,0.295366495847702,0.291654109954834
1785545342777288000,90299844,0.29536646604537964,0.2916540801525116,0.295366495847702,0.291654109954834
1785545342788348800,90315481,0.28572285175323486,0.28184565901756287,0.28572288155555725,0.28184568881988525
1785545342797892100,90329904,0.2800966501235962,0.2757720947265625,0.28009670972824097,0.2757721245288849
1785545342809078300,90346429,0.30251699686050415,0.2441052347421646,0.3025170564651489,0.244105264544487
1785545342820872600,90346429,0.30251699686050415,0.2441052347421646,0.3025170564651489,0.244105264544487
1785545342832000000,90366059,0.31442514061927795,0.22560647130012512,0.31442517042160034,0.2256065160036087
1785545342841995800,90366059,0.31442514061927795,0.22560647130012512,0.31442517042160034,0.2256065160036087
1785545342854701500,90382176,0.3256644308567047,0.2108944058418274,0.3256644606590271,0.21089443564414978
1785545342866181100,90396456,0.3314824104309082,0.203025683760643,0.3314824104309082,0.2030256688594818
1785545342876067800,90413129,0.31655028462409973,0.2163384109735489,0.31655025482177734,0.2163384109735489
1785545342887412300,90413129,0.31655028462409973,0.2163384109735489,0.31655025482177734,0.2163384109735489
1785545342897724300,90432859,0.30675390362739563,0.2250880002975464,0.306753933429718,0.22508801519870758
1785545342910449200,90432859,0.30675390362739563,0.2250880002975464,0.306753933429718,0.22508801519870758
1785545342921447500,90448946,0.27455493807792664,0.25699374079704285,0.274554967880249,0.25699377059936523
1785545342931121900,90463126,0.2434171587228775,0.2893960475921631,0.2434171587228775,0.2893960475921631
1785545342942306300,90479890,0.23402822017669678,0.30147671699523926,0.23402823507785797,0.30147674679756165
1785545342953106900,90479890,0.23402822017669678,0.30147671699523926,0.23402823507785797,0.30147674679756165
1785545342964232600,90499427,0.2361929714679718,0.3049756586551666,0.236192986369133,0.3049757182598114
1785545342975852800,90499427,0.2361929714679718,0.3049756586551666,0.236192986369133,0.3049757182598114
1785545342985233900,90515617,0.25413385033607483,0.2951420843601227,0.25413385033607483,0.29514211416244507
1785545342996640000,90529793,0.26576781272888184,0.28814470767974854,0.26576781272888184,0.2881447374820709
1785545343007709500,90529793,0.26576781272888184,0.28814470767974854,0.26576781272888184,0.2881447374820709
1785545343017959200,90546460,0.2747270464897156,0.28980371356010437,0.27472707629203796,0.289803683757782
1785545343029176400,90565977,0.2811335325241089,0.29904213547706604,0.2811335325241089,0.29904207587242126
1785545343040707500,90565977,0.2811335325241089,0.29904213547706604,0.2811335325241089,0.29904207587242126
1785545343051793000,90582121,0.2882370352745056,0.307089239358902,0.288237065076828,0.3070892095565796
1785545343061748900,90596573,0.29788702726364136,0.3110271394252777,0.29788705706596375,0.3110271394252777
1785545343072800700,90596573,0.29788702726364136,0.3110271394252777,0.29788705706596375,0.3110271394252777
1785545343085570600,90613184,0.3017491400241852,0.31753048300743103,0.3017491400241852,0.3175305128097534
1785545343095079700,90632583,0.30798405408859253,0.3230583369731903,0.30798405408859253,0.3230583667755127
1785545343104511500,90632583,0.30798405408859253,0.3230583369731903,0.30798405408859253,0.3230583667755127
1785545343116112400,90649073,0.31287309527397156,0.3265623450279236,0.31287309527397156,0.3265623450279236
1785545343127363500,90663220,0.3176243007183075,0.3267124891281128,0.3176243007183075,0.3267124891281128
1785545343136024900,90663220,0.3176243007183075,0.3267124891281128,0.3176243007183075,0.3267124891281128
1785545343147249900,90679782,0.2977493107318878,0.30652904510498047,0.2977493107318878,0.30652904510498047
1785545343156558700,90679782,0.2977493107318878,0.30652904510498047,0.2977493107318878,0.30652904510498047
1785545343167848400,90699412,0.282243937253952,0.29314756393432617,0.282243937253952,0.2931475341320038
1785545343179329800,90715500,0.27461713552474976,0.28550228476524353,0.27461713552474976,0.28550228476524353
1785545343190623900,90715500,0.27461713552474976,0.28550228476524353,0.27461713552474976,0.28550228476524353
1785545343201724600,90729764,0.26969560980796814,0.28156542778015137,0.26969560980796814,0.28156545758247375
1785545343211276800,90746417,0.2677805423736572,0.27631253004074097,0.2677805423736572,0.27631255984306335
1785545343222232800,90746417,0.2677805423736572,0.27631253004074097,0.2677805423736572,0.27631255984306335
1785545343233443500,90766030,0.26528891921043396,0.27365508675575256,0.26528891921043396,0.27365511655807495
1785545343244329900,90766030,0.26528891921043396,0.27365508675575256,0.26528891921043396,0.27365511655807495
1785545343253799400,90782141,0.26403379440307617,0.2721274793148041,0.26403379440307617,0.2721274495124817
1785545343265417200,90796440,0.26354312896728516,0.27095863223075867,0.26354312896728516,0.2709586024284363
1785545343276217300,90813088,0.2624689042568207,0.27072426676750183,0.2624689042568207,0.27072423696517944
1785545343287654600,90813088,0.2624689042568207,0.27072426676750183,0.2624689042568207,0.27072423696517944
1785545343299232200,90832728,0.26227253675460815,0.2699441611766815,0.26227253675460815,0.2699441611766815
1785545343310318300,90848708,0.2623676657676697,0.26930806040763855,0.2623676657676697,0.2693081200122833
1785545343321371400,90848708,0.2623676657676697,0.26930806040763855,0.2623676657676697,0.2693081200122833
1785545343330966400,90863088,0.2625652551651001,0.2687625586986542,0.2625652253627777,0.2687625586986542
1785545343342051400,90879649,0.2633759677410126,0.26776760816574097,0.2633759379386902,0.26776760816574097
1785545343351503600,90879749,0.26339271664619446,0.26760345697402954,0.26339271664619446,0.26760345697402954
1785545343362755000,90899334,0.26306742429733276,0.2676717936992645,0.26306742429733276,0.2676717936992645
1785545343373799600,90899334,0.26306742429733276,0.2676717936992645,0.26306742429733276,0.2676717936992645
1785545343385802100,90915450,0.2629629969596863,0.2676223814487457,0.2629629969596863,0.26762235164642334
1785545343395433800,90929743,0.2626442313194275,0.2678520977497101,0.2626442313194275,0.2678520679473877
1785545343404982400,90929743,0.2626442313194275,0.2678520977497101,0.2626442313194275,0.2678520679473877
1785545343415950200,90946394,0.2629302442073822,0.2674782872200012,0.2629302442073822,0.26747825741767883
1785545343427323200,90965911,0.26311632990837097,0.26726245880126953,0.26311635971069336,0.26726245880126953
1785545343438886300,90966116,0.2631533145904541,0.2671791911125183,0.2631533443927765,0.2671792209148407
1785545343451387900,90982081,0.2909184992313385,0.24103476107120514,0.2909184694290161,0.24103477597236633
1785545343460891600,90996417,0.313748836517334,0.2221417874097824,0.3137488067150116,0.2221418172121048
1785545343471956800,90996417,0.313748836517334,0.2221417874097824,0.3137488067150116,0.2221418172121048
1785545343481595200,91013064,0.30164721608161926,0.23733879625797272,0.3016471862792969,0.2373388111591339
1785545343491149000,91013064,0.30164721608161926,0.23733879625797272,0.3016471862792969,0.2373388111591339
1785545343503774600,91032553,0.31680577993392944,0.23013778030872345,0.31680577993392944,0.23013779520988464
1785545343514796700,91048734,0.33776599168777466,0.2201351821422577,0.33776602149009705,0.22013519704341888
1785545343524585600,91063220,0.3335677683353424,0.2369752824306488,0.3335677981376648,0.2369752824306488
1785545343535870100,91063220,0.3335677683353424,0.2369752824306488,0.3335677981376648,0.2369752824306488
1785545343546958000,91079729,0.29386281967163086,0.2920958697795868,0.29386281967163086,0.2920958697795868
1785545343558039100,91079729,0.29386281967163086,0.2920958697795868,0.29386281967163086,0.2920958697795868
1785545343570725300,91099268,0.2847399413585663,0.31626859307289124,0.28473997116088867,0.31626856327056885
1785545343580577900,91115450,0.28176814317703247,0.32921019196510315,0.28176814317703247,0.32921016216278076
1785545343590008300,91115450,0.28176814317703247,0.32921019196510315,0.28176814317703247,0.32921016216278076
1785545343602175500,91129788,0.3003263473510742,0.316402792930603,0.3003263473510742,0.316402792930603
1785545343611686900,91146410,0.2855909466743469,0.3359729051589966,0.2855909466743469,0.33597293496131897
1785545343621095000,91146410,0.2855909466743469,0.3359729051589966,0.2855909466743469,0.33597293496131897
1785545343632340700,91165940,0.2772384583950043,0.31178537011146545,0.2772384583950043,0.31178539991378784
1785545343642553000,91165940,0.2772384583950043,0.31178537011146545,0.2772384583950043,0.31178539991378784
1785545343653509700,91182676,0.27544859051704407,0.2960417568683624,0.2754485607147217,0.2960417866706848
1785545343664830500,91196406,0.2733067572116852,0.2878802716732025,0.2733067572116852,0.2878802418708801
1785545343675986700,91213062,0.2665407657623291,0.28614944219589233,0.2665407657623291,0.28614941239356995
1785545343687130600,91213062,0.2665407657623291,0.28614944219589233,0.2665407657623291,0.28614941239356995
1785545343698437500,91232569,0.2627633213996887,0.28347548842430115,0.2627633810043335,0.28347545862197876
1785545343709637900,91232569,0.2627633213996887,0.28347548842430115,0.2627633810043335,0.28347545862197876
1785545343722245100,91248804,0.26140955090522766,0.281133234500885,0.26140958070755005,0.281133234500885
1785545343731958100,91263076,0.2612740695476532,0.27890878915786743,0.2612740695476532,0.27890878915786743
1785545343742467000,91279732,0.2629048228263855,0.27493053674697876,0.2629048228263855,0.27493056654930115
1785545343753779800,91279732,0.2629048228263855,0.27493053674697876,0.2629048228263855,0.27493056654930115
1785545343765323900,91299284,0.2612317204475403,0.2747611701488495,0.2612316906452179,0.2747611701488495
1785545343776445300,91299284,0.2612317204475403,0.2747611701488495,0.2612316906452179,0.2747611701488495
1785545343785777100,91315422,0.26061445474624634,0.2742501497268677,0.26061445474624634,0.2742501497268677
1785545343797327400,91329728,0.2595042884349823,0.27470725774765015,0.2595042884349823,0.27470722794532776
1785545343808552400,91346471,0.2601463198661804,0.2734203040599823,0.2601463198661804,0.2734202742576599
1785545343820114000,91346471,0.2601463198661804,0.2734203040599823,0.2601463198661804,0.2734202742576599
1785545343831095700,91365934,0.2615222632884979,0.27134832739830017,0.2615222632884979,0.27134832739830017
1785545343842315400,91365934,0.2615222632884979,0.27134832739830017,0.2615222632884979,0.27134832739830017
1785545343855072500,91382100,0.2615944743156433,0.2708132565021515,0.2615944743156433,0.2708132565021515
1785545343866480400,91396387,0.26163312792778015,0.27042847871780396,0.26163312792778015,0.27042847871780396
1785545343876023300,91413138,0.2607496678829193,0.2710469365119934,0.2607496380805969,0.2710469663143158
1785545343886677600,91413138,0.2607496678829193,0.2710469365119934,0.2607496380805969,0.2710469663143158
1785545343897600400,91432675,0.26096320152282715,0.27056631445884705,0.26096317172050476,0.27056631445884705
1785545343910423200,91432675,0.26096320152282715,0.27056631445884705,0.26096317172050476,0.27056631445884705
1785545343921276300,91448830,0.2613612711429596,0.2699805200099945,0.2613612711429596,0.2699805200099945
1785545343930707300,91463041,0.2625763416290283,0.2685689330101013,0.2625763714313507,0.2685689330101013
1785545343942283500,91479739,0.2628006339073181,0.26815056800842285,0.2628006637096405,0.26815053820610046
1785545343954520100,91479739,0.2628006339073181,0.26815056800842285,0.2628006637096405,0.26815053820610046
1785545343965380900,91499412,0.26329606771469116,0.26944294571876526,0.26329609751701355,0.26944294571876526
1785545343974682800,91499412,0.26329606771469116,0.26944294571876526,0.26329609751701355,0.26944294571876526
1785545343985460500,91515480,0.265498548746109,0.27147963643074036,0.265498548746109,0.27147966623306274
1785545343996886100,91529743,0.26650694012641907,0.272916316986084,0.2665069103240967,0.27291634678840637
1785545344008032600,91546402,0.27057310938835144,0.2760377526283264,0.27057310938835144,0.2760377824306488
1785545344019101100,91546402,0.27057310938835144,0.2760377526283264,0.27057310938835144,0.2760377824306488
1785545344030184300,91565907,0.2776687443256378,0.28165802359580994,0.2776687443256378,0.28165802359580994
1785545344041507800,91565907,0.2776687443256378,0.28165802359580994,0.2776687443256378,0.28165802359580994
1785545344052253300,91581992,0.2847018241882324,0.2883222997188568,0.2847018241882324,0.2883222997188568
1785545344063680400,91596378,0.29198187589645386,0.2953574061393738,0.29198187589645386,0.2953574061393738
1785545344074642200,91613190,0.2956709861755371,0.2994042932987213,0.2956709861755371,0.2994042932987213
1785545344085877200,91613281,0.2971443831920624,0.30104362964630127,0.2971443831920624,0.3010435998439789
1785545344097070200,91632664,0.30438417196273804,0.30790260434150696,0.30438417196273804,0.30790260434150696
1785545344108226100,91632664,0.30438417196273804,0.30790260434150696,0.30438417196273804,0.30790260434150696
1785545344119426100,91648703,0.3101767897605896,0.3132268786430359,0.3101767897605896,0.3132269084453583
1785545344130562700,91663045,0.31450217962265015,0.317147821187973,0.31450220942497253,0.317147821187973
1785545344142127400,91679697,0.31837156414985657,0.32003432512283325,0.31837159395217896,0.32003429532051086
1785545344153045300,91679697,0.31837156414985657,0.32003432512283325,0.31837159395217896,0.32003429532051086
1785545344163948900,91699212,0.29667410254478455,0.2986421585083008,0.29667410254478455,0.2986421287059784
1785545344175292100,91699212,0.29667410254478455,0.2986421585083008,0.29667410254478455,0.2986421287059784
1785545344186340700,91715422,0.28511059284210205,0.2871866822242737,0.28511059284210205,0.2871866822242737
1785545344196057400,91729706,0.2783398926258087,0.28073084354400635,0.2783398926258087,0.28073084354400635
1785545344207257600,91729706,0.2783398926258087,0.28073084354400635,0.2783398926258087,0.28073084354400635
1785545344218915000,91746448,0.2734113037586212,0.2755301892757416,0.27341127395629883,0.27553021907806396
1785545344230217700,91765912,0.2697950005531311,0.27162545919418335,0.2697950005531311,0.27162548899650574
1785545344241140700,91765912,0.2697950005531311,0.27162545919418335,0.2697950005531311,0.27162548899650574
1785545344250732500,91782414,0.26782166957855225,0.2695161998271942,0.26782166957855225,0.2695161998271942
1785545344262133300,91796635,0.26692742109298706,0.26813241839408875,0.26692745089530945,0.26813241839408875
1785545344273355900,91796635,0.26692742109298706,0.26813241839408875,0.26692745089530945,0.26813241839408875
1785545344284589600,91813052,0.26595792174339294,0.26731204986572266,0.26595792174339294,0.2673119902610779
1785545344295792700,91832586,0.26529765129089355,0.2666780948638916,0.26529765129089355,0.2666780948638916
1785545344307096200,91832586,0.26529765129089355,0.2666780948638916,0.26529765129089355,0.2666780948638916
1785545344317818100,91848792,0.26500555872917175,0.26628029346466064,0.26500555872917175,0.26628029346466064
1785545344328971900,91863102,0.2649999260902405,0.2658871114253998,0.2649999260902405,0.2658871114253998
1785545344339046700,91863102,0.2649999260902405,0.2658871114253998,0.2649999260902405,0.2658871114253998
1785545344350020200,91879847,0.2649001479148865,0.26568058133125305,0.2649001479148865,0.26568058133125305
1785545344360970000,91899521,0.26476114988327026,0.2655894160270691,0.26476114988327026,0.2655894160270691
1785545344372286300,91899521,0.26476114988327026,0.2655894160270691,0.26476114988327026,0.2655894160270691
1785545344381904800,91915598,0.26471003890037537,0.265519917011261,0.26471003890037537,0.265519917011261
1785545344393103200,91929747,0.26463744044303894,0.265523225069046,0.26463744044303894,0.265523225069046
1785545344405679700,91929747,0.26463744044303894,0.265523225069046,0.26463744044303894,0.265523225069046
1785545344414253300,91946500,0.2646697461605072,0.2654366195201874,0.2646697461605072,0.2654366195201874
1785545344425779800,91946500,0.2646697461605072,0.2654366195201874,0.2646697461605072,0.2654366195201874
1785545344436807100,91965965,0.26476529240608215,0.26530030369758606,0.26476529240608215,0.26530030369758606
1785545344448153200,91982144,0.2647818624973297,0.2652616798877716,0.2647818624973297,0.2652616798877716
1785545344459506300,91996393,0.26478666067123413,0.2652440369129181,0.26478666067123413,0.2652440369129181
1785545344470327800,91996393,0.26478666067123413,0.2652440369129181,0.26478666067123413,0.2652440369129181
1785545344481255400,92013041,0.26474425196647644,0.2652762830257416,0.26474425196647644,0.2652762830257416
1785545344490931000,92013041,0.26474425196647644,0.2652762830257416,0.26474425196647644,0.2652762830257416
1785545344502219200,92032545,0.264758825302124,0.26525431871414185,0.264758825302124,0.26525431871414185
1785545344512935100,92049166,0.2647889256477356,0.26522010564804077,0.2647889256477356,0.26522010564804077
1785545344525563900,92049166,0.2647889256477356,0.26522010564804077,0.2647889256477356,0.26522010564804077
1785545344535716000,92063056,0.23850570619106293,0.29150086641311646,0.23850570619106293,0.29150086641311646
1785545344545357600,92079828,0.21773186326026917,0.31227269768714905,0.21773186326026917,0.31227269768714905
1785545344554926600,92079828,0.21773186326026917,0.31227269768714905,0.21773186326026917,0.31227269768714905
1785545344566216900,92099311,0.20798680186271667,0.3220164179801941,0.20798680186271667,0.3220164179801941
1785545344577539400,92115451,0.20143254101276398,0.328591912984848,0.20143254101276398,0.328591912984848
1785545344590616300,92115451,0.20143254101276398,0.328591912984848,0.20143254101276398,0.328591912984848
1785545344600145600,92129741,0.21583005785942078,0.31420668959617615,0.21583005785942078,0.31420668959617615
1785545344611229700,92146471,0.2318747192621231,0.2987384498119354,0.2318747192621231,0.2987384498119354
1785545344622321700,92146471,0.2318747192621231,0.2987384498119354,0.2318747192621231,0.2987384498119354
1785545344633492900,92166224,0.2367139309644699,0.2950049042701721,0.23671391606330872,0.2950049042701721
1785545344644866800,92182138,0.25812870264053345,0.2741679847240448,0.25812870264053345,0.2741679847240448
1785545344655986000,92182138,0.25812870264053345,0.2741679847240448,0.25812870264053345,0.2741679847240448
1785545344667131400,92196392,0.2888317406177521,0.24569575488567352,0.2888317406177521,0.24569575488567352
1785545344678041100,92213013,0.27334752678871155,0.26294809579849243,0.27334752678871155,0.26294809579849243
1785545344689115800,92213013,0.27334752678871155,0.26294809579849243,0.27334752678871155,0.26294809579849243
1785545344700471900,92232627,0.2853652238845825,0.2532435953617096,0.2853652238845825,0.2532435953617096
1785545344711452600,92248790,0.3072871267795563,0.2330615371465683,0.3072871267795563,0.2330615371465683
1785545344722555200,92248790,0.3072871267795563,0.2330615371465683,0.3072871267795563,0.2330615371465683
1785545344733773400,92263064,0.30040663480758667,0.24120460450649261,0.30040663480758667,0.24120460450649261
1785545344745207700,92279695,0.2869499921798706,0.25529834628105164,0.2869499921798706,0.25529834628105164
1785545344754836800,92279695,0.2869499921798706,0.25529834628105164,0.2869499921798706,0.25529834628105164
1785545344766131400,92299369,0.2812802791595459,0.2608264982700348,0.2812802791595459,0.2608264982700348
1785545344777898000,92315457,0.28055596351623535,0.26087793707847595,0.28055596351623535,0.26087793707847595
1785545344788961200,92315457,0.28055596351623535,0.26087793707847595,0.28055596351623535,0.26087793707847595
1785545344799188700,92329855,0.2834410071372986,0.2576003968715668,0.2834410071372986,0.2576003968715668
1785545344811443700,92346358,0.28202083706855774,0.2581338584423065,0.28202083706855774,0.2581338584423065
1785545344821282700,92346358,0.28202083706855774,0.2581338584423065,0.28202083706855774,0.2581338584423065
1785545344832346800,92365857,0.28054383397102356,0.25855305790901184,0.28054383397102356,0.25855305790901184
1785545344843946600,92382207,0.2793218493461609,0.25890570878982544,0.2793218493461609,0.25890570878982544
1785545344854794700,92382207,0.2793218493461609,0.25890570878982544,0.2793218493461609,0.25890570878982544
1785545344865800800,92396379,0.2757357060909271,0.26144230365753174,0.2757357060909271,0.26144230365753174
1785545344877181900,92413013,0.27675876021385193,0.2595818340778351,0.27675876021385193,0.2595818340778351
1785545344886580700,92413013,0.27675876021385193,0.2595818340778351,0.27675876021385193,0.2595818340778351
1785545344897808400,92432519,0.2763541638851166,0.25912749767303467,0.2763541638851166,0.25912749767303467
1785545344908568300,92432519,0.2763541638851166,0.25912749767303467,0.2763541638851166,0.25912749767303467
1785545344919691700,92448682,0.2754747271537781,0.25937700271606445,0.2754747271537781,0.25937700271606445
1785545344930680900,92463031,0.2743660807609558,0.2599645256996155,0.2743660807609558,0.2599645256996155
1785545344942106400,92479674,0.2717141807079315,0.2618888020515442,0.2717141807079315,0.2618888020515442
1785545344951611700,92479674,0.2717141807079315,0.2618888020515442,0.2717141807079315,0.2618888020515442
1785545344964029400,92499228,0.27193939685821533,0.2610313892364502,0.27193939685821533,0.2610313892364502
1785545344973139800,92499228,0.27193939685821533,0.2610313892364502,0.27193939685821533,0.2610313892364502
1785545344983941000,92515401,0.2717563211917877,0.2607796788215637,0.2717563211917877,0.2607796788215637
1785545344994976600,92529680,0.27226340770721436,0.26002219319343567,0.27226340770721436,0.26002219319343567
1785545345006026700,92529680,0.27226340770721436,0.26002219319343567,0.27226340770721436,0.26002219319343567
1785545345017363000,92546359,0.2713049650192261,0.2606859505176544,0.2713049650192261,0.2606859505176544
1785545345028744200,92565802,0.27057865262031555,0.2612062990665436,0.27057865262031555,0.2612062990665436
1785545345037456600,92565886,0.2705940306186676,0.2611112892627716,0.2705940306186676,0.2611112892627716
1785545345048476000,92582409,0.2692435383796692,0.26219189167022705,0.2692435383796692,0.26219189167022705
1785545345058928600,92596367,0.26884275674819946,0.26239442825317383,0.26884275674819946,0.26239442825317383
1785545345070223300,92596367,0.26884275674819946,0.26239442825317383,0.26884275674819946,0.26239442825317383
1785545345081178100,92613076,0.2694726288318634,0.2616078555583954,0.2694726288318634,0.2616078555583954
1785545345090763400,92613076,0.2694726288318634,0.2616078555583954,0.2694726288318634,0.2616078555583954
1785545345102381500,92632519,0.2692243754863739,0.2616940438747406,0.2692243754863739,0.2616940438747406
1785545345113517800,92648669,0.26881542801856995,0.26198822259902954,0.26881542801856995,0.26198822259902954
1785545345124609700,92663003,0.26837533712387085,0.2623349130153656,0.26837533712387085,0.2623349130153656
1785545345135909100,92663003,0.26837533712387085,0.2623349130153656,0.26837533712387085,0.2623349130153656
1785545345147101000,92679689,0.26730644702911377,0.2632758319377899,0.26730644702911377,0.2632758319377899
1785545345157702200,92679689,0.26730644702911377,0.2632758319377899,0.26730644702911377,0.2632758319377899
1785545345169163000,92699193,0.26743096113204956,0.2630411982536316,0.26743096113204956,0.2630411982536316
1785545345179215200,92715370,0.26741650700569153,0.26298072934150696,0.26741650700569153,0.26298072934150696
1785545345190137500,92715370,0.26741650700569153,0.26298072934150696,0.26741650700569153,0.26298072934150696
1785545345201552600,92729700,0.267662912607193,0.26269105076789856,0.267662912607193,0.26269105076789856
1785545345211137200,92746353,0.26731476187705994,0.262989342212677,0.26731476187705994,0.262989342212677
1785545345222294000,92746353,0.26731476187705994,0.262989342212677,0.26731476187705994,0.262989342212677
1785545345233366600,92765827,0.26703232526779175,0.2632243037223816,0.26703232526779175,0.2632243037223816
1785545345245316600,92781988,0.26650282740592957,0.2637109160423279,0.26650282740592957,0.2637109160423279
1785545345256945100,92781988,0.26650282740592957,0.2637109160423279,0.26650282740592957,0.2637109160423279
1785545345267958200,92796350,0.26633912324905396,0.26384180784225464,0.26633912324905396,0.26384180784225464
1785545345279051700,92813095,0.26661282777786255,0.26354309916496277,0.26661282777786255,0.26354309916496277
1785545345288490300,92813095,0.26661282777786255,0.26354309916496277,0.26661282777786255,0.26354309916496277
1785545345299620200,92832523,0.26654359698295593,0.26358696818351746,0.26654359698295593,0.26358696818351746
1785545345310577300,92848886,0.2663787305355072,0.26373377442359924,0.2663787305355072,0.26373377442359924
1785545345320964100,92848886,0.2663787305355072,0.26373377442359924,0.2663787305355072,0.26373377442359924
1785545345332077300,92863026,0.26621386408805847,0.263884574174881,0.26621386408805847,0.263884574174881
1785545345342269900,92879697,0.2657938301563263,0.2642855644226074,0.2657938301563263,0.2642855644226074
1785545345353369900,92879697,0.2657938301563263,0.2642855644226074,0.2657938301563263,0.2642855644226074
1785545345364467600,92899373,0.26489949226379395,0.2632603049278259,0.26489949226379395,0.2632603049278259
1785545345376054300,92899373,0.26489949226379395,0.2632603049278259,0.26489949226379395,0.2632603049278259
1785545345385959100,92915580,0.2626829147338867,0.26101890206336975,0.2626829147338867,0.26101890206336975
1785545345397884000,92929668,0.26153290271759033,0.25965651869773865,0.26153290271759033,0.25965651869773865
1785545345408954400,92946415,0.25793176889419556,0.25627562403678894,0.25793176889419556,0.25627562403678894
1785545345421076700,92946415,0.25793176889419556,0.25627562403678894,0.25793176889419556,0.25627562403678894
1785545345432313600,92965846,0.2512483596801758,0.25005990266799927,0.2512483596801758,0.25005990266799927
1785545345440851800,92965846,0.2512483596801758,0.25005990266799927,0.2512483596801758,0.25005990266799927
1785545345451908400,92982243,0.2442123293876648,0.2431272268295288,0.2442123293876648,0.2431272268295288
1785545345461756900,92996471,0.23792992532253265,0.2368771880865097,0.23792992532253265,0.2368771880865097
1785545345472772700,92996471,0.23792992532253265,0.2368771880865097,0.23792992532253265,0.2368771880865097
1785545345485434500,93013045,0.23297840356826782,0.23174841701984406,0.23297840356826782,0.23174841701984406
1785545345494870200,93032521,0.22734799981117249,0.22616666555404663,0.22734799981117249,0.22616666555404663
1785545345506212200,93032521,0.22734799981117249,0.22616666555404663,0.22734799981117249,0.22616666555404663
1785545345517432500,93048737,0.22330956161022186,0.2222445011138916,0.22330956161022186,0.2222445011138916
1785545345530255900,93063023,0.2208244651556015,0.21987853944301605,0.2208244651556015,0.21987853944301605
1785545345540886100,93063023,0.2208244651556015,0.21987853944301605,0.2208244651556015,0.21987853944301605
1785545345550578100,93079677,0.2367333173751831,0.23610997200012207,0.2367333173751831,0.23610997200012207
1785545345561904700,93099259,0.2481258362531662,0.24751920998096466,0.2481258362531662,0.24751920998096466
1785545345571259000,93099259,0.2481258362531662,0.24751920998096466,0.2481258362531662,0.24751920998096466
1785545345582011900,93115338,0.25413477420806885,0.25355175137519836,0.25413477420806885,0.25355175137519836
1785545345593083000,93129672,0.2576731741428375,0.2570239007472992,0.2576731741428375,0.2570239007472992
1785545345604190500,93129672,0.2576731741428375,0.2570239007472992,0.2576731741428375,0.2570239007472992
1785545345615603900,93146341,0.2603806257247925,0.2598259747028351,0.2603806257247925,0.2598259747028351
1785545345625543500,93146341,0.2603806257247925,0.2598259747028351,0.2603806257247925,0.2598259747028351
1785545345635760700,93166033,0.262290894985199,0.2618153393268585,0.262290894985199,0.2618153393268585
1785545345648588100,93182083,0.26326003670692444,0.2629287540912628,0.26326003670692444,0.2629287540912628
1785545345657294200,93182083,0.26326003670692444,0.2629287540912628,0.26326003670692444,0.2629287540912628
1785545345668169900,93196337,0.26383423805236816,0.26354479789733887,0.26383423805236816,0.26354479789733887
1785545345678725500,93213011,0.2643379271030426,0.26398494839668274,0.2643379271030426,0.26398494839668274
1785545345689881800,93213011,0.2643379271030426,0.26398494839668274,0.2643379271030426,0.26398494839668274
1785545345700852800,93232551,0.264666348695755,0.2643246650695801,0.264666348695755,0.2643246650695801
1785545345712033100,93248656,0.26482152938842773,0.2645237147808075,0.26482152938842773,0.2645237147808075
1785545345721306200,93248656,0.26482152938842773,0.2645237147808075,0.26482152938842773,0.2645237147808075
1785545345732426500,93263010,0.26487302780151367,0.26467838883399963,0.26487302780151367,0.26467838883399963
1785545345743954200,93279667,0.2649358808994293,0.26477712392807007,0.2649358808994293,0.26477712392807007
1785545345754545000,93279667,0.2649358808994293,0.26477712392807007,0.2649358808994293,0.26477712392807007
1785545345764219200,93299334,0.2640411853790283,0.2638559639453888,0.2640411853790283,0.2638559639453888
1785545345775728400,93299334,0.2640411853790283,0.2638559639453888,0.2640411853790283,0.2638559639453888
1785545345785142300,93315642,0.2618691325187683,0.2616913616657257,0.2618691325187683,0.2616913616657257
1785545345796771900,93329656,0.26067906618118286,0.2604866325855255,0.26067906618118286,0.2604866325855255
1785545345807963400,93346415,0.2571847438812256,0.25705137848854065,0.2571847438812256,0.25705137848854065
1785545345819115500,93346415,0.2571847438812256,0.25705137848854065,0.2571847438812256,0.25705137848854065
1785545345830164700,93365871,0.2508150041103363,0.25070321559906006,0.2508150041103363,0.25070321559906006
1785545345841351800,93365871,0.2508150041103363,0.25070321559906006,0.2508150041103363,0.25070321559906006
1785545345850988200,93381953,0.24391882121562958,0.24381382763385773,0.24391882121562958,0.24381382763385773
1785545345862153700,93396327,0.23675675690174103,0.23665925860404968,0.23675675690174103,0.23665925860404968
1785545345873159600,93396327,0.23675675690174103,0.23665925860404968,0.23675675690174103,0.23665925860404968
1785545345885938300,93412972,0.23115617036819458,0.23104706406593323,0.23115617036819458,0.23104706406593323
1785545345895804100,93432511,0.22321437299251556,0.22311289608478546,0.22321437299251556,0.22311289608478546
1785545345906825100,93432511,0.22321437299251556,0.22311289608478546,0.22321437299251556,0.22311289608478546
1785545345917840000,93448632,0.2154630869626999,0.21537598967552185,0.2154630869626999,0.21537598967552185
1785545345930503500,93462977,0.20782499015331268,0.20776738226413727,0.20782500505447388,0.20776738226413727
1785545345940542700,93462977,0.20782499015331268,0.20776738226413727,0.20782500505447388,0.20776738226413727
1785545345951553600,93479650,0.19822077453136444,0.19817571341991425,0.19822075963020325,0.19817571341991425
1785545345962788100,93499197,0.1874285787343979,0.18737703561782837,0.1874285787343979,0.18737705051898956
1785545345973898400,93499197,0.1874285787343979,0.18737703561782837,0.1874285787343979,0.18737705051898956
1785545345985062800,93515289,0.17818139493465424,0.17813125252723694,0.17818139493465424,0.17813125252723694
1785545345996606300,93529626,0.17280475795269012,0.17274987697601318,0.17280475795269012,0.17274987697601318
1785545346007806600,93546397,0.16524538397789001,0.16520515084266663,0.16524538397789001,0.16520515084266663
1785545346020401400,93546397,0.16524538397789001,0.16520515084266663,0.16524538397789001,0.16520515084266663
1785545346030062600,93565914,0.15566471219062805,0.15563377737998962,0.15566471219062805,0.15563377737998962
1785545346041193400,93565914,0.15566471219062805,0.15563377737998962,0.15566471219062805,0.15563377737998962
1785545346053798400,93582117,0.14709314703941345,0.14706724882125854,0.14709314703941345,0.14706724882125854
1785545346063940000,93596340,0.1397087574005127,0.1396862119436264,0.1397087574005127,0.1396861970424652
1785545346074911500,93612975,0.1338990032672882,0.13387534022331238,0.1338990181684494,0.13387535512447357
1785545346087660600,93612975,0.1338990032672882,0.13387534022331238,0.1338990181684494,0.13387535512447357
1785545346097497300,93632478,0.12772412598133087,0.12770262360572815,0.12772412598133087,0.12770265340805054
1785545346107294200,93632478,0.12772412598133087,0.12770262360572815,0.12772412598133087,0.12770265340805054
1785545346118145500,93648666,0.12345416843891144,0.12343727797269821,0.12345417588949203,0.12343727797269821
1785545346129237000,93662975,0.12088333070278168,0.12087038159370422,0.12088333815336227,0.12087038159370422
1785545346139270000,93662975,0.12088333070278168,0.12087038159370422,0.12088333815336227,0.12087038159370422
1785545346150257700,93679736,0.17118753492832184,0.17118173837661743,0.17118753492832184,0.17118173837661743
1785545346161253200,93699173,0.2085145264863968,0.2085128128528595,0.2085145264863968,0.2085128128528595
1785545346172354400,93699173,0.2085145264863968,0.2085128128528595,0.2085145264863968,0.2085128128528595
1785545346182005500,93715335,0.22841061651706696,0.22841063141822815,0.22841061651706696,0.22841063141822815
1785545346191382200,93729657,0.2398807853460312,0.23987989127635956,0.2398807853460312,0.23987989127635956
1785545346203860400,93729657,0.2398807853460312,0.23987989127635956,0.2398807853460312,0.23987989127635956
1785545346213083400,93746311,0.24892136454582214,0.24892202019691467,0.24892136454582214,0.24892202019691467
1785545346224073700,93746311,0.24892136454582214,0.24892202019691467,0.24892136454582214,0.24892202019691467
1785545346235625100,93765736,0.2553040087223053,0.2553059458732605,0.2553040087223053,0.2553059458732605
1785545346245298600,93781923,0.2587150037288666,0.25871872901916504,0.2587150037288666,0.25871872901916504
1785545346256754900,93781923,0.2587150037288666,0.25871872901916504,0.2587150037288666,0.25871872901916504
1785545346269727300,93796311,0.2606936991214752,0.2606975734233856,0.2606936991214752,0.2606975734233856
1785545346280602500,93813087,0.2621961832046509,0.2622002065181732,0.2621961832046509,0.2622002065181732
1785545346290235300,93813087,0.2621961832046509,0.2622002065181732,0.2621961832046509,0.2622002065181732
1785545346301315400,93832515,0.26331114768981934,0.26331600546836853,0.26331111788749695,0.26331600546836853
1785545346310856800,93848731,0.2639034688472748,0.2639091908931732,0.2639034390449524,0.2639092206954956
1785545346322310900,93848731,0.2639034688472748,0.2639091908931732,0.2639034390449524,0.2639092206954956
1785545346333679600,93862978,0.2642466127872467,0.2642526924610138,0.2642465829849243,0.2642526924610138
1785545346345200300,93879733,0.26450884342193604,0.2645144462585449,0.2645088732242584,0.2645144462585449
1785545346356015800,93879733,0.26450884342193604,0.2645144462585449,0.2645088732242584,0.2645144462585449
1785545346368824700,93899202,0.2647031247615814,0.26470956206321716,0.2647031545639038,0.26470956206321716
1785545346378685000,93915359,0.2648064196109772,0.2648125886917114,0.2648063898086548,0.2648125886917114
1785545346389865500,93915359,0.2648064196109772,0.2648125886917114,0.2648063898086548,0.2648125886917114
1785545346400961600,93929667,0.264865905046463,0.26487255096435547,0.264865905046463,0.26487258076667786
1785545346412167600,93946300,0.26491299271583557,0.264919638633728,0.2649129629135132,0.264919638633728
1785545346422162000,93946300,0.26491299271583557,0.264919638633728,0.2649129629135132,0.264919638633728
1785545346433043800,93965850,0.2649463415145874,0.2649529278278351,0.2649463415145874,0.2649528980255127
1785545346443946100,93982588,0.26496437191963196,0.26497021317481995,0.26496437191963196,0.26497018337249756
1785545346454961600,93982588,0.26496437191963196,0.26497021317481995,0.26496437191963196,0.26497018337249756
1785545346466162800,93996290,0.264974445104599,0.2649799883365631,0.264974445104599,0.2649799585342407
1785545346477648500,94013158,0.2649819552898407,0.26498833298683167,0.2649819552898407,0.26498836278915405
1785545346488592200,94013158,0.2649819552898407,0.26498833298683167,0.2649819552898407,0.26498836278915405
1785545346501162700,94032440,0.23491904139518738,0.2950628399848938,0.2950565218925476,0.23492582142353058
1785545346510703000,94048934,0.20533418655395508,0.32465359568595886,0.3246478736400604,0.2053413689136505
1785545346521967300,94048934,0.20533418655395508,0.32465359568595886,0.3246478736400604,0.2053413689136505
1785545346531293400,94062970,0.18457944691181183,0.34541139006614685,0.34540650248527527,0.184586763381958
1785545346542478800,94079616,0.16961850225925446,0.36037513613700867,0.36037155985832214,0.16962462663650513
1785545346553830600,94079616,0.16961850225925446,0.36037513613700867,0.36037155985832214,0.16962462663650513
1785545346565280900,94099226,0.19541993737220764,0.3345760107040405,0.3345717787742615,0.1954261064529419
1785545346576012800,94099226,0.19541993737220764,0.3345760107040405,0.3345717787742615,0.1954261064529419
1785545346588408900,94115341,0.224103182554245,0.3058944642543793,0.3058895170688629,0.22410883009433746
1785545346599961700,94129619,0.24129793047904968,0.28870055079460144,0.28869494795799255,0.24130377173423767
1785545346609301500,94146360,0.24834191799163818,0.2816579341888428,0.28165194392204285,0.24834640324115753
1785545346620613800,94146360,0.24834191799163818,0.2816579341888428,0.28165194392204285,0.24834640324115753
1785545346631881000,94165823,0.24436350166797638,0.28563758730888367,0.28563192486763,0.2443659007549286
1785545346641485500,94165823,0.24436350166797638,0.28563758730888367,0.28563192486763,0.2443659007549286
1785545346652633600,94182005,0.2369222491979599,0.29307857155799866,0.29307276010513306,0.23692567646503448
1785545346662110800,94196296,0.23118656873703003,0.2988145649433136,0.29880955815315247,0.23118875920772552
1785545346673639900,94196296,0.23118656873703003,0.2988145649433136,0.29880955815315247,0.23118875920772552
1785545346685472800,94212963,0.2274204045534134,0.3025806248188019,0.3025754690170288,0.22742314636707306
1785545346695027400,94232445,0.22739729285240173,0.30260372161865234,0.30259865522384644,0.22740007936954498
1785545346704443600,94232445,0.22739729285240173,0.30260372161865234,0.30259865522384644,0.22740007936954498
1785545346715901700,94248600,0.22912630438804626,0.30087485909461975,0.3008699119091034,0.22912879288196564
1785545346725462500,94262965,0.2308501899242401,0.29915115237236023,0.2991463840007782,0.2308521270751953
1785545346736524000,94262965,0.2308501899242401,0.29915115237236023,0.2991463840007782,0.2308521270751953
1785545346747656900,94279620,0.23224268853664398,0.29775887727737427,0.29775506258010864,0.23224325478076935
1785545346758866400,94279620,0.23224268853664398,0.29775887727737427,0.29775506258010864,0.23224325478076935
1785545346770112900,94299132,0.23262415826320648,0.2973773777484894,0.2973734438419342,0.23262493312358856
1785545346782462900,94315304,0.23230548202991486,0.29769599437713623,0.29769206047058105,0.23230642080307007
1785545346791903100,94329600,0.23183885216712952,0.2981626093387604,0.2981582581996918,0.23184023797512054
1785545346802654900,94329600,0.23183885216712952,0.2981626093387604,0.2981582581996918,0.23184023797512054
1785545346813829300,94346275,0.231376513838768,0.2986249029636383,0.29862096905708313,0.23137755692005157
1785545346823741400,94346275,0.231376513838768,0.2986249029636383,0.29862096905708313,0.23137755692005157
1785545346834911700,94365800,0.2311554104089737,0.298846036195755,0.2988423705101013,0.2311560958623886
1785545346845827000,94382257,0.23118199408054352,0.29881951212882996,0.2988164722919464,0.23118194937705994
1785545346855718000,94382257,0.23118199408054352,0.29881951212882996,0.2988164722919464,0.23118194937705994
1785545346868511600,94396571,0.25872448086738586,0.27127698063850403,0.2712741494178772,0.2587243318557739
1785545346878114200,94412942,0.2626708447933197,0.26733070611953735,0.26732730865478516,0.2626710832118988
1785545346889328200,94412942,0.2626708447933197,0.26733070611953735,0.26732730865478516,0.2626710832118988
1785545346900562700,94432455,0.28290578722953796,0.24709591269493103,0.24709229171276093,0.2829059362411499
1785545346911679800,94448631,0.3022937476634979,0.22770783305168152,0.22770442068576813,0.30229392647743225
1785545346920990900,94448631,0.3022937476634979,0.22770783305168152,0.22770442068576813,0.30229392647743225
1785545346932273800,94462949,0.311520516872406,0.21848100423812866,0.2184782177209854,0.31152021884918213
1785545346943988400,94479597,0.30197158455848694,0.2280297577381134,0.22802722454071045,0.3019713759422302
1785545346954591900,94479597,0.30197158455848694,0.2280297577381134,0.22802722454071045,0.3019713759422302
1785545346966073100,94499185,0.2769387364387512,0.25306248664855957,0.25305989384651184,0.2769387364387512
1785545346977422200,94499185,0.2769387364387512,0.25306248664855957,0.25305989384651184,0.2769387364387512
1785545346986618400,94515333,0.2599126994609833,0.2700883746147156,0.2700859606266022,0.2599128782749176
1785545346997701100,94529602,0.25310900807380676,0.2768920660018921,0.2768896520137787,0.2531091868877411
1785545347008908800,94546343,0.25355735421180725,0.2764434516429901,0.27644145488739014,0.25355762243270874
1785545347019017600,94546343,0.25355735421180725,0.2764434516429901,0.27644145488739014,0.25355762243270874
1785545347030265900,94565833,0.2594562768936157,0.27054446935653687,0.27054262161254883,0.2594565153121948
1785545347041211400,94565833,0.2594562768936157,0.27054446935653687,0.27054262161254883,0.2594565153121948
1785545347052412000,94581982,0.2646334767341614,0.26536718010902405,0.2653656303882599,0.2646335959434509
1785545347063663200,94596392,0.2935126721858978,0.2364368587732315,0.2887527346611023,0.2412976324558258
1785545347074623400,94612953,0.2899128198623657,0.23973707854747772,0.28359895944595337,0.24675105512142181
1785545347085918100,94612953,0.2899128198623657,0.23973707854747772,0.28359895944595337,0.24675105512142181
1785545347096998300,94632431,0.30374380946159363,0.22565016150474548,0.30014216899871826,0.23046378791332245
1785545347108505100,94632431,0.30374380946159363,0.22565016150474548,0.30014216899871826,0.23046378791332245
1785545347119682900,94648913,0.3193230628967285,0.21011118590831757,0.3187132179737091,0.2118554711341858
1785545347130684800,94662933,0.327390193939209,0.2024153769016266,0.3283863961696625,0.20197485387325287
1785545347141913200,94679501,0.32244840264320374,0.20761212706565857,0.32375991344451904,0.20655272901058197
1785545347151237700,94679703,0.3132879436016083,0.21719522774219513,0.314835786819458,0.21538810431957245
1785545347161966700,94699114,0.29930952191352844,0.23195677995681763,0.3004504144191742,0.23021434247493744
1785545347172966900,94699114,0.29930952191352844,0.23195677995681763,0.3004504144191742,0.23021434247493744
1785545347183954200,94715299,0.2943422794342041,0.23785525560379028,0.2948499023914337,0.2369414120912552
1785545347195802500,94729614,0.299912691116333,0.23273354768753052,0.29993903636932373,0.2325928509235382
1785545347205340600,94729614,0.299912691116333,0.23273354768753052,0.29993903636932373,0.2325928509235382
1785545347216360100,94746261,0.29245415329933167,0.24278885126113892,0.2921154201030731,0.24319303035736084
1785545347228984100,94765889,0.2948967516422272,0.24339193105697632,0.2945179045200348,0.24388387799263
1785545347238894300,94765889,0.2948967516422272,0.24339193105697632,0.2945179045200348,0.24388387799263
1785545347251714400,94781973,0.2685278058052063,0.2726859748363495,0.26828184723854065,0.27299681305885315
1785545347261561600,94796265,0.24977026879787445,0.29449132084846497,0.24967050552368164,0.2945897579193115
1785545347271162200,94796265,0.24977026879787445,0.29449132084846497,0.24967050552368164,0.2945897579193115
1785545347280735000,94813021,0.263937771320343,0.28264719247817993,0.2639824151992798,0.282579243183136
1785545347291996000,94813021,0.263937771320343,0.28264719247817993,0.2639824151992798,0.282579243183136
1785545347301590600,94832485,0.2512959837913513,0.29812735319137573,0.2514204680919647,0.298004150390625
1785545347312737600,94848648,0.23438547551631927,0.3169904947280884,0.23450273275375366,0.3169020116329193
1785545347322364700,94848648,0.23438547551631927,0.3169904947280884,0.23450273275375366,0.3169020116329193
1785545347333530600,94862935,0.24366101622581482,0.30898192524909973,0.2437339574098587,0.3089444935321808
1785545347344725600,94879609,0.25850123167037964,0.2939620018005371,0.258513867855072,0.2939714789390564
1785545347355942200,94879609,0.25850123167037964,0.2939620018005371,0.258513867855072,0.2939714789390564
1785545347367146700,94899115,0.26221612095832825,0.28909167647361755,0.26218700408935547,0.2891223728656769
1785545347377238500,94915281,0.2615058124065399,0.28820326924324036,0.26147109270095825,0.288232684135437
1785545347389771900,94915281,0.2615058124065399,0.28820326924324036,0.26147109270095825,0.288232684135437
1785545347399441200,94929606,0.25760871171951294,0.2911738157272339,0.25758570432662964,0.29119402170181274
1785545347410414000,94946331,0.25829434394836426,0.2888595163822174,0.25828754901885986,0.2888650894165039
1785545347421184400,94946331,0.25829434394836426,0.2888595163822174,0.25828754901885986,0.2888650894165039
1785545347430947400,94965814,0.2607281804084778,0.28395193815231323,0.26073452830314636,0.2839456796646118
1785545347442174300,94965814,0.2607281804084778,0.28395193815231323,0.26073452830314636,0.2839456796646118
1785545347453378500,94981983,0.26043713092803955,0.2823897898197174,0.2604473829269409,0.2823809087276459
1785545347464709100,94996255,0.26027911901474,0.2810227870941162,0.2602875828742981,0.2810157537460327
1785545347475721600,95013029,0.2595280110836029,0.28034934401512146,0.2595319449901581,0.2803463339805603
1785545347487068500,95013029,0.2595280110836029,0.28034934401512146,0.2595319449901581,0.2803463339805603
1785545347498224600,95032434,0.2577028274536133,0.28100383281707764,0.2577020823955536,0.2810048460960388
1785545347509265700,95032434,0.2577028274536133,0.28100383281707764,0.2577020823955536,0.2810048460960388
1785545347520606300,95048588,0.25823357701301575,0.27957379817962646,0.25823095440864563,0.27957624197006226
1785545347531945500,95062919,0.2592104971408844,0.27781912684440613,0.25920769572257996,0.27782127261161804
1785545347542245900,95079584,0.26173120737075806,0.27415627241134644,0.26172935962677,0.27415740489959717
1785545347552999300,95079584,0.26173120737075806,0.27415627241134644,0.26172935962677,0.27415740489959717
1785545347564000000,95099121,0.26038873195648193,0.27449309825897217,0.2603881359100342,0.2744927406311035
1785545347575611800,95099121,0.26038873195648193,0.27449309825897217,0.2603881359100342,0.2744927406311035
1785545347584995600,95115276,0.2599685788154602,0.27421295642852783,0.25996866822242737,0.2742118835449219
1785545347596546300,95129585,0.25893762707710266,0.2748399078845978,0.25893792510032654,0.27483871579170227
1785545347607780000,95146239,0.2597979009151459,0.27349886298179626,0.25979816913604736,0.2734980285167694
1785545347619449400,95146239,0.2597979009151459,0.27349886298179626,0.25979816913604736,0.2734980285167694
1785545347630438700,95165902,0.26028865575790405,0.27253931760787964,0.26028838753700256,0.2725387215614319
1785545347641573800,95165902,0.26028865575790405,0.27253931760787964,0.26028838753700256,0.2725387215614319
1785545347651204100,95181920,0.2907528281211853,0.2418699562549591,0.23256425559520721,0.299593061208725
1785545347660761100,95196314,0.3210301995277405,0.21183480322360992,0.2027459293603897,0.32848867774009705
1785545347671912000,95196314,0.3210301995277405,0.21183480322360992,0.2027459293603897,0.32848867774009705
1785545347681964600,95212903,0.31621095538139343,0.21707876026630402,0.20531964302062988,0.3249551057815552
1785545347691310600,95212903,0.31621095538139343,0.21707876026630402,0.20531964302062988,0.3249551057815552
1785545347702588200,95232384,0.3237893879413605,0.20959782600402832,0.19774369895458221,0.3319062292575836
1785545347713652800,95248835,0.336188942193985,0.19699785113334656,0.18605740368366241,0.3434077203273773
1785545347724614100,95262895,0.32631582021713257,0.20641976594924927,0.1967736780643463,0.3328416049480438
1785545347735792300,95262895,0.32631582021713257,0.20641976594924927,0.1967736780643463,0.3328416049480438
1785545347747041600,95279563,0.30698296427726746,0.224223330616951,0.21867431700229645,0.31204530596733093
1785545347758209400,95279563,0.30698296427726746,0.224223330616951,0.21867431700229645,0.31204530596733093
1785545347769285600,95299149,0.28933843970298767,0.24080690741539001,0.2358415722846985,0.2955740988254547
1785545347780712500,95315264,0.2838464677333832,0.24579821527004242,0.24127718806266785,0.29039159417152405
1785545347790349000,95315264,0.2838464677333832,0.24579821527004242,0.24127718806266785,0.29039159417152405
1785545347801382900,95329622,0.28511881828308105,0.2447175830602646,0.2392197996377945,0.29211390018463135
1785545347810994200,95346317,0.29058924317359924,0.23908647894859314,0.23450437188148499,0.2968296408653259
1785545347821938700,95346317,0.29058924317359924,0.23908647894859314,0.23450437188148499,0.2968296408653259
1785545347833164500,95365824,0.2965772747993469,0.2329290211200714,0.22927777469158173,0.30206578969955444
1785545347844556500,95382238,0.2996136248111725,0.22961649298667908,0.2275904268026352,0.3038840591907501
1785545347855844300,95382238,0.2996136248111725,0.22961649298667908,0.2275904268026352,0.3038840591907501
1785545347867043000,95396642,0.2998717725276947,0.2292521893978119,0.22765778005123138,0.30381378531455994
1785545347877636600,95412894,0.29839664697647095,0.23076482117176056,0.22834499180316925,0.30300575494766235
1785545347888919000,95412894,0.29839664697647095,0.23076482117176056,0.22834499180316925,0.30300575494766235
1785545347901911500,95432565,0.29673847556114197,0.23244036734104156,0.23009175062179565,0.3011574149131775
1785545347911451000,95448593,0.2959865927696228,0.2331388294696808,0.23124051094055176,0.3000039756298065
1785545347922549300,95448593,0.2959865927696228,0.2331388294696808,0.23124051094055176,0.3000039756298065
1785545347933736900,95462912,0.29627615213394165,0.23278400301933289,0.23207709193229675,0.2991730272769928
1785545347945161900,95479691,0.29656749963760376,0.23240076005458832,0.23203106224536896,0.2992551028728485
1785545347956196000,95479691,0.29656749963760376,0.23240076005458832,0.23203106224536896,0.2992551028728485
1785545347967074600,95499120,0.2969309091567993,0.2319946438074112,0.2314871996641159,0.2997918426990509
1785545347977760300,95515245,0.29729530215263367,0.2316695898771286,0.2311563640832901,0.3000496029853821
1785545347988755100,95515245,0.29729530215263367,0.2316695898771286,0.2311563640832901,0.3000496029853821
1785545348000036100,95529569,0.2973063290119171,0.23164647817611694,0.23090800642967224,0.30029046535491943
1785545348010960800,95546186,0.29775169491767883,0.23134510219097137,0.23119071125984192,0.29983657598495483
1785545348021003900,95546186,0.29775169491767883,0.23134510219097137,0.23119071125984192,0.29983657598495483
1785545348032327800,95565768,0.297677606344223,0.2313852459192276,0.23137067258358002,0.299667090177536
1785545348043839100,95582104,0.2974042296409607,0.23156620562076569,0.23138633370399475,0.29973122477531433
1785545348054769300,95582104,0.2974042296409607,0.23156620562076569,0.23138633370399475,0.29973122477531433
1785545348065869600,95596237,0.2976840138435364,0.23145639896392822,0.23159360885620117,0.29934054613113403
1785545348077441400,95612891,0.297635942697525,0.2314682900905609,0.23161084949970245,0.29934874176979065
1785545348088393100,95612891,0.297635942697525,0.2314682900905609,0.23161084949970245,0.29934874176979065
1785545348100993800,95632480,0.29768744111061096,0.23142752051353455,0.23159761726856232,0.2993408143520355
1785545348110550400,95648843,0.2977944314479828,0.2313612997531891,0.23160132765769958,0.2992888391017914
1785545348121837700,95648843,0.2977944314479828,0.2313612997531891,0.23160132765769958,0.2992888391017914
1785545348131366800,95662901,0.29790353775024414,0.2313077747821808,0.23161530494689941,0.2992134988307953
1785545348142526000,95679657,0.29819005727767944,0.23121148347854614,0.23168796300888062,0.29894280433654785
1785545348153909800,95679657,0.29819005727767944,0.23121148347854614,0.23168796300888062,0.29894280433654785
1785545348166937400,95699232,0.2981252372264862,0.23122715950012207,0.23167593777179718,0.29899734258651733
1785545348176432800,95699232,0.2981252372264862,0.23122715950012207,0.23167593777179718,0.29899734258651733
1785545348187443600,95715348,0.29811394214630127,0.23124203085899353,0.23167385160923004,0.2989915609359741
1785545348197607300,95729562,0.2980424463748932,0.23126088082790375,0.23166589438915253,0.29904964566230774
1785545348208744700,95746440,0.2981269061565399,0.2312554121017456,0.23167788982391357,0.2989559769630432
1785545348219172900,95746440,0.2981269061565399,0.2312554121017456,0.23167788982391357,0.2989559769630432
1785545348230248700,95765853,0.2982082664966583,0.23124171793460846,0.23169134557247162,0.2988722026348114
1785545348241558500,95765853,0.2982082664966583,0.23124171793460846,0.23169134557247162,0.2988722026348114
1785545348251096200,95782006,0.29833781719207764,0.2312372773885727,0.2316914200782776,0.2987446188926697
1785545348260701300,95796328,0.27075111865997314,0.2588607668876648,0.2592925727367401,0.27110496163368225
1785545348271883300,95796328,0.27075111865997314,0.2588607668876648,0.2592925727367401,0.27110496163368225
1785545348281167700,95812872,0.2670470178127289,0.2624858319759369,0.2629026770591736,0.2675725519657135
1785545348292202600,95812872,0.2670470178127289,0.2624858319759369,0.2629026770591736,0.2675725519657135
1785545348303538200,95832353,0.24689586460590363,0.282649964094162,0.2830355763435364,0.24742534756660461
1785545348314672700,95848549,0.22815436124801636,0.30143648386001587,0.30179470777511597,0.22862033545970917
1785545348324487300,95862981,0.21874907612800598,0.31089073419570923,0.3112167716026306,0.21914860606193542
1785545348335949000,95862981,0.21874907612800598,0.31089073419570923,0.3112167716026306,0.21914860606193542
1785545348345471000,95879616,0.2283315360546112,0.29964202642440796,0.2999357283115387,0.22865484654903412
1785545348355790300,95879616,0.2283315360546112,0.29964202642440796,0.2999357283115387,0.22865484654903412
1785545348366613200,95899103,0.2497512847185135,0.27321767807006836,0.2734682559967041,0.24995939433574677
1785545348377711800,95915276,0.262252539396286,0.25289279222488403,0.25315552949905396,0.26244497299194336
1785545348388566500,95915276,0.262252539396286,0.25289279222488403,0.25315552949905396,0.26244497299194336
1785545348400872900,95929553,0.26662445068359375,0.24395641684532166,0.24427716434001923,0.26686733961105347
1785545348410438700,95946287,0.2612048089504242,0.23917530477046967,0.23948438465595245,0.2614257037639618
1785545348421581100,95946287,0.2612048089504242,0.23917530477046967,0.23948438465595245,0.2614257037639618
1785545348431171000,95965697,0.2479742169380188,0.23710478842258453,0.23738940060138702,0.24816171824932098
1785545348442155100,95965697,0.2479742169380188,0.23710478842258453,0.23738940060138702,0.24816171824932098
1785545348453399300,95982045,0.2352333515882492,0.234426349401474,0.23465263843536377,0.23536550998687744
1785545348464911800,95996219,0.22512410581111908,0.22959180176258087,0.2297978699207306,0.22524133324623108
1785545348475879500,96012955,0.21851585805416107,0.22457782924175262,0.22482073307037354,0.2186620980501175
1785545348486863400,96012955,0.21851585805416107,0.22457782924175262,0.22482073307037354,0.2186620980501175
1785545348498570000,96032381,0.2112862467765808,0.21532529592514038,0.21557281911373138,0.2114259898662567
1785545348509320100,96032381,0.2112862467765808,0.21532529592514038,0.21557281911373138,0.2114259898662567
1785545348519479300,96048535,0.20473593473434448,0.2060559242963791,0.20629487931728363,0.20485855638980865
1785545348530580000,96062896,0.19786983728408813,0.19730882346630096,0.1975323110818863,0.19797545671463013
1785545348542170700,96079532,0.1887710839509964,0.18714864552021027,0.18731924891471863,0.18883498013019562
1785545348552726500,96079532,0.1887710839509964,0.18714864552021027,0.18731924891471863,0.18883498013019562
1785545348563759300,96099047,0.17788684368133545,0.1764805018901825,0.1766560673713684,0.17795026302337646
1785545348574452100,96099047,0.17788684368133545,0.1764805018901825,0.1766560673713684,0.17795026302337646
1785545348584488100,96115431,0.16908057034015656,0.16835720837116241,0.16853861510753632,0.16914249956607819
1785545348595538100,96129553,0.16394129395484924,0.1637956202030182,0.1639997363090515,0.1640126258134842
1785545348606843100,96129553,0.16394129395484924,0.1637956202030182,0.1639997363090515,0.1640126258134842
1785545348618210900,96146199,0.1580580323934555,0.15833812952041626,0.15853384137153625,0.158119797706604
1785545348629432000,96165813,0.1528732180595398,0.1532207429409027,0.15338237583637238,0.15291568636894226
1785545348640520200,96165813,0.1528732180595398,0.1532207429409027,0.15338237583637238,0.15291568636894226
1785545348651534600,96181992,0.15007610619068146,0.15027812123298645,0.1504262238740921,0.1501079797744751
1785545348662865200,96196282,0.18596799671649933,0.18600520491600037,0.1861424595117569,0.18599407374858856
1785545348674462700,96196282,0.18596799671649933,0.18600520491600037,0.1861424595117569,0.18599407374858856
1785545348683461300,96212931,0.21446844935417175,0.21435439586639404,0.21449436247348785,0.21449387073516846
1785545348694479500,96232626,0.22916242480278015,0.22900375723838806,0.22912922501564026,0.22918368875980377
1785545348704570200,96232749,0.2348165214061737,0.23465295135974884,0.23477521538734436,0.23483644425868988
1785545348717267000,96248766,0.24540206789970398,0.24526560306549072,0.24537146091461182,0.24541498720645905
1785545348726948900,96262924,0.25149548053741455,0.25140687823295593,0.25149911642074585,0.2515038549900055
1785545348738308600,96262924,0.25149548053741455,0.25140687823295593,0.25149911642074585,0.2515038549900055
1785545348750989000,96279565,0.2563340365886688,0.256303995847702,0.2563656270503998,0.2563339173793793
1785545348760693900,96299148,0.25978168845176697,0.2597770392894745,0.2598419785499573,0.25978198647499084
1785545348772009300,96299148,0.25978168845176697,0.2597770392894745,0.2598419785499573,0.25978198647499084
1785545348782963400,96315323,0.261611670255661,0.26160672307014465,0.26167306303977966,0.26161113381385803
1785545348793976500,96329558,0.26267001032829285,0.26265156269073486,0.26272591948509216,0.26267004013061523
1785545348805484700,96329558,0.26267001032829285,0.26265156269073486,0.26272591948509216,0.26267004013061523
1785545348816083700,96346274,0.26348820328712463,0.26345881819725037,0.26352521777153015,0.26348620653152466
1785545348826953400,96365559,0.26372626423835754,0.26369479298591614,0.2637549638748169,0.2637229859828949
1785545348837749500,96365740,0.2640962600708008,0.2640591561794281,0.26411667466163635,0.2640916109085083
1785545348848749900,96381864,0.2644177973270416,0.2643792927265167,0.2644326388835907,0.26441141963005066
1785545348860087600,96396178,0.2646024227142334,0.26457273960113525,0.2646113634109497,0.2645953893661499
1785545348871141500,96396178,0.2646024227142334,0.26457273960113525,0.2646113634109497,0.2645953893661499
1785545348882218500,96412959,0.26474183797836304,0.264713317155838,0.2647572159767151,0.26473450660705566
1785545348893478600,96412959,0.26474183797836304,0.264713317155838,0.2647572159767151,0.26473450660705566
1785545348904585300,96432381,0.2648451328277588,0.2648199200630188,0.26486387848854065,0.2648368179798126
1785545348915870600,96448653,0.2649005055427551,0.26487770676612854,0.2649189829826355,0.2648914158344269
1785545348926657800,96462850,0.23923689126968384,0.23921628296375275,0.29064494371414185,0.2906198501586914
1785545348937411700,96462850,0.23923689126968384,0.23921628296375275,0.29064494371414185,0.2906198501586914
1785545348948588000,96479641,0.2184416949748993,0.21842627227306366,0.3114832043647766,0.3114652931690216
1785545348959560900,96479641,0.2184416949748993,0.21842627227306366,0.3114832043647766,0.3114652931690216
1785545348970543700,96499142,0.2085607796907425,0.208544060587883,0.3214024007320404,0.3213856518268585
1785545348981251000,96515280,0.20086966454982758,0.20085161924362183,0.32913938164711,0.32912248373031616
1785545348990919500,96529548,0.21537473797798157,0.21535414457321167,0.314662903547287,0.31464365124702454
1785545349003771600,96529548,0.21537473797798157,0.21535414457321167,0.314662903547287,0.31464365124702454
1785545349012880400,96546209,0.2256172150373459,0.22559843957424164,0.3046146333217621,0.30459684133529663
1785545349023909100,96546209,0.2256172150373459,0.22559843957424164,0.3046146333217621,0.30459684133529663
1785545349034986700,96565733,0.23753629624843597,0.2375219166278839,0.29395246505737305,0.2939383387565613
1785545349045697600,96581856,0.2396155297756195,0.2396019846200943,0.2934652268886566,0.29345154762268066
1785545349054950500,96581856,0.2396155297756195,0.2396019846200943,0.2934652268886566,0.29345154762268066
1785545349066089700,96596174,0.2414567917585373,0.24144381284713745,0.29367369413375854,0.29366040229797363
1785545349077345600,96612879,0.23719236254692078,0.23717767000198364,0.29955023527145386,0.29953521490097046
1785545349088507300,96612879,0.23719236254692078,0.23717767000198364,0.29955023527145386,0.29953521490097046
1785545349099938600,96632538,0.24091000854969025,0.24089600145816803,0.2982363998889923,0.29822224378585815
1785545349110849000,96649088,0.24491645395755768,0.24490328133106232,0.29653531312942505,0.2965221703052521
1785545349122075400,96649088,0.24491645395755768,0.24490328133106232,0.29653531312942505,0.2965221703052521
1785545349133253800,96662935,0.24956224858760834,0.24955031275749207,0.29433828592300415,0.2943264842033386
1785545349145906800,96679519,0.2599918246269226,0.2599830627441406,0.2891920804977417,0.28918346762657166
1785545349155572700,96679519,0.2599918246269226,0.2599830627441406,0.2891920804977417,0.28918346762657166
1785545349168462400,96699331,0.26005643606185913,0.260047048330307,0.29443085193634033,0.29442158341407776
1785545349178373500,96715183,0.26209118962287903,0.2620818018913269,0.29654380679130554,0.29653438925743103
1785545349189034600,96715183,0.26209118962287903,0.2620818018913269,0.29654380679130554,0.29653438925743103
1785545349200522500,96729537,0.26146620512008667,0.2614559829235077,0.29963114857673645,0.2996208071708679
1785545349211787700,96746264,0.26612579822540283,0.26611652970314026,0.2984764575958252,0.29846712946891785
1785545349221505200,96746264,0.26612579822540283,0.26611652970314026,0.2984764575958252,0.29846712946891785
1785545349232611600,96765722,0.2733839154243469,0.27337679266929626,0.29669660329818726,0.2966894805431366
1785545349243809000,96782431,0.2759403884410858,0.27593356370925903,0.2984822988510132,0.298475444316864
1785545349254838300,96782431,0.2759403884410858,0.27593356370925903,0.2984822988510132,0.298475444316864
1785545349266186500,96796210,0.27890515327453613,0.2788987457752228,0.2993568181991577,0.299350380897522
1785545349277389800,96812872,0.2785903215408325,0.2785831093788147,0.3028374910354614,0.3028302490711212
1785545349288559900,96812872,0.2785903215408325,0.2785831093788147,0.3028374910354614,0.3028302490711212
1785545349300118200,96832377,0.28158605098724365,0.2815791666507721,0.30353641510009766,0.3035295009613037
1785545349311128800,96849038,0.28428980708122253,0.28428348898887634,0.3038211464881897,0.3038148581981659
1785545349322239800,96849038,0.28428980708122253,0.28428348898887634,0.3038211464881897,0.3038148581981659
1785545349333455000,96862854,0.31220024824142456,0.3121957778930664,0.2799324095249176,0.27992793917655945
1785545349344516300,96879534,0.33995434641838074,0.3399502635002136,0.25653764605522156,0.2565336227416992
1785545349353838800,96879534,0.33995434641838074,0.3399502635002136,0.25653764605522156,0.2565336227416992
1785545349366862200,96899061,0.3431857228279114,0.34318122267723083,0.25699910521507263,0.2569946348667145
1785545349375697500,96899061,0.3431857228279114,0.34318122267723083,0.25699910521507263,0.2569946348667145
1785545349386843800,96915214,0.35004451870918274,0.3500402271747589,0.2512340843677521,0.25122976303100586
1785545349398075400,96929558,0.33655989170074463,0.33655524253845215,0.265351802110672,0.26534709334373474
1785545349408987000,96946235,0.32900819182395935,0.3290042281150818,0.27089235186576843,0.27088838815689087
1785545349420384800,96946235,0.32900819182395935,0.3290042281150818,0.27089235186576843,0.27088838815689087
1785545349431373700,96965677,0.31668412685394287,0.31668147444725037,0.2755320370197296,0.2755294442176819
1785545349441141000,96965677,0.31668412685394287,0.31668147444725037,0.2755320370197296,0.2755294442176819
1785545349452207700,96982450,0.320466548204422,0.32046324014663696,0.26766863465309143,0.2676653265953064
1785545349462729900,96996409,0.309812068939209,0.3098096251487732,0.27144867181777954,0.27144619822502136
1785545349474347700,96996409,0.309812068939209,0.3098096251487732,0.27144867181777954,0.27144619822502136
1785545349483955400,97012929,0.3104217052459717,0.310418963432312,0.2653413414955139,0.26533862948417664
1785545349494992300,97032379,0.3067392408847809,0.30673664808273315,0.2630530595779419,0.26305049657821655
1785545349505834600,97032379,0.3067392408847809,0.30673664808273315,0.2630530595779419,0.26305049657821655
1785545349517189000,97049057,0.3031933903694153,0.3031909763813019,0.2621491253376007,0.2621467411518097
1785545349528381100,97062850,0.2990116775035858,0.2990094721317291,0.2626696825027466,0.2626674175262451
1785545349538071800,97062850,0.2990116775035858,0.2990094721317291,0.2626696825027466,0.2626674175262451
1785545349548983400,97079601,0.2908112406730652,0.2908097803592682,0.2655971050262451,0.2655956447124481
1785545349560233300,97098874,0.2885691225528717,0.28856784105300903,0.2659822702407837,0.26598095893859863
1785545349571352600,97099066,0.28963735699653625,0.28963589668273926,0.2620235085487366,0.2620219886302948
1785545349583893400,97115189,0.288382887840271,0.28838127851486206,0.26002901792526245,0.2600274085998535
1785545349593448700,97129520,0.2894118130207062,0.28940993547439575,0.2571134567260742,0.2571116089820862
1785545349604623900,97129520,0.2894118130207062,0.28940993547439575,0.2571134567260742,0.2571116089820862
1785545349614246000,97146264,0.28623488545417786,0.2862332761287689,0.2581712007522583,0.258169561624527
1785545349623849000,97146264,0.28623488545417786,0.2862332761287689,0.2581712007522583,0.258169561624527
1785545349635001100,97165763,0.28352025151252747,0.2835189402103424,0.25875961780548096,0.2587583065032959
1785545349644609800,97181838,0.2819184362888336,0.28191712498664856,0.25884485244750977,0.2588435709476471
1785545349655860300,97181838,0.2819184362888336,0.28191712498664856,0.25884485244750977,0.2588435709476471
1785545349667219200,97196187,0.27753278613090515,0.27753180265426636,0.2616037130355835,0.2616027891635895
1785545349677584100,97212943,0.2788207530975342,0.2788196802139282,0.2590768337249756,0.25907576084136963
1785545349688602200,97212943,0.2788207530975342,0.2788196802139282,0.2590768337249756,0.25907576084136963
1785545349700009900,97232391,0.27811890840530396,0.2781178057193756,0.2585284411907196,0.25852730870246887
1785545349711064400,97248929,0.2769242525100708,0.27692320942878723,0.2588266432285309,0.2588255703449249
1785545349720621100,97248929,0.2769242525100708,0.27692320942878723,0.2588266432285309,0.2588255703449249
1785545349731813000,97262980,0.2755812108516693,0.2755802869796753,0.2594876289367676,0.25948673486709595
1785545349741426000,97279533,0.27239659428596497,0.2723959684371948,0.2617415189743042,0.26174092292785645
1785545349752515400,97279533,0.27239659428596497,0.2723959684371948,0.2617415189743042,0.26174092292785645
1785545349763615000,97299220,0.2726499140262604,0.2726493179798126,0.2606850862503052,0.2606845498085022
1785545349774631600,97299220,0.2726499140262604,0.2726493179798126,0.2606850862503052,0.2606845498085022
1785545349785620100,97315365,0.2724166810512543,0.2724161446094513,0.2603845000267029,0.2603839337825775
1785545349795704600,97329704,0.27295300364494324,0.2729523181915283,0.2595384418964386,0.25953778624534607
1785545349806298600,97329704,0.27295300364494324,0.2729523181915283,0.2595384418964386,0.25953778624534607
1785545349817448700,97346253,0.27182191610336304,0.27182137966156006,0.26031801104545593,0.26031747460365295
1785545349828670100,97365823,0.27099329233169556,0.2709926962852478,0.26080751419067383,0.2608069181442261
1785545349840306400,97365823,0.27099329233169556,0.2709926962852478,0.26080751419067383,0.2608069181442261
1785545349851421900,97381937,0.26948681473731995,0.2694863975048065,0.26201242208480835,0.26201197504997253
1785545349861385600,97396197,0.2689938545227051,0.2689935266971588,0.26227495074272156,0.2622746527194977
1785545349872586800,97396197,0.2689938545227051,0.2689935266971588,0.26227495074272156,0.2622746527194977
1785545349885663800,97412913,0.2696895897388458,0.26968914270401,0.26140254735946655,0.2614021897315979
1785545349895787800,97432440,0.2694251239299774,0.2694246470928192,0.26148784160614014,0.2614873945713043
1785545349905392700,97432440,0.2694251239299774,0.2694246470928192,0.26148784160614014,0.2614873945713043
1785545349916080700,97448608,0.26894471049308777,0.2689443826675415,0.2618429362773895,0.26184260845184326
1785545349929034800,97462861,0.2684592306613922,0.26845893263816833,0.26222872734069824,0.262228399515152
1785545349938834200,97462861,0.2684592306613922,0.26845893263816833,0.26222872734069824,0.262228399515152
1785545349949871600,97479519,0.26730310916900635,0.2673029601573944,0.26325076818466187,0.26325055956840515
1785545349960993800,97499168,0.26743289828300476,0.26743265986442566,0.2630064785480499,0.2630062401294708
1785545349973636100,97499168,0.26743289828300476,0.26743265986442566,0.2630064785480499,0.2630062401294708
1785545349983495900,97515391,0.26741132140159607,0.2674110531806946,0.2629517912864685,0.2629515528678894
1785545349994493600,97529512,0.26765844225883484,0.26765814423561096,0.26266103982925415,0.2626607418060303
1785545350005392300,97529512,0.26765844225883484,0.26765814423561096,0.26266103982925415,0.2626607418060303
1785545350016228300,97546321,0.2673131823539734,0.26731306314468384,0.26295775175094604,0.2629576027393341
1785545350027409800,97565965,0.2679169476032257,0.26791682839393616,0.2642248272895813,0.26422467827796936
1785545350038813500,97565965,0.2679169476032257,0.26791682839393616,0.2642248272895813,0.26422467827796936
1785545350049733100,97581978,0.2695412039756775,0.26954102516174316,0.26688727736473083,0.2668870985507965
1785545350060642400,97596182,0.2728785574436188,0.27287834882736206,0.27052977681159973,0.2705295979976654
1785545350072048900,97596182,0.2728785574436188,0.27287834882736206,0.27052977681159973,0.2705295979976654
1785545350083715100,97612836,0.2759048342704773,0.2759046256542206,0.27305302023887634,0.2730528712272644
1785545350094328100,97632401,0.2815796434879303,0.2815796434879303,0.2788499593734741,0.2788499593734741
1785545350105341300,97632401,0.2815796434879303,0.2815796434879303,0.2788499593734741,0.2788499593734741
1785545350116392200,97648484,0.28799325227737427,0.2879932224750519,0.28562161326408386,0.2856215536594391
1785545350125870900,97662847,0.29454556107521057,0.2945454716682434,0.29301270842552185,0.2930125892162323
1785545350137562400,97662847,0.29454556107521057,0.2945454716682434,0.29301270842552185,0.2930125892162323
1785545350150387700,97679503,0.3034602403640747,0.30346015095710754,0.3021920919418335,0.30219197273254395
1785545350159963800,97679503,0.3034602403640747,0.30346015095710754,0.3021920919418335,0.30219197273254395
1785545350172178500,97699015,0.31400948762893677,0.3140093982219696,0.31254658102989197,0.3125464916229248
1785545350182128300,97715158,0.32296022772789,0.32296016812324524,0.3215983510017395,0.32159826159477234
1785545350192974900,97729492,0.32822853326797485,0.3282284438610077,0.32678523659706116,0.3267851173877716
1785545350205689000,97729492,0.32822853326797485,0.3282284438610077,0.32678523659706116,0.3267851173877716
1785545350215530800,97746163,0.33571144938468933,0.3357113301753998,0.3348095118999481,0.33480939269065857
1785545350226834200,97765464,0.33933210372924805,0.33933210372924805,0.3385118842124939,0.3385118842124939
1785545350238360000,97765640,0.34505438804626465,0.3450544774532318,0.3441983461380005,0.34419843554496765
1785545350251214800,97781808,0.3536004424095154,0.35360047221183777,0.35280683636665344,0.3528068959712982
1785545350260731600,97796161,0.36165207624435425,0.36165204644203186,0.3609624207019806,0.3609624207019806
1785545350271996900,97796161,0.36165207624435425,0.36165204644203186,0.3609624207019806,0.3609624207019806
1785545350282138400,97812808,0.36805713176727295,0.36805710196495056,0.3672950267791748,0.36729496717453003
1785545350293509400,97812808,0.36805713176727295,0.36805710196495056,0.3672950267791748,0.36729496717453003
1785545350304479900,97832389,0.37646618485450745,0.37646615505218506,0.3758104741573334,0.3758104741573334
1785545350313875000,97848529,0.38446658849716187,0.38446658849716187,0.38392263650894165,0.38392266631126404
1785545350325424900,97862827,0.3921969532966614,0.392196923494339,0.39173537492752075,0.39173537492752075
1785545350335644900,97862827,0.3921969532966614,0.392196923494339,0.39173537492752075,0.39173537492752075
1785545350348483300,97879494,0.4017779529094696,0.4017779231071472,0.40153154730796814,0.40153154730796814
1785545350358176500,97879494,0.4017779529094696,0.4017779231071472,0.40153154730796814,0.40153154730796814
1785545350369334900,97899201,0.4117486774921417,0.4117486774921417,0.4114226996898651,0.4114226996898651
1785545350380956000,97915286,0.4188438057899475,0.4188438057899475,0.4185340702533722,0.4185340404510498
1785545350393177600,97929471,0.42291727662086487,0.42291730642318726,0.4225762188434601,0.4225762188434601
1785545350402548500,97929471,0.42291727662086487,0.42291730642318726,0.4225762188434601,0.4225762188434601
1785545350413987200,97946161,0.42709672451019287,0.42709672451019287,0.4268454313278198,0.4268454313278198
1785545350425343400,97946161,0.42709672451019287,0.42709672451019287,0.4268454313278198,0.4268454313278198
1785545350436435000,97965726,0.4301857054233551,0.4301856756210327,0.43002235889434814,0.43002235889434814
1785545350445494700,97981880,0.3721723258495331,0.3721722960472107,0.37201061844825745,0.37201058864593506
1785545350456615100,97981880,0.3721723258495331,0.3721722960472107,0.37201061844825745,0.37201058864593506
1785545350469474200,97996151,0.33865872025489807,0.3386586904525757,0.33849063515663147,0.33849063515663147
1785545350479084400,98012796,0.31219878792762756,0.3121987581253052,0.31198355555534363,0.311983585357666
1785545350488528100,98012796,0.31219878792762756,0.3121987581253052,0.31198355555534363,0.311983585357666
1785545350499989900,98032304,0.2934648096561432,0.2934648394584656,0.29326459765434265,0.29326459765434265
1785545350510925900,98048514,0.28344735503196716,0.28344738483428955,0.28327804803848267,0.2832780182361603
1785545350522419400,98048514,0.28344735503196716,0.28344738483428955,0.28327804803848267,0.2832780182361603
1785545350533661200,98062810,0.27768272161483765,0.27768275141716003,0.2775374948978424,0.27753746509552
1785545350545039700,98079815,0.274045467376709,0.274045467376709,0.27395865321159363,0.27395862340927124
1785545350556171400,98079815,0.274045467376709,0.274045467376709,0.27395865321159363,0.27395862340927124
1785545350568983600,98099075,0.273258239030838,0.273258239030838,0.2731765806674957,0.2731766104698181
1785545350578814000,98115175,0.2753622531890869,0.2753622531890869,0.2752809524536133,0.27528098225593567
1785545350588594600,98115175,0.2753622531890869,0.2753622531890869,0.2752809524536133,0.27528098225593567
1785545350599588800,98129489,0.2765892446041107,0.2765892446041107,0.27649280428886414,0.27649277448654175
1785545350610588400,98146221,0.2809310257434845,0.2809310257434845,0.2808530330657959,0.2808530330657959
1785545350621967700,98146221,0.2809310257434845,0.2809310257434845,0.2808530330657959,0.2808530330657959
1785545350631606500,98165740,0.28806403279304504,0.28806403279304504,0.2880232036113739,0.2880232036113739
1785545350641825900,98165740,0.28806403279304504,0.28806403279304504,0.2880232036113739,0.2880232036113739
1785545350653001600,98182165,0.29545214772224426,0.2954521179199219,0.29542219638824463,0.2954222559928894
1785545350664004100,98196139,0.3026767075061798,0.3026767075061798,0.30264928936958313,0.30264928936958313
1785545350675762700,98212797,0.3085559606552124,0.3085559606552124,0.3085235357284546,0.3085235059261322
1785545350685478700,98212797,0.3085559606552124,0.3085559606552124,0.3085235357284546,0.3085235059261322
1785545350697113300,98232332,0.31661221385002136,0.31661221385002136,0.31658652424812317,0.31658652424812317
1785545350709708000,98232332,0.31661221385002136,0.31661221385002136,0.31658652424812317,0.31658652424812317
1785545350719194600,98248489,0.3244110345840454,0.3244110345840454,0.3243951201438904,0.32439514994621277
1785545350731414300,98262813,0.3320809602737427,0.3320809602737427,0.33207762241363525,0.33207768201828003
1785545350740917500,98279553,0.34140658378601074,0.34140658378601074,0.34140533208847046,0.34140533208847046
1785545350751802900,98279553,0.34140658378601074,0.34140658378601074,0.34140533208847046,0.34140533208847046
1785545350763020000,98299282,0.35145410895347595,0.35145410895347595,0.3514528274536133,0.3514528274536133
1785545350772595400,98299282,0.35145410895347595,0.35145410895347595,0.3514528274536133,0.3514528274536133
1785545350783397000,98315153,0.3584797978401184,0.3584797978401184,0.3584807217121124,0.35848069190979004
1785545350794825600,98329470,0.36258959770202637,0.36258959770202637,0.3625902235507965,0.3625901937484741
1785545350803934100,98329470,0.36258959770202637,0.36258959770202637,0.3625902235507965,0.3625901937484741
1785545350815549000,98346212,0.36670777201652527,0.36670777201652527,0.36671262979507446,0.36671262979507446
1785545350825483700,98346212,0.36670777201652527,0.36670777201652527,0.36671262979507446,0.36671262979507446
1785545350837154700,98365797,0.3699430823326111,0.3699430823326111,0.3699505627155304,0.3699505925178528
1785545350848318200,98381950,0.3330354690551758,0.3330354690551758,0.33304375410079956,0.33304375410079956
1785545350857869900,98396142,0.31187528371810913,0.31187528371810913,0.3118842542171478,0.3118842542171478
1785545350869063200,98396142,0.31187528371810913,0.31187528371810913,0.3118842542171478,0.3118842542171478
1785545350880351800,98412778,0.2950039803981781,0.2950039803981781,0.295015424489975,0.295015424489975
1785545350891282900,98412778,0.2950039803981781,0.2950039803981781,0.295015424489975,0.295015424489975
1785545350904085300,98432267,0.2830795645713806,0.2830795645713806,0.28309300541877747,0.28309300541877747
1785545350913666000,98448428,0.27671024203300476,0.27671024203300476,0.27672550082206726,0.27672550082206726
1785545350924899500,98462769,0.2730284631252289,0.2730284631252289,0.2730438709259033,0.2730438709259033
1785545350935405500,98462769,0.2730284631252289,0.2730284631252289,0.2730438709259033,0.2730438709259033
1785545350946198300,98479517,0.2702242136001587,0.2702242136001587,0.27023807168006897,0.27023807168006897
1785545350957392900,98479517,0.2702242136001587,0.2702242136001587,0.27023807168006897,0.27023807168006897
1785545350968595000,98499100,0.2942986488342285,0.24198146164417267,0.29431378841400146,0.24199657142162323
1785545350981225600,98515124,0.31363388895988464,0.2204326093196869,0.313649982213974,0.22044868767261505
1785545350991004500,98515124,0.31363388895988464,0.2204326093196869,0.313649982213974,0.22044868767261505
1785545351001946900,98529456,0.2993505895137787,0.2334326207637787,0.2993682026863098,0.23345023393630981
1785545351011445300,98546133,0.31258100271224976,0.21919839084148407,0.312598317861557,0.2192157357931137
1785545351022387600,98546133,0.31258100271224976,0.21919839084148407,0.312598317861557,0.2192157357931137
1785545351033695400,98565783,0.3241922855377197,0.20691847801208496,0.32420897483825684,0.20693515241146088
1785545351045229000,98581988,0.30983489751815796,0.22127671539783478,0.3098495602607727,0.22129139304161072
1785545351054936500,98581988,0.30983489751815796,0.22127671539783478,0.3098495602607727,0.22129139304161072
1785545351065869600,98596159,0.2976732850074768,0.23398356139659882,0.2976871430873871,0.2339974343776703
1785545351077392500,98612780,0.2988594174385071,0.23323054611682892,0.29887568950653076,0.233246847987175
1785545351088348600,98612780,0.2988594174385071,0.23323054611682892,0.29887568950653076,0.233246847987175
1785545351099440800,98632294,0.2985491454601288,0.23477788269519806,0.29856550693511963,0.2347942292690277
1785545351110416800,98648811,0.2974851429462433,0.23738640546798706,0.2975011467933655,0.23740240931510925
1785545351120744300,98648811,0.2974851429462433,0.23738640546798706,0.2975011467933655,0.23740240931510925
1785545351131846500,98662913,0.28988078236579895,0.2481328397989273,0.2898935079574585,0.24814553558826447
1785545351142339700,98679499,0.2655770480632782,0.2762898802757263,0.2655888497829437,0.27630168199539185
1785545351152981500,98679499,0.2655770480632782,0.2762898802757263,0.2655888497829437,0.27630168199539185
1785545351164084500,98698965,0.2509402334690094,0.29512304067611694,0.2509530186653137,0.29513588547706604
1785545351175757600,98698965,0.2509402334690094,0.29512304067611694,0.2509530186653137,0.29513588547706604
1785545351185626300,98715145,0.23857156932353973,0.31085094809532166,0.23858460783958435,0.31086400151252747
1785545351196790800,98729522,0.2578318119049072,0.293535053730011,0.257845938205719,0.29354918003082275
1785545351208203200,98746109,0.24270682036876678,0.31070956587791443,0.24271979928016663,0.3107225000858307
1785545351219256600,98746109,0.24270682036876678,0.31070956587791443,0.24271979928016663,0.3107225000858307
1785545351230298900,98765675,0.25094497203826904,0.30352309346199036,0.2509569525718689,0.3035350739955902
1785545351241240900,98765675,0.25094497203826904,0.30352309346199036,0.2509569525718689,0.3035350739955902
1785545351252525400,98781753,0.25811967253685,0.29636096954345703,0.25813132524490356,0.296372652053833
1785545351262035100,98796125,0.26434046030044556,0.28825074434280396,0.2643495500087738,0.2882598340511322
1785545351273226300,98796125,0.26434046030044556,0.28825074434280396,0.2643495500087738,0.2882598340511322
1785545351284237000,98812788,0.2605628967285156,0.2905411422252655,0.2605731785297394,0.2905513644218445
1785545351297058200,98832311,0.25864270329475403,0.2903697192668915,0.2586532533168793,0.29038023948669434
1785545351306615400,98832311,0.25864270329475403,0.2903697192668915,0.2586532533168793,0.29038023948669434
1785545351317857800,98848435,0.2585848271846771,0.28864678740501404,0.2585950791835785,0.2886570394039154
1785545351329101800,98862777,0.2593592703342438,0.2862573266029358,0.2593686878681183,0.2862667739391327
1785545351340674500,98862777,0.2593592703342438,0.2862573266029358,0.2593686878681183,0.2862667739391327
1785545351351726900,98879564,0.26215076446533203,0.2810867428779602,0.26215773820877075,0.2810938060283661
1785545351361498700,98898958,0.2605013847351074,0.280535489320755,0.26050853729248047,0.2805427312850952
1785545351371561400,98898958,0.2605013847351074,0.280535489320755,0.26050853729248047,0.2805427312850952
1785545351383111400,98915165,0.25952208042144775,0.2799626588821411,0.25952962040901184,0.2799701988697052
1785545351394189700,98929459,0.2576479911804199,0.2809453010559082,0.2576564848423004,0.2809537649154663
1785545351404044700,98929459,0.2576479911804199,0.2809453010559082,0.2576564848423004,0.2809537649154663
1785545351415538600,98946240,0.25971248745918274,0.27989742159843445,0.25972023606300354,0.2799051105976105
1785545351425199700,98946240,0.25971248745918274,0.27989742159843445,0.25972023606300354,0.2799051105976105
1785545351436236800,98965856,0.26447904109954834,0.2796609401702881,0.26448512077331543,0.2796669602394104
1785545351449156000,98981945,0.26698723435401917,0.28461283445358276,0.26699408888816833,0.2846195697784424
1785545351458908200,98996139,0.2746521532535553,0.28724467754364014,0.2746574282646179,0.28724992275238037
1785545351469012800,98996139,0.2746521532535553,0.28724467754364014,0.2746574282646179,0.28724992275238037
1785545351481517800,99012776,0.27801716327667236,0.2920917272567749,0.27802276611328125,0.2920973300933838
1785545351491111100,99012776,0.27801716327667236,0.2920917272567749,0.27802276611328125,0.2920973300933838
1785545351500766700,99032358,0.285216361284256,0.2986658215522766,0.2852218449115753,0.29867133498191833
1785545351511954600,99048838,0.2931453287601471,0.3053000867366791,0.293150395154953,0.3053051829338074
1785545351522857400,99048838,0.2931453287601471,0.3053000867366791,0.293150395154953,0.3053051829338074
1785545351534029000,99062814,0.30104586482048035,0.31165388226509094,0.3010503947734833,0.31165841221809387
1785545351543721200,99079429,0.31232714653015137,0.31899139285087585,0.31233012676239014,0.3189944326877594
1785545351556347800,99079429,0.31232714653015137,0.31899139285087585,0.31233012676239014,0.3189944326877594
1785545351565918300,99099074,0.3224788308143616,0.33015406131744385,0.3224821090698242,0.3301573097705841
1785545351577479400,99115355,0.3317848742008209,0.33930858969688416,0.33178824186325073,0.3393119275569916
1785545351588835300,99115355,0.3317848742008209,0.33930858969688416,0.33178824186325073,0.3393119275569916
1785545351600467300,99129678,0.3367052972316742,0.3449362814426422,0.33670899271965027,0.3449399173259735
1785545351610132600,99146107,0.34513455629348755,0.3517843186855316,0.34513765573501587,0.35178738832473755
1785545351621105000,99146107,0.34513455629348755,0.3517843186855316,0.34513765573501587,0.35178738832473755
1785545351630678900,99165665,0.3556569814682007,0.36033007502555847,0.35565921664237976,0.3603322505950928
1785545351642305000,99165665,0.3556569814682007,0.36033007502555847,0.35565921664237976,0.3603322505950928
1785545351654863600,99182110,0.36384475231170654,0.36960652470588684,0.3638474643230438,0.3696092367172241
1785545351664237200,99196112,0.3726780116558075,0.3765212893486023,0.37267985939979553,0.3765231966972351
1785545351675891800,99212779,0.3788061738014221,0.38319122791290283,0.37880825996398926,0.38319337368011475
1785545351685505600,99212779,0.3788061738014221,0.38319122791290283,0.37880825996398926,0.38319337368011475
1785545351696438600,99232239,0.3874342143535614,0.3915729820728302,0.3874362111091614,0.39157503843307495
1785545351707597900,99232239,0.3874342143535614,0.3915729820728302,0.3874362111091614,0.39157503843307495
1785545351720623200,99248426,0.3957349359989166,0.3993907868862152,0.39573678374290466,0.39939260482788086
1785545351730302000,99262786,0.4038082957267761,0.4069530963897705,0.40380987524986267,0.40695467591285706
1785545351741322800,99279453,0.411129891872406,0.4130956530570984,0.41113096475601196,0.41309672594070435
1785545351751113000,99279535,0.4138421416282654,0.41580045223236084,0.41384321451187134,0.4158015251159668
1785545351762371900,99299214,0.42475247383117676,0.4270309805870056,0.42475366592407227,0.42703214287757874
1785545351773691000,99299214,0.42475247383117676,0.4270309805870056,0.42475366592407227,0.42703214287757874
1785545351785033800,99315214,0.43396851420402527,0.43625178933143616,0.43396973609924316,0.43625298142433167
1785545351795714700,99329578,0.43919798731803894,0.4417441189289093,0.4391993284225464,0.44174548983573914
1785545351806872900,99329578,0.43919798731803894,0.4417441189289093,0.4391993284225464,0.44174548983573914
1785545351817698300,99346208,0.4257538914680481,0.42774835228919983,0.46850454807281494,0.4704990088939667
1785545351828946100,99365665,0.4278718829154968,0.42921820282936096,0.4864247441291809,0.48777103424072266
1785545351840031600,99365665,0.4278718829154968,0.42921820282936096,0.4864247441291809,0.48777103424072266
1785545351851000000,99381729,0.4305988550186157,0.4324362277984619,0.5003185272216797,0.5021559596061707
1785545351861781300,99396069,0.43496084213256836,0.4360986053943634,0.5129116773605347,0.5140494108200073
1785545351871337200,99396069,0.43496084213256836,0.4360986053943634,0.5129116773605347,0.5140494108200073
1785545351883868600,99412764,0.4538843333721161,0.4552682638168335,0.5065197944641113,0.5079036951065063
1785545351894944900,99432126,0.4627319276332855,0.464004784822464,0.5101199150085449,0.5113927125930786
1785545351904355000,99432214,0.46468040347099304,0.46598541736602783,0.5129117965698242,0.5142167806625366
1785545351915837400,99448445,0.4752749502658844,0.4764142334461212,0.5187115669250488,0.5198508501052856
1785545351925553800,99462743,0.4856143593788147,0.486613005399704,0.5240752696990967,0.5250738263130188
1785545351936910200,99462743,0.4856143593788147,0.486613005399704,0.5240752696990967,0.5250738263130188
1785545351948140300,99479418,0.5025485754013062,0.5031614303588867,0.5270375609397888,0.5276504755020142
1785545351959340900,99479418,0.5025485754013062,0.5031614303588867,0.5270375609397888,0.5276504755020142
1785545351972344000,99499107,0.5086920261383057,0.5095030069351196,0.5425100326538086,0.5433211326599121
1785545351982212200,99515146,0.5183154344558716,0.5190882086753845,0.5497844219207764,0.5505573153495789
1785545351994939000,99529413,0.521763265132904,0.5226024389266968,0.5560362935066223,0.5568755269050598
1785545352004192700,99529413,0.521763265132904,0.5226024389266968,0.5560362935066223,0.5568755269050598
1785545352015564500,99546181,0.5310721397399902,0.531744122505188,0.5580046772956848,0.5586767196655273
1785545352025018200,99546181,0.5310721397399902,0.531744122505188,0.5580046772956848,0.5586767196655273
1785545352036047400,99565666,0.5399137735366821,0.5403817892074585,0.5598576068878174,0.5603255033493042
1785545352048891200,99582190,0.5389122366905212,0.5395443439483643,0.5666883587837219,0.5673203468322754
1785545352057770700,99596089,0.4625248610973358,0.46292468905448914,0.47873324155807495,0.4791329503059387
1785545352070622100,99596089,0.4625248610973358,0.46292468905448914,0.47873324155807495,0.4791329503059387
1785545352080512300,99612868,0.39150965213775635,0.3920348584651947,0.41527608036994934,0.4158012866973877
1785545352089896200,99612868,0.39150965213775635,0.3920348584651947,0.41527608036994934,0.4158012866973877
1785545352101024600,99632405,0.36610472202301025,0.3666904866695404,0.34670746326446533,0.34729325771331787
1785545352111478400,99648858,0.35923993587493896,0.35981157422065735,0.3043651282787323,0.30493685603141785
1785545352122619600,99648858,0.35923993587493896,0.35981157422065735,0.3043651282787323,0.30493685603141785
1785545352133793400,99662747,0.3596978485584259,0.3602297604084015,0.2781720459461212,0.2787039875984192
1785545352143984500,99679526,0.35955917835235596,0.3599228262901306,0.25868740677833557,0.25905102491378784
1785545352154845700,99679526,0.35955917835235596,0.3599228262901306,0.25868740677833557,0.25905102491378784
1785545352167866200,99698935,0.33565717935562134,0.3360227346420288,0.2668358087539673,0.26720133423805237
1785545352177152300,99715157,0.3181702792644501,0.3185403347015381,0.2740314304828644,0.27440145611763
1785545352188165000,99715157,0.3181702792644501,0.3185403347015381,0.2740314304828644,0.27440145611763
1785545352200888700,99729413,0.31648433208465576,0.3169165849685669,0.2697528004646301,0.27018505334854126
1785545352210502600,99746068,0.3110296130180359,0.31139546632766724,0.267982542514801,0.2683483958244324
1785545352222011700,99746068,0.3110296130180359,0.31139546632766724,0.267982542514801,0.2683483958244324
1785545352233189900,99765623,0.30755650997161865,0.3078700006008148,0.26424703001976013,0.2645605206489563
1785545352245618000,99781843,0.29938584566116333,0.29960066080093384,0.2659165859222412,0.2661314308643341
1785545352254841500,99781843,0.29938584566116333,0.29960066080093384,0.2659165859222412,0.2661314308643341
1785545352266319000,99796058,0.29564639925956726,0.295835942029953,0.264685720205307,0.26487529277801514
1785545352277392000,99812735,0.2971716821193695,0.29741162061691284,0.2591487169265747,0.25938868522644043
1785545352288643500,99812735,0.2971716821193695,0.29741162061691284,0.2591487169265747,0.25938868522644043
1785545352299987700,99832298,0.29432034492492676,0.2945552468299866,0.25814196467399597,0.25837692618370056
1785545352310983100,99848782,0.29129454493522644,0.2914997935295105,0.2583996653556824,0.25860488414764404
1785545352322043100,99848782,0.29129454493522644,0.2914997935295105,0.2583996653556824,0.25860488414764404
1785545352333439500,99862948,0.2848062813282013,0.28494158387184143,0.26210567355155945,0.2622409760951996
1785545352344402800,99879413,0.28252437710762024,0.28263241052627563,0.26159465312957764,0.26170262694358826
1785545352355738300,99879413,0.28252437710762024,0.28263241052627563,0.26159465312957764,0.26170262694358826
1785545352366728600,99898949,0.2828836739063263,0.28301045298576355,0.25873494148254395,0.2588616907596588
1785545352377730900,99915185,0.28173553943634033,0.2818590998649597,0.2581799328327179,0.2583034634590149
1785545352388859700,99915185,0.28173553943634033,0.2818590998649597,0.2581799328327179,0.2583034634590149
1785545352401420800,99929409,0.2822161614894867,0.2823500633239746,0.2567133605480194,0.2568472623825073
1785545352410983300,99946145,0.2779519855976105,0.27804553508758545,0.259614497423172,0.259708046913147
1785545352421916200,99946145,0.2779519855976105,0.27804553508758545,0.259614497423172,0.259708046913147
1785545352433449400,99965647,0.27667471766471863,0.2767518162727356,0.2596106231212616,0.2596878111362457
1785545352441698600,99965647,0.27667471766471863,0.2767518162727356,0.2596106231212616,0.2596878111362457
1785545352454418700,99981750,0.2759060859680176,0.2759774327278137,0.25947117805480957,0.2595425546169281
1785545352465503000,99996079,0.27489525079727173,0.27496039867401123,0.2597615718841553,0.25982666015625
1785545352474962800,100012748,0.27557042241096497,0.275642454624176,0.2585073411464691,0.2585793435573578
1785545352485823100,100012748,0.27557042241096497,0.275642454624176,0.2585073411464691,0.2585793435573578
1785545352497174600,100032378,0.2745961546897888,0.27466145157814026,0.258907288312912,0.2589725852012634
1785545352506843700,100032378,0.2745961546897888,0.27466145157814026,0.258907288312912,0.2589725852012634
1785545352518245600,100048394,0.27357426285743713,0.27362918853759766,0.25951868295669556,0.2595736086368561
1785545352529344200,100062738,0.27260488271713257,0.27265119552612305,0.26014038920402527,0.26018670201301575
1785545352540745800,100079409,0.2703135311603546,0.27033957839012146,0.2619496285915375,0.26197564601898193
1785545352552106200,100079409,0.2703135311603546,0.27033957839012146,0.2619496285915375,0.26197564601898193
1785545352563483600,100099059,0.27052897214889526,0.27055707573890686,0.2612954080104828,0.2613235116004944
1785545352572945800,100099059,0.27052897214889526,0.27055707573890686,0.2612954080104828,0.2613235116004944
1785545352583864600,100115062,0.2704011797904968,0.2704288065433502,0.261130690574646,0.2611583173274994
1785545352594982900,100129400,0.2708471715450287,0.2708786427974701,0.2605092525482178,0.26054075360298157
1785545352604435600,100129400,0.2708471715450287,0.2708786427974701,0.2605092525482178,0.26054075360298157
1785545352616062200,100146054,0.27004823088645935,0.2700735330581665,0.2611161172389984,0.26114147901535034
1785545352625735100,100146054,0.27004823088645935,0.2700735330581665,0.2611161172389984,0.26114147901535034
1785545352637402000,100165688,0.26943638920783997,0.26945674419403076,0.26154354214668274,0.26156386733055115
1785545352648472400,100182076,0.2682926654815674,0.2683045566082001,0.2625234127044678,0.26253530383110046
1785545352660957300,100196077,0.26793378591537476,0.267943412065506,0.26275789737701416,0.2627675533294678
1785545352672081500,100196077,0.26793378591537476,0.267943412065506,0.26275789737701416,0.2627675533294678
1785545352680833300,100212802,0.2684421241283417,0.2684546411037445,0.26214712858200073,0.26215964555740356
1785545352691979400,100212802,0.2684421241283417,0.2684546411037445,0.26214712858200073,0.26215964555740356
1785545352701864100,100232230,0.2682584822177887,0.2682693600654602,0.26223164796829224,0.26224252581596375
1785545352714701600,100248541,0.2679194509983063,0.26792770624160767,0.2625024914741516,0.2625108063220978
1785545352724242600,100262728,0.2670455873012543,0.2670494616031647,0.2633097171783447,0.2633136212825775
1785545352735654600,100262728,0.2670455873012543,0.2670494616031647,0.2633097171783447,0.2633136212825775
1785545352748461200,100279370,0.26673346757888794,0.26673540472984314,0.2635548710823059,0.2635567784309387
1785545352758169000,100279370,0.26673346757888794,0.26673540472984314,0.2635548710823059,0.2635567784309387
1785545352769405200,100298907,0.2669249176979065,0.2669277787208557,0.26330357789993286,0.2633063495159149
1785545352780301700,100315094,0.2668541967868805,0.26685619354248047,0.2633354067802429,0.2633373737335205
1785545352791160100,100329291,0.26692160964012146,0.2669236660003662,0.26325541734695435,0.2632575035095215
1785545352800982300,100329398,0.26698049902915955,0.2669825851917267,0.26318618655204773,0.26318827271461487
1785545352812356600,100346125,0.26671063899993896,0.26671165227890015,0.2634317874908447,0.2634328007698059
1785545352822418300,100346125,0.26671063899993896,0.26671165227890015,0.2634317874908447,0.2634328007698059
1785545352833529000,100365577,0.2662051320075989,0.2662040889263153,0.26390939950942993,0.26390838623046875
1785545352844123500,100381682,0.26634693145751953,0.2663455903530121,0.2637520134449005,0.26375070214271545
1785545352855620900,100381682,0.26634693145751953,0.2663455903530121,0.2637520134449005,0.26375070214271545
1785545352865161400,100396064,0.2660129964351654,0.2660110890865326,0.2640695869922638,0.2640676498413086
1785545352876002400,100412719,0.2660803198814392,0.2660781145095825,0.26398926973342896,0.26398706436157227
1785545352885882500,100412719,0.2660803198814392,0.2660781145095825,0.26398926973342896,0.26398706436157227
1785545352897364600,100432245,0.26604974269866943,0.26604747772216797,0.2640073597431183,0.2640050947666168
1785545352906891200,100432245,0.26604974269866943,0.26604747772216797,0.2640073597431183,0.2640050947666168
1785545352917669700,100448484,0.2659447491168976,0.2659417986869812,0.26410430669784546,0.2641013562679291
1785545352928957000,100462716,0.23912657797336578,0.2921646535396576,0.23787294328212738,0.2909110188484192
1785545352939926300,100462716,0.23912657797336578,0.2921646535396576,0.23787294328212738,0.2909110188484192
1785545352950800800,100479360,0.2161847949028015,0.3148892819881439,0.215140238404274,0.3138447403907776
1785545352963363500,100499005,0.21062974631786346,0.32058224081993103,0.2094421684741974,0.31939464807510376
1785545352972968500,100499005,0.21062974631786346,0.32058224081993103,0.2094421684741974,0.31939464807510376
1785545352985473100,100515129,0.20185548067092896,0.32933759689331055,0.20071528851985931,0.32819733023643494
1785545352996880100,100529356,0.21527476608753204,0.31602171063423157,0.21404753625392914,0.3147944211959839
1785545353007620000,100529356,0.21527476608753204,0.31602171063423157,0.21404753625392914,0.3147944211959839
1785545353017515700,100546108,0.22520069777965546,0.30611589550971985,0.2241508513689041,0.3050660490989685
1785545353028656800,100565600,0.23200763761997223,0.2997448146343231,0.23113742470741272,0.2988746166229248
1785545353040523800,100565600,0.23200763761997223,0.2997448146343231,0.23113742470741272,0.2988746166229248
1785545353049766200,100581987,0.2415062040090561,0.2918704152107239,0.24090003967285156,0.29126429557800293
1785545353060484700,100596172,0.2699667811393738,0.2655617296695709,0.2694268822669983,0.26502183079719543
1785545353071613700,100596172,0.2699667811393738,0.2655617296695709,0.2694268822669983,0.26502183079719543
1785545353080954500,100612702,0.2607352137565613,0.27669665217399597,0.26007944345474243,0.27604082226753235
1785545353092016900,100612702,0.2607352137565613,0.27669665217399597,0.26007944345474243,0.27604082226753235
1785545353103407900,100632229,0.2786800265312195,0.2613392770290375,0.27804887294769287,0.2607080638408661
1785545353114346500,100648361,0.2985629439353943,0.24362246692180634,0.29801657795906067,0.24307608604431152
1785545353125061500,100662721,0.31889888644218445,0.225637286901474,0.31854137778282166,0.22527974843978882
1785545353136335400,100662721,0.31889888644218445,0.225637286901474,0.31854137778282166,0.22527974843978882
1785545353147405200,100679346,0.3070259094238281,0.23941348493099213,0.3067376911640167,0.23912526667118073
1785545353158914300,100679346,0.3070259094238281,0.23941348493099213,0.3067376911640167,0.23912526667118073
1785545353169261000,100698878,0.2893274128437042,0.2580111622810364,0.28899338841438293,0.2576771378517151
1785545353182591800,100715059,0.2837035655975342,0.2631959617137909,0.28338587284088135,0.26287826895713806
1785545353191675600,100729375,0.2873496115207672,0.2593289315700531,0.28700852394104004,0.2589878439903259
1785545353202436200,100729375,0.2873496115207672,0.2593289315700531,0.28700852394104004,0.2589878439903259
1785545353214369100,100746118,0.28383204340934753,0.2609907388687134,0.2835982143878937,0.2607569694519043
1785545353225665400,100746118,0.28383204340934753,0.2609907388687134,0.2835982143878937,0.2607569694519043
1785545353237508300,100765576,0.283638060092926,0.2593217194080353,0.2834476828575134,0.2591313421726227
1785545353249889100,100781919,0.28265541791915894,0.25885209441185,0.2824808955192566,0.25867757201194763
1785545353259327900,100796057,0.2808716595172882,0.25941431522369385,0.28071269392967224,0.2592553198337555
1785545353270055300,100796057,0.2808716595172882,0.25941431522369385,0.28071269392967224,0.2592553198337555
1785545353281261100,100812720,0.2815537750720978,0.2577803432941437,0.28137993812561035,0.2576064467430115
1785545353291949900,100812720,0.2815537750720978,0.2577803432941437,0.28137993812561035,0.2576064467430115
1785545353302715900,100832202,0.2800534665584564,0.2582028806209564,0.27989891171455383,0.25804829597473145
1785545353314201700,100848470,0.2786712646484375,0.2587388753890991,0.27854496240615845,0.2586125135421753
1785545353325514500,100862716,0.2766352891921997,0.25873973965644836,0.2765306234359741,0.258635014295578
1785545353335718200,100862716,0.2766352891921997,0.25873973965644836,0.2765306234359741,0.258635014295578
1785545353346733600,100879365,0.2713463008403778,0.25904542207717896,0.27129286527633667,0.2589919865131378
1785545353357615200,100879365,0.2713463008403778,0.25904542207717896,0.27129286527633667,0.2589919865131378
1785545353368747400,100898899,0.26756635308265686,0.2535335421562195,0.2675075829029083,0.25347480177879333
1785545353381874900,100915193,0.2618613839149475,0.2475312054157257,0.2618044912815094,0.2474743276834488
1785545353391482100,100915193,0.2618613839149475,0.2475312054157257,0.2618044912815094,0.2474743276834488
1785545353401511200,100929383,0.25944966077804565,0.24334588646888733,0.25938332080841064,0.2432795614004135
1785545353412612800,100946041,0.252291738986969,0.23803071677684784,0.25224044919013977,0.23797941207885742
1785545353424047400,100946041,0.252291738986969,0.23803071677684784,0.25224044919013977,0.23797941207885742
1785545353433712900,100965632,0.24323351681232452,0.23020347952842712,0.2431945651769638,0.2301645576953888
1785545353445151400,100982375,0.23395848274230957,0.22359412908554077,0.23393698036670685,0.22357265651226044
1785545353454778100,100982375,0.23395848274230957,0.22359412908554077,0.23393698036670685,0.22357265651226044
1785545353465625600,100996027,0.22584861516952515,0.21672342717647552,0.2258376181125641,0.21671244502067566
1785545353475838600,101012772,0.2207992970943451,0.20972608029842377,0.220783531665802,0.20971031486988068
1785545353487408900,101012772,0.2207992970943451,0.20972608029842377,0.220783531665802,0.20971031486988068
1785545353498814900,101032215,0.21235628426074982,0.2012544423341751,0.21234415471553802,0.20124231278896332
1785545353510320700,101048768,0.20391687750816345,0.19335617125034332,0.2039107233285904,0.19335001707077026
1785545353521106200,101048768,0.20391687750816345,0.19335617125034332,0.2039107233285904,0.19335001707077026
1785545353530751100,101062695,0.19508977234363556,0.1870320439338684,0.19509176909923553,0.18703404068946838
1785545353542586000,101079543,0.1860223114490509,0.17882227897644043,0.1860288679599762,0.17882882058620453
1785545353552284500,101079543,0.1860223114490509,0.17882227897644043,0.1860288679599762,0.17882882058620453
1785545353563607800,101098941,0.17767967283725739,0.1701769232749939,0.17768941819667816,0.17018665373325348
1785545353574975400,101098941,0.17767967283725739,0.1701769232749939,0.17768941819667816,0.17018665373325348
1785545353586327400,101115137,0.17219911515712738,0.16466939449310303,0.17221158742904663,0.16468185186386108
1785545353595802700,101129341,0.16941486299037933,0.16114436089992523,0.1694280058145523,0.1611575186252594
1785545353608628200,101129341,0.16941486299037933,0.16114436089992523,0.1694280058145523,0.1611575186252594
1785545353617786500,101146107,0.16652853786945343,0.15887752175331116,0.16654372215270996,0.1588926911354065
1785545353628919200,101165559,0.2067793309688568,0.20016533136367798,0.2067974954843521,0.20018351078033447
1785545353640045200,101165559,0.2067793309688568,0.20016533136367798,0.2067974954843521,0.20018351078033447
1785545353651202100,101181659,0.2274692952632904,0.2227955460548401,0.22748799622058868,0.22281426191329956
1785545353660783100,101196037,0.2395428866147995,0.23582622408866882,0.2395603060722351,0.23584362864494324
1785545353672291400,101196037,0.2395428866147995,0.23582622408866882,0.2395603060722351,0.23584362864494324
1785545353682395200,101212769,0.24931196868419647,0.2451821267604828,0.2493298351764679,0.24519996345043182
1785545353693465600,101212769,0.24931196868419647,0.2451821267604828,0.2493298351764679,0.24519996345043182
1785545353702907400,101232280,0.25629353523254395,0.2523964047431946,0.2563122808933258,0.25241512060165405
1785545353714192200,101248357,0.259856253862381,0.2563609182834625,0.25987547636032104,0.256380170583725
1785545353725621300,101262677,0.2614802420139313,0.2590849697589874,0.26149654388427734,0.2591013014316559
1785545353737177900,101262677,0.2614802420139313,0.2590849697589874,0.26149654388427734,0.2591013014316559
1785545353748275700,101279414,0.26219964027404785,0.260162353515625,0.2622154653072357,0.2601781487464905
1785545353759352600,101279414,0.26219964027404785,0.260162353515625,0.2622154653072357,0.2601781487464905
1785545353770450500,101298890,0.26109686493873596,0.2587670087814331,0.2611139118671417,0.25878411531448364
1785545353781471500,101315142,0.2578584849834442,0.2555820941925049,0.25787633657455444,0.2555999457836151
1785545353792494400,101329368,0.25613075494766235,0.2536580562591553,0.2561502754688263,0.2536775767803192
1785545353803636900,101329368,0.25613075494766235,0.2536580562591553,0.2561502754688263,0.2536775767803192
1785545353814691600,101346004,0.2511225938796997,0.24898691475391388,0.25114142894744873,0.2490057349205017
1785545353824075000,101346004,0.2511225938796997,0.24898691475391388,0.25114142894744873,0.2490057349205017
1785545353835726000,101365616,0.24338991940021515,0.24180534482002258,0.24340605735778809,0.24182146787643433
1785545353845336800,101382031,0.23571857810020447,0.23427064716815948,0.23573480546474457,0.2342868447303772
1785545353856345200,101382031,0.23571857810020447,0.23427064716815948,0.23573480546474457,0.2342868447303772
1785545353865997200,101396009,0.2284173220396042,0.22702166438102722,0.22843332588672638,0.22703765332698822
1785545353877199400,101412674,0.22261495888233185,0.22099809348583221,0.222633495926857,0.22101663053035736
1785545353886338700,101412674,0.22261495888233185,0.22099809348583221,0.222633495926857,0.22101663053035736
1785545353897508600,101432377,0.21445848047733307,0.2128974050283432,0.21447715163230896,0.21291609108448029
1785545353908650300,101432377,0.21445848047733307,0.2128974050283432,0.21447715163230896,0.21291609108448029
1785545353920165800,101448542,0.20734624564647675,0.2059263437986374,0.2073647677898407,0.20594485104084015
1785545353931244400,101462682,0.2016979157924652,0.20042374730110168,0.20171554386615753,0.200441375374794
1785545353941044000,101479322,0.19601869583129883,0.19515544176101685,0.1960327923297882,0.19516952335834503
1785545353952381500,101479322,0.19601869583129883,0.19515544176101685,0.1960327923297882,0.19516952335834503
1785545353963770400,101498951,0.19198806583881378,0.19111528992652893,0.192002534866333,0.19112975895404816
1785545353974939200,101498951,0.19198806583881378,0.19111528992652893,0.192002534866333,0.19112975895404816
1785545353984409500,101515014,0.2176593691110611,0.21680058538913727,0.21767409145832062,0.21681532263755798
1785545353995922800,101529339,0.2326745241880417,0.23175518214702606,0.23269012570381165,0.23177078366279602
1785545354005513900,101529339,0.2326745241880417,0.23175518214702606,0.23269012570381165,0.23177078366279602
1785545354017201800,101546003,0.24439285695552826,0.24363426864147186,0.2444065809249878,0.2436480075120926
1785545354028304600,101565567,0.2526839077472687,0.2520635724067688,0.2526959776878357,0.2520756423473358
1785545354039676400,101565567,0.2526839077472687,0.2520635724067688,0.2526959776878357,0.2520756423473358
1785545354050671700,101581789,0.2570444941520691,0.25662583112716675,0.257053941488266,0.25663530826568604
1785545354062078600,101596001,0.2595609724521637,0.259200781583786,0.25956955552101135,0.25920939445495605
1785545354072737300,101596001,0.2595609724521637,0.259200781583786,0.25956955552101135,0.25920939445495605
1785545354085585700,101612660,0.2616214156150818,0.261181116104126,0.2616316080093384,0.26119130849838257
1785545354094733600,101632234,0.26304787397384644,0.26262167096138,0.26305797696113586,0.2626318037509918
1785545354105836800,101632234,0.26304787397384644,0.26262167096138,0.26305797696113586,0.2626318037509918
1785545354117580300,101648352,0.2637781500816345,0.2634093761444092,0.2637876272201538,0.26341885328292847
1785545354128733700,101662676,0.26415368914604187,0.2639162540435791,0.26416072249412537,0.263923317193985
1785545354139094400,101662676,0.26415368914604187,0.2639162540435791,0.26416072249412537,0.263923317193985
1785545354151401400,101679354,0.264476478099823,0.26428595185279846,0.2644827663898468,0.26429226994514465
1785545354160886400,101698883,0.26473841071128845,0.2645145654678345,0.26474544405937195,0.26452159881591797
1785545354172206300,101698883,0.26473841071128845,0.2645145654678345,0.26474544405937195,0.26452159881591797
1785545354183408300,101715254,0.26486456394195557,0.2646515369415283,0.26487165689468384,0.264658659696579
1785545354193088900,101729326,0.2649461030960083,0.264716774225235,0.26495376229286194,0.2647244334220886
1785545354203931500,101729326,0.2649461030960083,0.264716774225235,0.26495376229286194,0.2647244334220886
1785545354215505200,101745985,0.2649840712547302,0.2647983133792877,0.2649908661842346,0.2648051083087921
1785545354225023400,101745985,0.2649840712547302,0.2647983133792877,0.2649908661842346,0.2648051083087921
1785545354236515800,101765501,0.2649959325790405,0.26487189531326294,0.26500120759010315,0.26487717032432556
1785545354248138700,101781651,0.2650088965892792,0.26490387320518494,0.2650138735771179,0.2649088203907013
1785545354259102000,101795983,0.2650182843208313,0.26492059230804443,0.26502302289009094,0.2649253308773041
1785545354271770800,101795983,0.2650182843208313,0.26492059230804443,0.26502302289009094,0.2649253308773041
1785545354281396000,101812741,0.26503729820251465,0.26492056250572205,0.265042781829834,0.264926016330719
1785545354292352300,101812741,0.26503729820251465,0.26492056250572205,0.265042781829834,0.264926016330719
1785545354303756900,101832141,0.2650372087955475,0.2649354636669159,0.2650424838066101,0.26494070887565613
1785545354314841700,101848387,0.2650316059589386,0.2649492621421814,0.2650364637374878,0.2649540901184082
1785545354324311500,101862654,0.2650269865989685,0.26495885848999023,0.2650313079357147,0.2649632394313812
1785545354335657400,101862654,0.2650269865989685,0.26495885848999023,0.2650313079357147,0.2649632394313812
1785545354346559600,101879294,0.2650122344493866,0.26497846841812134,0.26501524448394775,0.2649815082550049
1785545354357862400,101879294,0.2650122344493866,0.26497846841812134,0.26501524448394775,0.2649815082550049
1785545354370451300,101898831,0.26501548290252686,0.26497745513916016,0.2650187313556671,0.2649807631969452
1785545354382395200,101915308,0.2650153934955597,0.2649787962436676,0.2650187611579895,0.2649821639060974
1785545354391989600,101929333,0.26501843333244324,0.2649761140346527,0.2650221884250641,0.26497989892959595
1785545354402096600,101929333,0.26501843333244324,0.2649761140346527,0.2650221884250641,0.26497989892959595
1785545354412842200,101946062,0.26501432061195374,0.264981210231781,0.26501765847206116,0.2649845480918884
1785545354423709000,101946062,0.26501432061195374,0.264981210231781,0.26501765847206116,0.2649845480918884
1785545354434942800,101965519,0.2650061249732971,0.2649906575679779,0.2650086581707001,0.26499319076538086
1785545354444601000,101981650,0.26500365138053894,0.2649935483932495,0.26500600576400757,0.26499590277671814
1785545354455829200,101981650,0.26500365138053894,0.2649935483932495,0.26500600576400757,0.26499590277671814
1785545354466946900,101995996,0.2650032043457031,0.2649942636489868,0.2650054395198822,0.2649965286254883
1785545354477557900,102012641,0.2650042176246643,0.26499301195144653,0.26500681042671204,0.26499560475349426
1785545354487454800,102012641,0.2650042176246643,0.26499301195144653,0.26500681042671204,0.26499560475349426
1785545354497912100,102032230,0.265002965927124,0.26499447226524353,0.2650054395198822,0.2649969160556793
1785545354509099600,102032230,0.265002965927124,0.26499447226524353,0.2650054395198822,0.2649969160556793
1785545354520350400,102048375,0.2650006413459778,0.26499703526496887,0.26500290632247925,0.26499930024147034
1785545354531329600,102062824,0.2649981677532196,0.26500019431114197,0.26499977707862854,0.2650018036365509
1785545354542373600,102079281,0.2649970054626465,0.2650015652179718,0.2649984359741211,0.265002965927124
1785545354553669100,102079281,0.2649970054626465,0.2650015652179718,0.2649984359741211,0.265002965927124
1785545354564957500,102098860,0.264997273683548,0.265001118183136,0.2649988830089569,0.2650027275085449
1785545354576037100,102098860,0.264997273683548,0.265001118183136,0.2649988830089569,0.2650027275085449
1785545354587163200,102114996,0.2649966776371002,0.2650018036365509,0.264998197555542,0.26500338315963745
1785545354597173300,102129338,0.26499634981155396,0.26500198245048523,0.26499801874160767,0.2650037109851837
1785545354609927700,102146030,0.2649955153465271,0.26500269770622253,0.26499733328819275,0.2650045156478882
1785545354619442900,102146030,0.2649955153465271,0.26500269770622253,0.26499733328819275,0.2650045156478882
1785545354632171100,102165800,0.264995276927948,0.2650037109851837,0.26499632000923157,0.2650047540664673
1785545354641990100,102165800,0.264995276927948,0.2650037109851837,0.26499632000923157,0.2650047540664673
1785545354653135400,102182234,0.26499438285827637,0.2650044560432434,0.2649955749511719,0.2650056481361389
1785545354664142800,102196005,0.2649948000907898,0.2650042474269867,0.2649957835674286,0.2650052309036255
1785545354675225500,102212776,0.26499438285827637,0.26500457525253296,0.2649954557418823,0.2650056481361389
1785545354684820200,102212776,0.26499438285827637,0.26500457525253296,0.2649954557418823,0.2650056481361389
1785545354695687400,102232262,0.26499396562576294,0.26500508189201355,0.26499491930007935,0.26500606536865234
1785545354706329500,102232262,0.26499396562576294,0.26500508189201355,0.26499491930007935,0.26500606536865234
1785545354717550400,102248397,0.26499369740486145,0.2650054097175598,0.26499462127685547,0.26500633358955383
1785545354727156900,102262658,0.2649938464164734,0.26500529050827026,0.264994740486145,0.2650061845779419
1785545354737289700,102262658,0.2649938464164734,0.26500529050827026,0.264994740486145,0.2650061845779419
1785545354748504700,102279313,0.2649948000907898,0.26500460505485535,0.26499542593955994,0.2650052011013031
1785545354759442200,102279313,0.2649948000907898,0.26500460505485535,0.26499542593955994,0.2650052011013031
1785545354770534900,102298819,0.2649945616722107,0.26500481367111206,0.2649952173233032,0.2650054395198822
1785545354781895100,102315245,0.2649942636489868,0.2650051414966583,0.26499488949775696,0.26500576734542847
1785545354791323500,102329387,0.26499369740486145,0.26500561833381653,0.26499441266059875,0.26500633358955383
1785545354802719900,102329387,0.26499369740486145,0.26500561833381653,0.26499441266059875,0.26500633358955383
1785545354813881500,102346024,0.26417168974876404,0.26418304443359375,0.26417237520217896,0.26418375968933105
1785545354825504900,102346024,0.26417168974876404,0.26418304443359375,0.26417237520217896,0.26418375968933105
1785545354836765000,102365473,0.2616131603717804,0.26162290573120117,0.2616136372089386,0.2616233825683594
1785545354847784300,102381953,0.2576479911804199,0.2576577067375183,0.25764837861061096,0.25765812397003174
1785545354859307800,102395968,0.2525086998939514,0.25251826643943787,0.25250905752182007,0.25251859426498413
1785545354870344000,102395968,0.2525086998939514,0.25251826643943787,0.25250905752182007,0.25251859426498413
1785545354881079100,102412802,0.24846535921096802,0.2484762966632843,0.24846583604812622,0.24847674369812012
1785545354892157100,102412802,0.24846535921096802,0.2484762966632843,0.24846583604812622,0.24847674369812012
1785545354904880800,102432106,0.24259060621261597,0.2426016628742218,0.24259108304977417,0.2426021248102188
1785545354914121800,102448625,0.23768150806427002,0.23769232630729675,0.23768192529678345,0.23769274353981018
1785545354925720200,102462623,0.2342393398284912,0.2342495620250702,0.23423968255519867,0.23424988985061646
1785545354936625700,102462623,0.2342393398284912,0.2342495620250702,0.23423968255519867,0.23424988985061646
1785545354947746400,102479280,0.24530844390392303,0.2453162968158722,0.24530871212482452,0.24531659483909607
1785545354960457700,102479280,0.24530844390392303,0.2453162968158722,0.24530871212482452,0.24531659483909607
1785545354970194700,102498840,0.25314417481422424,0.25315213203430176,0.25314438343048096,0.25315240025520325
1785545354981053800,102514958,0.25731077790260315,0.2573188245296478,0.25731104612350464,0.2573190927505493
1785545354992216500,102529276,0.2597237825393677,0.2597326338291168,0.25972405076026917,0.2597329318523407
1785545355002341900,102529276,0.2597237825393677,0.2597326338291168,0.25972405076026917,0.2597329318523407
1785545355013465500,102546019,0.26156535744667053,0.26157239079475403,0.26156559586524963,0.26157262921333313
1785545355023913700,102546019,0.26156535744667053,0.26157239079475403,0.26156559586524963,0.26157262921333313
1785545355035760800,102565452,0.2629304528236389,0.2629370391368866,0.26293060183525085,0.26293718814849854
1785545355045336300,102581869,0.2636605501174927,0.2636670768260956,0.263660728931427,0.2636672556400299
1785545355054920800,102581869,0.2636605501174927,0.2636670768260956,0.263660728931427,0.2636672556400299
1785545355066482900,102596040,0.26331576704978943,0.2633219063282013,0.26331594586372375,0.2633220851421356
1785545355077545200,102612601,0.26304566860198975,0.26305249333381653,0.2630458474159241,0.26305270195007324
1785545355088820800,102612601,0.26304566860198975,0.26305249333381653,0.2630458474159241,0.26305270195007324
1785545355099499100,102632173,0.26093125343322754,0.26093778014183044,0.2609314024448395,0.26093795895576477
1785545355111223700,102648289,0.25727877020835876,0.257284939289093,0.2572789192199707,0.25728508830070496
1785545355122396000,102648289,0.25727877020835876,0.257284939289093,0.2572789192199707,0.25728508830070496
1785545355133736800,102662635,0.25219202041625977,0.2521977424621582,0.2521921694278717,0.25219789147377014
1785545355143976900,102679287,0.24457643926143646,0.2445807009935379,0.24457652866840363,0.24458077549934387
1785545355155944000,102679287,0.24457643926143646,0.2445807009935379,0.24457652866840363,0.24458077549934387
1785545355165462400,102699442,0.23593848943710327,0.23594312369823456,0.23593860864639282,0.2359432578086853
1785545355175599000,102699442,0.23593848943710327,0.23594312369823456,0.23593860864639282,0.2359432578086853
1785545355186694500,102714961,0.2298995554447174,0.2299044132232666,0.22989965975284576,0.22990451753139496
1785545355198184000,102729269,0.2262444645166397,0.22624994814395905,0.22624456882476807,0.2262500524520874
1785545355209551300,102746011,0.22246989607810974,0.2224743515253067,0.2224699705839157,0.22247442603111267
1785545355220782200,102746011,0.22246989607810974,0.2224743515253067,0.2224699705839157,0.22247442603111267
1785545355231880100,102765490,0.21951504051685333,0.21951977908611298,0.2195151001214981,0.21951985359191895
1785545355242014800,102765490,0.21951504051685333,0.21951977908611298,0.2195151001214981,0.21951985359191895
1785545355251647100,102781900,0.23574289679527283,0.2357468456029892,0.2357429713010788,0.23574693500995636
1785545355262910200,102796045,0.24399299919605255,0.24399642646312714,0.24399304389953613,0.24399647116661072
1785545355273955900,102812605,0.25066593289375305,0.2506696283817291,0.2506659924983978,0.2506696879863739
1785545355284264200,102812605,0.25066593289375305,0.2506696283817291,0.2506659924983978,0.2506696879863739
1785545355295712200,102832314,0.25346535444259644,0.2534694969654083,0.2534654140472412,0.2534695565700531
1785545355308382500,102832314,0.25346535444259644,0.2534694969654083,0.2534654140472412,0.2534695565700531
1785545355319818600,102848333,0.2540874779224396,0.25409072637557983,0.25408753752708435,0.2540907859802246
1785545355329385400,102862618,0.2575001120567322,0.2575034201145172,0.25750014185905457,0.257503479719162
1785545355340332200,102862618,0.2575001120567322,0.2575034201145172,0.25750014185905457,0.257503479719162
1785545355351373200,102879366,0.26011785864830017,0.26012036204338074,0.26011788845062256,0.26012036204338074
1785545355360949900,102898968,0.2620749771595001,0.26207685470581055,0.2620750069618225,0.26207688450813293
1785545355372189000,102898968,0.2620749771595001,0.26207685470581055,0.2620750069618225,0.26207688450813293
1785545355385076200,102915318,0.2631146311759949,0.2631170451641083,0.26311469078063965,0.26311707496643066
1785545355394536400,102929275,0.26369163393974304,0.2636944353580475,0.2636916935443878,0.2636944651603699
1785545355407087600,102929275,0.26369163393974304,0.2636944353580475,0.2636916935443878,0.2636944651603699
1785545355416066300,102946019,0.2641482353210449,0.2641502618789673,0.2641482353210449,0.2641502916812897
1785545355428823600,102965467,0.26448681950569153,0.26448896527290344,0.26448681950569153,0.26448899507522583
1785545355437584800,102965467,0.26448681950569153,0.26448896527290344,0.26448681950569153,0.26448899507522583
1785545355448781200,102981587,0.26466694474220276,0.26466861367225647,0.26466694474220276,0.26466867327690125
1785545355460458300,102996049,0.26403355598449707,0.26403477787971497,0.26403358578681946,0.26403480768203735
1785545355471864100,102996049,0.26403355598449707,0.26403477787971497,0.26403358578681946,0.26403480768203735
1785545355482288200,103012983,0.26354339718818665,0.26354485750198364,0.2635434567928314,0.26354488730430603
1785545355493429200,103012983,0.26354339718818665,0.26354485750198364,0.2635434567928314,0.26354488730430603
1785545355502793700,103032340,0.26127657294273376,0.2612784504890442,0.26127663254737854,0.2612784504890442
1785545355513828700,103048243,0.2575606405735016,0.2575625777244568,0.257560670375824,0.2575625777244568
1785545355525320200,103062717,0.2538556456565857,0.2538568675518036,0.2538556754589081,0.253856897354126
1785545355535467900,103062717,0.2538556456565857,0.2538568675518036,0.2538556754589081,0.253856897354126
1785545355548417300,103079330,0.2501843571662903,0.2501855492591858,0.25018438696861267,0.2501855790615082
1785545355557582400,103079330,0.2501843571662903,0.2501855492591858,0.25018438696861267,0.2501855790615082
1785545355568734700,103098774,0.2560760974884033,0.2560768127441406,0.25607606768608093,0.2560768127441406
1785545355580462500,103115045,0.25922268629074097,0.2592236399650574,0.2592226564884186,0.2592236399650574
1785545355589897700,103115045,0.25922268629074097,0.2592236399650574,0.2592226564884186,0.2592236399650574
1785545355600819300,103129322,0.26103225350379944,0.26103341579437256,0.26103225350379944,0.26103344559669495
1785545355612185600,103145961,0.26245981454849243,0.2624611258506775,0.26245981454849243,0.2624611258506775
1785545355622471500,103145961,0.26245981454849243,0.2624611258506775,0.26245981454849243,0.2624611258506775
1785545355633771000,103165523,0.26347336173057556,0.2634739577770233,0.26347339153289795,0.2634739279747009
1785545355643971200,103181655,0.2640097141265869,0.26401036977767944,0.2640097737312317,0.26401033997535706
1785545355654985100,103181655,0.2640097141265869,0.26401036977767944,0.2640097737312317,0.26401033997535706
1785545355666022700,103195927,0.264319509267807,0.2643203139305115,0.264319509267807,0.2643203139305115
1785545355677193600,103212576,0.2645642161369324,0.264565110206604,0.26456418633461,0.264565110206604
1785545355688270000,103212576,0.2645642161369324,0.264565110206604,0.26456418633461,0.264565110206604
1785545355701037100,103232114,0.2647373676300049,0.2647383213043213,0.2647373676300049,0.2647383213043213
1785545355712101000,103248248,0.2648296654224396,0.26483049988746643,0.2648296654224396,0.2648305296897888
1785545355721808500,103248248,0.2648296654224396,0.26483049988746643,0.2648296654224396,0.2648305296897888
1785545355731326200,103262611,0.2648833692073822,0.2648836374282837,0.2648833692073822,0.2648836672306061
1785545355742641700,103279252,0.2649252712726593,0.2649255096912384,0.2649252712726593,0.2649255394935608
1785545355754002500,103279252,0.2649252712726593,0.2649255096912384,0.2649252712726593,0.2649255394935608
1785545355764704300,103298759,0.2649548053741455,0.2649553120136261,0.2649548053741455,0.2649553120136261
1785545355775788300,103298759,0.2649548053741455,0.2649553120136261,0.2649548053741455,0.2649553120136261
1785545355786787700,103315020,0.264970600605011,0.2649712860584259,0.264970600605011,0.2649712860584259
1785545355798484600,103329232,0.26497966051101685,0.2649803161621094,0.26497966051101685,0.2649803161621094
1785545355809577100,103345977,0.26498669385910034,0.2649872601032257,0.26498669385910034,0.2649872601032257
1785545355822114600,103345977,0.26498669385910034,0.2649872601032257,0.26498669385910034,0.2649872601032257
1785545355831673600,103365531,0.2659600079059601,0.26596060395240784,0.2659600079059601,0.26596060395240784
1785545355843768100,103365531,0.2659600079059601,0.26596060395240784,0.2659600079059601,0.26596060395240784
1785545355853494000,103382177,0.26812872290611267,0.2681286334991455,0.26812872290611267,0.2681286633014679
1785545355864940000,103396215,0.2715851664543152,0.271585077047348,0.2715851664543152,0.2715851068496704
1785545355875545000,103412537,0.2743151783943176,0.27431532740592957,0.2743151783943176,0.27431535720825195
1785545355886648600,103412537,0.2743151783943176,0.27431532740592957,0.2743151783943176,0.27431535720825195
1785545355897941400,103432310,0.28011554479599,0.28011584281921387,0.28011554479599,0.28011587262153625
1785545355909191700,103432310,0.28011554479599,0.28011584281921387,0.28011554479599,0.28011587262153625
1785545355920496200,103448294,0.28572893142700195,0.2857292890548706,0.28572890162467957,0.2857292890548706
1785545355931191200,103462593,0.2904662489891052,0.2904665172100067,0.2904662489891052,0.2904664874076843
1785545355942290600,103479429,0.2949064373970032,0.29490670561790466,0.29490646719932556,0.2949066758155823
1785545355951844900,103479429,0.2949064373970032,0.29490670561790466,0.29490646719932556,0.2949066758155823
1785545355962146000,103499363,0.28277844190597534,0.28277868032455444,0.28277844190597534,0.28277868032455444
1785545355973467000,103499363,0.28277844190597534,0.28277868032455444,0.28277844190597534,0.28277868032455444
1785545355985627500,103515428,0.2765427231788635,0.2765429615974426,0.2765427231788635,0.2765429615974426
1785545355995674800,103529328,0.2730124592781067,0.2730127274990082,0.2730124592781067,0.27301275730133057
1785545356005384700,103529328,0.2730124592781067,0.2730127274990082,0.2730124592781067,0.27301275730133057
1785545356016642800,103545941,0.27012893557548523,0.2701292037963867,0.27012890577316284,0.2701292037963867
1785545356027299900,103565532,0.2680809199810028,0.2680812478065491,0.2680809199810028,0.2680812478065491
1785545356037424400,103565532,0.2680809199810028,0.2680812478065491,0.2680809199810028,0.2680812478065491
1785545356048479700,103581620,0.26700061559677124,0.26700031757354736,0.26700061559677124,0.26700031757354736
1785545356059647200,103595927,0.26637357473373413,0.26637333631515503,0.26637357473373413,0.26637333631515503
1785545356070654700,103595927,0.26637357473373413,0.26637333631515503,0.26637357473373413,0.26637333631515503
1785545356082121600,103612560,0.2658793330192566,0.2658793032169342,0.2658793330192566,0.2658793032169342
1785545356093410800,103632121,0.26552891731262207,0.26552897691726685,0.26552891731262207,0.26552897691726685
1785545356104391800,103632121,0.26552891731262207,0.26552897691726685,0.26552891731262207,0.26552897691726685
1785545356116068000,103648288,0.26534268260002136,0.26534274220466614,0.26534268260002136,0.26534274220466614
1785545356125454700,103662592,0.26523539423942566,0.26523542404174805,0.26523539423942566,0.26523542404174805
1785545356135600900,103662592,0.26523539423942566,0.26523542404174805,0.26523539423942566,0.26523542404174805
1785545356146922600,103679251,0.26515066623687744,0.26515066623687744,0.26515066623687744,0.26515066623687744
1785545356158196700,103679251,0.26515066623687744,0.26515066623687744,0.26515066623687744,0.26515066623687744
1785545356169277500,103698783,0.265090674161911,0.265090674161911,0.265090674161911,0.265090674161911
1785545356180502600,103714929,0.2650587856769562,0.2650587856769562,0.2650587856769562,0.2650587856769562
1785545356191766800,103729235,0.2650403082370758,0.2650403380393982,0.2650403082370758,0.2650403380393982
1785545356202357400,103729235,0.2650403082370758,0.2650403380393982,0.2650403082370758,0.2650403380393982
1785545356214611500,103745972,0.2650262415409088,0.2650262415409088,0.2650262415409088,0.2650262415409088
1785545356224011400,103745972,0.2650262415409088,0.2650262415409088,0.2650262415409088,0.2650262415409088
1785545356235982900,103765494,0.26501578092575073,0.26501578092575073,0.26501578092575073,0.26501578092575073
1785545356247288900,103781914,0.26501014828681946,0.26501014828681946,0.26501014828681946,0.26501014828681946
1785545356257177300,103781914,0.26501014828681946,0.26501014828681946,0.26501014828681946,0.26501014828681946
1785545356266735800,103795948,0.26500701904296875,0.26500701904296875,0.26500701904296875,0.26500704884529114
1785545356277534200,103812579,0.2650044858455658,0.2650044858455658,0.2650044858455658,0.2650045156478882
1785545356288629400,103812579,0.2650044858455658,0.2650044858455658,0.2650044858455658,0.2650045156478882
1785545356300089300,103832095,0.2650027275085449,0.2650027275085449,0.2650027275085449,0.2650027275085449
1785545356311070700,103848203,0.2650017738342285,0.2650017738342285,0.2650017738342285,0.2650017738342285
1785545356321901600,103848203,0.2650017738342285,0.2650017738342285,0.2650017738342285,0.2650017738342285
1785545356331215300,103862581,0.26500120759010315,0.26500120759010315,0.26500120759010315,0.26500120759010315
1785545356343939400,103879328,0.2925197184085846,0.292519748210907,0.23748183250427246,0.23748183250427246
1785545356353346100,103879328,0.2925197184085846,0.292519748210907,0.23748183250427246,0.23748183250427246
1785545356364498600,103898831,0.3078475892543793,0.30784764885902405,0.22025027871131897,0.22025026381015778
1785545356375752500,103898831,0.3078475892543793,0.30784764885902405,0.22025027871131897,0.22025026381015778
1785545356388206500,103914938,0.3175755441188812,0.3175753653049469,0.20619402825832367,0.20619384944438934
1785545356397497900,103929282,0.30174556374549866,0.3017454147338867,0.2195173054933548,0.21951715648174286
1785545356408703100,103946016,0.31189367175102234,0.3118935525417328,0.20226243138313293,0.20226237177848816
1785545356418853900,103946016,0.31189367175102234,0.3118935525417328,0.20226243138313293,0.20226237177848816
1785545356430297900,103965522,0.26183056831359863,0.2618304491043091,0.23965461552143097,0.239654541015625
1785545356441650600,103965522,0.26183056831359863,0.2618304491043091,0.23965461552143097,0.239654541015625
1785545356451412400,103981753,0.2254754602909088,0.22547538578510284,0.26209476590156555,0.2620947062969208
1785545356461346700,103996067,0.20723822712898254,0.20723815262317657,0.26771441102027893,0.26771432161331177
1785545356472155600,103996067,0.20723822712898254,0.20723815262317657,0.26771441102027893,0.26771432161331177
1785545356483417600,104012658,0.21822942793369293,0.21822938323020935,0.24696289002895355,0.24696281552314758
1785545356494594100,104032208,0.19853922724723816,0.1985391527414322,0.25518548488616943,0.2551853656768799
1785545356504015900,104032208,0.19853922724723816,0.1985391527414322,0.25518548488616943,0.2551853656768799
1785545356515557000,104048385,0.20319673418998718,0.20319662988185883,0.2424745261669159,0.24247443675994873
1785545356524814800,104062588,0.2072468400001526,0.20724689960479736,0.23353415727615356,0.23353426158428192
1785545356535986100,104062588,0.2072468400001526,0.20724689960479736,0.23353415727615356,0.23353426158428192
1785545356547135900,104079219,0.23033569753170013,0.2303358018398285,0.24450083076953888,0.24450094997882843
1785545356557148100,104079219,0.23033569753170013,0.2303358018398285,0.24450083076953888,0.24450094997882843
1785545356568154600,104098783,0.24184446036815643,0.24184447526931763,0.2568604350090027,0.2568604648113251
1785545356578861900,104114932,0.24760541319847107,0.24760539829730988,0.2635394036769867,0.2635393738746643
1785545356591900100,104114932,0.24760541319847107,0.24760539829730988,0.2635394036769867,0.2635393738746643
1785545356602170000,104129227,0.24990211427211761,0.24990211427211761,0.2684250473976135,0.26842501759529114
1785545356611223700,104145904,0.2537965774536133,0.2537965774536133,0.2699772119522095,0.2699772119522095
1785545356621273600,104145904,0.2537965774536133,0.2537965774536133,0.2699772119522095,0.2699772119522095
1785545356632510200,104165429,0.2575969994068146,0.25759702920913696,0.2697288393974304,0.2697288393974304
1785545356642078300,104165429,0.2575969994068146,0.25759702920913696,0.2697288393974304,0.2697288393974304
1785545356653283600,104182133,0.25880616903305054,0.25880616903305054,0.2702654004096985,0.2702654004096985
1785545356664693500,104195957,0.25975263118743896,0.2597526013851166,0.2701997756958008,0.2701997756958008
1785545356675547900,104212580,0.25924068689346313,0.25924068689346313,0.271430641412735,0.271430641412735
1785545356686369700,104212580,0.25924068689346313,0.25924068689346313,0.271430641412735,0.271430641412735
1785545356697570400,104232149,0.2598395347595215,0.2598395347595215,0.2712375521659851,0.2712375521659851
1785545356708750300,104232149,0.2598395347595215,0.2598395347595215,0.2712375521659851,0.2712375521659851
1785545356718872400,104248286,0.26042988896369934,0.26042988896369934,0.27079540491104126,0.27079540491104126
1785545356730301100,104262567,0.2619690001010895,0.2619690001010895,0.2692113220691681,0.2692113518714905
1785545356741356500,104279299,0.2621763348579407,0.2621763348579407,0.2689152956008911,0.2689152956008911
1785545356754060900,104279299,0.2621763348579407,0.2621763348579407,0.2689152956008911,0.2689152956008911
1785545356763743100,104298802,0.2618289589881897,0.2618289589881897,0.26915043592453003,0.26915043592453003
1785545356774966100,104298802,0.2618289589881897,0.2618289589881897,0.26915043592453003,0.26915043592453003
1785545356784166000,104315009,0.26185017824172974,0.26185017824172974,0.2690297067165375,0.2690297067165375
1785545356795682400,104329332,0.2614990472793579,0.2614990472793579,0.2693238854408264,0.2693238854408264
1785545356807073700,104329332,0.2614990472793579,0.2614990472793579,0.2693238854408264,0.2693238854408264
1785545356817154000,104345896,0.2634223401546478,0.2634223401546478,0.26903700828552246,0.26903700828552246
1785545356830217700,104365476,0.2660231590270996,0.2660231590270996,0.2713572382926941,0.2713572382926941
1785545356840890400,104365476,0.2660231590270996,0.2660231590270996,0.2713572382926941,0.2713572382926941
1785545356851117300,104381557,0.2694931924343109,0.2694931924343109,0.27561262249946594,0.27561262249946594
1785545356862373200,104396053,0.24970395863056183,0.24970395863056183,0.3059196472167969,0.3059196472167969
1785545356873436700,104396053,0.24970395863056183,0.24970395863056183,0.3059196472167969,0.3059196472167969
1785545356882783700,104412629,0.2592862844467163,0.2592862844467163,0.3043595552444458,0.3043595850467682
1785545356893828800,104432029,0.2505170702934265,0.2505170702934265,0.32705703377723694,0.32705703377723694
1785545356907009500,104432029,0.2505170702934265,0.2505170702934265,0.32705703377723694,0.32705703377723694
1785545356916198500,104448431,0.24335606396198273,0.24335604906082153,0.34883418679237366,0.34883415699005127
1785545356927445300,104462550,0.24090224504470825,0.24090227484703064,0.3656633496284485,0.3656633794307709
1785545356939081900,104462550,0.24090224504470825,0.24090227484703064,0.3656633496284485,0.3656633794307709
1785545356950026300,104479218,0.27048298716545105,0.2704830467700958,0.35482361912727356,0.35482361912727356
1785545356961209500,104498790,0.29458126425743103,0.2945812940597534,0.35189446806907654,0.35189443826675415
1785545356973557900,104498790,0.29458126425743103,0.2945812940597534,0.35189446806907654,0.35189443826675415
1785545356983195800,104515139,0.30774787068367004,0.30774790048599243,0.35714998841285706,0.35714995861053467
1785545356994393200,104529218,0.3073611557483673,0.3073611259460449,0.3678627908229828,0.3678627610206604
1785545357004197900,104529218,0.3073611557483673,0.3073611259460449,0.3678627908229828,0.3678627610206604
1785545357015512400,104545963,0.3243209421634674,0.324320912361145,0.366054505109787,0.3660545349121094
1785545357026452100,104545963,0.3243209421634674,0.324320912361145,0.366054505109787,0.3660545349121094
1785545357037617800,104565435,0.3339930772781372,0.3339930772781372,0.37545880675315857,0.37545883655548096
1785545357050583100,104581585,0.3387818932533264,0.3387818932533264,0.38791605830192566,0.38791605830192566
1785545357060690200,104595882,0.35628741979599,0.35628741979599,0.3866555094718933,0.3866555094718933
1785545357072213300,104595882,0.35628741979599,0.35628741979599,0.3866555094718933,0.3866555094718933
1785545357082711200,104612647,0.3596876859664917,0.3596876859664917,0.3956710696220398,0.3956710696220398
1785545357093832600,104632150,0.36958467960357666,0.36958470940589905,0.4030117690563202,0.4030117988586426
1785545357105176700,104632150,0.36958467960357666,0.36958470940589905,0.4030117690563202,0.4030117988586426
1785545357115915700,104648285,0.37943801283836365,0.37943804264068604,0.4092969596385956,0.4092969298362732
1785545357127292000,104662581,0.3932325839996338,0.3932326138019562,0.4110850989818573,0.4110850691795349
1785545357138979300,104662581,0.3932325839996338,0.3932326138019562,0.4110850989818573,0.4110850691795349
1785545357149630500,104679233,0.4022889733314514,0.4022889733314514,0.4215235710144043,0.4215235412120819
1785545357160506500,104698817,0.41147947311401367,0.41147947311401367,0.43415313959121704,0.43415313959121704
1785545357171782600,104698817,0.41147947311401367,0.41147947311401367,0.43415313959121704,0.43415313959121704
1785545357183754000,104715290,0.4222918450832367,0.4222918152809143,0.442219614982605,0.44221964478492737
1785545357193967200,104729470,0.42679089307785034,0.42679086327552795,0.44823983311653137,0.44823986291885376
1785545357205492100,104729470,0.42679089307785034,0.42679086327552795,0.44823983311653137,0.44823986291885376
1785545357216405500,104745864,0.43694648146629333,0.43694645166397095,0.45362913608551025,0.45362919569015503
1785545357227585400,104765461,0.44859325885772705,0.44859322905540466,0.4610721468925476,0.4610721468925476
1785545357237741600,104765461,0.44859325885772705,0.44859322905540466,0.4610721468925476,0.4610721468925476
1785545357248628600,104781947,0.4571262300014496,0.4571262300014496,0.4700601100921631,0.4700600802898407
1785545357261353800,104795903,0.46562957763671875,0.46562960743904114,0.477322518825531,0.477322518825531
1785545357270613400,104795903,0.46562957763671875,0.46562960743904114,0.477322518825531,0.477322518825531
1785545357280978900,104813107,0.4708952009677887,0.4708952009677887,0.48481106758117676,0.48481103777885437
1785545357292230900,104813107,0.4708952009677887,0.4708952009677887,0.48481106758117676,0.48481103777885437
1785545357304961800,104832823,0.4807093143463135,0.48070934414863586,0.4922589957714081,0.4922589957714081
1785545357314615200,104848387,0.48914971947669983,0.48914968967437744,0.4993184804916382,0.4993184804916382
1785545357323907800,104862575,0.49907463788986206,0.4990745782852173,0.5049029588699341,0.5049028992652893
1785545357335289200,104862575,0.49907463788986206,0.4990745782852173,0.5049029588699341,0.5049028992652893
1785545357346518200,104879231,0.50838702917099,0.50838702917099,0.5152146816253662,0.5152146816253662
1785545357357381500,104879231,0.50838702917099,0.50838702917099,0.5152146816253662,0.5152146816253662
1785545357370210100,104899093,0.518728494644165,0.5187283158302307,0.5268303155899048,0.5268301963806152
1785545357379420700,104915059,0.5488043427467346,0.5488044023513794,0.5135056376457214,0.513505756855011
1785545357390331400,104915059,0.5488043427467346,0.5488044023513794,0.5135056376457214,0.513505756855011
1785545357400093000,104929230,0.5434539914131165,0.5434540510177612,0.5286713242530823,0.528671383857727
1785545357411033300,104945979,0.5633276104927063,0.5633275508880615,0.5199127197265625,0.519912600517273
1785545357422130600,104945979,0.5633276104927063,0.5633275508880615,0.5199127197265625,0.519912600517273
1785545357433389300,104965643,0.5756517052650452,0.5756516456604004,0.5180503726005554,0.5180502533912659
1785545357444901500,104981775,0.5849979519844055,0.5849979519844055,0.5145583152770996,0.5145582556724548
1785545357456138700,104981775,0.5849979519844055,0.5849979519844055,0.5145583152770996,0.5145582556724548
1785545357469073500,104995920,0.4797601103782654,0.44530102610588074,0.6014679074287415,0.46532538533210754
1785545357479061300,105012625,0.41505566239356995,0.35700523853302,0.7449190616607666,0.4058167040348053
1785545357489041000,105012625,0.41505566239356995,0.35700523853302,0.7449190616607666,0.4058167040348053
1785545357500346100,105032138,0.3691588044166565,0.2943743169307709,0.8466734290122986,0.36360540986061096
1785545357511228500,105048584,0.3090428411960602,0.2968602478504181,0.9015470147132874,0.35544243454933167
1785545357522561600,105048584,0.3090428411960602,0.2968602478504181,0.9015470147132874,0.35544243454933167
1785545357532235300,105062525,0.27020013332366943,0.34465867280960083,0.8380917310714722,0.3139340877532959
1785545357543690200,105079287,0.30505916476249695,0.46348148584365845,0.5675809979438782,0.28791698813438416
1785545357554481100,105079287,0.30505916476249695,0.46348148584365845,0.5675809979438782,0.28791698813438416
1785545357565337300,105098939,0.3683081865310669,0.40373170375823975,0.408390074968338,0.31967732310295105
1785545357576279800,105114953,0.3896523416042328,0.30546680092811584,0.3597620129585266,0.3543943762779236
1785545357587363800,105114953,0.3896523416042328,0.30546680092811584,0.3597620129585266,0.3543943762779236
1785545357599682500,105129204,0.3921460807323456,0.23971222341060638,0.3612595796585083,0.36340928077697754
1785545357609173300,105145939,0.36904895305633545,0.2316078245639801,0.3478287160396576,0.35117611289024353
1785545357620386500,105145939,0.36904895305633545,0.2316078245639801,0.3478287160396576,0.35117611289024353
1785545357631464200,105165690,0.336670458316803,0.24718795716762543,0.3453826606273651,0.3185141086578369
1785545357641166200,105165690,0.336670458316803,0.24718795716762543,0.3453826606273651,0.3185141086578369
1785545357651521500,105182144,0.3335062265396118,0.24457722902297974,0.36018747091293335,0.2686797082424164
1785545357661615600,105195904,0.33809956908226013,0.23240548372268677,0.37382936477661133,0.23530665040016174
1785545357672447500,105195904,0.33809956908226013,0.23240548372268677,0.37382936477661133,0.23530665040016174
1785545357683467500,105212600,0.32139599323272705,0.2349017709493637,0.3640197217464447,0.23736287653446198
1785545357694707100,105232051,0.32929274439811707,0.2192554622888565,0.3613063097000122,0.22632534801959991
1785545357704311100,105232051,0.32929274439811707,0.2192554622888565,0.3613063097000122,0.22632534801959991
1785545357715852500,105248245,0.3254168629646301,0.21740254759788513,0.34662094712257385,0.23164233565330505
1785545357725259000,105262525,0.32325348258018494,0.21463119983673096,0.3374985158443451,0.23351795971393585
1785545357736768700,105262525,0.32325348258018494,0.21463119983673096,0.3374985158443451,0.23351795971393585
1785545357747792800,105279270,0.323640912771225,0.21171385049819946,0.33003607392311096,0.2283146232366562
1785545357758739800,105279270,0.323640912771225,0.21171385049819946,0.33003607392311096,0.2283146232366562
1785545357769665200,105298709,0.31757596135139465,0.21123293042182922,0.32501673698425293,0.22727981209754944
1785545357780697900,105314936,0.30807650089263916,0.21751442551612854,0.31735092401504517,0.23092180490493774
1785545357791885400,105329177,0.3087562322616577,0.21350161731243134,0.3211604356765747,0.22630120813846588
1785545357803641900,105329177,0.3087562322616577,0.21350161731243134,0.3211604356765747,0.22630120813846588
1785545357813440400,105345848,0.30208104848861694,0.22154581546783447,0.31305110454559326,0.2302263379096985
1785545357823625000,105345848,0.30208104848861694,0.22154581546783447,0.31305110454559326,0.2302263379096985
1785545357834915200,105365395,0.2944711744785309,0.2333834171295166,0.30187052488327026,0.2381676435470581
1785545357844267300,105381562,0.29429489374160767,0.23619040846824646,0.29996418952941895,0.2402130365371704
1785545357855773600,105381562,0.29429489374160767,0.23619040846824646,0.29996418952941895,0.2402130365371704
1785545357865365100,105395857,0.2940567433834076,0.23898252844810486,0.29878368973731995,0.2431465983390808
1785545357876563700,105412581,0.2993624210357666,0.23459762334823608,0.3043918311595917,0.24001391232013702
1785545357887558500,105412581,0.2993624210357666,0.23459762334823608,0.3043918311595917,0.24001391232013702
1785545357898995200,105432077,0.2982923984527588,0.23901501297950745,0.3025414049625397,0.2439892590045929
1785545357909926900,105448317,0.2967391014099121,0.2444460391998291,0.2999018728733063,0.24818193912506104
1785545357920594400,105448317,0.2967391014099121,0.2444460391998291,0.2999018728733063,0.24818193912506104
1785545357931860800,105462535,0.2953266203403473,0.24959757924079895,0.2978142499923706,0.2523769736289978
1785545357941863800,105479337,0.2915354073047638,0.26082298159599304,0.29267627000808716,0.2619556486606598
1785545357952699300,105479337,0.2915354073047638,0.26082298159599304,0.29267627000808716,0.2619556486606598
1785545357963944000,105499095,0.29555243253707886,0.2633034586906433,0.2964853346347809,0.2640469968318939
1785545357974957800,105499095,0.29555243253707886,0.2633034586906433,0.2964853346347809,0.2640469968318939
1785545357985772900,105515203,0.298147052526474,0.26573240756988525,0.2989923655986786,0.2663858234882355
1785545357997484100,105529222,0.30162057280540466,0.2647961676120758,0.30269408226013184,0.26574409008026123
1785545358008724000,105545844,0.3009326756000519,0.27016183733940125,0.30144229531288147,0.27063989639282227
1785545358020549500,105545844,0.3009326756000519,0.27016183733940125,0.30144229531288147,0.27063989639282227
1785545358030065500,105565384,0.30004069209098816,0.2777068316936493,0.29994648694992065,0.27765151858329773
1785545358041287500,105565384,0.30004069209098816,0.2777068316936493,0.29994648694992065,0.27765151858329773
1785545358051611200,105581619,0.3016814887523651,0.2811585068702698,0.301276296377182,0.28080910444259644
1785545358062929800,105595849,0.3031183183193207,0.2840365171432495,0.3026500344276428,0.28361251950263977
1785545358074071500,105595849,0.3031183183193207,0.2840365171432495,0.3026500344276428,0.28361251950263977
1785545358084674000,105612587,0.3065249025821686,0.2838866710662842,0.3060774803161621,0.2834582030773163
1785545358095304900,105632079,0.30734074115753174,0.2872065007686615,0.3066628575325012,0.286522775888443
1785545358106527500,105632079,0.30734074115753174,0.2872065007686615,0.3066628575325012,0.286522775888443
1785545358119190000,105648231,0.3076569437980652,0.2902255952358246,0.3067777752876282,0.28933119773864746
1785545358128588400,105662641,0.30661681294441223,0.2954658269882202,0.3056964576244354,0.2945310175418854
1785545358139121400,105662641,0.30661681294441223,0.2954658269882202,0.3056964576244354,0.2945310175418854
1785545358150158200,105679243,0.30852916836738586,0.2978883385658264,0.30758097767829895,0.29693201184272766
1785545358161292800,105698838,0.31123363971710205,0.2995404303073883,0.3101581931114197,0.2984648048877716
1785545358170923000,105698838,0.31123363971710205,0.2995404303073883,0.3101581931114197,0.2984648048877716
1785545358184099700,105714855,0.3125459849834442,0.3014940619468689,0.3113876283168793,0.30033934116363525
1785545358193646200,105729285,0.31398317217826843,0.3019832670688629,0.3127465844154358,0.3007509410381317
1785545358205209800,105729285,0.31398317217826843,0.3019832670688629,0.3127465844154358,0.3007509410381317
1785545358216240000,105745845,0.31412243843078613,0.30434101819992065,0.31286951899528503,0.3030911087989807
1785545358227395900,105765513,0.31432923674583435,0.30744144320487976,0.313186913728714,0.3062998652458191
1785545358237534400,105765513,0.31432923674583435,0.30744144320487976,0.313186913728714,0.3062998652458191
1785545358248589200,105781504,0.3153333365917206,0.30904319882392883,0.3141452670097351,0.30785444378852844
1785545358261207700,105795940,0.3162400722503662,0.3103262782096863,0.31506776809692383,0.3091528117656708
1785545358272070000,105795940,0.3162400722503662,0.3103262782096863,0.31506776809692383,0.3091528117656708
1785545358281724200,105812596,0.31769731640815735,0.31068167090415955,0.3163912296295166,0.3093745708465576
1785545358291313100,105812596,0.31769731640815735,0.31068167090415955,0.3163912296295166,0.3093745708465576
1785545358302524100,105832157,0.3182494640350342,0.31205761432647705,0.31691861152648926,0.3107263445854187
1785545358313587800,105848209,0.3185058832168579,0.3132571876049042,0.3171931505203247,0.31194451451301575
1785545358324570300,105862504,0.3187602162361145,0.3142493963241577,0.3175150752067566,0.3130045235157013
1785545358335685000,105862504,0.3187602162361145,0.3142493963241577,0.3175150752067566,0.3130045235157013
1785545358346878100,105879262,0.31876295804977417,0.3161183297634125,0.31773626804351807,0.3150918781757355
1785545358358281600,105879262,0.31876295804977417,0.3161183297634125,0.31773626804351807,0.3150918781757355
1785545358371025500,105898799,0.3199859857559204,0.31687426567077637,0.3188796043395996,0.3157680332660675
1785545358382400900,105915162,0.320671021938324,0.3175886571407318,0.3195246756076813,0.3164423704147339
1785545358392052000,105929162,0.32130059599876404,0.31785112619400024,0.3200538456439972,0.3166043758392334
1785545358403645000,105929162,0.32130059599876404,0.31785112619400024,0.3200538456439972,0.3166043758392334
1785545358414675600,105945924,0.3214176893234253,0.3186487853527069,0.32025256752967834,0.3174836039543152
1785545358425634300,105945924,0.3214176893234253,0.3186487853527069,0.32025256752967834,0.3174836039543152
1785545358437139000,105965356,0.3214985728263855,0.31965211033821106,0.3205212354660034,0.3186747133731842
1785545358448616500,105981680,0.32184934616088867,0.3202252686023712,0.32087886333465576,0.3192547559738159
1785545358460054400,105996006,0.3221777677536011,0.3206471800804138,0.3212304413318634,0.31969982385635376
1785545358471072200,105996006,0.3221777677536011,0.3206471800804138,0.3212304413318634,0.31969982385635376
1785545358482093600,106012594,0.3226742446422577,0.3208705186843872,0.32160457968711853,0.31980082392692566
1785545358494930200,106032125,0.3227851688861847,0.3211698830127716,0.32176724076271057,0.3201519548892975
1785545358504218600,106032237,0.32286664843559265,0.3212760388851166,0.32183924317359924,0.32024863362312317
1785545358515702900,106048251,0.3229307532310486,0.32163581252098083,0.321954607963562,0.32065969705581665
1785545358524955900,106062578,0.29794177412986755,0.3469764292240143,0.2970292568206787,0.3460639715194702
1785545358536354000,106062578,0.29794177412986755,0.3469764292240143,0.2970292568206787,0.3460639715194702
1785545358547415700,106079228,0.28046107292175293,0.36487945914268494,0.27973663806915283,0.36415496468544006
1785545358557259500,106079228,0.28046107292175293,0.36487945914268494,0.27973663806915283,0.36415496468544006
1785545358568704000,106098672,0.2733753025531769,0.37179598212242126,0.2726172208786011,0.37103787064552307
1785545358580092000,106114868,0.2664099931716919,0.376618355512619,0.2656260132789612,0.3758343458175659
1785545358589623200,106114868,0.2664099931716919,0.376618355512619,0.2656260132789612,0.3758343458175659
1785545358600588400,106129141,0.2795508801937103,0.36230263113975525,0.2786892056465149,0.3614409565925598
1785545358611920200,106145807,0.2880232334136963,0.3436181843280792,0.28734180331230164,0.3429367244243622
1785545358622408700,106145807,0.2880232334136963,0.3436181843280792,0.28734180331230164,0.3429367244243622
1785545358633595400,106165542,0.2826096713542938,0.33746448159217834,0.2819361984729767,0.3367910087108612
1785545358643667700,106181599,0.2736775577068329,0.3404487371444702,0.2729012370109558,0.3396724462509155
1785545358656397200,106181599,0.2736775577068329,0.3404487371444702,0.2729012370109558,0.3396724462509155
1785545358666069300,106195840,0.2784268260002136,0.32546401023864746,0.27781277894973755,0.3248499631881714
1785545358677203700,106212668,0.27120280265808105,0.32498931884765625,0.27054983377456665,0.32433634996414185
1785545358688081600,106212668,0.27120280265808105,0.32498931884765625,0.27054983377456665,0.32433634996414185
1785545358700580400,106232410,0.23665127158164978,0.34885072708129883,0.29813531041145325,0.2899166941642761
1785545358710189800,106248692,0.20367185771465302,0.37153875827789307,0.3279341459274292,0.2572806775569916
1785545358721142600,106248692,0.20367185771465302,0.37153875827789307,0.3279341459274292,0.2572806775569916
1785545358732220000,106262506,0.18016009032726288,0.38649478554725647,0.35052618384361267,0.23261456191539764
1785545358743709200,106279226,0.16955608129501343,0.38882359862327576,0.3658915162086487,0.21022333204746246
1785545358754492400,106279226,0.16955608129501343,0.38882359862327576,0.3658915162086487,0.21022333204746246
1785545358765545600,106298728,0.19011904299259186,0.36414286494255066,0.33548352122306824,0.2310297042131424
1785545358777231300,106314873,0.2174377590417862,0.3358444571495056,0.3035539984703064,0.2545810341835022
1785545358788173800,106314873,0.2174377590417862,0.3358444571495056,0.3035539984703064,0.2545810341835022
1785545358799612900,106329153,0.23198498785495758,0.3201400339603424,0.2824828326702118,0.2714272439479828
1785545358810598800,106345866,0.24640986323356628,0.3081420660018921,0.27594637870788574,0.2681282162666321
1785545358822097200,106345866,0.24640986323356628,0.3081420660018921,0.27594637870788574,0.2681282162666321
1785545358833271400,106365360,0.24341225624084473,0.30966541171073914,0.27782338857650757,0.2609812617301941
1785545358844594500,106381554,0.2355455607175827,0.31471604108810425,0.2846302092075348,0.25227153301239014
1785545358857378500,106381554,0.2355455607175827,0.31471604108810425,0.2846302092075348,0.25227153301239014
1785545358868716500,106395824,0.22981227934360504,0.3178790509700775,0.2908863425254822,0.24491415917873383
1785545358878674000,106412530,0.2230256199836731,0.3217867910861969,0.2928246557712555,0.24303963780403137
1785545358889598400,106412530,0.2230256199836731,0.3217867910861969,0.2928246557712555,0.24303963780403137
1785545358900635900,106431970,0.22296805679798126,0.32025521993637085,0.2937989830970764,0.24070638418197632
1785545358911945100,106448153,0.22558367252349854,0.31712839007377625,0.29281216859817505,0.24005752801895142
1785545358921931800,106448153,0.22558367252349854,0.31712839007377625,0.29281216859817505,0.24005752801895142
1785545358932943600,106462496,0.22848568856716156,0.3139699697494507,0.29170531034469604,0.23963677883148193
1785545358944315800,106479153,0.23323802649974823,0.3088752329349518,0.2926290035247803,0.23656785488128662
1785545358955547500,106479153,0.23323802649974823,0.3088752329349518,0.2926290035247803,0.23656785488128662
1785545358966221100,106498736,0.2324666827917099,0.3088397681713104,0.2905694544315338,0.23728863894939423
1785545358977305800,106514903,0.23172208666801453,0.3085889220237732,0.29057928919792175,0.23682178556919098
1785545358988225700,106514903,0.23172208666801453,0.3085889220237732,0.29057928919792175,0.23682178556919098
1785545358999557800,106529151,0.23008258640766144,0.3096073269844055,0.29002290964126587,0.23716428875923157
1785545359011973100,106546019,0.23038102686405182,0.30849841237068176,0.29158979654312134,0.23546969890594482
1785545359021872600,106546019,0.23038102686405182,0.30849841237068176,0.29158979654312134,0.23546969890594482
1785545359031395600,106565572,0.2612179219722748,0.2775037884712219,0.2620912790298462,0.2641814649105072
1785545359042659700,106565572,0.2612179219722748,0.2775037884712219,0.2620912790298462,0.2641814649105072
1785545359053651600,106581946,0.2921557128429413,0.2462870478630066,0.2337091714143753,0.29199379682540894
1785545359065172700,106595849,0.31322360038757324,0.2250932902097702,0.21263940632343292,0.312572717666626
1785545359076440100,106612773,0.296376496553421,0.24237185716629028,0.22693905234336853,0.2973480522632599
1785545359085961600,106612773,0.296376496553421,0.24237185716629028,0.22693905234336853,0.2973480522632599
1785545359097310900,106632189,0.2930828928947449,0.2450883984565735,0.23043538630008698,0.29393744468688965
1785545359106914000,106632189,0.2930828928947449,0.2450883984565735,0.23043538630008698,0.29393744468688965
1785545359118009500,106648649,0.2816534638404846,0.25566694140434265,0.24279189109802246,0.282087117433548
1785545359131049600,106662493,0.27048736810684204,0.2648696303367615,0.25610873103141785,0.2703979015350342
1785545359140642700,106679251,0.2608218491077423,0.27355095744132996,0.2663634121417999,0.26079684495925903
1785545359152290400,106679251,0.2608218491077423,0.27355095744132996,0.2663634121417999,0.26079684495925903
1785545359162018900,106698775,0.2570382356643677,0.27723023295402527,0.2697550058364868,0.2572120428085327
1785545359173199400,106698775,0.2570382356643677,0.27723023295402527,0.2697550058364868,0.2572120428085327
1785545359184268800,106714879,0.2587805688381195,0.27531376481056213,0.2679583430290222,0.25898128747940063
1785545359195788300,106729140,0.26196348667144775,0.2725021243095398,0.26430946588516235,0.2621423006057739
1785545359205444300,106729140,0.26196348667144775,0.2725021243095398,0.26430946588516235,0.2621423006057739
1785545359216150200,106745885,0.2653297185897827,0.268632709980011,0.26142317056655884,0.26540085673332214
1785545359227456100,106765315,0.26734885573387146,0.26561325788497925,0.2604310214519501,0.26723745465278625
1785545359240546300,106765315,0.26734885573387146,0.26561325788497925,0.2604310214519501,0.26723745465278625
1785545359250153500,106781562,0.2673782706260681,0.26534175872802734,0.2606125473976135,0.2671911120414734
1785545359261102700,106795803,0.2665967047214508,0.265970915555954,0.26147037744522095,0.26640450954437256
1785545359272209700,106795803,0.2665967047214508,0.265970915555954,0.26147037744522095,0.26640450954437256
1785545359283418400,106812554,0.26552340388298035,0.26737985014915466,0.26213976740837097,0.26533713936805725
1785545359294487100,106812554,0.26552340388298035,0.26737985014915466,0.26213976740837097,0.26533713936805725
1785545359304031000,106832036,0.26471763849258423,0.26796823740005493,0.26314324140548706,0.2644879221916199
1785545359314770800,106848143,0.2645462453365326,0.26784422993659973,0.2636066675186157,0.2642756402492523
1785545359325829100,106862462,0.2646854519844055,0.2674260437488556,0.2637195289134979,0.26440614461898804
1785545359339071500,106862462,0.2646854519844055,0.2674260437488556,0.2637195289134979,0.26440614461898804
1785545359348584700,106879181,0.26496562361717224,0.26650819182395935,0.26401299238204956,0.26470425724983215
1785545359359663400,106879181,0.26496562361717224,0.26650819182395935,0.26401299238204956,0.26470425724983215
1785545359370609200,106898671,0.2652590572834015,0.26618510484695435,0.2637377977371216,0.26496803760528564
1785545359382176400,106914786,0.2653670012950897,0.26610568165779114,0.26359450817108154,0.2650555372238159
1785545359393336900,106929126,0.2653650939464569,0.26630884408950806,0.26340651512145996,0.2650264501571655
1785545359404560600,106929126,0.2653650939464569,0.26630884408950806,0.26340651512145996,0.2650264501571655
1785545359415614100,106945791,0.2652854323387146,0.26618432998657227,0.2636696398258209,0.2649499475955963
1785545359426998800,106965294,0.26518532633781433,0.2660977840423584,0.26393285393714905,0.26485714316368103
1785545359437161700,106965294,0.26518532633781433,0.2660977840423584,0.26393285393714905,0.26485714316368103
1785545359448218800,106981608,0.26511895656585693,0.2658180296421051,0.2642969787120819,0.26482516527175903
1785545359459711600,106995800,0.2651020586490631,0.2657322287559509,0.2643924951553345,0.26482218503952026
1785545359472381000,106995800,0.2651020586490631,0.2657322287559509,0.2643924951553345,0.26482218503952026
1785545359481688800,107012521,0.26513752341270447,0.26587069034576416,0.26421919465065,0.26481369137763977
1785545359492779600,107012521,0.26513752341270447,0.26587069034576416,0.26421919465065,0.26481369137763977
1785545359505630700,107031997,0.2651667892932892,0.26580074429512024,0.2642323076725006,0.26483353972435
1785545359514307400,107048223,0.265178382396698,0.2656886875629425,0.26430952548980713,0.26485148072242737
1785545359525559000,107062454,0.26439720392227173,0.2646986246109009,0.26378387212753296,0.264138400554657
1785545359535641300,107062454,0.26439720392227173,0.2646986246109009,0.26378387212753296,0.264138400554657
1785545359546947800,107079225,0.262159526348114,0.2624116837978363,0.2616177797317505,0.26191508769989014
1785545359556982900,107079225,0.262159526348114,0.2624116837978363,0.2616177797317505,0.26191508769989014
1785545359568190200,107098650,0.2576950192451477,0.25797533988952637,0.257127970457077,0.2574264705181122
1785545359579231700,107114753,0.2553287446498871,0.2556796073913574,0.2546629011631012,0.25501129031181335
1785545359590298200,107114753,0.2553287446498871,0.2556796073913574,0.2546629011631012,0.25501129031181335
1785545359600452900,107129112,0.25086456537246704,0.2511790096759796,0.2502596974372864,0.25056204199790955
1785545359611600300,107145885,0.24398574233055115,0.24422763288021088,0.24348574876785278,0.2437143474817276
1785545359621026600,107145885,0.24398574233055115,0.24422763288021088,0.24348574876785278,0.2437143474817276
1785545359632324600,107165290,0.23490338027477264,0.2350919097661972,0.23445887863636017,0.23463986814022064
1785545359643768300,107181448,0.22651790082454681,0.22663436830043793,0.22617468237876892,0.22628960013389587
1785545359654875100,107181448,0.22651790082454681,0.22663436830043793,0.22617468237876892,0.22628960013389587
1785545359664316300,107195801,0.21852067112922668,0.21861954033374786,0.21820123493671417,0.21830213069915771
1785545359675873100,107212449,0.21227054297924042,0.21239598095417023,0.21188203990459442,0.21201114356517792
1785545359685400500,107212449,0.21227054297924042,0.21239598095417023,0.21188203990459442,0.21201114356517792
1785545359695482700,107231928,0.20386454463005066,0.20398660004138947,0.2034735083580017,0.2035982459783554
1785545359706418400,107231928,0.20386454463005066,0.20398660004138947,0.2034735083580017,0.2035982459783554
1785545359717512100,107248136,0.19589786231517792,0.19599482417106628,0.19553960859775543,0.19563762843608856
1785545359728834400,107262487,0.1881229430437088,0.18817558884620667,0.1878596693277359,0.18791215121746063
1785545359740635100,107262487,0.1881229430437088,0.18817558884620667,0.1878596693277359,0.18791215121746063
1785545359751802100,107279124,0.1783750206232071,0.178401917219162,0.17815683782100677,0.17818284034729004
1785545359761857000,107298737,0.167511984705925,0.16754136979579926,0.16727431118488312,0.16730286180973053
1785545359771276900,107298737,0.167511984705925,0.16754136979579926,0.16727431118488312,0.16730286180973053
1785545359781757700,107314863,0.15830400586128235,0.1583261638879776,0.15806671977043152,0.15808844566345215
1785545359794120800,107329095,0.15299692749977112,0.1530206799507141,0.15273718535900116,0.1527608335018158
1785545359804164700,107329095,0.15299692749977112,0.1530206799507141,0.15273718535900116,0.1527608335018158
1785545359815854500,107345780,0.14514224231243134,0.1451447308063507,0.14493849873542786,0.14494116604328156
1785545359825486900,107345780,0.14514224231243134,0.1451447308063507,0.14493849873542786,0.14494116604328156
1785545359836587400,107365299,0.1355619728565216,0.13555395603179932,0.13537846505641937,0.13537070155143738
1785545359847720000,107381687,0.12681104242801666,0.12679284811019897,0.12664231657981873,0.12662430107593536
1785545359858817600,107395785,0.11889684945344925,0.11887374520301819,0.11874131858348846,0.11871829628944397
1785545359871679200,107395785,0.11889684945344925,0.11887374520301819,0.11874131858348846,0.11871829628944397
1785545359881447400,107412427,0.11252798140048981,0.1124991625547409,0.11236338317394257,0.11233453452587128
1785545359890927400,107412427,0.11252798140048981,0.1124991625547409,0.11236338317394257,0.11233453452587128
1785545359903932500,107431988,0.1039682999253273,0.10393403470516205,0.10380925238132477,0.10377492755651474
1785545359913551900,107448190,0.09593309462070465,0.09589123725891113,0.09578695893287659,0.0957450419664383
1785545359925001700,107462441,0.08820793032646179,0.0881619080901146,0.0880759134888649,0.08802986145019531
1785545359935849700,107462441,0.08820793032646179,0.0881619080901146,0.0880759134888649,0.08802986145019531
1785545359946971300,107479075,0.07846434414386749,0.07841537147760391,0.07837014645338058,0.07832115888595581
1785545359957112000,107479075,0.07846434414386749,0.07841537147760391,0.07837014645338058,0.07832115888595581
1785545359970093000,107498712,0.06756402552127838,0.0675119087100029,0.06747756153345108,0.0674254521727562
1785545359981688900,107514828,0.06139010563492775,0.0613563098013401,0.0613340362906456,0.06130024790763855
1785545359991274900,107529109,0.05783044546842575,0.057807210832834244,0.057791899889707565,0.05776866897940636
1785545360000856500,107529109,0.05783044546842575,0.057807210832834244,0.057791899889707565,0.05776866897940636
1785545360011983000,107545846,0.055097322911024094,0.05508219823241234,0.05507223680615425,0.055057112127542496
1785545360021820000,107545846,0.055097322911024094,0.05508219823241234,0.05507223680615425,0.055057112127542496
1785545360032846900,107565420,0.05306738615036011,0.053058281540870667,0.05305228754878044,0.0530431903898716
1785545360043755300,107581532,0.05198940634727478,0.05198350548744202,0.05197961628437042,0.05197371542453766
1785545360054710000,107581532,0.05198940634727478,0.05198350548744202,0.05197961628437042,0.05197371542453766
1785545360065961300,107595772,0.05136484280228615,0.05136079341173172,0.05135812237858772,0.05135407671332359
1785545360077248100,107612427,0.05087358504533768,0.050870999693870544,0.05086928978562355,0.05086669698357582
1785545360088457200,107612427,0.05087358504533768,0.050870999693870544,0.05086928978562355,0.05086669698357582
1785545360099948500,107632057,0.050525858998298645,0.05052430182695389,0.05052327737212181,0.05052171275019646
1785545360110945400,107648537,0.05033671855926514,0.05033572390675545,0.05033506825566292,0.05033406615257263
1785545360122083100,107648537,0.05033671855926514,0.05033572390675545,0.05033506825566292,0.05033406615257263
1785545360131753700,107662553,0.050233595073223114,0.0502329058945179,0.05023244768381119,0.050231751054525375
1785545360141972200,107679071,0.05014965310692787,0.05014921352267265,0.050148919224739075,0.05014847218990326
1785545360154797000,107679071,0.05014965310692787,0.05014921352267265,0.050148919224739075,0.05014847218990326
1785545360164170300,107698746,0.05009009689092636,0.05008982867002487,0.050089653581380844,0.050089381635189056
1785545360174825500,107698746,0.05009009689092636,0.05008982867002487,0.050089653581380844,0.050089381635189056
1785545360187265100,107714946,0.0500582754611969,0.05005810409784317,0.050057992339134216,0.05005782097578049
1785545360197256100,107729099,0.05004006624221802,0.05003994703292847,0.0500398725271225,0.05003975331783295
1785545360208467500,107745777,0.05002564936876297,0.050025574862957,0.05002552270889282,0.05002544820308685
1785545360219892000,107745777,0.05002564936876297,0.050025574862957,0.05002552270889282,0.05002544820308685
1785545360230900000,107765360,0.0500154122710228,0.05001536011695862,0.05001533403992653,0.05001528933644295
1785545360242036000,107765360,0.0500154122710228,0.05001536011695862,0.05001533403992653,0.05001528933644295
1785545360253266300,107781552,0.05001000687479973,0.05000997707247734,0.05000995472073555,0.05000992864370346
1785545360264338200,107795768,0.14679336547851562,0.08825788646936417,0.14667490124702454,0.08813942968845367
1785545360275498100,107812431,0.20215848088264465,0.13912643492221832,0.20201772451400757,0.13898569345474243
1785545360286589900,107812431,0.20215848088264465,0.13912643492221832,0.20201772451400757,0.13898569345474243
1785545360297569900,107831962,0.2564544975757599,0.15993981063365936,0.25636962056159973,0.1598549336194992
1785545360308623100,107831962,0.2564544975757599,0.15993981063365936,0.25636962056159973,0.1598549336194992
1785545360320860800,107848131,0.2930166721343994,0.16338279843330383,0.2929741144180298,0.1633402556180954
1785545360330456000,107862413,0.31472161412239075,0.16474035382270813,0.31469735503196716,0.16471610963344574
1785545360340513100,107879167,0.30327749252319336,0.1940658986568451,0.3032681345939636,0.19405654072761536
1785545360351179300,107879167,0.30327749252319336,0.1940658986568451,0.3032681345939636,0.19405654072761536
1785545360362402800,107898642,0.29176709055900574,0.21927231550216675,0.29175665974617004,0.21926183998584747
1785545360371999100,107898642,0.29176709055900574,0.21927231550216675,0.29175665974617004,0.21926183998584747
1785545360383171700,107914723,0.288785457611084,0.23020826280117035,0.288772851228714,0.23019567131996155
1785545360394387700,107929086,0.2963830530643463,0.22724157571792603,0.2963668406009674,0.2272254228591919
1785545360405194200,107929086,0.2963830530643463,0.22724157571792603,0.2963668406009674,0.2272254228591919
1785545360415988400,107945737,0.2957230806350708,0.23268364369869232,0.29571104049682617,0.2326716184616089
1785545360427221200,107965280,0.2918155789375305,0.24235670268535614,0.29180988669395447,0.2423509806394577
1785545360437295100,107965280,0.2918155789375305,0.24235670268535614,0.29180988669395447,0.2423509806394577
1785545360449980600,107981800,0.2926071882247925,0.246038556098938,0.2926042377948761,0.246035635471344
1785545360461071000,107995767,0.29288193583488464,0.24960899353027344,0.2928796708583832,0.24960672855377197
1785545360470734300,107995767,0.29288193583488464,0.24960899353027344,0.2928796708583832,0.24960672855377197
1785545360481750500,108012415,0.2977074086666107,0.24792012572288513,0.2977047860622406,0.24791750311851501
1785545360492546500,108012415,0.2977074086666107,0.24792012572288513,0.2977047860622406,0.24791750311851501
1785545360503753100,108031986,0.2974252998828888,0.25198647379875183,0.29742366075515747,0.2519848048686981
1785545360514913600,108048514,0.2967156171798706,0.25593268871307373,0.2967159152030945,0.2559329569339752
1785545360524483500,108062430,0.29588520526885986,0.25979161262512207,0.29588645696640015,0.25979289412498474
1785545360535790700,108062430,0.29588520526885986,0.25979161262512207,0.29588645696640015,0.25979289412498474
1785545360547086100,108079172,0.2929401695728302,0.268437922000885,0.2929428517818451,0.2684406340122223
1785545360557307200,108079172,0.2929401695728302,0.268437922000885,0.2929428517818451,0.2684406340122223
1785545360568538100,108098635,0.29656392335891724,0.2705061435699463,0.29656732082366943,0.2705094814300537
1785545360580148900,108115018,0.29900652170181274,0.2726162374019623,0.299010306596756,0.27261999249458313
1785545360591078900,108129085,0.30202820897102356,0.27213260531425476,0.3020319938659668,0.2721364200115204
1785545360600786900,108129085,0.30202820897102356,0.27213260531425476,0.3020319938659668,0.2721364200115204
1785545360611954000,108145745,0.30150002241134644,0.2762998044490814,0.3015044331550598,0.2763042151927948
1785545360621960000,108145745,0.30150002241134644,0.2762998044490814,0.3015044331550598,0.2763042151927948
1785545360633257800,108165394,0.3020165264606476,0.27980437874794006,0.30202120542526245,0.2798091173171997
1785545360646075400,108181408,0.30110451579093933,0.2852495014667511,0.30110934376716614,0.2852543294429779
1785545360655777000,108181408,0.30110451579093933,0.2852495014667511,0.30110934376716614,0.2852543294429779
1785545360666827800,108195912,0.2797192633152008,0.31059035658836365,0.27972403168678284,0.3105950951576233
1785545360677683000,108212425,0.28466689586639404,0.308758020401001,0.2846723198890686,0.30876344442367554
1785545360688679900,108212425,0.28466689586639404,0.308758020401001,0.2846723198890686,0.30876344442367554
1785545360699316000,108231958,0.27082329988479614,0.32608675956726074,0.27082884311676025,0.3260922431945801
1785545360710281500,108248118,0.2565428912639618,0.3427486717700958,0.25654858350753784,0.3427543044090271
1785545360720783000,108248118,0.2565428912639618,0.3427486717700958,0.25654858350753784,0.3427543044090271
1785545360731949200,108262418,0.24529188871383667,0.3553317189216614,0.2452973574399948,0.3553372025489807
1785545360742215200,108279155,0.26139143109321594,0.3372831344604492,0.26139605045318604,0.3372877836227417
1785545360752956500,108279155,0.26139143109321594,0.3372831344604492,0.26139605045318604,0.3372877836227417
1785545360764007600,108298616,0.2728327512741089,0.3216814398765564,0.27283769845962524,0.32168638706207275
1785545360775408000,108298616,0.2728327512741089,0.3216814398765564,0.27283769845962524,0.32168638706207275
1785545360786141900,108314925,0.27363067865371704,0.3156607449054718,0.27363601326942444,0.3156660795211792
1785545360795635000,108329075,0.2667049169540405,0.3196403384208679,0.2667107880115509,0.3196462094783783
1785545360806073800,108329075,0.2667049169540405,0.3196403384208679,0.2667107880115509,0.3196462094783783
1785545360817936000,108345703,0.26622194051742554,0.3147162199020386,0.2662275731563568,0.31472182273864746
1785545360829072000,108365309,0.26468610763549805,0.3101588189601898,0.26469141244888306,0.3101641535758972
1785545360840387100,108365309,0.26468610763549805,0.3101588189601898,0.26469141244888306,0.3101641535758972
1785545360851300700,108381510,0.267173707485199,0.30135926604270935,0.2671782672405243,0.30136382579803467
1785545360860857100,108395761,0.26592814922332764,0.2975655198097229,0.26593250036239624,0.2975698411464691
1785545360872123000,108395761,0.26592814922332764,0.2975655198097229,0.26593250036239624,0.2975698411464691
1785545360883055900,108412407,0.25993987917900085,0.2995634078979492,0.2599450349807739,0.2995685935020447
1785545360894041900,108431940,0.2588367760181427,0.29661762714385986,0.25884196162223816,0.29662278294563293
1785545360903611500,108431940,0.2588367760181427,0.29661762714385986,0.25884196162223816,0.29662278294563293
1785545360914564300,108448431,0.25906315445899963,0.293384313583374,0.25906819105148315,0.29338932037353516
1785545360925798300,108462420,0.2628725469112396,0.28645437955856323,0.2628764510154724,0.286458283662796
1785545360937229300,108462420,0.2628725469112396,0.28645437955856323,0.2628764510154724,0.286458283662796
1785545360948532600,108479183,0.2621525526046753,0.28398096561431885,0.26215609908103943,0.28398454189300537
1785545360961296400,108498559,0.2774071991443634,0.26763448119163513,0.2774107754230499,0.26763805747032166
1785545360970977600,108498745,0.2843308746814728,0.2590133845806122,0.28433486819267273,0.2590174078941345
1785545360982124800,108514771,0.30265671014785767,0.2389872670173645,0.3026609718799591,0.23899151384830475
1785545360991752000,108529066,0.2956511974334717,0.2448240965604782,0.2956555485725403,0.24482840299606323
1785545361001961100,108529066,0.2956511974334717,0.2448240965604782,0.2956555485725403,0.24482840299606323
1785545361012986400,108545727,0.310771644115448,0.2285052388906479,0.31077495217323303,0.22850850224494934
1785545361025477500,108545727,0.310771644115448,0.2285052388906479,0.31077495217323303,0.22850850224494934
1785545361034150500,108565277,0.3186497390270233,0.2199927121400833,0.31865301728248596,0.21999596059322357
1785545361045297000,108581409,0.3074086904525757,0.23141105473041534,0.30741196870803833,0.2314143180847168
1785545361056332500,108581409,0.3074086904525757,0.23141105473041534,0.30741196870803833,0.2314143180847168
1785545361067746500,108595859,0.26931729912757874,0.2705517113208771,0.2693203091621399,0.270554780960083
1785545361078867700,108612509,0.2742840051651001,0.26638564467430115,0.27428731322288513,0.26638907194137573
1785545361088690900,108612509,0.2742840051651001,0.26638564467430115,0.27428731322288513,0.26638907194137573
1785545361100786100,108631939,0.2580835819244385,0.2845402956008911,0.25808680057525635,0.2845434844493866
1785545361112184500,108648039,0.2407296746969223,0.30387163162231445,0.24073266983032227,0.3038746118545532
1785545361123748900,108648039,0.2407296746969223,0.30387163162231445,0.24073266983032227,0.3038746118545532
1785545361132722300,108662379,0.2265983372926712,0.31992098689079285,0.22660109400749207,0.3199236989021301
1785545361145651400,108679061,0.23969459533691406,0.3087039291858673,0.23969662189483643,0.3087059259414673
1785545361155485900,108679061,0.23969459533691406,0.3087039291858673,0.23969662189483643,0.3087059259414673
1785545361166429600,108698576,0.25754034519195557,0.29150375723838806,0.25754252076148987,0.29150593280792236
1785545361175764500,108698576,0.25754034519195557,0.29150375723838806,0.25754252076148987,0.29150593280792236
1785545361188168700,108714702,0.26260432600975037,0.28578421473503113,0.26260650157928467,0.28578639030456543
1785545361197930000,108729058,0.25859490036964417,0.28941401839256287,0.25859731435775757,0.28941646218299866
1785545361210513600,108745813,0.25817516446113586,0.2884805500507355,0.25817734003067017,0.2884827256202698
1785545361220462900,108745813,0.25817516446113586,0.2884805500507355,0.25817734003067017,0.2884827256202698
1785545361231592700,108765253,0.25796687602996826,0.2868998646736145,0.25796887278556824,0.28690189123153687
1785545361242664800,108765253,0.25796687602996826,0.2868998646736145,0.25796887278556824,0.28690189123153687
1785545361252167700,108781320,0.25813648104667664,0.28526759147644043,0.25813835859298706,0.28526946902275085
1785545361265309100,108795838,0.2352149933576584,0.306382417678833,0.23521648347377777,0.3063839077949524
1785545361274471800,108812386,0.23706385493278503,0.3031177818775177,0.23706550896167755,0.303119421005249
1785545361285566500,108812386,0.23706385493278503,0.3031177818775177,0.23706550896167755,0.303119421005249
1785545361296702300,108831823,0.22084298729896545,0.31790417432785034,0.22084461152553558,0.3179057538509369
1785545361309045800,108831823,0.22084298729896545,0.31790417432785034,0.22084461152553558,0.3179057538509369
1785545361320236400,108848015,0.20341680943965912,0.3341679275035858,0.20341834425926208,0.33416947722435
1785545361331239500,108862404,0.19751377403736115,0.3389472961425781,0.19751520454883575,0.33894872665405273
1785545361340817500,108879045,0.21081344783306122,0.3236507177352905,0.2108144313097,0.3236517310142517
1785545361353490400,108879045,0.21081344783306122,0.3236507177352905,0.2108144313097,0.3236517310142517
1785545361363230100,108898599,0.2237837016582489,0.30895793437957764,0.22378475964069366,0.3089590072631836
1785545361374187900,108898599,0.2237837016582489,0.30895793437957764,0.22378475964069366,0.3089590072631836
1785545361383670200,108914698,0.2211868017911911,0.31063947081565857,0.22118811309337616,0.31064075231552124
1785545361394590400,108929042,0.22494453191757202,0.3063466250896454,0.22494575381278992,0.3063478171825409
1785545361405931400,108929042,0.22494453191757202,0.3063466250896454,0.22494575381278992,0.3063478171825409
1785545361417493800,108945789,0.2300831824541092,0.30122631788253784,0.23008419573307037,0.301227331161499
1785545361428743600,108965280,0.23246482014656067,0.2996116876602173,0.2324657142162323,0.2996125817298889
1785545361440431800,108965280,0.23246482014656067,0.2996116876602173,0.2324657142162323,0.2996125817298889
1785545361450054700,108981547,0.24156641960144043,0.29280364513397217,0.24156713485717773,0.29280439019203186
1785545361461190800,108995717,0.27092891931533813,0.266072541475296,0.27092957496643066,0.26607319712638855
1785545361472351300,108995717,0.27092891931533813,0.266072541475296,0.27092957496643066,0.26607319712638855
1785545361483685200,109012444,0.261505126953125,0.27751174569129944,0.2615059018135071,0.2775125205516815
1785545361493235300,109031845,0.28108909726142883,0.26087164878845215,0.2810898721218109,0.26087242364883423
1785545361506097300,109031845,0.28108909726142883,0.26087164878845215,0.2810898721218109,0.26087242364883423
1785545361515574200,109048030,0.302428275346756,0.24204318225383759,0.3024289906024933,0.2420438975095749
1785545361526454300,109062378,0.3188732862472534,0.22784046828746796,0.31887397170066833,0.22784116864204407
1785545361537417600,109062378,0.3188732862472534,0.22784046828746796,0.31887397170066833,0.22784116864204407
1785545361548357400,109079031,0.30951008200645447,0.23959004878997803,0.30951061844825745,0.23959055542945862
1785545361559556200,109098357,0.3009481728076935,0.24852626025676727,0.3009486496448517,0.2485267072916031
1785545361570520800,109098515,0.29185882210731506,0.2581985294818878,0.2918592691421509,0.25819894671440125
1785545361582042100,109114640,0.28667834401130676,0.26333698630332947,0.28667882084846497,0.2633374333381653
1785545361593281200,109129052,0.2893044054508209,0.2602890729904175,0.2893049120903015,0.26028957962989807
1785545361604403700,109129052,0.2893044054508209,0.2602890729904175,0.2893049120903015,0.26028957962989807
1785545361616059300,109145771,0.28855735063552856,0.259628564119339,0.2885577976703644,0.2596290707588196
1785545361625678900,109145771,0.28855735063552856,0.259628564119339,0.2885577976703644,0.2596290707588196
1785545361637202600,109165293,0.287447452545166,0.2588684856891632,0.28744786977767944,0.258868932723999
1785545361650075000,109181576,0.2855059802532196,0.2581702470779419,0.28550633788108826,0.2581706643104553
1785545361659619600,109195711,0.27928778529167175,0.2599298357963562,0.27928802371025085,0.2599300742149353
1785545361670597800,109195711,0.27928778529167175,0.2599298357963562,0.27928802371025085,0.2599300742149353
1785545361682176900,109212510,0.2794312536716461,0.25632745027542114,0.27943155169487,0.25632768869400024
1785545361693162200,109231964,0.2759009599685669,0.2538224458694458,0.27590131759643555,0.2538227438926697
1785545361704184800,109232051,0.27522915601730347,0.25216570496559143,0.27522948384284973,0.2521660327911377
1785545361715760800,109248133,0.2691188454627991,0.24723762273788452,0.26911914348602295,0.24723798036575317
1785545361725167500,109262407,0.25964754819869995,0.24404163658618927,0.25964781641960144,0.24404193460941315
1785545361735974900,109262407,0.25964754819869995,0.24404163658618927,0.25964781641960144,0.24404193460941315
1785545361747439400,109279049,0.25064533948898315,0.23579178750514984,0.2506455183029175,0.23579198122024536
1785545361758961700,109279049,0.25064533948898315,0.23579178750514984,0.2506455183029175,0.23579198122024536
1785545361770103400,109298706,0.24170786142349243,0.22447730600833893,0.24170805513858795,0.22447748482227325
1785545361780850500,109314827,0.23287542164325714,0.21562302112579346,0.23287566006183624,0.21562321484088898
1785545361792119400,109329039,0.22862662374973297,0.20970048010349274,0.22862689197063446,0.20970074832439423
1785545361805211400,109329039,0.22862662374973297,0.20970048010349274,0.22862689197063446,0.20970074832439423
1785545361814779500,109345771,0.21912619471549988,0.20439930260181427,0.21912643313407898,0.20439955592155457
1785545361824895600,109345771,0.21912619471549988,0.20439930260181427,0.21912643313407898,0.20439955592155457
1785545361837193100,109365294,0.20914235711097717,0.19535861909389496,0.2091425508260727,0.19535881280899048
1785545361848409500,109381730,0.20151066780090332,0.1855609267950058,0.20151087641716003,0.1855611652135849
1785545361859640900,109395710,0.1920916885137558,0.17919385433197021,0.19209183752536774,0.17919403314590454
1785545361869066100,109395710,0.1920916885137558,0.17919385433197021,0.19209183752536774,0.17919403314590454
1785545361880539100,109412329,0.18605683743953705,0.1724628508090973,0.186056986451149,0.17246299982070923
1785545361891291400,109412329,0.18605683743953705,0.1724628508090973,0.186056986451149,0.17246299982070923
1785545361900911700,109431902,0.17748169600963593,0.16405485570430756,0.17748188972473145,0.1640550196170807
1785545361911990200,109448031,0.1692466288805008,0.15632666647434235,0.16924679279327393,0.15632681548595428
1785545361922178800,109448031,0.1692466288805008,0.15632666647434235,0.16924679279327393,0.15632681548595428
1785545361932864600,109462358,0.16106021404266357,0.14897212386131287,0.1610603630542755,0.1489722579717636
1785545361943791900,109479019,0.14985094964504242,0.140640527009964,0.14985109865665436,0.14064070582389832
1785545361954393100,109479019,0.14985094964504242,0.140640527009964,0.14985109865665436,0.14064070582389832
1785545361964199500,109498624,0.13895227015018463,0.1297210156917572,0.13895238935947418,0.12972113490104675
1785545361975822300,109498624,0.13895227015018463,0.1297210156917572,0.13895238935947418,0.12972113490104675
1785545361985356400,109514760,0.12965422868728638,0.12037326395511627,0.12965437769889832,0.12037338316440582
1785545361996574000,109529053,0.12481697648763657,0.1144830733537674,0.1248171329498291,0.11448320746421814
1785545362007827500,109545699,0.1161629930138588,0.10745703428983688,0.11616311222314835,0.10745713859796524
1785545362020270500,109545699,0.1161629930138588,0.10745703428983688,0.11616311222314835,0.10745713859796524
1785545362029769600,109565288,0.10635849833488464,0.09818135201931,0.1063585951924324,0.09818145632743835
1785545362040840600,109565288,0.10635849833488464,0.09818135201931,0.1063585951924324,0.09818145632743835
1785545362051793300,109581393,0.0976383239030838,0.08989662677049637,0.09763839095830917,0.08989670127630234
1785545362062045700,109595694,0.089299276471138,0.08207056671380997,0.08929935097694397,0.08207064121961594
1785545362072855900,109595694,0.089299276471138,0.08207056671380997,0.08929935097694397,0.08207064121961594
1785545362083786800,109612334,0.08311817049980164,0.07549093663692474,0.0831182673573494,0.0754910260438919
1785545362094880000,109631853,0.07450395822525024,0.0670626163482666,0.0745040774345398,0.06706272065639496
1785545362104429900,109631853,0.07450395822525024,0.0670626163482666,0.0745040774345398,0.06706272065639496
1785545362116153500,109648161,0.06712235510349274,0.061049290001392365,0.0671224594116211,0.06104935705661774
1785545362125557100,109662352,0.06175322085618973,0.05758451297879219,0.0617532953619957,0.05758456140756607
1785545362137223200,109662352,0.06175322085618973,0.05758451297879219,0.0617532953619957,0.05758456140756607
1785545362148211200,109679129,0.057649463415145874,0.054936300963163376,0.057649508118629456,0.05493633449077606
1785545362159224100,109679129,0.057649463415145874,0.054936300963163376,0.057649508118629456,0.05493633449077606
1785545362170386400,109698536,0.054607123136520386,0.05297304317355156,0.054607149213552475,0.05297305807471275
1785545362181622800,109714735,0.13089819252490997,0.1256689727306366,0.13089825212955475,0.12566906213760376
1785545362191121500,109729012,0.17421969771385193,0.1680147349834442,0.1742197722196579,0.16801485419273376
1785545362202368900,109729012,0.17421969771385193,0.1680147349834442,0.1742197722196579,0.16801485419273376
1785545362213457500,109745686,0.20748509466648102,0.20235520601272583,0.207485169172287,0.202355295419693
1785545362225125300,109745686,0.20748509466648102,0.20235520601272583,0.207485169172287,0.202355295419693
1785545362236185100,109765253,0.23058252036571503,0.2272079735994339,0.23058092594146729,0.22720637917518616
1785545362247218400,109781351,0.24280257523059845,0.24032734334468842,0.24280795454978943,0.2403327077627182
1785545362258721900,109795692,0.2497122585773468,0.24815453588962555,0.24971070885658264,0.2481529712677002
1785545362270242100,109795692,0.2497122585773468,0.24815453588962555,0.24971070885658264,0.2481529712677002
1785545362281259900,109812349,0.2556007504463196,0.25384607911109924,0.25559693574905396,0.2538422644138336
1785545362292361900,109812349,0.2556007504463196,0.25384607911109924,0.25559693574905396,0.2538422644138336
1785545362303609700,109831833,0.25974056124687195,0.257883757352829,0.2597390413284302,0.2578822374343872
1785545362316323100,109848611,0.261849045753479,0.2601219117641449,0.26184898614883423,0.2601218521595001
1785545362326168500,109862328,0.2627812922000885,0.26163437962532043,0.26278167963027954,0.2616347670555115
1785545362337206300,109862328,0.2627812922000885,0.26163437962532043,0.26278167963027954,0.2616347670555115
1785545362348340400,109879061,0.2636543810367584,0.2627139687538147,0.2636546492576599,0.2627142667770386
1785545362359360100,109879061,0.2636543810367584,0.2627139687538147,0.2636546492576599,0.2627142667770386
1785545362370400300,109898562,0.26440396904945374,0.2634138762950897,0.2644039988517761,0.2634139060974121
1785545362381732000,109914654,0.2647780776023865,0.2638087570667267,0.2647780179977417,0.2638086974620819
1785545362391214200,109928999,0.26505178213119507,0.2639806866645813,0.2650517225265503,0.2639806270599365
1785545362402553300,109928999,0.26505178213119507,0.2639806866645813,0.2650517225265503,0.2639806270599365
1785545362413535100,109945748,0.2651446759700775,0.2642272114753723,0.2651446461677551,0.2642271816730499
1785545362424975400,109945748,0.2651446759700775,0.2642272114753723,0.2651446461677551,0.2642271816730499
1785545362436470200,109965184,0.265114426612854,0.2645084261894226,0.265114426612854,0.2645084261894226
1785545362448495100,109981734,0.26513975858688354,0.2646191418170929,0.26513978838920593,0.2646191716194153
1785545362458083400,109995667,0.2651638686656952,0.2646695077419281,0.2651638686656952,0.2646695077419281
1785545362469392200,109995667,0.2651638686656952,0.2646695077419281,0.2651638686656952,0.2646695077419281
1785545362480361000,110012314,0.26523280143737793,0.26466113328933716,0.26523277163505554,0.26466113328933716
1785545362491460500,110012314,0.26523280143737793,0.26466113328933716,0.26523277163505554,0.26466113328933716
1785545362501228400,110031938,0.26523029804229736,0.26470622420310974,0.26523029804229736,0.26470622420310974
1785545362512168300,110047955,0.23751860857009888,0.23707669973373413,0.29288244247436523,0.2924405336380005
1785545362522009100,110047955,0.23751860857009888,0.23707669973373413,0.29288244247436523,0.2924405336380005
1785545362532874300,110062341,0.216888889670372,0.21661193668842316,0.31336018443107605,0.3130832612514496
1785545362544173400,110079071,0.20534969866275787,0.20511993765830994,0.3248646557331085,0.324634850025177
1785545362555567400,110079071,0.20534969866275787,0.20511993765830994,0.3248646557331085,0.324634850025177
1785545362564755500,110098535,0.2006763070821762,0.2004384696483612,0.32958459854125977,0.32934677600860596
1785545362575976900,110114647,0.21664610505104065,0.21636079251766205,0.3136827349662781,0.31339746713638306
1785545362587093000,110114647,0.21664610505104065,0.21636079251766205,0.3136827349662781,0.31339746713638306
1785545362597412300,110128987,0.2240234762430191,0.22377298772335052,0.30639785528182983,0.30614739656448364
1785545362608566700,110145653,0.23225614428520203,0.23207587003707886,0.2986637055873871,0.2984834313392639
1785545362621193900,110145653,0.23225614428520203,0.23207587003707886,0.2986637055873871,0.2984834313392639
1785545362632235200,110165173,0.24005857110023499,0.2399425357580185,0.29291391372680664,0.29279789328575134
1785545362640849300,110165173,0.24005857110023499,0.2399425357580185,0.29291391372680664,0.29279789328575134
1785545362653903800,110181361,0.24111820757389069,0.24102041125297546,0.2940745949745178,0.2939768135547638
1785545362663623900,110195787,0.2697969675064087,0.2697056233882904,0.26791226863861084,0.26782092452049255
1785545362674788000,110212322,0.2625636160373688,0.26245832443237305,0.277150958776474,0.27704569697380066
1785545362685734700,110212322,0.2625636160373688,0.26245832443237305,0.277150958776474,0.27704569697380066
1785545362695453700,110231847,0.28133493661880493,0.28124475479125977,0.2611386775970459,0.2610485255718231
1785545362706630900,110231847,0.28133493661880493,0.28124475479125977,0.2611386775970459,0.2610485255718231
1785545362715961900,110248655,0.30094319581985474,0.3008739650249481,0.2438698410987854,0.24380061030387878
1785545362727197500,110262297,0.3226330578327179,0.3226054012775421,0.22464817762374878,0.224620521068573
1785545362738704300,110262297,0.3226330578327179,0.3226054012775421,0.22464817762374878,0.224620521068573
1785545362749508900,110278982,0.3117337226867676,0.3117234408855438,0.23758742213249207,0.23757705092430115
1785545362760431100,110298534,0.2926602065563202,0.2926391065120697,0.25752735137939453,0.25750619173049927
1785545362771676400,110298534,0.2926602065563202,0.2926391065120697,0.25752735137939453,0.25750619173049927
1785545362780983800,110314876,0.2862015962600708,0.28618407249450684,0.2634122371673584,0.26339468359947205
1785545362792038100,110329009,0.289869099855423,0.28985071182250977,0.25942593812942505,0.25940749049186707
1785545362803094700,110329009,0.289869099855423,0.28985071182250977,0.25942593812942505,0.25940749049186707
1785545362813653700,110345643,0.28554728627204895,0.2855457663536072,0.2615671455860138,0.2615656852722168
1785545362825107700,110345643,0.28554728627204895,0.2855457663536072,0.2615671455860138,0.2615656852722168
1785545362836503200,110365232,0.2859584391117096,0.28596216440200806,0.2590109705924988,0.25901466608047485
1785545362847638000,110381368,0.28478744626045227,0.28479641675949097,0.2585110366344452,0.2585199773311615
1785545362860459200,110395646,0.2826652526855469,0.2826763987541199,0.25920411944389343,0.25921526551246643
1785545362871746900,110395646,0.2826652526855469,0.2826763987541199,0.25920411944389343,0.25921526551246643
1785545362881062700,110412285,0.2832813858985901,0.283295214176178,0.25745606422424316,0.25746989250183105
1785545362892092300,110412285,0.2832813858985901,0.283295214176178,0.25745606422424316,0.25746989250183105
1785545362903321300,110431891,0.2816329002380371,0.28164947032928467,0.2578626275062561,0.25787919759750366
1785545362914588500,110448606,0.2802058756351471,0.2802257835865021,0.2583298683166504,0.2583497166633606
1785545362924193400,110462331,0.27617284655570984,0.27619481086730957,0.2612553536891937,0.26127731800079346
1785545362935877700,110462331,0.27617284655570984,0.27619481086730957,0.2612553536891937,0.26127731800079346
1785545362945586100,110478972,0.2750103771686554,0.2750341594219208,0.2612459361553192,0.2612697184085846
1785545362955655100,110478972,0.2750103771686554,0.2750341594219208,0.2612459361553192,0.2612697184085846
1785545362966418500,110499471,0.27578651905059814,0.27581143379211426,0.2594042420387268,0.25942912697792053
1785545362977505300,110514813,0.2754645347595215,0.2754914164543152,0.25912126898765564,0.25914812088012695
1785545362988508900,110514813,0.2754645347595215,0.2754914164543152,0.25912126898765564,0.25914812088012695
1785545362998623700,110529078,0.2753868103027344,0.2754151523113251,0.25876185297966003,0.2587902247905731
1785545363009742500,110545652,0.27473998069763184,0.2747684121131897,0.2607804238796234,0.2608088552951813
1785545363020690700,110545652,0.27473998069763184,0.2747684121131897,0.2607804238796234,0.2608088552951813
1785545363032251100,110565213,0.27557486295700073,0.275600403547287,0.26476240158081055,0.2647879719734192
1785545363043921300,110565213,0.27557486295700073,0.275600403547287,0.26476240158081055,0.2647879719734192
1785545363053545400,110581372,0.2790847718715668,0.2791108787059784,0.2688654959201813,0.2688916325569153
1785545363064995200,110595656,0.2839250862598419,0.28395041823387146,0.27434274554252625,0.2743681073188782
1785545363075952300,110612315,0.2886720895767212,0.2887006998062134,0.2777356803417206,0.27776435017585754
1785545363087049100,110612315,0.2886720895767212,0.2887006998062134,0.2777356803417206,0.27776435017585754
1785545363098366000,110631959,0.2950742244720459,0.2951020300388336,0.28515756130218506,0.2851853370666504
1785545363109326000,110648036,0.3016015291213989,0.30162838101387024,0.292915403842926,0.29294222593307495
1785545363120308000,110648036,0.3016015291213989,0.30162838101387024,0.292915403842926,0.29294222593307495
1785545363131469500,110662335,0.30737802386283875,0.3073987364768982,0.301644504070282,0.3016652464866638
1785545363141019800,110679060,0.3164293169975281,0.3164486289024353,0.3113236129283905,0.31134292483329773
1785545363152145000,110679060,0.3164293169975281,0.3164486289024353,0.3113236129283905,0.31134292483329773
1785545363163110200,110698750,0.32750755548477173,0.3275286853313446,0.3216366171836853,0.3216577172279358
1785545363173797200,110698750,0.32750755548477173,0.3275286853313446,0.3216366171836853,0.3216577172279358
1785545363183890900,110714814,0.3364201486110687,0.3364409804344177,0.3309418857097626,0.3309627175331116
1785545363195423900,110729124,0.3418346345424652,0.3418567478656769,0.3360463082790375,0.33606845140457153
1785545363204715000,110729124,0.3418346345424652,0.3418567478656769,0.3360463082790375,0.33606845140457153
1785545363215525200,110745851,0.34802964329719543,0.34804919362068176,0.34328287839889526,0.343302458524704
1785545363226824400,110765268,0.35471659898757935,0.3547346889972687,0.3506688177585602,0.3506868779659271
1785545363239371900,110765268,0.35471659898757935,0.3547346889972687,0.3506688177585602,0.3506868779659271
1785545363248693700,110781802,0.35896387696266174,0.358978271484375,0.3561111390590668,0.3561255633831024
1785545363259108200,110795660,0.3616348206996918,0.3616483509540558,0.35894396901130676,0.3589574992656708
1785545363270118100,110795660,0.3616348206996918,0.3616483509540558,0.35894396901130676,0.3589574992656708
1785545363281267700,110812389,0.3642101585865021,0.36422672867774963,0.3607548773288727,0.36077141761779785
1785545363292261600,110812389,0.3642101585865021,0.36422672867774963,0.3607548773288727,0.36077141761779785
1785545363303398400,110831947,0.3251839578151703,0.32520052790641785,0.32194602489471436,0.3219625949859619
1785545363312922900,110848695,0.3046918213367462,0.3047085702419281,0.30157849192619324,0.3015952408313751
1785545363324207800,110862408,0.2678120732307434,0.3175356090068817,0.2656569480895996,0.3153805136680603
1785545363335741100,110862408,0.2678120732307434,0.3175356090068817,0.2656569480895996,0.3153805136680603
1785545363345170800,110879051,0.23782393336296082,0.3288722038269043,0.23578283190727234,0.3268311321735382
1785545363355919800,110879051,0.23782393336296082,0.3288722038269043,0.23578283190727234,0.3268311321735382
1785545363367352700,110898439,0.22145622968673706,0.33178022503852844,0.219129279255867,0.3294532597064972
1785545363378670500,110914699,0.21046113967895508,0.3354201018810272,0.2081526815891266,0.33311161398887634
1785545363389633800,110914699,0.21046113967895508,0.3354201018810272,0.2081526815891266,0.33311161398887634
1785545363400497000,110928963,0.22221331298351288,0.3196764290332794,0.219692200422287,0.31715530157089233
1785545363411010600,110945619,0.22959859669208527,0.3087976276874542,0.22742170095443726,0.3066207766532898
1785545363422210800,110945619,0.22959859669208527,0.3087976276874542,0.22742170095443726,0.3066207766532898
1785545363433537600,110965246,0.2397650182247162,0.2969435751438141,0.23816515505313873,0.2953437566757202
1785545363445093000,110981384,0.23400050401687622,0.30232617259025574,0.23219574987888336,0.30052146315574646
1785545363454651500,110981384,0.23400050401687622,0.30232617259025574,0.23219574987888336,0.30052146315574646
1785545363466003800,110995800,0.24360418319702148,0.2938898205757141,0.24224399030208588,0.2925296425819397
1785545363477166500,111012363,0.2403879463672638,0.2984458804130554,0.23893381655216217,0.296991765499115
1785545363487995600,111012363,0.2403879463672638,0.2984458804130554,0.23893381655216217,0.296991765499115
1785545363500519600,111031786,0.24240407347679138,0.2986160218715668,0.24098430573940277,0.29719626903533936
1785545363510296800,111047953,0.24583427608013153,0.2973332107067108,0.24454550445079803,0.2960444688796997
1785545363521819100,111047953,0.24583427608013153,0.2973332107067108,0.24454550445079803,0.2960444688796997
1785545363531213800,111062309,0.2498435229063034,0.2956807315349579,0.2487003356218338,0.29453757405281067
1785545363542464500,111078961,0.2598593533039093,0.2904658615589142,0.2591075301170349,0.2897140383720398
1785545363553600600,111078961,0.2598593533039093,0.2904658615589142,0.2591075301170349,0.2897140383720398
1785545363566426800,111098554,0.2605142295360565,0.2950544059276581,0.2597152590751648,0.29425543546676636
1785545363575940200,111098554,0.2605142295360565,0.2950544059276581,0.2597152590751648,0.29425543546676636
1785545363585470200,111114701,0.26269787549972534,0.2970798909664154,0.26190024614334106,0.29628223180770874
1785545363596270200,111128970,0.26203498244285583,0.3002488613128662,0.26114940643310547,0.29936331510543823
1785545363607401100,111145636,0.26672789454460144,0.2990155816078186,0.26596710085868835,0.29825475811958313
1785545363620182800,111145636,0.26672789454460144,0.2990155816078186,0.26596710085868835,0.29825475811958313
1785545363629859400,111165176,0.2735544443130493,0.29741689562797546,0.2729995846748352,0.29686203598976135
1785545363641144800,111165176,0.2735544443130493,0.29741689562797546,0.2729995846748352,0.29686203598976135
1785545363653707200,111181502,0.27294647693634033,0.300976037979126,0.2723316550254822,0.3003612756729126
1785545363663675900,111195698,0.2792293429374695,0.298893541097641,0.2787642180919647,0.2984284460544586
1785545363674820700,111212266,0.2794959247112274,0.30210188031196594,0.27900430560112,0.3016102910041809
1785545363684397700,111212266,0.2794959247112274,0.30210188031196594,0.27900430560112,0.3016102910041809
1785545363697187100,111231783,0.2821478247642517,0.30380403995513916,0.28167060017585754,0.303326815366745
1785545363706848100,111231783,0.2821478247642517,0.30380403995513916,0.28167060017585754,0.303326815366745
1785545363717976500,111248106,0.2859806418418884,0.3055650591850281,0.28555142879486084,0.3051358759403229
1785545363730813200,111262343,0.31433019042015076,0.28500163555145264,0.31395211815834045,0.28462356328964233
1785545363740383200,111278977,0.3479596674442291,0.26421213150024414,0.34771379828453064,0.26396626234054565
1785545363751547100,111278977,0.3479596674442291,0.26421213150024414,0.34771379828453064,0.26396626234054565
1785545363761159600,111298619,0.357614129781723,0.2719276547431946,0.35735023021698,0.27166372537612915
1785545363772246300,111298619,0.357614129781723,0.2719276547431946,0.35735023021698,0.27166372537612915
1785545363785056100,111314644,0.36765891313552856,0.2748490273952484,0.3673878312110901,0.2745779752731323
1785545363794575300,111328954,0.36472266912460327,0.2881314754486084,0.364451140165329,0.2878599762916565
1785545363805885500,111328954,0.36472266912460327,0.2881314754486084,0.364451140165329,0.2878599762916565
1785545363819050700,111345616,0.36345911026000977,0.3046318292617798,0.3632396459579468,0.3044123649597168
1785545363830145300,111365167,0.36681368947029114,0.3200957179069519,0.3666209280490875,0.3199028968811035
1785545363841165100,111365167,0.36681368947029114,0.3200957179069519,0.3666209280490875,0.3199028968811035
1785545363850062300,111381359,0.36829128861427307,0.3357173502445221,0.36815908551216125,0.3355851173400879
1785545363861096000,111395624,0.3758094012737274,0.3442332148551941,0.37569159269332886,0.34411540627479553
1785545363871818600,111395624,0.3758094012737274,0.3442332148551941,0.37569159269332886,0.34411540627479553
1785545363882832200,111412271,0.38721856474876404,0.3455386161804199,0.38707274198532104,0.3453928232192993
1785545363892431400,111412271,0.38721856474876404,0.3455386161804199,0.38707274198532104,0.3453928232192993
1785545363903814200,111431795,0.39319753646850586,0.35653769969940186,0.39306721091270447,0.35640737414360046
1785545363914862500,111448051,0.3987866938114166,0.3669836223125458,0.39867982268333435,0.3668767511844635
1785545363927587800,111462291,0.404448926448822,0.37682318687438965,0.40435877442359924,0.3767330050468445
1785545363937199700,111462291,0.404448926448822,0.37682318687438965,0.40435877442359924,0.3767330050468445
1785545363948285000,111478953,0.4089566171169281,0.3916201889514923,0.4089081585407257,0.3915717601776123
1785545363960808200,111478953,0.4089566171169281,0.3916201889514923,0.4089081585407257,0.3915717601776123
1785545363970428800,111500205,0.4236602783203125,0.4003273844718933,0.42359572649002075,0.40026286244392395
1785545363981769700,111515027,0.4310928285121918,0.40959352254867554,0.4310327470302582,0.40953347086906433
1785545363991294400,111529032,0.437171071767807,0.41415712237358093,0.4371074438095093,0.4140935242176056
1785545364001090700,111529032,0.437171071767807,0.41415712237358093,0.4371074438095093,0.4140935242176056
1785545364012233000,111545613,0.4422847032546997,0.4246966242790222,0.4422394335269928,0.4246513545513153
1785545364022316000,111545613,0.4422847032546997,0.4246966242790222,0.4422394335269928,0.4246513545513153
1785545364033485300,111565210,0.45001769065856934,0.4362918734550476,0.4499872326850891,0.43626144528388977
1785545364043552300,111581282,0.4606271982192993,0.4427450895309448,0.46058714389801025,0.44270503520965576
1785545364054356700,111581282,0.4606271982192993,0.4427450895309448,0.46058714389801025,0.44270503520965576
1785545364065262300,111595614,0.4650685489177704,0.4546194076538086,0.465046226978302,0.454597145318985
1785545364076454000,111612282,0.4731295108795166,0.45940011739730835,0.47310295701026917,0.4593735635280609
1785545364086619300,111612282,0.4731295108795166,0.45940011739730835,0.47310295701026917,0.4593735635280609
1785545364097832800,111631826,0.481080025434494,0.46848776936531067,0.4810555577278137,0.46846330165863037
1785545364109060000,111647876,0.4843824803829193,0.47404569387435913,0.484363317489624,0.47402650117874146
1785545364120361500,111647979,0.48831549286842346,0.4772488474845886,0.4882965683937073,0.47722989320755005
1785545364131302600,111662267,0.495350182056427,0.48573291301727295,0.4953346252441406,0.4857173264026642
1785545364140925000,111678903,0.5032251477241516,0.4972468614578247,0.5032185912132263,0.49724021553993225
1785545364151866100,111678903,0.5032251477241516,0.4972468614578247,0.5032185912132263,0.49724021553993225
1785545364163129600,111698419,0.5151414275169373,0.5069711804389954,0.5151308178901672,0.5069604516029358
1785545364172570900,111698419,0.5151414275169373,0.5069711804389954,0.5151308178901672,0.5069604516029358
1785545364183926000,111714619,0.5225228667259216,0.5150706171989441,0.5225133299827576,0.5150609612464905
1785545364196131600,111728910,0.5284781455993652,0.520874559879303,0.5284692049026489,0.5208655595779419
1785545364205656000,111728910,0.5284781455993652,0.520874559879303,0.5284692049026489,0.5208655595779419
1785545364217216300,111745729,0.5357288122177124,0.529549777507782,0.5357227325439453,0.5295437574386597
1785545364229945900,111765110,0.5454246997833252,0.5396239161491394,0.5454203486442566,0.5396196246147156
1785545364239417600,111765110,0.5454246997833252,0.5396239161491394,0.5454203486442566,0.5396196246147156
1785545364251946400,111781334,0.5533368587493896,0.5492954850196838,0.553335428237915,0.5492940545082092
1785545364261651000,111795601,0.5615382194519043,0.5575457811355591,0.5615367293357849,0.5575442910194397
1785545364271163400,111795601,0.5615382194519043,0.5575457811355591,0.5615367293357849,0.5575442910194397
1785545364282241500,111812332,0.5686525702476501,0.5633456707000732,0.5686501860618591,0.5633432865142822
1785545364293305100,111831774,0.5767706036567688,0.5722963213920593,0.5767692923545837,0.5722950100898743
1785545364304401700,111831774,0.5767706036567688,0.5722963213920593,0.5767692923545837,0.5722950100898743
1785545364315641700,111848050,0.5846248865127563,0.5807396173477173,0.5846247673034668,0.5807396173477173
1785545364326513400,111862283,0.5922178626060486,0.5887579917907715,0.5922181606292725,0.5887583494186401
1785545364337864400,111862283,0.5922178626060486,0.5887579917907715,0.5922181606292725,0.5887583494186401
1785545364348773800,111879002,0.6012656688690186,0.5991593599319458,0.6012672185897827,0.5991608500480652
1785545364360154400,111898487,0.6124898195266724,0.6096240878105164,0.6124911308288574,0.6096253395080566
1785545364371151400,111898487,0.6124898195266724,0.6096240878105164,0.6124911308288574,0.6096253395080566
1785545364380974700,111914692,0.6185839772224426,0.6151206493377686,0.6185857057571411,0.615122377872467
1785545364391984900,111929039,0.6247236132621765,0.6219543218612671,0.6247255206108093,0.6219562292098999
1785545364403469600,111929039,0.6247236132621765,0.6219543218612671,0.6247255206108093,0.6219562292098999
1785545364414504100,111945588,0.6322611570358276,0.6301337480545044,0.6322634816169739,0.6301361322402954
1785545364427033900,111945588,0.6322611570358276,0.6301337480545044,0.6322634816169739,0.6301361322402954
1785545364435563600,111965133,0.6396973729133606,0.6379939913749695,0.6396998167037964,0.6379964351654053
1785545364446851600,111981334,0.644810676574707,0.6430356502532959,0.6448134779930115,0.6430384516716003
1785545364458080300,111995602,0.6478022933006287,0.6461288928985596,0.6478049755096436,0.6461315751075745
1785545364469231500,111995602,0.6478022933006287,0.6461288928985596,0.6478049755096436,0.6461315751075745
1785545364482427600,112012213,0.6503487825393677,0.6483880281448364,0.6503520011901855,0.6483911871910095
1785545364491886800,112012213,0.6503487825393677,0.6483880281448364,0.6503520011901855,0.6483911871910095
1785545364503041900,112031766,0.4973953664302826,0.4957720637321472,0.49739956855773926,0.49577629566192627
1785545364513625100,112047953,0.41573822498321533,0.41418591141700745,0.4157421886920929,0.4141899347305298
1785545364525195400,112062304,0.368437260389328,0.3673185110092163,0.3684404790401459,0.36732175946235657
1785545364536435600,112062304,0.368437260389328,0.3673185110092163,0.3684404790401459,0.36732175946235657
1785545364547573900,112079151,0.33237898349761963,0.3310936987400055,0.33238252997398376,0.33109721541404724
1785545364560395200,112079151,0.33237898349761963,0.3310936987400055,0.33238252997398376,0.33109721541404724
1785545364569737300,112098535,0.3060340881347656,0.3044741451740265,0.30603843927383423,0.30447858572006226
1785545364580666000,112114638,0.2920466959476471,0.2901794910430908,0.2920520305633545,0.290184885263443
1785545364591562500,112128965,0.28379181027412415,0.28209492564201355,0.283797025680542,0.2821001410484314
1785545364602574800,112128965,0.28379181027412415,0.28209492564201355,0.283797025680542,0.2821001410484314
1785545364613710300,112145606,0.2770549952983856,0.2759314477443695,0.2770591080188751,0.2759355306625366
1785545364623707500,112145606,0.2770549952983856,0.2759314477443695,0.2770591080188751,0.2759355306625366
1785545364635421400,112165221,0.2724667191505432,0.27134737372398376,0.2724709212779999,0.27135154604911804
1785545364645124100,112181664,0.27011558413505554,0.26876014471054077,0.2701205909252167,0.2687651515007019
1785545364656292900,112181664,0.27011558413505554,0.26876014471054077,0.2701205909252167,0.2687651515007019
1785545364667562600,112195580,0.26860079169273376,0.26755955815315247,0.26860499382019043,0.26756376028060913
1785545364678912400,112212257,0.2674936056137085,0.2664516866207123,0.2674979567527771,0.2664560377597809
1785545364689906700,112212257,0.2674936056137085,0.2664516866207123,0.2674979567527771,0.2664560377597809
1785545364701087600,112231842,0.26668646931648254,0.2656891345977783,0.26669079065322876,0.26569345593452454
1785545364710753200,112247982,0.2662290632724762,0.26531147956848145,0.26623332500457764,0.2653157114982605
1785545364721995300,112247982,0.2662290632724762,0.26531147956848145,0.26623332500457764,0.2653157114982605
1785545364733148800,112262367,0.2927621603012085,0.29194173216819763,0.23912163078784943,0.23830117285251617
1785545364744110000,112279037,0.31414079666137695,0.313579261302948,0.21711431443691254,0.216552734375
1785545364755495700,112279037,0.31414079666137695,0.313579261302948,0.21711431443691254,0.216552734375
1785545364766772600,112298556,0.32468459010124207,0.3241519331932068,0.20626814663410187,0.20573550462722778
1785545364777849700,112315023,0.3325054943561554,0.3319651484489441,0.19833198189735413,0.1977916657924652
1785545364788935500,112315023,0.3325054943561554,0.3319651484489441,0.19833198189735413,0.1977916657924652
1785545364800289600,112328910,0.31793534755706787,0.317313015460968,0.2129168063402176,0.21229450404644012
1785545364811252500,112345613,0.30101993680000305,0.3005524277687073,0.23019784688949585,0.22973035275936127
1785545364822297200,112345613,0.30101993680000305,0.3005524277687073,0.23019784688949585,0.22973035275936127
1785545364833554000,112365143,0.2963031530380249,0.29589617252349854,0.23589496314525604,0.23548798263072968
1785545364843660900,112381242,0.29624250531196594,0.29586082696914673,0.23738425970077515,0.23700261116027832
1785545364854555200,112381242,0.29624250531196594,0.29586082696914673,0.23738425970077515,0.23700261116027832
1785545364865466200,112395580,0.29563504457473755,0.2952844500541687,0.23989896476268768,0.23954837024211884
1785545364876722400,112412224,0.3007147014141083,0.3003331124782562,0.23637409508228302,0.23599249124526978
1785545364887543000,112412224,0.3007147014141083,0.3003331124782562,0.23637409508228302,0.23599249124526978
1785545364899346400,112431748,0.2992267310619354,0.298874169588089,0.24015693366527557,0.23980435729026794
1785545364910314100,112447925,0.2972215712070465,0.29691213369369507,0.24439552426338196,0.2440861165523529
1785545364921301500,112447925,0.2972215712070465,0.29691213369369507,0.24439552426338196,0.2440861165523529
1785545364930989700,112462267,0.29539957642555237,0.2951279282569885,0.2486654818058014,0.24839387834072113
1785545364942107800,112478919,0.29018235206604004,0.29000526666641235,0.2589797377586365,0.2588026523590088
1785545364954814300,112478919,0.29018235206604004,0.29000526666641235,0.2589797377586365,0.2588026523590088
1785545364965699500,112498457,0.29480722546577454,0.29462093114852905,0.2595532238483429,0.2593669295310974
1785545364975577400,112498457,0.29480722546577454,0.29462093114852905,0.2595532238483429,0.2593669295310974
1785545364987020900,112514560,0.29688647389411926,0.29670220613479614,0.26169583201408386,0.26151159405708313
1785545364998807300,112528907,0.30009281635284424,0.2998881936073303,0.2609527111053467,0.26074808835983276
1785545365008413300,112545569,0.29887524247169495,0.29870137572288513,0.2657247483730316,0.2655508816242218
1785545365021236100,112545569,0.29887524247169495,0.29870137572288513,0.2657247483730316,0.2655508816242218
1785545365030805100,112565086,0.2972261607646942,0.29710280895233154,0.27277103066444397,0.2726476490497589
1785545365041807600,112565086,0.2972261607646942,0.29710280895233154,0.27277103066444397,0.2726476490497589
1785545365052715400,112581543,0.29861778020858765,0.2985099256038666,0.27578452229499817,0.2756766378879547
1785545365063816300,112595568,0.29982274770736694,0.2997214198112488,0.2784130871295929,0.27831169962882996
1785545365074857100,112612224,0.3032331168651581,0.3031182289123535,0.2781309187412262,0.27801603078842163
1785545365086060000,112612224,0.3032331168651581,0.3031182289123535,0.2781309187412262,0.27801603078842163
1785545365095633500,112631775,0.3038296401500702,0.3037252128124237,0.28116413950920105,0.28105977177619934
1785545365106821200,112631775,0.3038296401500702,0.3037252128124237,0.28116413950920105,0.28105977177619934
1785545365117902600,112647909,0.3040032684803009,0.3039141893386841,0.2839251160621643,0.2838360667228699
1785545365129172400,112662244,0.3025403916835785,0.3024830222129822,0.2894085645675659,0.289351224899292
1785545365140595200,112678962,0.3044982850551605,0.3044482171535492,0.29167789220809937,0.29162776470184326
1785545365151710900,112678962,0.3044982850551605,0.3044482171535492,0.29167789220809937,0.29162776470184326
1785545365161565800,112698398,0.307254821062088,0.3072015941143036,0.2931195795536041,0.2930663526058197
1785545365172616000,112698398,0.307254821062088,0.3072015941143036,0.2931195795536041,0.2930663526058197
1785545365183782700,112714572,0.30947649478912354,0.3094138205051422,0.2931431233882904,0.2930804491043091
1785545365195565400,112728914,0.3093874156475067,0.30933326482772827,0.29539334774017334,0.2953392267227173
1785545365205079300,112728914,0.3093874156475067,0.30933326482772827,0.29539334774017334,0.2953392267227173
1785545365215723000,112745564,0.3085370361804962,0.30850711464881897,0.2999211847782135,0.29989129304885864
1785545365226980200,112765213,0.3105943202972412,0.3105645477771759,0.3013669550418854,0.3013371527194977
1785545365237238800,112765213,0.3105943202972412,0.3105645477771759,0.3013669550418854,0.3013371527194977
1785545365248258000,112781246,0.3118880093097687,0.31185951828956604,0.30275118350982666,0.30272266268730164
1785545365259021100,112795659,0.31258639693260193,0.3125612437725067,0.30435389280319214,0.30432870984077454
1785545365270086300,112795659,0.31258639693260193,0.3125612437725067,0.30435389280319214,0.30432870984077454
1785545365281192500,112812214,0.3139152228832245,0.31388819217681885,0.30484500527381897,0.30481797456741333
1785545365290783700,112812214,0.3139152228832245,0.31388819217681885,0.30484500527381897,0.30481797456741333
1785545365301778300,112831795,0.31445348262786865,0.3144300878047943,0.3063336908817291,0.3063102662563324
1785545365312935200,112848173,0.3147784173488617,0.31475988030433655,0.307661771774292,0.30764323472976685
1785545365322429300,112848173,0.3147784173488617,0.31475988030433655,0.307661771774292,0.30764323472976685
1785545365333677700,112862323,0.3150898516178131,0.3150744140148163,0.3088087737560272,0.3087933361530304
1785545365344109700,112878964,0.3152056336402893,0.31519758701324463,0.31108713150024414,0.31107908487319946
1785545365355413900,112878964,0.3152056336402893,0.31519758701324463,0.31108713150024414,0.31107908487319946
1785545365366242700,112898568,0.31644755601882935,0.3164399266242981,0.31213417649269104,0.312126487493515
1785545365377505800,112914660,0.3176594376564026,0.3176487684249878,0.31214088201522827,0.3121301531791687
1785545365388481600,112914660,0.3176594376564026,0.3176487684249878,0.31214088201522827,0.3121301531791687
1785545365401295100,112928898,0.3179183602333069,0.3179094195365906,0.3130127191543579,0.3130037188529968
1785545365410808800,112945541,0.29208996891975403,0.29208460450172424,0.34021809697151184,0.34021273255348206
1785545365420755000,112945541,0.29208996891975403,0.29208460450172424,0.34021809697151184,0.34021273255348206
1785545365431979300,112965027,0.27894771099090576,0.2789434790611267,0.3547627627849579,0.35475850105285645
1785545365442048200,112965027,0.27894771099090576,0.2789434790611267,0.3547627627849579,0.35475850105285645
1785545365453063400,112981227,0.26917845010757446,0.2691768705844879,0.3650393486022949,0.3650377690792084
1785545365463935600,112995589,0.2607830762863159,0.2607819437980652,0.37164628505706787,0.37164515256881714
1785545365475668800,113012277,0.274685800075531,0.2746836841106415,0.35637763142585754,0.356375515460968
1785545365485642900,113012277,0.274685800075531,0.2746836841106415,0.35637763142585754,0.356375515460968
1785545365497006800,113031721,0.27955955266952515,0.2795582413673401,0.3467522859573364,0.34675097465515137
1785545365508084800,113031721,0.27955955266952515,0.2795582413673401,0.3467522859573364,0.34675097465515137
1785545365519091400,113048124,0.2802608609199524,0.28026053309440613,0.339915931224823,0.33991557359695435
1785545365530147800,113062230,0.28434252738952637,0.28434285521507263,0.32507315278053284,0.3250734806060791
1785545365541448100,113078949,0.2777702808380127,0.27777090668678284,0.32029491662979126,0.3202955722808838
1785545365550986800,113078949,0.2777702808380127,0.27777090668678284,0.32029491662979126,0.3202955722808838
1785545365562068900,113098411,0.26900598406791687,0.26900699734687805,0.3183037340641022,0.31830474734306335
1785545365573304700,113098411,0.26900598406791687,0.26900699734687805,0.3183037340641022,0.31830474734306335
1785545365584197600,113114895,0.2656081020832062,0.2656095623970032,0.31383198499679565,0.31383341550827026
1785545365595493700,113128935,0.26131537556648254,0.2613169550895691,0.3137975335121155,0.31379908323287964
1785545365606798200,113145532,0.26572203636169434,0.2657238841056824,0.3024245500564575,0.30242636799812317
1785545365618257600,113145532,0.26572203636169434,0.2657238841056824,0.3024245500564575,0.30242636799812317
1785545365629061900,113165051,0.2624834179878235,0.26248544454574585,0.2994685471057892,0.29947054386138916
1785545365640502000,113165051,0.2624834179878235,0.26248544454574585,0.2994685471057892,0.29947054386138916
1785545365651622800,113181260,0.26085689663887024,0.2608591914176941,0.296661376953125,0.29666373133659363
1785545365662570700,113195544,0.2606664001941681,0.2606687545776367,0.29332080483436584,0.29332318902015686
1785545365672144400,113195544,0.2606664001941681,0.2606687545776367,0.29332080483436584,0.29332318902015686
1785545365683779400,113212217,0.2571796178817749,0.25718238949775696,0.294021874666214,0.29402461647987366
1785545365694879900,113231768,0.25721728801727295,0.25722014904022217,0.29112938046455383,0.29113221168518066
1785545365704262600,113231768,0.25721728801727295,0.25722014904022217,0.29112938046455383,0.29113221168518066
1785545365715850900,113247914,0.2578046917915344,0.2578076422214508,0.2884296774864197,0.28843262791633606
1785545365725151300,113262223,0.2585659325122833,0.25856879353523254,0.28589120507240295,0.28589412569999695
1785545365735890600,113262223,0.2585659325122833,0.25856879353523254,0.28589120507240295,0.28589412569999695
1785545365746690600,113278925,0.26141345500946045,0.26141589879989624,0.28058621287345886,0.28058868646621704
1785545365757987900,113278925,0.26141345500946045,0.26141589879989624,0.28058621287345886,0.28058868646621704
1785545365769006700,113298391,0.25979456305503845,0.25979718565940857,0.279978483915329,0.2799811065196991
1785545365779077400,113314528,0.2586749196052551,0.2586778700351715,0.279729425907135,0.279732346534729
1785545365790089200,113328884,0.2573684751987457,0.25737154483795166,0.2801035940647125,0.28010672330856323
1785545365800412200,113328884,0.2573684751987457,0.25737154483795166,0.2801035940647125,0.28010672330856323
1785545365811509900,113345607,0.2583378553390503,0.2583407759666443,0.2781084477901459,0.27811139822006226
1785545365820965000,113345607,0.2583378553390503,0.2583407759666443,0.2781084477901459,0.27811139822006226
1785545365832189200,113365074,0.2602870464324951,0.2602895498275757,0.2749350965023041,0.27493759989738464
1785545365843672900,113381223,0.26029089093208313,0.2602933943271637,0.2740902602672577,0.27409273386001587
1785545365854576700,113381223,0.26029089093208313,0.2602933943271637,0.2740902602672577,0.27409273386001587
1785545365865473000,113395512,0.26029935479164124,0.260301798582077,0.2734368145465851,0.2734391987323761
1785545365876999400,113412179,0.25896143913269043,0.25896427035331726,0.2742667496204376,0.2742695212364197
1785545365887940300,113412179,0.25896143913269043,0.25896427035331726,0.2742667496204376,0.2742695212364197
1785545365899305000,113431794,0.25928837060928345,0.2592911422252655,0.2734426259994507,0.27344539761543274
1785545365910769200,113447864,0.25989750027656555,0.25990015268325806,0.27248257398605347,0.27248528599739075
1785545365922229600,113447864,0.25989750027656555,0.25990015268325806,0.27248257398605347,0.27248528599739075
1785545365933463800,113462199,0.2605014145374298,0.260503888130188,0.2715902030467987,0.2715926766395569
1785545365943651300,113478912,0.2620134949684143,0.2620154023170471,0.2696952819824219,0.2696972191333771
1785545365954475000,113478912,0.2620134949684143,0.2620154023170471,0.2696952819824219,0.2696972191333771
1785545365967343800,113498455,0.2618313729763031,0.2618333101272583,0.2695331871509552,0.2695351243019104
1785545365977623000,113514563,0.26080018281936646,0.2608025372028351,0.2703816294670105,0.2703840136528015
1785545365988530300,113514563,0.26080018281936646,0.2608025372028351,0.2703816294670105,0.2703840136528015
1785545365998762100,113528862,0.26110130548477173,0.2611036002635956,0.2699303925037384,0.26993274688720703
1785545366009928800,113545521,0.26183757185935974,0.2618395984172821,0.2690293490886688,0.2690314054489136
1785545366020637800,113545521,0.26183757185935974,0.2618395984172821,0.2690293490886688,0.2690314054489136
1785545366031756500,113565152,0.26264214515686035,0.2626437842845917,0.2680421769618988,0.26804378628730774
1785545366041869800,113565152,0.26264214515686035,0.2626437842845917,0.2680421769618988,0.26804378628730774
1785545366050931200,113581897,0.2626717686653137,0.26267343759536743,0.2678907513618469,0.26789239048957825
1785545366061615800,113595521,0.2628544270992279,0.26285597681999207,0.2676194906234741,0.26762109994888306
1785545366071180200,113595521,0.2628544270992279,0.26285597681999207,0.2676194906234741,0.26762109994888306
1785545366083834000,113612208,0.262470006942749,0.2624717950820923,0.2679300308227539,0.26793181896209717
1785545366093335300,113612208,0.262470006942749,0.2624717950820923,0.2679300308227539,0.26793181896209717
1785545366102431200,113631764,0.262617290019989,0.2626190185546875,0.2677119970321655,0.2677137553691864
1785545366113442400,113647995,0.26287102699279785,0.2628726363182068,0.26740995049476624,0.26741155982017517
1785545366124811400,113662190,0.28942781686782837,0.28942903876304626,0.24080447852611542,0.2408057004213333
1785545366135809100,113662190,0.28942781686782837,0.28942903876304626,0.24080447852611542,0.2408057004213333
1785545366147097200,113678952,0.31147265434265137,0.3114737868309021,0.21871422231197357,0.2187153398990631
1785545366157170500,113678952,0.31147265434265137,0.3114737868309021,0.21871422231197357,0.2187153398990631
1785545366170047300,113698416,0.32193806767463684,0.3219393193721771,0.2082240879535675,0.208225280046463
1785545366179333600,113714772,0.32941970229148865,0.32942092418670654,0.20078648626804352,0.20078766345977783
1785545366190394800,113714772,0.32941970229148865,0.32942092418670654,0.20078648626804352,0.20078766345977783
1785545366200429200,113728862,0.3147890567779541,0.31479036808013916,0.21544165909290314,0.215442955493927
1785545366211852400,113745532,0.29899173974990845,0.29899275302886963,0.23198693990707397,0.23198796808719635
1785545366223293000,113745532,0.29899173974990845,0.29899275302886963,0.23198693990707397,0.23198796808719635
1785545366232999400,113765019,0.2962680160999298,0.2962689697742462,0.23595567047595978,0.23595666885375977
1785545366244005500,113781149,0.29598644375801086,0.29598745703697205,0.2378259003162384,0.2378268837928772
1785545366255856200,113781149,0.29598644375801086,0.29598745703697205,0.2378259003162384,0.2378268837928772
1785545366265322700,113795521,0.2950921952724457,0.2950931191444397,0.24075159430503845,0.24075251817703247
1785545366276624900,113812162,0.29986506700515747,0.29986611008644104,0.23757097125053406,0.23757199943065643
1785545366287486000,113812162,0.29986506700515747,0.29986611008644104,0.23757097125053406,0.23757199943065643
1785545366298664400,113831735,0.298594206571579,0.2985951602458954,0.2412334829568863,0.2412344515323639
1785545366310166700,113847881,0.2968366742134094,0.29683753848075867,0.2453041970729828,0.24530509114265442
1785545366321219100,113847881,0.2968366742134094,0.29683753848075867,0.2453041970729828,0.24530509114265442
1785545366330880100,113862192,0.29519322514533997,0.29519402980804443,0.2494586557149887,0.24945947527885437
1785545366342000800,113878924,0.2908205986022949,0.29082122445106506,0.2588668763637543,0.2588675618171692
1785545366352764500,113878924,0.2908205986022949,0.29082122445106506,0.2588668763637543,0.2588675618171692
1785545366363712500,113898352,0.2941564917564392,0.29415711760520935,0.26075512170791626,0.2607557773590088
1785545366374339800,113898352,0.2941564917564392,0.29415711760520935,0.26075512170791626,0.2607557773590088
1785545366385530500,113914503,0.2994682490825653,0.2994690239429474,0.25822803378105164,0.25822874903678894
1785545366394755800,113928843,0.29879143834114075,0.29879215359687805,0.26184341311454773,0.26184412837028503
1785545366405977200,113928843,0.29879143834114075,0.29879215359687805,0.26184341311454773,0.26184412837028503
1785545366417193700,113945516,0.2974362075328827,0.29743683338165283,0.26716044545173645,0.2671610414981842
1785545366430047000,113965012,0.2986485958099365,0.2986491620540619,0.27031633257865906,0.2703169286251068
1785545366440696900,113965012,0.2986485958099365,0.2986491620540619,0.27031633257865906,0.2703169286251068
1785545366451989300,113981192,0.29748427867889404,0.29748478531837463,0.27650195360183716,0.276502400636673
1785545366461679100,113995494,0.2988564074039459,0.2988568842411041,0.27947816252708435,0.2794785797595978
1785545366471135400,113995494,0.2988564074039459,0.2988568842411041,0.27947816252708435,0.2794785797595978
1785545366482255200,114012180,0.3029361963272095,0.3029366433620453,0.27882057428359985,0.27882105112075806
1785545366493321800,114031622,0.30403169989585876,0.30403217673301697,0.2815553545951843,0.2815558612346649
1785545366504338900,114031622,0.30403169989585876,0.30403217673301697,0.2815553545951843,0.2815558612346649
1785545366515805600,114047832,0.3042871356010437,0.30428755283355713,0.2843860387802124,0.2843864858150482
1785545366525662300,114062301,0.30444857478141785,0.3044489324092865,0.28704774379730225,0.2870481312274933
1785545366537209600,114062301,0.30444857478141785,0.3044489324092865,0.28704774379730225,0.2870481312274933
1785545366550080800,114078923,0.28051209449768066,0.28051239252090454,0.315614253282547,0.3156145215034485
1785545366559414400,114098217,0.25887739658355713,0.258877694606781,0.3390160799026489,0.33901628851890564
1785545366572070900,114098384,0.26193973422050476,0.261940062046051,0.338704377412796,0.3387046456336975
1785545366582134500,114114537,0.2558770179748535,0.25587737560272217,0.3474787473678589,0.34747907519340515
1785545366591276100,114128835,0.2673070430755615,0.2673073410987854,0.3378455936908722,0.33784589171409607
1785545366602232100,114128835,0.2673070430755615,0.2673073410987854,0.3378455936908722,0.33784589171409607
1785545366613629100,114145483,0.2558903694152832,0.25589054822921753,0.34774482250213623,0.34774503111839294
1785545366623611900,114145483,0.2558903694152832,0.25589054822921753,0.34774482250213623,0.34774503111839294
1785545366634342200,114165032,0.2649991512298584,0.2649993300437927,0.3352257013320923,0.3352259397506714
1785545366644341400,114181203,0.26822733879089355,0.26822760701179504,0.3301842510700226,0.33018454909324646
1785545366655723100,114181203,0.26822733879089355,0.26822760701179504,0.3301842510700226,0.33018454909324646
1785545366665305200,114195562,0.2755081057548523,0.275508314371109,0.3163730502128601,0.31637319922447205
1785545366676371700,114212169,0.26881399750709534,0.26881420612335205,0.31792309880256653,0.31792327761650085
1785545366687284900,114212169,0.26881399750709534,0.26881420612335205,0.31792309880256653,0.31792327761650085
1785545366698276900,114231731,0.26505911350250244,0.2650592625141144,0.31525686383247375,0.31525707244873047
1785545366709183300,114247805,0.2639504075050354,0.26395055651664734,0.31117796897888184,0.31117814779281616
1785545366720385400,114247805,0.2639504075050354,0.26395055651664734,0.31117796897888184,0.31117814779281616
1785545366731491400,114262173,0.2640670835971832,0.26406723260879517,0.30646440386772156,0.30646461248397827
1785545366741051300,114278886,0.26703330874443054,0.2670334279537201,0.296963095664978,0.2969632148742676
1785545366750686200,114278886,0.26703330874443054,0.2670334279537201,0.296963095664978,0.2969632148742676
1785545366761192200,114298499,0.2630578577518463,0.2630579471588135,0.294959157705307,0.29495924711227417
1785545366771843000,114298499,0.2630578577518463,0.2630579471588135,0.294959157705307,0.29495924711227417
1785545366783217100,114314526,0.2602749466896057,0.26027506589889526,0.292885422706604,0.29288554191589355
1785545366794281000,114328839,0.25655272603034973,0.2565528452396393,0.2937982976436615,0.29379838705062866
1785545366803954400,114328839,0.25655272603034973,0.2565528452396393,0.2937982976436615,0.29379838705062866
1785545366815395800,114345485,0.2561061978340149,0.25610631704330444,0.2884711027145386,0.28847119212150574
1785545366826296100,114365028,0.2527645230293274,0.25276464223861694,0.28210100531578064,0.2821011245250702
1785545366837582200,114365028,0.2527645230293274,0.25276464223861694,0.28210100531578064,0.2821011245250702
1785545366849957500,114381199,0.24766704440116882,0.2476671189069748,0.2751505672931671,0.2751506567001343
1785545366859537800,114395573,0.24503013491630554,0.24503019452095032,0.26452893018722534,0.2645289897918701
1785545366870359600,114395573,0.24503013491630554,0.24503019452095032,0.26452893018722534,0.2645289897918701
1785545366881708100,114412178,0.23776225745677948,0.23776231706142426,0.26145726442337036,0.2614573538303375
1785545366891279100,114412178,0.23776225745677948,0.23776231706142426,0.26145726442337036,0.2614573538303375
1785545366901000100,114431660,0.22983229160308838,0.22983238101005554,0.2540997564792633,0.25409984588623047
1785545366912166200,114447793,0.22289679944515228,0.22289687395095825,0.24586814641952515,0.24586820602416992
1785545366922089700,114447793,0.22289679944515228,0.22289687395095825,0.24586814641952515,0.24586820602416992
1785545366932954900,114462157,0.2184564620256424,0.21845650672912598,0.23510532081127167,0.23510536551475525
1785545366945509900,114478879,0.20964768528938293,0.20964772999286652,0.2254984974861145,0.22549854218959808
1785545366954788900,114478879,0.20964768528938293,0.20964772999286652,0.2254984974861145,0.22549854218959808
1785545366965674400,114498420,0.198109969496727,0.19811002910137177,0.21523268520832062,0.2152327299118042
1785545366975753000,114514498,0.19089892506599426,0.19089898467063904,0.21096587181091309,0.21096594631671906
1785545366986570300,114514498,0.19089892506599426,0.19089898467063904,0.21096587181091309,0.21096594631671906
1785545366997805800,114528839,0.18509148061275482,0.1850915551185608,0.2038118541240692,0.20381194353103638
1785545367008940500,114545489,0.1777615249156952,0.17776156961917877,0.19383619725704193,0.1938362419605255
1785545367020199500,114545489,0.1777615249156952,0.17776156961917877,0.19383619725704193,0.1938362419605255
1785545367031142500,114565043,0.16923856735229492,0.1692386120557785,0.18209972977638245,0.18209975957870483
1785545367040776000,114565043,0.16923856735229492,0.1692386120557785,0.18209972977638245,0.18209975957870483
1785545367052125300,114581182,0.16073718667030334,0.16073723137378693,0.1728830188512802,0.1728830635547638
1785545367065059400,114595487,0.15264618396759033,0.1526462286710739,0.16435593366622925,0.16435596346855164
1785545367074338400,114612160,0.14529938995838165,0.14529941976070404,0.15861989557743073,0.1586199253797531
1785545367084089000,114612160,0.14529938995838165,0.14529941976070404,0.15861989557743073,0.1586199253797531
1785545367095354400,114631721,0.13673904538154602,0.1367390751838684,0.14984184503555298,0.14984187483787537
1785545367105136400,114631721,0.13673904538154602,0.1367390751838684,0.14984184503555298,0.14984187483787537
1785545367116060500,114648548,0.12906807661056519,0.12906810641288757,0.14138497412204742,0.1413850039243698
1785545367127217500,114662319,0.12373188138008118,0.12373191118240356,0.13321001827716827,0.13321004807949066
1785545367138861900,114662319,0.12373188138008118,0.12373191118240356,0.13321001827716827,0.13321004807949066
1785545367149911200,114678896,0.11710835993289948,0.11710837483406067,0.12522746622562408,0.12522748112678528
1785545367160996900,114698327,0.11060357838869095,0.11060360074043274,0.1186651736497879,0.11866520345211029
1785545367170545100,114698327,0.11060357838869095,0.11060360074043274,0.1186651736497879,0.11866520345211029
1785545367182008100,114714552,0.10655912756919861,0.1065591499209404,0.11576014757156372,0.11576017737388611
1785545367193248300,114728823,0.10460205376148224,0.10460207611322403,0.11347729712724686,0.11347731947898865
1785545367204338500,114728823,0.10460205376148224,0.10460207611322403,0.11347729712724686,0.11347731947898865
1785545367216004200,114745494,0.16191130876541138,0.16191133856773376,0.16849568486213684,0.16849569976329803
1785545367225727200,114745494,0.16191130876541138,0.16191133856773376,0.16849568486213684,0.16849569976329803
1785545367237226200,114765004,0.20236694812774658,0.20236694812774658,0.20760321617126465,0.20760323107242584
1785545367247903400,114781234,0.2240523397922516,0.22405235469341278,0.2283402979373932,0.22834031283855438
1785545367258852400,114795485,0.23653949797153473,0.2365395426750183,0.24013756215572357,0.24013757705688477
1785545367269978100,114795485,0.23653949797153473,0.2365395426750183,0.24013756215572357,0.24013757705688477
1785545367280997600,114812144,0.24605214595794678,0.24605217576026917,0.24985618889331818,0.24985618889331818
1785545367292189900,114812144,0.24605214595794678,0.24605217576026917,0.24985618889331818,0.24985618889331818
1785545367304972800,114831691,0.2530219554901123,0.2530219554901123,0.25650426745414734,0.25650426745414734
1785545367314532900,114848347,0.256807804107666,0.256807804107666,0.25989460945129395,0.25989460945129395
1785545367323980500,114862134,0.25939008593559265,0.25939008593559265,0.26138511300086975,0.26138511300086975
1785545367335680200,114862134,0.25939008593559265,0.25939008593559265,0.26138511300086975,0.26138511300086975
1785545367345190300,114878809,0.2612483501434326,0.2612483501434326,0.26286259293556213,0.2628626227378845
1785545367355839400,114878809,0.2612483501434326,0.2612483501434326,0.26286259293556213,0.2628626227378845
1785545367367059300,114898373,0.2622680068016052,0.2622680068016052,0.2642059326171875,0.2642059624195099
1785545367378166800,114914494,0.26291969418525696,0.26291969418525696,0.26480191946029663,0.264801949262619
1785545367390736100,114914494,0.26291969418525696,0.26291969418525696,0.26480191946029663,0.264801949262619
1785545367401737600,114928826,0.263211727142334,0.263211727142334,0.2652333676815033,0.2652333974838257
1785545367411463600,114945454,0.2636680006980896,0.2636680006980896,0.26534393429756165,0.26534396409988403
1785545367420915900,114945454,0.2636680006980896,0.2636680006980896,0.26534393429756165,0.26534396409988403
1785545367433660800,114965115,0.2641226649284363,0.2641226649284363,0.2652900218963623,0.2652899920940399
1785545367443554600,114981621,0.2641526460647583,0.2641526460647583,0.2654758393764496,0.2654758095741272
1785545367456230500,114981621,0.2641526460647583,0.2641526460647583,0.2654758393764496,0.2654758095741272
1785545367467380800,114995539,0.2643904387950897,0.2643904387950897,0.2653539776802063,0.2653539776802063
1785545367477361100,115012143,0.264415442943573,0.2644154727458954,0.26542356610298157,0.26542359590530396
1785545367488242700,115012143,0.264415442943573,0.2644154727458954,0.26542356610298157,0.26542359590530396
1785545367500729200,115031659,0.26446545124053955,0.26446545124053955,0.2654401659965515,0.2654401957988739
1785545367510327200,115047829,0.26453709602355957,0.26453709602355957,0.26540347933769226,0.26540347933769226
1785545367520185100,115047829,0.26453709602355957,0.26453709602355957,0.26540347933769226,0.26540347933769226
1785545367531051100,115062131,0.2646055817604065,0.2646055817604065,0.2653547525405884,0.2653547525405884
1785545367542122500,115078814,0.2647690176963806,0.2647690176963806,0.26520633697509766,0.26520633697509766
1785545367553593600,115078814,0.2647690176963806,0.2647690176963806,0.26520633697509766,0.26520633697509766
1785545367565169900,115098345,0.2647559344768524,0.2647559344768524,0.26522982120513916,0.26522982120513916
1785545367576325700,115098345,0.2647559344768524,0.2647559344768524,0.26522982120513916,0.26522982120513916
1785545367585868100,115114862,0.26476141810417175,0.26476141810417175,0.26522982120513916,0.26522982120513916
1785545367597239400,115128793,0.264730840921402,0.264730840921402,0.2652634382247925,0.2652634382247925
1785545367607580700,115145547,0.2648175358772278,0.26481756567955017,0.2651788890361786,0.2651788890361786
1785545367618683600,115145547,0.2648175358772278,0.26481756567955017,0.2651788890361786,0.2651788890361786
1785545367630031400,115165065,0.26485416293144226,0.26485416293144226,0.26514384150505066,0.26514384150505066
1785545367641175400,115165065,0.26485416293144226,0.26485416293144226,0.26514384150505066,0.26514384150505066
1785545367650779700,115181692,0.26486295461654663,0.26486295461654663,0.26513582468032837,0.26513582468032837
1785545367662042900,115195464,0.2648857831954956,0.2648857533931732,0.2651134431362152,0.2651134431362152
1785545367673303300,115212127,0.2648846209049225,0.2648846209049225,0.26511475443840027,0.26511478424072266
1785545367684321600,115212214,0.264875203371048,0.264875203371048,0.26512429118156433,0.2651243209838867
1785545367694925300,115231657,0.23852238059043884,0.23852239549160004,0.2914773225784302,0.2914773225784302
1785545367705912000,115231657,0.23852238059043884,0.23852239549160004,0.2914773225784302,0.2914773225784302
1785545367717288000,115247781,0.21935231983661652,0.21935231983661652,0.31064748764038086,0.31064748764038086
1785545367726969400,115262136,0.20747901499271393,0.20747901499271393,0.32252395153045654,0.32252395153045654
1785545367737162200,115262136,0.20747901499271393,0.20747901499271393,0.32252395153045654,0.32252395153045654
1785545367748421400,115278799,0.2000027298927307,0.2000027298927307,0.33004331588745117,0.33004331588745117
1785545367759182700,115278799,0.2000027298927307,0.2000027298927307,0.33004331588745117,0.33004331588745117
1785545367770130000,115298331,0.2199040651321411,0.2199040651321411,0.3103181719779968,0.31031814217567444
1785545367781124300,115314657,0.23327451944351196,0.23327454924583435,0.29743629693984985,0.29743629693984985
1785545367792106300,115328780,0.23076246678829193,0.23076249659061432,0.30022597312927246,0.30022597312927246
1785545367802139200,115328780,0.23076246678829193,0.23076249659061432,0.30022597312927246,0.30022597312927246
1785545367812769400,115345451,0.23468464612960815,0.23468466103076935,0.297385036945343,0.297385036945343
1785545367823850200,115345451,0.23468464612960815,0.23468466103076935,0.297385036945343,0.297385036945343
1785545367835566900,115364971,0.23658797144889832,0.23658795654773712,0.2972978353500366,0.29729777574539185
1785545367845210000,115381153,0.24551154673099518,0.24551154673099518,0.29148730635643005,0.29148727655410767
1785545367855346000,115381153,0.24551154673099518,0.24551154673099518,0.29148730635643005,0.29148727655410767
1785545367866415900,115395455,0.2490878850221634,0.2490878850221634,0.29109495878219604,0.29109492897987366
1785545367877797600,115412190,0.24552468955516815,0.24552467465400696,0.29709404706954956,0.29709404706954956
1785545367888889900,115412190,0.24552468955516815,0.24552467465400696,0.29709404706954956,0.29709404706954956
1785545367899963700,115431651,0.24870644509792328,0.24870643019676208,0.2972325384616852,0.29723256826400757
1785545367910981500,115448339,0.2524949312210083,0.2524949014186859,0.29635560512542725,0.29635560512542725
1785545367920643300,115448339,0.2524949312210083,0.2524949014186859,0.29635560512542725,0.29635560512542725
1785545367932105200,115462124,0.2622114419937134,0.2622114419937134,0.2910325825214386,0.2910325527191162
1785545367942225300,115478770,0.2661173641681671,0.2661173641681671,0.29233798384666443,0.29233795404434204
1785545367953397200,115478770,0.2661173641681671,0.2661173641681671,0.29233798384666443,0.29233795404434204
1785545367964804300,115498351,0.2662569284439087,0.2662569582462311,0.2973172068595886,0.2973172068595886
1785545367975777200,115514428,0.2689211666584015,0.2689211666584015,0.2987149953842163,0.2987149953842163
1785545367986979000,115514428,0.2689211666584015,0.2689211666584015,0.2987149953842163,0.2987149953842163
1785545367998115000,115528807,0.2689993679523468,0.2689993679523468,0.3010098934173584,0.3010098934173584
1785545368009277200,115545533,0.27627065777778625,0.27627065777778625,0.29836562275886536,0.29836562275886536
1785545368020332300,115545533,0.27627065777778625,0.27627065777778625,0.29836562275886536,0.29836562275886536
1785545368031297400,115565281,0.2793799936771393,0.2793799638748169,0.30007413029670715,0.30007410049438477
1785545368040935900,115565281,0.2793799936771393,0.2793799638748169,0.30007413029670715,0.30007410049438477
1785545368052280900,115581380,0.3057279586791992,0.30572792887687683,0.27753961086273193,0.27753961086273193
1785545368063795300,115595442,0.3313610255718231,0.3313610255718231,0.25541263818740845,0.25541266798973083
1785545368075358000,115612172,0.3164080083370209,0.31640803813934326,0.27307504415512085,0.27307507395744324
1785545368084830000,115612172,0.3164080083370209,0.31640803813934326,0.27307504415512085,0.27307507395744324
1785545368095994100,115631678,0.3286905586719513,0.3286905884742737,0.2635324001312256,0.2635324001312256
1785545368107295400,115631678,0.3286905586719513,0.3286905884742737,0.2635324001312256,0.2635324001312256
1785545368119289600,115647826,0.34564268589019775,0.34564268589019775,0.24765720963478088,0.24765720963478088
1785545368128829500,115662110,0.3356032371520996,0.3356032371520996,0.25733277201652527,0.25733277201652527
1785545368138877100,115662110,0.3356032371520996,0.3356032371520996,0.25733277201652527,0.25733277201652527
1785545368149741800,115678779,0.3160001039505005,0.3160001039505005,0.27218538522720337,0.27218541502952576
1785545368160670000,115698993,0.3114449977874756,0.3114449977874756,0.270687460899353,0.270687460899353
1785545368171988600,115698993,0.3114449977874756,0.3114449977874756,0.270687460899353,0.270687460899353
1785545368182221700,115714500,0.31016385555267334,0.31016385555267334,0.267831414937973,0.267831414937973
1785545368192914100,115728761,0.31102436780929565,0.31102436780929565,0.26355597376823425,0.26355597376823425
1785545368203950500,115728761,0.31102436780929565,0.31102436780929565,0.26355597376823425,0.26355597376823425
1785545368215504100,115745509,0.305748850107193,0.305748850107193,0.2640796899795532,0.2640797197818756
1785545368225375300,115745509,0.305748850107193,0.305748850107193,0.2640796899795532,0.2640797197818756
1785545368235479100,115764937,0.2977389991283417,0.2977389693260193,0.265656054019928,0.2656560242176056
1785545368248243500,115781104,0.2950565218925476,0.29505655169487,0.26370561122894287,0.26370561122894287
1785545368259672400,115795731,0.2925023138523102,0.29250234365463257,0.2624911963939667,0.2624911963939667
1785545368269146600,115795731,0.2925023138523102,0.29250234365463257,0.2624911963939667,0.2624911963939667
1785545368280556400,115812111,0.29377347230911255,0.29377350211143494,0.25837352871894836,0.25837352871894836
1785545368290205700,115812111,0.29377347230911255,0.29377350211143494,0.25837352871894836,0.25837352871894836
1785545368300875400,115831596,0.2908274531364441,0.2908274531364441,0.2583690881729126,0.2583690881729126
1785545368310452000,115847755,0.28802981972694397,0.28802981972694397,0.2589746117591858,0.2589746415615082
1785545368321685400,115847755,0.28802981972694397,0.28802981972694397,0.2589746117591858,0.2589746415615082
1785545368333131100,115862091,0.2821867763996124,0.2821867763996124,0.26241007447242737,0.26241007447242737
1785545368342411700,115878942,0.2808608114719391,0.2808608114719391,0.2614077925682068,0.2614077925682068
1785545368353504800,115878942,0.2808608114719391,0.2808608114719391,0.2614077925682068,0.2614077925682068
1785545368364952000,115898307,0.2808682322502136,0.2808682322502136,0.2592986822128296,0.2592986822128296
1785545368376023000,115898307,0.2808682322502136,0.2808682322502136,0.2592986822128296,0.2592986822128296
1785545368385635300,115914627,0.2797675132751465,0.2797675132751465,0.25891661643981934,0.25891661643981934
1785545368395712800,115928766,0.28030601143836975,0.28030601143836975,0.25754350423812866,0.25754350423812866
1785545368406848500,115945418,0.2761920392513275,0.2761920392513275,0.2604012191295624,0.26040118932724
1785545368417393400,115945418,0.2761920392513275,0.2761920392513275,0.2604012191295624,0.26040118932724
1785545368428631700,115964933,0.27560684084892273,0.27560684084892273,0.25987952947616577,0.25987952947616577
1785545368440538000,115964933,0.27560684084892273,0.27560684084892273,0.25987952947616577,0.25987952947616577
1785545368451700800,115981171,0.276613712310791,0.27661368250846863,0.2582816481590271,0.2582816481590271
1785545368460427200,115995431,0.27364659309387207,0.2736465632915497,0.26056867837905884,0.26056867837905884
1785545368471663700,115995431,0.27364659309387207,0.2736465632915497,0.26056867837905884,0.26056867837905884
1785545368482756200,116012099,0.2738790214061737,0.2738790214061737,0.2597987949848175,0.2597987949848175
1785545368492244200,116012099,0.2738790214061737,0.2738790214061737,0.2597987949848175,0.2597987949848175
1785545368502408800,116031694,0.27333971858024597,0.27333971858024597,0.2597975432872772,0.2597975432872772
1785545368513536500,116047908,0.27260372042655945,0.27260372042655945,0.2601413130760193,0.2601413130760193
1785545368524914400,116062108,0.2704581916332245,0.2704581916332245,0.26186853647232056,0.26186853647232056
1785545368536046400,116062108,0.2704581916332245,0.2704581916332245,0.26186853647232056,0.26186853647232056
1785545368547125100,116078738,0.2698531448841095,0.2698531448841095,0.2620634436607361,0.2620634436607361
1785545368557100900,116078738,0.2698531448841095,0.2698531448841095,0.2620634436607361,0.2620634436607361
1785545368567650700,116098311,0.2702479362487793,0.2702479362487793,0.26131391525268555,0.26131391525268555
1785545368578743400,116114456,0.270145446062088,0.270145446062088,0.2611982822418213,0.2611982822418213
1785545368588386100,116114456,0.270145446062088,0.270145446062088,0.2611982822418213,0.2611982822418213
1785545368599203900,116128778,0.27011823654174805,0.27011823654174805,0.2610781490802765,0.2610781490802765
1785545368610456800,116145498,0.2693675756454468,0.2693675756454468,0.2616642415523529,0.2616642415523529
1785545368621925600,116145498,0.2693675756454468,0.2693675756454468,0.2616642415523529,0.2616642415523529
1785545368632981100,116164931,0.26881688833236694,0.26881691813468933,0.2620493769645691,0.2620493769645691
1785545368644067100,116181116,0.26785808801651,0.26785808801651,0.2628582715988159,0.2628582715988159
1785545368655409600,116181116,0.26785808801651,0.26785808801651,0.2628582715988159,0.2628582715988159
1785545368664947900,116195397,0.2675890326499939,0.2675890624523163,0.2630140781402588,0.2630140781402588
1785545368676030600,116212160,0.2680966556072235,0.2680966556072235,0.26241984963417053,0.26241984963417053
1785545368687277000,116212160,0.2680966556072235,0.2680966556072235,0.26241984963417053,0.26241984963417053
1785545368700568700,116231689,0.2679174542427063,0.2679174542427063,0.26251184940338135,0.26251184940338135
1785545368710216800,116247837,0.26758459210395813,0.26758459210395813,0.2627840042114258,0.2627840042114258
1785545368721075400,116247837,0.26758459210395813,0.26758459210395813,0.2627840042114258,0.2627840042114258
1785545368730808800,116262079,0.2672608196735382,0.2672608196735382,0.26305991411209106,0.26305991411209106
1785545368741827100,116278750,0.2664777636528015,0.2664777636528015,0.2637791037559509,0.2637791037559509
1785545368754418500,116278750,0.2664777636528015,0.2664777636528015,0.2637791037559509,0.2637791037559509
1785545368763962300,116298371,0.26658371090888977,0.26658371090888977,0.26361870765686035,0.26361870765686035
1785545368775667100,116298371,0.26658371090888977,0.26658371090888977,0.26361870765686035,0.26361870765686035
1785545368785080800,116314471,0.26690882444381714,0.26690882444381714,0.2632650136947632,0.2632650136947632
1785545368796049900,116328790,0.2667333483695984,0.2667333483695984,0.26341739296913147,0.26341739296913147
1785545368807215500,116345402,0.26637938618659973,0.26637938618659973,0.26374611258506775,0.26374611258506775
1785545368818744200,116345402,0.26637938618659973,0.26637938618659973,0.26374611258506775,0.26374611258506775
1785545368830144200,116364956,0.2660217583179474,0.2660217583179474,0.26407626271247864,0.26407626271247864
1785545368841158400,116364956,0.2660217583179474,0.2660217583179474,0.26407626271247864,0.26407626271247864
1785545368851916600,116381676,0.26598501205444336,0.26598501205444336,0.2640947699546814,0.2640947699546814
1785545368863277200,116395424,0.26589661836624146,0.26589661836624146,0.26416996121406555,0.26416996121406555
1785545368874476300,116412256,0.2660336494445801,0.2660336494445801,0.2640223205089569,0.2640223205089569
1785545368885676800,116412256,0.2660336494445801,0.2660336494445801,0.2640223205089569,0.2640223205089569
1785545368895045200,116431536,0.2399306446313858,0.2399306446313858,0.2901148796081543,0.2901148796081543
1785545368906341500,116431536,0.2399306446313858,0.2399306446313858,0.2901148796081543,0.2901148796081543
1785545368917437400,116448011,0.21977905929088593,0.21977905929088593,0.3102591931819916,0.3102591931819916
1785545368928694100,116462082,0.2082897424697876,0.2082897275686264,0.3217523992061615,0.3217523992061615
1785545368938853200,116462082,0.2082897424697876,0.2082897275686264,0.3217523992061615,0.3217523992061615
1785545368951275300,116478754,0.2002212107181549,0.2002212107181549,0.3298848569393158,0.3298848867416382
1785545368960885900,116498248,0.22048567235469818,0.22048567235469818,0.3098321557044983,0.3098321557044983
1785545368970467100,116498248,0.22048567235469818,0.22048567235469818,0.3098321557044983,0.3098321557044983
1785545368981878600,116514405,0.2275109887123108,0.2275109738111496,0.3029196858406067,0.3029196858406067
1785545368993060400,116528779,0.2327195703983307,0.2327195703983307,0.2981521189212799,0.2981520891189575
1785545369004005800,116528779,0.2327195703983307,0.2327195703983307,0.2981521189212799,0.2981520891189575
1785545369017009400,116545382,0.24464155733585358,0.24464155733585358,0.28846585750579834,0.28846579790115356
1785545369026994900,116564888,0.2419803887605667,0.2419804036617279,0.29383212327957153,0.29383212327957153
1785545369037221300,116564888,0.2419803887605667,0.2419804036617279,0.29383212327957153,0.29383212327957153
1785545369048481400,116581062,0.23689532279968262,0.23689532279968262,0.30035892128944397,0.30035892128944397
1785545369059534400,116595407,0.2475310117006302,0.2475310117006302,0.29288095235824585,0.29288095235824585
1785545369070562400,116595407,0.2475310117006302,0.2475310117006302,0.29288095235824585,0.29288095235824585
1785545369082121400,116612068,0.24731123447418213,0.24731123447418213,0.29558199644088745,0.29558199644088745
1785545369093192000,116631612,0.2502410113811493,0.2502409815788269,0.29589879512786865,0.29589879512786865
1785545369104268700,116631612,0.2502410113811493,0.2502409815788269,0.29589879512786865,0.29589879512786865
1785545369115643900,116647750,0.25357916951179504,0.25357919931411743,0.2954954206943512,0.2954954206943512
1785545369127550600,116662182,0.2573511600494385,0.25735118985176086,0.29472917318344116,0.29472917318344116
1785545369137001600,116662182,0.2573511600494385,0.25735118985176086,0.29472917318344116,0.29472917318344116
1785545369149562900,116678713,0.2664676010608673,0.2664676308631897,0.2912425696849823,0.2912425696849823
1785545369159075500,116678713,0.2664676010608673,0.2664676308631897,0.2912425696849823,0.2912425696849823
1785545369171811800,116698229,0.2674396336078644,0.2674396336078644,0.2957916259765625,0.2957916259765625
1785545369181672000,116714410,0.26966696977615356,0.2696669399738312,0.29792317748069763,0.29792320728302
1785545369191032100,116728724,0.2693464159965515,0.2693463861942291,0.30075618624687195,0.30075618624687195
1785545369202337800,116728724,0.2693464159965515,0.2693463861942291,0.30075618624687195,0.30075618624687195
1785545369213269100,116745477,0.27350395917892456,0.27350395917892456,0.30006223917007446,0.3000622093677521
1785545369224589400,116745477,0.27350395917892456,0.27350395917892456,0.30006223917007446,0.3000622093677521
1785545369237182800,116764899,0.2799704670906067,0.2799704670906067,0.2989109754562378,0.2989109754562378
1785545369246675100,116781103,0.28256604075431824,0.28256604075431824,0.3005087673664093,0.3005087971687317
1785545369257885600,116795423,0.28489935398101807,0.2848993241786957,0.3019023537635803,0.3019023835659027
1785545369269230300,116795423,0.28489935398101807,0.2848993241786957,0.3019023537635803,0.3019023835659027
1785545369280060300,116812076,0.28476253151893616,0.28476253151893616,0.30497997999191284,0.30497997999191284
1785545369291068500,116812076,0.28476253151893616,0.28476253151893616,0.30497997999191284,0.30497997999191284
1785545369302221400,116831591,0.28749701380729675,0.28749701380729675,0.30560579895973206,0.30560579895973206
1785545369313556000,116847720,0.2899585962295532,0.2899585962295532,0.30586111545562744,0.30586111545562744
1785545369323488000,116862078,0.2921987771987915,0.2921987771987915,0.3061634302139282,0.3061634302139282
1785545369334317200,116862078,0.2921987771987915,0.2921987771987915,0.3061634302139282,0.3061634302139282
1785545369344901800,116878725,0.2968456745147705,0.2968456745147705,0.3058483600616455,0.3058483600616455
1785545369355952300,116878725,0.2968456745147705,0.2968456745147705,0.3058483600616455,0.3058483600616455
1785545369367064900,116898200,0.29804691672325134,0.29804691672325134,0.308683842420578,0.308683842420578
1785545369378604500,116914536,0.29960107803344727,0.29960107803344727,0.31015869975090027,0.31015869975090027
1785545369389712500,116914536,0.29960107803344727,0.29960107803344727,0.31015869975090027,0.31015869975090027
1785545369400809100,116928744,0.2999107837677002,0.2999107837677002,0.3116002082824707,0.3116002082824707
1785545369410397900,116945568,0.30198779702186584,0.30198779702186584,0.3117774724960327,0.3117774724960327
1785545369421959300,116945568,0.30198779702186584,0.30198779702186584,0.3117774724960327,0.3117774724960327
1785545369433484400,116965123,0.30395638942718506,0.30395638942718506,0.31232908368110657,0.31232908368110657
1785545369444853800,116981191,0.3052317202091217,0.3052317202091217,0.31299105286598206,0.31299105286598206
1785545369456122800,116981191,0.3052317202091217,0.3052317202091217,0.31299105286598206,0.31299105286598206
1785545369467389200,116995429,0.33246368169784546,0.33246365189552307,0.28828027844429016,0.28828030824661255
1785545369478860300,117012048,0.32705458998680115,0.32705461978912354,0.295660138130188,0.2956601679325104
1785545369488734400,117012048,0.32705458998680115,0.32705461978912354,0.295660138130188,0.2956601679325104
1785545369499721200,117031620,0.3426802158355713,0.3426802456378937,0.2821264863014221,0.2821264863014221
1785545369510712900,117047777,0.3577575385570526,0.3577575385570526,0.2680489718914032,0.2680489420890808
1785545369520364000,117047777,0.3577575385570526,0.3577575385570526,0.2680489718914032,0.2680489420890808
1785545369531489700,117062044,0.3653823435306549,0.3653823435306549,0.2583714723587036,0.2583714425563812
1785545369540969800,117078831,0.34854844212532043,0.34854844212532043,0.2707986533641815,0.2707986831665039
1785545369551876700,117078831,0.34854844212532043,0.34854844212532043,0.2707986533641815,0.2707986831665039
1785545369565184200,117098201,0.3329814672470093,0.3329814672470093,0.27955761551856995,0.27955764532089233
1785545369574366500,117098201,0.3329814672470093,0.3329814672470093,0.27955761551856995,0.27955764532089233
1785545369584983900,117114407,0.3258800208568573,0.3258800208568573,0.27924320101737976,0.27924323081970215
1785545369596461200,117128711,0.3293507695198059,0.3293507695198059,0.27151089906692505,0.27151089906692505
1785545369607512100,117145401,0.3165186047554016,0.3165186047554016,0.27461743354797363,0.27461743354797363
1785545369620638800,117145401,0.3165186047554016,0.3165186047554016,0.27461743354797363,0.27461743354797363
1785545369630513900,117164901,0.3132568597793579,0.3132568895816803,0.26881715655326843,0.26881715655326843
1785545369643672200,117181002,0.3093005418777466,0.30930057168006897,0.2690466344356537,0.2690466344356537
1785545369653051600,117181117,0.30919164419174194,0.30919167399406433,0.2661566436290741,0.2661566436290741
1785545369664095100,117195364,0.304281085729599,0.3042811155319214,0.26556041836738586,0.26556041836738586
1785545369675596900,117212021,0.30466923117637634,0.30466923117637634,0.2608243227005005,0.2608242928981781
1785545369685297300,117212021,0.30466923117637634,0.30466923117637634,0.2608243227005005,0.2608242928981781
1785545369696448700,117231568,0.30055469274520874,0.30055469274520874,0.2603657841682434,0.2603658139705658
1785545369707510100,117231568,0.30055469274520874,0.30055469274520874,0.2603657841682434,0.2603658139705658
1785545369718971400,117247675,0.29694128036499023,0.29694125056266785,0.2605474591255188,0.2605474889278412
1785545369730183800,117262073,0.29355859756469727,0.2935585677623749,0.26099133491516113,0.2609913647174835
1785545369741191300,117278814,0.2866286039352417,0.2866286039352417,0.26382723450660706,0.26382723450660706
1785545369752265200,117278814,0.2866286039352417,0.2866286039352417,0.26382723450660706,0.26382723450660706
1785545369763575700,117298310,0.2856970727443695,0.2856970727443695,0.2610306739807129,0.2610306441783905
1785545369774792900,117298310,0.2856970727443695,0.2856970727443695,0.2610306739807129,0.2610306441783905
1785545369784103000,117315030,0.2848656177520752,0.2848656475543976,0.25931981205940247,0.2593197822570801
1785545369795589200,117328743,0.2856235206127167,0.28562358021736145,0.2571375370025635,0.2571375072002411
1785545369804709800,117328743,0.2856235206127167,0.28562358021736145,0.2571375370025635,0.2571375072002411
1785545369815833600,117345378,0.28271377086639404,0.28271377086639404,0.25831180810928345,0.25831183791160583
1785545369826993700,117365012,0.28057757019996643,0.28057751059532166,0.258771151304245,0.2587711811065674
1785545369838541400,117365012,0.28057757019996643,0.28057751059532166,0.258771151304245,0.2587711811065674
1785545369849754800,117381085,0.2764508128166199,0.2764507830142975,0.2603752911090851,0.2603752911090851
1785545369860714200,117395354,0.2736039459705353,0.2736039459705353,0.258771151304245,0.258771151304245
1785545369872007500,117395354,0.2736039459705353,0.2736039459705353,0.258771151304245,0.258771151304245
1785545369885124800,117412148,0.27385368943214417,0.27385371923446655,0.25511032342910767,0.25511032342910767
1785545369894689500,117431527,0.2692588269710541,0.2692588269710541,0.25142234563827515,0.25142231583595276
1785545369903849200,117431527,0.2692588269710541,0.2692588269710541,0.25142234563827515,0.25142231583595276
1785545369916125700,117447751,0.2627663314342499,0.2627663016319275,0.24665997922420502,0.24665997922420502
1785545369925698600,117462043,0.2539516091346741,0.2539515793323517,0.24277521669864655,0.24277523159980774
1785545369935790300,117462043,0.2539516091346741,0.2539515793323517,0.24277521669864655,0.24277523159980774
1785545369947007200,117478713,0.24486908316612244,0.24486906826496124,0.23457084596157074,0.23457086086273193
1785545369956882900,117478713,0.24486908316612244,0.24486906826496124,0.23457084596157074,0.23457086086273193
1785545369968325100,117498417,0.23565791547298431,0.2356579303741455,0.22360286116600037,0.22360286116600037
1785545369979125300,117514520,0.23141008615493774,0.23141011595726013,0.21726270020008087,0.21726268529891968
1785545369990256300,117528737,0.22458712756633759,0.22458714246749878,0.21165010333061218,0.211650088429451
1785545370000568100,117528737,0.22458712756633759,0.22458714246749878,0.21165010333061218,0.211650088429451
1785545370011785400,117545364,0.21405377984046936,0.21405377984046936,0.20512084662914276,0.20512083172798157
1785545370022555300,117545364,0.21405377984046936,0.21405377984046936,0.20512084662914276,0.20512083172798157
1785545370032120200,117565026,0.20393230020999908,0.20393230020999908,0.19504733383655548,0.19504734873771667
1785545370043642200,117581076,0.1951511651277542,0.1951511651277542,0.18626058101654053,0.18626061081886292
1785545370054297000,117581076,0.1951511651277542,0.1951511651277542,0.18626058101654053,0.18626061081886292
1785545370065206900,117595362,0.18668919801712036,0.18668919801712036,0.17819684743881226,0.17819686233997345
1785545370076556000,117612104,0.18085962533950806,0.18085962533950806,0.17138570547103882,0.1713857203722
1785545370089000600,117612104,0.18085962533950806,0.18085962533950806,0.17138570547103882,0.1713857203722
1785545370098470000,117631530,0.1720045804977417,0.1720045953989029,0.1629181057214737,0.1629180908203125
1785545370109876400,117647689,0.16357295215129852,0.16357296705245972,0.15515729784965515,0.15515729784965515
1785545370120734400,117647689,0.16357295215129852,0.16357296705245972,0.15515729784965515,0.15515729784965515
1785545370132081800,117662008,0.15538232028484344,0.15538232028484344,0.14770051836967468,0.14770053327083588
1785545370142240300,117678777,0.14498326182365417,0.14498326182365417,0.1391706019639969,0.1391706019639969
1785545370153691500,117678777,0.14498326182365417,0.14498326182365417,0.1391706019639969,0.1391706019639969
1785545370166070800,117698216,0.13376645743846893,0.13376644253730774,0.12834836542606354,0.12834838032722473
1785545370177084600,117714417,0.12834934890270233,0.12834933400154114,0.12200018018484116,0.12200018763542175
1785545370186415600,117714417,0.12834934890270233,0.12834933400154114,0.12200018018484116,0.12200018763542175
1785545370197400400,117728731,0.12184962630271912,0.12184961140155792,0.11557983607053757,0.11557982861995697
1785545370208630000,117745347,0.11274262517690659,0.11274261027574539,0.10716073960065842,0.10716073215007782
1785545370218771800,117745347,0.11274262517690659,0.11274261027574539,0.10716073960065842,0.10716073215007782
1785545370229845400,117764818,0.10242418944835663,0.10242418944835663,0.0972960963845253,0.0972960889339447
1785545370240874400,117764818,0.10242418944835663,0.10242418944835663,0.0972960963845253,0.0972960889339447
1785545370251772900,117781367,0.09313583374023438,0.09313584119081497,0.08834535628557205,0.08834534883499146
1785545370263311700,117795345,0.08459491282701492,0.08459492027759552,0.08076976239681244,0.08076975494623184
1785545370272735300,117795345,0.08459491282701492,0.08459492027759552,0.08076976239681244,0.08076975494623184
1785545370283614200,117812204,0.07826770097017288,0.07826770097017288,0.07439237087965012,0.07439236342906952
1785545370294669700,117831522,0.0704406201839447,0.0704406127333641,0.06669560074806213,0.06669560074806213
1785545370304165000,117831522,0.0704406201839447,0.0704406127333641,0.06669560074806213,0.06669560074806213
1785545370315720300,117847766,0.06439003348350525,0.06439001858234406,0.06084790453314781,0.06084790453314781
1785545370325195200,117862053,0.06000930070877075,0.06000930070877075,0.05745115131139755,0.05745115131139755
1785545370336372000,117862053,0.06000930070877075,0.06000930070877075,0.05745115131139755,0.05745115131139755
1785545370348909500,117878695,0.05640614032745361,0.05640614032745361,0.0547688789665699,0.0547688789665699
1785545370358858900,117878695,0.05640614032745361,0.05640614032745361,0.0547688789665699,0.0547688789665699
1785545370370065400,117898181,0.14007771015167236,0.14007771015167236,0.13772234320640564,0.13772234320640564
1785545370380895600,117914355,0.18442954123020172,0.18442954123020172,0.1821354776620865,0.1821354776620865
1785545370390493200,117928723,0.20998582243919373,0.20998582243919373,0.2078639268875122,0.2078639268875122
1785545370401797400,117928723,0.20998582243919373,0.20998582243919373,0.2078639268875122,0.2078639268875122
1785545370411541300,117945356,0.22989612817764282,0.22989612817764282,0.2283250391483307,0.2283250391483307
1785545370421174600,117945356,0.22989612817764282,0.22989612817764282,0.2283250391483307,0.2283250391483307
1785545370433870500,117964888,0.2438889741897583,0.2438889741897583,0.24292685091495514,0.24292685091495514
1785545370445076400,117981021,0.2513761520385742,0.2513761520385742,0.2506064176559448,0.2506064176559448
1785545370454710400,117981021,0.2513761520385742,0.2513761520385742,0.2506064176559448,0.2506064176559448
1785545370464098700,117995369,0.25575119256973267,0.25575119256973267,0.2550368309020996,0.2550368309020996
1785545370475791700,118012027,0.25927525758743286,0.25927525758743286,0.25842803716659546,0.25842803716659546
1785545370487323000,118012027,0.25927525758743286,0.25927525758743286,0.25842803716659546,0.25842803716659546
1785545370496859200,118031644,0.261699378490448,0.261699378490448,0.26091474294662476,0.26091474294662476
1785545370508049400,118031644,0.261699378490448,0.261699378490448,0.26091474294662476,0.26091474294662476
1785545370520724600,118048627,0.2629544734954834,0.2629544734954834,0.26228439807891846,0.26228439807891846
1785545370531946000,118062026,0.2635978162288666,0.2635978162288666,0.26305505633354187,0.26305505633354187
1785545370542958700,118078673,0.26406994462013245,0.26406994462013245,0.2637879550457001,0.2637879550457001
1785545370552609400,118078673,0.26406994462013245,0.26406994462013245,0.2637879550457001,0.2637879550457001
1785545370563757500,118098242,0.2645180821418762,0.2645180821418762,0.2641938328742981,0.2641938328742981
1785545370574784500,118098242,0.2645180821418762,0.2645180821418762,0.2641938328742981,0.2641938328742981
1785545370587179100,118114399,0.26474517583847046,0.26474517583847046,0.26441964507102966,0.26441964507102966
1785545370597061100,118128677,0.2648989260196686,0.2648989260196686,0.26452764868736267,0.26452764868736267
1785545370608427900,118145330,0.26496490836143494,0.26496490836143494,0.26466816663742065,0.2646681070327759
1785545370618844900,118145330,0.26496490836143494,0.26496490836143494,0.26466816663742065,0.2646681070327759
1785545370629945200,118165012,0.2650080621242523,0.2650080621242523,0.2647720277309418,0.2647719979286194
1785545370641029500,118165012,0.2650080621242523,0.2650080621242523,0.2647720277309418,0.2647719979286194
1785545370652058600,118181273,0.26499760150909424,0.26499760150909424,0.26486024260520935,0.26486027240753174
1785545370663482800,118195353,0.26500600576400757,0.26500600576400757,0.2648957073688507,0.2648957371711731
1785545370674585800,118212128,0.2650408446788788,0.2650408446788788,0.26489517092704773,0.2648952007293701
1785545370684019100,118212128,0.2650408446788788,0.2650408446788788,0.26489517092704773,0.2648952007293701
1785545370695247500,118231690,0.26504409313201904,0.26504409313201904,0.2649175226688385,0.2649175524711609
1785545370706579600,118231690,0.26504409313201904,0.26504409313201904,0.2649175226688385,0.2649175524711609
1785545370716111700,118247828,0.265035480260849,0.265035480260849,0.26493966579437256,0.26493963599205017
1785545370727228600,118262033,0.2650133967399597,0.2650133967399597,0.26496952772140503,0.26496946811676025
1785545370737399600,118262033,0.2650133967399597,0.2650133967399597,0.26496952772140503,0.26496946811676025
1785545370750202200,118278674,0.2650158107280731,0.2650158107280731,0.2649732530117035,0.2649732232093811
1785545370760107600,118298835,0.26500993967056274,0.26500993967056274,0.264983594417572,0.2649836242198944
1785545370771146800,118298835,0.26500993967056274,0.26500993967056274,0.264983594417572,0.2649836242198944
1785545370782193300,118314434,0.2650126814842224,0.2650126516819,0.26498305797576904,0.26498305797576904
1785545370792483700,118328667,0.26500850915908813,0.26500850915908813,0.26498863101005554,0.26498863101005554
1785545370803298600,118328667,0.26500850915908813,0.26500850915908813,0.26498863101005554,0.26498863101005554
1785545370814341300,118345404,0.26500099897384644,0.26500096917152405,0.26499712467193604,0.26499712467193604
1785545370823799800,118345404,0.26500099897384644,0.26500096917152405,0.26499712467193604,0.26499712467193604
1785545370835444800,118364854,0.2649914026260376,0.2649914026260376,0.26500749588012695,0.26500752568244934
1785545370845026300,118381044,0.2649884521961212,0.2649884521961212,0.26501086354255676,0.26501086354255676
1785545370854671900,118381044,0.2649884521961212,0.2649884521961212,0.26501086354255676,0.26501086354255676
1785545370867364900,118395342,0.26498860120773315,0.26498860120773315,0.2650109827518463,0.2650109827518463
1785545370877444000,118412113,0.2649887800216675,0.26498880982398987,0.2650109827518463,0.2650109529495239
1785545370888551900,118412113,0.2649887800216675,0.26498880982398987,0.2650109827518463,0.2650109529495239
1785545370901287200,118431466,0.26498517394065857,0.26498520374298096,0.2650147080421448,0.2650147080421448
1785545370910799500,118445418,0.2649827003479004,0.2649827301502228,0.26501724123954773,0.26501724123954773
1785545370920497200,118445418,0.2649827003479004,0.2649827301502228,0.26501724123954773,0.26501724123954773
1785545370931569600,118464806,0.26498186588287354,0.26498183608055115,0.26501816511154175,0.26501816511154175
1785545370940617200,118464806,0.26498186588287354,0.26498183608055115,0.26501816511154175,0.26501816511154175
1785545370952072700,118481363,0.2649801969528198,0.2649801969528198,0.26501983404159546,0.26501986384391785
1785545370963518500,118495334,0.2649805247783661,0.2649805247783661,0.2650195062160492,0.2650195360183716
1785545370974305100,118512001,0.26497793197631836,0.26497790217399597,0.2650221288204193,0.2650221288204193
1785545370984049300,118512001,0.26497793197631836,0.26497790217399597,0.2650221288204193,0.2650221288204193
1785545370995221300,118531697,0.2649775445461273,0.26497751474380493,0.26502251625061035,0.26502254605293274
1785545371004806500,118531697,0.2649775445461273,0.26497751474380493,0.26502251625061035,0.26502254605293274
1785545371015931500,118548235,0.29044848680496216,0.23950588703155518,0.2904941737651825,0.2395516335964203
1785545371027188400,118561992,0.31357353925704956,0.2163865864276886,0.31361353397369385,0.21642658114433289
1785545371041216900,118561992,0.31357353925704956,0.2163865864276886,0.31361353397369385,0.21642658114433289
1785545371050910400,118578662,0.32735392451286316,0.20260925590991974,0.3273925483226776,0.2026478797197342
1785545371060555200,118598154,0.3269560635089874,0.20302815735340118,0.32699769735336304,0.2030697613954544
1785545371071099500,118598154,0.3269560635089874,0.20302815735340118,0.32699769735336304,0.2030697613954544
1785545371082189100,118612137,0.3129843473434448,0.2170054316520691,0.3130316436290741,0.21705272793769836
1785545371092852400,118612137,0.3129843473434448,0.2170054316520691,0.3130316436290741,0.21705272793769836
1785545371104037800,118631533,0.3046674430370331,0.2254827916622162,0.3047141134738922,0.22552941739559174
1785545371115453700,118647694,0.2982628643512726,0.23244322836399078,0.29830652475357056,0.23248682916164398
1785545371124830500,118662118,0.2635485827922821,0.26900243759155273,0.26358404755592346,0.2690379023551941
1785545371135864300,118662118,0.2635485827922821,0.26900243759155273,0.26358404755592346,0.2690379023551941
1785545371147087300,118678637,0.24146254360675812,0.2936795949935913,0.24149638414382935,0.2937134802341461
1785545371158688800,118678637,0.24146254360675812,0.2936795949935913,0.24149638414382935,0.2937134802341461
1785545371170184600,118698132,0.24287527799606323,0.29507172107696533,0.24291251599788666,0.29510897397994995
1785545371180887600,118711965,0.25945159792900085,0.2797902524471283,0.25949376821517944,0.2798323929309845
1785545371194058100,118711965,0.25945159792900085,0.2797902524471283,0.25949376821517944,0.2798323929309845
1785545371203943100,118731504,0.24391761422157288,0.29704803228378296,0.24395811557769775,0.29708853363990784
1785545371214264600,118745330,0.24694839119911194,0.2948094308376312,0.24698486924171448,0.2948458790779114
1785545371223502100,118745330,0.24694839119911194,0.2948094308376312,0.24698486924171448,0.2948458790779114
1785545371234621900,118764823,0.257365345954895,0.2843739986419678,0.25739380717277527,0.28440243005752563
1785545371246013000,118781057,0.25860077142715454,0.2831191122531891,0.2586345374584198,0.2831529378890991
1785545371255586600,118781057,0.25860077142715454,0.2831191122531891,0.2586345374584198,0.2831529378890991
1785545371266478600,118795335,0.2614436447620392,0.2793540060520172,0.26147258281707764,0.27938297390937805
1785545371277957600,118811962,0.2586820721626282,0.2813798487186432,0.2587137818336487,0.2814115285873413
1785545371289012100,118811962,0.2586820721626282,0.2813798487186432,0.2587137818336487,0.2814115285873413
1785545371299055300,118831546,0.2580563426017761,0.28101345896720886,0.2580875754356384,0.28104469180107117
1785545371311269500,118847692,0.25843414664268494,0.2798079252243042,0.2584640383720398,0.27983781695365906
1785545371320839800,118847692,0.25843414664268494,0.2798079252243042,0.2584640383720398,0.27983781695365906
1785545371330511800,118861977,0.2592126429080963,0.27827849984169006,0.25924035906791687,0.278306245803833
1785545371342011300,118878647,0.2616816759109497,0.2746524214744568,0.26170217990875244,0.2746729850769043
1785545371353118500,118878647,0.2616816759109497,0.2746524214744568,0.26170217990875244,0.2746729850769043
1785545371364131200,118898170,0.2602981626987457,0.27500051259994507,0.26031991839408875,0.2750222980976105
1785545371375510600,118898170,0.2602981626987457,0.27500051259994507,0.26031991839408875,0.2750222980976105
1785545371385500800,118914303,0.2584553062915802,0.27629005908966064,0.2584816515445709,0.276316374540329
1785545371396350600,118928665,0.2591245174407959,0.2751464545726776,0.2591494917869568,0.2751714587211609
1785545371407145700,118945363,0.2601499855518341,0.2735907733440399,0.26017165184020996,0.2736124098300934
1785545371417347600,118945363,0.2601499855518341,0.2735907733440399,0.26017165184020996,0.2736124098300934
1785545371428721700,118964940,0.26147186756134033,0.2716105580329895,0.26148882508277893,0.2716275751590729
1785545371438856200,118964940,0.26147186756134033,0.2716105580329895,0.26148882508277893,0.2716275751590729
1785545371449607200,118981198,0.2613418996334076,0.27128154039382935,0.2613585293292999,0.2712981700897217
1785545371460530000,118995315,0.26133158802986145,0.27093765139579773,0.26134783029556274,0.2709539234638214
1785545371473454700,118995315,0.26133158802986145,0.27093765139579773,0.26134783029556274,0.2709539234638214
1785545371483338300,119012154,0.2604028880596161,0.27159005403518677,0.2604215741157532,0.27160874009132385
1785545371494430600,119031511,0.26066675782203674,0.2710442543029785,0.2606847286224365,0.2710622251033783
1785545371504511700,119031511,0.26066675782203674,0.2710442543029785,0.2606847286224365,0.2710622251033783
1785545371515645700,119047904,0.2611011266708374,0.27040567994117737,0.26111772656440735,0.2704222500324249
1785545371525249400,119061972,0.26239877939224243,0.26889580488204956,0.2624110281467438,0.2689080536365509
1785545371536494700,119061972,0.26239877939224243,0.26889580488204956,0.2624110281467438,0.2689080536365509
1785545371547466200,119078717,0.2625698745250702,0.26851391792297363,0.262580931186676,0.26852497458457947
1785545371558872900,119078717,0.2625698745250702,0.26851391792297363,0.262580931186676,0.26852497458457947
1785545371571542200,119098317,0.26220303773880005,0.268685907125473,0.2622150480747223,0.26869797706604004
1785545371581089000,119114376,0.2621895372867584,0.2685667872428894,0.2622016668319702,0.2685788571834564
1785545371592269600,119128660,0.261862576007843,0.2688157856464386,0.2618757486343384,0.26882898807525635
1785545371605321900,119128660,0.261862576007843,0.2688157856464386,0.2618757486343384,0.26882898807525635
1785545371615397300,119145394,0.26226285099983215,0.26832830905914307,0.2622746527194977,0.2683401107788086
1785545371624884400,119145394,0.26226285099983215,0.26832830905914307,0.2622746527194977,0.2683401107788086
1785545371636202500,119164861,0.26303812861442566,0.2674465477466583,0.26304706931114197,0.26745548844337463
1785545371649258000,119181593,0.2626509666442871,0.26777467131614685,0.2626612186431885,0.2677849531173706
1785545371658690400,119195310,0.2632605731487274,0.26710423827171326,0.26326867938041687,0.2671123743057251
1785545371671624800,119195310,0.2632605731487274,0.26710423827171326,0.26326867938041687,0.2671123743057251
1785545371680967300,119211949,0.2630975842475891,0.26721465587615967,0.26310622692108154,0.2672232687473297
1785545371692152000,119211949,0.2630975842475891,0.26721465587615967,0.26310622692108154,0.2672232687473297
1785545371702340700,119231445,0.2631172239780426,0.26714417338371277,0.2631256878376007,0.2671526074409485
1785545371713372300,119245262,0.2632450461387634,0.2669855058193207,0.2632531225681305,0.26699352264404297
1785545371724857700,119245262,0.2632450461387634,0.2669855058193207,0.2632531225681305,0.26699352264404297
1785545371736165400,119264841,0.2634305953979492,0.2667620778083801,0.2634378969669342,0.2667693793773651
1785545371747260900,119281282,0.2638940215110779,0.26626476645469666,0.26389944553375244,0.2662702202796936
1785545371757091800,119295320,0.26399528980255127,0.26613810658454895,0.2640002965927124,0.2661431133747101
1785545371768232000,119295320,0.26399528980255127,0.26613810658454895,0.2640002965927124,0.2661431133747101
1785545371779304000,119311973,0.26374197006225586,0.2663695812225342,0.2637479901313782,0.2663756310939789
1785545371790379600,119311973,0.26374197006225586,0.2663695812225342,0.2637479901313782,0.2663756310939789
1785545371801955600,119331611,0.26376205682754517,0.2663295865058899,0.2637680470943451,0.2663355767726898
1785545371814727500,119347989,0.2638848125934601,0.2661934196949005,0.2638902962207794,0.2661988437175751
1785545371825891400,119362106,0.2642329931259155,0.26583319902420044,0.2642369270324707,0.2658371329307556
1785545371835483700,119362106,0.2642329931259155,0.26583319902420044,0.2642369270324707,0.2658371329307556
1785545371846462700,119378629,0.2643556296825409,0.2656978666782379,0.2643590271472931,0.2657012939453125
1785545371857380000,119378629,0.2643556296825409,0.2656978666782379,0.2643590271472931,0.2657012939453125
1785545371868601000,119398254,0.26425155997276306,0.26579007506370544,0.2642554044723511,0.26579391956329346
1785545371880117600,119414323,0.26411792635917664,0.26591700315475464,0.2641224265098572,0.2659215033054352
1785545371891098200,119428624,0.26420673727989197,0.265823632478714,0.26421087980270386,0.2658277750015259
1785545371900669900,119428624,0.26420673727989197,0.265823632478714,0.26421087980270386,0.2658277750015259
1785545371911961000,119445465,0.26435792446136475,0.2656678855419159,0.26436135172843933,0.2656712830066681
1785545371921796000,119445465,0.26435792446136475,0.2656678855419159,0.26436135172843933,0.2656712830066681
1785545371932844800,119464807,0.2655196785926819,0.2664400339126587,0.2655222713947296,0.26644259691238403
1785545371945467700,119478611,0.26745274662971497,0.26831334829330444,0.26745519042015076,0.26831576228141785
1785545371955679400,119478611,0.26745274662971497,0.26831334829330444,0.26745519042015076,0.26831576228141785
1785545371964398400,119498155,0.2721131443977356,0.2729646563529968,0.27211546897888184,0.27296701073646545
1785545371975817000,119511974,0.274201899766922,0.2751810848712921,0.2742045521736145,0.275183767080307
1785545371986923300,119511974,0.274201899766922,0.2751810848712921,0.2742045521736145,0.275183767080307
1785545371999373600,119531480,0.2800084948539734,0.2809244394302368,0.2800110876560211,0.28092700242996216
1785545372008801000,119545274,0.28581932187080383,0.28656649589538574,0.2858215570449829,0.2865687310695648
1785545372020193400,119545274,0.28581932187080383,0.28656649589538574,0.2858215570449829,0.2865687310695648
1785545372031155700,119564793,0.2950664758682251,0.2955359220504761,0.2950679063796997,0.29553738236427307
1785545372040722700,119578594,0.30233022570610046,0.30277934670448303,0.3023315966129303,0.30278071761131287
1785545372051693600,119578594,0.30233022570610046,0.30277934670448303,0.3023315966129303,0.30278071761131287
1785545372061948000,119598451,0.31202462315559387,0.31247174739837646,0.3120260238647461,0.3124731481075287
1785545372074792600,119598451,0.31202462315559387,0.31247174739837646,0.3120260238647461,0.3124731481075287
1785545372085474600,119614558,0.3189695477485657,0.3194056749343872,0.3189709484577179,0.31940707564353943
1785545372095508800,119628702,0.32290127873420715,0.323375940322876,0.32290276885032654,0.32337746024131775
1785545372105153600,119628702,0.32290127873420715,0.323375940322876,0.32290276885032654,0.32337746024131775
1785545372116058000,119645317,0.32710030674934387,0.32748177647590637,0.32710155844688416,0.32748305797576904
1785545372127121300,119664921,0.33024513721466064,0.3305046856403351,0.33024609088897705,0.3305056095123291
1785545372138698300,119664921,0.33024513721466064,0.3305046856403351,0.33024609088897705,0.3305056095123291
1785545372149662500,119681040,0.3072909116744995,0.30753204226493835,0.30729180574417114,0.3075329065322876
1785545372160648100,119695290,0.29403555393218994,0.29427632689476013,0.2940363585948944,0.2942771315574646
1785545372171842100,119695290,0.29403555393218994,0.29427632689476013,0.2940363585948944,0.2942771315574646
1785545372183239500,119711957,0.28352072834968567,0.2838161587715149,0.28352177143096924,0.2838171720504761
1785545372192729900,119731559,0.2760969400405884,0.27637502551078796,0.27609795331954956,0.27637606859207153
1785545372203615400,119731559,0.2760969400405884,0.27637502551078796,0.27609795331954956,0.27637606859207153
1785545372214768600,119745257,0.2734449505805969,0.2736896574497223,0.27344590425491333,0.2736906111240387
1785545372224174000,119745257,0.2734449505805969,0.2736896574497223,0.27344590425491333,0.2736906111240387
1785545372235765500,119764844,0.27300262451171875,0.27315545082092285,0.27300333976745605,0.2731561064720154
1785545372245251000,119778611,0.2749955356121063,0.2751387357711792,0.27499616146087646,0.27513930201530457
1785545372254803300,119778611,0.2749955356121063,0.2751387357711792,0.27499616146087646,0.27513930201530457
1785545372265900200,119798136,0.2806468605995178,0.2807885408401489,0.2806473970413208,0.28078916668891907
1785545372277247100,119811948,0.28324079513549805,0.2834039330482483,0.2832414507865906,0.2834046483039856
1785545372288633000,119811948,0.28324079513549805,0.2834039330482483,0.2832414507865906,0.2834046483039856
1785545372299543000,119831644,0.2884720265865326,0.2886207401752472,0.28847262263298035,0.28862136602401733
1785545372312032200,119847671,0.2929990887641907,0.29311272501945496,0.29299959540367126,0.29311326146125793
1785545372322039800,119847671,0.2929990887641907,0.29311272501945496,0.29299959540367126,0.29311326146125793
1785545372333345200,119861918,0.2963660657405853,0.2964644134044647,0.2963665723800659,0.29646486043930054
1785545372344784200,119878696,0.28541299700737,0.28547391295433044,0.28541335463523865,0.2854742109775543
1785545372355950400,119878696,0.28541299700737,0.28547391295433044,0.28541335463523865,0.2854742109775543
1785545372367009100,119898131,0.27727293968200684,0.2773347795009613,0.2772733271121979,0.27733510732650757
1785545372378482100,119911917,0.27351266145706177,0.27359330654144287,0.2735130786895752,0.2735936939716339
1785545372388946400,119911917,0.27351266145706177,0.27359330654144287,0.2735130786895752,0.2735936939716339
1785545372400430800,119931551,0.27011674642562866,0.2701915204524994,0.2701171636581421,0.27019190788269043
1785545372411560700,119945248,0.26929590106010437,0.26935485005378723,0.269296258687973,0.2693551182746887
1785545372422573700,119945248,0.26929590106010437,0.26935485005378723,0.269296258687973,0.2693551182746887
1785545372432039000,119964743,0.2704969048500061,0.2705307900905609,0.27049720287323,0.27053102850914
1785545372443527100,119978605,0.2732433080673218,0.2732744812965393,0.2732435166835785,0.2732747495174408
1785545372455996400,119978605,0.2732433080673218,0.2732744812965393,0.2732435166835785,0.2732747495174408
1785545372465590700,119998404,0.2776516377925873,0.27768245339393616,0.2776518166065216,0.27768272161483765
1785545372477120800,120014272,0.27997419238090515,0.28001028299331665,0.27997443079948425,0.28001052141189575
1785545372488045900,120014272,0.27997419238090515,0.28001028299331665,0.27997443079948425,0.28001052141189575
1785545372498970700,120028567,0.28208640217781067,0.28211840987205505,0.2820866107940674,0.28211861848831177
1785545372509922300,120045316,0.2761206030845642,0.2761381268501282,0.27612078189849854,0.2761382758617401
1785545372520728400,120045316,0.2761206030845642,0.2761381268501282,0.27612078189849854,0.2761382758617401
1785545372531888000,120064721,0.2716997563838959,0.27171310782432556,0.271699994802475,0.2717132866382599
1785545372542760400,120078588,0.269648015499115,0.26966068148612976,0.2696481943130493,0.2696608304977417
1785545372553864900,120078588,0.269648015499115,0.26966068148612976,0.2696481943130493,0.2696608304977417
1785545372564861700,120098115,0.2677944600582123,0.267805814743042,0.2677946090698242,0.26780596375465393
1785545372575830400,120112187,0.2669300436973572,0.2669426500797272,0.2669302225112915,0.2669427990913391
1785545372587232300,120112187,0.2669300436973572,0.2669426500797272,0.2669302225112915,0.2669427990913391
1785545372597775800,120131517,0.26710936427116394,0.2671196460723877,0.2671094536781311,0.26711976528167725
1785545372608916800,120145239,0.2952067255973816,0.24222789704799652,0.29520681500434875,0.24222800135612488
1785545372620375100,120145239,0.2952067255973816,0.24222789704799652,0.29520681500434875,0.24222800135612488
1785545372631620300,120164754,0.31880873441696167,0.2271810919046402,0.3188088536262512,0.22718124091625214
1785545372641769500,120178637,0.33604732155799866,0.21978998184204102,0.3360474407672882,0.21979010105133057
1785545372651213600,120178637,0.33604732155799866,0.21978998184204102,0.3360474407672882,0.21979010105133057
1785545372662461600,120198397,0.34569889307022095,0.22719116508960724,0.3456989824771881,0.2271912395954132
1785545372673649600,120198397,0.34569889307022095,0.22719116508960724,0.3456989824771881,0.2271912395954132
1785545372685200900,120214307,0.3336896300315857,0.24798089265823364,0.33368974924087524,0.2479809671640396
1785545372696417400,120228575,0.33305707573890686,0.2600845396518707,0.333057165145874,0.2600845992565155
1785545372707669600,120245297,0.33400100469589233,0.27495282888412476,0.3340010344982147,0.27495285868644714
1785545372719125400,120245297,0.33400100469589233,0.27495282888412476,0.3340010344982147,0.27495285868644714
1785545372729935400,120264759,0.3418565094470978,0.28687775135040283,0.34185653924942017,0.2868778109550476
1785545372740142600,120278610,0.34199824929237366,0.30177921056747437,0.34199827909469604,0.30177924036979675
1785545372751204200,120278610,0.34199824929237366,0.30177921056747437,0.34199827909469604,0.30177924036979675
1785545372762307800,120298370,0.3527626693248749,0.31285402178764343,0.35276272892951965,0.3128540813922882
1785545372773532700,120298370,0.3527626693248749,0.31285402178764343,0.35276272892951965,0.3128540813922882
1785545372783905200,120314428,0.36326515674591064,0.31369319558143616,0.36326518654823303,0.31369325518608093
1785545372795397000,120328594,0.36683154106140137,0.3229559659957886,0.36683157086372375,0.32295602560043335
1785545372804591700,120328594,0.36683154106140137,0.3229559659957886,0.36683157086372375,0.32295602560043335
1785545372816030000,120345239,0.3707609176635742,0.33641210198402405,0.3707609474658966,0.3364121913909912
1785545372825661500,120345239,0.3707609176635742,0.33641210198402405,0.3707609474658966,0.3364121913909912
1785545372837414800,120364866,0.37700748443603516,0.35074108839035034,0.37700754404067993,0.3507411479949951
1785545372848467500,120381425,0.38610386848449707,0.3597239553928375,0.38610386848449707,0.3597239553928375
1785545372860185800,120395252,0.39301690459251404,0.3687933087348938,0.3930169343948364,0.3687933087348938
1785545372871281500,120395252,0.39301690459251404,0.3687933087348938,0.3930169343948364,0.3687933087348938
1785545372880942800,120412003,0.40135619044303894,0.37308722734451294,0.40135619044303894,0.37308722734451294
1785545372891932200,120412003,0.40135619044303894,0.37308722734451294,0.40135619044303894,0.37308722734451294
1785545372902012000,120431511,0.40797141194343567,0.3839553892612457,0.40797144174575806,0.3839553892612457
1785545372914197300,120447613,0.4145326018333435,0.39358922839164734,0.4145326316356659,0.39358922839164734
1785545372925322300,120461904,0.42118707299232483,0.402974009513855,0.4211871027946472,0.402974009513855
1785545372937207000,120461904,0.42118707299232483,0.402974009513855,0.4211871027946472,0.402974009513855
1785545372948389000,120478774,0.4266202747821808,0.4149336814880371,0.4266203045845032,0.4149336814880371
1785545372957835800,120478774,0.4266202747821808,0.4149336814880371,0.4266203045845032,0.4149336814880371
1785545372968547300,120498103,0.4365079700946808,0.4221985638141632,0.4365079402923584,0.4221985340118408
1785545372980081600,120511890,0.44197651743888855,0.42463409900665283,0.44197648763656616,0.4246341288089752
1785545372991173700,120511890,0.44197651743888855,0.42463409900665283,0.44197648763656616,0.4246341288089752
1785545373000849100,120531438,0.4449905753135681,0.43110573291778564,0.4449905455112457,0.43110576272010803
1785545373011906200,120545221,0.4458024501800537,0.43499255180358887,0.4458024501800537,0.43499255180358887
1785545373021793400,120545221,0.4458024501800537,0.43499255180358887,0.4458024501800537,0.43499255180358887
1785545373033084000,120564917,0.39054372906684875,0.3790135681629181,0.39054375886917114,0.3790135681629181
1785545373045765000,120578733,0.34167835116386414,0.378107488155365,0.34167835116386414,0.3781074583530426
1785545373055448400,120578733,0.34167835116386414,0.378107488155365,0.34167835116386414,0.3781074583530426
1785545373066343700,120598164,0.30476438999176025,0.37202274799346924,0.30476444959640503,0.37202274799346924
1785545373077468500,120612030,0.31002452969551086,0.3466884195804596,0.31002455949783325,0.3466884195804596
1785545373089049200,120612030,0.31002452969551086,0.3466884195804596,0.31002455949783325,0.3466884195804596
1785545373100020400,120631458,0.2868397831916809,0.3521546721458435,0.2868397831916809,0.3521547019481659
1785545373110902000,120645529,0.26571497321128845,0.36372140049934387,0.26571494340896606,0.36372143030166626
1785545373121992100,120645529,0.26571497321128845,0.36372140049934387,0.26571494340896606,0.36372143030166626
1785545373133237200,120664766,0.2718767523765564,0.3475292921066284,0.271876722574234,0.34752926230430603
1785545373144200500,120678906,0.28177717328071594,0.3282929062843323,0.28177717328071594,0.3282929062843323
1785545373157018100,120678906,0.28177717328071594,0.3282929062843323,0.28177717328071594,0.3282929062843323
1785545373168202600,120698088,0.27974772453308105,0.31829431653022766,0.27974772453308105,0.31829431653022766
1785545373177660600,120711895,0.2710726857185364,0.3212795555591583,0.27107271552085876,0.3212795853614807
1785545373188941900,120711895,0.2710726857185364,0.3212795555591583,0.27107271552085876,0.3212795853614807
1785545373200596800,120731435,0.26667550206184387,0.3179512917995453,0.26667553186416626,0.3179513216018677
1785545373211857700,120745331,0.267514169216156,0.31143102049827576,0.2675141394138336,0.31143102049827576
1785545373220489500,120745331,0.267514169216156,0.31143102049827576,0.2675141394138336,0.31143102049827576
1785545373231660200,120764744,0.27198970317840576,0.303693562746048,0.27198973298072815,0.3036935329437256
1785545373241921700,120778552,0.2691150903701782,0.3080078065395355,0.26911506056785583,0.30800777673721313
1785545373254149100,120778552,0.2691150903701782,0.3080078065395355,0.26911506056785583,0.30800777673721313
1785545373263822600,120798381,0.2514790892601013,0.28238892555236816,0.3018585741519928,0.33276841044425964
1785545373275456500,120798381,0.2514790892601013,0.28238892555236816,0.3018585741519928,0.33276841044425964
1785545373286114400,120814270,0.2588517367839813,0.2947561740875244,0.2931983470916748,0.3291027545928955
1785545373295284500,120828592,0.24636270105838776,0.27940303087234497,0.31667405366897583,0.34971439838409424
1785545373306537200,120845327,0.24122540652751923,0.26857659220695496,0.34069254994392395,0.3680437505245209
1785545373317591900,120845327,0.24122540652751923,0.26857659220695496,0.34069254994392395,0.3680437505245209
1785545373328728400,120864766,0.24944564700126648,0.2695445120334625,0.35750484466552734,0.3776037395000458
1785545373340536600,120878574,0.2707573473453522,0.2900591790676117,0.3512553572654724,0.3705572187900543
1785545373351966900,120878574,0.2707573473453522,0.2900591790676117,0.3512553572654724,0.3705572187900543
1785545373363586900,120898080,0.2962777018547058,0.31556904315948486,0.3466857969760895,0.36597713828086853
1785545373374739400,120911872,0.2970910668373108,0.31899282336235046,0.3529261648654938,0.37482795119285583
1785545373384284900,120911872,0.2970910668373108,0.31899282336235046,0.3529261648654938,0.37482795119285583
1785545373395588600,120931594,0.3070589601993561,0.3265339732170105,0.3621993958950043,0.3816743791103363
1785545373407114900,120931594,0.3070589601993561,0.3265339732170105,0.3621993958950043,0.3816743791103363
1785545373417141900,120945242,0.34350088238716125,0.35920870304107666,0.34186410903930664,0.35757192969322205
1785545373428399400,120964751,0.3653973340988159,0.38029196858406067,0.3361426591873169,0.35103726387023926
1785545373439083100,120964751,0.3653973340988159,0.38029196858406067,0.3361426591873169,0.35103726387023926
1785545373450571800,120978590,0.38653916120529175,0.3969184160232544,0.3283379375934601,0.33871719241142273
1785545373461650800,120998084,0.39242035150527954,0.4030073285102844,0.3305851221084595,0.34117212891578674
1785545373471218400,120998084,0.39242035150527954,0.4030073285102844,0.3305851221084595,0.34117212891578674
1785545373480997400,121012243,0.3761367201805115,0.3893311619758606,0.348199725151062,0.36139416694641113
1785545373492245000,121012243,0.3761367201805115,0.3893311619758606,0.348199725151062,0.36139416694641113
1785545373505262700,121031504,0.3382047116756439,0.3504363000392914,0.3137834072113037,0.32601499557495117
1785545373514336000,121045222,0.32074376940727234,0.33104220032691956,0.29799556732177734,0.3082939386367798
1785545373525386400,121045222,0.32074376940727234,0.33104220032691956,0.29799556732177734,0.3082939386367798
1785545373535540400,121064721,0.30559685826301575,0.3158722221851349,0.28019869327545166,0.2904740869998932
1785545373546673000,121078675,0.27029138803482056,0.32860544323921204,0.25088417530059814,0.3091982305049896
1785545373557089400,121078675,0.27029138803482056,0.32860544323921204,0.25088417530059814,0.3091982305049896
1785545373569984600,121098091,0.2444964349269867,0.33895835280418396,0.22479404509067535,0.3192559480667114
1785545373581246300,121111900,0.2553481161594391,0.3252279758453369,0.23126858472824097,0.301148384809494
1785545373590741600,121111900,0.2553481161594391,0.3252279758453369,0.23126858472824097,0.301148384809494
1785545373603448900,121131478,0.2387237548828125,0.33412832021713257,0.2152932733297348,0.3106978237628937
1785545373612991600,121145223,0.22322747111320496,0.3411601781845093,0.20643147826194763,0.32436415553092957
1785545373623966900,121145223,0.22322747111320496,0.3411601781845093,0.20643147826194763,0.32436415553092957
1785545373635552100,121164730,0.23578719794750214,0.32908856868743896,0.22066958248615265,0.31397098302841187
1785545373645172400,121178537,0.24877402186393738,0.3218642473220825,0.23329180479049683,0.30638211965560913
1785545373655844100,121178537,0.24877402186393738,0.3218642473220825,0.23329180479049683,0.30638211965560913
1785545373665485300,121198124,0.2618909478187561,0.3207884430885315,0.2467862218618393,0.3056837022304535
1785545373675809100,121211984,0.2611324191093445,0.3289265036582947,0.2444150447845459,0.3122090995311737
1785545373688947000,121211984,0.2611324191093445,0.3289265036582947,0.2444150447845459,0.3122090995311737
1785545373698881000,121231418,0.26818615198135376,0.3336019814014435,0.2529483139514923,0.31836411356925964
1785545373711739800,121245315,0.27842503786087036,0.3329707384109497,0.265830397605896,0.32037606835365295
1785545373722453400,121245315,0.27842503786087036,0.3329707384109497,0.265830397605896,0.32037606835365295
1785545373732199600,121265249,0.26981979608535767,0.3078567385673523,0.310556560754776,0.34859347343444824
1785545373743797100,121281796,0.2570122480392456,0.3053748607635498,0.33041590452194214,0.3787784278392792
1785545373754766900,121281796,0.2570122480392456,0.3053748607635498,0.33041590452194214,0.3787784278392792
1785545373765627400,121295300,0.26182064414024353,0.29622361063957214,0.3547438681125641,0.38914674520492554
1785545373777393600,121312019,0.28384825587272644,0.32285016775131226,0.34061798453330994,0.379619836807251
1785545373788350500,121312019,0.28384825587272644,0.32285016775131226,0.34061798453330994,0.379619836807251
1785545373799412600,121331482,0.283225417137146,0.3187239468097687,0.36192500591278076,0.39742356538772583
1785545373810324300,121345216,0.29720214009284973,0.3288581669330597,0.36577552556991577,0.39743152260780334
1785545373821673700,121345216,0.29720214009284973,0.3288581669330597,0.36577552556991577,0.39743152260780334
1785545373831460300,121364797,0.3188801109790802,0.34659823775291443,0.3686879873275757,0.3964060842990875
1785545373842774800,121379045,0.3410843014717102,0.35781338810920715,0.3736562430858612,0.39038532972335815
1785545373853987000,121379045,0.3410843014717102,0.35781338810920715,0.3736562430858612,0.39038532972335815
1785545373863659900,121398075,0.35072556138038635,0.36769339442253113,0.3852265179157257,0.40219438076019287
1785545373875302700,121411857,0.34852176904678345,0.37112805247306824,0.3920435309410095,0.4146498143672943
1785545373887019200,121411857,0.34852176904678345,0.37112805247306824,0.3920435309410095,0.4146498143672943
1785545373897069000,121431370,0.36071494221687317,0.3802528381347656,0.4000757932662964,0.419613778591156
1785545373908299700,121445193,0.37413308024406433,0.3884006440639496,0.4059883952140808,0.42025601863861084
1785545373919395000,121445193,0.37413308024406433,0.3884006440639496,0.4059883952140808,0.42025601863861084
1785545373932082100,121464837,0.39174848794937134,0.399923712015152,0.41530802845954895,0.4234832525253296
1785545373942084300,121478558,0.39745837450027466,0.4068053066730499,0.42267656326293945,0.43202346563339233
1785545373953483700,121478558,0.39745837450027466,0.4068053066730499,0.42267656326293945,0.43202346563339233
1785545373965034100,121498151,0.4078088104724884,0.41721537709236145,0.433078408241272,0.44248494505882263
1785545373976593900,121512426,0.410468727350235,0.42180395126342773,0.43843191862106323,0.4497671127319336
1785545373987602400,121512426,0.410468727350235,0.42180395126342773,0.43843191862106323,0.4497671127319336
1785545373998586200,121531655,0.421752005815506,0.4305632412433624,0.44604259729385376,0.4548538327217102
1785545374009708100,121547655,0.4332663416862488,0.43905240297317505,0.45330488681793213,0.4590910077095032
1785545374020702700,121547655,0.4332663416862488,0.43905240297317505,0.45330488681793213,0.4590910077095032
1785545374031340000,121561878,0.4459521770477295,0.44762250781059265,0.4601118266582489,0.4617821276187897
1785545374042510000,121578637,0.45392972230911255,0.4565727710723877,0.47007203102111816,0.4727150499820709
1785545374053640400,121578637,0.45392972230911255,0.4565727710723877,0.47007203102111816,0.4727150499820709
1785545374065063800,121598062,0.4637413024902344,0.4674724340438843,0.481174498796463,0.4849056303501129
1785545374076064000,121611894,0.4677499830722809,0.47244685888290405,0.48635730147361755,0.4910541772842407
1785545374088935200,121611894,0.4677499830722809,0.47244685888290405,0.48635730147361755,0.4910541772842407
1785545374098735500,121631487,0.4789409339427948,0.48168644309043884,0.49435433745384216,0.4970998167991638
1785545374110119500,121645242,0.4879433810710907,0.4891558289527893,0.5008373260498047,0.5020498037338257
1785545374120966400,121645242,0.4879433810710907,0.4891558289527893,0.5008373260498047,0.5020498037338257
1785545374132000600,121664968,0.5005788207054138,0.4999235272407532,0.5109686851501465,0.5103133916854858
1785545374142200100,121678539,0.5455849766731262,0.5043338537216187,0.520699143409729,0.4794480502605438
1785545374152996900,121678539,0.5455849766731262,0.5043338537216187,0.520699143409729,0.4794480502605438
1785545374164083900,121698216,0.574552059173584,0.5178040862083435,0.5242517590522766,0.4675038456916809
1785545374175692700,121711874,0.5477572083473206,0.5204726457595825,0.5294733047485352,0.5021888613700867
1785545374185797200,121711874,0.5477572083473206,0.5204726457595825,0.5294733047485352,0.5021888613700867
1785545374197350700,121731374,0.5811240673065186,0.5244832038879395,0.5348762273788452,0.47823530435562134
1785545374208443800,121745215,0.6088343262672424,0.5285989046096802,0.5353940725326538,0.455158531665802
1785545374219969100,121745215,0.6088343262672424,0.5285989046096802,0.5353940725326538,0.455158531665802
1785545374231040200,121764772,0.5022428035736084,0.4554213285446167,0.4571177661418915,0.4102962613105774
1785545374242287600,121778550,0.45431894063949585,0.4173905849456787,0.4195556938648224,0.38262733817100525
1785545374253474800,121778550,0.45431894063949585,0.4173905849456787,0.4195556938648224,0.38262733817100525
1785545374265082000,121798073,0.4165419042110443,0.3781396448612213,0.3800465166568756,0.3416442275047302
1785545374277426600,121812102,0.41014087200164795,0.35826802253723145,0.3629695773124695,0.311096727848053
1785545374287482200,121812102,0.41014087200164795,0.35826802253723145,0.3629695773124695,0.311096727848053
1785545374297139300,121831598,0.3894893527030945,0.339963436126709,0.34288546442985535,0.29335957765579224
1785545374308400200,121831598,0.3894893527030945,0.339963436126709,0.34288546442985535,0.29335957765579224
1785545374319404300,121847635,0.36889827251434326,0.32824915647506714,0.3286014795303345,0.28795236349105835
1785545374330428900,121861867,0.35761672258377075,0.3193797469139099,0.3192287087440491,0.28099173307418823
1785545374343550700,121878644,0.33607226610183716,0.30982711911201477,0.30755317211151123,0.28130802512168884
1785545374353151900,121878644,0.33607226610183716,0.30982711911201477,0.30755317211151123,0.28130802512168884
1785545374364147800,121898125,0.330759197473526,0.3001099228858948,0.2989368736743927,0.2682875990867615
1785545374375516900,121911865,0.3337387144565582,0.2952785789966583,0.2953681945800781,0.25690802931785583
1785545374386620100,121911865,0.3337387144565582,0.2952785789966583,0.2953681945800781,0.25690802931785583
1785545374396222100,121931503,0.32553818821907043,0.29042500257492065,0.29010480642318726,0.2549915611743927
1785545374405723900,121931503,0.32553818821907043,0.29042500257492065,0.29010480642318726,0.2549915611743927
1785545374417098100,121945203,0.31662479043006897,0.28755858540534973,0.28663167357444763,0.2575654685497284
1785545374426668200,121964843,0.3113742768764496,0.28402456641197205,0.28292393684387207,0.25557422637939453
1785545374438076100,121964843,0.3113742768764496,0.28402456641197205,0.28292393684387207,0.25557422637939453
1785545374448946500,121978554,0.3008177876472473,0.28144869208335876,0.2799863815307617,0.26061734557151794
1785545374460337200,121998119,0.29721859097480774,0.2781771719455719,0.27687332034111023,0.2578319311141968
1785545374471477200,121998119,0.29721859097480774,0.2781771719455719,0.27687332034111023,0.2578319311141968
1785545374481013600,122011854,0.3005363345146179,0.27661368250846863,0.27550965547561646,0.2515869736671448
1785545374492140900,122011854,0.3005363345146179,0.27661368250846863,0.27550965547561646,0.2515869736671448
1785545374503228300,122031362,0.2983587384223938,0.2748836576938629,0.2738141119480133,0.2503390312194824
1785545374514245000,122045187,0.2933971583843231,0.2737594246864319,0.27268117666244507,0.25304341316223145
1785545374523842400,122045187,0.2933971583843231,0.2737594246864319,0.27268117666244507,0.25304341316223145
1785545374535523000,122064668,0.28577953577041626,0.27208444476127625,0.2710883915424347,0.2573933005332947
1785545374545056800,122078540,0.28483012318611145,0.2711571753025055,0.27016931772232056,0.256496399641037
1785545374554792800,122078540,0.28483012318611145,0.2711571753025055,0.27016931772232056,0.256496399641037
1785545374565876900,122098016,0.28402993083000183,0.27007123827934265,0.2691023051738739,0.25514358282089233
1785545374576986800,122111836,0.28562062978744507,0.2696087062358856,0.2685646414756775,0.25255268812179565
1785545374587868100,122111836,0.28562062978744507,0.2696087062358856,0.2685646414756775,0.25255268812179565
1785545374600225900,122131412,0.2839376926422119,0.26898419857025146,0.2679983973503113,0.25304487347602844
1785545374609896000,122145167,0.28101202845573425,0.26852306723594666,0.26765233278274536,0.25516337156295776
1785545374620886500,122145167,0.28101202845573425,0.26852306723594666,0.26765233278274536,0.25516337156295776
1785545374630468700,122164848,0.2793799638748169,0.26803338527679443,0.2671877443790436,0.25584113597869873
1785545374642077100,122178545,0.2757682204246521,0.26755449175834656,0.2668953835964203,0.25868165493011475
1785545374653343500,122178545,0.2757682204246521,0.26755449175834656,0.2668953835964203,0.25868165493011475
1785545374666278700,122198069,0.2746731638908386,0.2670917809009552,0.2664507329463959,0.25886937975883484
1785545374675812100,122212100,0.2762977182865143,0.2669343948364258,0.2661826014518738,0.2568192780017853
1785545374687110200,122212100,0.2762977182865143,0.2669343948364258,0.2661826014518738,0.2568192780017853
1785545374699940100,122231397,0.27596354484558105,0.26667919754981995,0.2659493684768677,0.25666505098342896
1785545374709362700,122245613,0.2742749750614166,0.26645952463150024,0.26583030819892883,0.2580149173736572
1785545374720498500,122245613,0.2742749750614166,0.26645952463150024,0.26583030819892883,0.2580149173736572
1785545374733537100,122264710,0.2714899778366089,0.2661440074443817,0.26567795872688293,0.26033201813697815
1785545374742069600,122278521,0.27110666036605835,0.2660038471221924,0.2655467391014099,0.26044395565986633
1785545374754753300,122278521,0.27110666036605835,0.2660038471221924,0.2655467391014099,0.26044395565986633
1785545374764089200,122298068,0.2710287272930145,0.2658488154411316,0.2653856873512268,0.26020583510398865
1785545374775645600,122311814,0.2717813551425934,0.26580744981765747,0.2652819752693176,0.2593080997467041
1785545374786966400,122311814,0.2717813551425934,0.26580744981765747,0.2652819752693176,0.2593080997467041
1785545374796546000,122331332,0.27135273814201355,0.2657072842121124,0.26520970463752747,0.25956425070762634
1785545374807650900,122345438,0.2703079283237457,0.26561108231544495,0.26518768072128296,0.2604908049106598
1785545374817716200,122345438,0.2703079283237457,0.26561108231544495,0.26518768072128296,0.2604908049106598
1785545374829022800,122364952,0.2947083115577698,0.23938912153244019,0.29124119877815247,0.2359219342470169
1785545374840526800,122378546,0.3156314492225647,0.21894824504852295,0.3116038143634796,0.21492061018943787
1785545374852038900,122378546,0.3156314492225647,0.21894824504852295,0.3116038143634796,0.21492061018943787
1785545374862456000,122398061,0.32447585463523865,0.20916925370693207,0.32124146819114685,0.2059348076581955
1785545374873630300,122411845,0.3099137544631958,0.22406896948814392,0.3062765300273895,0.22043170034885406
1785545374884041700,122411845,0.3099137544631958,0.22406896948814392,0.3062765300273895,0.22043170034885406
1785545374895291000,122431366,0.32173407077789307,0.21206867694854736,0.31818702816963196,0.20852166414260864
1785545374908006300,122445169,0.3147726058959961,0.2185000330209732,0.3117762506008148,0.2155037224292755
1785545374918955200,122445169,0.3147726058959961,0.2185000330209732,0.3117762506008148,0.2155037224292755
1785545374928338200,122464627,0.2974880635738373,0.2357056587934494,0.29547813534736633,0.23369580507278442
1785545374939233300,122464627,0.2974880635738373,0.2357056587934494,0.29547813534736633,0.23369580507278442
1785545374951188900,122478615,0.2947562336921692,0.2393806427717209,0.2928110957145691,0.23743551969528198
1785545374962233200,122498036,0.2955854535102844,0.240779846906662,0.2936254143714905,0.23881976306438446
1785545374971786700,122498036,0.2955854535102844,0.240779846906662,0.2936254143714905,0.23881976306438446
1785545374981621100,122511832,0.30105310678482056,0.2366175651550293,0.29881158471107483,0.2343759685754776
1785545374992761400,122531493,0.3003530204296112,0.23915690183639526,0.2982576787471771,0.2370615452528
1785545375003597700,122531493,0.3003530204296112,0.23915690183639526,0.2982576787471771,0.2370615452528
1785545375013951300,122545144,0.2668420076370239,0.2750903069972992,0.2653624415397644,0.2736106812953949
1785545375024015700,122545144,0.2668420076370239,0.2750903069972992,0.2653624415397644,0.2736106812953949
1785545375035560200,122564694,0.24707281589508057,0.299215167760849,0.24589106440544128,0.2980334758758545
1785545375045457000,122578509,0.23518000543117523,0.3141317665576935,0.23399175703525543,0.31294354796409607
1785545375055683900,122578509,0.23518000543117523,0.3141317665576935,0.23399175703525543,0.31294354796409607
1785545375067951000,122598037,0.2334047555923462,0.31929677724838257,0.23225271701812744,0.3181447386741638
1785545375077144400,122612090,0.25145241618156433,0.3029821813106537,0.25017496943473816,0.3017047345638275
1785545375090129100,122612090,0.25145241618156433,0.3029821813106537,0.25017496943473816,0.3017047345638275
1785545375099293400,122631496,0.25942182540893555,0.2960653007030487,0.25824111700057983,0.294884592294693
1785545375110220700,122645169,0.2623487412929535,0.2925042510032654,0.26137441396713257,0.2915298640727997
1785545375121748100,122645169,0.2623487412929535,0.2925042510032654,0.26137441396713257,0.2915298640727997
1785545375132742000,122664641,0.26427748799324036,0.28742292523384094,0.2636420726776123,0.2867874503135681
1785545375142186700,122678503,0.2620750069618225,0.28769487142562866,0.2614554166793823,0.2870752513408661
1785545375153303200,122678503,0.2620750069618225,0.28769487142562866,0.2614554166793823,0.2870752513408661
1785545375166360800,122698004,0.25995591282844543,0.28720495104789734,0.25932636857032776,0.28657546639442444
1785545375177355200,122712116,0.25756341218948364,0.28846004605293274,0.25683850049972534,0.2877352237701416
1785545375186944300,122712116,0.25756341218948364,0.28846004605293274,0.25683850049972534,0.2877352237701416
1785545375197312200,122731341,0.2579132914543152,0.2864639461040497,0.25723984837532043,0.2857905328273773
1785545375208568100,122745123,0.2595004141330719,0.2835039794445038,0.2589530944824219,0.28295662999153137
1785545375219028600,122745123,0.2595004141330719,0.2835039794445038,0.2589530944824219,0.28295662999153137
1785545375230024600,122764629,0.25947701930999756,0.28189313411712646,0.25900745391845703,0.28142350912094116
1785545375241087400,122778483,0.2617010772228241,0.27812254428863525,0.26137587428092957,0.2777974009513855
1785545375250623300,122778483,0.2617010772228241,0.27812254428863525,0.26137587428092957,0.2777974009513855
1785545375260850200,122797960,0.26100167632102966,0.2771063446998596,0.2607181966304779,0.27682286500930786
1785545375272069300,122797960,0.26100167632102966,0.2771063446998596,0.2607181966304779,0.27682286500930786
1785545375282504400,122811827,0.25880351662635803,0.27860027551651,0.2584473490715027,0.27824413776397705
1785545375293481000,122831402,0.25853419303894043,0.2779179513454437,0.258181095123291,0.27756479382514954
1785545375303620800,122831402,0.25853419303894043,0.2779179513454437,0.258181095123291,0.27756479382514954
1785545375315269000,122845165,0.25965142250061035,0.2760811150074005,0.2593640685081482,0.2757937014102936
1785545375325059300,122845165,0.25965142250061035,0.2760811150074005,0.2593640685081482,0.2757937014102936
1785545375336294600,122864760,0.26144805550575256,0.27316591143608093,0.26127520203590393,0.2729929983615875
1785545375346872600,122878511,0.2611793875694275,0.27285343408584595,0.26101842522621155,0.27269247174263
1785545375357964400,122878511,0.2611793875694275,0.27285343408584595,0.26101842522621155,0.27269247174263
1785545375369157500,122898015,0.26075756549835205,0.2725868821144104,0.2605983018875122,0.27242761850357056
1785545375379959900,122911838,0.25976788997650146,0.2732861042022705,0.2595822811126709,0.2731005549430847
1785545375391031800,122911838,0.25976788997650146,0.2732861042022705,0.2595822811126709,0.2731005549430847
1785545375400591300,122931688,0.25995150208473206,0.2726975679397583,0.2597813904285431,0.2725274860858917
1785545375411185200,122947753,0.2608138620853424,0.2714863121509552,0.2606855034828186,0.2713579833507538
1785545375423845100,122947753,0.2608138620853424,0.2714863121509552,0.2606855034828186,0.2713579833507538
1785545375433379800,122961893,0.2611444294452667,0.27090126276016235,0.2610354423522949,0.27079227566719055
1785545375444854600,122978602,0.2625137269496918,0.26914089918136597,0.2624567449092865,0.2690839171409607
1785545375455870000,122978602,0.2625137269496918,0.26914089918136597,0.2624567449092865,0.2690839171409607
1785545375467056700,122998095,0.2619912028312683,0.2693769633769989,0.26192739605903625,0.26931309700012207
1785545375477069400,123011828,0.26123884320259094,0.27001047134399414,0.2611594498157501,0.26993104815483093
1785545375487294300,123011828,0.26123884320259094,0.27001047134399414,0.2611594498157501,0.26993104815483093
1785545375497551700,123031408,0.2614726722240448,0.26959228515625,0.2614043354988098,0.2695239186286926
1785545375508639100,123045153,0.26204994320869446,0.2688799798488617,0.2620003819465637,0.26883044838905334
1785545375520133400,123045153,0.26204994320869446,0.2688799798488617,0.2620003819465637,0.26883044838905334
1785545375531075700,123064677,0.26299840211868286,0.2677294909954071,0.2629762589931488,0.2677074074745178
1785545375542056200,123078566,0.26297903060913086,0.2676469087600708,0.26296013593673706,0.2676280438899994
1785545375552234300,123078566,0.26297903060913086,0.2676469087600708,0.26296013593673706,0.2676280438899994
1785545375563719000,123098056,0.2628823518753052,0.26762616634368896,0.2628639042377472,0.2676076591014862
1785545375575347500,123111806,0.2625124454498291,0.2679463326931,0.2624901235103607,0.26792389154434204
1785545375586920700,123111806,0.2625124454498291,0.2679463326931,0.2624901235103607,0.26792389154434204
1785545375595751700,123131328,0.26262184977531433,0.26776745915412903,0.26260435581207275,0.26774993538856506
1785545375606824000,123145132,0.2630051076412201,0.2673318386077881,0.2629959285259247,0.26732268929481506
1785545375616917600,123145132,0.2630051076412201,0.2673318386077881,0.2629959285259247,0.26732268929481506
1785545375628506300,123164878,0.26365453004837036,0.26660531759262085,0.26365625858306885,0.26660704612731934
1785545375639877500,123178468,0.262627512216568,0.2660779654979706,0.2626284956932068,0.26607900857925415
1785545375650835200,123178468,0.262627512216568,0.2660779654979706,0.2626284956932068,0.26607900857925415
1785545375661998500,123197972,0.2603449523448944,0.263175368309021,0.2603496015071869,0.2631800174713135
1785545375674224200,123197972,0.2603449523448944,0.263175368309021,0.2603496015071869,0.2631800174713135
1785545375685306200,123212087,0.2589399516582489,0.26213327050209045,0.2589450180530548,0.262138307094574
1785545375694715100,123231290,0.25502869486808777,0.2581697404384613,0.2550356388092041,0.25817665457725525
1785545375705720600,123231290,0.25502869486808777,0.2581697404384613,0.2550356388092041,0.25817665457725525
1785545375717341800,123245144,0.2504240572452545,0.253130704164505,0.25043371319770813,0.25314033031463623
1785545375728502800,123264748,0.2424972951412201,0.24439887702465057,0.24250942468643188,0.24441100656986237
1785545375738579800,123264748,0.2424972951412201,0.24439887702465057,0.24250942468643188,0.24441100656986237
1785545375751194300,123278449,0.23552455008029938,0.23773999512195587,0.23553812503814697,0.23775357007980347
1785545375760721600,123298032,0.22546780109405518,0.2273399531841278,0.22548221051692963,0.22735440731048584
1785545375773364300,123298032,0.22546780109405518,0.2273399531841278,0.22548221051692963,0.22735440731048584
1785545375784952300,123311762,0.22066767513751984,0.2227710485458374,0.22068382799625397,0.22278721630573273
1785545375794523800,123331327,0.21242737770080566,0.21454134583473206,0.2124451994895935,0.2145591825246811
1785545375803873800,123331327,0.21242737770080566,0.21454134583473206,0.2124451994895935,0.2145591825246811
1785545375815394400,123345137,0.205662339925766,0.2075299322605133,0.20568068325519562,0.20754826068878174
1785545375824984700,123345137,0.205662339925766,0.2075299322605133,0.20568068325519562,0.20754826068878174
1785545375837351600,123364653,0.19555696845054626,0.19726036489009857,0.19557631015777588,0.1972796767950058
1785545375847025000,123378466,0.18795740604400635,0.18927167356014252,0.18797563016414642,0.189289852976799
1785545375856821300,123378466,0.18795740604400635,0.18927167356014252,0.18797563016414642,0.189289852976799
1785545375867912600,123397943,0.17707331478595734,0.17822478711605072,0.17709149420261383,0.1782429814338684
1785545375878966500,123412177,0.1717718243598938,0.17313095927238464,0.1717926263809204,0.17315179109573364
1785545375888364900,123412177,0.1717718243598938,0.17313095927238464,0.1717926263809204,0.17315179109573364
1785545375899145400,123431376,0.1633792519569397,0.1647987812757492,0.16340161859989166,0.16482113301753998
1785545375910074300,123445125,0.15710482001304626,0.15838263928890228,0.15712681412696838,0.1584046483039856
1785545375921299800,123445125,0.15710482001304626,0.15838263928890228,0.15712681412696838,0.1584046483039856
1785545375930993900,123464632,0.14938834309577942,0.15053221583366394,0.149410218000412,0.15055406093597412
1785545375940581200,123478428,0.14508549869060516,0.1459750533103943,0.14510510861873627,0.1459946185350418
1785545375951111000,123478428,0.14508549869060516,0.1459750533103943,0.14510510861873627,0.1459946185350418
1785545375962291400,123497917,0.1409936100244522,0.14173896610736847,0.14101211726665497,0.14175745844841003
1785545375973478200,123511786,0.13901349902153015,0.13985373079776764,0.13903412222862244,0.13987436890602112
1785545375984906500,123511786,0.13901349902153015,0.13985373079776764,0.13903412222862244,0.13987436890602112
1785545375995932700,123531300,0.18897081911563873,0.18981343507766724,0.18899200856685638,0.1898346245288849
1785545376007102800,123545114,0.2121717482805252,0.21278995275497437,0.21218907833099365,0.21280725300312042
1785545376019648800,123545114,0.2121717482805252,0.21278995275497437,0.21218907833099365,0.21280725300312042
1785545376029091500,123564642,0.23318742215633392,0.2336101084947586,0.2332010567188263,0.23362374305725098
1785545376042058700,123578461,0.2428528070449829,0.24322552978992462,0.24286551773548126,0.24323825538158417
1785545376051663200,123578461,0.2428528070449829,0.24322552978992462,0.24286551773548126,0.24323825538158417
1785545376061712800,123598020,0.25161755084991455,0.2519547939300537,0.2516295909881592,0.25196683406829834
1785545376073008600,123598020,0.25161755084991455,0.2519547939300537,0.2516295909881592,0.25196683406829834
1785545376082474900,123611787,0.2556225061416626,0.25600162148475647,0.2556358873844147,0.25601500272750854
1785545376093513700,123631395,0.2592833638191223,0.25963711738586426,0.2592965364456177,0.259650319814682
1785545376105000700,123631395,0.2592833638191223,0.25963711738586426,0.2592965364456177,0.259650319814682
1785545376115828600,123645075,0.26027587056159973,0.2605627477169037,0.26028764247894287,0.2605745196342468
1785545376127087600,123664546,0.25931981205940247,0.2594973146915436,0.259328693151474,0.2595062255859375
1785545376138660800,123664546,0.25931981205940247,0.2594973146915436,0.259328693151474,0.2595062255859375
1785545376149740400,123678450,0.2566151022911072,0.2568231523036957,0.25662529468536377,0.25683337450027466
1785545376160619500,123698091,0.2786884605884552,0.22611373662948608,0.27869731187820435,0.2261226326227188
1785545376171937800,123698091,0.2786884605884552,0.22611373662948608,0.27869731187820435,0.2261226326227188
1785545376185058900,123711784,0.2714489698410034,0.22935061156749725,0.2714589834213257,0.22936059534549713
1785545376194577200,123731280,0.2860884964466095,0.2091914266347885,0.2860986590385437,0.20920158922672272
1785545376203930700,123731280,0.2860884964466095,0.2091914266347885,0.2860986590385437,0.20920158922672272
1785545376215350500,123745104,0.30892980098724365,0.1969650685787201,0.3089389503002167,0.1969742476940155
1785545376225154000,123745104,0.30892980098724365,0.1969650685787201,0.3089389503002167,0.1969742476940155
1785545376236367000,123764574,0.3207457363605499,0.19483301043510437,0.32075247168540955,0.1948397308588028
1785545376249087000,123778418,0.31076422333717346,0.20944911241531372,0.31077075004577637,0.20945559442043304
1785545376258848700,123797778,0.30130159854888916,0.220771923661232,0.3013077676296234,0.22077804803848267
1785545376269606100,123797952,0.2955084443092346,0.22946080565452576,0.2955149710178375,0.22946733236312866
1785545376281680800,123812032,0.2973487079143524,0.2298518866300583,0.29735618829727173,0.22985941171646118
1785545376291157500,123812032,0.2973487079143524,0.2298518866300583,0.29735618829727173,0.22985941171646118
1785545376302267900,123831252,0.2981972098350525,0.23164378106594086,0.2982045114040375,0.23165109753608704
1785545376313575200,123845107,0.295101135969162,0.2369662970304489,0.29510751366615295,0.23697268962860107
1785545376325199000,123845107,0.295101135969162,0.2369662970304489,0.29510751366615295,0.23697268962860107
1785545376335436200,123864613,0.2898465096950531,0.24694034457206726,0.2898511290550232,0.24694499373435974
1785545376346586400,123878423,0.29156801104545593,0.2483927309513092,0.2915726602077484,0.2483973503112793
1785545376357476800,123878423,0.29156801104545593,0.2483927309513092,0.2915726602077484,0.2483973503112793
1785545376368731900,123897941,0.2940242290496826,0.2506219744682312,0.2940289378166199,0.2506266236305237
1785545376380045800,123911741,0.29799526929855347,0.24881033599376678,0.2980005741119385,0.2488156110048294
1785545376391100900,123911741,0.29799526929855347,0.24881033599376678,0.2980005741119385,0.2488156110048294
1785545376400664700,123931264,0.29776737093925476,0.25228098034858704,0.29777252674102783,0.2522861659526825
1785545376412623700,123945112,0.29534226655960083,0.2576008439064026,0.2953467071056366,0.25760531425476074
1785545376422090600,123945112,0.29534226655960083,0.2576008439064026,0.2953467071056366,0.25760531425476074
1785545376433409700,123964716,0.2926800549030304,0.26625216007232666,0.29268333315849304,0.2662554681301117
1785545376443652300,123978448,0.29698002338409424,0.2646942436695099,0.2969837784767151,0.2646980583667755
1785545376454279800,123978448,0.29698002338409424,0.2646942436695099,0.2969837784767151,0.2646980583667755
1785545376465315400,123998089,0.2965855002403259,0.2709903419017792,0.2965887188911438,0.27099353075027466
1785545376475361400,124011773,0.29975301027297974,0.2705230414867401,0.2997565269470215,0.27052655816078186
1785545376486374300,124011773,0.29975301027297974,0.2705230414867401,0.2997565269470215,0.27052655816078186
1785545376497521200,124031418,0.30093589425086975,0.2731361985206604,0.3009393811225891,0.27313968539237976
1785545376508280900,124045120,0.3001231551170349,0.27703577280044556,0.30012625455856323,0.2770388126373291
1785545376519717600,124045120,0.3001231551170349,0.27703577280044556,0.30012625455856323,0.2770388126373291
1785545376530820700,124064624,0.2995193302631378,0.28350597620010376,0.2995215654373169,0.2835082411766052
1785545376541919300,124078433,0.30146506428718567,0.2852100431919098,0.30146732926368713,0.28521227836608887
1785545376554633300,124078433,0.30146506428718567,0.2852100431919098,0.30146732926368713,0.28521227836608887
1785545376563947500,124098079,0.3040497601032257,0.2875312566757202,0.30405205488204956,0.2875335216522217
1785545376574932400,124111752,0.3063454031944275,0.2874947190284729,0.30634793639183044,0.28749728202819824
1785545376587708200,124111752,0.3063454031944275,0.2874947190284729,0.30634793639183044,0.28749728202819824
1785545376597084700,124131257,0.2832403779029846,0.3136836290359497,0.283242791891098,0.3136860728263855
1785545376608246400,124145087,0.261881560087204,0.33751803636550903,0.2618836760520935,0.33752015233039856
1785545376620957400,124145087,0.261881560087204,0.33751803636550903,0.2618836760520935,0.33752015233039856
1785545376630716400,124164578,0.25510895252227783,0.3481094241142273,0.255110502243042,0.34811094403266907
1785545376643397200,124178406,0.24946719408035278,0.3549470603466034,0.24946875870227814,0.35494861006736755
1785545376654516400,124178406,0.24946719408035278,0.3549470603466034,0.24946875870227814,0.35494861006736755
1785545376665608400,124197965,0.2666986882686615,0.33590003848075867,0.26670029759407043,0.3359016180038452
1785545376675689100,124211763,0.27220582962036133,0.32955318689346313,0.272207647562027,0.3295550048351288
1785545376685163700,124211763,0.27220582962036133,0.32955318689346313,0.272207647562027,0.3295550048351288
1785545376697348800,124231396,0.2730770707130432,0.32496169209480286,0.2730787396430969,0.32496339082717896
1785545376708523600,124245103,0.2736406922340393,0.31949061155319214,0.27364209294319153,0.31949204206466675
1785545376718490500,124245103,0.2736406922340393,0.31949061155319214,0.27364209294319153,0.31949204206466675
1785545376729922700,124264670,0.2737341523170471,0.3091086149215698,0.2737351953983307,0.3091096878051758
1785545376741072700,124279034,0.26924192905426025,0.30725663900375366,0.2692430913448334,0.307257741689682
1785545376753570800,124279034,0.26924192905426025,0.30725663900375366,0.2692430913448334,0.307257741689682
1785545376762794000,124298364,0.26495125889778137,0.3040156364440918,0.2649523615837097,0.30401667952537537
1785545376773863600,124298364,0.26495125889778137,0.3040156364440918,0.2649523615837097,0.30401667952537537
1785545376783809700,124314567,0.2626781761646271,0.3015986680984497,0.2626793384552002,0.3015998601913452
1785545376795370500,124328446,0.2601985037326813,0.3009931445121765,0.26019975543022156,0.3009943962097168
1785545376806670100,124328446,0.2601985037326813,0.3009931445121765,0.26019975543022156,0.3009943962097168
1785545376815730700,124345188,0.2611364424228668,0.2963305711746216,0.2611374855041504,0.2963316738605499
1785545376826962600,124364640,0.2630721628665924,0.2896500527858734,0.2630729079246521,0.2896508574485779
1785545376838562900,124364640,0.2630721628665924,0.2896500527858734,0.2630729079246521,0.2896508574485779
1785545376850980400,124378414,0.2594310939311981,0.29111483693122864,0.25943198800086975,0.29111576080322266
1785545376860602000,124397965,0.26138636469841003,0.28538230061531067,0.26138705015182495,0.2853829860687256
1785545376871999200,124397965,0.26138636469841003,0.28538230061531067,0.26138705015182495,0.2853829860687256
1785545376885111600,124411763,0.2586335241794586,0.2863987386226654,0.2586342990398407,0.2863995432853699
1785545376894687700,124431360,0.25784552097320557,0.2850729823112488,0.25784632563591003,0.28507375717163086
1785545376904119000,124431360,0.25784552097320557,0.2850729823112488,0.25784632563591003,0.28507375717163086
1785545376915532800,124445255,0.25915685296058655,0.2822926342487335,0.25915756821632385,0.2822933495044708
1785545376926709000,124445255,0.25915685296058655,0.2822926342487335,0.25915756821632385,0.2822933495044708
1785545376936176200,124464828,0.2613318860530853,0.2779143452644348,0.2613323926925659,0.277914822101593
1785545376947251100,124478480,0.2590472996234894,0.2791956663131714,0.25904789566993713,0.27919626235961914
1785545376957352900,124478480,0.2590472996234894,0.2791956663131714,0.25904789566993713,0.27919626235961914
1785545376968701400,124498161,0.2602487802505493,0.27640655636787415,0.26024919748306274,0.27640700340270996
1785545376979599200,124511754,0.2587420642375946,0.2771967947483063,0.2587425410747528,0.27719733119010925
1785545376990544100,124511754,0.2587420642375946,0.2771967947483063,0.2587425410747528,0.27719733119010925
1785545377001434600,124531396,0.2586333155632019,0.2764345109462738,0.2586337924003601,0.2764350175857544
1785545377012786200,124545117,0.2597224712371826,0.27475637197494507,0.25972291827201843,0.27475687861442566
1785545377023764400,124545117,0.2597224712371826,0.27475637197494507,0.25972291827201843,0.27475687861442566
1785545377034588400,124564705,0.2599274516105652,0.2738577723503113,0.2599278688430786,0.2738581895828247
1785545377045504500,124578694,0.2615785002708435,0.2716398239135742,0.2615787386894226,0.2716400623321533
1785545377056783800,124578694,0.2615785002708435,0.2716398239135742,0.2615787386894226,0.2716400623321533
1785545377066517500,124598054,0.2615576982498169,0.27101653814315796,0.26155799627304077,0.27101677656173706
1785545377077830000,124611721,0.26035481691360474,0.27192121744155884,0.2603551745414734,0.2719215452671051
1785545377089079600,124611721,0.26035481691360474,0.27192121744155884,0.2603551745414734,0.2719215452671051
1785545377100520800,124631473,0.26026901602745056,0.2716470956802368,0.2602693438529968,0.2716474235057831
1785545377111573200,124645078,0.26032131910324097,0.2699446380138397,0.26032158732414246,0.2699449062347412
1785545377121308100,124645078,0.26032131910324097,0.2699446380138397,0.26032158732414246,0.2699449062347412
1785545377132716100,124664807,0.28517523407936096,0.2917989194393158,0.23309491574764252,0.23971861600875854
1785545377143655700,124678382,0.3019939064979553,0.3085148334503174,0.20955578982830048,0.21607670187950134
1785545377154566300,124678382,0.3019939064979553,0.3085148334503174,0.20955578982830048,0.21607670187950134
1785545377167167500,124697980,0.3054436147212982,0.3120710551738739,0.1921485811471939,0.19877605140209198
1785545377177212900,124711729,0.28775760531425476,0.29543787240982056,0.20243926346302032,0.21011954545974731
1785545377188145400,124711729,0.28775760531425476,0.29543787240982056,0.20243926346302032,0.21011954545974731
1785545377199244400,124731353,0.2940253019332886,0.3014531433582306,0.18268106877803802,0.19010896980762482
1785545377210163500,124745100,0.28317925333976746,0.28955569863319397,0.18217915296554565,0.18855561316013336
1785545377221488900,124745100,0.28317925333976746,0.28955569863319397,0.18217915296554565,0.18855561316013336
1785545377230860300,124764618,0.25841864943504333,0.2630104720592499,0.18957477807998657,0.19416658580303192
1785545377242012800,124778396,0.24769215285778046,0.25223657488822937,0.18532967567443848,0.1898740828037262
1785545377252770100,124778396,0.24769215285778046,0.25223657488822937,0.18532967567443848,0.1898740828037262
1785545377263892600,124798053,0.2366299033164978,0.2413485050201416,0.1747269630432129,0.1794455498456955
1785545377275476900,124811727,0.2368282973766327,0.24223493039608002,0.16393320262432098,0.1693398505449295
1785545377285232700,124811727,0.2368282973766327,0.24223493039608002,0.16393320262432098,0.1693398505449295
1785545377296147000,124831235,0.1999226212501526,0.2053065299987793,0.18387247622013092,0.18925641477108002
1785545377307254000,124845052,0.1647709161043167,0.16897368431091309,0.20747096836566925,0.2117827981710434
1785545377320481400,124845052,0.1647709161043167,0.16897368431091309,0.20747096836566925,0.2117827981710434
1785545377330205500,124864606,0.13475051522254944,0.1382477581501007,0.22473135590553284,0.22833465039730072
1785545377341685300,124878389,0.11585815250873566,0.11902263760566711,0.2322128862142563,0.23570595681667328
1785545377351221200,124878389,0.11585815250873566,0.11902263760566711,0.2322128862142563,0.23570595681667328
1785545377362377800,124897872,0.11471666395664215,0.11809840798377991,0.2063143253326416,0.20962296426296234
1785545377373448300,124911715,0.12008105218410492,0.1239367425441742,0.18804492056369781,0.19168345630168915
1785545377386563300,124911715,0.12008105218410492,0.1239367425441742,0.18804492056369781,0.19168345630168915
1785545377396079100,124931341,0.11972568184137344,0.1235695406794548,0.16914792358875275,0.17277318239212036
1785545377407054300,124945054,0.11685203015804291,0.12024594843387604,0.15886782109737396,0.16212180256843567
1785545377420043300,124945054,0.11685203015804291,0.12024594843387604,0.15886782109737396,0.16212180256843567
1785545377429661000,124964562,0.11340662837028503,0.11582339555025101,0.1468658149242401,0.1492662876844406
1785545377440601700,124978429,0.10816854238510132,0.11033850908279419,0.1429779827594757,0.14519032835960388
1785545377451642000,124978429,0.10816854238510132,0.11033850908279419,0.1429779827594757,0.14519032835960388
1785545377461728100,124997934,0.10283166170120239,0.10487645119428635,0.13973158597946167,0.14184091985225677
1785545377473017700,125011724,0.09835660457611084,0.1006404235959053,0.1399531364440918,0.14228759706020355
1785545377483962100,125011724,0.09835660457611084,0.1006404235959053,0.1399531364440918,0.14228759706020355
1785545377494696000,125031206,0.1584421992301941,0.16067105531692505,0.19854836165905,0.20079366862773895
1785545377506168500,125045063,0.1895173192024231,0.19134099781513214,0.22259005904197693,0.22440968453884125
1785545377517399800,125045063,0.1895173192024231,0.19134099781513214,0.22259005904197693,0.22440968453884125
1785545377528707000,125064565,0.22020216286182404,0.22126944363117218,0.24114233255386353,0.24219264090061188
1785545377538845800,125064565,0.22020216286182404,0.22126944363117218,0.24114233255386353,0.24219264090061188
1785545377549939700,125078380,0.23117665946483612,0.23222491145133972,0.25268274545669556,0.2537146508693695
1785545377560728200,125097902,0.24374565482139587,0.244509756565094,0.2600565552711487,0.26081255078315735
1785545377571830400,125097902,0.24374565482139587,0.244509756565094,0.2600565552711487,0.26081255078315735
1785545377584834400,125111700,0.24703754484653473,0.24789781868457794,0.2657366991043091,0.2665953040122986
1785545377594386100,125131208,0.2512577772140503,0.25209924578666687,0.2695392668247223,0.2703845500946045
1785545377603772700,125131208,0.2512577772140503,0.25209924578666687,0.2695392668247223,0.2703845500946045
1785545377615384800,125145040,0.25445127487182617,0.2551468312740326,0.2700030207633972,0.27070334553718567
1785545377624860100,125145040,0.25445127487182617,0.2551468312740326,0.2700030207633972,0.27070334553718567
1785545377636142700,125164622,0.25828462839126587,0.25871673226356506,0.26927047967910767,0.26970574259757996
1785545377647161100,125178386,0.2589952349662781,0.2594000995159149,0.26979896426200867,0.27020514011383057
1785545377658767700,125197739,0.25967642664909363,0.2600501775741577,0.26952654123306274,0.2699008882045746
1785545377669912700,125197915,0.25945720076560974,0.25985899567604065,0.27030572295188904,0.2707069516181946
1785545377680849200,125211708,0.2588832974433899,0.25934967398643494,0.271260142326355,0.27172526717185974
1785545377691838000,125211708,0.2588832974433899,0.25934967398643494,0.271260142326355,0.27172526717185974
1785545377702867800,125231193,0.259431391954422,0.259863018989563,0.2710696756839752,0.2715001404285431
1785545377713556500,125245051,0.2604551911354065,0.26079756021499634,0.2702121436595917,0.2705538272857666
1785545377725217300,125245051,0.2604551911354065,0.26079756021499634,0.2702121436595917,0.2705538272857666
1785545377735265800,125264587,0.26199957728385925,0.26219987869262695,0.2687441110610962,0.2689444422721863
1785545377747989800,125278379,0.2613604962825775,0.2615959346294403,0.2693178951740265,0.26955363154411316
1785545377757587300,125278379,0.2613604962825775,0.2615959346294403,0.2693178951740265,0.26955363154411316
1785545377770397100,125297896,0.26207447052001953,0.2622523605823517,0.2685340940952301,0.26871228218078613
1785545377780061400,125311726,0.261634886264801,0.2618348300457001,0.268892765045166,0.2690929174423218
1785545377790988500,125311726,0.261634886264801,0.2618348300457001,0.268892765045166,0.2690929174423218
1785545377800594300,125331215,0.2616979777812958,0.2618863582611084,0.2687566578388214,0.26894503831863403
1785545377811709200,125345043,0.2622091770172119,0.26235663890838623,0.2682190239429474,0.26836639642715454
1785545377821530100,125345043,0.2622091770172119,0.26235663890838623,0.2682190239429474,0.26836639642715454
1785545377832707500,125364710,0.2631278336048126,0.26320695877075195,0.26725664734840393,0.2673356831073761
1785545377843751100,125378422,0.26315125823020935,0.263222336769104,0.2671770751476288,0.26724812388420105
1785545377856288600,125378422,0.26315125823020935,0.263222336769104,0.2671770751476288,0.26724812388420105
1785545377866049400,125397990,0.2631072402000427,0.26317620277404785,0.2671451270580292,0.2672141194343567
1785545377877392500,125411863,0.26278695464134216,0.2628682553768158,0.26741692423820496,0.267498254776001
1785545377888321400,125411863,0.26278695464134216,0.2628682553768158,0.26741692423820496,0.267498254776001
1785545377899707600,125431167,0.26289743185043335,0.2629680037498474,0.26727402210235596,0.26734459400177
1785545377910565600,125445289,0.26325929164886475,0.2633073329925537,0.2669040560722351,0.26695212721824646
1785545377920677700,125445289,0.26325929164886475,0.2633073329925537,0.2669040560722351,0.26695212721824646
1785545377931869200,125464534,0.263846755027771,0.2638641595840454,0.2663029730319977,0.2663203477859497
1785545377942614300,125478376,0.26389023661613464,0.2639023959636688,0.26623910665512085,0.26625126600265503
1785545377953832500,125478376,0.26389023661613464,0.2639023959636688,0.26623910665512085,0.26625126600265503
1785545377963435200,125497979,0.2638591527938843,0.2638705372810364,0.26624101400375366,0.26625239849090576
1785545377974547300,125511718,0.2636677622795105,0.26368263363838196,0.26641520857810974,0.2664301097393036
1785545377984063200,125511718,0.2636677622795105,0.26368263363838196,0.26641520857810974,0.2664301097393036
1785545377995298500,125531319,0.2637380063533783,0.26374706625938416,0.2663344144821167,0.26634344458580017
1785545378004940800,125531319,0.2637380063533783,0.26374706625938416,0.2663344144821167,0.26634344458580017
1785545378015920500,125545039,0.26395559310913086,0.263955682516098,0.2661149799823761,0.2661150395870209
1785545378028692800,125564547,0.2643246054649353,0.26431384682655334,0.26574093103408813,0.2657301723957062
1785545378038597900,125564547,0.2643246054649353,0.26431384682655334,0.26574093103408813,0.2657301723957062
1785545378050638300,125578361,0.2642046809196472,0.26419344544410706,0.26585397124290466,0.2658427655696869
1785545378060356500,125597999,0.26435917615890503,0.2643446624279022,0.265691876411438,0.26567739248275757
1785545378071530500,125597999,0.26435917615890503,0.2643446624279022,0.265691876411438,0.26567739248275757
1785545378081129000,125611712,0.26427653431892395,0.26426073908805847,0.265770822763443,0.2657550275325775
1785545378090748500,125611712,0.26427653431892395,0.26426073908805847,0.265770822763443,0.2657550275325775
1785545378102148500,125631474,0.26429668068885803,0.26427847146987915,0.26574718952178955,0.2657289505004883
1785545378112692500,125645028,0.2644104063510895,0.26439014077186584,0.2656317949295044,0.2656114995479584
1785545378123789500,125645028,0.2644104063510895,0.26439014077186584,0.2656317949295044,0.2656114995479584
1785545378135352100,125664591,0.26448696851730347,0.2644645571708679,0.2655530273914337,0.26553067564964294
1785545378145136000,125678360,0.2646421194076538,0.2646200954914093,0.26539430022239685,0.26537224650382996
1785545378156142000,125678360,0.2646421194076538,0.2646200954914093,0.26539430022239685,0.26537224650382996
1785545378165739100,125697855,0.2646901607513428,0.26466795802116394,0.2653428018093109,0.2653205990791321
1785545378176922600,125711797,0.2646114230155945,0.26458626985549927,0.26542285084724426,0.2653976380825043
1785545378187933000,125711797,0.2646114230155945,0.26458626985549927,0.26542285084724426,0.2653976380825043
1785545378198918700,125731219,0.2655339539051056,0.2655072510242462,0.2663459777832031,0.26631930470466614
1785545378209836500,125745018,0.26753106713294983,0.2675052285194397,0.2682034373283386,0.2681775689125061
1785545378220678500,125745018,0.26753106713294983,0.2675052285194397,0.2682034373283386,0.2681775689125061
1785545378231807300,125764650,0.27217042446136475,0.27214473485946655,0.27273795008659363,0.2727123498916626
1785545378241922000,125778367,0.27724403142929077,0.2772218585014343,0.2776283919811249,0.2776062488555908
1785545378252699600,125778367,0.27724403142929077,0.2772218585014343,0.2776283919811249,0.2776062488555908
1785545378263627200,125798035,0.2859255373477936,0.28590449690818787,0.2862454056739807,0.2862243056297302
1785545378275378300,125811712,0.28980594873428345,0.28978171944618225,0.2902076244354248,0.2901833653450012
1785545378284718100,125811712,0.28980594873428345,0.28978171944618225,0.2902076244354248,0.2901833653450012
1785545378295864600,125831343,0.297311931848526,0.2972874045372009,0.2977023422718048,0.2976778745651245
1785545378307034400,125845032,0.3031716048717499,0.3031492829322815,0.30347853899002075,0.30345630645751953
1785545378318181800,125845032,0.3031716048717499,0.3031492829322815,0.30347853899002075,0.30345630645751953
1785545378329355200,125864757,0.3105616867542267,0.3105405569076538,0.31081393361091614,0.3107927441596985
1785545378339976400,125878371,0.31473392248153687,0.31471437215805054,0.31494054198265076,0.31492096185684204
1785545378351011900,125878371,0.31473392248153687,0.31471437215805054,0.31494054198265076,0.31492096185684204
1785545378362157100,125897869,0.3187550902366638,0.3187396824359894,0.31888043880462646,0.318865031003952
1785545378373167600,125911714,0.32057398557662964,0.32055556774139404,0.32073909044265747,0.32072070240974426
1785545378384174200,125911714,0.32057398557662964,0.32055556774139404,0.32073909044265747,0.32072070240974426
1785545378395429200,125931628,0.2980632483959198,0.29804345965385437,0.2982355058193207,0.29821568727493286
1785545378406771600,125931628,0.2980632483959198,0.29804345965385437,0.2982355058193207,0.29821568727493286
1785545378419441400,125947491,0.28660064935684204,0.28658199310302734,0.2867385745048523,0.2867199182510376
1785545378430443400,125961716,0.2798541188240051,0.279835969209671,0.2799760699272156,0.27995792031288147
1785545378439081800,125961716,0.2798541188240051,0.279835969209671,0.2799760699272156,0.27995792031288147
1785545378452205800,125978442,0.2746719717979431,0.27465763688087463,0.2747454047203064,0.2747310698032379
1785545378462182400,125997997,0.2717755436897278,0.27176034450531006,0.27184438705444336,0.271829217672348
1785545378473068200,126011707,0.27042701840400696,0.2704089283943176,0.27051615715026855,0.2704980969429016
1785545378485654800,126011707,0.27042701840400696,0.2704089283943176,0.27051615715026855,0.2704980969429016
1785545378495544300,126031214,0.2711108326911926,0.27109330892562866,0.2711901366710663,0.2711726427078247
1785545378506733600,126031214,0.2711108326911926,0.27109330892562866,0.2711901366710663,0.2711726427078247
1785545378515839500,126045013,0.27362489700317383,0.27360931038856506,0.27368298172950745,0.2736673951148987
1785545378526820700,126064527,0.2796586751937866,0.27964699268341064,0.27968522906303406,0.2796735465526581
1785545378536906100,126064527,0.2796586751937866,0.27964699268341064,0.27968522906303406,0.2796735465526581
1785545378549606000,126078357,0.2854967713356018,0.2854852080345154,0.28551939129829407,0.28550779819488525
1785545378558973100,126097876,0.29482388496398926,0.29481241106987,0.2948456108570099,0.294834166765213
1785545378570049900,126097876,0.29482388496398926,0.29481241106987,0.2948456108570099,0.294834166765213
1785545378580923000,126111690,0.2991461753845215,0.2991332411766052,0.29917216300964355,0.2991592288017273
1785545378590496200,126111690,0.2991461753845215,0.2991332411766052,0.29917216300964355,0.2991592288017273
1785545378601622800,126131184,0.3070257008075714,0.3070133328437805,0.30704548954963684,0.30703315138816833
1785545378610757600,126145026,0.3137548863887787,0.31374436616897583,0.31376513838768005,0.3137546181678772
1785545378621674000,126145026,0.3137548863887787,0.31374436616897583,0.31376513838768005,0.3137546181678772
1785545378632657400,126164927,0.32385310530662537,0.3238458037376404,0.3238517940044403,0.32384446263313293
1785545378645180400,126181403,0.3328436315059662,0.332835853099823,0.33284127712249756,0.332833468914032
1785545378656187300,126181403,0.3328436315059662,0.332835853099823,0.33284127712249756,0.332833468914032
1785545378665851600,126195030,0.3407159149646759,0.34070852398872375,0.34071406722068787,0.3407066762447357
1785545378676912000,126211825,0.3472813367843628,0.3472730219364166,0.3472791910171509,0.3472708761692047
1785545378688015700,126211825,0.3472813367843628,0.3472730219364166,0.3472791910171509,0.3472708761692047
1785545378699189100,126231370,0.3549538552761078,0.35494622588157654,0.35494929552078247,0.354941725730896
1785545378711821600,126245028,0.36003464460372925,0.3600277900695801,0.3600277006626129,0.36002087593078613
1785545378723411200,126245028,0.36003464460372925,0.3600277900695801,0.3600277006626129,0.36002087593078613
1785545378733073600,126264542,0.36581388115882874,0.3658093512058258,0.3658044934272766,0.3657999634742737
1785545378744418800,126278357,0.36860790848731995,0.3686021864414215,0.36859792470932007,0.36859217286109924
1785545378755588300,126278357,0.36860790848731995,0.3686021864414215,0.36859792470932007,0.36859217286109924
1785545378766902200,126297992,0.32727164030075073,0.32726675271987915,0.32726117968559265,0.3272562623023987
1785545378777172500,126311680,0.30832359194755554,0.3083176612854004,0.3083110749721527,0.3083050847053528
1785545378788145900,126311680,0.30832359194755554,0.3083176612854004,0.3083110749721527,0.3083050847053528
1785545378800640800,126331206,0.2910953760147095,0.2910890281200409,0.29108089208602905,0.2910745441913605
1785545378809953200,126345033,0.28311750292778015,0.28311169147491455,0.2831021547317505,0.28309643268585205
1785545378821133900,126345033,0.28311750292778015,0.28311169147491455,0.2831021547317505,0.28309643268585205
1785545378832411200,126364743,0.27585840225219727,0.275854229927063,0.27584385871887207,0.27583977580070496
1785545378844875700,126378360,0.27258628606796265,0.2725820243358612,0.27257123589515686,0.2725670039653778
1785545378854042300,126378360,0.27258628606796265,0.2725820243358612,0.27257123589515686,0.2725670039653778
1785545378863804100,126398241,0.2695372402667999,0.2695328891277313,0.2695215344429016,0.269517183303833
1785545378875373900,126411681,0.26818016171455383,0.26817524433135986,0.26816248893737793,0.2681574821472168
1785545378884666600,126411681,0.26818016171455383,0.26817524433135986,0.26816248893737793,0.2681574821472168
1785545378895136000,126431328,0.26691934466362,0.26691439747810364,0.26690107583999634,0.2668960988521576
1785545378907803200,126445011,0.24052469432353973,0.2405209094285965,0.2921292185783386,0.2921253740787506
1785545378917309300,126445011,0.24052469432353973,0.2405209094285965,0.2921292185783386,0.2921253740787506
1785545378928437900,126464514,0.2193865031003952,0.21938344836235046,0.3122134208679199,0.3122103214263916
1785545378938757800,126464514,0.2193865031003952,0.21938344836235046,0.3122134208679199,0.3122103214263916
1785545378951148000,126478436,0.2076237052679062,0.20762060582637787,0.3249470591545105,0.3249439299106598
1785545378960747200,126497893,0.20669732987880707,0.20669426023960114,0.33051708340644836,0.33051401376724243
1785545378970337700,126497893,0.20669732987880707,0.20669426023960114,0.33051708340644836,0.33051401376724243
1785545378981736000,126511683,0.22170428931713104,0.22170081734657288,0.31764358282089233,0.31764012575149536
1785545378992952800,126531180,0.23443974554538727,0.2344365268945694,0.3126243054866791,0.3126210868358612
1785545379004045700,126531180,0.23443974554538727,0.2344365268945694,0.3126243054866791,0.3126210868358612
1785545379015451300,126545107,0.24637722969055176,0.24637441337108612,0.3101958632469177,0.3101930618286133
1785545379025073900,126545107,0.24637722969055176,0.24637441337108612,0.3101958632469177,0.3101930618286133
1785545379035331100,126564692,0.26369509100914,0.26369306445121765,0.30932700634002686,0.3093249797821045
1785545379045620900,126578318,0.2697865962982178,0.2697845995426178,0.31678271293640137,0.31678077578544617
1785545379058868900,126578318,0.2697865962982178,0.2697845995426178,0.31678271293640137,0.31678077578544617
1785545379068311500,126597950,0.2796907424926758,0.27968865633010864,0.3274111747741699,0.32740911841392517
1785545379079370300,126611818,0.28141969442367554,0.2814174294471741,0.3350846469402313,0.3350823223590851
1785545379090500300,126611818,0.28141969442367554,0.2814174294471741,0.3350846469402313,0.3350823223590851
1785545379103415700,126631456,0.2926312983036041,0.2926292419433594,0.3405575454235077,0.3405555188655853
1785545379112719200,126645149,0.30411776900291443,0.30411604046821594,0.3426235616207123,0.3426218330860138
1785545379123619300,126645149,0.30411776900291443,0.30411604046821594,0.3426235616207123,0.3426218330860138
1785545379135435100,126664644,0.34264707565307617,0.34264588356018066,0.32261958718299866,0.32261839509010315
1785545379145319300,126678359,0.36227357387542725,0.36227232217788696,0.314679890871048,0.3146786391735077
1785545379156140200,126678359,0.36227357387542725,0.36227232217788696,0.314679890871048,0.3146786391735077
1785545379167297900,126697984,0.37727221846580505,0.37727099657058716,0.3126562535762787,0.3126550018787384
1785545379177449700,126711664,0.36271756887435913,0.3627161979675293,0.33311304450035095,0.3331116735935211
1785545379188616000,126711664,0.36271756887435913,0.3627161979675293,0.33311304450035095,0.3331116735935211
1785545379199900500,126731205,0.3795548975467682,0.3795536160469055,0.3220122456550598,0.32201090455055237
1785545379210837600,126744991,0.3547160029411316,0.354714959859848,0.30501627922058105,0.3050152063369751
1785545379221864400,126744991,0.3547160029411316,0.354714959859848,0.30501627922058105,0.3050152063369751
1785545379232899400,126764484,0.3246976137161255,0.3246968984603882,0.29448553919792175,0.29448485374450684
1785545379243949900,126778338,0.31385883688926697,0.3138580322265625,0.2855238616466522,0.28552311658859253
1785545379255441400,126778338,0.31385883688926697,0.3138580322265625,0.2855238616466522,0.28552311658859253
1785545379266569200,126797938,0.305144727230072,0.3051437735557556,0.27474072575569153,0.2747398018836975
1785545379277368600,126811899,0.3038599193096161,0.30385884642601013,0.2669771909713745,0.26697617769241333
1785545379288293100,126811899,0.3038599193096161,0.30385884642601013,0.2669771909713745,0.26697617769241333
1785545379300883900,126831472,0.2986031174659729,0.2986021339893341,0.263294517993927,0.2632935643196106
1785545379310565100,126844962,0.29454895853996277,0.2945481240749359,0.2647033631801605,0.26470255851745605
1785545379322007600,126844962,0.29454895853996277,0.2945481240749359,0.2647033631801605,0.26470255851745605
1785545379333494400,126864502,0.29104161262512207,0.29104116559028625,0.2696242928504944,0.2696237564086914
1785545379343598200,126878321,0.2937116324901581,0.29371124505996704,0.27197158336639404,0.27197107672691345
1785545379354548700,126878321,0.2937116324901581,0.29371124505996704,0.27197158336639404,0.27197107672691345
1785545379367145300,126897875,0.29996398091316223,0.29996350407600403,0.27790626883506775,0.27790576219558716
1785545379377087100,126911654,0.3042435646057129,0.30424293875694275,0.27925771474838257,0.2792571187019348
1785545379387837200,126911654,0.3042435646057129,0.30424293875694275,0.27925771474838257,0.2792571187019348
1785545379400535000,126931171,0.30963146686553955,0.30963078141212463,0.28687405586242676,0.28687337040901184
1785545379411380900,126944983,0.3136574625968933,0.3136569857597351,0.29505640268325806,0.2950558662414551
1785545379420718900,126944983,0.3136574625968933,0.3136569857597351,0.29505640268325806,0.2950558662414551
1785545379433479100,126964520,0.3202175796031952,0.3202173411846161,0.3074040412902832,0.3074037730693817
1785545379442314800,126978313,0.32776811718940735,0.3277677893638611,0.31474146246910095,0.3147411048412323
1785545379453552000,126978313,0.32776811718940735,0.3277677893638611,0.31474146246910095,0.3147411048412323
1785545379465293700,126997811,0.33852463960647583,0.33852434158325195,0.3254091739654541,0.325408935546875
1785545379476378600,127011614,0.344320684671402,0.3443203568458557,0.3295174539089203,0.3295171856880188
1785545379485677100,127011614,0.344320684671402,0.3443203568458557,0.3295174539089203,0.3295171856880188
1785545379497274200,127031112,0.3519130051136017,0.35191258788108826,0.3388480842113495,0.3388477563858032
1785545379508050900,127045062,0.3575878441333771,0.357587605714798,0.3471626043319702,0.3471624255180359
1785545379520558800,127045062,0.3575878441333771,0.357587605714798,0.3471626043319702,0.3471624255180359
1785545379531902200,127064432,0.3665076196193695,0.3665073812007904,0.35679367184638977,0.35679346323013306
1785545379541699100,127078268,0.3708513379096985,0.3708512485027313,0.36430415511131287,0.3643040359020233
1785545379551066600,127078268,0.3708513379096985,0.3708512485027313,0.36430415511131287,0.3643040359020233
1785545379562109300,127097843,0.3773386776447296,0.3773385286331177,0.37074384093284607,0.37074369192123413
1785545379573198400,127097843,0.3773386776447296,0.3773385286331177,0.37074384093284607,0.37074369192123413
1785545379584392400,127111662,0.38120177388191223,0.3812015950679779,0.37284156680107117,0.37284135818481445
1785545379593833000,127131386,0.3836901783943176,0.3836899399757385,0.37608131766319275,0.37608110904693604
1785545379603603800,127131386,0.3836901783943176,0.3836899399757385,0.37608131766319275,0.37608110904693604
1785545379614601200,127144993,0.3253893554210663,0.3253891170024872,0.36460232734680176,0.36460211873054504
1785545379626019200,127164527,0.27625390887260437,0.276253879070282,0.35032743215560913,0.35032740235328674
1785545379637153000,127164527,0.27625390887260437,0.276253879070282,0.35032743215560913,0.35032740235328674
1785545379648150400,127178307,0.25068315863609314,0.25068309903144836,0.3466704785823822,0.34667038917541504
1785545379660909400,127197980,0.23351013660430908,0.23350998759269714,0.33919426798820496,0.33919408917427063
1785545379672095000,127197980,0.23351013660430908,0.23350998759269714,0.33919426798820496,0.33919408917427063
1785545379681974200,127211652,0.2400294691324234,0.24002929031848907,0.32135745882987976,0.32135728001594543
1785545379693222500,127231180,0.2428351789712906,0.24283498525619507,0.31211134791374207,0.31211116909980774
1785545379704604900,127231180,0.2428351789712906,0.24283498525619507,0.31211134791374207,0.31211116909980774
1785545379714051100,127244977,0.24928906559944153,0.24928906559944153,0.30697304010391235,0.30697304010391235
1785545379725364800,127244977,0.24928906559944153,0.24928906559944153,0.30697304010391235,0.30697304010391235
1785545379735553800,127264497,0.2616450786590576,0.26164504885673523,0.30357998609542847,0.3035799562931061
1785545379745138700,127278280,0.2659448981285095,0.26594477891921997,0.30952364206314087,0.3095235824584961
1785545379755245500,127278280,0.2659448981285095,0.26594477891921997,0.30952364206314087,0.3095235824584961
1785545379766266700,127297935,0.29866814613342285,0.2986680269241333,0.2939004898071289,0.29390040040016174
1785545379779162400,127311634,0.29310014843940735,0.2931000590324402,0.30737847089767456,0.3073783814907074
1785545379790253500,127311634,0.29310014843940735,0.2931000590324402,0.30737847089767456,0.3073783814907074
1785545379800185900,127331117,0.31795138120651245,0.3179512917995453,0.29762861132621765,0.2976285517215729
1785545379810975600,127344983,0.3478955030441284,0.34789541363716125,0.2808869481086731,0.28088685870170593
1785545379822189900,127344983,0.3478955030441284,0.34789541363716125,0.2808869481086731,0.28088685870170593
1785545379831853900,127364720,0.36434948444366455,0.3643494248390198,0.28452688455581665,0.2845267653465271
1785545379844877600,127378302,0.3577418923377991,0.3577418625354767,0.30614638328552246,0.3061462640762329
1785545379854204700,127378302,0.3577418923377991,0.3577418625354767,0.30614638328552246,0.3061462640762329
1785545379866689200,127398158,0.35410991311073303,0.3541100025177002,0.33196017146110535,0.3319602608680725
1785545379876516400,127411661,0.3606356978416443,0.3606357276439667,0.33529603481292725,0.3352961242198944
1785545379887591200,127411661,0.3606356978416443,0.3606357276439667,0.33529603481292725,0.3352961242198944
1785545379898928200,127431687,0.3709167540073395,0.3709166944026947,0.3424255847930908,0.3424255847930908
1785545379909903400,127447336,0.3765794038772583,0.3765793442726135,0.352272093296051,0.352272093296051
1785545379920822100,127447336,0.3765794038772583,0.3765793442726135,0.352272093296051,0.352272093296051
1785545379930561600,127461642,0.3802759647369385,0.3802759349346161,0.3642771542072296,0.364277184009552
1785545379941670000,127478296,0.39037927985191345,0.39037927985191345,0.373577356338501,0.3735773265361786
1785545379951138500,127478296,0.39037927985191345,0.39037927985191345,0.373577356338501,0.3735773265361786
1785545379962083800,127497805,0.40240684151649475,0.40240687131881714,0.38328054547309875,0.38328054547309875
1785545379973341000,127511629,0.4082828462123871,0.4082828760147095,0.3874381184577942,0.3874380886554718
1785545379986085100,127511629,0.4082828462123871,0.4082828760147095,0.3874381184577942,0.3874380886554718
1785545379995705200,127531117,0.4148908257484436,0.4148908257484436,0.39796265959739685,0.39796262979507446
1785545380006736800,127545040,0.4202122092247009,0.4202122092247009,0.40667614340782166,0.40667614340782166
1785545380017763300,127545040,0.4202122092247009,0.4202122092247009,0.40667614340782166,0.40667614340782166
1785545380030535700,127564634,0.4306235611438751,0.4306235611438751,0.4169746935367584,0.4169746935367584
1785545380040203600,127578283,0.4352888762950897,0.4352888762950897,0.42641502618789673,0.42641502618789673
1785545380051308800,127578283,0.4352888762950897,0.4352888762950897,0.42641502618789673,0.42641502618789673
1785545380060769200,127597848,0.44422081112861633,0.44422081112861633,0.43451976776123047,0.43451976776123047
1785545380071889600,127597848,0.44422081112861633,0.44422081112861633,0.43451976776123047,0.43451976776123047
1785545380083145700,127611634,0.44941532611846924,0.44941532611846924,0.4371628165245056,0.4371628165245056
1785545380094355700,127631224,0.4533030688762665,0.4533030688762665,0.442655473947525,0.442655473947525
1785545380103615900,127631224,0.4533030688762665,0.4533030688762665,0.442655473947525,0.442655473947525
1785545380114201500,127644965,0.4544210731983185,0.4544210731983185,0.4460969865322113,0.4460969865322113
1785545380123909100,127644965,0.4544210731983185,0.4544210731983185,0.4460969865322113,0.4460969865322113
1785545380134853800,127664494,0.380037397146225,0.380037397146225,0.3737846612930298,0.3737846612930298
1785545380146056300,127678315,0.34676069021224976,0.34676069021224976,0.33915406465530396,0.33915406465530396
1785545380157204800,127678315,0.34676069021224976,0.34676069021224976,0.33915406465530396,0.33915406465530396
1785545380170070200,127697817,0.3165571093559265,0.3165570795536041,0.30792540311813354,0.30792540311813354
1785545380181168100,127711623,0.3030906319618225,0.3030906021595001,0.2929587662220001,0.2929587662220001
1785545380190770900,127711623,0.3030906319618225,0.3030906021595001,0.2929587662220001,0.2929587662220001
1785545380200537000,127731204,0.28992265462875366,0.2899226248264313,0.2802777588367462,0.2802777588367462
1785545380211082500,127744965,0.28325873613357544,0.2832587659358978,0.2750231921672821,0.2750231921672821
1785545380222675900,127744965,0.28325873613357544,0.2832587659358978,0.2750231921672821,0.2750231921672821
1785545380233853700,127764637,0.27759823203086853,0.2775982618331909,0.27171894907951355,0.27171891927719116
1785545380244875300,127778265,0.2770138084888458,0.2770138084888458,0.2711002826690674,0.271100252866745
1785545380255667400,127778265,0.2770138084888458,0.2770138084888458,0.2711002826690674,0.271100252866745
1785545380266909000,127797771,0.2794085144996643,0.2794085144996643,0.27341189980506897,0.2734118700027466
1785545380279206200,127811636,0.2809058129787445,0.2809058129787445,0.2740921378135681,0.2740921378135681
1785545380288609000,127811636,0.2809058129787445,0.2809058129787445,0.2740921378135681,0.2740921378135681
1785545380300918400,127832435,0.2856767177581787,0.2856766879558563,0.2793327867984772,0.27933281660079956
1785545380310517800,127848107,0.2900017499923706,0.2900017499923706,0.28478944301605225,0.28478947281837463
1785545380321798600,127848107,0.2900017499923706,0.2900017499923706,0.28478944301605225,0.28478947281837463
1785545380332608400,127861648,0.2933862507343292,0.29338622093200684,0.2898688316345215,0.2898688316345215
1785545380343529900,127878293,0.29758623242378235,0.29758623242378235,0.29448339343070984,0.29448339343070984
1785545380354332900,127878293,0.29758623242378235,0.29758623242378235,0.29448339343070984,0.29448339343070984
1785545380365330600,127897829,0.28558966517448425,0.28558966517448425,0.28181955218315125,0.28181955218315125
1785545380377246500,127911626,0.2802398204803467,0.2802398204803467,0.2758408486843109,0.2758408486843109
1785545380388475400,127911626,0.2802398204803467,0.2802398204803467,0.2758408486843109,0.2758408486843109
1785545380399926600,127931262,0.27486276626586914,0.27486276626586914,0.27086201310157776,0.27086201310157776
1785545380410822200,127944979,0.27192872762680054,0.27192872762680054,0.2690639793872833,0.2690639793872833
1785545380421870400,127944979,0.27192872762680054,0.27192872762680054,0.2690639793872833,0.2690639793872833
1785545380434708700,127964733,0.2695099413394928,0.2695099413394928,0.2671095132827759,0.2671095132827759
1785545380446050600,127978295,0.2685660123825073,0.2685660421848297,0.2660907804965973,0.2660907804965973
1785545380457268500,127978295,0.2685660123825073,0.2685660421848297,0.2660907804965973,0.2660907804965973
1785545380466926600,127998138,0.26762211322784424,0.26762211322784424,0.26518768072128296,0.26518768072128296
1785545380477323200,128011670,0.26735079288482666,0.26735079288482666,0.264640748500824,0.26464077830314636
1785545380489819000,128011670,0.26735079288482666,0.26735079288482666,0.264640748500824,0.26464077830314636
1785545380499266700,128031184,0.26688653230667114,0.26688653230667114,0.2643379271030426,0.2643379271030426
1785545380510435200,128044966,0.26650190353393555,0.26650190353393555,0.2643657624721527,0.2643657624721527
1785545380521791800,128044966,0.26650190353393555,0.26650190353393555,0.2643657624721527,0.2643657624721527
1785545380534517100,128064443,0.2659929692745209,0.2659929692745209,0.2645447254180908,0.26454469561576843
1785545380545751400,128078282,0.26589688658714294,0.26589691638946533,0.2644863426685333,0.26448628306388855
1785545380555538000,128078282,0.26589688658714294,0.26589691638946533,0.2644863426685333,0.26448628306388855
1785545380568366200,128097749,0.26583462953567505,0.26583465933799744,0.264406681060791,0.26440665125846863
1785545380577946700,128111612,0.26590847969055176,0.26590847969055176,0.2642670273780823,0.2642669975757599
1785545380588970400,128111612,0.26590847969055176,0.26590847969055176,0.2642670273780823,0.2642669975757599
1785545380600492800,128131114,0.2658343017101288,0.2658342719078064,0.26428040862083435,0.26428040862083435
1785545380611274900,128144935,0.2656920552253723,0.2656920254230499,0.2643932104110718,0.2643932104110718
1785545380623848500,128144935,0.2656920552253723,0.2656920254230499,0.2643932104110718,0.2643932104110718
1785545380633423300,128164427,0.26545992493629456,0.26545992493629456,0.26459643244743347,0.26459646224975586
1785545380644885000,128178284,0.26543790102005005,0.26543793082237244,0.26460444927215576,0.26460447907447815
1785545380655863100,128178284,0.26543790102005005,0.26543793082237244,0.26460444927215576,0.26460447907447815
1785545380665515000,128197739,0.2654360830783844,0.2654360830783844,0.26459282636642456,0.2645927965641022
1785545380676962800,128211618,0.26549747586250305,0.26549747586250305,0.2645252048969269,0.2645251750946045
1785545380689548700,128211618,0.26549747586250305,0.26549747586250305,0.2645252048969269,0.2645251750946045
1785545380699066000,128231104,0.2654675841331482,0.2654675841331482,0.2645489573478699,0.2645489573478699
1785545380710086400,128244930,0.2653883695602417,0.2653883695602417,0.2646248936653137,0.2646248936653137
1785545380720947000,128244930,0.2653883695602417,0.2653883695602417,0.2646248936653137,0.2646248936653137
1785545380730600200,128264469,0.2653384506702423,0.2653384506702423,0.2646715044975281,0.2646715044975281
1785545380741574700,128278266,0.2652420997619629,0.2652420997619629,0.26476582884788513,0.26476582884788513
1785545380752434900,128278266,0.2652420997619629,0.2652420997619629,0.26476582884788513,0.26476582884788513
1785545380763653400,128297880,0.2652122676372528,0.2652122974395752,0.2647934854030609,0.2647934854030609
1785545380775371300,128311604,0.2652624845504761,0.2652624845504761,0.26474231481552124,0.26474228501319885
1785545380785104600,128311604,0.2652624845504761,0.2652624845504761,0.26474231481552124,0.26474228501319885
1785545380797940900,128331123,0.2652629017829895,0.2652629017829895,0.26474082469940186,0.26474082469940186
1785545380807353400,128344920,0.26521968841552734,0.26521968841552734,0.26478341221809387,0.26478341221809387
1785545380820414300,128344920,0.26521968841552734,0.26521968841552734,0.26478341221809387,0.26478341221809387
1785545380830105200,128364513,0.2651417851448059,0.2651417553424835,0.26486051082611084,0.26486051082611084
1785545380841124800,128378283,0.2651342451572418,0.2651342451572418,0.2648675739765167,0.2648675739765167
1785545380850786600,128378283,0.2651342451572418,0.2651342451572418,0.2648675739765167,0.2648675739765167
1785545380862047800,128398119,0.26513421535491943,0.26513421535491943,0.2648671567440033,0.2648671567440033
1785545380873198900,128398119,0.26513421535491943,0.26513421535491943,0.2648671567440033,0.2648671567440033
1785545380884795300,128411602,0.2651548683643341,0.2651548683643341,0.2648462951183319,0.2648462951183319
1785545380894276000,128431151,0.26514512300491333,0.2651451528072357,0.2648558020591736,0.2648558020591736
1785545380905226400,128431151,0.26514512300491333,0.2651451528072357,0.2648558020591736,0.2648558020591736
1785545380916890500,128444939,0.26511821150779724,0.26511821150779724,0.26488256454467773,0.26488256454467773
1785545380926380100,128464522,0.2650744616985321,0.2650744616985321,0.26492613554000854,0.26492613554000854
1785545380939428600,128464522,0.2650744616985321,0.2650744616985321,0.26492613554000854,0.26492613554000854
1785545380948850800,128478265,0.2650708854198456,0.2650708854198456,0.2649295926094055,0.2649295926094055
1785545380960393100,128497813,0.2650710642337799,0.2650710642337799,0.26492929458618164,0.26492929458618164
1785545380971661800,128497813,0.2650710642337799,0.2650710642337799,0.26492929458618164,0.26492929458618164
1785545380981467100,128511583,0.2650822699069977,0.2650822699069977,0.2649180293083191,0.2649180293083191
1785545380994162500,128531079,0.26507651805877686,0.26507651805877686,0.26492375135421753,0.26492375135421753
1785545381003579800,128531079,0.26507651805877686,0.26507651805877686,0.26492375135421753,0.26492375135421753
1785545381014191400,128544950,0.26506146788597107,0.26506146788597107,0.26493871212005615,0.26493871212005615
1785545381024061300,128544950,0.26506146788597107,0.26506146788597107,0.26493871212005615,0.26493871212005615
1785545381035269800,128564481,0.26505181193351746,0.26505181193351746,0.2649483382701874,0.2649483382701874
1785545381046400200,128578259,0.2650435268878937,0.2650435268878937,0.26495659351348877,0.26495659351348877
1785545381057634600,128578259,0.2650435268878937,0.2650435268878937,0.26495659351348877,0.26495659351348877
1785545381068688000,128597822,0.26502788066864014,0.26502788066864014,0.26497218012809753,0.26497218012809753
1785545381079980900,128611602,0.26503437757492065,0.26503437757492065,0.26496565341949463,0.26496565341949463
1785545381090996700,128611602,0.26503437757492065,0.26503437757492065,0.26496565341949463,0.26496565341949463
1785545381100539600,128631120,0.26503556966781616,0.26503556966781616,0.2649644613265991,0.2649644613265991
1785545381111727000,128644891,0.26502904295921326,0.26502904295921326,0.264970988035202,0.264970988035202
1785545381121645900,128644891,0.26502904295921326,0.26502904295921326,0.264970988035202,0.264970988035202
1785545381132850800,128664526,0.26502394676208496,0.26502394676208496,0.2649760842323303,0.2649760842323303
1785545381143962400,128678225,0.2650151252746582,0.2650151252746582,0.2649849057197571,0.2649849057197571
1785545381155359000,128678225,0.2650151252746582,0.2650151252746582,0.2649849057197571,0.2649849057197571
1785545381168168900,128697801,0.2650119960308075,0.2650119960308075,0.2649880349636078,0.2649880349636078
1785545381177630900,128711576,0.2650156319141388,0.2650156319141388,0.2649843990802765,0.2649843990802765
1785545381188751100,128711576,0.2650156319141388,0.2650156319141388,0.2649843990802765,0.2649843990802765
1785545381200238300,128731089,0.2650153338909149,0.2650153338909149,0.264984667301178,0.264984667301178
1785545381211322000,128744927,0.26501163840293884,0.26501163840293884,0.26498836278915405,0.26498836278915405
1785545381221832000,128744927,0.26501163840293884,0.26501163840293884,0.26498836278915405,0.26498836278915405
1785545381233341000,128764469,0.26500555872917175,0.26500555872917175,0.26499441266059875,0.26499441266059875
1785545381244871700,128778213,0.2650046944618225,0.2650046944618225,0.264995276927948,0.264995276927948
1785545381255827100,128778213,0.2650046944618225,0.2650046944618225,0.264995276927948,0.264995276927948
1785545381266651700,128797816,0.2650044858455658,0.2650044858455658,0.2649954855442047,0.2649954855442047
1785545381277794000,128811558,0.2650054693222046,0.2650054693222046,0.2649945020675659,0.2649945020675659
1785545381289020500,128811558,0.2650054693222046,0.2650054693222046,0.2649945020675659,0.2649945020675659
1785545381300342400,128831081,0.265002965927124,0.265002965927124,0.2649970054626465,0.2649970054626465
1785545381312868500,128844909,0.26500189304351807,0.26500189304351807,0.26499807834625244,0.26499807834625244
1785545381322228700,128844909,0.26500189304351807,0.26500189304351807,0.26499807834625244,0.26499807834625244
1785545381333671400,128864568,0.26500099897384644,0.26500099897384644,0.2649989724159241,0.2649989724159241
1785545381343894600,128878597,0.265000581741333,0.265000581741333,0.2649994194507599,0.2649994194507599
1785545381356489600,128878597,0.265000581741333,0.265000581741333,0.2649994194507599,0.2649994194507599
1785545381367680700,128897856,0.26499998569488525,0.26499998569488525,0.26499998569488525,0.26499998569488525
1785545381377294700,128911989,0.2649998366832733,0.2649998664855957,0.2650001645088196,0.2650001645088196
1785545381388400500,128911989,0.2649998366832733,0.2649998664855957,0.2650001645088196,0.2650001645088196
1785545381401521200,128931187,0.2649993896484375,0.2649993598461151,0.26500067114830017,0.26500067114830017
1785545381410972000,128944906,0.26499873399734497,0.2649987041950226,0.2650012671947479,0.2650013267993927
1785545381422084900,128944906,0.26499873399734497,0.2649987041950226,0.2650012671947479,0.2650013267993927
1785545381434672800,128964469,0.2649984359741211,0.2649984061717987,0.2650016248226166,0.2650016248226166
1785545381444364600,128978236,0.2649979889392853,0.2649979591369629,0.2650020718574524,0.2650020718574524
1785545381455528200,128978236,0.2649979889392853,0.2649979591369629,0.2650020718574524,0.2650020718574524
1785545381466781000,128997842,0.2649977207183838,0.2649977207183838,0.2650023102760315,0.2650023102760315
1785545381477329300,129011582,0.26499754190444946,0.26499754190444946,0.2650024890899658,0.2650024890899658
1785545381488408800,129011582,0.26499754190444946,0.26499754190444946,0.2650024890899658,0.2650024890899658
1785545381500564900,129031106,0.2649972438812256,0.264997273683548,0.2650027573108673,0.2650027871131897
1785545381510156200,129044898,0.2649970054626465,0.2649970054626465,0.2650030255317688,0.2650030255317688
1785545381521444100,129044898,0.2649970054626465,0.2649970054626465,0.2650030255317688,0.2650030255317688
1785545381531013300,129064424,0.2649972140789032,0.2649972140789032,0.2650028169155121,0.2650028169155121
1785545381542105700,129078397,0.2649974524974823,0.2649974524974823,0.2650025486946106,0.2650025486946106
1785545381553155000,129078397,0.2649974524974823,0.2649974524974823,0.2650025486946106,0.2650025486946106
1785545381565806800,129097847,0.2649974226951599,0.2649974524974823,0.2650025486946106,0.26500260829925537
1785545381575169800,129111759,0.2649970054626465,0.2649970054626465,0.2650030255317688,0.2650030255317688
1785545381587791400,129111759,0.2649970054626465,0.2649970054626465,0.2650030255317688,0.2650030255317688
1785545381597428600,129131181,0.26499655842781067,0.26499655842781067,0.2650034725666046,0.2650034725666046
1785545381608656500,129144903,0.2649970054626465,0.2649970054626465,0.2650030255317688,0.2650030255317688
1785545381620520700,129144903,0.2649970054626465,0.2649970054626465,0.2650030255317688,0.2650030255317688
1785545381630252800,129164448,0.2649976313114166,0.2649976313114166,0.2650023400783539,0.2650023400783539
1785545381642274800,129178730,0.26499757170677185,0.26499757170677185,0.26500239968299866,0.26500239968299866
1785545381652023500,129178730,0.26499757170677185,0.26499757170677185,0.26500239968299866,0.26500239968299866
1785545381663609200,129198039,0.2649973928928375,0.2649973928928375,0.26500260829925537,0.2650025486946106
1785545381675403200,129211613,0.26499703526496887,0.26499703526496887,0.26500293612480164,0.26500293612480164
1785545381684462500,129211613,0.26499703526496887,0.26499703526496887,0.26500293612480164,0.26500293612480164
1785545381695633600,129231297,0.26499706506729126,0.26499703526496887,0.26500290632247925,0.26500293612480164
1785545381706829600,129244895,0.26499730348587036,0.264997273683548,0.26500266790390015,0.26500269770622253
1785545381717871100,129244895,0.26499730348587036,0.264997273683548,0.26500266790390015,0.26500269770622253
1785545381728989200,129264826,0.2649978697299957,0.2649978697299957,0.2650020718574524,0.2650021016597748
1785545381740367500,129278308,0.26499783992767334,0.2649978697299957,0.2650021016597748,0.2650021016597748
1785545381751132600,129278308,0.26499783992767334,0.2649978697299957,0.2650021016597748,0.2650021016597748
1785545381760750000,129297877,0.26499781012535095,0.26499783992767334,0.26500213146209717,0.26500213146209717
1785545381772015600,129297877,0.26499781012535095,0.26499783992767334,0.26500213146209717,0.26500213146209717
1785545381783682700,129311566,0.26499754190444946,0.26499754190444946,0.26500242948532104,0.26500242948532104
1785545381794681500,129331334,0.2649972438812256,0.2649972438812256,0.2650027275085449,0.2650027275085449
1785545381805525600,129331334,0.2649972438812256,0.2649972438812256,0.2650027275085449,0.2650027275085449
1785545381817317400,129345016,0.26499781012535095,0.26499781012535095,0.26500216126441956,0.26500216126441956
1785545381827169900,129364517,0.26596182584762573,0.26596182584762573,0.26596489548683167,0.26596489548683167
1785545381838770200,129364517,0.26596182584762573,0.26596182584762573,0.26596489548683167,0.26596489548683167
1785545381849842700,129378185,0.26783546805381775,0.26783546805381775,0.26783913373947144,0.26783913373947144
1785545381860697400,129397766,0.27241185307502747,0.2724118232727051,0.2724151015281677,0.2724151313304901
1785545381872015700,129397766,0.27241185307502747,0.2724118232727051,0.2724151015281677,0.2724151313304901
1785545381882379500,129411564,0.27452197670936584,0.27452194690704346,0.27452561259269714,0.27452561259269714
1785545381893572700,129431189,0.2802787125110626,0.2802787125110626,0.28028279542922974,0.2802828252315521
1785545381905107900,129431189,0.2802787125110626,0.2802787125110626,0.28028279542922974,0.2802828252315521
1785545381915960300,129444888,0.28595298528671265,0.28595301508903503,0.28595617413520813,0.28595617413520813
1785545381927165200,129464403,0.29507094621658325,0.29507094621658325,0.29507312178611755,0.29507309198379517
1785545381938683000,129464403,0.29507094621658325,0.29507094621658325,0.29507312178611755,0.29507309198379517
1785545381950449300,129478213,0.30235350131988525,0.30235350131988525,0.3023560643196106,0.3023560345172882
1785545381961920500,129497762,0.3129658102989197,0.3129658102989197,0.3129679560661316,0.3129679560661316
1785545381972592700,129511545,0.3178577721118927,0.3178577721118927,0.3178601562976837,0.3178601861000061
1785545381983644300,129511545,0.3178577721118927,0.3178577721118927,0.3178601562976837,0.3178601861000061
1785545381994883800,129531255,0.32626891136169434,0.32626888155937195,0.3262716233730316,0.3262716233730316
1785545382004449900,129531255,0.32626891136169434,0.32626888155937195,0.3262716233730316,0.3262716233730316
1785545382015658200,129544880,0.3324202299118042,0.3324202299118042,0.3324221968650818,0.3324221968650818
1785545382027018100,129564347,0.3401026427745819,0.3401026427745819,0.34010395407676697,0.34010395407676697
1785545382038583100,129564347,0.3401026427745819,0.3401026427745819,0.34010395407676697,0.34010395407676697
1785545382048899900,129578222,0.3445250689983368,0.3445250689983368,0.3445267379283905,0.3445267379283905
1785545382060270400,129597784,0.34868335723876953,0.34868335723876953,0.34868472814559937,0.34868472814559937
1785545382071573300,129597784,0.34868335723876953,0.34868335723876953,0.34868472814559937,0.34868472814559937
1785545382082496100,129611554,0.3505961298942566,0.3505961298942566,0.35059770941734314,0.35059770941734314
1785545382092065700,129631105,0.3165319561958313,0.3165319561958313,0.31653377413749695,0.31653377413749695
1785545382103132900,129631105,0.3165319561958313,0.3165319561958313,0.31653377413749695,0.31653377413749695
1785545382114236600,129644879,0.3007962107658386,0.3007962107658386,0.30079761147499084,0.30079761147499084
1785545382123675300,129644879,0.3007962107658386,0.3007962107658386,0.30079761147499084,0.30079761147499084
1785545382135339600,129664390,0.2865595519542694,0.2865595519542694,0.28656113147735596,0.28656113147735596
1785545382145499100,129678205,0.2799704372882843,0.2799704074859619,0.27997153997421265,0.27997153997421265
1785545382155477700,129678205,0.2799704372882843,0.2799704074859619,0.27997153997421265,0.27997153997421265
1785545382165039900,129697716,0.274013876914978,0.27401384711265564,0.2740151882171631,0.2740152180194855
1785545382176253300,129711533,0.27126047015190125,0.27126047015190125,0.2712620496749878,0.2712620794773102
1785545382187486800,129711533,0.27126047015190125,0.27126047015190125,0.2712620496749878,0.2712620794773102
1785545382198730600,129731089,0.26876577734947205,0.26876580715179443,0.2687675356864929,0.2687675356864929
1785545382209876600,129744871,0.26761773228645325,0.26761776208877563,0.2676188051700592,0.2676187753677368
1785545382221308000,129744871,0.26761773228645325,0.26761776208877563,0.2676188051700592,0.2676187753677368
1785545382230986100,129764432,0.2665744721889496,0.2665744721889496,0.26657551527023315,0.2665754556655884
1785545382241638500,129778197,0.2660943269729614,0.2660943269729614,0.2660955786705017,0.2660956084728241
1785545382251172100,129778197,0.2660943269729614,0.2660943269729614,0.2660955786705017,0.2660956084728241
1785545382262191000,129797761,0.2656582295894623,0.2656582295894623,0.26565900444984436,0.26565900444984436
1785545382273393800,129811543,0.26545724272727966,0.26545724272727966,0.2654581069946289,0.2654581069946289
1785545382284740600,129811543,0.26545724272727966,0.26545724272727966,0.2654581069946289,0.2654581069946289
1785545382295767300,129831069,0.2652752697467804,0.2652752697467804,0.26527637243270874,0.26527637243270874
1785545382306972500,129844890,0.26519086956977844,0.26519086956977844,0.2651919722557068,0.2651920020580292
1785545382317744700,129844890,0.26519086956977844,0.26519086956977844,0.2651919722557068,0.2651920020580292
1785545382330554300,129864492,0.26409319043159485,0.26409319043159485,0.26409366726875305,0.26409366726875305
1785545382340303400,129878205,0.26216790080070496,0.26216790080070496,0.26216843724250793,0.26216840744018555
1785545382351405300,129878205,0.26216790080070496,0.26216790080070496,0.26216843724250793,0.26216840744018555
1785545382360719400,129897722,0.2575039863586426,0.2575039863586426,0.25750476121902466,0.25750476121902466
1785545382373445600,129897722,0.2575039863586426,0.2575039863586426,0.25750476121902466,0.25750476121902466
1785545382384973600,129911549,0.2553485333919525,0.2553485631942749,0.25534942746162415,0.25534942746162415
1785545382394646000,129931005,0.24959656596183777,0.24959656596183777,0.24959750473499298,0.24959750473499298
1785545382404027800,129931005,0.24959656596183777,0.24959656596183777,0.24959750473499298,0.24959750473499298
1785545382416889200,129945300,0.24367135763168335,0.24367134273052216,0.24367162585258484,0.24367162585258484
1785545382426588600,129964363,0.23481079936027527,0.23481079936027527,0.23481108248233795,0.23481109738349915
1785545382437822900,129964363,0.23481079936027527,0.23481079936027527,0.23481108248233795,0.23481109738349915
1785545382448957400,129978190,0.22748494148254395,0.22748494148254395,0.22748540341854095,0.22748541831970215
1785545382460382200,129997667,0.21687199175357819,0.21687199175357819,0.21687263250350952,0.21687263250350952
1785545382471612800,129997667,0.21687199175357819,0.21687199175357819,0.21687263250350952,0.21687263250350952
1785545382481059900,130011533,0.21194127202033997,0.21194127202033997,0.21194195747375488,0.21194195747375488
1785545382492552400,130030996,0.20352743566036224,0.20352743566036224,0.20352809131145477,0.20352809131145477
1785545382504002000,130030996,0.20352743566036224,0.20352743566036224,0.20352809131145477,0.20352809131145477
1785545382514287600,130045125,0.19643862545490265,0.19643862545490265,0.19643926620483398,0.19643926620483398
1785545382525299700,130064282,0.19251053035259247,0.19251053035259247,0.19251079857349396,0.19251079857349396
1785545382535343900,130064433,0.18637724220752716,0.18637724220752716,0.1863771677017212,0.1863771677017212
1785545382546424700,130078184,0.1786450892686844,0.1786450892686844,0.1786450296640396,0.1786450296640396
1785545382557175300,130078184,0.1786450892686844,0.1786450892686844,0.1786450296640396,0.1786450296640396
1785545382568396400,130097688,0.16760273277759552,0.16760273277759552,0.16760294139385223,0.16760294139385223
1785545382579352500,130111529,0.162486270070076,0.162486270070076,0.16248656809329987,0.16248656809329987
1785545382591905300,130111529,0.162486270070076,0.162486270070076,0.16248656809329987,0.16248656809329987
1785545382601533600,130131023,0.15385647118091583,0.15385647118091583,0.15385684370994568,0.15385684370994568
1785545382611117500,130144840,0.14682377874851227,0.14682377874851227,0.14682413637638092,0.14682412147521973
1785545382622121800,130144840,0.14682377874851227,0.14682377874851227,0.14682413637638092,0.14682412147521973
1785545382633368700,130164453,0.1365073174238205,0.1365073174238205,0.13650767505168915,0.13650767505168915
1785545382643995200,130178176,0.1287144124507904,0.1287144124507904,0.12871477007865906,0.12871477007865906
1785545382655487600,130178176,0.1287144124507904,0.1287144124507904,0.12871477007865906,0.12871477007865906
1785545382665433900,130197755,0.11760173738002777,0.11760172992944717,0.11760207265615463,0.11760207265615463
1785545382675614300,130211542,0.11250103265047073,0.11250102519989014,0.11250138282775879,0.11250139027833939
1785545382686999400,130211542,0.11250103265047073,0.11250102519989014,0.11250138282775879,0.11250139027833939
1785545382698245600,130231147,0.10386853665113449,0.10386853665113449,0.10386891663074493,0.10386892408132553
1785545382709346900,130244846,0.09756960719823837,0.09756960719823837,0.09756999462842941,0.09757000207901001
1785545382720178600,130244846,0.09756960719823837,0.09756960719823837,0.09756999462842941,0.09757000207901001
1785545382731457900,130264337,0.08979292958974838,0.08979294449090958,0.08979331701993942,0.08979332447052002
1785545382741126100,130278177,0.08532830327749252,0.08532830327749252,0.08532869815826416,0.08532869815826416
1785545382750836100,130278177,0.08532830327749252,0.08532830327749252,0.08532869815826416,0.08532869815826416
1785545382762091300,130297740,0.08112982660531998,0.08112982660531998,0.08113022893667221,0.08113022148609161
1785545382773318800,130311507,0.07919423282146454,0.07919423282146454,0.07919462025165558,0.07919461280107498
1785545382786331200,130311507,0.07919423282146454,0.07919423282146454,0.07919462025165558,0.07919461280107498
1785545382795665300,130330975,0.15298324823379517,0.15298324823379517,0.152983620762825,0.152983620762825
1785545382806825700,130344751,0.17173521220684052,0.17173521220684052,0.17173559963703156,0.17173559963703156
1785545382815942900,130344864,0.18734805285930634,0.18734805285930634,0.18734842538833618,0.18734842538833618
1785545382827283800,130364356,0.2182604968547821,0.2182604968547821,0.2182600349187851,0.2182600349187851
1785545382838818400,130364356,0.2182604968547821,0.2182604968547821,0.2182600349187851,0.2182600349187851
1785545382849814600,130378275,0.2325831949710846,0.2325831949710846,0.23258276283740997,0.23258276283740997
1785545382860763600,130397775,0.24548670649528503,0.24548670649528503,0.24548651278018951,0.24548651278018951
1785545382870444800,130397775,0.24548670649528503,0.24548670649528503,0.24548651278018951,0.24548651278018951
1785545382881768700,130411534,0.2514171302318573,0.2514171302318573,0.25141704082489014,0.25141704082489014
1785545382892924000,130430907,0.2553057074546814,0.2553057074546814,0.2553057074546814,0.2553057074546814
1785545382902701500,130430996,0.25681012868881226,0.25681012868881226,0.25681009888648987,0.25681009888648987
1785545382912847500,130444875,0.2593204975128174,0.2593204975128174,0.2593204379081726,0.2593204379081726
1785545382923859400,130444875,0.2593204975128174,0.2593204975128174,0.2593204379081726,0.2593204379081726
1785545382935298400,130464460,0.26158827543258667,0.26158827543258667,0.2615881860256195,0.2615881860256195
1785545382946166500,130478163,0.26262444257736206,0.26262444257736206,0.2626243531703949,0.2626243531703949
1785545382957276500,130478163,0.26262444257736206,0.26262444257736206,0.2626243531703949,0.2626243531703949
1785545382970208700,130497928,0.2635778784751892,0.2635778784751892,0.26357778906822205,0.26357778906822205
1785545382980474700,130511524,0.2640066146850586,0.2640066146850586,0.26400652527809143,0.26400652527809143
1785545382991722000,130511524,0.2640066146850586,0.2640066146850586,0.26400652527809143,0.26400652527809143
1785545383002935300,130531084,0.2644025981426239,0.2644025981426239,0.26440250873565674,0.26440250873565674
1785545383012347700,130544852,0.2645845413208008,0.2645845413208008,0.2645844519138336,0.2645844519138336
1785545383023524000,130544852,0.2645845413208008,0.2645845413208008,0.2645844519138336,0.2645844519138336
1785545383035267200,130564397,0.2647499740123749,0.2647499740123749,0.2647498846054077,0.2647498846054077
1785545383045045000,130578171,0.2648262679576874,0.2648262679576874,0.2648262083530426,0.2648262083530426
1785545383054612800,130578171,0.2648262679576874,0.2648262679576874,0.2648262083530426,0.2648262083530426
1785545383067195000,130597861,0.2648955285549164,0.2648955285549164,0.2648954391479492,0.2648954391479492
1785545383077060800,130611534,0.2649274170398712,0.2649274170398712,0.26492732763290405,0.26492732763290405
1785545383088109900,130611534,0.2649274170398712,0.2649274170398712,0.26492732763290405,0.26492732763290405
1785545383100569400,130631016,0.23890942335128784,0.29100313782691956,0.23890931904315948,0.29100301861763
1785545383112018900,130644868,0.21868887543678284,0.3112504780292511,0.21868880093097687,0.31125038862228394
1785545383121938600,130644868,0.21868887543678284,0.3112504780292511,0.21868880093097687,0.31125038862228394
1785545383133425400,130664406,0.20766213536262512,0.32230138778686523,0.20766206085681915,0.32230129837989807
1785545383144569500,130678208,0.20013830065727234,0.32986176013946533,0.20013844966888428,0.3298618495464325
1785545383155842200,130678208,0.20013830065727234,0.32986176013946533,0.20013844966888428,0.3298618495464325
1785545383167159300,130697815,0.21842703223228455,0.311806321144104,0.2184271514415741,0.31180644035339355
1785545383178361300,130711533,0.22520551085472107,0.30513420701026917,0.22520555555820465,0.30513423681259155
1785545383189301300,130711533,0.22520551085472107,0.30513420701026917,0.22520555555820465,0.30513423681259155
1785545383200373000,130731072,0.23050953447818756,0.3002934753894806,0.23050953447818756,0.300293505191803
1785545383211036200,130744874,0.2355523556470871,0.29616203904151917,0.2355523407459259,0.29616206884384155
1785545383222187400,130744874,0.2355523556470871,0.29616203904151917,0.2355523407459259,0.29616206884384155
1785545383231857000,130764596,0.24453109502792358,0.2904028296470642,0.2445310801267624,0.2904028296470642
1785545383243085900,130778182,0.24518096446990967,0.29263928532600403,0.24518097937107086,0.29263928532600403
1785545383252575300,130778182,0.24518096446990967,0.29263928532600403,0.24518097937107086,0.29263928532600403
1785545383263608400,130797850,0.24811334908008575,0.29622915387153625,0.24811336398124695,0.29622915387153625
1785545383274766100,130811512,0.24659626185894012,0.30069783329963684,0.24659627676010132,0.30069783329963684
1785545383285948000,130811512,0.24659626185894012,0.30069783329963684,0.24659627676010132,0.30069783329963684
1785545383295245400,130831078,0.2529183030128479,0.30267608165740967,0.2529183328151703,0.30267611145973206
1785545383306320500,130844832,0.2621208727359772,0.3031165301799774,0.26212090253829956,0.3031165599822998
1785545383317523600,130844832,0.2621208727359772,0.3031165301799774,0.26212090253829956,0.3031165599822998
1785545383328787200,130864331,0.27689820528030396,0.3051168620586395,0.27689820528030396,0.3051168918609619
1785545383341852200,130878172,0.28080180287361145,0.31515270471572876,0.28080180287361145,0.31515273451805115
1785545383351420000,130878172,0.28080180287361145,0.31515270471572876,0.28080180287361145,0.31515273451805115
1785545383362439600,130897724,0.2949957549571991,0.3215539753437042,0.2949957847595215,0.3215539753437042
1785545383372027600,130897724,0.2949957549571991,0.3215539753437042,0.2949957847595215,0.3215539753437042
1785545383384849900,130911637,0.2979244291782379,0.32811209559440613,0.2979244887828827,0.32811209559440613
1785545383394607700,130931022,0.33094483613967896,0.3116416037082672,0.33094486594200134,0.3116416037082672
1785545383403914400,130931022,0.33094483613967896,0.3116416037082672,0.33094486594200134,0.3116416037082672
1785545383415667500,130945070,0.35857057571411133,0.297972172498703,0.35857054591178894,0.2979721426963806
1785545383425396900,130964367,0.3758358359336853,0.30085235834121704,0.3758358359336853,0.30085235834121704
1785545383437046400,130964367,0.3758358359336853,0.30085235834121704,0.3758358359336853,0.30085235834121704
1785545383446482200,130978161,0.3917827308177948,0.30041608214378357,0.3917827308177948,0.30041608214378357
1785545383457311300,130978161,0.3917827308177948,0.30041608214378357,0.3917827308177948,0.30041608214378357
1785545383470148500,130997714,0.38376641273498535,0.33044031262397766,0.38376641273498535,0.33044031262397766
1785545383479790100,131011655,0.3826068043708801,0.3418443500995636,0.3826068043708801,0.3418443500995636
1785545383490829400,131011655,0.3826068043708801,0.3418443500995636,0.3826068043708801,0.3418443500995636
1785545383502047800,131031008,0.3894959092140198,0.3518579602241516,0.3894959092140198,0.351857990026474
1785545383511084900,131044818,0.3904317021369934,0.36501196026802063,0.3904317021369934,0.36501196026802063
1785545383522298000,131044818,0.3904317021369934,0.36501196026802063,0.3904317021369934,0.36501196026802063
1785545383533419400,131064310,0.4019612669944763,0.3742277920246124,0.4019612669944763,0.3742277920246124
1785545383544917200,131078176,0.4104277491569519,0.38145560026168823,0.4104277789592743,0.38145557045936584
1785545383555749100,131078176,0.4104277491569519,0.38145560026168823,0.4104277789592743,0.38145557045936584
1785545383568686000,131097663,0.4202514588832855,0.3938307762145996,0.4202514588832855,0.3938307464122772
1785545383578429400,131111509,0.4266734719276428,0.397666871547699,0.4266734719276428,0.397666871547699
1785545383587977400,131111509,0.4266734719276428,0.397666871547699,0.4266734719276428,0.397666871547699
1785545383600579000,131131076,0.4333769977092743,0.4081222712993622,0.4333769977092743,0.40812230110168457
1785545383611854500,131144962,0.4378509223461151,0.41773736476898193,0.4378509223461151,0.4177373945713043
1785545383621850300,131144962,0.4378509223461151,0.41773736476898193,0.4378509223461151,0.4177373945713043
1785545383634611300,131164352,0.4453030228614807,0.4307892620563507,0.4453030228614807,0.4307892620563507
1785545383644233100,131178154,0.45390263199806213,0.43792906403541565,0.45390263199806213,0.43792906403541565
1785545383655389200,131178154,0.45390263199806213,0.43792906403541565,0.45390263199806213,0.43792906403541565
1785545383666782900,131197630,0.4649135172367096,0.4489838182926178,0.4649135172367096,0.4489838182926178
1785545383677477200,131211497,0.4709833860397339,0.4531477391719818,0.4709833860397339,0.4531477391719818
1785545383688631000,131211497,0.4709833860397339,0.4531477391719818,0.4709833860397339,0.4531477391719818
1785545383698714300,131230983,0.47833767533302307,0.4632163643836975,0.4783376455307007,0.4632163941860199
1785545383709684800,131244820,0.4837368130683899,0.47181063890457153,0.4837367832660675,0.47181063890457153
1785545383720702000,131244820,0.4837368130683899,0.47181063890457153,0.4837367832660675,0.47181063890457153
1785545383730289400,131264268,0.49249643087387085,0.48364606499671936,0.49249646067619324,0.48364609479904175
1785545383741935300,131278209,0.5009329915046692,0.49097582697868347,0.500933051109314,0.49097582697868347
1785545383754631000,131278209,0.5009329915046692,0.49097582697868347,0.500933051109314,0.49097582697868347
1785545383764137200,131297673,0.511918306350708,0.5021124482154846,0.511918306350708,0.5021124482154846
1785545383775362600,131311715,0.5177047848701477,0.5067318677902222,0.5177047848701477,0.5067318677902222
1785545383786642000,131311715,0.5177047848701477,0.5067318677902222,0.5177047848701477,0.5067318677902222
1785545383797883100,131331009,0.5253140926361084,0.5160310864448547,0.5253140926361084,0.5160310864448547
1785545383808881300,131345231,0.5316115617752075,0.5242443084716797,0.5316115617752075,0.5242443084716797
1785545383820224700,131345231,0.5316115617752075,0.5242443084716797,0.5316115617752075,0.5242443084716797
1785545383831626700,131364412,0.5407236814498901,0.535353422164917,0.5407236814498901,0.535353422164917
1785545383843081900,131378149,0.5488203763961792,0.5428706407546997,0.548820436000824,0.5428705811500549
1785545383852561400,131378149,0.5488203763961792,0.5428706407546997,0.548820436000824,0.5428705811500549
1785545383863682800,131397763,0.5600185990333557,0.5540060997009277,0.5600186586380005,0.5540060997009277
1785545383874540000,131411593,0.5655050277709961,0.5587195754051208,0.5655050277709961,0.5587195754051208
1785545383885697100,131411593,0.5655050277709961,0.5587195754051208,0.5655050277709961,0.5587195754051208
1785545383896992700,131431194,0.5736848711967468,0.5678595304489136,0.5736848711967468,0.5678595304489136
1785545383908091800,131444912,0.5800715088844299,0.5754486918449402,0.5800715088844299,0.575448751449585
1785545383919112800,131444912,0.5800715088844299,0.5754486918449402,0.5800715088844299,0.575448751449585
1785545383928576700,131464366,0.5897417664527893,0.5864663124084473,0.5897416472434998,0.586466372013092
1785545383938677400,131464366,0.5897417664527893,0.5864663124084473,0.5897416472434998,0.586466372013092
1785545383951098700,131478240,0.5977748036384583,0.5940822958946228,0.5977747440338135,0.5940822958946228
1785545383960500300,131497733,0.6088369488716125,0.6051002144813538,0.6088370084762573,0.6051002144813538
1785545383971745600,131497733,0.6088369488716125,0.6051002144813538,0.6088370084762573,0.6051002144813538
1785545383983132500,131511570,0.6141572594642639,0.6099165678024292,0.6141572594642639,0.6099165081977844
1785545383992689900,131531026,0.6224877238273621,0.618781328201294,0.6224878430366516,0.618781328201294
1785545384005099100,131531026,0.6224877238273621,0.618781328201294,0.6224878430366516,0.618781328201294
1785545384014666600,131544817,0.6291424036026001,0.6261780261993408,0.6291424632072449,0.626177966594696
1785545384025839100,131544817,0.6291424036026001,0.6261780261993408,0.6291424632072449,0.626177966594696
1785545384035473200,131564471,0.6391246318817139,0.6370671987533569,0.6391246318817139,0.6370671987533569
1785545384046733500,131578224,0.6470773816108704,0.6447945237159729,0.6470773816108704,0.6447945833206177
1785545384057304100,131578224,0.6470773816108704,0.6447945237159729,0.6470773816108704,0.6447945833206177
1785545384069857800,131597811,0.6581098437309265,0.6557527184486389,0.6581097841262817,0.6557527184486389
1785545384080907400,131611486,0.6633631587028503,0.6606647968292236,0.6633630394935608,0.6606647968292236
1785545384090661900,131611486,0.6633631587028503,0.6606647968292236,0.6633630394935608,0.6606647968292236
1785545384101511500,131631135,0.6718981266021729,0.6694859862327576,0.6718981266021729,0.6694859862327576
1785545384112442900,131644811,0.678663432598114,0.6767067313194275,0.6786634922027588,0.6767066717147827
1785545384121977900,131644811,0.678663432598114,0.6767067313194275,0.6786634922027588,0.6767066717147827
1785545384132990400,131664414,0.688730776309967,0.6874035000801086,0.688730776309967,0.6874035000801086
1785545384144232300,131678122,0.6966266632080078,0.6951925754547119,0.6966266632080078,0.6951925754547119
1785545384155693900,131678122,0.6966266632080078,0.6951925754547119,0.6966266632080078,0.6951925754547119
1785545384166967600,131697719,0.7077640295028687,0.7062520384788513,0.7077640295028687,0.7062520384788513
1785545384177047700,131711474,0.7130084037780762,0.711259126663208,0.7130084037780762,0.711259126663208
1785545384189891900,131711474,0.7130084037780762,0.711259126663208,0.7130084037780762,0.711259126663208
1785545384199097600,131731073,0.7215142846107483,0.7198998928070068,0.7215142250061035,0.7198998928070068
1785545384210205700,131745049,0.7284098863601685,0.7273059487342834,0.7284098863601685,0.7273059487342834
1785545384221594900,131745049,0.7284098863601685,0.7273059487342834,0.7284098863601685,0.7273059487342834
1785545384232763400,131764373,0.7384847402572632,0.7375311255455017,0.7384847402572632,0.7375311255455017
1785545384242363400,131778123,0.7463459968566895,0.7453379034996033,0.7463459968566895,0.7453379034996033
1785545384253355500,131778123,0.7463459968566895,0.7453379034996033,0.7463459968566895,0.7453379034996033
1785545384266438700,131797789,0.7574736475944519,0.7564494609832764,0.7574736475944519,0.7564494609832764
1785545384275821200,131811433,0.7626275420188904,0.7614688277244568,0.7626275420188904,0.7614688277244568
1785545384286923800,131811433,0.7626275420188904,0.7614688277244568,0.7626275420188904,0.7614688277244568
1785545384299722500,131831055,0.7712662816047668,0.7701605558395386,0.7712663412094116,0.7701605558395386
1785545384310720500,131844765,0.7782081961631775,0.7772639989852905,0.7782082557678223,0.7772639989852905
1785545384320247600,131844765,0.7782081961631775,0.7772639989852905,0.7782082557678223,0.7772639989852905
1785545384331639900,131864406,0.7874314785003662,0.7867766618728638,0.7874314785003662,0.7867766618728638
1785545384341639000,131878128,0.7933406233787537,0.7927027940750122,0.7933406233787537,0.7927027940750122
1785545384352648200,131878128,0.7933406233787537,0.7927027940750122,0.7933406233787537,0.7927027940750122
1785545384363835500,131897684,0.7998367547988892,0.799179196357727,0.7998367547988892,0.799179196357727
1785545384375395500,131911454,0.8028649091720581,0.8021002411842346,0.8028649091720581,0.8021002411842346
1785545384387001300,131911454,0.8028649091720581,0.8021002411842346,0.8028649091720581,0.8021002411842346
1785545384396899700,131931121,0.8057268261909485,0.8049672842025757,0.8057268261909485,0.8049672842025757
1785545384408070000,131944777,0.6644616723060608,0.6639057993888855,0.616787314414978,0.6162314414978027
1785545384418113200,131944777,0.6644616723060608,0.6639057993888855,0.616787314414978,0.6162314414978027
1785545384429421700,131964330,0.5242698788642883,0.5240054130554199,0.4577990472316742,0.4575345516204834
1785545384441981000,131978336,0.46392473578453064,0.46362072229385376,0.3782845437526703,0.37798047065734863
1785545384452970200,131978336,0.46392473578453064,0.46362072229385376,0.3782845437526703,0.37798047065734863
1785545384463653800,131997653,0.41156521439552307,0.41117018461227417,0.30792078375816345,0.3075256943702698
1785545384473344500,132011463,0.37592267990112305,0.3754192590713501,0.28600355982780457,0.2855002284049988
1785545384484757600,132011463,0.37592267990112305,0.3754192590713501,0.28600355982780457,0.2855002284049988
1785545384497507300,132031020,0.3473568856716156,0.3468411862850189,0.26246774196624756,0.26195213198661804
1785545384507217700,132044850,0.3306197226047516,0.3301607072353363,0.2555718421936035,0.2551128566265106
1785545384517266600,132044850,0.3306197226047516,0.3301607072353363,0.2555718421936035,0.2551128566265106
1785545384528780900,132064665,0.3119637370109558,0.31162673234939575,0.25438928604125977,0.2540522515773773
1785545384540202400,132078158,0.30819761753082275,0.30787381529808044,0.2500531077384949,0.24972929060459137
1785545384551161500,132078158,0.30819761753082275,0.30787381529808044,0.2500531077384949,0.24972929060459137
1785545384562193200,132097731,0.30561956763267517,0.3053007423877716,0.24672749638557434,0.24640868604183197
1785545384573468800,132111462,0.3080728352069855,0.3077164888381958,0.24160648882389069,0.2412501573562622
1785545384583934000,132111462,0.3080728352069855,0.3077164888381958,0.24160648882389069,0.2412501573562622
1785545384595300400,132131346,0.30595046281814575,0.30560415983200073,0.24236004054546356,0.24201370775699615
1785545384606380500,132131346,0.30595046281814575,0.30560415983200073,0.24236004054546356,0.24201370775699615
1785545384615803800,132144809,0.3017198443412781,0.3014187514781952,0.24718450009822845,0.24688339233398438
1785545384627055400,132164405,0.29998233914375305,0.2997197210788727,0.2507418096065521,0.25047922134399414
1785545384637486300,132164405,0.29998233914375305,0.2997197210788727,0.2507418096065521,0.25047922134399414
1785545384648750500,132178111,0.2951277792453766,0.29492834210395813,0.2589457035064697,0.25874626636505127
1785545384660233800,132197824,0.29621440172195435,0.2960435152053833,0.2630126476287842,0.26284170150756836
1785545384671535100,132197824,0.29621440172195435,0.2960435152053833,0.2630126476287842,0.26284170150756836
1785545384682487100,132211443,0.300611674785614,0.30041345953941345,0.2609832286834717,0.2607850134372711
1785545384691998100,132230955,0.2993703782558441,0.29920729994773865,0.26759880781173706,0.267435759305954
1785545384704646900,132230955,0.2993703782558441,0.29920729994773865,0.26759880781173706,0.267435759305954
1785545384714006400,132244757,0.3019094467163086,0.3017387390136719,0.26756563782691956,0.2673949599266052
1785545384723659400,132244757,0.3019094467163086,0.3017387390136719,0.26756563782691956,0.2673949599266052
1785545384735326200,132264379,0.3004668354988098,0.3003348708152771,0.274320513010025,0.2741886079311371
1785545384744608800,132278112,0.30126452445983887,0.3011443614959717,0.2769370675086975,0.2768169343471527
1785545384757397000,132278112,0.30126452445983887,0.3011443614959717,0.2769370675086975,0.2768169343471527
1785545384768401700,132297671,0.30284035205841064,0.302731454372406,0.2802005410194397,0.28009161353111267
1785545384778036100,132311450,0.30532002449035645,0.30520039796829224,0.27995628118515015,0.27983662486076355
1785545384787783200,132311450,0.30532002449035645,0.30520039796829224,0.27995628118515015,0.27983662486076355
1785545384799119600,132330985,0.3061339259147644,0.3060205280780792,0.28232431411743164,0.28221091628074646
1785545384811759600,132344765,0.3054935336112976,0.3053981363773346,0.28560778498649597,0.28551238775253296
1785545384820259700,132344765,0.3054935336112976,0.3053981363773346,0.28560778498649597,0.28551238775253296
1785545384831459900,132364375,0.3049798607826233,0.3049163818359375,0.2911427617073059,0.29107925295829773
1785545384841617300,132378140,0.307426780462265,0.3073551058769226,0.2910182774066925,0.2909465730190277
1785545384851149200,132378140,0.307426780462265,0.3073551058769226,0.2910182774066925,0.2909465730190277
1785545384862173200,132397669,0.30802735686302185,0.30796995759010315,0.29495158791542053,0.29489418864250183
1785545384873142400,132411436,0.3098865747451782,0.30982324481010437,0.29519128799438477,0.2951279282569885
1785545384884212400,132411436,0.3098865747451782,0.30982324481010437,0.29519128799438477,0.2951279282569885
1785545384895365000,132431134,0.31097912788391113,0.31091824173927307,0.2969008684158325,0.29683998227119446
1785545384906576300,132444784,0.3109457492828369,0.31089475750923157,0.29912036657333374,0.2990693747997284
1785545384917312800,132444784,0.3109457492828369,0.31089475750923157,0.29912036657333374,0.2990693747997284
1785545384928465200,132464472,0.31102901697158813,0.3109962046146393,0.3029397130012512,0.30290696024894714
1785545384938500400,132464472,0.31102901697158813,0.3109962046146393,0.3029397130012512,0.30290696024894714
1785545384950951300,132478106,0.3126797676086426,0.3126419186592102,0.3030937612056732,0.30305591225624084
1785545384960397200,132497796,0.3133758306503296,0.31334587931632996,0.3057478070259094,0.3057178854942322
1785545384971701500,132497796,0.3133758306503296,0.31334587931632996,0.3057478070259094,0.3057178854942322
1785545384984600400,132511442,0.3146169185638428,0.3145837187767029,0.306051641702652,0.3060184419155121
1785545384994090400,132531107,0.31546202301979065,0.3154303729534149,0.3072325587272644,0.3072008490562439
1785545385004949000,132531107,0.31546202301979065,0.3154303729534149,0.3072325587272644,0.3072008490562439
1785545385015868300,132544756,0.3155660033226013,0.3155401945114136,0.3086754381656647,0.30864956974983215
1785545385027151400,132564394,0.3161805272102356,0.3161584436893463,0.31000640988349915,0.30998435616493225
1785545385037363000,132564394,0.3161805272102356,0.3161584436893463,0.31000640988349915,0.30998435616493225
1785545385048325800,132578098,0.31619733572006226,0.3161824345588684,0.31183066964149475,0.3118157982826233
1785545385060206700,132597625,0.31666815280914307,0.3166564404964447,0.31303054094314575,0.3130188584327698
1785545385071557500,132597728,0.31713682413101196,0.31712421774864197,0.3132099211215973,0.3131973445415497
1785545385081201600,132611435,0.31815221905708313,0.31813618540763855,0.3132716417312622,0.31325563788414
1785545385090857000,132611435,0.31815221905708313,0.31813618540763855,0.3132716417312622,0.31325563788414
1785545385102048600,132631072,0.31881147623062134,0.3187958598136902,0.3139979839324951,0.31398239731788635
1785545385111702400,132644888,0.31872767210006714,0.31871750950813293,0.31536874175071716,0.31535857915878296
1785545385121798800,132644888,0.31872767210006714,0.31871750950813293,0.31536874175071716,0.31535857915878296
1785545385133109900,132664306,0.3191939890384674,0.3191867172718048,0.3164997696876526,0.3164924681186676
1785545385143853200,132678200,0.319683313369751,0.31967616081237793,0.3169865608215332,0.31697940826416016
1785545385155308900,132678200,0.319683313369751,0.31967616081237793,0.3169865608215332,0.31697940826416016
1785545385166675600,132697714,0.32026904821395874,0.32026222348213196,0.3176535665988922,0.31764674186706543
1785545385176304100,132711499,0.3207104802131653,0.32070285081863403,0.31778740882873535,0.3177797794342041
1785545385188982500,132711499,0.3207104802131653,0.32070285081863403,0.31778740882873535,0.3177797794342041
1785545385198105600,132730963,0.32096850872039795,0.3209618628025055,0.31828445196151733,0.3182777762413025
1785545385209216800,132744841,0.3210054039955139,0.3210005462169647,0.31882205605506897,0.3188171982765198
1785545385221924800,132744841,0.3210054039955139,0.3210005462169647,0.31882205605506897,0.3188171982765198
1785545385231584900,132764266,0.3211047947406769,0.32110241055488586,0.31971415877342224,0.3197118639945984
1785545385241556900,132778157,0.3213869035243988,0.3213847577571869,0.3200298249721527,0.3200277090072632
1785545385254051700,132778157,0.3213869035243988,0.3213847577571869,0.3200298249721527,0.3200277090072632
1785545385263277400,132797674,0.3217804729938507,0.32177838683128357,0.32040053606033325,0.3203984200954437
1785545385274509500,132811407,0.3220641314983368,0.32206159830093384,0.32046881318092346,0.3204662501811981
1785545385284202000,132811407,0.3220641314983368,0.32206159830093384,0.32046881318092346,0.3204662501811981
1785545385295332600,132831022,0.3222273588180542,0.32222527265548706,0.32075926661491394,0.3207572102546692
1785545385306508900,132831022,0.3222273588180542,0.32222527265548706,0.32075926661491394,0.3207572102546692
1785545385316403100,132844752,0.3222515285015106,0.32225027680397034,0.321074903011322,0.32107365131378174
1785545385327889000,132864394,0.3223113715648651,0.3223111629486084,0.3215862810611725,0.32158607244491577
1785545385339201900,132878076,0.32251888513565063,0.322518527507782,0.32164326310157776,0.3216428756713867
1785545385350161100,132878076,0.32251888513565063,0.322518527507782,0.32164326310157776,0.3216428756713867
1785545385361654700,132897674,0.3226531445980072,0.3226531744003296,0.32197222113609314,0.3219722509384155
1785545385371519200,132897674,0.3226531445980072,0.3226531744003296,0.32197222113609314,0.3219722509384155
1785545385382719300,132911384,0.3228040933609009,0.3228040933609009,0.3220355808734894,0.3220355808734894
1785545385393812800,132931032,0.32292014360427856,0.3229202926158905,0.3221897780895233,0.32218992710113525
1785545385404743100,132931032,0.32292014360427856,0.3229202926158905,0.3221897780895233,0.32218992710113525
1785545385415678800,132944767,0.3229476511478424,0.3229481279850006,0.32235968112945557,0.322360098361969
1785545385428597100,132964386,0.3229893445968628,0.3229900896549225,0.32263875007629395,0.32263949513435364
1785545385437327400,132964386,0.3229893445968628,0.3229900896549225,0.32263875007629395,0.32263949513435364
1785545385449999800,132978098,0.3230755627155304,0.32307639718055725,0.32274115085601807,0.32274195551872253
1785545385459379200,132997697,0.32319375872612,0.32319459319114685,0.32285720109939575,0.3228580951690674
1785545385470405900,132997697,0.32319375872612,0.32319459319114685,0.32285720109939575,0.3228580951690674
1785545385481486000,133011592,0.32327625155448914,0.32327717542648315,0.32288411259651184,0.32288509607315063
1785545385490992100,133011592,0.32327625155448914,0.32327717542648315,0.32288411259651184,0.32288509607315063
1785545385503709400,133031004,0.3233233094215393,0.3233243227005005,0.3229712247848511,0.32297223806381226
1785545385512739700,133044946,0.3233305811882019,0.3233315944671631,0.32306355237960815,0.3230645954608917
1785545385523953000,133044946,0.3233305811882019,0.3233315944671631,0.32306355237960815,0.3230645954608917
1785545385535405100,133064329,0.32334789633750916,0.3233489394187927,0.3232027292251587,0.32320380210876465
1785545385546573000,133078134,0.32338911294937134,0.3233901560306549,0.32325541973114014,0.3232564926147461
1785545385557964200,133078134,0.32338911294937134,0.3233901560306549,0.32325541973114014,0.3232564926147461
1785545385570807800,133097821,0.323447585105896,0.32344865798950195,0.32331135869026184,0.3233124315738678
1785545385580085400,133111408,0.3234859108924866,0.32348719239234924,0.32332518696784973,0.3233264088630676
1785545385591175000,133111408,0.3234859108924866,0.32348719239234924,0.32332518696784973,0.3233264088630676
1785545385600741400,133130970,0.3235076069831848,0.3235089182853699,0.3233689069747925,0.32337015867233276
1785545385610343800,133144713,0.3235042691230774,0.32350537180900574,0.32342880964279175,0.3234299123287201
1785545385622024000,133144713,0.3235042691230774,0.32350537180900574,0.32342880964279175,0.3234299123287201
1785545385633203800,133164363,0.3235229253768921,0.32352393865585327,0.32347822189331055,0.32347923517227173
1785545385643431000,133178076,0.3235417306423187,0.3235427737236023,0.32349881529808044,0.3234999179840088
1785545385654217700,133178076,0.3235417306423187,0.3235427737236023,0.32349881529808044,0.3234999179840088
1785545385665684100,133197666,0.32356321811676025,0.3235642910003662,0.32352471351623535,0.3235257863998413
1785545385677399300,133211395,0.3235763609409332,0.3235775828361511,0.3235333561897278,0.3235345482826233
1785545385688412600,133211395,0.3235763609409332,0.3235775828361511,0.3235333561897278,0.3235345482826233
1785545385699664200,133230938,0.3235833942890167,0.3235846161842346,0.3235526382923126,0.32355383038520813
1785545385710466500,133244699,0.32358378171920776,0.3235848546028137,0.3235703706741333,0.32357147336006165
1785545385723358800,133244699,0.32358378171920776,0.3235848546028137,0.3235703706741333,0.32357147336006165
1785545385733082000,133264350,0.3235863745212555,0.32358720898628235,0.32359421253204346,0.3235950171947479
1785545385744061600,133278058,0.3235919773578644,0.323592871427536,0.3236030340194702,0.32360386848449707
1785545385755307400,133278058,0.3235919773578644,0.323592871427536,0.3236030340194702,0.32360386848449707
1785545385766513400,133297713,0.32359954714775085,0.3236004114151001,0.3236114978790283,0.32361239194869995
1785545385777170700,133311393,0.3236030340194702,0.3236040472984314,0.32361525297164917,0.32361629605293274
1785545385788253200,133311393,0.3236030340194702,0.3236040472984314,0.32361525297164917,0.32361629605293274
1785545385798868800,133330964,0.3236043453216553,0.32360532879829407,0.3236220180988312,0.3236229717731476
1785545385809400100,133344721,0.3236037790775299,0.32360467314720154,0.3236270546913147,0.32362791895866394
1785545385821986000,133344721,0.3236037790775299,0.32360467314720154,0.3236270546913147,0.32362791895866394
1785545385831847800,133364320,0.32360371947288513,0.32360467314720154,0.3236309885978699,0.32363197207450867
1785545385843554600,133378073,0.32360363006591797,0.3236043155193329,0.32363271713256836,0.32363343238830566
1785545385854182600,133378073,0.32360363006591797,0.3236043155193329,0.32363271713256836,0.32363343238830566
1785545385865140600,133397568,0.32360318303108215,0.3236037492752075,0.3236332833766937,0.3236338496208191
1785545385876196900,133411451,0.3236013352870941,0.3236020505428314,0.3236349821090698,0.32363566756248474
1785545385887208700,133411451,0.3236013352870941,0.3236020505428314,0.3236349821090698,0.32363566756248474
1785545385898335100,133430869,0.32359960675239563,0.3236004114151001,0.323635458946228,0.3236362338066101
1785545385909618200,133444808,0.323598712682724,0.3235994875431061,0.3236342966556549,0.3236350417137146
1785545385920457600,133444808,0.323598712682724,0.3235994875431061,0.3236342966556549,0.3236350417137146
1785545385931748300,133464633,0.32359662652015686,0.323597252368927,0.32363301515579224,0.32363367080688477
1785545385944486900,133478161,0.3235962390899658,0.3235967755317688,0.3236285150051117,0.3236290216445923
1785545385953829900,133478161,0.3235962390899658,0.3235967755317688,0.3236285150051117,0.3236290216445923
1785545385963399400,133497626,0.3235929012298584,0.3235933184623718,0.3236243426799774,0.32362478971481323
1785545385974592800,133511460,0.32358840107917786,0.3235889971256256,0.3236251771450043,0.32362574338912964
1785545385984130800,133511460,0.32358840107917786,0.3235889971256256,0.3236251771450043,0.32362574338912964
1785545385995377100,133530900,0.3235849440097809,0.32358551025390625,0.3236233592033386,0.3236239552497864
1785545386006610600,133544719,0.32358384132385254,0.32358434796333313,0.3236197829246521,0.3236202895641327
1785545386016840900,133544719,0.32358384132385254,0.32358434796333313,0.3236197829246521,0.3236202895641327
1785545386028186600,133564332,0.32358118891716003,0.3235816955566406,0.323616087436676,0.32361653447151184
1785545386039388500,133578065,0.3235805034637451,0.32358092069625854,0.32360970973968506,0.3236100673675537
1785545386050498800,133578065,0.3235805034637451,0.32358092069625854,0.32360970973968506,0.3236100673675537
1785545386061798500,133597609,0.3235763609409332,0.3235767185688019,0.3236042559146881,0.3236045837402344
1785545386072949700,133611362,0.32357147336006165,0.3235718607902527,0.3236045837402344,0.3236050009727478
1785545386083811800,133611362,0.32357147336006165,0.3235718607902527,0.3236045837402344,0.3236050009727478
1785545386095308500,133630999,0.32356783747673035,0.3235682547092438,0.32360193133354187,0.3236024081707001
1785545386104918600,133630999,0.32356783747673035,0.3235682547092438,0.32360193133354187,0.3236024081707001
1785545386115840800,133644705,0.3235667943954468,0.3235671818256378,0.32359790802001953,0.32359829545021057
1785545386126921900,133664287,0.3235655426979065,0.3235657811164856,0.3235897421836853,0.3235899806022644
1785545386137066000,133664287,0.3235655426979065,0.3235657811164856,0.3235897421836853,0.3235899806022644
1785545386149917100,133678299,0.3235624134540558,0.3235626816749573,0.32358667254447937,0.32358691096305847
1785545386159322700,133697659,0.3235580623149872,0.32355833053588867,0.32358288764953613,0.3235831558704376
1785545386171806800,133697659,0.3235580623149872,0.32355833053588867,0.32358288764953613,0.3235831558704376
1785545386181510600,133711398,0.3235544264316559,0.32355472445487976,0.3235827088356018,0.3235829770565033
1785545386191011900,133711398,0.3235544264316559,0.32355472445487976,0.3235827088356018,0.3235829770565033
1785545386203702700,133730990,0.3235519826412201,0.32355228066444397,0.32357972860336304,0.3235800266265869
1785545386213171200,133744975,0.3235512971878052,0.3235515356063843,0.32357609272003174,0.32357633113861084
1785545386224749600,133744975,0.3235512971878052,0.3235515356063843,0.32357609272003174,0.32357633113861084
1785545386236058500,133764231,0.3235492408275604,0.3235495090484619,0.32357257604599,0.3235727846622467
1785545386247361800,133778099,0.3235487639904022,0.32354894280433655,0.3235672116279602,0.32356739044189453
1785545386258564000,133797623,0.29888907074928284,0.2988891899585724,0.3482213616371155,0.3482215702533722
1785545386268772500,133797739,0.2983458638191223,0.29834598302841187,0.3487624526023865,0.3487626314163208
1785545386281369500,133811398,0.30444297194480896,0.3044431507587433,0.3426617681980133,0.34266197681427
1785545386290941100,133811398,0.30444297194480896,0.3044431507587433,0.3426617681980133,0.34266197681427
1785545386300734900,133830949,0.287499338388443,0.2874995470046997,0.3596005439758301,0.3596007525920868
1785545386311590300,133844717,0.2718234062194824,0.27182361483573914,0.37674835324287415,0.3767485022544861
1785545386322124400,133844717,0.2718234062194824,0.27182361483573914,0.37674835324287415,0.3767485022544861
1785545386333005700,133864261,0.2653036415576935,0.2653037905693054,0.388388454914093,0.38838860392570496
1785545386344024900,133878043,0.2852044105529785,0.2852044999599457,0.37524622678756714,0.3752463459968567
1785545386355348900,133878043,0.2852044105529785,0.2852044999599457,0.37524622678756714,0.3752463459968567
1785545386366541400,133897552,0.308983713388443,0.30898380279541016,0.36513039469718933,0.3651304841041565
1785545386377765900,133911347,0.3099824786186218,0.309982568025589,0.3704380989074707,0.37043821811676025
1785545386388843400,133911347,0.3099824786186218,0.309982568025589,0.3704380989074707,0.37043821811676025
1785545386401549900,133930853,0.3169015645980835,0.31690168380737305,0.3772873878479004,0.37728750705718994
1785545386411047900,133944691,0.3276929259300232,0.32769304513931274,0.37895819544792175,0.3789582848548889
1785545386420786300,133944691,0.3276929259300232,0.32769304513931274,0.37895819544792175,0.3789582848548889
1785545386433575100,133964218,0.34480220079421997,0.34480229020118713,0.3809940218925476,0.38099405169487
1785545386442185600,133978035,0.35204169154167175,0.35204175114631653,0.38879474997520447,0.38879477977752686
1785545386453235800,133978035,0.35204169154167175,0.35204175114631653,0.38879474997520447,0.38879477977752686
1785545386463491000,133997634,0.3628886938095093,0.36288872361183167,0.3994348347187042,0.399434894323349
1785545386474141500,134011372,0.3654883801937103,0.3654884099960327,0.406683087348938,0.40668317675590515
1785545386483678100,134011372,0.3654883801937103,0.3654884099960327,0.406683087348938,0.40668317675590515
1785545386494041100,134030917,0.3804711699485779,0.38047119975090027,0.40876778960227966,0.4087678790092468
1785545386506946400,134030917,0.3804711699485779,0.38047119975090027,0.40876778960227966,0.4087678790092468
1785545386516856800,134044851,0.38575246930122375,0.38575252890586853,0.41774997115135193,0.4177500307559967
1785545386527809300,134064224,0.40049684047698975,0.4004969000816345,0.42323774099349976,0.42323774099349976
1785545386539015400,134078020,0.40874263644218445,0.4087426960468292,0.4306533634662628,0.4306533634662628
1785545386549911200,134078020,0.40874263644218445,0.4087426960468292,0.4306533634662628,0.4306533634662628
1785545386560745700,134097600,0.4202493727207184,0.42024940252304077,0.44129300117492676,0.44129303097724915
1785545386570403600,134097600,0.4202493727207184,0.42024940252304077,0.44129300117492676,0.44129303097724915
1785545386581764400,134111545,0.4238978326320648,0.4238978624343872,0.4479503035545349,0.4479503929615021
1785545386593088600,134131110,0.4340846538543701,0.4340846836566925,0.4549967348575592,0.454996794462204
1785545386605354800,134131110,0.4340846538543701,0.4340846836566925,0.4549967348575592,0.454996794462204
1785545386614356900,134144822,0.44331008195877075,0.44331011176109314,0.45972487330436707,0.45972490310668945
1785545386625328100,134164210,0.4560299217700958,0.4560299515724182,0.46749013662338257,0.46749016642570496
1785545386636928900,134164210,0.4560299217700958,0.4560299515724182,0.46749013662338257,0.46749016642570496
1785545386649635100,134178059,0.4632531702518463,0.4632531702518463,0.47592103481292725,0.47592103481292725
1785545386659072900,134197600,0.474323034286499,0.474323034286499,0.4871103763580322,0.4871103763580322
1785545386670101900,134197600,0.474323034286499,0.474323034286499,0.4871103763580322,0.4871103763580322
1785545386680412200,134211339,0.47866126894950867,0.47866126894950867,0.49300724267959595,0.49300727248191833
1785545386691572800,134211339,0.47866126894950867,0.47866126894950867,0.49300724267959595,0.49300727248191833
1785545386701875700,134230848,0.4883301258087158,0.4883301556110382,0.500482976436615,0.500482976436615
1785545386712831800,134244668,0.49667665362358093,0.4966766834259033,0.5062078833580017,0.5062079429626465
1785545386723736500,134244668,0.49667665362358093,0.4966766834259033,0.5062078833580017,0.5062079429626465
1785545386735210400,134264229,0.5070293545722961,0.5070292949676514,0.5165332555770874,0.5165332555770874
1785545386744678400,134278019,0.5165004134178162,0.5165003538131714,0.5226407647132874,0.5226407647132874
1785545386755715600,134278019,0.5165004134178162,0.5165003538131714,0.5226407647132874,0.5226407647132874
1785545386768404900,134297712,0.5274004340171814,0.5274004340171814,0.5339339971542358,0.5339340567588806
1785545386776963100,134311401,0.5315422415733337,0.5315422415733337,0.5398972034454346,0.5398972034454346
1785545386787892600,134311401,0.5315422415733337,0.5315422415733337,0.5398972034454346,0.5398972034454346
1785545386798834500,134331003,0.5406699180603027,0.5406699180603027,0.5480013489723206,0.5480013489723206
1785545386809943400,134344698,0.5485686659812927,0.5485686659812927,0.5542382001876831,0.5542382001876831
1785545386819766600,134344698,0.5485686659812927,0.5485686659812927,0.5542382001876831,0.5542382001876831
1785545386830801700,134364406,0.5598829984664917,0.5598829984664917,0.5637524127960205,0.5637524127960205
1785545386840391100,134378339,0.5676238536834717,0.5676239132881165,0.5719378590583801,0.5719378590583801
1785545386851477500,134378339,0.5676238536834717,0.5676239132881165,0.5719378590583801,0.5719378590583801
1785545386861434800,134397724,0.5784405469894409,0.5784405469894409,0.5828033089637756,0.5828033089637756
1785545386872589300,134411423,0.5832184553146362,0.5832184553146362,0.5881494879722595,0.5881494879722595
1785545386885276200,134411423,0.5832184553146362,0.5832184553146362,0.5881494879722595,0.5881494879722595
1785545386895626900,134431054,0.5922650098800659,0.5922650098800659,0.5965439677238464,0.5965439677238464
1785545386905354900,134431054,0.5922650098800659,0.5922650098800659,0.5965439677238464,0.5965439677238464
1785545386916864900,134444937,0.5998021960258484,0.5998021960258484,0.6032046675682068,0.6032046675682068
1785545386928022300,134464372,0.6106002926826477,0.6106003522872925,0.6128911375999451,0.6128911375999451
1785545386938669800,134464372,0.6106002926826477,0.6106003522872925,0.6128911375999451,0.6128911375999451
1785545386949751400,134478171,0.6180729269981384,0.6180729269981384,0.6212326884269714,0.6212326884269714
1785545386960669100,134497678,0.6285432577133179,0.6285431981086731,0.630907416343689,0.6309074759483337
1785545386970266800,134497678,0.6285432577133179,0.6285431981086731,0.630907416343689,0.6309074759483337
1785545386981690000,134511467,0.6330695748329163,0.6330695152282715,0.6358067393302917,0.6358067989349365
1785545386992913600,134530898,0.6394532322883606,0.6394531726837158,0.6420354247093201,0.6420354247093201
1785545387004009300,134530898,0.6394532322883606,0.6394531726837158,0.6420354247093201,0.6420354247093201
1785545387015349800,134544685,0.6434807181358337,0.6434807181358337,0.6455647945404053,0.6455647945404053
1785545387024948300,134564022,0.6450082063674927,0.6450082063674927,0.6468542218208313,0.6468542218208313
1785545387035754000,134564199,0.6471590995788574,0.6471591591835022,0.6490906476974487,0.649090588092804
1785545387046933000,134578006,0.5306877493858337,0.5306877493858337,0.5318136811256409,0.5318135619163513
1785545387058489300,134597535,0.42460760474205017,0.42460760474205017,0.42589619755744934,0.42589619755744934
1785545387069807200,134597535,0.42460760474205017,0.42460760474205017,0.42589619755744934,0.42589619755744934
1785545387080761800,134611339,0.3753216564655304,0.3753216564655304,0.37724652886390686,0.37724655866622925
1785545387091822300,134630829,0.34327590465545654,0.34327590465545654,0.34528499841690063,0.345285028219223
1785545387102922600,134630909,0.33087068796157837,0.33087068796157837,0.33296364545822144,0.3329636752605438
1785545387114008200,134644675,0.31077271699905396,0.31077268719673157,0.31237319111824036,0.31237322092056274
1785545387123720100,134644675,0.31077271699905396,0.31077268719673157,0.31237319111824036,0.31237322092056274
1785545387135327200,134664213,0.29232874512672424,0.29232874512672424,0.29372188448905945,0.29372188448905945
1785545387144919900,134678188,0.28365352749824524,0.2836535573005676,0.28508830070495605,0.28508830070495605
1785545387155903000,134678188,0.28365352749824524,0.2836535573005676,0.28508830070495605,0.28508830070495605
1785545387165586800,134697508,0.2760169804096222,0.2760170102119446,0.2774416208267212,0.2774416208267212
1785545387176970700,134711310,0.2723614573478699,0.2723614573478699,0.2739397883415222,0.2739397883415222
1785545387188049100,134711310,0.2723614573478699,0.2723614573478699,0.2739397883415222,0.2739397883415222
1785545387199597700,134730875,0.2691507637500763,0.2691507637500763,0.2706594467163086,0.2706594467163086
1785545387210694000,134744669,0.2677651643753052,0.2677651643753052,0.2690599858760834,0.2690599858760834
1785545387221729400,134744669,0.2677651643753052,0.2677651643753052,0.2690599858760834,0.2690599858760834
1785545387232617100,134764232,0.26661112904548645,0.26661112904548645,0.26749399304389954,0.26749399304389954
1785545387243627300,134778006,0.2660198509693146,0.2660198509693146,0.26683834195137024,0.26683834195137024
1785545387255183000,134778006,0.2660198509693146,0.2660198509693146,0.26683834195137024,0.26683834195137024
1785545387264692900,134797489,0.26546433568000793,0.26546433568000793,0.2662598788738251,0.26625990867614746
1785545387275777400,134811417,0.2651463747024536,0.2651463747024536,0.2660518288612366,0.26605185866355896
1785545387286824700,134811417,0.2651463747024536,0.2651463747024536,0.2660518288612366,0.26605185866355896
1785545387298521000,134830942,0.29339462518692017,0.29339462518692017,0.237326979637146,0.2373269647359848
1785545387309795200,134844661,0.31572631001472473,0.31572631001472473,0.21477699279785156,0.21477697789669037
1785545387320193100,134844661,0.31572631001472473,0.31572631001472473,0.21477699279785156,0.21477697789669037
1785545387331432900,134864182,0.33162206411361694,0.33162206411361694,0.19868208467960358,0.1986820548772812
1785545387341581100,134878029,0.34105053544044495,0.34105053544044495,0.18918931484222412,0.18918931484222412
1785545387351062800,134878029,0.34105053544044495,0.34105053544044495,0.18918931484222412,0.18918931484222412
1785545387362215100,134897513,0.3225846588611603,0.3225846588611603,0.20778295397758484,0.20778295397758484
1785545387373358600,134911339,0.3139505684375763,0.3139505684375763,0.21647650003433228,0.21647650003433228
1785545387384935900,134911339,0.3139505684375763,0.3139505684375763,0.21647650003433228,0.21647650003433228
1785545387397285300,134930801,0.30682602524757385,0.30682602524757385,0.2239999920129776,0.2239999920129776
1785545387406672300,134944749,0.3019258379936218,0.3019258677959442,0.22975154221057892,0.22975154221057892
1785545387417730500,134944749,0.3019258379936218,0.3019258677959442,0.22975154221057892,0.22975154221057892
1785545387428924200,134964233,0.2666654586791992,0.2666654884815216,0.2681196928024292,0.2681196928024292
1785545387440424400,134978007,0.24575749039649963,0.24575749039649963,0.29136818647384644,0.29136818647384644
1785545387451732800,134978007,0.24575749039649963,0.24575749039649963,0.29136818647384644,0.29136818647384644
1785545387463607600,134998364,0.234363853931427,0.2343638390302658,0.30638444423675537,0.30638444423675537
1785545387474446800,134998364,0.234363853931427,0.2343638390302658,0.30638444423675537,0.30638444423675537
1785545387486965400,135013958,0.22380293905735016,0.22380292415618896,0.3192192316055298,0.3192192316055298
1785545387496858000,135028169,0.24094001948833466,0.24093998968601227,0.30344754457473755,0.30344754457473755
1785545387508318400,135044662,0.25041663646698,0.25041663646698,0.2950706481933594,0.2950706481933594
1785545387518930800,135044662,0.25041663646698,0.25041663646698,0.2950706481933594,0.2950706481933594
1785545387530055500,135064243,0.2567211091518402,0.2567211091518402,0.2889653742313385,0.2889653742313385
1785545387541618200,135078005,0.26067274808883667,0.26067274808883667,0.28396329283714294,0.28396332263946533
1785545387551217500,135078005,0.26067274808883667,0.26067274808883667,0.28396329283714294,0.28396332263946533
1785545387563734100,135097547,0.2598058581352234,0.2598058581352234,0.2830663025379181,0.2830663025379181
1785545387573382400,135111340,0.25639036297798157,0.25639039278030396,0.2856714427471161,0.2856714129447937
1785545387586497800,135111340,0.25639036297798157,0.25639039278030396,0.2856714427471161,0.2856714129447937
1785545387596479000,135130821,0.25543296337127686,0.25543296337127686,0.28543367981910706,0.28543367981910706
1785545387607451000,135144653,0.25684162974357605,0.25684159994125366,0.28306660056114197,0.28306660056114197
1785545387620088300,135144653,0.25684162974357605,0.25684159994125366,0.28306660056114197,0.28306660056114197
1785545387629726800,135164257,0.25956547260284424,0.25956547260284424,0.27872422337532043,0.27872422337532043
1785545387640399600,135177958,0.2594492733478546,0.2594492733478546,0.2778908312320709,0.2778908610343933
1785545387651932700,135177958,0.2594492733478546,0.2594492733478546,0.2778908312320709,0.2778908610343933
1785545387664992500,135197538,0.2589198052883148,0.2589198052883148,0.27723124623298645,0.27723124623298645
1785545387674481900,135211302,0.257378488779068,0.2573785185813904,0.27822473645210266,0.2782247066497803
1785545387685570600,135211302,0.257378488779068,0.2573785185813904,0.27822473645210266,0.2782247066497803
1785545387698620100,135230915,0.2574161887168884,0.2574162185192108,0.27749958634376526,0.27749955654144287
1785545387708094400,135244689,0.2317616045475006,0.2317616045475006,0.3026590943336487,0.3026590943336487
1785545387721144100,135244689,0.2317616045475006,0.2317616045475006,0.3026590943336487,0.3026590943336487
1785545387730802600,135264172,0.2099686712026596,0.20996864140033722,0.3236674964427948,0.3236674964427948
1785545387740390100,135277958,0.1952883005142212,0.1952882707118988,0.3378448486328125,0.3378448188304901
1785545387752977800,135277958,0.1952883005142212,0.1952882707118988,0.3378448486328125,0.3378448188304901
1785545387763870900,135297526,0.1891752928495407,0.1891752928495407,0.3431324362754822,0.3431324362754822
1785545387773362300,135311298,0.20244485139846802,0.20244485139846802,0.3294827938079834,0.3294827938079834
1785545387784765300,135311298,0.20244485139846802,0.20244485139846802,0.3294827938079834,0.3294827938079834
1785545387796008300,135330800,0.2137216329574585,0.2137216329574585,0.31759700179100037,0.31759700179100037
1785545387805510200,135344515,0.2214583456516266,0.2214583456516266,0.3096420168876648,0.3096419870853424
1785545387816941300,135344600,0.222910538315773,0.222910538315773,0.30800798535346985,0.30800795555114746
1785545387828279400,135364233,0.2352687120437622,0.2352687418460846,0.29618459939956665,0.29618459939956665
1785545387841410300,135377989,0.2353621870279312,0.2353622168302536,0.2969304025173187,0.2969304025173187
1785545387850967200,135377989,0.2353621870279312,0.2353622168302536,0.2969304025173187,0.2969304025173187
1785545387860538100,135397568,0.23550575971603394,0.23550580441951752,0.29885509610176086,0.29885512590408325
1785545387871849900,135397568,0.23550575971603394,0.23550580441951752,0.29885509610176086,0.29885512590408325
1785545387883320900,135411378,0.23162943124771118,0.23162943124771118,0.30367961525917053,0.3036796450614929
1785545387894471000,135430857,0.23478923738002777,0.2347891926765442,0.3023883104324341,0.3023883104324341
1785545387904141600,135430857,0.23478923738002777,0.2347891926765442,0.3023883104324341,0.3023883104324341
1785545387915428600,135444644,0.24125094711780548,0.2412509173154831,0.2979734539985657,0.2979734539985657
1785545387925022300,135464035,0.2497970312833786,0.2497970163822174,0.2913825213909149,0.2913825213909149
1785545387935139700,135464230,0.2522229850292206,0.2522229850292206,0.29199883341789246,0.29199886322021484
1785545387946609300,135478068,0.254325807094574,0.25432583689689636,0.29331517219543457,0.29331523180007935
1785545387957635400,135478068,0.254325807094574,0.25432583689689636,0.29331517219543457,0.29331523180007935
1785545387968979000,135497613,0.25679874420166016,0.25679874420166016,0.29593539237976074,0.29593536257743835
1785545387980469900,135511312,0.2552427053451538,0.2552427351474762,0.29982417821884155,0.29982414841651917
1785545387991599500,135511312,0.2552427053451538,0.2552427351474762,0.29982417821884155,0.29982414841651917
1785545388000813900,135530826,0.25854286551475525,0.25854286551475525,0.30002832412719727,0.30002835392951965
1785545388011522000,135544630,0.2668335437774658,0.2668335437774658,0.2958563268184662,0.2958563268184662
1785545388021400300,135544630,0.2668335437774658,0.2668335437774658,0.2958563268184662,0.2958563268184662
1785545388032532400,135564170,0.27169159054756165,0.27169156074523926,0.2967434525489807,0.2967434525489807
1785545388043757400,135577937,0.2734403610229492,0.2734403610229492,0.2987304627895355,0.2987304627895355
1785545388054642300,135577937,0.2734403610229492,0.2734403610229492,0.2987304627895355,0.2987304627895355
1785545388065610300,135597477,0.27640441060066223,0.2764044404029846,0.300976037979126,0.3009760081768036
1785545388077103300,135611454,0.2762164771556854,0.2762165367603302,0.3035931885242462,0.30359315872192383
1785545388088405900,135611454,0.2762164771556854,0.2762165367603302,0.3035931885242462,0.30359315872192383
1785545388099678900,135630838,0.2791079878807068,0.2791079878807068,0.3040829300880432,0.3040829300880432
1785545388110623500,135644619,0.2827736437320709,0.2827736437320709,0.30326372385025024,0.30326372385025024
1785545388120153400,135644619,0.2827736437320709,0.2827736437320709,0.30326372385025024,0.30326372385025024
1785545388131374100,135664138,0.2887147068977356,0.2887146770954132,0.30278661847114563,0.302786648273468
1785545388140911800,135677959,0.2883228361606598,0.2883228361606598,0.30570128560066223,0.30570128560066223
1785545388150525700,135677959,0.2883228361606598,0.2883228361606598,0.30570128560066223,0.30570128560066223
1785545388161953800,135697601,0.2926303446292877,0.2926303744316101,0.3063317537307739,0.30633172392845154
1785545388173058600,135711307,0.29284921288490295,0.29284924268722534,0.30838486552238464,0.30838483572006226
1785545388184304900,135711307,0.29284921288490295,0.29284924268722534,0.30838486552238464,0.30838483572006226
1785545388195598300,135731091,0.2947980761528015,0.2947981059551239,0.3095041513442993,0.3095041513442993
1785545388206592500,135744649,0.2972436249256134,0.2972436547279358,0.30942901968955994,0.3094290494918823
1785545388217348600,135744649,0.2972436249256134,0.2972436547279358,0.30942901968955994,0.3094290494918823
1785545388228583200,135764328,0.2993255853652954,0.2993255853652954,0.3104183077812195,0.3104183077812195
1785545388238641700,135764328,0.2993255853652954,0.2993255853652954,0.3104183077812195,0.3104183077812195
1785545388249798100,135778154,0.30250388383865356,0.30250388383865356,0.31025129556655884,0.31025129556655884
1785545388260625400,135797631,0.30464890599250793,0.30464887619018555,0.31188222765922546,0.31188222765922546
1785545388271944500,135797631,0.30464890599250793,0.30464887619018555,0.31188222765922546,0.31188222765922546
1785545388283479400,135811460,0.30463695526123047,0.30463695526123047,0.31366655230522156,0.31366655230522156
1785545388294564200,135830885,0.30593550205230713,0.30593550205230713,0.31465134024620056,0.31465134024620056
1785545388303929700,135830885,0.30593550205230713,0.30593550205230713,0.31465134024620056,0.31465134024620056
1785545388315623300,135844635,0.3075895309448242,0.3075895309448242,0.314729243516922,0.314729243516922
1785545388325260700,135864306,0.31029605865478516,0.31029605865478516,0.31497520208358765,0.31497520208358765
1785545388335437000,135864306,0.31029605865478516,0.31029605865478516,0.31497520208358765,0.31497520208358765
1785545388348401100,135878360,0.3112219572067261,0.3112219572067261,0.3158704340457916,0.3158704340457916
1785545388357208700,135878360,0.3112219572067261,0.3112219572067261,0.3158704340457916,0.3158704340457916
1785545388368507700,135897594,0.31230583786964417,0.31230583786964417,0.3170240819454193,0.3170240819454193
1785545388380452800,135911296,0.3124907314777374,0.3124907314777374,0.31789788603782654,0.31789788603782654
1785545388390070300,135911296,0.3124907314777374,0.3124907314777374,0.31789788603782654,0.31789788603782654
1785545388400869000,135930917,0.3134261965751648,0.3134261965751648,0.3183588981628418,0.3183588981628418
1785545388411890300,135945083,0.3134354054927826,0.3134354054927826,0.31743136048316956,0.31743139028549194
1785545388421949800,135945083,0.3134354054927826,0.3134354054927826,0.31743136048316956,0.31743139028549194
1785545388433104800,135964269,0.31192025542259216,0.31192025542259216,0.3145374655723572,0.3145374655723572
1785545388444215400,135977967,0.3087042272090912,0.3087042272090912,0.31128019094467163,0.31128019094467163
1785545388455325400,135977967,0.3087042272090912,0.3087042272090912,0.31128019094467163,0.31128019094467163
1785545388466642800,135997511,0.3019537329673767,0.3019537329673767,0.30464330315589905,0.30464330315589905
1785545388477935000,136011302,0.2986394166946411,0.2986394464969635,0.30179131031036377,0.30179131031036377
1785545388489131500,136011302,0.2986394166946411,0.2986394464969635,0.30179131031036377,0.30179131031036377
1785545388500298600,136030807,0.2922265827655792,0.2922265827655792,0.2945646643638611,0.2945646345615387
1785545388512347600,136044641,0.285963773727417,0.285963773727417,0.2884441614151001,0.2884441614151001
1785545388523592400,136044641,0.285963773727417,0.285963773727417,0.2884441614151001,0.2884441614151001
1785545388533352600,136064147,0.27669769525527954,0.27669769525527954,0.27855679392814636,0.27855679392814636
1785545388544899600,136078002,0.2692441940307617,0.26924416422843933,0.270992636680603,0.270992636680603
1785545388555863400,136078002,0.2692441940307617,0.26924416422843933,0.270992636680603,0.270992636680603
1785545388565437200,136097501,0.25856804847717285,0.25856801867485046,0.26023897528648376,0.26023900508880615
1785545388576963300,136111339,0.2534696161746979,0.2534696161746979,0.25537633895874023,0.2553763687610626
1785545388588338900,136111339,0.2534696161746979,0.2534696161746979,0.25537633895874023,0.2553763687610626
1785545388599339000,136130858,0.2450283169746399,0.2450283020734787,0.2468687891960144,0.2468687891960144
1785545388610263000,136144623,0.23828652501106262,0.23828653991222382,0.23962761461734772,0.23962759971618652
1785545388621605700,136144623,0.23828652501106262,0.23828653991222382,0.23962761461734772,0.23962759971618652
1785545388631002700,136164176,0.22815658152103424,0.22815661132335663,0.22921505570411682,0.22921504080295563
1785545388643558200,136177932,0.2203982025384903,0.22039823234081268,0.2214449644088745,0.22144493460655212
1785545388652866300,136177932,0.2203982025384903,0.22039823234081268,0.2214449644088745,0.22144493460655212
1785545388663937800,136197610,0.20926962792873383,0.20926962792873383,0.2103012055158615,0.21030119061470032
1785545388675551700,136211515,0.20407377183437347,0.20407375693321228,0.2052321881055832,0.2052321881055832
1785545388685340300,136211515,0.20407377183437347,0.20407375693321228,0.2052321881055832,0.2052321881055832
1785545388695561300,136230808,0.19557605683803558,0.19557607173919678,0.19669605791568756,0.19669607281684875
1785545388706631200,136244616,0.18860381841659546,0.18860381841659546,0.18955959379673004,0.18955959379673004
1785545388717852300,136244616,0.18860381841659546,0.18860381841659546,0.18955959379673004,0.18955959379673004
1785545388728910500,136264165,0.17842264473438263,0.17842264473438263,0.17906492948532104,0.17906492948532104
1785545388740319300,136278296,0.17040812969207764,0.17040812969207764,0.1709802895784378,0.170980304479599
1785545388751525900,136278296,0.17040812969207764,0.17040812969207764,0.1709802895784378,0.170980304479599
1785545388761373700,136297581,0.15955442190170288,0.15955442190170288,0.16010142862796783,0.16010142862796783
1785545388772596800,136311273,0.1544443517923355,0.1544443517923355,0.1550619751214981,0.1550619751214981
1785545388785247900,136311273,0.1544443517923355,0.1544443517923355,0.1550619751214981,0.1550619751214981
1785545388795457100,136330769,0.14585834741592407,0.14585833251476288,0.14635807275772095,0.14635807275772095
1785545388804960300,136330769,0.14585834741592407,0.14585833251476288,0.14635807275772095,0.14635807275772095
1785545388815754300,136344616,0.13881193101406097,0.13881191611289978,0.1393134891986847,0.1393134742975235
1785545388826882800,136364155,0.12849636375904083,0.12849634885787964,0.12887504696846008,0.12887506186962128
1785545388837000900,136364155,0.12849636375904083,0.12849634885787964,0.12887504696846008,0.12887506186962128
1785545388849764700,136378218,0.12059714645147324,0.12059713900089264,0.12092523276805878,0.12092524021863937
1785545388859154200,136397565,0.10967683047056198,0.10967683047056198,0.10995639115571976,0.10995638370513916
1785545388870439200,136397565,0.10967683047056198,0.10967683047056198,0.10995639115571976,0.10995638370513916
1785545388880997400,136411281,0.1045914739370346,0.1045914888381958,0.10488459467887878,0.10488458722829819
1785545388892076000,136430864,0.09601638466119766,0.09601639211177826,0.09629134088754654,0.09629134088754654
1785545388903099200,136430864,0.09601638466119766,0.09601639211177826,0.09629134088754654,0.09629134088754654
1785545388913870000,136444618,0.08896075934171677,0.08896075934171677,0.08918939530849457,0.08918940275907516
1785545388923676400,136444618,0.08896075934171677,0.08896075934171677,0.08918939530849457,0.08918940275907516
1785545388935373700,136464257,0.11965601146221161,0.11965601146221161,0.07357793301343918,0.07357794046401978
1785545388945010000,136478313,0.16870486736297607,0.16870486736297607,0.06620822101831436,0.06620822846889496
1785545388955246800,136478313,0.16870486736297607,0.16870486736297607,0.06620822101831436,0.06620822846889496
1785545388966377000,136497742,0.2105446755886078,0.2105446755886078,0.05982230603694916,0.059822313487529755
1785545388977458200,136511258,0.18853287398815155,0.18853287398815155,0.056853633373975754,0.05685364082455635
1785545388988804300,136511258,0.18853287398815155,0.18853287398815155,0.056853633373975754,0.05685364082455635
1785545388999885000,136530845,0.2110382318496704,0.21103820204734802,0.05412739887833595,0.05412740632891655
1785545389011075600,136544599,0.19850802421569824,0.19850800931453705,0.052866335958242416,0.05286634340882301
1785545389022037200,136544599,0.19850802421569824,0.19850800931453705,0.052866335958242416,0.05286634340882301
1785545389033262900,136564179,0.15976661443710327,0.15976661443710327,0.051725778728723526,0.05172578990459442
1785545389043404000,136578189,0.14607255160808563,0.14607256650924683,0.05118882283568382,0.05118883028626442
1785545389055704200,136578189,0.14607255160808563,0.14607256650924683,0.05118882283568382,0.05118883028626442
1785545389065372200,136597647,0.1379067450761795,0.1379067450761795,0.050718896090984344,0.05071890354156494
1785545389076668600,136611281,0.1462126076221466,0.1462126076221466,0.05050108581781387,0.05050108954310417
1785545389087597600,136611281,0.1462126076221466,0.1462126076221466,0.05050108581781387,0.05050108954310417
1785545389098810400,136630982,0.1464674472808838,0.1464674323797226,0.05030062422156334,0.05030062422156334
1785545389109956900,136644582,0.13830794394016266,0.13830792903900146,0.05020963400602341,0.05020963400602341
1785545389120987600,136644582,0.13830794394016266,0.13830792903900146,0.05020963400602341,0.05020963400602341
1785545389132142400,136664270,0.11994694173336029,0.11994694173336029,0.05012599006295204,0.05012599006295204
1785545389143473200,136677981,0.11586102098226547,0.11586103588342667,0.050087474286556244,0.050087474286556244
1785545389154911000,136677981,0.11586102098226547,0.11586103588342667,0.050087474286556244,0.050087474286556244
1785545389165935800,136697483,0.11283984035253525,0.11283987015485764,0.05005279555916786,0.05005279555916786
1785545389176855800,136711245,0.11846981942653656,0.11846983432769775,0.050036653876304626,0.050036653876304626
1785545389187827100,136711245,0.11846981942653656,0.11846983432769775,0.050036653876304626,0.050036653876304626
1785545389198855900,136730886,0.1177074983716011,0.1177074983716011,0.050022050738334656,0.050022050738334656
1785545389210011300,136744722,0.11126087605953217,0.11126086860895157,0.05001526325941086,0.05001526325941086
1785545389221035800,136744722,0.11126087605953217,0.11126086860895157,0.05001526325941086,0.05001526325941086
1785545389230600800,136764142,0.09778958559036255,0.09778957068920135,0.05000923573970795,0.05000923573970795
1785545389241766700,136778166,0.09411735087633133,0.09411732852458954,0.05000636726617813,0.05000636726617813
1785545389254417700,136778166,0.09411735087633133,0.09411732852458954,0.05000636726617813,0.05000636726617813
1785545389263882100,136797642,0.09177598357200623,0.09177597612142563,0.05000384524464607,0.05000384524464607
1785545389275416800,136811388,0.09556737542152405,0.09556736797094345,0.05000267177820206,0.05000267177820206
1785545389285021400,136811388,0.09556737542152405,0.09556736797094345,0.05000267177820206,0.05000267177820206
1785545389296014100,136830865,0.0949246734380722,0.0949246734380722,0.050001613795757294,0.050001613795757294
1785545389307260700,136844595,0.09046749025583267,0.09046749025583267,0.0500011220574379,0.0500011220574379
1785545389317330000,136844595,0.09046749025583267,0.09046749025583267,0.0500011220574379,0.0500011220574379
1785545389328485100,136864192,0.08125830441713333,0.08125830441713333,0.05000067129731178,0.05000067129731178
1785545389338744700,136864192,0.08125830441713333,0.08125830441713333,0.05000067129731178,0.05000067129731178
1785545389349823900,136878245,0.07872599363327026,0.07872599363327026,0.05000046268105507,0.05000046268105507
1785545389360625300,136897484,0.07711900770664215,0.07711900770664215,0.050000280141830444,0.050000280141830444
1785545389370258100,136897484,0.07711900770664215,0.07711900770664215,0.050000280141830444,0.050000280141830444
1785545389381927400,136911540,0.0796637162566185,0.0796637162566185,0.05000019446015358,0.05000019446015358
1785545389393012300,136930836,0.07934191077947617,0.07934190332889557,0.05000011622905731,0.05000011622905731
1785545389404051600,136930836,0.07934191077947617,0.07934190332889557,0.05000011622905731,0.05000011622905731
1785545389414115700,136944568,0.07652905583381653,0.07652905583381653,0.05000007897615433,0.05000007897615433
1785545389425305900,136964073,0.07032784074544907,0.07032784074544907,0.05000004917383194,0.05000004917383194
1785545389436108200,136964073,0.07032784074544907,0.07032784074544907,0.05000004917383194,0.05000004917383194
1785545389447550000,136977981,0.06857666373252869,0.06857666373252869,0.050000034272670746,0.050000034272670746
1785545389458855800,136997476,0.06724266707897186,0.06724266707897186,0.05000002309679985,0.05000002309679985
1785545389469884500,136997476,0.06724266707897186,0.06724266707897186,0.05000002309679985,0.05000002309679985
1785545389481022800,137011337,0.06864145398139954,0.06864145398139954,0.050000015646219254,0.050000015646219254
1785545389492108900,137030770,0.06844070553779602,0.06844070553779602,0.050000011920928955,0.050000011920928955
1785545389502884000,137030770,0.06844070553779602,0.06844070553779602,0.050000011920928955,0.050000011920928955
1785545389514040600,137044622,0.06662380695343018,0.06662380695343018,0.050000011920928955,0.050000011920928955
1785545389525069700,137064044,0.06491744518280029,0.06491744518280029,0.050000011920928955,0.050000011920928955
1785545389536106400,137064044,0.06491744518280029,0.06491744518280029,0.050000011920928955,0.050000011920928955
1785545389547100800,137077946,0.06182142719626427,0.06182141974568367,0.05000000819563866,0.05000000819563866
1785545389558604400,137097486,0.05984664335846901,0.059846632182598114,0.05000000819563866,0.05000000819563866
1785545389569827300,137097486,0.05984664335846901,0.059846632182598114,0.05000000819563866,0.05000000819563866
1785545389580690300,137111283,0.060587625950574875,0.06058761849999428,0.05000000819563866,0.05000000819563866
1785545389590348300,137111283,0.060587625950574875,0.06058761849999428,0.05000000819563866,0.05000000819563866
1785545389601549900,137130798,0.0607021227478981,0.0607021190226078,0.05000000819563866,0.05000000819563866
1785545389611115500,137144624,0.0597463920712471,0.0597463920712471,0.05000000819563866,0.05000000819563866
1785545389622023800,137144624,0.0597463920712471,0.0597463920712471,0.05000000819563866,0.05000000819563866
1785545389633294500,137164112,0.05734710022807121,0.05734710395336151,0.05000000819563866,0.05000000819563866
1785545389644670200,137177966,0.056577786803245544,0.05657779425382614,0.05000000819563866,0.05000000819563866
1785545389655710000,137177966,0.056577786803245544,0.05657779425382614,0.05000000819563866,0.05000000819563866
1785545389665492600,137197523,0.055949240922927856,0.055949244648218155,0.05000000819563866,0.05000000819563866
1785545389677147300,137211447,0.05636698752641678,0.05636699125170708,0.05000000819563866,0.05000000819563866
1785545389688135300,137211447,0.05636698752641678,0.05636699125170708,0.05000000819563866,0.05000000819563866
1785545389698290300,137230849,0.05627034604549408,0.05627034232020378,0.05000000819563866,0.05000000819563866
1785545389710924400,137244585,0.0556037500500679,0.0556037463247776,0.05000000819563866,0.05000000819563866
1785545389720224500,137244585,0.0556037500500679,0.0556037463247776,0.05000000819563866,0.05000000819563866
1785545389730935100,137264265,0.054089296609163284,0.054089292883872986,0.05000000819563866,0.05000000819563866
1785545389742189600,137277921,0.053586557507514954,0.053586553782224655,0.05000000819563866,0.05000000819563866
1785545389751722700,137277921,0.053586557507514954,0.053586553782224655,0.05000000819563866,0.05000000819563866
1785545389763054000,137297649,0.053177833557128906,0.05317782983183861,0.05000000819563866,0.05000000819563866
1785545389773673000,137311694,0.053402889519929886,0.05340288579463959,0.05000000819563866,0.05000000819563866
1785545389784586600,137311694,0.053402889519929886,0.05340288579463959,0.05000000819563866,0.05000000819563866
1785545389795830000,137331037,0.053344909101724625,0.053344909101724625,0.05000000819563866,0.05000000819563866
1785545389806995900,137344595,0.05295872315764427,0.05295871943235397,0.05000000819563866,0.05000000819563866
1785545389818505700,137344595,0.05295872315764427,0.05295871943235397,0.05000000819563866,0.05000000819563866
1785545389829829300,137364225,0.05208548530936241,0.05208548530936241,0.05000000819563866,0.05000000819563866
1785545389840844500,137377920,0.051787395030260086,0.051787395030260086,0.05000000819563866,0.05000000819563866
1785545389851790800,137377920,0.051787395030260086,0.051787395030260086,0.05000000819563866,0.05000000819563866
1785545389862529100,137397613,0.051543690264225006,0.051543690264225006,0.05000000819563866,0.05000000819563866
1785545389873713500,137411719,0.05164601281285286,0.05164601281285286,0.05000000819563866,0.05000000819563866
1785545389883458700,137411719,0.05164601281285286,0.05164601281285286,0.05000000819563866,0.05000000819563866
1785545389895122500,137430920,0.05159967765212059,0.05159967765212059,0.05000000819563866,0.05000000819563866
1785545389906498200,137430920,0.05159967765212059,0.05159967765212059,0.05000000819563866,0.05000000819563866
1785545389915715700,137444571,0.05138181522488594,0.05138181522488594,0.05000000819563866,0.05000000819563866
1785545389927172000,137464212,0.05092291161417961,0.05092291161417961,0.05000000819563866,0.05000000819563866
1785545389938735300,137464212,0.05092291161417961,0.05092291161417961,0.05000000819563866,0.05000000819563866
1785545389951417300,137478283,0.05074520409107208,0.05074520409107208,0.05000000819563866,0.05000000819563866
1785545389961394300,137497728,0.05061203986406326,0.05061203986406326,0.05000000819563866,0.05000000819563866
1785545389971036100,137497728,0.05061203986406326,0.05061203986406326,0.05000000819563866,0.05000000819563866
1785545389980946300,137511246,0.05064447969198227,0.05064447969198227,0.05000000819563866,0.05000000819563866
1785545389992086400,137530882,0.05060255900025368,0.05060255900025368,0.05000000819563866,0.05000000819563866
1785545390004791800,137530882,0.05060255900025368,0.05060255900025368,0.05000000819563866,0.05000000819563866
1785545390014217000,137544581,0.05049208179116249,0.05049208179116249,0.05000000819563866,0.05000000819563866
1785545390024839200,137544581,0.05049208179116249,0.05049208179116249,0.05000000819563866,0.05000000819563866
1785545390036108200,137564296,0.050367921590805054,0.050367921590805054,0.05000000819563866,0.05000000819563866
1785545390048714800,137577925,0.05025626718997955,0.05025626718997955,0.05000000819563866,0.05000000819563866
1785545390060239000,137597620,0.05015387386083603,0.05015387386083603,0.05000000819563866,0.05000000819563866
1785545390069919600,137597620,0.05015387386083603,0.05015387386083603,0.05000000819563866,0.05000000819563866
1785545390080883100,137611209,0.050107192248106,0.050107192248106,0.05000000819563866,0.05000000819563866
1785545390091965600,137630818,0.05006441846489906,0.05006441846489906,0.05000000819563866,0.05000000819563866
1785545390103014000,137630818,0.05006441846489906,0.05006441846489906,0.05000000819563866,0.05000000819563866
1785545390114140300,137644621,0.05004482716321945,0.05004482716321945,0.05000000819563866,0.05000000819563866
1785545390123870500,137644621,0.05004482716321945,0.05004482716321945,0.05000000819563866,0.05000000819563866
1785545390135422200,137664219,0.050026942044496536,0.050026942044496536,0.05000000819563866,0.05000000819563866
1785545390145076900,137678334,0.05001850798726082,0.05001850798726082,0.05000000819563866,0.05000000819563866
1785545390155786300,137678334,0.05001850798726082,0.05001850798726082,0.05000000819563866,0.05000000819563866
1785545390167148100,137697499,0.05001125857234001,0.05001125857234001,0.05000000819563866,0.05000000819563866
1785545390178606600,137711557,0.05000777915120125,0.05000777915120125,0.05000000819563866,0.05000000819563866
1785545390188052200,137711557,0.05000777915120125,0.05000777915120125,0.05000000819563866,0.05000000819563866
1785545390198958300,137730800,0.05000471696257591,0.05000471696257591,0.05000000819563866,0.05000000819563866
1785545390209968900,137744759,0.05000326409935951,0.05000326409935951,0.05000000819563866,0.05000000819563866
1785545390221392800,137744759,0.05000326409935951,0.05000326409935951,0.05000000819563866,0.05000000819563866
1785545390230919200,137764165,0.05000196769833565,0.05000196769833565,0.05000000819563866,0.05000000819563866
1785545390243760500,137778014,0.050001371651887894,0.050001371651887894,0.05000000819563866,0.05000000819563866
1785545390253523000,137778014,0.050001371651887894,0.050001371651887894,0.05000000819563866,0.05000000819563866
1785545390266656300,137797450,0.05000082775950432,0.05000082775950432,0.05000000819563866,0.05000000819563866
1785545390275994000,137811297,0.05000057443976402,0.05000057443976402,0.05000000819563866,0.05000000819563866
1785545390288586100,137811297,0.05000057443976402,0.05000057443976402,0.05000000819563866,0.05000000819563866
1785545390298506700,137830781,0.05000034347176552,0.05000034347176552,0.05000000819563866,0.05000000819563866
1785545390310875700,137844668,0.05000023543834686,0.05000023543834686,0.05000000819563866,0.05000000819563866
1785545390320896700,137844668,0.05000023543834686,0.05000023543834686,0.05000000819563866,0.05000000819563866
1785545390330635200,137864204,0.0500001423060894,0.0500001423060894,0.05000000819563866,0.05000000819563866
1785545390341717700,137878467,0.05000009760260582,0.05000009760260582,0.05000000819563866,0.05000000819563866
1785545390352788900,137878467,0.05000009760260582,0.05000009760260582,0.05000000819563866,0.05000000819563866
1785545390363699200,137897638,0.050000060349702835,0.050000060349702835,0.05000000819563866,0.05000000819563866
1785545390375479400,137911553,0.05000004172325134,0.05000004172325134,0.05000000819563866,0.05000000819563866
1785545390385171800,137911553,0.05000004172325134,0.05000004172325134,0.05000000819563866,0.05000000819563866
1785545390395425100,137930931,0.05000002682209015,0.05000002682209015,0.05000000819563866,0.05000000819563866
1785545390406487100,137944594,0.05000001937150955,0.05000001937150955,0.05000000819563866,0.05000000819563866
1785545390417725500,137944594,0.05000001937150955,0.05000001937150955,0.05000000819563866,0.05000000819563866
1785545390428979100,137964099,0.050000011920928955,0.050000011920928955,0.05000000819563866,0.05000000819563866
1785545390441984500,137977958,0.050000011920928955,0.050000011920928955,0.05000000819563866,0.05000000819563866
1785545390453020400,137977958,0.050000011920928955,0.050000011920928955,0.05000000819563866,0.05000000819563866
1785545390462362200,137997466,0.050000011920928955,0.050000011920928955,0.05000000819563866,0.05000000819563866
1785545390473513800,138011500,0.05000000819563866,0.05000000819563866,0.05000000819563866,0.05000000819563866
1785545390485084300,138011500,0.05000000819563866,0.05000000819563866,0.05000000819563866,0.05000000819563866
1785545390496025800,138030818,0.05000000819563866,0.05000000819563866,0.05000000819563866,0.05000000819563866
1785545390507217600,138044542,0.05000000819563866,0.05000000819563866,0.05000000819563866,0.05000000819563866
1785545390520262900,138044542,0.05000000819563866,0.05000000819563866,0.05000000819563866,0.05000000819563866
1785545390531060500,138064128,0.05000000819563866,0.05000000819563866,0.05000000819563866,0.05000000819563866
1785545390540620100,138077894,0.05000000819563866,0.05000000819563866,0.05000000819563866,0.05000000819563866
1785545390551623700,138077894,0.05000000819563866,0.05000000819563866,0.05000000819563866,0.05000000819563866
1785545390562989700,138097650,0.05000000819563866,0.05000000819563866,0.05000000819563866,0.05000000819563866
1785545390574089100,138111236,0.05000000819563866,0.05000000819563866,0.05000000819563866,0.05000000819563866
1785545390583633400,138111236,0.05000000819563866,0.05000000819563866,0.05000000819563866,0.05000000819563866
1785545390595199600,138130950,0.05000000819563866,0.05000000819563866,0.05000000819563866,0.05000000819563866
1785545390606283700,138130950,0.05000000819563866,0.05000000819563866,0.05000000819563866,0.05000000819563866
1785545390617121700,138144557,0.05000000819563866,0.05000000819563866,0.05000000819563866,0.05000000819563866
1785545390626702400,138164200,0.05000000819563866,0.05000000819563866,0.05000000819563866,0.05000000819563866
1785545390638012000,138164200,0.05000000819563866,0.05000000819563866,0.05000000819563866,0.05000000819563866
1785545390649021200,138177968,0.05000000819563866,0.05000000819563866,0.05000000819563866,0.05000000819563866
1785545390660053700,138197498,0.05000000819563866,0.05000000819563866,0.0822647288441658,0.0822647213935852
1785545390671363300,138197498,0.05000000819563866,0.05000000819563866,0.0822647288441658,0.0822647213935852
1785545390680968700,138211207,0.05000000819563866,0.05000000819563866,0.08260147273540497,0.08260146528482437
1785545390692225300,138230840,0.05000000819563866,0.05000000819563866,0.14152410626411438,0.14152410626411438
1785545390703485300,138230840,0.05000000819563866,0.05000000819563866,0.14152410626411438,0.14152410626411438
1785545390714207200,138244707,0.05000000819563866,0.05000000819563866,0.19360603392124176,0.19360603392124176
1785545390723788700,138244707,0.05000000819563866,0.05000000819563866,0.19360603392124176,0.19360603392124176
1785545390735268900,138264041,0.05000000819563866,0.05000000819563866,0.23338767886161804,0.2329263538122177
1785545390744887100,138278194,0.0923326313495636,0.09197983145713806,0.26838362216949463,0.26782727241516113
1785545390754578800,138278194,0.0923326313495636,0.09197983145713806,0.26838362216949463,0.26782727241516113
1785545390767389500,138297533,0.15417833626270294,0.15372607111930847,0.27377673983573914,0.27339866757392883
1785545390776673300,138311635,0.18353809416294098,0.18205112218856812,0.2775726616382599,0.27625393867492676
1785545390787558900,138311635,0.18353809416294098,0.18205112218856812,0.2775726616382599,0.27625393867492676
1785545390800089400,138330766,0.20537850260734558,0.20427313446998596,0.2836467921733856,0.2826962172985077
1785545390809964500,138344595,0.21802416443824768,0.217611163854599,0.284513920545578,0.2841945290565491
1785545390821400200,138344595,0.21802416443824768,0.217611163854599,0.284513920545578,0.2841945290565491
1785545390831002800,138364121,0.23378486931324005,0.23571409285068512,0.2817719578742981,0.28370586037635803
1785545390840601700,138377875,0.23243403434753418,0.23390212655067444,0.29067450761795044,0.2921079099178314
1785545390852098100,138377875,0.23243403434753418,0.23390212655067444,0.29067450761795044,0.2921079099178314
1785545390863072900,138397426,0.24315816164016724,0.24235354363918304,0.29166409373283386,0.2908124625682831
1785545390874001700,138411203,0.24270972609519958,0.24073997139930725,0.2975996136665344,0.29559463262557983
1785545390884764600,138411203,0.24270972609519958,0.24073997139930725,0.2975996136665344,0.29559463262557983
1785545390895956300,138430734,0.24536022543907166,0.24593205749988556,0.2976178526878357,0.29817986488342285
1785545390905521200,138444532,0.25117194652557373,0.25267452001571655,0.29467231035232544,0.2961793541908264
1785545390916843800,138444532,0.25117194652557373,0.25267452001571655,0.29467231035232544,0.2961793541908264
1785545390927854100,138464060,0.2557886838912964,0.255581796169281,0.29656723141670227,0.29637303948402405
1785545390938830300,138464060,0.2557886838912964,0.255581796169281,0.29656723141670227,0.29637303948402405
1785545390949666700,138478360,0.2642877697944641,0.2642156779766083,0.29299116134643555,0.29293057322502136
1785545390960693600,138497435,0.2671412229537964,0.2680232524871826,0.2954670488834381,0.29635438323020935
1785545390970327200,138497435,0.2671412229537964,0.2680232524871826,0.2954670488834381,0.29635438323020935
1785545390983396600,138511549,0.26675945520401,0.267606645822525,0.29894885420799255,0.2997967004776001
1785545390993062300,138530752,0.2677238881587982,0.2690001130104065,0.3016347289085388,0.3029080033302307
1785545391004437600,138530752,0.2677238881587982,0.2690001130104065,0.3016347289085388,0.3029080033302307
1785545391015545600,138544506,0.2721913456916809,0.27278175950050354,0.3011179566383362,0.30170488357543945
1785545391026191600,138564166,0.28078052401542664,0.2816188931465149,0.29833507537841797,0.29917123913764954
1785545391037295500,138564166,0.28078052401542664,0.2816188931465149,0.29833507537841797,0.29917123913764954
1785545391048716700,138577853,0.2837730050086975,0.2838379442691803,0.2998785674571991,0.29994267225265503
1785545391060162700,138597410,0.28697025775909424,0.2854989767074585,0.3033631443977356,0.3018924295902252
1785545391071457600,138597410,0.28697025775909424,0.2854989767074585,0.3033631443977356,0.3018924295902252
1785545391080860800,138611223,0.2843654155731201,0.28430789709091187,0.30692529678344727,0.30686867237091064
1785545391092019800,138630773,0.28869450092315674,0.29018494486808777,0.305745929479599,0.3072371780872345
1785545391103650100,138630773,0.28869450092315674,0.29018494486808777,0.305745929479599,0.3072371780872345
1785545391114309300,138644788,0.2922097146511078,0.29277166724205017,0.3061068654060364,0.3066692650318146
1785545391123923200,138644788,0.2922097146511078,0.29277166724205017,0.3061068654060364,0.3066692650318146
1785545391135587000,138664048,0.29526105523109436,0.29499921202659607,0.30781233310699463,0.3075505197048187
1785545391145239300,138677861,0.2974480986595154,0.29648545384407043,0.3089006245136261,0.30793777108192444
1785545391156016200,138677861,0.2974480986595154,0.29648545384407043,0.3089006245136261,0.30793777108192444
1785545391168531700,138697551,0.29818546772003174,0.2995237112045288,0.30938205122947693,0.3107199966907501
1785545391178546400,138711309,0.29827314615249634,0.2990148365497589,0.31151869893074036,0.3122601807117462
1785545391187955400,138711309,0.29827314615249634,0.2990148365497589,0.31151869893074036,0.3122601807117462
1785545391198864600,138730756,0.3004951775074005,0.30074170231819153,0.3120552897453308,0.31230178475379944
1785545391210037600,138744683,0.3018185496330261,0.3031124770641327,0.3115726411342621,0.3128666579723358
1785545391221571500,138744683,0.3018185496330261,0.3031124770641327,0.3115726411342621,0.3128666579723358
1785545391230991700,138764111,0.3042452037334442,0.3058241903781891,0.31224900484085083,0.3138280212879181
1785545391242159100,138777857,0.30656617879867554,0.3069910705089569,0.3131937086582184,0.3136186897754669
1785545391253381000,138777857,0.30656617879867554,0.3069910705089569,0.3131937086582184,0.3136186897754669
1785545391264713700,138797444,0.3071002662181854,0.30878904461860657,0.31414031982421875,0.3158291280269623
1785545391275776100,138811178,0.30680111050605774,0.3089055120944977,0.3152923882007599,0.31739678978919983
1785545391287000900,138811178,0.30680111050605774,0.3089055120944977,0.3152923882007599,0.31739678978919983
1785545391298282500,138830750,0.30768707394599915,0.30928683280944824,0.316611647605896,0.3182113766670227
1785545391311148100,138844517,0.31036505103111267,0.3107818067073822,0.31643199920654297,0.3168486952781677
1785545391320582900,138844517,0.31036505103111267,0.3107818067073822,0.31643199920654297,0.3168486952781677
1785545391331800900,138864114,0.31321361660957336,0.3131328523159027,0.3163626790046692,0.31628182530403137
1785545391344789600,138878126,0.3384089469909668,0.3383606970310211,0.2922013998031616,0.29215317964553833
1785545391354096700,138878126,0.3384089469909668,0.3383606970310211,0.2922013998031616,0.29215317964553833
1785545391364889300,138897352,0.3575610816478729,0.3579980134963989,0.27454352378845215,0.27498048543930054
1785545391376211400,138911203,0.3430284857749939,0.34461909532546997,0.2888498604297638,0.29044055938720703
1785545391387222000,138911203,0.3430284857749939,0.34461909532546997,0.2888498604297638,0.29044055938720703
1785545391400042000,138930703,0.3548603355884552,0.3561585247516632,0.2778358459472656,0.2791340947151184
1785545391409647300,138944521,0.36943182349205017,0.3702823221683502,0.262087881565094,0.2629384398460388
1785545391420383500,138944521,0.36943182349205017,0.3702823221683502,0.262087881565094,0.2629384398460388
1785545391433093800,138964262,0.350637286901474,0.34996578097343445,0.27425748109817505,0.2735860049724579
1785545391441540400,138977922,0.33822041749954224,0.3382442593574524,0.27958017587661743,0.2796040177345276
1785545391452865900,138977922,0.33822041749954224,0.3382442593574524,0.27958017587661743,0.2796040177345276
1785545391463723100,138997593,0.32712286710739136,0.32750949263572693,0.2794491648674011,0.2798357605934143
1785545391475100200,139011235,0.32986804842948914,0.3299390375614166,0.2721138298511505,0.272184818983078
1785545391488173200,139011235,0.32986804842948914,0.3299390375614166,0.2721138298511505,0.272184818983078
1785545391499573200,139030832,0.3265426754951477,0.3264571726322174,0.26799488067626953,0.2679094076156616
1785545391509061400,139044517,0.31927433609962463,0.31966105103492737,0.2686695456504822,0.2690562307834625
1785545391520192100,139044517,0.31927433609962463,0.31966105103492737,0.2686695456504822,0.2690562307834625
1785545391531103100,139064102,0.30687564611434937,0.30764147639274597,0.2703002691268921,0.2710660994052887
1785545391542400100,139077821,0.3038448989391327,0.3051430881023407,0.2668030560016632,0.2681012749671936
1785545391553641100,139077821,0.3038448989391327,0.3051430881023407,0.2668030560016632,0.2681012749671936
1785545391564597100,139097494,0.30079391598701477,0.30148205161094666,0.2631034255027771,0.2637915313243866
1785545391577450200,139111173,0.30208706855773926,0.30244180560112,0.25878623127937317,0.2591409385204315
1785545391586992500,139111173,0.30208706855773926,0.30244180560112,0.25878623127937317,0.2591409385204315
1785545391599686300,139130810,0.2989599108695984,0.29868483543395996,0.2583717703819275,0.25809675455093384
1785545391609038600,139144538,0.294046550989151,0.29394498467445374,0.26020681858062744,0.26010528206825256
1785545391619305800,139144538,0.294046550989151,0.29394498467445374,0.26020681858062744,0.26010528206825256
1785545391630509200,139164141,0.2872775197029114,0.28731390833854675,0.2622785270214081,0.26231494545936584
1785545391641625600,139178044,0.286312997341156,0.2860228419303894,0.2609613537788391,0.2606712281703949
1785545391652713300,139178044,0.286312997341156,0.2860228419303894,0.2609613537788391,0.2606712281703949
1785545391665344900,139197566,0.28411105275154114,0.28410571813583374,0.25861966609954834,0.25861433148384094
1785545391675362500,139211346,0.28488004207611084,0.2853373885154724,0.2554031014442444,0.25586047768592834
1785545391684907700,139211346,0.28488004207611084,0.2853373885154724,0.2554031014442444,0.25586047768592834
1785545391695907600,139230767,0.2812947630882263,0.28129589557647705,0.25381821393966675,0.2538193166255951
1785545391707135900,139244495,0.27593114972114563,0.2756693959236145,0.2524400055408478,0.25217825174331665
1785545391717421800,139244495,0.27593114972114563,0.2756693959236145,0.2524400055408478,0.25217825174331665
1785545391730167900,139264018,0.26556602120399475,0.2657928466796875,0.24819974601268768,0.24842657148838043
1785545391738720100,139264018,0.26556602120399475,0.2657928466796875,0.24819974601268768,0.24842657148838043
1785545391749753900,139278249,0.26069727540016174,0.26114553213119507,0.23990270495414734,0.24035096168518066
1785545391760644900,139297417,0.24965298175811768,0.2494434118270874,0.23266568779945374,0.23245611786842346
1785545391770232400,139297417,0.24965298175811768,0.2494434118270874,0.23266568779945374,0.23245611786842346
1785545391781664600,139311470,0.24618873000144958,0.24597933888435364,0.22702060639858246,0.2268112152814865
1785545391792971900,139330770,0.23808768391609192,0.23795562982559204,0.21916314959526062,0.21903109550476074
1785545391804167500,139330770,0.23808768391609192,0.23795562982559204,0.21916314959526062,0.21903109550476074
1785545391815718900,139344496,0.2302505522966385,0.2301851212978363,0.21341435611248016,0.21334892511367798
1785545391826689000,139364088,0.21809159219264984,0.2180124670267105,0.2053179144859314,0.20523880422115326
1785545391836341100,139364088,0.21809159219264984,0.2180124670267105,0.2053179144859314,0.20523880422115326
1785545391847429500,139377811,0.2101476788520813,0.21018663048744202,0.19770993292331696,0.19774888455867767
1785545391858581500,139397409,0.1991640329360962,0.19928410649299622,0.1866450160741806,0.18676510453224182
1785545391869675500,139397409,0.1991640329360962,0.19928410649299622,0.1866450160741806,0.18676510453224182
1785545391880659200,139411161,0.19500499963760376,0.19507429003715515,0.1807757467031479,0.18084506690502167
1785545391891823500,139430852,0.18644988536834717,0.18645095825195312,0.17226269841194153,0.17226377129554749
1785545391902920900,139430852,0.18644988536834717,0.18645095825195312,0.17226269841194153,0.17226377129554749
1785545391914190200,139444468,0.17945607006549835,0.17943717539310455,0.16677658259868622,0.1667577028274536
1785545391923617300,139444468,0.17945607006549835,0.17943717539310455,0.16677658259868622,0.1667577028274536
1785545391935346900,139464110,0.17008936405181885,0.17006586492061615,0.16059456765651703,0.16057106852531433
1785545391944882400,139478187,0.16528551280498505,0.16526579856872559,0.15637478232383728,0.15635505318641663
1785545391956193000,139478187,0.16528551280498505,0.16526579856872559,0.15637478232383728,0.15635505318641663
1785545391965498300,139497410,0.1610710322856903,0.16105709969997406,0.15243440866470337,0.15242049098014832
1785545391975593000,139511598,0.15958963334560394,0.15957702696323395,0.1499786227941513,0.1499660164117813
1785545391988247300,139511598,0.15958963334560394,0.15957702696323395,0.1499786227941513,0.1499660164117813
1785545391999344800,139530818,0.20260459184646606,0.20259235799312592,0.19332413375377655,0.1933119148015976
1785545392008878100,139544492,0.19545646011829376,0.19545190036296844,0.2414323389530182,0.24142779409885406
1785545392019279500,139544492,0.19545646011829376,0.19545190036296844,0.2414323389530182,0.24142779409885406
1785545392030369200,139564009,0.18796874582767487,0.1873524785041809,0.2867024540901184,0.28608617186546326
1785545392041997300,139577808,0.18105684220790863,0.1809198409318924,0.31027907133102417,0.3101421296596527
1785545392054505300,139577808,0.18105684220790863,0.1809198409318924,0.31027907133102417,0.3101421296596527
1785545392063877000,139597357,0.1846180260181427,0.18467146158218384,0.32217076420783997,0.3222242295742035
1785545392075566800,139611134,0.2044462114572525,0.2046958953142166,0.3093451261520386,0.3095948100090027
1785545392086811800,139611134,0.2044462114572525,0.2046958953142166,0.3093451261520386,0.3095948100090027
1785545392096497600,139630833,0.21998752653598785,0.21894170343875885,0.3018330931663513,0.3007872700691223
1785545392107584600,139644581,0.26142165064811707,0.26031190156936646,0.2645869851112366,0.2634772062301636
1785545392118619300,139644581,0.26142165064811707,0.26031190156936646,0.2645869851112366,0.2634772062301636
1785545392129809100,139664047,0.2887190580368042,0.28879594802856445,0.24179638922214508,0.24187327921390533
1785545392140725000,139677802,0.2993559241294861,0.29967236518859863,0.23648160696029663,0.23679803311824799
1785545392153258800,139677802,0.2993559241294861,0.29967236518859863,0.23648160696029663,0.23679803311824799
1785545392163126900,139697314,0.31339094042778015,0.31409433484077454,0.2327631562948227,0.23346655070781708
1785545392174291000,139711140,0.29877400398254395,0.2991034686565399,0.2527155876159668,0.25304505228996277
1785545392183750300,139711140,0.29877400398254395,0.2991034686565399,0.2527155876159668,0.25304505228996277
1785545392194904400,139730691,0.2966230511665344,0.29649269580841064,0.26746922731399536,0.26733890175819397
1785545392204138800,139730691,0.2966230511665344,0.29649269580841064,0.26746922731399536,0.26733890175819397
1785545392215358000,139744481,0.29851222038269043,0.29808130860328674,0.27756550908088684,0.27713465690612793
1785545392226629700,139764008,0.3052736222743988,0.3045012354850769,0.2896972596645355,0.2889249324798584
1785545392237971000,139764008,0.3052736222743988,0.3045012354850769,0.2896972596645355,0.2889249324798584
1785545392249067900,139777796,0.3128499686717987,0.31333598494529724,0.2956360876560211,0.29612216353416443
1785545392260082200,139797295,0.32336828112602234,0.32397815585136414,0.3061838448047638,0.3067937195301056
1785545392270904200,139797295,0.32336828112602234,0.32397815585136414,0.3061838448047638,0.3067937195301056
1785545392280467500,139811137,0.3293010890483856,0.329527348279953,0.31043606996536255,0.31066232919692993
1785545392291500100,139830540,0.3313794434070587,0.33183953166007996,0.31471946835517883,0.3151795566082001
1785545392302461100,139830755,0.3366929888725281,0.336942583322525,0.319877564907074,0.3201271593570709
1785545392313666400,139844476,0.34312793612480164,0.3431154787540436,0.32774287462234497,0.3277304470539093
1785545392323350300,139844476,0.34312793612480164,0.3431154787540436,0.32774287462234497,0.3277304470539093
1785545392334042500,139863998,0.3511759042739868,0.35026970505714417,0.34101206064224243,0.3401058316230774
1785545392344829300,139877808,0.36003607511520386,0.35926660895347595,0.34767404198646545,0.3469045162200928
1785545392354472400,139877808,0.36003607511520386,0.35926660895347595,0.34767404198646545,0.3469045162200928
1785545392367095500,139897386,0.3691873550415039,0.36919960379600525,0.3598750829696655,0.35988736152648926
1785545392377336000,139911132,0.37519848346710205,0.37531721591949463,0.3639419376850128,0.36406075954437256
1785545392388507000,139911132,0.37519848346710205,0.37531721591949463,0.3639419376850128,0.36406075954437256
1785545392401191900,139930657,0.38346531987190247,0.3831038773059845,0.3733767867088318,0.3730154037475586
1785545392410839500,139944495,0.3894175589084625,0.38927292823791504,0.38120055198669434,0.3810559809207916
1785545392421920300,139944495,0.3894175589084625,0.38927292823791504,0.38120055198669434,0.3810559809207916
1785545392433424100,139964014,0.39840394258499146,0.3984295427799225,0.3927951753139496,0.3928207755088806
1785545392443603200,139977796,0.4063566327095032,0.4063915014266968,0.4004349112510681,0.40046975016593933
1785545392454411100,139977796,0.4063566327095032,0.4063915014266968,0.4004349112510681,0.40046975016593933
1785545392465444400,139997402,0.417484313249588,0.41748231649398804,0.4115391969680786,0.41153714060783386
1785545392477004800,140011122,0.42295458912849426,0.42293691635131836,0.4162423610687256,0.4162245988845825
1785545392487974500,140011122,0.42295458912849426,0.42293691635131836,0.4162423610687256,0.4162245988845825
1785545392499496700,140030653,0.43111541867256165,0.43110331892967224,0.4253010153770447,0.42528894543647766
1785545392510467400,140044442,0.4375135600566864,0.4375074803829193,0.4329267740249634,0.43292075395584106
1785545392521912600,140044442,0.4375135600566864,0.4375074803829193,0.4329267740249634,0.43292075395584106
1785545392532980500,140063946,0.44715481996536255,0.447152316570282,0.444013386964798,0.4440109133720398
1785545392545930400,140077769,0.4551600217819214,0.4551568031311035,0.45171311497688293,0.4517098665237427
1785545392555399500,140077769,0.4551600217819214,0.4551568031311035,0.45171311497688293,0.4517098665237427
1785545392568133000,140097344,0.4662208557128906,0.4662173092365265,0.4627651870250702,0.46276167035102844
1785545392577736700,140111088,0.47151461243629456,0.471510648727417,0.46761706471443176,0.4676130712032318
1785545392588844200,140111088,0.47151461243629456,0.471510648727417,0.46761706471443176,0.4676130712032318
1785545392599933600,140130703,0.4798922538757324,0.479889452457428,0.476556658744812,0.47655385732650757
1785545392610994800,140144561,0.4862508177757263,0.4862498641014099,0.48421648144721985,0.48421555757522583
1785545392622008900,140144561,0.4862508177757263,0.4862498641014099,0.48421648144721985,0.48421555757522583
1785545392633154500,140164014,0.49658048152923584,0.4965795576572418,0.4945361912250519,0.49453526735305786
1785545392643384000,140178047,0.5045309066772461,0.5045297741889954,0.5023203492164612,0.5023192167282104
1785545392654086600,140178047,0.5045309066772461,0.5045297741889954,0.5023203492164612,0.5023192167282104
1785545392663816500,140197305,0.515443742275238,0.5154429078102112,0.5134308934211731,0.513430118560791
1785545392675552500,140211102,0.5207124948501587,0.5207118391990662,0.5184717178344727,0.5184710621833801
1785545392685196500,140211102,0.5207124948501587,0.5207118391990662,0.5184717178344727,0.5184710621833801
1785545392696522600,140230730,0.5291953682899475,0.5291950106620789,0.5272500514984131,0.5272496938705444
1785545392707313100,140244451,0.5359883308410645,0.5359883308410645,0.534446120262146,0.534446120262146
1785545392718532600,140244451,0.5359883308410645,0.5359883308410645,0.534446120262146,0.534446120262146
1785545392729770300,140264012,0.5460611581802368,0.5460615754127502,0.5450090169906616,0.545009434223175
1785545392740693400,140277773,0.55398029088974,0.5539806485176086,0.5527981519699097,0.5527985095977783
1785545392750327200,140277773,0.55398029088974,0.5539806485176086,0.5527981519699097,0.5527985095977783
1785545392761870200,140297319,0.5650803446769714,0.5650807023048401,0.5638946890830994,0.5638951063156128
1785545392773018400,140311092,0.5679348707199097,0.5679352879524231,0.5666606426239014,0.5666610598564148
1785545392782585600,140311172,0.5703109502792358,0.5703114867210388,0.5689665675163269,0.5689670443534851
1785545392793587700,140330647,0.5778681635856628,0.5778687596321106,0.5767171382904053,0.5767178535461426
1785545392803319600,140330647,0.5778681635856628,0.5778687596321106,0.5767171382904053,0.5767178535461426
1785545392814465900,140344528,0.6032297015190125,0.6032304167747498,0.5616823434829712,0.561683177947998
1785545392823849700,140344528,0.6032297015190125,0.6032304167747498,0.5616823434829712,0.561683177947998
1785545392835286600,140364018,0.6151241660118103,0.6151248812675476,0.5612682104110718,0.5612690448760986
1785545392846426800,140377763,0.623729407787323,0.6237302422523499,0.5582472681999207,0.5582481026649475
1785545392857663400,140377763,0.623729407787323,0.6237302422523499,0.5582472681999207,0.5582481026649475
1785545392868970600,140397318,0.4955841600894928,0.4955853223800659,0.42659926414489746,0.4266003966331482
1785545392880044700,140411115,0.4285963773727417,0.4285975992679596,0.37408825755119324,0.37408944964408875
1785545392889573600,140411115,0.4285963773727417,0.4285975992679596,0.37408825755119324,0.37408944964408875
1785545392900394700,140430761,0.37686213850975037,0.37686342000961304,0.31700894236564636,0.31701019406318665
1785545392911685400,140444425,0.34956809878349304,0.3495694398880005,0.29520541429519653,0.295206755399704
1785545392921547200,140444425,0.34956809878349304,0.3495694398880005,0.29520541429519653,0.295206755399704
1785545392932698300,140463989,0.32257187366485596,0.322573184967041,0.279155433177948,0.27915674448013306
1785545392943717000,140477770,0.314972460269928,0.3149738609790802,0.26772794127464294,0.26772937178611755
1785545392955486500,140477770,0.314972460269928,0.3149738609790802,0.26772794127464294,0.26772937178611755
1785545392964901600,140497332,0.3082144260406494,0.3082159161567688,0.2587355375289917,0.25873705744743347
1785545392976167200,140511130,0.3080733120441437,0.3080750107765198,0.2516463100910187,0.2516480088233948
1785545392987329700,140511130,0.3080733120441437,0.3080750107765198,0.2516463100910187,0.2516480088233948
1785545393000101300,140530752,0.30344703793525696,0.30344879627227783,0.25078731775283813,0.2507890462875366
1785545393009633500,140544488,0.29860228300094604,0.29860392212867737,0.25439006090164185,0.25439170002937317
1785545393020282500,140544488,0.29860228300094604,0.29860392212867737,0.25439006090164185,0.25439170002937317
1785545393031104500,140563962,0.29323041439056396,0.2932317852973938,0.2618379294872284,0.26183927059173584
1785545393042573500,140577778,0.2944210171699524,0.2944223880767822,0.2627068758010864,0.26270824670791626
1785545393053598300,140577778,0.2944210171699524,0.2944223880767822,0.2627068758010864,0.26270824670791626
1785545393064595100,140597376,0.2966596186161041,0.29666104912757874,0.2642398774623871,0.2642412483692169
1785545393075791500,140611106,0.29980963468551636,0.2998111844062805,0.2628222405910492,0.26282376050949097
1785545393086903600,140611106,0.29980963468551636,0.2998111844062805,0.2628222405910492,0.26282376050949097
1785545393098242900,140630646,0.2998080849647522,0.29980960488319397,0.2657020092010498,0.2657035291194916
1785545393109544400,140644412,0.2981870472431183,0.2981884181499481,0.27000340819358826,0.2700048089027405
1785545393120175100,140644412,0.2981870472431183,0.2981884181499481,0.27000340819358826,0.2700048089027405
1785545393131389900,140663958,0.2967177927494049,0.29671889543533325,0.2770776152610779,0.277078777551651
1785545393141615700,140677750,0.298641175031662,0.29864227771759033,0.27876847982406616,0.2787696123123169
1785545393152270100,140677750,0.298641175031662,0.29864227771759033,0.27876847982406616,0.2787696123123169
1785545393163354500,140697274,0.3013383150100708,0.30133944749832153,0.2810594141483307,0.28106048703193665
1785545393175112400,140711146,0.3039407432079315,0.3039419949054718,0.2807660698890686,0.2807672917842865
1785545393184632000,140711146,0.3039407432079315,0.3039419949054718,0.2807660698890686,0.2807672917842865
1785545393195743800,140730630,0.30452796816825867,0.3045291602611542,0.28339046239852905,0.28339165449142456
1785545393205182700,140730630,0.30452796816825867,0.3045291602611542,0.28339046239852905,0.28339165449142456
1785545393216624000,140744443,0.30391401052474976,0.3039150834083557,0.28664499521255493,0.2866460680961609
1785545393226221600,140763933,0.3037412762641907,0.30374211072921753,0.2917996644973755,0.29180046916007996
1785545393237533900,140763933,0.3037412762641907,0.30374211072921753,0.2917996644973755,0.29180046916007996
1785545393249283800,140777749,0.305418998003006,0.3054198622703552,0.2932409346103668,0.29324179887771606
1785545393260129500,140797301,0.3076283931732178,0.30762919783592224,0.29519110918045044,0.2951919734477997
1785545393271285000,140797301,0.3076283931732178,0.30762919783592224,0.29519110918045044,0.2951919734477997
1785545393280747600,140811098,0.3094465136528015,0.30944743752479553,0.29528510570526123,0.29528605937957764
1785545393291982700,140830787,0.3100936710834503,0.31009456515312195,0.29724255204200745,0.29724347591400146
1785545393303488600,140830787,0.3100936710834503,0.31009456515312195,0.29724255204200745,0.29724347591400146
1785545393313963900,140844397,0.30934321880340576,0.30934393405914307,0.30065229535102844,0.30065295100212097
1785545393325537600,140864186,0.31055396795272827,0.3105545938014984,0.3030041754245758,0.30300477147102356
1785545393337149500,140864186,0.31055396795272827,0.3105545938014984,0.3030041754245758,0.30300477147102356
1785545393348225300,140877761,0.31178444623947144,0.31178510189056396,0.3039441704750061,0.30394482612609863
1785545393359740400,140897360,0.3131152391433716,0.31311583518981934,0.30553385615348816,0.3055344521999359
1785545393370711300,140897360,0.3131152391433716,0.31311583518981934,0.30553385615348816,0.3055344521999359
1785545393380664600,140911340,0.31421560049057007,0.314216285943985,0.30578261613845825,0.30578333139419556
1785545393392815000,140911340,0.31421560049057007,0.314216285943985,0.30578261613845825,0.30578333139419556
1785545393402234900,140931246,0.3147532343864441,0.3147538900375366,0.3070949912071228,0.3070956766605377
1785545393413278900,140944606,0.31475183367729187,0.31475239992141724,0.30847522616386414,0.3084757924079895
1785545393423797700,140944606,0.31475183367729187,0.31475239992141724,0.30847522616386414,0.3084757924079895
1785545393435453400,140964156,0.31538116931915283,0.31538164615631104,0.30971580743789673,0.3097163140773773
1785545393445027000,140977859,0.31543034315109253,0.3154306709766388,0.3114672303199768,0.31146761775016785
1785545393455348800,140977859,0.31543034315109253,0.3154306709766388,0.3114672303199768,0.31146761775016785
1785545393465638300,140997283,0.31646209955215454,0.3164624273777008,0.312759667634964,0.31276005506515503
1785545393477106400,141011193,0.31750303506851196,0.3175034821033478,0.31279152631759644,0.31279197335243225
1785545393488328000,141011193,0.31750303506851196,0.3175034821033478,0.31279152631759644,0.31279197335243225
1785545393499210800,141030722,0.31812188029289246,0.31812238693237305,0.313564658164978,0.31356510519981384
1785545393510100200,141044495,0.3182052969932556,0.31820568442344666,0.3145052492618561,0.31450557708740234
1785545393521331800,141044495,0.3182052969932556,0.31820568442344666,0.3145052492618561,0.31450557708740234
1785545393532172900,141063881,0.3184159994125366,0.3184162676334381,0.31604084372520447,0.31604111194610596
1785545393541638000,141077735,0.3189552426338196,0.3189554810523987,0.3165552318096161,0.3165555000305176
1785545393552649100,141077735,0.3189552426338196,0.3189554810523987,0.3165552318096161,0.3165555000305176
1785545393565242600,141097342,0.31966182589530945,0.3196621239185333,0.31718870997428894,0.3171890676021576
1785545393575215700,141111045,0.3201611340045929,0.3201614320278168,0.3173087239265442,0.31730908155441284
1785545393583868000,141111045,0.3201611340045929,0.3201614320278168,0.3173087239265442,0.31730908155441284
1785545393595122400,141130726,0.3204290568828583,0.32042932510375977,0.31784674525260925,0.31784701347351074
1785545393606369700,141144410,0.32037296891212463,0.32037320733070374,0.31866854429244995,0.31866875290870667
1785545393617935000,141144410,0.32037296891212463,0.32037320733070374,0.31866854429244995,0.31866875290870667
1785545393629184600,141164113,0.32072028517723083,0.32072046399116516,0.3193095028400421,0.31930968165397644
1785545393640236400,141177736,0.3210511803627014,0.32105138897895813,0.3195701837539673,0.319570392370224
1785545393652817900,141177736,0.3210511803627014,0.32105138897895813,0.3195701837539673,0.319570392370224
1785545393661821400,141197788,0.32142046093940735,0.3214206397533417,0.31998327374458313,0.31998348236083984
1785545393673026700,141211143,0.3216741383075714,0.3216743469238281,0.32007071375846863,0.32007095217704773
1785545393682533200,141211143,0.3216741383075714,0.3216743469238281,0.32007071375846863,0.32007095217704773
1785545393693627300,141231010,0.32182732224464417,0.3218275308609009,0.3203851878643036,0.3203853666782379
1785545393706176100,141231010,0.32182732224464417,0.3218275308609009,0.3203851878643036,0.3203853666782379
1785545393715734800,141244443,0.32180100679397583,0.32180118560791016,0.32085293531417847,0.320853054523468
1785545393725071600,141264196,0.32200393080711365,0.3220040500164032,0.3212316930294037,0.32123178243637085
1785545393736650400,141264196,0.32200393080711365,0.3220040500164032,0.3212316930294037,0.32123178243637085
1785545393747753000,141277979,0.32220232486724854,0.3222024440765381,0.3213827610015869,0.32138288021087646
1785545393758985800,141297515,0.3224122226238251,0.3224123418331146,0.32161790132522583,0.3216180205345154
1785545393770032400,141297515,0.3224122226238251,0.3224123418331146,0.32161790132522583,0.3216180205345154
1785545393781463200,141311331,0.3225606679916382,0.32256078720092773,0.32167649269104004,0.321676641702652
1785545393791118800,141311331,0.3225606679916382,0.32256078720092773,0.32167649269104004,0.321676641702652
1785545393802495100,141331127,0.32264605164527893,0.32264620065689087,0.32185688614845276,0.3218570351600647
1785545393814019500,141344388,0.32266560196876526,0.3226657211780548,0.32204124331474304,0.322041392326355
1785545393825431500,141364062,0.3227211534976959,0.3227212131023407,0.3223353922367096,0.32233548164367676
1785545393836998300,141364062,0.3227211534976959,0.3227212131023407,0.3223353922367096,0.32233548164367676
1785545393848241400,141377716,0.32282859086990356,0.32282865047454834,0.32243573665618896,0.32243579626083374
1785545393858463100,141397416,0.3229663670063019,0.32296645641326904,0.3225623071193695,0.3225623667240143
1785545393871247100,141397416,0.3229663670063019,0.32296645641326904,0.3225623071193695,0.3225623667240143
1785545393880840600,141411049,0.3230586647987366,0.3230587840080261,0.3225913345813751,0.3225914239883423
1785545393890457600,141411049,0.3230586647987366,0.3230587840080261,0.3225913345813751,0.3225914239883423
1785545393902535400,141430692,0.32311075925827026,0.3231108784675598,0.3226945698261261,0.32269465923309326
1785545393912075900,141444387,0.32312124967575073,0.3231213390827179,0.3227989077568054,0.3227989971637726
1785545393921785700,141444387,0.32312124967575073,0.3231213390827179,0.3227989077568054,0.3227989971637726
1785545393933195200,141464044,0.3231508731842041,0.3231508731842041,0.3229611814022064,0.3229612708091736
1785545393943677200,141477726,0.32322317361831665,0.3232232332229614,0.3229770064353943,0.32297712564468384
1785545393955081800,141477726,0.32322317361831665,0.3232232332229614,0.3229770064353943,0.32297712564468384
1785545393966037000,141497500,0.3232688903808594,0.32326894998550415,0.3230842053890228,0.3230842649936676
1785545393975555200,141511067,0.3233168125152588,0.32331687211990356,0.32310599088668823,0.323106050491333
1785545393986589700,141511067,0.3233168125152588,0.32331687211990356,0.32310599088668823,0.323106050491333
1785545393998049800,141530863,0.32335329055786133,0.3233533501625061,0.3231578767299652,0.32315793633461
1785545394009245600,141544442,0.32336241006851196,0.32336246967315674,0.3232114315032959,0.3232114911079407
1785545394020347100,141544442,0.32336241006851196,0.32336246967315674,0.3232114315032959,0.3232114911079407
1785545394031204500,141564444,0.3233892321586609,0.32338932156562805,0.32326212525367737,0.32326215505599976
1785545394042101000,141577775,0.3233968913555145,0.3233969211578369,0.32331958413124084,0.32331958413124084
1785545394053339300,141577775,0.3233968913555145,0.3233969211578369,0.32331958413124084,0.32331958413124084
1785545394064839300,141597562,0.3234311044216156,0.323431134223938,0.32336682081222534,0.32336685061454773
1785545394076167400,141611060,0.3234618306159973,0.3234618604183197,0.32337287068367004,0.3233729302883148
1785545394087158500,141611060,0.3234618306159973,0.3234618604183197,0.32337287068367004,0.3233729302883148
1785545394097530300,141630822,0.3234822154045105,0.3234822154045105,0.3233982026576996,0.32339826226234436
1785545394108426300,141644383,0.323485791683197,0.3234858214855194,0.3234257102012634,0.3234257698059082
1785545394119947100,141644383,0.323485791683197,0.3234858214855194,0.3234257102012634,0.3234257698059082
1785545394130922700,141664179,0.3234928846359253,0.3234929144382477,0.3234666883945465,0.3234666883945465
1785545394140744900,141677713,0.3235057592391968,0.32350578904151917,0.3234807848930359,0.3234807848930359
1785545394153464400,141677713,0.3235057592391968,0.32350578904151917,0.3234807848930359,0.3234807848930359
1785545394164979600,141697317,0.32352229952812195,0.32352232933044434,0.3234969973564148,0.3234969973564148
1785545394174475000,141711149,0.3235323131084442,0.3235323429107666,0.3235020041465759,0.3235020339488983
1785545394187217500,141711149,0.3235323131084442,0.3235323429107666,0.3235020041465759,0.3235020339488983
1785545394197239700,141730691,0.3235377371311188,0.3235377371311188,0.3235146403312683,0.3235146701335907
1785545394209998000,141744464,0.3235384523868561,0.3235384523868561,0.3235260248184204,0.3235260546207428
1785545394219054200,141744464,0.3235384523868561,0.3235384523868561,0.3235260248184204,0.3235260546207428
1785545394230157000,141764064,0.32354092597961426,0.32354095578193665,0.3235415816307068,0.3235416114330292
1785545394241621200,141777802,0.3235454857349396,0.32354551553726196,0.3235470950603485,0.3235470950603485
1785545394252801500,141777802,0.3235454857349396,0.32354551553726196,0.3235470950603485,0.3235470950603485
1785545394265302300,141797305,0.32355114817619324,0.3235511779785156,0.32355278730392456,0.32355281710624695
1785545394275199700,141811298,0.32355397939682007,0.3235539495944977,0.3235552906990051,0.3235552906990051
1785545394285225200,141811298,0.32355397939682007,0.3235539495944977,0.3235552906990051,0.3235552906990051
1785545394296097300,141830612,0.3235551714897156,0.32355523109436035,0.32355985045433044,0.32355988025665283
1785545394307244500,141844412,0.323555052280426,0.323555052280426,0.32356351613998413,0.32356348633766174
1785545394317629200,141844412,0.323555052280426,0.323555052280426,0.32356351613998413,0.32356348633766174
1785545394330316400,141864000,0.32355546951293945,0.32355549931526184,0.3235670030117035,0.3235670030117035
1785545394340386000,141877708,0.32355600595474243,0.32355600595474243,0.32356831431388855,0.32356831431388855
1785545394350354300,141877708,0.32355600595474243,0.32355600595474243,0.32356831431388855,0.32356831431388855
1785545394363335500,141897309,0.3235563337802887,0.3235563635826111,0.323569655418396,0.3235696852207184
1785545394372913500,141911038,0.32355600595474243,0.32355600595474243,0.32357072830200195,0.32357075810432434
1785545394384213400,141911038,0.32355600595474243,0.32355600595474243,0.32357072830200195,0.32357075810432434
1785545394395396500,141930690,0.32355570793151855,0.32355570793151855,0.3235710561275482,0.3235710859298706
1785545394406583800,141944578,0.32355552911758423,0.32355552911758423,0.3235700726509094,0.3235700726509094
1785545394417761900,141944578,0.32355552911758423,0.32355552911758423,0.3235700726509094,0.3235700726509094
1785545394429030100,141963995,0.3235543370246887,0.3235543966293335,0.32356905937194824,0.32356905937194824
1785545394441603200,141977724,0.32355302572250366,0.32355302572250366,0.3235686719417572,0.3235686719417572
1785545394451153300,141977724,0.32355302572250366,0.32355302572250366,0.3235686719417572,0.3235686719417572
1785545394460942100,141997407,0.2989480495452881,0.2989480495452881,0.34817081689834595,0.34817081689834595
1785545394472074900,142011064,0.30616340041160583,0.30616340041160583,0.34095415472984314,0.34095415472984314
1785545394483719200,142011064,0.30616340041160583,0.30616340041160583,0.34095415472984314,0.34095415472984314
1785545394493228500,142030575,0.2910204827785492,0.2910204827785492,0.3560948669910431,0.3560948669910431
1785545394504586200,142030575,0.2910204827785492,0.2910204827785492,0.3560948669910431,0.3560948669910431
1785545394517361200,142044367,0.27468135952949524,0.27468135952949524,0.3715013265609741,0.3715013265609741
1785545394526954600,142063897,0.26643264293670654,0.26643264293670654,0.37416595220565796,0.37416595220565796
1785545394537073600,142063897,0.26643264293670654,0.26643264293670654,0.37416595220565796,0.37416595220565796
1785545394548128300,142077706,0.2762872278690338,0.2762872278690338,0.35921165347099304,0.35921165347099304
1785545394559172800,142097260,0.28524544835090637,0.28524547815322876,0.33990931510925293,0.33990931510925293
1785545394569867900,142097260,0.28524544835090637,0.28524547815322876,0.33990931510925293,0.33990931510925293
1785545394581207000,142111135,0.27993497252464294,0.27993500232696533,0.3404269516468048,0.3404269814491272
1785545394590771600,142111135,0.27993497252464294,0.27993500232696533,0.3404269516468048,0.3404269814491272
1785545394600317300,142130578,0.27658092975616455,0.27658092975616455,0.3376030921936035,0.3376030921936035
1785545394611530500,142144603,0.27777770161628723,0.27777770161628723,0.3304719924926758,0.33047202229499817
1785545394622069400,142144603,0.27777770161628723,0.27777770161628723,0.3304719924926758,0.33047202229499817
1785545394633214100,142163942,0.2792816460132599,0.2792816460132599,0.31798413395881653,0.31798410415649414
1785545394644687900,142177686,0.27333319187164307,0.2733331620693207,0.3130936026573181,0.3130935728549957
1785545394655630900,142177686,0.27333319187164307,0.2733331620693207,0.3130936026573181,0.3130935728549957
1785545394665354300,142197231,0.263603538274765,0.263603538274765,0.3050738573074341,0.3050738573074341
1785545394676876500,142211064,0.2562631368637085,0.2562631368637085,0.30421435832977295,0.30421438813209534
1785545394688263500,142211064,0.2562631368637085,0.2562631368637085,0.30421435832977295,0.30421438813209534
1785545394699706200,142230785,0.24986179172992706,0.24986179172992706,0.29503554105758667,0.29503554105758667
1785545394710068900,142244354,0.2467983365058899,0.2467983365058899,0.28507333993911743,0.28507333993911743
1785545394721346100,142244354,0.2467983365058899,0.2467983365058899,0.28507333993911743,0.28507333993911743
1785545394730908700,142263926,0.2378254383802414,0.2378254532814026,0.2741011381149292,0.2741011381149292
1785545394741517800,142277717,0.234873965382576,0.23487398028373718,0.26173660159111023,0.26173660159111023
1785545394750992500,142277717,0.234873965382576,0.23487398028373718,0.26173660159111023,0.26173660159111023
1785545394762291200,142297271,0.22411970794200897,0.22411970794200897,0.2506217360496521,0.2506217360496521
1785545394773415500,142311028,0.2159453183412552,0.2159452885389328,0.24871611595153809,0.24871613085269928
1785545394783789200,142311028,0.2159453183412552,0.2159452885389328,0.24871611595153809,0.24871613085269928
1785545394795440200,142330561,0.20719049870967865,0.20719049870967865,0.24030999839305878,0.24031002819538116
1785545394804983900,142330561,0.20719049870967865,0.20719049870967865,0.24030999839305878,0.24031002819538116
1785545394815794400,142344572,0.2041957527399063,0.2041957527399063,0.2290707230567932,0.2290707379579544
1785545394826995700,142363924,0.19540725648403168,0.19540725648403168,0.21735630929470062,0.21735630929470062
1785545394837068300,142363924,0.19540725648403168,0.19540725648403168,0.21735630929470062,0.21735630929470062
1785545394847815100,142377725,0.18755397200584412,0.18755397200584412,0.20955859124660492,0.20955857634544373
1785545394859021000,142397268,0.17650043964385986,0.17650043964385986,0.19850768148899078,0.1985076665878296
1785545394870011800,142397268,0.17650043964385986,0.17650043964385986,0.19850768148899078,0.1985076665878296
1785545394880410700,142411297,0.16994309425354004,0.16994310915470123,0.19473950564861298,0.19473950564861298
1785545394891551500,142411297,0.16994309425354004,0.16994310915470123,0.19473950564861298,0.19473950564861298
1785545394900977100,142430627,0.16179797053337097,0.16179797053337097,0.18590271472930908,0.18590271472930908
1785545394912057400,142444355,0.1563025563955307,0.1563025563955307,0.17747832834720612,0.17747832834720612
1785545394921797300,142444355,0.1563025563955307,0.1563025563955307,0.17747832834720612,0.17747832834720612
1785545394933032500,142463888,0.14855727553367615,0.14855727553367615,0.1644018143415451,0.1644018143415451
1785545394944299400,142477702,0.1409626007080078,0.1409626007080078,0.1562364548444748,0.1562364548444748
1785545394955269900,142477702,0.1409626007080078,0.1409626007080078,0.1562364548444748,0.1562364548444748
1785545394966460700,142497647,0.13072679936885834,0.13072679936885834,0.1460864543914795,0.1460864543914795
1785545394977562500,142511084,0.1251106709241867,0.1251106709241867,0.14251790940761566,0.14251790940761566
1785545394988430500,142511084,0.1251106709241867,0.1251106709241867,0.14251790940761566,0.14251790940761566
1785545395001538200,142530711,0.11867603659629822,0.11867604404687881,0.13621827960014343,0.13621827960014343
1785545395010977500,142544377,0.11578211933374405,0.11578212678432465,0.1316288411617279,0.1316288411617279
1785545395022014200,142544377,0.11578211933374405,0.11578212678432465,0.1316288411617279,0.1316288411617279
1785545395033254200,142564069,0.11218083649873734,0.11218083649873734,0.12421713024377823,0.12421713024377823
1785545395044875200,142577710,0.10780152678489685,0.10780151933431625,0.11896050721406937,0.11896049976348877
1785545395054569500,142577710,0.10780152678489685,0.10780151933431625,0.11896050721406937,0.11896049976348877
1785545395064267600,142597225,0.09963850677013397,0.09963849931955338,0.1102498471736908,0.1102498471736908
1785545395075454400,142611051,0.09519151598215103,0.09519150853157043,0.10689640045166016,0.10689640045166016
1785545395086508900,142611051,0.09519151598215103,0.09519150853157043,0.10689640045166016,0.10689640045166016
1785545395097356400,142630545,0.08767633140087128,0.08767632395029068,0.09949243813753128,0.09949244558811188
1785545395108442800,142644337,0.08165910094976425,0.08165910094976425,0.09245210140943527,0.09245210140943527
1785545395119996400,142644337,0.08165910094976425,0.08165910094976425,0.09245210140943527,0.09245210140943527
1785545395130815900,142664045,0.07397336512804031,0.07397338002920151,0.08228729665279388,0.08228729665279388
1785545395140419600,142677693,0.068632572889328,0.0686325877904892,0.07622053474187851,0.07622052729129791
1785545395151996800,142677693,0.068632572889328,0.0686325877904892,0.07622053474187851,0.07622052729129791
1785545395163477200,142697223,0.06262088567018509,0.06262090057134628,0.06964226812124252,0.06964226812124252
1785545395174561100,142711004,0.05944499745965004,0.05944499745965004,0.06700922548770905,0.06700922548770905
1785545395184093000,142711004,0.05944499745965004,0.05944499745965004,0.06700922548770905,0.06700922548770905
1785545395194903600,142730642,0.05665592849254608,0.05665592476725578,0.0641997754573822,0.0641997754573822
1785545395206088500,142744359,0.11951357126235962,0.11951357126235962,0.1257273554801941,0.1257273554801941
1785545395217243700,142744359,0.11951357126235962,0.11951357126235962,0.1257273554801941,0.1257273554801941
1785545395228295500,142763889,0.1770820915699005,0.17708207666873932,0.18167665600776672,0.18167665600776672
1785545395239847800,142777843,0.20390215516090393,0.20390214025974274,0.20764991641044617,0.20764991641044617
1785545395250776600,142777843,0.20390215516090393,0.20390214025974274,0.20764991641044617,0.20764991641044617
1785545395261511600,142797249,0.2277836948633194,0.2277836948633194,0.23067323863506317,0.23067323863506317
1785545395270858900,142797249,0.2277836948633194,0.2277836948633194,0.23067323863506317,0.23067323863506317
1785545395281980400,142811013,0.23863264918327332,0.2386326640844345,0.24161745607852936,0.24161745607852936
1785545395293023100,142830664,0.24870304763317108,0.24870304763317108,0.25145217776298523,0.25145217776298523
1785545395303981400,142830664,0.24870304763317108,0.24870304763317108,0.25145217776298523,0.25145217776298523
1785545395315501900,142844364,0.2534729540348053,0.2534729540348053,0.2557425796985626,0.2557425796985626
1785545395325131800,142863895,0.2580384612083435,0.2580384612083435,0.259465754032135,0.259465754032135
1785545395336759500,142863895,0.2580384612083435,0.2580384612083435,0.259465754032135,0.259465754032135
1785545395349488100,142878007,0.2598797678947449,0.2598797678947449,0.2615169286727905,0.2615169286727905
1785545395358877700,142897491,0.26176854968070984,0.26176854968070984,0.2630508840084076,0.2630508840084076
1785545395369864200,142897491,0.26176854968070984,0.26176854968070984,0.2630508840084076,0.2630508840084076
1785545395381070500,142911002,0.262477844953537,0.262477844953537,0.26389941573143005,0.26389941573143005
1785545395390629500,142911002,0.262477844953537,0.262477844953537,0.26389941573143005,0.26389941573143005
1785545395400356400,142930764,0.26323628425598145,0.26323628425598145,0.26459118723869324,0.26459118723869324
1785545395411557000,142944356,0.23786523938179016,0.23786523938179016,0.29062420129776,0.29062420129776
1785545395421330700,142944356,0.23786523938179016,0.23786523938179016,0.29062420129776,0.29062420129776
1785545395432245500,142963932,0.21746934950351715,0.21746934950351715,0.3116253614425659,0.3116253614425659
1785545395443212100,142977686,0.2047083079814911,0.2047083079814911,0.3246612846851349,0.3246612846851349
1785545395454047700,142977686,0.2047083079814911,0.2047083079814911,0.3246612846851349,0.3246612846851349
1785545395463801900,142997446,0.2002248615026474,0.2002248913049698,0.3294311463832855,0.3294311463832855
1785545395475465700,143011002,0.21411529183387756,0.21411529183387756,0.31566908955574036,0.31566908955574036
1785545395485055000,143011002,0.21411529183387756,0.21411529183387756,0.31566908955574036,0.31566908955574036
1785545395496113500,143030569,0.22379766404628754,0.22379766404628754,0.30622681975364685,0.30622678995132446
1785545395507314000,143044354,0.23725643754005432,0.23725645244121552,0.2937484383583069,0.2937484085559845
1785545395518382200,143044354,0.23725643754005432,0.23725645244121552,0.2937484383583069,0.2937484085559845
1785545395531267800,143063880,0.24074684083461761,0.24074684083461761,0.2924027144908905,0.2924027144908905
1785545395540884000,143077678,0.24019335210323334,0.24019333720207214,0.2947423756122589,0.2947423756122589
1785545395550489200,143077678,0.24019335210323334,0.24019333720207214,0.2947423756122589,0.2947423756122589
1785545395561623500,143097260,0.24179157614707947,0.24179157614707947,0.29629817605018616,0.29629820585250854
1785545395572826700,143111028,0.23958106338977814,0.23958106338977814,0.29995521903038025,0.29995521903038025
1785545395583711000,143111028,0.23958106338977814,0.23958106338977814,0.29995521903038025,0.29995521903038025
1785545395594442400,143130597,0.24934953451156616,0.24934953451156616,0.2943434417247772,0.29434341192245483
1785545395605440500,143144333,0.24852663278579712,0.24852663278579712,0.29707542061805725,0.29707542061805725
1785545395615801600,143144333,0.24852663278579712,0.24852663278579712,0.29707542061805725,0.29707542061805725
1785545395627009200,143163924,0.2569119930267334,0.2569119930267334,0.2936398684978485,0.2936398684978485
1785545395637268700,143163924,0.2569119930267334,0.2569119930267334,0.2936398684978485,0.2936398684978485
1785545395648294900,143177672,0.25943922996520996,0.2594392001628876,0.29444774985313416,0.29444774985313416
1785545395659909200,143197219,0.26276499032974243,0.26276499032974243,0.29609477519989014,0.29609477519989014
1785545395670936800,143197219,0.26276499032974243,0.26276499032974243,0.29609477519989014,0.29609477519989014
1785545395680541700,143211002,0.26175546646118164,0.26175549626350403,0.2993970811367035,0.2993970811367035
1785545395693275700,143230615,0.2647806704044342,0.2647806704044342,0.2998028099536896,0.2998028099536896
1785545395704708500,143230615,0.2647806704044342,0.2647806704044342,0.2998028099536896,0.2998028099536896
1785545395714049400,143244336,0.26924583315849304,0.26924583315849304,0.29830631613731384,0.29830631613731384
1785545395725222500,143244336,0.26924583315849304,0.26924583315849304,0.29830631613731384,0.29830631613731384
1785545395735198100,143263919,0.2766886353492737,0.2766886353492737,0.2968548536300659,0.2968548536300659
1785545395744820500,143277637,0.27850577235221863,0.27850577235221863,0.29883190989494324,0.29883190989494324
1785545395755785800,143277637,0.27850577235221863,0.27850577235221863,0.29883190989494324,0.29883190989494324
1785545395766765700,143297217,0.28094717860221863,0.28094714879989624,0.30160871148109436,0.30160871148109436
1785545395778215400,143310963,0.28068041801452637,0.28068041801452637,0.3042759895324707,0.3042759895324707
1785545395789376500,143310963,0.28068041801452637,0.28068041801452637,0.3042759895324707,0.3042759895324707
1785545395800369800,143330561,0.2833768129348755,0.2833768427371979,0.3049183487892151,0.3049183487892151
1785545395811558100,143344883,0.2867777645587921,0.2867777645587921,0.3043105900287628,0.3043105900287628
1785545395821676600,143344883,0.2867777645587921,0.2867777645587921,0.3043105900287628,0.3043105900287628
1785545395832995700,143364136,0.28917422890663147,0.28917422890663147,0.3054068684577942,0.3054068684577942
1785545395844262400,143377641,0.29347413778305054,0.29347413778305054,0.3047179877758026,0.3047179877758026
1785545395855347000,143377641,0.29347413778305054,0.29347413778305054,0.3047179877758026,0.3047179877758026
1785545395868188800,143397263,0.29609212279319763,0.29609212279319763,0.30687716603279114,0.3068771958351135
1785545395877587700,143411096,0.29583314061164856,0.29583311080932617,0.30933132767677307,0.30933135747909546
1785545395888870500,143411096,0.29583314061164856,0.29583311080932617,0.30933132767677307,0.30933135747909546
1785545395900371300,143430735,0.2975471019744873,0.2975471019744873,0.31052666902542114,0.31052669882774353
1785545395911022000,143444325,0.29984182119369507,0.29984182119369507,0.3104439973831177,0.3104439973831177
1785545395921902100,143444325,0.29984182119369507,0.29984182119369507,0.3104439973831177,0.3104439973831177
1785545395933310000,143463976,0.30357861518859863,0.30357861518859863,0.31062352657318115,0.31062352657318115
1785545395944745200,143478028,0.30476751923561096,0.30476751923561096,0.3118681311607361,0.3118681311607361
1785545395955603600,143478028,0.30476751923561096,0.30476751923561096,0.3118681311607361,0.3118681311607361
1785545395965161600,143497333,0.3062286972999573,0.3062286972999573,0.3134465515613556,0.3134465515613556
1785545395976438500,143511332,0.3064382076263428,0.3064382076263428,0.3146994411945343,0.3146994411945343
1785545395987486500,143511332,0.3064382076263428,0.3064382076263428,0.3146994411945343,0.3146994411945343
1785545395999055100,143530680,0.3077687621116638,0.3077687621116638,0.3152473568916321,0.3152473568916321
1785545396009975900,143544298,0.3092016875743866,0.3092016875743866,0.31527629494667053,0.31527629494667053
1785545396021364800,143544298,0.3092016875743866,0.3092016875743866,0.31527629494667053,0.31527629494667053
1785545396031066600,143563949,0.31153810024261475,0.31153810024261475,0.3155399560928345,0.3155399560928345
1785545396041469700,143577733,0.33746662735939026,0.33746662735939026,0.29118868708610535,0.29118868708610535
1785545396052498600,143577733,0.33746662735939026,0.33746662735939026,0.29118868708610535,0.29118868708610535
1785545396063476300,143597270,0.35499274730682373,0.3549927771091461,0.27571582794189453,0.2757158577442169
1785545396073817500,143610963,0.34074291586875916,0.34074294567108154,0.2909010648727417,0.2909010648727417
1785545396085198800,143610963,0.34074291586875916,0.34074294567108154,0.2909010648727417,0.2909010648727417
1785545396096635900,143630625,0.3531094789505005,0.3531094789505005,0.2790977358818054,0.2790977358818054
1785545396107705000,143644310,0.3675471544265747,0.3675471544265747,0.26300933957099915,0.26300933957099915
1785545396118698400,143644310,0.3675471544265747,0.3675471544265747,0.26300933957099915,0.26300933957099915
1785545396128272500,143663841,0.3479563891887665,0.3479563593864441,0.2745908796787262,0.2745908796787262
1785545396139389700,143677652,0.33560487627983093,0.33560484647750854,0.2806183993816376,0.2806183993816376
1785545396150282600,143677652,0.33560487627983093,0.33560484647750854,0.2806183993816376,0.2806183993816376
1785545396161395000,143697162,0.32605433464050293,0.32605433464050293,0.27957287430763245,0.27957284450531006
1785545396170969700,143697162,0.32605433464050293,0.32605433464050293,0.27957287430763245,0.27957284450531006
1785545396180780900,143710981,0.3287658095359802,0.3287658095359802,0.2719821035861969,0.2719820737838745
1785545396191899200,143730503,0.32480964064598083,0.3248096704483032,0.26850199699401855,0.26850199699401855
1785545396203018700,143730503,0.32480964064598083,0.3248096704483032,0.26850199699401855,0.26850199699401855
1785545396214042800,143744346,0.31752052903175354,0.3175205588340759,0.26973286271095276,0.26973283290863037
1785545396224937400,143763810,0.30585888028144836,0.30585888028144836,0.27126675844192505,0.27126675844192505
1785545396235960700,143763810,0.30585888028144836,0.30585888028144836,0.27126675844192505,0.27126675844192505
1785545396247333400,143777622,0.30335718393325806,0.30335718393325806,0.26783230900764465,0.26783230900764465
1785545396258488700,143797181,0.3003874123096466,0.30038735270500183,0.2636157274246216,0.2636157274246216
1785545396271000400,143797181,0.3003874123096466,0.30038735270500183,0.2636157274246216,0.2636157274246216
1785545396280536800,143810947,0.3014727830886841,0.3014727532863617,0.2591990828514099,0.2591990828514099
1785545396291472600,143810947,0.3014727830886841,0.3014727532863617,0.2591990828514099,0.2591990828514099
1785545396300667800,143832338,0.2979150414466858,0.2979150712490082,0.25838005542755127,0.25838011503219604
1785545396311706800,143846623,0.31977614760398865,0.2667509913444519,0.28665947914123535,0.23363429307937622
1785545396323242100,143846623,0.31977614760398865,0.2667509913444519,0.28665947914123535,0.23363429307937622
1785545396332778100,143860976,0.3338302671909332,0.23792564868927002,0.3120042085647583,0.2160995602607727
1785545396343726000,143877645,0.3443795144557953,0.2241934984922409,0.3224025070667267,0.2022165060043335
1785545396355344800,143877645,0.3443795144557953,0.2241934984922409,0.3224025070667267,0.2022165060043335
1785545396364086900,143897131,0.3445989191532135,0.2250034660100937,0.31871598958969116,0.19912059605121613
1785545396375450800,143910944,0.33241137862205505,0.23928235471248627,0.3031078577041626,0.209978848695755
1785545396386995100,143910944,0.33241137862205505,0.23928235471248627,0.3031078577041626,0.209978848695755
1785545396399792500,143930471,0.32161641120910645,0.24509769678115845,0.2957407236099243,0.21922197937965393
1785545396409115200,143944323,0.30558890104293823,0.2527921497821808,0.28763052821159363,0.23483380675315857
1785545396420135800,143944323,0.30558890104293823,0.2527921497821808,0.28763052821159363,0.23483380675315857
1785545396431472400,143963895,0.30361172556877136,0.2534081041812897,0.2874996066093445,0.237296000123024
1785545396441896100,143978028,0.3059729039669037,0.2524687945842743,0.2892870306968689,0.2357829213142395
1785545396452522100,143978028,0.3059729039669037,0.2524687945842743,0.2892870306968689,0.2357829213142395
1785545396463709100,143997207,0.3064953088760376,0.25360047817230225,0.2901029884815216,0.23720817267894745
1785545396475249900,144011268,0.3105686604976654,0.25220319628715515,0.2924371361732483,0.23407159745693207
1785545396484711500,144011268,0.3105686604976654,0.25220319628715515,0.2924371361732483,0.23407159745693207
1785545396495835900,144030659,0.3082505762577057,0.2548035979270935,0.29163891077041626,0.2381918877363205
1785545396507121500,144044300,0.3036092519760132,0.2587144672870636,0.2896566092967987,0.24476182460784912
1785545396518716500,144044300,0.3036092519760132,0.2587144672870636,0.2896566092967987,0.24476182460784912
1785545396530009800,144063849,0.29739680886268616,0.2655929923057556,0.2875240445137024,0.25572025775909424
1785545396541428300,144077905,0.2992592751979828,0.2670195400714874,0.2893531024456024,0.25711336731910706
1785545396550895700,144077905,0.2992592751979828,0.2670195400714874,0.2893531024456024,0.25711336731910706
1785545396563575700,144097153,0.30189067125320435,0.2691538631916046,0.2918701767921448,0.25913330912590027
1785545396573113100,144111127,0.30588844418525696,0.2686261832714081,0.29460954666137695,0.2573472261428833
1785545396586079200,144111127,0.30588844418525696,0.2686261832714081,0.29460954666137695,0.2573472261428833
1785545396595290900,144130477,0.3055362403392792,0.27134236693382263,0.2950994074344635,0.26090550422668457
1785545396606458100,144144432,0.3031593859195709,0.2748539447784424,0.29440343379974365,0.2660980224609375
1785545396617777900,144144432,0.3031593859195709,0.2748539447784424,0.29440343379974365,0.2660980224609375
1785545396628905000,144163840,0.30041971802711487,0.2806282341480255,0.2942129373550415,0.2744215130805969
1785545396640362600,144177622,0.3022550046443939,0.2823256552219391,0.29611292481422424,0.2761836051940918
1785545396650467600,144177622,0.3022550046443939,0.2823256552219391,0.29611292481422424,0.2761836051940918
1785545396660999200,144197318,0.3050124943256378,0.28462719917297363,0.2987911105155945,0.2784058749675751
1785545396671899000,144211008,0.30796223878860474,0.2846980690956116,0.3009749948978424,0.27771085500717163
1785545396683390400,144211008,0.30796223878860474,0.2846980690956116,0.3009749948978424,0.27771085500717163
1785545396694451300,144230559,0.3082852363586426,0.2870634198188782,0.3017941415309906,0.28057223558425903
1785545396703667600,144230559,0.3082852363586426,0.2870634198188782,0.3017941415309906,0.28057223558425903
1785545396715210700,144244973,0.30711933970451355,0.2898653745651245,0.3017009198665619,0.28444692492485046
1785545396726464600,144263813,0.3060915470123291,0.29409685730934143,0.3022140562534332,0.29021933674812317
1785545396736109400,144263813,0.3060915470123291,0.29409685730934143,0.3022140562534332,0.29021933674812317
1785545396747291000,144277618,0.30758652091026306,0.295631468296051,0.3038085401058197,0.2918534576892853
1785545396760048800,144297140,0.30991432070732117,0.2975163161754608,0.30604636669158936,0.2936484217643738
1785545396769738300,144297140,0.30991432070732117,0.2975163161754608,0.30604636669158936,0.2936484217643738
1785545396780628200,144310978,0.31199923157691956,0.2978130877017975,0.30764907598495483,0.29346293210983276
1785545396790154100,144310978,0.31199923157691956,0.2978130877017975,0.30764907598495483,0.29346293210983276
1785545396801314000,144330656,0.3113528788089752,0.30112671852111816,0.3080376088619232,0.29781144857406616
1785545396810927500,144344326,0.31187668442726135,0.30260640382766724,0.3088538944721222,0.29958364367485046
1785545396822005200,144344326,0.31187668442726135,0.30260640382766724,0.3088538944721222,0.29958364367485046
1785545396833418500,144363969,0.3129887878894806,0.30441558361053467,0.3101944327354431,0.3016212582588196
1785545396843681300,144377630,0.2898571491241455,0.32945212721824646,0.2871391773223877,0.32673412561416626
1785545396855228600,144377630,0.2898571491241455,0.32945212721824646,0.2871391773223877,0.32673412561416626
1785545396864541800,144397139,0.27268579602241516,0.349091500043869,0.27019891142845154,0.346604585647583
1785545396875918000,144410953,0.28792649507522583,0.33529597520828247,0.28524038195610046,0.3326098918914795
1785545396886911800,144410953,0.28792649507522583,0.33529597520828247,0.28524038195610046,0.3326098918914795
1785545396899950400,144430516,0.2762048542499542,0.3479902744293213,0.27370357513427734,0.345488965511322
1785545396909394300,144444299,0.261350154876709,0.3596911132335663,0.2595275342464447,0.3578684628009796
1785545396920369600,144444299,0.261350154876709,0.3596911132335663,0.2595275342464447,0.3578684628009796
1785545396931592500,144463829,0.26998117566108704,0.3450203239917755,0.2684023380279541,0.34344151616096497
1785545396941467700,144477651,0.27705129981040955,0.332986444234848,0.2754247188568115,0.33135986328125
1785545396952752100,144477651,0.27705129981040955,0.332986444234848,0.2754247188568115,0.33135986328125
1785545396965265100,144497250,0.2778112292289734,0.32319730520248413,0.27622658014297485,0.3216126561164856
1785545396975344900,144511412,0.2709735929965973,0.3259711265563965,0.2692253291606903,0.3242228925228119
1785545396985162200,144511412,0.2709735929965973,0.3259711265563965,0.2692253291606903,0.3242228925228119
1785545396996889500,144530943,0.2678571343421936,0.32245567440986633,0.26623478531837463,0.32083332538604736
1785545397008180100,144544273,0.2691577076911926,0.31561699509620667,0.26779380440711975,0.3142530918121338
1785545397018746900,144544273,0.2691577076911926,0.31561699509620667,0.26779380440711975,0.3142530918121338
1785545397029880700,144563873,0.27078935503959656,0.304084450006485,0.2698708176612854,0.30316588282585144
1785545397040947400,144577670,0.26741644740104675,0.3020225763320923,0.26649370789527893,0.30109989643096924
1785545397051923900,144577670,0.26741644740104675,0.3020225763320923,0.26649370789527893,0.30109989643096924
1785545397063320200,144598448,0.26305630803108215,0.2993893623352051,0.2621024549007416,0.2984355390071869
1785545397075261000,144598448,0.26305630803108215,0.2993893623352051,0.2621024549007416,0.2984355390071869
1785545397084658600,144613494,0.2587510049343109,0.3006286323070526,0.25765150785446167,0.29952913522720337
1785545397096095200,144627658,0.25914904475212097,0.2973484694957733,0.2581315040588379,0.29633092880249023
1785545397107287300,144644299,0.2609824240207672,0.29191043972969055,0.26018762588500977,0.2911156415939331
1785545397118342700,144644299,0.2609824240207672,0.29191043972969055,0.26018762588500977,0.2911156415939331
1785545397130957300,144663946,0.2620379626750946,0.2866898775100708,0.26144418120384216,0.28609606623649597
1785545397142048000,144677612,0.25878652930259705,0.2882373631000519,0.2580994963645935,0.28755030035972595
1785545397151441900,144677612,0.25878652930259705,0.2882373631000519,0.2580994963645935,0.28755030035972595
1785545397162541400,144697196,0.2607312500476837,0.28303784132003784,0.2602204978466034,0.28252705931663513
1785545397173603200,144710932,0.2584560215473175,0.2839597165584564,0.2578897774219513,0.2833935022354126
1785545397184850500,144710932,0.2584560215473175,0.2839597165584564,0.2578897774219513,0.2833935022354126
1785545397194396700,144730505,0.2578733265399933,0.28282350301742554,0.2573179304599762,0.2822681665420532
1785545397203730500,144730505,0.2578733265399933,0.28282350301742554,0.2573179304599762,0.2822681665420532
1785545397215267200,144744294,0.2591153681278229,0.2803237736225128,0.2586492598056793,0.27985769510269165
1785545397224900600,144763899,0.259107381105423,0.2789013385772705,0.2587001919746399,0.27849411964416504
1785545397236227500,144763899,0.259107381105423,0.2789013385772705,0.2587001919746399,0.27849411964416504
1785545397248934600,144777594,0.26129117608070374,0.2754836678504944,0.2610081434249878,0.27520066499710083
1785545397258720500,144797143,0.26092618703842163,0.27451208233833313,0.26068440079689026,0.27427026629447937
1785545397269748900,144797143,0.26092618703842163,0.27451208233833313,0.26068440079689026,0.27427026629447937
1785545397280640200,144810925,0.2591015100479126,0.2757994532585144,0.2587989568710327,0.2754969000816345
1785545397290183500,144810925,0.2591015100479126,0.2757994532585144,0.2587989568710327,0.2754969000816345
1785545397301275500,144830504,0.25891077518463135,0.27527904510498047,0.25860896706581116,0.27497726678848267
1785545397310789400,144844267,0.2599378824234009,0.27372631430625916,0.2596908211708069,0.27347928285598755
1785545397321971400,144844267,0.2599378824234009,0.27372631430625916,0.2596908211708069,0.27347928285598755
1785545397333395400,144864129,0.2616521418094635,0.2712112069129944,0.2615024447441101,0.2710614800453186
1785545397344785200,144877571,0.26152724027633667,0.2709467113018036,0.2613869905471802,0.2708064615726471
1785545397355788100,144877571,0.26152724027633667,0.2709467113018036,0.2613869905471802,0.2708064615726471
1785545397365352600,144897146,0.26129376888275146,0.2707154154777527,0.26115670800209045,0.27057841420173645
1785545397376846400,144911209,0.2604978680610657,0.2713177800178528,0.2603380084037781,0.2711578905582428
1785545397387866500,144911209,0.2604978680610657,0.2713177800178528,0.2603380084037781,0.2711578905582428
1785545397398821900,144930508,0.260675311088562,0.2708803117275238,0.26052743196487427,0.27073243260383606
1785545397410108300,144944288,0.26141440868377686,0.2699390947818756,0.2612983286380768,0.26982301473617554
1785545397421290200,144944288,0.26141440868377686,0.2699390947818756,0.2612983286380768,0.26982301473617554
1785545397432366300,144963943,0.26262250542640686,0.2684229016304016,0.26255738735198975,0.2683577537536621
1785545397441961900,144977636,0.26260465383529663,0.26829251646995544,0.2625446617603302,0.2682324945926666
1785545397453335900,144977636,0.26260465383529663,0.26829251646995544,0.2625446617603302,0.2682324945926666
1785545397465032300,144997202,0.2624920904636383,0.2682338356971741,0.26243269443511963,0.2681744694709778
1785545397476072400,145010937,0.2620357871055603,0.2686224579811096,0.26196610927581787,0.2685528099536896
1785545397485382000,145010937,0.2620357871055603,0.2686224579811096,0.26196610927581787,0.2685528099536896
1785545397498226900,145030484,0.26217103004455566,0.26838648319244385,0.26210880279541016,0.26832422614097595
1785545397509299000,145044248,0.26264792680740356,0.26783087849617004,0.26260170340538025,0.26778465509414673
1785545397518456300,145044248,0.26264792680740356,0.26783087849617004,0.26260170340538025,0.26778465509414673
1785545397529467000,145063746,0.2634451985359192,0.26691651344299316,0.26342320442199707,0.26689451932907104
1785545397540481000,145077589,0.26346996426582336,0.2668363153934479,0.26345112919807434,0.26681751012802124
1785545397551913200,145077589,0.26346996426582336,0.2668363153934479,0.26345112919807434,0.26681751012802124
1785545397563299300,145097098,0.2634216547012329,0.2668232023715973,0.2634032964706421,0.26680484414100647
1785545397574394800,145110898,0.2631544768810272,0.26706594228744507,0.26313239336013794,0.2670438587665558
1785545397583965600,145110898,0.2631544768810272,0.26706594228744507,0.26313239336013794,0.2670438587665558
1785545397595538200,145130471,0.263248085975647,0.2669350504875183,0.26322996616363525,0.266916960477829
1785545397605157900,145144254,0.26354458928108215,0.26660916209220886,0.2635338008403778,0.2665984034538269
1785545397616841400,145144254,0.26354458928108215,0.26660916209220886,0.2635338008403778,0.2665984034538269
1785545397628159000,145163746,0.2640477120876312,0.2660638689994812,0.26404693722724915,0.2660630941390991
1785545397639369500,145177572,0.2640756666660309,0.2660163342952728,0.26407650113105774,0.2660171389579773
1785545397650463600,145177572,0.2640756666660309,0.2660163342952728,0.26407650113105774,0.2660171389579773
1785545397661672500,145197142,0.2640559673309326,0.26601478457450867,0.26405730843544006,0.2660160958766937
1785545397672835000,145210917,0.2639017701148987,0.2661598324775696,0.2639026343822479,0.26616066694259644
1785545397683769300,145210917,0.2639017701148987,0.2661598324775696,0.2639026343822479,0.26616066694259644
1785545397694946900,145230427,0.2639617621898651,0.266086608171463,0.26396462321281433,0.2660894989967346
1785545397706088000,145244255,0.26414209604263306,0.2658962905406952,0.2641475796699524,0.2659018635749817
1785545397717284000,145244255,0.26414209604263306,0.2658962905406952,0.2641475796699524,0.2659018635749817
1785545397728631800,145263763,0.264253169298172,0.26577475666999817,0.26426076889038086,0.2657823860645294
1785545397740036400,145278075,0.2644782066345215,0.2655416429042816,0.26448726654052734,0.2655507028102875
1785545397750943800,145278075,0.2644782066345215,0.2655416429042816,0.26448726654052734,0.2655507028102875
1785545397761934100,145297118,0.26453453302383423,0.26547783613204956,0.2645440697669983,0.26548734307289124
1785545397773167900,145311209,0.2644208073616028,0.2655872106552124,0.26443129777908325,0.2655976414680481
1785545397784698100,145311209,0.2644208073616028,0.2655872106552124,0.26443129777908325,0.2655976414680481
1785545397795478800,145330428,0.26442307233810425,0.2655803859233856,0.2644343376159668,0.2655916213989258
1785545397806704000,145344231,0.26459285616874695,0.2654082477092743,0.2646036744117737,0.26541903614997864
1785545397817845500,145344231,0.26459285616874695,0.2654082477092743,0.2646036744117737,0.26541903614997864
1785545397828807500,145363887,0.264681875705719,0.26531609892845154,0.2646927237510681,0.26532697677612305
1785545397840009200,145377984,0.2646838426589966,0.2653118669986725,0.26469528675079346,0.26532331109046936
1785545397850907600,145377984,0.2646838426589966,0.2653118669986725,0.26469528675079346,0.26532331109046936
1785545397861997200,145397113,0.26469653844833374,0.26529720425605774,0.26470810174942017,0.26530879735946655
1785545397873485900,145410927,0.2646627724170685,0.2653287947177887,0.26467564702033997,0.26534169912338257
1785545397885293000,145410927,0.2646627724170685,0.2653287947177887,0.26467564702033997,0.26534169912338257
1785545397894807200,145430474,0.2646898031234741,0.2653005123138428,0.2647029757499695,0.26531368494033813
1785545397904267200,145430474,0.2646898031234741,0.2653005123138428,0.2647029757499695,0.26531368494033813
1785545397915419300,145444230,0.26474711298942566,0.2652432322502136,0.2647596299648285,0.26525577902793884
1785545397925175000,145463886,0.2648439109325409,0.26514777541160583,0.2648543119430542,0.26515814661979675
1785545397935552300,145463886,0.2648439109325409,0.26514777541160583,0.2648543119430542,0.26515814661979675
1785545397947952900,145478158,0.26485195755958557,0.26513901352882385,0.264862596988678,0.26514965295791626
1785545397957199700,145478158,0.26485195755958557,0.26513901352882385,0.264862596988678,0.26514965295791626
1785545397968525600,145497245,0.26485133171081543,0.26513901352882385,0.26486214995384216,0.2651498019695282
1785545397978622100,145511467,0.26482832431793213,0.26516032218933105,0.26484057307243347,0.26517254114151
1785545397989859300,145511467,0.26482832431793213,0.26516032218933105,0.26484057307243347,0.26517254114151
1785545398000724300,145530606,0.264842689037323,0.26514580845832825,0.2648548483848572,0.2651579976081848
1785545398010343500,145544257,0.2648749351501465,0.265114426612854,0.26488611102104187,0.2651256024837494
1785545398020801100,145544257,0.2648749351501465,0.265114426612854,0.26488611102104187,0.2651256024837494
1785545398031652200,145563786,0.26492762565612793,0.26506397128105164,0.2649363875389099,0.265072762966156
1785545398043370400,145577989,0.264914333820343,0.2650758624076843,0.26492440700531006,0.26508596539497375
1785545398054355700,145577989,0.264914333820343,0.2650758624076843,0.26492440700531006,0.26508596539497375
1785545398065422500,145597177,0.2649348974227905,0.26505640149116516,0.26494377851486206,0.2650652825832367
1785545398076497400,145611360,0.2649275064468384,0.26506271958351135,0.2649374008178711,0.26507261395454407
1785545398087708500,145611360,0.2649275064468384,0.26506271958351135,0.2649374008178711,0.26507261395454407
1785545398098982000,145630428,0.2649323344230652,0.26505783200263977,0.2649422585964203,0.2650677561759949
1785545398110177800,145644209,0.2649473547935486,0.2650436460971832,0.26495644450187683,0.2650527358055115
1785545398121622000,145644209,0.2649473547935486,0.2650436460971832,0.26495644450187683,0.2650527358055115
1785545398131197300,145663899,0.2908620238304138,0.290910542011261,0.23908951878547668,0.23913803696632385
1785545398141451400,145677571,0.3110407590866089,0.3110834062099457,0.218916654586792,0.2189592719078064
1785545398152476100,145677571,0.3110407590866089,0.3110834062099457,0.218916654586792,0.2189592719078064
1785545398163605600,145697279,0.3214797079563141,0.3215206265449524,0.20848332345485687,0.20852424204349518
1785545398174410600,145710890,0.30666038393974304,0.30670905113220215,0.2232966423034668,0.2233453243970871
1785545398185573700,145710890,0.30666038393974304,0.30670905113220215,0.2232966423034668,0.2233453243970871
1785545398196855300,145730437,0.31838664412498474,0.31842705607414246,0.21160942316055298,0.2116498053073883
1785545398208038800,145744494,0.30761173367500305,0.30762922763824463,0.2228153645992279,0.22283288836479187
1785545398218784400,145744494,0.30761173367500305,0.30762922763824463,0.2228153645992279,0.22283288836479187
1785545398229848700,145763734,0.2969549298286438,0.29696041345596313,0.23460598289966583,0.23461148142814636
1785545398240857000,145777548,0.29458460211753845,0.2945876121520996,0.23813369870185852,0.23813670873641968
1785545398250392200,145777548,0.29458460211753845,0.2945876121520996,0.23813369870185852,0.23813670873641968
1785545398261526900,145797091,0.29478931427001953,0.29478999972343445,0.24031424522399902,0.24031496047973633
1785545398272654000,145797091,0.29478931427001953,0.29478999972343445,0.24031424522399902,0.24031496047973633
1785545398282067100,145810890,0.29958415031433105,0.2995854616165161,0.23661775887012482,0.23661907017230988
1785545398293030000,145830487,0.2990431487560272,0.29903969168663025,0.23922514915466309,0.2392217367887497
1785545398304436400,145830487,0.2990431487560272,0.29903969168663025,0.23922514915466309,0.2392217367887497
1785545398315523800,145844209,0.2953667640686035,0.29535722732543945,0.2450619786977768,0.24505245685577393
1785545398326493300,145863736,0.2905104458332062,0.29049402475357056,0.25501617789268494,0.2549998164176941
1785545398337393700,145863736,0.2905104458332062,0.29049402475357056,0.25501617789268494,0.2549998164176941
1785545398348883000,145877552,0.2922295033931732,0.2922113537788391,0.25674572587013245,0.2567276060581207
1785545398360138200,145897034,0.29500612616539,0.2949873208999634,0.2590198814868927,0.25900107622146606
1785545398371400100,145897034,0.29500612616539,0.2949873208999634,0.2590198814868927,0.25900107622146606
1785545398380854400,145910883,0.29873761534690857,0.298717737197876,0.25763487815856934,0.25761502981185913
1785545398392050600,145930365,0.29889190196990967,0.2988702356815338,0.26092225313186646,0.2609005868434906
1785545398403048600,145930365,0.29889190196990967,0.2988702356815338,0.26092225313186646,0.2609005868434906
1785545398414240700,145944309,0.29504045844078064,0.29501843452453613,0.26883748173713684,0.2688154876232147
1785545398423610300,145944309,0.29504045844078064,0.29501843452453613,0.26883748173713684,0.2688154876232147
1785545398435188100,145963774,0.29630523920059204,0.2962826192378998,0.27313825488090515,0.2731156647205353
1785545398444867000,145977542,0.2983376383781433,0.29831433296203613,0.27474352717399597,0.2747201919555664
1785545398454412200,145977542,0.2983376383781433,0.29831433296203613,0.27474352717399597,0.2747201919555664
1785545398465570500,145997130,0.30058160424232483,0.30055803060531616,0.27756166458129883,0.27753809094429016
1785545398476986100,146010870,0.30305758118629456,0.30303192138671875,0.27741023898124695,0.27738454937934875
1785545398488445300,146010870,0.30305758118629456,0.30303192138671875,0.27741023898124695,0.27738454937934875
1785545398499304400,146030412,0.30355507135391235,0.3035290241241455,0.2802105247974396,0.28018444776535034
1785545398510376600,146044214,0.3028259575366974,0.3028010129928589,0.28370019793510437,0.2836752235889435
1785545398521735100,146044214,0.3028259575366974,0.3028010129928589,0.28370019793510437,0.2836752235889435
1785545398531396900,146063865,0.30253082513809204,0.3025095760822296,0.2892727255821228,0.28925150632858276
1785545398541765100,146077606,0.30432558059692383,0.30430397391319275,0.290781170129776,0.2907595634460449
1785545398552751500,146077606,0.30432558059692383,0.30430397391319275,0.290781170129776,0.2907595634460449
1785545398563722700,146097056,0.306661993265152,0.3066401779651642,0.2928658127784729,0.2928439974784851
1785545398575125300,146110873,0.3086321949958801,0.30860793590545654,0.2929443120956421,0.2929200530052185
1785545398584770400,146110873,0.3086321949958801,0.30860793590545654,0.2929443120956421,0.2929200530052185
1785545398595780600,146130430,0.30928122997283936,0.30925723910331726,0.2950742840766907,0.2950502932071686
1785545398607090400,146144223,0.3090576231479645,0.3090358078479767,0.2975029945373535,0.2974811792373657
1785545398617521200,146144223,0.3090576231479645,0.3090358078479767,0.2975029945373535,0.2974811792373657
1785545398630254500,146164098,0.3092382848262787,0.3092208802700043,0.3014123737812042,0.3013949990272522
1785545398640299000,146177579,0.3105439245700836,0.3105262815952301,0.3025732636451721,0.3025556206703186
1785545398651410200,146177579,0.3105439245700836,0.3105262815952301,0.3025732636451721,0.3025556206703186
1785545398660739300,146197308,0.3122619092464447,0.312244176864624,0.30417492985725403,0.30415719747543335
1785545398671806800,146210867,0.31359508633613586,0.3135751485824585,0.30435678362846375,0.3043367862701416
1785545398684988400,146210867,0.31359508633613586,0.3135751485824585,0.30435678362846375,0.3043367862701416
1785545398694504900,146230624,0.3141906261444092,0.31417107582092285,0.30579403042793274,0.3057744801044464
1785545398703827900,146230624,0.3141906261444092,0.31417107582092285,0.30579403042793274,0.3057744801044464
1785545398715548400,146244224,0.31381189823150635,0.313796728849411,0.3081894814968109,0.30817434191703796
1785545398725029300,146263881,0.3147163987159729,0.3147028982639313,0.309943825006485,0.30993035435676575
1785545398736765200,146263881,0.3147163987159729,0.3147028982639313,0.309943825006485,0.30993035435676575
1785545398748176800,146277528,0.3156309425830841,0.3156169056892395,0.3106585741043091,0.3106445372104645
1785545398757268900,146277528,0.3156309425830841,0.3156169056892395,0.3106585741043091,0.3106445372104645
1785545398770109000,146297203,0.3166264295578003,0.3166125416755676,0.3118091821670532,0.31179529428482056
1785545398780011000,146310868,0.3173913061618805,0.31737589836120605,0.3120315372943878,0.3120160698890686
1785545398789838500,146310868,0.3173913061618805,0.31737589836120605,0.3120315372943878,0.3120160698890686
1785545398801018400,146330532,0.31752490997314453,0.3175128102302551,0.31376445293426514,0.31375235319137573
1785545398810617400,146344215,0.3181270360946655,0.31811389327049255,0.3140259385108948,0.3140127658843994
1785545398821401700,146344215,0.3181270360946655,0.31811389327049255,0.3140259385108948,0.3140127658843994
1785545398832917900,146363890,0.3186276853084564,0.31861457228660583,0.3146859407424927,0.3146728277206421
1785545398843990000,146377527,0.3185729682445526,0.31856295466423035,0.315901517868042,0.3158915042877197
1785545398853302500,146377527,0.3185729682445526,0.31856295466423035,0.315901517868042,0.3158915042877197
1785545398866505300,146397175,0.31912919878959656,0.31912022829055786,0.31684353947639465,0.31683453917503357
1785545398876159000,146410886,0.31978029012680054,0.31976941227912903,0.3168855607509613,0.316874623298645
1785545398886896500,146410886,0.31978029012680054,0.31976941227912903,0.3168855607509613,0.316874623298645
1785545398898082000,146430541,0.32019904255867004,0.32018810510635376,0.3173796832561493,0.3173687756061554
1785545398909367500,146444189,0.32027140259742737,0.3202618658542633,0.31799110770225525,0.31798163056373596
1785545398920449200,146444189,0.32027140259742737,0.3202618658542633,0.31799110770225525,0.31798163056373596
1785545398931770000,146463786,0.32043054699897766,0.3204236626625061,0.3189881145954132,0.3189812898635864
1785545398944806300,146477518,0.32078513503074646,0.32077816128730774,0.3193291425704956,0.3193221688270569
1785545398954364600,146477518,0.32078513503074646,0.32077816128730774,0.3193291425704956,0.3193221688270569
1785545398963788800,146497140,0.321248322725296,0.3212410807609558,0.3197488486766815,0.3197416067123413
1785545398975271100,146510879,0.32156920433044434,0.32156097888946533,0.31983572244644165,0.31982743740081787
1785545398984856000,146510879,0.32156920433044434,0.32156097888946533,0.31983572244644165,0.31982743740081787
1785545398996277800,146530532,0.3216675817966461,0.3216613531112671,0.3204597532749176,0.3204534649848938
1785545399007161800,146544334,0.3218775987625122,0.3218708336353302,0.32058045268058777,0.3205735981464386
1785545399018699700,146544334,0.3218775987625122,0.3218708336353302,0.32058045268058777,0.3205735981464386
1785545399029773700,146563811,0.3219936192035675,0.32198822498321533,0.3210723102092743,0.32106688618659973
1785545399040839700,146577639,0.322147399187088,0.32214221358299255,0.32128268480300903,0.32127752900123596
1785545399050391900,146577639,0.322147399187088,0.32214221358299255,0.32128268480300903,0.32127752900123596
1785545399061627900,146597236,0.3223593831062317,0.3223543167114258,0.32154855132102966,0.32154348492622375
1785545399072519300,146611052,0.32252731919288635,0.32252153754234314,0.3215978741645813,0.3215921223163605
1785545399083471700,146611052,0.32252731919288635,0.32252153754234314,0.3215978741645813,0.3215921223163605
1785545399094776400,146630693,0.3226298987865448,0.32262444496154785,0.32178521156311035,0.3217797577381134
1785545399104142300,146630693,0.3226298987865448,0.32262444496154785,0.32178521156311035,0.3217797577381134
1785545399115696800,146644354,0.3226489722728729,0.32264432311058044,0.3219805955886841,0.3219758868217468
1785545399125512600,146663882,0.3227035701274872,0.3227003216743469,0.3223017454147339,0.322298526763916
1785545399137185600,146663882,0.3227035701274872,0.3227003216743469,0.3223017454147339,0.322298526763916
1785545399150359900,146677643,0.322818398475647,0.3228150010108948,0.3224078118801117,0.3224044740200043
1785545399160559500,146697274,0.29911479353904724,0.2991113066673279,0.34639495611190796,0.3463914394378662
1785545399173113200,146710755,0.30218470096588135,0.3021809160709381,0.3433956801891327,0.34339189529418945
1785545399181780000,146710864,0.30656975507736206,0.3065657317638397,0.33906957507133484,0.3390655517578125
1785545399192989200,146730421,0.29135051369667053,0.29134684801101685,0.35445404052734375,0.35445037484169006
1785545399203833500,146730421,0.29135051369667053,0.29134684801101685,0.35445404052734375,0.35445037484169006
1785545399215650300,146744186,0.2758277654647827,0.2758250832557678,0.368053674697876,0.36805102229118347
1785545399225226200,146763762,0.2673185467720032,0.2673163414001465,0.3716525137424469,0.3716503381729126
1785545399236823600,146763762,0.2673185467720032,0.2673163414001465,0.3716525137424469,0.3716503381729126
1785545399247700400,146777528,0.27639687061309814,0.27639472484588623,0.35786572098731995,0.35786351561546326
1785545399258834700,146797116,0.2854495048522949,0.2854473888874054,0.33883869647979736,0.33883652091026306
1785545399271428200,146797116,0.2854495048522949,0.2854473888874054,0.33883869647979736,0.33883652091026306
1785545399281425400,146810863,0.2803145945072174,0.28031206130981445,0.3394068777561188,0.3394043445587158
1785545399290744100,146810863,0.2803145945072174,0.28031206130981445,0.3394068777561188,0.3394043445587158
1785545399301583700,146830399,0.27599719166755676,0.2759948968887329,0.33548712730407715,0.3354848027229309
1785545399312526200,146844379,0.27633437514305115,0.2763324975967407,0.3275506794452667,0.3275488018989563
1785545399323572700,146844379,0.27633437514305115,0.2763324975967407,0.3275506794452667,0.3275488018989563
1785545399335170600,146863755,0.2765505611896515,0.27654942870140076,0.31434106826782227,0.31433993577957153
1785545399344456400,146877543,0.2720164954662323,0.2720153331756592,0.3111700117588043,0.3111688196659088
1785545399357380900,146877543,0.2720164954662323,0.2720153331756592,0.3111700117588043,0.3111688196659088
1785545399366674600,146897112,0.2666083872318268,0.26660698652267456,0.307201087474823,0.3071996867656708
1785545399377637200,146910817,0.2615192234516144,0.26151755452156067,0.3080180883407593,0.30801644921302795
1785545399388763000,146910817,0.2615192234516144,0.26151755452156067,0.3080180883407593,0.30801644921302795
1785545399400208700,146930392,0.26060032844543457,0.2605988383293152,0.3036271035671234,0.3036256432533264
1785545399411018400,146944182,0.2623843252658844,0.26238298416137695,0.2981298565864563,0.29812854528427124
1785545399421942500,146944182,0.2623843252658844,0.26238298416137695,0.2981298565864563,0.29812854528427124
1785545399433172900,146963732,0.26465895771980286,0.2646580636501312,0.29007673263549805,0.29007577896118164
1785545399443498900,146977620,0.23718735575675964,0.2371864765882492,0.3142462968826294,0.31424540281295776
1785545399454001500,146977620,0.23718735575675964,0.2371864765882492,0.3142462968826294,0.31424540281295776
1785545399464792800,146997091,0.21553023159503937,0.2155294120311737,0.3319680392742157,0.33196723461151123
1785545399475753600,147010833,0.22585006058216095,0.22584907710552216,0.3198361396789551,0.31983518600463867
1785545399487081300,147010833,0.22585006058216095,0.22584907710552216,0.3198361396789551,0.31983518600463867
1785545399498733800,147030335,0.21383550763130188,0.21383453905582428,0.329500675201416,0.3294997215270996
1785545399509717500,147044181,0.21012108027935028,0.21012040972709656,0.33048513531684875,0.3304844796657562
1785545399520778200,147044181,0.21012108027935028,0.21012040972709656,0.33048513531684875,0.3304844796657562
1785545399531820300,147063708,0.21548117697238922,0.21548061072826385,0.32163697481155396,0.3216363787651062
1785545399543306500,147077480,0.22029486298561096,0.22029417753219604,0.31483468413352966,0.31483399868011475
1785545399554455400,147077480,0.22029486298561096,0.22029417753219604,0.31483468413352966,0.31483399868011475
1785545399563801000,147097056,0.22695115208625793,0.2269504815340042,0.30613622069358826,0.3061355650424957
1785545399574470800,147110851,0.2223108410835266,0.2223101258277893,0.3098369538784027,0.3098362386226654
1785545399585604800,147110851,0.2223108410835266,0.2223101258277893,0.3098369538784027,0.3098362386226654
1785545399597057300,147130429,0.23234429955482483,0.23234373331069946,0.2997611165046692,0.29976052045822144
1785545399608084100,147144600,0.23415030539035797,0.23414985835552216,0.2984888255596161,0.29848840832710266
1785545399619329100,147144600,0.23415030539035797,0.23414985835552216,0.2984888255596161,0.29848840832710266
1785545399630282200,147163699,0.23659804463386536,0.23659752309322357,0.29772821068763733,0.2977277338504791
1785545399640539300,147177505,0.23853151500225067,0.23853109776973724,0.297404021024704,0.29740360379219055
1785545399651734500,147177505,0.23853151500225067,0.23853109776973724,0.297404021024704,0.29740360379219055
1785545399663339200,147197033,0.2423403561115265,0.24233990907669067,0.29659536480903625,0.29659491777420044
1785545399674439600,147210829,0.2403930425643921,0.2403925210237503,0.29993176460266113,0.29993128776550293
1785545399684088100,147210829,0.2403930425643921,0.2403925210237503,0.29993176460266113,0.29993128776550293
1785545399695465700,147230604,0.243738055229187,0.24373768270015717,0.29907867312431335,0.2990783154964447
1785545399706574600,147244199,0.2537052631378174,0.25370490550994873,0.29264035820961,0.29263994097709656
1785545399716653900,147244199,0.2537052631378174,0.25370490550994873,0.29264035820961,0.29263994097709656
1785545399727079100,147263751,0.258819043636322,0.2588188052177429,0.29288581013679504,0.29288554191589355
1785545399738628400,147277506,0.260246217250824,0.2602459788322449,0.29503485560417175,0.29503458738327026
1785545399749587500,147277506,0.260246217250824,0.2602459788322449,0.29503485560417175,0.29503458738327026
1785545399760407200,147297074,0.26333197951316833,0.2633316218852997,0.2971949279308319,0.29719457030296326
1785545399771598800,147297074,0.26333197951316833,0.2633316218852997,0.2971949279308319,0.29719457030296326
1785545399782901700,147311217,0.2626516819000244,0.2626512944698334,0.3003455400466919,0.30034521222114563
1785545399793880800,147330445,0.26604965329170227,0.26604950428009033,0.30042219161987305,0.3004220128059387
1785545399804963400,147330445,0.26604965329170227,0.26604950428009033,0.30042219161987305,0.3004220128059387
1785545399815601000,147344574,0.2707274556159973,0.270727276802063,0.29890158772468567,0.29890140891075134
1785545399826929500,147363733,0.27807751297950745,0.27807727456092834,0.29756805300712585,0.29756781458854675
1785545399837165900,147363733,0.27807751297950745,0.27807727456092834,0.29756805300712585,0.29756781458854675
1785545399848092400,147377517,0.2800850570201874,0.2800848186016083,0.29950419068336487,0.2995039224624634
1785545399859266400,147397179,0.2824804186820984,0.282480388879776,0.3024446368217468,0.30244457721710205
1785545399870137100,147397179,0.2824804186820984,0.282480388879776,0.3024446368217468,0.30244457721710205
1785545399882050000,147411533,0.28226011991500854,0.2822600305080414,0.30523836612701416,0.305238276720047
1785545399891665300,147430377,0.308937668800354,0.30893751978874207,0.2818134129047394,0.28181323409080505
1785545399902712300,147430377,0.308937668800354,0.30893751978874207,0.2818134129047394,0.28181323409080505
1785545399913682800,147444155,0.3343120515346527,0.3343118727207184,0.259195476770401,0.2591952681541443
1785545399924985800,147444155,0.3343120515346527,0.3343118727207184,0.259195476770401,0.2591952681541443
1785545399937133300,147463755,0.3454723656177521,0.34547215700149536,0.2516903579235077,0.25169020891189575
1785545399946522100,147477511,0.35401642322540283,0.3540163040161133,0.24511553347110748,0.24511542916297913
1785545399957489600,147477511,0.35401642322540283,0.3540163040161133,0.24511553347110748,0.24511542916297913
1785545399970274200,147497082,0.3348926901817322,0.3348926901817322,0.2634664475917816,0.263466477394104
1785545399980661100,147510798,0.3279130756855011,0.3279130458831787,0.27009084820747375,0.27009081840515137
1785545399992979600,147530335,0.32320502400398254,0.3232049345970154,0.2717379033565521,0.2717377841472626
1785545400002720900,147530335,0.32320502400398254,0.3232049345970154,0.2717379033565521,0.2717377841472626
1785545400013514900,147544161,0.3126521110534668,0.31265199184417725,0.2758423686027527,0.2758422791957855
1785545400026458900,147563642,0.3089127838611603,0.3089126646518707,0.2707688510417938,0.27076879143714905
1785545400035272300,147563642,0.3089127838611603,0.3089126646518707,0.2707688510417938,0.27076879143714905
1785545400046542800,147577489,0.30757442116737366,0.3075743317604065,0.2666841745376587,0.26668408513069153
1785545400057707200,147596856,0.30430346727371216,0.3043034076690674,0.2672743797302246,0.26727429032325745
1785545400068913600,147597066,0.30380335450172424,0.30380329489707947,0.2636013329029083,0.2636011838912964
1785545400079917000,147610805,0.304317831993103,0.30431777238845825,0.25993484258651733,0.2599347233772278
1785545400090776500,147610805,0.304317831993103,0.30431777238845825,0.25993484258651733,0.2599347233772278
1785545400100670200,147630417,0.30062010884284973,0.30062004923820496,0.2595646381378174,0.2595645487308502
1785545400111646800,147644170,0.2958971858024597,0.29589706659317017,0.26130175590515137,0.2613016963005066
1785545400121887800,147644170,0.2958971858024597,0.29589706659317017,0.26130175590515137,0.2613016963005066
1785545400132907400,147663627,0.2886510491371155,0.2886509597301483,0.26369598507881165,0.2636958956718445
1785545400143897500,147677518,0.28752443194389343,0.2875245213508606,0.26199260354042053,0.2619926631450653
1785545400155158800,147677518,0.28752443194389343,0.2875245213508606,0.26199260354042053,0.2619926631450653
1785545400164550200,147697051,0.2862473130226135,0.2862474024295807,0.2598698139190674,0.25986987352371216
1785545400175654700,147710802,0.2873735725879669,0.2873736023902893,0.2571796178817749,0.2571796476840973
1785545400188446500,147710802,0.2873735725879669,0.2873736023902893,0.2571796178817749,0.2571796476840973
1785545400197903700,147730313,0.28540441393852234,0.28540441393852234,0.25722619891166687,0.2572261691093445
1785545400208962400,147744138,0.2824409604072571,0.2824409604072571,0.2588401734828949,0.2588401436805725
1785545400220047600,147744138,0.2824409604072571,0.2824409604072571,0.2588401734828949,0.2588401436805725
1785545400231240700,147763611,0.27797555923461914,0.27797552943229675,0.26121002435684204,0.26121002435684204
1785545400241104600,147777617,0.2774398624897003,0.27743983268737793,0.2605285048484802,0.2605285346508026
1785545400252151900,147777617,0.2774398624897003,0.27743983268737793,0.2605285048484802,0.2605285346508026
1785545400264855100,147797059,0.2769354581832886,0.2769354283809662,0.259603351354599,0.2596033811569214
1785545400274360700,147810809,0.27785879373550415,0.27785876393318176,0.25801584124565125,0.25801584124565125
1785545400283947700,147810809,0.27785879373550415,0.27785876393318176,0.25801584124565125,0.25801584124565125
1785545400295496700,147830310,0.27678006887435913,0.27678006887435913,0.2582842707633972,0.2582842707633972
1785545400305041600,147844120,0.2750011682510376,0.2750011682510376,0.25950199365615845,0.25950199365615845
1785545400315657600,147844120,0.2750011682510376,0.2750011682510376,0.25950199365615845,0.25950199365615845
1785545400326809400,147863673,0.2722746729850769,0.2722746729850769,0.2613656222820282,0.2613655924797058
1785545400337004100,147863673,0.2722746729850769,0.2722746729850769,0.2613656222820282,0.2613655924797058
1785545400348114100,147877454,0.2719985544681549,0.2719985544681549,0.26114803552627563,0.26114803552627563
1785545400358301300,147897056,0.2717934250831604,0.2717934250831604,0.2607632279396057,0.2607632279396057
1785545400369493000,147897056,0.2717934250831604,0.2717934250831604,0.2607632279396057,0.2607632279396057
1785545400380503600,147910793,0.27244141697883606,0.27244141697883606,0.2598455250263214,0.2598455250263214
1785545400391471000,147930387,0.27188900113105774,0.27188900113105774,0.26006871461868286,0.26006871461868286
1785545400402114600,147930387,0.27188900113105774,0.27188900113105774,0.26006871461868286,0.26006871461868286
1785545400413086500,147944139,0.2708168625831604,0.2708168625831604,0.26091548800468445,0.26091545820236206
1785545400424485000,147963684,0.2691064774990082,0.2691064774990082,0.2622811794281006,0.2622811496257782
1785545400435257900,147963684,0.2691064774990082,0.2691064774990082,0.2622811794281006,0.2622811496257782
1785545400446603800,147977476,0.26895469427108765,0.26895469427108765,0.26223787665367126,0.2622378468513489
1785545400457302500,147977476,0.26895469427108765,0.26895469427108765,0.26223787665367126,0.2622378468513489
1785545400468499800,147997160,0.2688845992088318,0.2688845992088318,0.26207447052001953,0.26207447052001953
1785545400479788600,148010801,0.26932552456855774,0.26932552456855774,0.26152750849723816,0.26152750849723816
1785545400490919500,148010801,0.26932552456855774,0.26932552456855774,0.26152750849723816,0.26152750849723816
1785545400501828200,148030422,0.26904016733169556,0.26904013752937317,0.261683851480484,0.261683851480484
1785545400513006100,148044136,0.26839664578437805,0.26839661598205566,0.2622401714324951,0.2622401714324951
1785545400522898500,148044136,0.26839664578437805,0.26839661598205566,0.2622401714324951,0.2622401714324951
1785545400534032100,148063801,0.2680145502090454,0.2680145800113678,0.26251912117004395,0.26251915097236633
1785545400543585200,148077492,0.2672218978404999,0.26722192764282227,0.2632293999195099,0.2632294297218323
1785545400555324100,148077492,0.2672218978404999,0.26722192764282227,0.2632293999195099,0.2632294297218323
1785545400564703400,148097183,0.2669666111469269,0.2669665813446045,0.2633877992630005,0.2633877694606781
1785545400575986100,148110803,0.2673579454421997,0.2673579454421997,0.26295217871665955,0.26295217871665955
1785545400586981700,148110803,0.2673579454421997,0.2673579454421997,0.26295217871665955,0.26295217871665955
1785545400598532400,148130421,0.26688727736473083,0.26688727736473083,0.26335665583610535,0.26335665583610535
1785545400609605500,148144503,0.26673001050949097,0.26673001050949097,0.26347702741622925,0.26347702741622925
1785545400620466300,148144503,0.26673001050949097,0.26673001050949097,0.26347702741622925,0.26347702741622925
1785545400631701300,148163672,0.2927192151546478,0.24038049578666687,0.2897845208644867,0.23744578659534454
1785545400644680800,148177457,0.3131241798400879,0.21980737149715424,0.3103334605693817,0.21701665222644806
1785545400654208400,148177457,0.3131241798400879,0.21980737149715424,0.3103334605693817,0.21701665222644806
1785545400665354100,148196944,0.32276245951652527,0.20986786484718323,0.32024815678596497,0.20735357701778412
1785545400676848800,148210781,0.30791255831718445,0.22494186460971832,0.305162638425827,0.2221919596195221
1785545400688110900,148210781,0.30791255831718445,0.22494186460971832,0.305162638425827,0.2221919596195221
1785545400699514300,148230470,0.31447046995162964,0.21789219975471497,0.31241774559020996,0.21583949029445648
1785545400710544000,148244120,0.3143039047718048,0.21828311681747437,0.3121199309825897,0.21609915792942047
1785545400721715200,148244120,0.3143039047718048,0.21828311681747437,0.3121199309825897,0.21609915792942047
1785545400732778300,148263703,0.29864490032196045,0.2345406860113144,0.2970036268234253,0.23289939761161804
1785545400745299900,148277680,0.26903629302978516,0.2651554346084595,0.26750388741493225,0.26362302899360657
1785545400755402600,148277680,0.26903629302978516,0.2651554346084595,0.26750388741493225,0.26362302899360657
1785545400766437800,148296993,0.24837155640125275,0.28808942437171936,0.24694642424583435,0.28666427731513977
1785545400776023100,148310793,0.26661935448646545,0.2711113393306732,0.26502183079719543,0.2695137560367584
1785545400786876400,148310793,0.26661935448646545,0.2711113393306732,0.26502183079719543,0.2695137560367584
1785545400798151600,148330285,0.2555958330631256,0.28393658995628357,0.25409090518951416,0.2824316620826721
1785545400810887700,148344135,0.23370152711868286,0.30700168013572693,0.232453852891922,0.30575400590896606
1785545400820363100,148344135,0.23370152711868286,0.30700168013572693,0.232453852891922,0.30575400590896606
1785545400831386300,148363706,0.24319767951965332,0.29867422580718994,0.24238048493862152,0.29785698652267456
1785545400841658900,148377461,0.253908634185791,0.2888374626636505,0.2529544234275818,0.28788328170776367
1785545400852794600,148377461,0.253908634185791,0.2888374626636505,0.2529544234275818,0.28788328170776367
1785545400865367600,148397060,0.26240360736846924,0.27979516983032227,0.26163747906684875,0.2790290415287018
1785545400875463500,148410787,0.2603507339954376,0.2817750573158264,0.25949352979660034,0.28091782331466675
1785545400885117500,148410787,0.2603507339954376,0.2817750573158264,0.25949352979660034,0.28091782331466675
1785545400896014900,148430439,0.25840914249420166,0.282988578081131,0.25758105516433716,0.28216052055358887
1785545400906880100,148444126,0.2591818571090698,0.28128787875175476,0.2584906816482544,0.2805967330932617
1785545400918446200,148444126,0.2591818571090698,0.28128787875175476,0.2584906816482544,0.2805967330932617
1785545400929710600,148463840,0.2590925395488739,0.2802031338214874,0.258489727973938,0.2796003520488739
1785545400941058700,148477625,0.2613106369972229,0.27676257491111755,0.2608894109725952,0.27634137868881226
1785545400950609800,148477625,0.2613106369972229,0.27676257491111755,0.2608894109725952,0.27634137868881226
1785545400961731000,148497113,0.2610417902469635,0.27568936347961426,0.2606794238090515,0.2753269672393799
1785545400972970600,148510764,0.25919362902641296,0.2770400047302246,0.2587413191795349,0.27658769488334656
1785545400983980500,148510764,0.25919362902641296,0.2770400047302246,0.2587413191795349,0.27658769488334656
1785545400995229000,148530312,0.25894397497177124,0.27654576301574707,0.25849243998527527,0.2760942578315735
1785545401006441100,148544530,0.25993573665618896,0.2749359905719757,0.2595665156841278,0.2745668292045593
1785545401017811600,148544530,0.25993573665618896,0.2749359905719757,0.2595665156841278,0.2745668292045593
1785545401028944700,148563580,0.261579692363739,0.2723618149757385,0.26134976744651794,0.27213191986083984
1785545401041474600,148577438,0.26144078373908997,0.272009015083313,0.2612307071685791,0.27179890871047974
1785545401051146800,148577438,0.26144078373908997,0.272009015083313,0.2612307071685791,0.27179890871047974
1785545401060702100,148596929,0.26104727387428284,0.2718399167060852,0.26083698868751526,0.27162954211235046
1785545401071938400,148610758,0.26014891266822815,0.2725132405757904,0.2599034309387207,0.27226775884628296
1785545401083290500,148610758,0.26014891266822815,0.2725132405757904,0.2599034309387207,0.27226775884628296
1785545401094497700,148630284,0.2603224813938141,0.27200230956077576,0.26009589433670044,0.2717756927013397
1785545401105679000,148630284,0.2603224813938141,0.27200230956077576,0.26009589433670044,0.2717756927013397
1785545401114967400,148644114,0.2610875368118286,0.2709667682647705,0.2609085142612457,0.2707877457141876
1785545401126279700,148663616,0.2623407244682312,0.269290953874588,0.2622375786304474,0.2691877782344818
1785545401137225700,148663616,0.2623407244682312,0.269290953874588,0.2622375786304474,0.2691877782344818
1785545401148683700,148677445,0.2622758448123932,0.26914846897125244,0.2621806859970093,0.2690533399581909
1785545401159959400,148696963,0.2621009051799774,0.2690836787223816,0.2620060443878174,0.26898881793022156
1785545401171033900,148696963,0.2621009051799774,0.2690836787223816,0.2620060443878174,0.26898881793022156
1785545401180450600,148710775,0.26154935359954834,0.2695409953594208,0.2614383399486542,0.26942992210388184
1785545401191652000,148730260,0.26168566942214966,0.2692592442035675,0.26158571243286133,0.2691592574119568
1785545401202737400,148730260,0.26168566942214966,0.2692592442035675,0.26158571243286133,0.2691592574119568
1785545401213924100,148744133,0.262651652097702,0.2681405544281006,0.26259058713912964,0.2680795192718506
1785545401223490400,148744133,0.262651652097702,0.2681405544281006,0.26259058713912964,0.2680795192718506
1785545401235239800,148763658,0.2630175054073334,0.2676182687282562,0.26297733187675476,0.2675780653953552
1785545401244929400,148777444,0.2629490792751312,0.2676067650318146,0.2629106044769287,0.26756832003593445
1785545401255865900,148777444,0.2629490792751312,0.2676067650318146,0.2629106044769287,0.26756832003593445
1785545401266703100,148797001,0.2629441022872925,0.26751482486724854,0.2629084587097168,0.26747918128967285
1785545401276405200,148810754,0.2626626789569855,0.2677572965621948,0.26262274384498596,0.2677173316478729
1785545401287260100,148810754,0.2626626789569855,0.2677572965621948,0.26262274384498596,0.2677173316478729
1785545401300064300,148830273,0.2627834677696228,0.267576664686203,0.26275041699409485,0.26754358410835266
1785545401309423400,148844506,0.26313623785972595,0.2671740651130676,0.26311492919921875,0.26715269684791565
1785545401320277800,148844506,0.26313623785972595,0.2671740651130676,0.26311492919921875,0.26715269684791565
1785545401331541600,148863632,0.26372119784355164,0.26651832461357117,0.26371511816978455,0.2665122449398041
1785545401341608100,148877435,0.26375675201416016,0.2664470076560974,0.2637535333633423,0.2664438486099243
1785545401352478100,148877435,0.26375675201416016,0.2664470076560974,0.2637535333633423,0.2664438486099243
1785545401363489200,148897018,0.2637098729610443,0.2664545476436615,0.26370716094970703,0.2664518654346466
1785545401375144800,148911246,0.2634878158569336,0.266659677028656,0.2634837329387665,0.2666555643081665
1785545401385215600,148911246,0.2634878158569336,0.266659677028656,0.2634837329387665,0.2666555643081665
1785545401396953900,148930268,0.2635587155818939,0.2665649354457855,0.2635575532913208,0.2665637731552124
1785545401406689900,148944091,0.26379212737083435,0.2663120925426483,0.2637956142425537,0.26631560921669006
1785545401416770200,148944091,0.26379212737083435,0.2663120925426483,0.2637956142425537,0.26631560921669006
1785545401427489200,148963637,0.26418614387512207,0.265890896320343,0.2641947269439697,0.2658994197845459
1785545401438824900,148977453,0.2642044126987457,0.26585888862609863,0.26421424746513367,0.2658686935901642
1785545401450205100,148977453,0.2642044126987457,0.26585888862609863,0.26421424746513367,0.2658686935901642
1785545401461904300,148997009,0.2641873359680176,0.2658606171607971,0.2641977071762085,0.26587095856666565
1785545401471682600,148997009,0.2641873359680176,0.2658606171607971,0.2641977071762085,0.26587095856666565
1785545401484485900,149011342,0.2640537917613983,0.2659861147403717,0.2640651762485504,0.2659974992275238
1785545401493925800,149030266,0.26410090923309326,0.26592984795570374,0.2641136050224304,0.2659425437450409
1785545401504925300,149044105,0.26424896717071533,0.26577532291412354,0.2642626464366913,0.2657890021800995
1785545401515570200,149044105,0.26424896717071533,0.26577532291412354,0.2642626464366913,0.2657890021800995
1785545401526683200,149063610,0.2644984722137451,0.26551803946495056,0.2645118236541748,0.26553139090538025
1785545401537083500,149063610,0.2644984722137451,0.26551803946495056,0.2645118236541748,0.26553139090538025
1785545401548586500,149077420,0.2645131051540375,0.26549825072288513,0.26452702283859253,0.2655121982097626
1785545401560009500,149096916,0.2645048499107361,0.26550063490867615,0.26451927423477173,0.26551511883735657
1785545401570959500,149096916,0.2645048499107361,0.26550063490867615,0.26451927423477173,0.26551511883735657
1785545401580491300,149110740,0.264427125453949,0.2655741572380066,0.2644433379173279,0.2655903697013855
1785545401591438000,149130251,0.26445549726486206,0.2655423581600189,0.26447227597236633,0.2655590772628784
1785545401602345900,149130251,0.26445549726486206,0.2655423581600189,0.26447227597236633,0.2655590772628784
1785545401613378300,149144081,0.2645454704761505,0.2654511332511902,0.26456156373023987,0.26546719670295715
1785545401624771300,149144081,0.2645454704761505,0.2654511332511902,0.26456156373023987,0.26546719670295715
1785545401633966100,149163646,0.26469963788986206,0.2652965486049652,0.2647132873535156,0.2653101682662964
1785545401645311600,149177401,0.26471060514450073,0.26528382301330566,0.264724463224411,0.26529768109321594
1785545401655472200,149177401,0.26471060514450073,0.26528382301330566,0.264724463224411,0.26529768109321594
1785545401668260900,149196979,0.2647075057029724,0.2652847170829773,0.26472172141075134,0.2652989327907562
1785545401678297200,149210794,0.26466184854507446,0.2653277516365051,0.26467785239219666,0.2653437852859497
1785545401687739500,149210794,0.26466184854507446,0.2653277516365051,0.26467785239219666,0.2653437852859497
1785545401699027600,149230377,0.26467952132225037,0.2653089165687561,0.2646956741809845,0.26532506942749023
1785545401710117600,149244079,0.26473379135131836,0.26525527238845825,0.2647486925125122,0.2652701735496521
1785545401721643800,149244079,0.26473379135131836,0.26525527238845825,0.2647486925125122,0.2652701735496521
1785545401732772300,149263782,0.26482725143432617,0.2651638984680176,0.2648391127586365,0.2651757597923279
1785545401743877500,149277454,0.2648337781429291,0.2651568353176117,0.26484566926956177,0.2651687264442444
1785545401755114700,149277454,0.2648337781429291,0.2651568353176117,0.26484566926956177,0.2651687264442444
1785545401766090300,149297007,0.26483288407325745,0.2651568651199341,0.264845073223114,0.2651689648628235
1785545401777506300,149310773,0.2648068070411682,0.2651810646057129,0.2648206055164337,0.265194833278656
1785545401788681200,149310773,0.2648068070411682,0.2651810646057129,0.2648206055164337,0.265194833278656
1785545401800120100,149330325,0.2648175060749054,0.2651700973510742,0.2648312449455261,0.26518380641937256
1785545401811255300,149344167,0.2648496925830841,0.265139102935791,0.2648620307445526,0.2651514708995819
1785545401820815200,149344167,0.2648496925830841,0.265139102935791,0.2648620307445526,0.2651514708995819
1785545401830423900,149363602,0.2639390230178833,0.2641223073005676,0.263948529958725,0.2641318738460541
1785545401841932800,149377409,0.26204240322113037,0.2622561454772949,0.2620532214641571,0.26226702332496643
1785545401854084800,149377409,0.26204240322113037,0.2622561454772949,0.2620532214641571,0.26226702332496643
1785545401863556000,149396936,0.25751563906669617,0.2576870918273926,0.25752517580986023,0.25769665837287903
1785545401875273600,149410729,0.255405992269516,0.2555995285511017,0.25541675090789795,0.25561022758483887
1785545401883958300,149410729,0.255405992269516,0.2555995285511017,0.25541675090789795,0.25561022758483887
1785545401896761100,149430278,0.24964715540409088,0.24983641505241394,0.24965815246105194,0.24984735250473022
1785545401906284200,149444354,0.243888258934021,0.24404723942279816,0.24389836192131042,0.244057297706604
1785545401917321300,149444354,0.243888258934021,0.24404723942279816,0.24389836192131042,0.244057297706604
1785545401928403800,149463599,0.23484104871749878,0.2349814474582672,0.2348507046699524,0.23499110341072083
1785545401939622400,149477656,0.22744283080101013,0.22754153609275818,0.22745072841644287,0.2275494784116745
1785545401950588200,149477656,0.22744283080101013,0.22754153609275818,0.22745072841644287,0.2275494784116745
1785545401960211200,149497098,0.21697960793972015,0.21706520020961761,0.21698713302612305,0.2170727699995041
1785545401971400100,149497098,0.21697960793972015,0.21706520020961761,0.21698713302612305,0.2170727699995041
1785545401980769800,149510755,0.21213291585445404,0.21223822236061096,0.21214182674884796,0.21224714815616608
1785545401991855900,149530437,0.2036132663488388,0.203721821308136,0.2036227285861969,0.20373126864433289
1785545402003312100,149530437,0.2036132663488388,0.203721821308136,0.2036227285861969,0.20373126864433289
1785545402014018900,149544073,0.1967572122812271,0.19685061275959015,0.19676601886749268,0.1968594193458557
1785545402024867600,149563547,0.18940944969654083,0.18947412073612213,0.1894165277481079,0.18948116898536682
1785545402034391700,149563660,0.18656572699546814,0.18662647902965546,0.18657268583774567,0.1866334229707718
1785545402047483800,149577415,0.17876183986663818,0.17881596088409424,0.17876864969730377,0.17882274091243744
1785545402056939400,149577415,0.17876183986663818,0.17881596088409424,0.17876864969730377,0.17882274091243744
1785545402068232500,149596926,0.16769322752952576,0.16774459183216095,0.16770009696483612,0.1677514612674713
1785545402080908100,149610731,0.16256392002105713,0.16262280941009521,0.1625717133283615,0.1626306027173996
1785545402090317400,149610731,0.16256392002105713,0.16262280941009521,0.1625717133283615,0.1626306027173996
1785545402101622400,149630348,0.1539088487625122,0.15396645665168762,0.1539168804883957,0.1539745330810547
1785545402113893800,149644500,0.1468072384595871,0.14685557782649994,0.1468147486448288,0.14686313271522522
1785545402123437000,149644500,0.1468072384595871,0.14685557782649994,0.1468147486448288,0.14686313271522522
1785545402133970800,149663706,0.1366865485906601,0.13671714067459106,0.136692613363266,0.13672322034835815
1785545402145000300,149677422,0.12885494530200958,0.12887991964817047,0.1288606822490692,0.1288856714963913
1785545402155073300,149677422,0.12885494530200958,0.12887991964817047,0.1288606822490692,0.1288856714963913
1785545402166064900,149697358,0.11864276975393295,0.11866449564695358,0.11864843219518661,0.11867015063762665
1785545402177329600,149710774,0.11406276375055313,0.11408716440200806,0.11406905949115753,0.11409344524145126
1785545402188458600,149710774,0.11406276375055313,0.11408716440200806,0.11406905949115753,0.11409344524145126
1785545402199895300,149730420,0.10768654197454453,0.1077098548412323,0.10769303143024445,0.10771632939577103
1785545402211090200,149744108,0.10395263135433197,0.10397131741046906,0.10395871102809906,0.10397739708423615
1785545402222049100,149744108,0.10395263135433197,0.10397131741046906,0.10395871102809906,0.10397739708423615
1785545402231773700,149763792,0.10033652186393738,0.10034601390361786,0.10034140199422836,0.10035088658332825
1785545402243302500,149777409,0.150055930018425,0.15006200969219208,0.15006037056446075,0.15006646513938904
1785545402254317500,149777409,0.150055930018425,0.15006200969219208,0.15006037056446075,0.15006646513938904
1785545402265422200,149796957,0.1958160400390625,0.19581899046897888,0.19581985473632812,0.1958228200674057
1785545402276841000,149810748,0.2169531285762787,0.21695595979690552,0.21695689857006073,0.21695972979068756
1785545402287988000,149810748,0.2169531285762787,0.21695595979690552,0.21695689857006073,0.21695972979068756
1785545402298851600,149830217,0.23603422939777374,0.23603586852550507,0.23603759706020355,0.23603923618793488
1785545402309907600,149844074,0.2448955625295639,0.24489524960517883,0.24489842355251312,0.24489806592464447
1785545402321335000,149844074,0.2448955625295639,0.24489524960517883,0.24489842355251312,0.24489806592464447
1785545402332061200,149863629,0.2529100477695465,0.25290706753730774,0.2529119849205017,0.25290900468826294
1785545402341369000,149877380,0.256595253944397,0.2565920650959015,0.2565973997116089,0.2565942406654358
1785545402352722200,149877380,0.256595253944397,0.2565920650959015,0.2565973997116089,0.2565942406654358
1785545402365146700,149896929,0.2599406838417053,0.25993695855140686,0.25994250178337097,0.2599387466907501
1785545402375329800,149910712,0.26148560643196106,0.26148152351379395,0.26148760318756104,0.2614835500717163
1785545402386947200,149910712,0.26148560643196106,0.26148152351379395,0.26148760318756104,0.2614835500717163
1785545402397185600,149930549,0.2628871202468872,0.2628825306892395,0.26288941502571106,0.26288482546806335
1785545402408375400,149944079,0.2374730259180069,0.23746788501739502,0.289592444896698,0.2895873188972473
1785545402420127700,149944079,0.2374730259180069,0.23746788501739502,0.289592444896698,0.2895873188972473
1785545402429062900,149963651,0.21758881211280823,0.21758297085762024,0.3106512725353241,0.3106454610824585
1785545402440018900,149977417,0.20529544353485107,0.20528993010520935,0.3234817683696747,0.32347625494003296
1785545402450775400,149977417,0.20529544353485107,0.20528993010520935,0.3234817683696747,0.32347625494003296
1785545402461861800,149997041,0.20159272849559784,0.20158740878105164,0.32771894335746765,0.32771357893943787
1785545402473122200,150011302,0.21589747071266174,0.21589137613773346,0.31366685032844543,0.31366074085235596
1785545402483385200,150011302,0.21589747071266174,0.21589137613773346,0.31366685032844543,0.31366074085235596
1785545402494503900,150030870,0.22432713210582733,0.224320650100708,0.3055887222290039,0.3055822551250458
1785545402503938500,150030870,0.22432713210582733,0.224320650100708,0.3055887222290039,0.3055822551250458
1785545402515901600,150044092,0.23748931288719177,0.2374834567308426,0.2934528887271881,0.29344698786735535
1785545402525771200,150063834,0.2414136677980423,0.24140794575214386,0.29179155826568604,0.2917858064174652
1785545402536771500,150063834,0.2414136677980423,0.24140794575214386,0.29179155826568604,0.2917858064174652
1785545402547747000,150077451,0.240647554397583,0.24064143002033234,0.2943340539932251,0.29432791471481323
1785545402558735300,150097119,0.24225318431854248,0.2422471046447754,0.29592129588127136,0.2959151864051819
1785545402569898800,150097119,0.24225318431854248,0.2422471046447754,0.29592129588127136,0.2959151864051819
1785545402581404200,150110788,0.24007704854011536,0.2400704175233841,0.29954540729522705,0.29953882098197937
1785545402592393200,150110788,0.24007704854011536,0.2400704175233841,0.29954540729522705,0.29953882098197937
1785545402601574800,150130448,0.2436036318540573,0.24359695613384247,0.29847797751426697,0.29847127199172974
1785545402614320200,150144094,0.24935263395309448,0.2493462860584259,0.29512858390808105,0.2951222360134125
1785545402623743200,150144094,0.24935263395309448,0.2493462860584259,0.29512858390808105,0.2951222360134125
1785545402636889500,150163817,0.25888025760650635,0.25887495279312134,0.2911153733730316,0.2911100685596466
1785545402648004000,150177396,0.2605670690536499,0.2605617046356201,0.29301169514656067,0.2930063009262085
1785545402657211100,150177396,0.2605670690536499,0.2605617046356201,0.29301169514656067,0.2930063009262085
1785545402667919900,150197122,0.26299411058425903,0.26298877596855164,0.29589226841926575,0.29588693380355835
1785545402678548100,150210770,0.26188650727272034,0.2618805766105652,0.2993999719619751,0.2993941009044647
1785545402689231900,150210770,0.26188650727272034,0.2618805766105652,0.2993999719619751,0.2993941009044647
1785545402700115700,150230432,0.2650707960128784,0.26506489515304565,0.29975101351737976,0.299745112657547
1785545402710783300,150244065,0.269609272480011,0.26960381865501404,0.2981906831264496,0.29818519949913025
1785545402723561100,150244065,0.269609272480011,0.26960381865501404,0.2981906831264496,0.29818519949913025
1785545402733440200,150263642,0.27701181173324585,0.277007520198822,0.296774297952652,0.2967699468135834
1785545402743693900,150277402,0.278774231672287,0.2787700891494751,0.29877814650535583,0.29877394437789917
1785545402754889700,150277402,0.278774231672287,0.2787700891494751,0.29877814650535583,0.29877394437789917
1785545402764448800,150296945,0.28118494153022766,0.28118062019348145,0.30155855417251587,0.30155429244041443
1785545402775821100,150310722,0.2809249460697174,0.2809201180934906,0.30420657992362976,0.30420175194740295
1785545402787098700,150310722,0.2809249460697174,0.2809201180934906,0.30420657992362976,0.30420175194740295
1785545402798465400,150330335,0.28360244631767273,0.2835977077484131,0.30485180020332336,0.3048471510410309
1785545402811210500,150344392,0.2869406044483185,0.2869364023208618,0.3042493164539337,0.3042452037334442
1785545402821139800,150344392,0.2869406044483185,0.2869364023208618,0.3042493164539337,0.3042452037334442
1785545402830843100,150363578,0.2921260893344879,0.29212287068367004,0.30404478311538696,0.3040415644645691
1785545402842118100,150377414,0.2936757802963257,0.2936725914478302,0.3056812882423401,0.3056780993938446
1785545402851601800,150377414,0.2936757802963257,0.2936725914478302,0.3056812882423401,0.3056780993938446
1785545402862969700,150397013,0.29561254382133484,0.29560932517051697,0.30796778202056885,0.307964563369751
1785545402874127000,150410707,0.29570329189300537,0.29569968581199646,0.30980804562568665,0.30980443954467773
1785545402885140500,150410707,0.29570329189300537,0.29569968581199646,0.30980804562568665,0.30980443954467773
1785545402894502200,150430369,0.29767030477523804,0.2976668179035187,0.31047117710113525,0.3104676306247711
1785545402907051900,150444066,0.29990917444229126,0.2999061644077301,0.31030967831611633,0.3103066384792328
1785545402915600100,150444066,0.29990917444229126,0.2999061644077301,0.31030967831611633,0.3103066384792328
1785545402926872900,150463753,0.30350372195243835,0.3035013675689697,0.3105175197124481,0.3105151355266571
1785545402936795700,150463753,0.30350372195243835,0.3035013675689697,0.3105175197124481,0.3105151355266571
1785545402947565600,150477387,0.30350568890571594,0.3035029470920563,0.3122521638870239,0.31224942207336426
1785545402958852000,150497222,0.3060968816280365,0.3060947358608246,0.31297215819358826,0.31297001242637634
1785545402970092600,150497222,0.3060968816280365,0.3060947358608246,0.31297215819358826,0.31297001242637634
1785545402981574000,150510725,0.30637744069099426,0.30637502670288086,0.31419092416763306,0.31418848037719727
1785545402992686600,150530336,0.3321576714515686,0.3321552574634552,0.290409654378891,0.2904072403907776
1785545403005302000,150530336,0.3321576714515686,0.3321552574634552,0.290409654378891,0.2904072403907776
1785545403015275300,150544044,0.3519105017185211,0.3519083857536316,0.27217987179756165,0.2721777558326721
1785545403024806900,150563592,0.3599758744239807,0.3599742352962494,0.2657317817211151,0.26573023200035095
1785545403035981500,150563592,0.3599758744239807,0.3599742352962494,0.2657317817211151,0.26573023200035095
1785545403047438200,150577375,0.3673222064971924,0.36732062697410583,0.2579840123653412,0.257982462644577
1785545403060018600,150596926,0.3472422957420349,0.3472408652305603,0.27370044589042664,0.27369895577430725
1785545403069707800,150596926,0.3472422957420349,0.3472408652305603,0.27370044589042664,0.27369895577430725
1785545403080507400,150610716,0.34100425243377686,0.34100255370140076,0.2779308557510376,0.27792906761169434
1785545403090050000,150610716,0.34100425243377686,0.34100255370140076,0.2779308557510376,0.27792906761169434
1785545403101543800,150630347,0.3354068100452423,0.33540523052215576,0.2780032455921173,0.2780015766620636
1785545403112660300,150644416,0.3286319971084595,0.328630656003952,0.2781532108783722,0.2781517505645752
1785545403123609300,150644416,0.3286319971084595,0.328630656003952,0.2781532108783722,0.2781517505645752
1785545403135213300,150663633,0.31641897559165955,0.3164181113243103,0.27769601345062256,0.2776951789855957
1785545403145009700,150677392,0.31359657645225525,0.31359565258026123,0.2727864384651184,0.2727855145931244
1785545403155848500,150677392,0.31359657645225525,0.31359565258026123,0.2727864384651184,0.2727855145931244
1785545403165457400,150697144,0.30974265933036804,0.30974167585372925,0.26702138781547546,0.26702043414115906
1785545403176947500,150710695,0.31056833267211914,0.310567170381546,0.2618895471096039,0.26188841462135315
1785545403186383700,150710695,0.31056833267211914,0.310567170381546,0.2618895471096039,0.26188841462135315
1785545403196815500,150730387,0.30610573291778564,0.3061046004295349,0.2608693540096283,0.26086825132369995
1785545403207961000,150744024,0.301839143037796,0.3018381595611572,0.2640793025493622,0.2640783488750458
1785545403220520200,150744024,0.301839143037796,0.3018381595611572,0.2640793025493622,0.2640783488750458
1785545403230233300,150763808,0.2978610396385193,0.29786035418510437,0.2709221839904785,0.2709214687347412
1785545403241337100,150777381,0.3009006679058075,0.30090004205703735,0.273537278175354,0.27353665232658386
1785545403252440600,150777381,0.3009006679058075,0.30090004205703735,0.273537278175354,0.27353665232658386
1785545403261970700,150796983,0.30747127532958984,0.3074706494808197,0.27987542748451233,0.2798747718334198
1785545403273323900,150810690,0.3122420608997345,0.3122413456439972,0.28098946809768677,0.28098875284194946
1785545403283639200,150810690,0.3122420608997345,0.3122413456439972,0.28098946809768677,0.28098875284194946
1785545403294750900,150830329,0.31462791562080383,0.31462743878364563,0.2919646203517914,0.2919641435146332
1785545403304009800,150830329,0.31462791562080383,0.31462743878364563,0.2919646203517914,0.2919641435146332
1785545403315098400,150844040,0.3216446042060852,0.32164403796195984,0.2970104515552521,0.2970098853111267
1785545403326353000,150863553,0.3277159333229065,0.3277154862880707,0.3099033534526825,0.30990293622016907
1785545403337114000,150863553,0.3277159333229065,0.3277154862880707,0.3099033534526825,0.30990293622016907
1785545403348175600,150877368,0.33474001288414,0.3347395062446594,0.3178483843803406,0.31784787774086
1785545403359157800,150896930,0.34503042697906494,0.3450300693511963,0.32912880182266235,0.3291284143924713
1785545403370147400,150896930,0.34503042697906494,0.3450300693511963,0.32912880182266235,0.3291284143924713
1785545403381546000,150910671,0.3510260283946991,0.35102564096450806,0.333048552274704,0.33304813504219055
1785545403392966800,150930360,0.35673758387565613,0.35673728585243225,0.3442966639995575,0.34429633617401123
1785545403404009000,150930360,0.35673758387565613,0.35673728585243225,0.3442966639995575,0.34429633617401123
1785545403415188200,150943995,0.3637644350528717,0.36376407742500305,0.34973132610321045,0.3497309684753418
1785545403426315200,150963506,0.36942464113235474,0.369424432516098,0.3594459891319275,0.3594457805156708
1785545403437537500,150963506,0.36942464113235474,0.369424432516098,0.3594459891319275,0.3594457805156708
1785545403448725000,150977346,0.3736477196216583,0.37364745140075684,0.3640662133693695,0.3640660047531128
1785545403460304000,150996876,0.3775867223739624,0.37758657336235046,0.36844417452812195,0.3684440553188324
1785545403471590100,151010664,0.3801702558994293,0.380170077085495,0.3696984648704529,0.36969828605651855
1785545403481840600,151010664,0.3801702558994293,0.380170077085495,0.3696984648704529,0.36969828605651855
1785545403492890100,151030250,0.3350873589515686,0.3350870907306671,0.3276245594024658,0.32762429118156433
1785545403503685600,151030250,0.3350873589515686,0.3350870907306671,0.3276245594024658,0.32762429118156433
1785545403515528300,151044016,0.31590452790260315,0.3159042298793793,0.30682530999183655,0.3068249821662903
1785545403525227100,151063485,0.29681769013404846,0.2968175709247589,0.2894565165042877,0.2894563674926758
1785545403536768300,151063485,0.29681769013404846,0.2968175709247589,0.2894565165042877,0.2894563674926758
1785545403549433900,151077349,0.28830280900001526,0.28830263018608093,0.28100454807281494,0.2810043692588806
1785545403558869600,151096936,0.28049954771995544,0.2804993689060211,0.273388147354126,0.27338793873786926
1785545403569924500,151096936,0.28049954771995544,0.2804993689060211,0.273388147354126,0.27338793873786926
1785545403581212400,151110666,0.27744680643081665,0.27744656801223755,0.2693950831890106,0.2693948447704315
1785545403590376100,151110666,0.27744680643081665,0.27744656801223755,0.2693950831890106,0.2693948447704315
1785545403601695300,151130338,0.27399858832359314,0.27399832010269165,0.2663780748844147,0.26637783646583557
1785545403612452900,151143998,0.27264493703842163,0.27264484763145447,0.266228586435318,0.26622849702835083
1785545403623525500,151143998,0.27264493703842163,0.27264484763145447,0.266228586435318,0.26622849702835083
1785545403634986300,151163491,0.27291837334632874,0.2729182541370392,0.2685289680957794,0.26852890849113464
1785545403646100700,151177324,0.27561140060424805,0.2756112217903137,0.27132561802864075,0.2713254988193512
1785545403657247400,151177324,0.27561140060424805,0.2756112217903137,0.27132561802864075,0.2713254988193512
1785545403668518100,151197021,0.28206178545951843,0.2820616066455841,0.2777738869190216,0.2777737081050873
1785545403679820500,151210650,0.2852652370929718,0.2852650582790375,0.28040286898612976,0.28040266036987305
1785545403690765300,151210650,0.2852652370929718,0.2852650582790375,0.28040286898612976,0.28040266036987305
1785545403702031900,151230199,0.29168036580085754,0.2916802167892456,0.2872081398963928,0.2872079610824585
1785545403711695600,151243999,0.2974119186401367,0.2974117696285248,0.29378458857536316,0.29378437995910645
1785545403721659500,151243999,0.2974119186401367,0.2974117696285248,0.29378458857536316,0.29378437995910645
1785545403734316800,151263491,0.30670222640037537,0.306702196598053,0.30355051159858704,0.3035505414009094
1785545403744009600,151277348,0.313660591840744,0.31366056203842163,0.31150391697883606,0.31150394678115845
1785545403755114200,151277348,0.313660591840744,0.31366056203842163,0.31150391697883606,0.31150394678115845
1785545403766413300,151296843,0.32419872283935547,0.3241986334323883,0.3222673237323761,0.3222672641277313
1785545403777690500,151310667,0.32938501238822937,0.3293849229812622,0.3269496262073517,0.3269495666027069
1785545403788827300,151310667,0.32938501238822937,0.3293849229812622,0.3269496262073517,0.3269495666027069
1785545403800141800,151330158,0.33784815669059753,0.33784809708595276,0.3355354070663452,0.33553531765937805
1785545403810826700,151343990,0.34453028440475464,0.34453022480010986,0.342701256275177,0.34270116686820984
1785545403821803000,151343990,0.34453028440475464,0.34453022480010986,0.342701256275177,0.34270116686820984
1785545403832923200,151363505,0.354505717754364,0.35450565814971924,0.35338377952575684,0.35338371992111206
1785545403843907100,151377334,0.36234748363494873,0.36234739422798157,0.3612103760242462,0.36121028661727905
1785545403855313300,151377334,0.36234748363494873,0.36234739422798157,0.3612103760242462,0.36121028661727905
1785545403866305600,151396868,0.3734177052974701,0.3734176456928253,0.37226396799087524,0.37226390838623047
1785545403875864400,151410680,0.37857916951179504,0.37857910990715027,0.3772597312927246,0.37725964188575745
1785545403886813600,151410680,0.37857916951179504,0.37857910990715027,0.3772597312927246,0.37725964188575745
1785545403899049000,151430194,0.38706305623054504,0.38706299662590027,0.38592392206192017,0.3859238624572754
1785545403908625500,151444002,0.39396026730537415,0.3939603269100189,0.39308851957321167,0.39308857917785645
1785545403919930200,151444002,0.39396026730537415,0.3939603269100189,0.39308851957321167,0.39308857917785645
1785545403931078400,151463459,0.4041047990322113,0.4041048288345337,0.40356916189193726,0.40356922149658203
1785545403940513800,151477332,0.41196784377098083,0.41196784377098083,0.4113907814025879,0.4113908112049103
1785545403951530800,151477332,0.41196784377098083,0.41196784377098083,0.4113907814025879,0.4113908112049103
1785545403963035300,151496859,0.423003226518631,0.4230031967163086,0.42241784930229187,0.4224178194999695
1785545403974109500,151510674,0.4281342327594757,0.4281342327594757,0.4274696111679077,0.4274695813655853
1785545403985350100,151510674,0.4281342327594757,0.4281342327594757,0.4274696111679077,0.4274695813655853
1785545403995223400,151530206,0.4366871118545532,0.4366871118545532,0.43613001704216003,0.43613001704216003
1785545404004890500,151543989,0.4436017572879791,0.4436017572879791,0.4432843327522278,0.4432843327522278
1785545404016201700,151543989,0.4436017572879791,0.4436017572879791,0.4432843327522278,0.4432843327522278
1785545404027313100,151563608,0.4540482759475708,0.4540482759475708,0.45375388860702515,0.45375388860702515
1785545404036957500,151563608,0.4540482759475708,0.4540482759475708,0.45375388860702515,0.45375388860702515
1785545404048092700,151577342,0.46181681752204895,0.46181681752204895,0.4614962339401245,0.4614962339401245
1785545404059360900,151596880,0.47294482588768005,0.47294482588768005,0.4726577401161194,0.4726577401161194
1785545404070470300,151596880,0.47294482588768005,0.47294482588768005,0.4726577401161194,0.4726577401161194
1785545404080069300,151610665,0.47807419300079346,0.47807419300079346,0.4777553379535675,0.4777553379535675
1785545404091180100,151610665,0.47807419300079346,0.47807419300079346,0.4777553379535675,0.4777553379535675
1785545404100756500,151630260,0.4865780174732208,0.4865780174732208,0.4863881766796112,0.4863881468772888
1785545404111878300,151644013,0.49366796016693115,0.49366796016693115,0.4934345781803131,0.4934345781803131
1785545404121833400,151644013,0.49366796016693115,0.49366796016693115,0.4934345781803131,0.4934345781803131
1785545404132865800,151663654,0.5040291547775269,0.5040291547775269,0.5038773417472839,0.5038773417472839
1785545404144001100,151677367,0.5118440985679626,0.5118440985679626,0.5116983652114868,0.5116983652114868
1785545404155148100,151677367,0.5118440985679626,0.5118440985679626,0.5116983652114868,0.5116983652114868
1785545404166353700,151696954,0.5228057503700256,0.5228057503700256,0.5226706266403198,0.5226706266403198
1785545404177418500,151710634,0.5278899073600769,0.5278899073600769,0.5277340412139893,0.5277340412139893
1785545404188420500,151710634,0.5278899073600769,0.5278899073600769,0.5277340412139893,0.5277340412139893
1785545404199950400,151730248,0.5364780426025391,0.5364780426025391,0.5363482236862183,0.5363482236862183
1785545404210918600,151743983,0.5427631735801697,0.5427631735801697,0.5426956415176392,0.5426956415176392
1785545404222020600,151743983,0.5427631735801697,0.5427631735801697,0.5426956415176392,0.5426956415176392
1785545404233107200,151763662,0.5505697131156921,0.5505697131156921,0.5505050420761108,0.5505050420761108
1785545404241816400,151777317,0.5549674034118652,0.5549674034118652,0.5548964142799377,0.5548964142799377
1785545404252969500,151777317,0.5549674034118652,0.5549674034118652,0.5548964142799377,0.5548964142799377
1785545404264430300,151796835,0.559162974357605,0.559162974357605,0.5591014623641968,0.5591014623641968
1785545404275639700,151810663,0.5611031651496887,0.5611031651496887,0.5610346794128418,0.5610346794128418
1785545404286842600,151810663,0.5611031651496887,0.5611031651496887,0.5610346794128418,0.5610346794128418
1785545404296932200,151830232,0.4430709183216095,0.4430709183216095,0.4430203139781952,0.4430203139781952
1785545404309454400,151844314,0.38768017292022705,0.38768017292022705,0.38763943314552307,0.3876394033432007
1785545404320606100,151844314,0.38768017292022705,0.38768017292022705,0.38763943314552307,0.3876394033432007
1785545404330041200,151863514,0.3394686281681061,0.33946865797042847,0.33942344784736633,0.33942344784736633
1785545404343235400,151877315,0.31678488850593567,0.3167848587036133,0.3167571723461151,0.3167571425437927
1785545404353951400,151877315,0.31678488850593567,0.3167848587036133,0.3167571723461151,0.3167571425437927
1785545404363690000,151896858,0.2961711585521698,0.2961711287498474,0.29614678025245667,0.29614681005477905
1785545404375215200,151910636,0.2866728603839874,0.2866728603839874,0.28663939237594604,0.28663939237594604
1785545404385163500,151910636,0.2866728603839874,0.2866728603839874,0.28663939237594604,0.28663939237594604
1785545404396308300,151930787,0.2778763771057129,0.2778763771057129,0.27784496545791626,0.27784493565559387
1785545404409168100,151944074,0.2740560472011566,0.2740560472011566,0.2740389108657837,0.2740388810634613
1785545404418355000,151944074,0.2740560472011566,0.2740560472011566,0.2740389108657837,0.2740388810634613
1785545404429957500,151963760,0.27042046189308167,0.27042046189308167,0.2704126238822937,0.2704126536846161
1785545404441580700,151977375,0.2687901556491852,0.2687901556491852,0.2687833309173584,0.2687833607196808
1785545404452738700,151977375,0.2687901556491852,0.2687901556491852,0.2687833309173584,0.2687833607196808
1785545404464063300,151997107,0.24095067381858826,0.293599009513855,0.2409452646970749,0.29359355568885803
1785545404476798200,152010667,0.24574850499629974,0.28742462396621704,0.24574238061904907,0.2874184846878052
1785545404487620000,152010667,0.24574850499629974,0.28742462396621704,0.24574238061904907,0.2874184846878052
1785545404496801000,152030199,0.22838516533374786,0.3035227060317993,0.22838208079338074,0.303519606590271
1785545404509531500,152043969,0.21058227121829987,0.3207441568374634,0.21058332920074463,0.3207452595233917
1785545404518885400,152043969,0.21058227121829987,0.3207441568374634,0.21058332920074463,0.3207452595233917
1785545404529993200,152063549,0.20290228724479675,0.32800155878067017,0.20290818810462952,0.3280074894428253
1785545404540095500,152077401,0.21113792061805725,0.3195730447769165,0.2111441045999527,0.31957921385765076
1785545404550736000,152077401,0.21113792061805725,0.3195730447769165,0.2111441045999527,0.31957921385765076
1785545404561720400,152096969,0.23295235633850098,0.29833853244781494,0.23295995593070984,0.2983461022377014
1785545404572955200,152110639,0.2325439453125,0.29901134967803955,0.23255228996276855,0.2990196645259857
1785545404582889500,152110639,0.2325439453125,0.29901134967803955,0.23255228996276855,0.2990196645259857
1785545404594166900,152130366,0.23285189270973206,0.2996584475040436,0.23286153376102448,0.2996680736541748
1785545404605150300,152130366,0.23285189270973206,0.2996584475040436,0.23286153376102448,0.2996680736541748
1785545404614969700,152143982,0.23750707507133484,0.29642605781555176,0.2375176101922989,0.2964365780353546
1785545404626339800,152163617,0.24715811014175415,0.29082319140434265,0.24716870486736298,0.2908337414264679
1785545404637545500,152163617,0.24715811014175415,0.29082319140434265,0.24716870486736298,0.2908337414264679
1785545404648801900,152177306,0.24846258759498596,0.2923353314399719,0.248473659157753,0.29234641790390015
1785545404661619100,152196949,0.2506859302520752,0.2945307195186615,0.25069737434387207,0.294542133808136
1785545404671265700,152196949,0.2506859302520752,0.2945307195186615,0.25069737434387207,0.294542133808136
1785545404681248300,152210666,0.2488211840391159,0.29840534925460815,0.24883390963077545,0.2984180152416229
1785545404692776400,152230191,0.25215622782707214,0.298190712928772,0.2521694004535675,0.2982039153575897
1785545404705171400,152230191,0.25215622782707214,0.298190712928772,0.2521694004535675,0.2982039153575897
1785545404715071400,152244007,0.2574608325958252,0.2957106828689575,0.2574736475944519,0.29572346806526184
1785545404724779700,152263575,0.2661761939525604,0.2929489314556122,0.26618722081184387,0.29295992851257324
1785545404735101100,152263575,0.2661761939525604,0.2929489314556122,0.26618722081184387,0.29295992851257324
1785545404747903400,152277297,0.2680324614048004,0.29491910338401794,0.2680436372756958,0.29493024945259094
1785545404757280100,152277297,0.2680324614048004,0.29491910338401794,0.2680436372756958,0.29493024945259094
1785545404768578400,152296823,0.2705496847629547,0.29781636595726013,0.2705611288547516,0.297827810049057
1785545404779995700,152310632,0.2698545753955841,0.30101630091667175,0.2698673903942108,0.30102911591529846
1785545404789529500,152310632,0.2698545753955841,0.30101630091667175,0.2698673903942108,0.30102911591529846
1785545404800391800,152330159,0.27287471294403076,0.3015352487564087,0.27288752794265747,0.3015481233596802
1785545404811592300,152344076,0.2997259795665741,0.27763831615448,0.2997378408908844,0.27765023708343506
1785545404821448900,152344076,0.2997259795665741,0.27763831615448,0.2997378408908844,0.27765023708343506
1785545404832392200,152363433,0.32509031891822815,0.2561895251274109,0.3251017928123474,0.25620099902153015
1785545404843391300,152377296,0.3420778512954712,0.24306897819042206,0.34208759665489197,0.24307869374752045
1785545404855439700,152377296,0.3420778512954712,0.24306897819042206,0.34208759665489197,0.24307869374752045
1785545404865138800,152396818,0.3452341556549072,0.24305354058742523,0.3452434837818146,0.2430628091096878
1785545404876884000,152410578,0.32986751198768616,0.25986695289611816,0.32987838983535767,0.2598777711391449
1785545404887691200,152410578,0.32986751198768616,0.25986695289611816,0.32987838983535767,0.2598777711391449
1785545404898820100,152430127,0.32222458720207214,0.26736560463905334,0.32223567366600037,0.26737672090530396
1785545404910021100,152443953,0.31636863946914673,0.27061283588409424,0.31637877225875854,0.27062299847602844
1785545404921398600,152443953,0.31636863946914673,0.27061283588409424,0.31637877225875854,0.27062299847602844
1785545404930711400,152463504,0.30687546730041504,0.27214881777763367,0.30688345432281494,0.27215683460235596
1785545404941947800,152477292,0.3057776987552643,0.2681543529033661,0.3057858347892761,0.26816245913505554
1785545404953175600,152477292,0.3057776987552643,0.2681543529033661,0.3057858347892761,0.26816245913505554
1785545404963331100,152496847,0.30346769094467163,0.2637946307659149,0.3034760057926178,0.2638029158115387
1785545404974453600,152510632,0.3046683371067047,0.259528249502182,0.3046777546405792,0.2595377266407013
1785545404983910000,152510632,0.3046683371067047,0.259528249502182,0.3046777546405792,0.2595377266407013
1785545404995244600,152530134,0.30108436942100525,0.2591201961040497,0.3010936975479126,0.25912952423095703
1785545405006461400,152543960,0.29625794291496277,0.2609896957874298,0.29626625776290894,0.2609979808330536
1785545405017026300,152543960,0.29625794291496277,0.2609896957874298,0.29626625776290894,0.2609979808330536
1785545405028269500,152563463,0.2889019548892975,0.26352769136428833,0.28890830278396606,0.2635340690612793
1785545405038293400,152577282,0.2877178490161896,0.26190945506095886,0.2877241373062134,0.26191580295562744
1785545405051123900,152577282,0.2877178490161896,0.26190945506095886,0.2877241373062134,0.26191580295562744
1785545405060591700,152597003,0.28643280267715454,0.25977325439453125,0.28643932938575745,0.25977975130081177
1785545405071732200,152610631,0.28759247064590454,0.2570689916610718,0.28759992122650146,0.2570764124393463
1785545405082939800,152610631,0.28759247064590454,0.2570689916610718,0.28759992122650146,0.2570764124393463
1785545405092634400,152630243,0.2856665551662445,0.25706246495246887,0.2856738865375519,0.25706973671913147
1785545405103669800,152630243,0.2856665551662445,0.25706246495246887,0.2856738865375519,0.25706973671913147
1785545405114489400,152643976,0.28268271684646606,0.25870081782341003,0.2826891541481018,0.2587072253227234
1785545405127424700,152663456,0.27815499901771545,0.26111817359924316,0.2781597971916199,0.2611229419708252
1785545405136815800,152663456,0.27815499901771545,0.26111817359924316,0.2781597971916199,0.2611229419708252
1785545405147920000,152677292,0.277604877948761,0.2604578733444214,0.27760958671569824,0.26046258211135864
1785545405158987100,152696831,0.2770880460739136,0.2595209777355194,0.277092844247818,0.2595258057117462
1785545405169857300,152696831,0.2770880460739136,0.2595209777355194,0.277092844247818,0.2595258057117462
1785545405180113000,152710610,0.2780328094959259,0.25790706276893616,0.27803826332092285,0.25791260600090027
1785545405191346400,152710610,0.2780328094959259,0.25790706276893616,0.27803826332092285,0.25791260600090027
1785545405200881100,152730113,0.27697861194610596,0.2581470012664795,0.27698397636413574,0.2581523656845093
1785545405211983700,152743972,0.27516934275627136,0.25938913226127625,0.275174081325531,0.2593938410282135
1785545405221700600,152743972,0.27516934275627136,0.25938913226127625,0.275174081325531,0.2593938410282135
1785545405232460500,152763565,0.27330297231674194,0.258805513381958,0.27330729365348816,0.2588098347187042
1785545405243636100,152777264,0.2693261206150055,0.25875523686408997,0.2693294882774353,0.2587586045265198
1785545405255019200,152777264,0.2693261206150055,0.25875523686408997,0.2693294882774353,0.2587586045265198
1785545405265943400,152796788,0.2643430531024933,0.25435352325439453,0.2643461227416992,0.25435662269592285
1785545405276588800,152810573,0.2633219361305237,0.2510412633419037,0.26332563161849976,0.25104501843452454
1785545405287635100,152810573,0.2633219361305237,0.2510412633419037,0.26332563161849976,0.25104501843452454
1785545405300077500,152830170,0.2575160264968872,0.24517688155174255,0.25751993060112,0.24518080055713654
1785545405309624500,152843925,0.2509172558784485,0.24024665355682373,0.25092077255249023,0.24025018513202667
1785545405320964000,152843925,0.2509172558784485,0.24024665355682373,0.25092077255249023,0.24025018513202667
1785545405331643300,152863514,0.24017837643623352,0.23253612220287323,0.24018095433712006,0.23253870010375977
1785545405341562400,152877252,0.23285338282585144,0.22536242008209229,0.2328559309244156,0.22536498308181763
1785545405353706000,152877252,0.23285338282585144,0.22536242008209229,0.2328559309244156,0.22536498308181763
1785545405362966800,152896810,0.22235505282878876,0.21469204127788544,0.22235772013664246,0.21469472348690033
1785545405374373500,152910596,0.21807518601417542,0.20923054218292236,0.21807824075222015,0.2092336118221283
1785545405383802900,152910596,0.21807518601417542,0.20923054218292236,0.21807824075222015,0.2092336118221283
1785545405395205800,152930098,0.20884595811367035,0.20159979164600372,0.20884858071804047,0.20160239934921265
1785545405404694800,152930098,0.20884595811367035,0.20159979164600372,0.20884858071804047,0.20160239934921265
1785545405416324700,152944342,0.20145340263843536,0.1947544813156128,0.20145587623119354,0.1947569102048874
1785545405427534200,152963436,0.19119137525558472,0.18498727679252625,0.19119371473789215,0.1849895864725113
1785545405438521100,152977263,0.18330956995487213,0.17728735506534576,0.18331186473369598,0.17728963494300842
1785545405450878300,152977263,0.18330956995487213,0.17728735506534576,0.18331186473369598,0.17728963494300842
1785545405460408700,152996768,0.17212875187397003,0.16641859710216522,0.17213094234466553,0.16642078757286072
1785545405469970900,152996768,0.17212875187397003,0.16641859710216522,0.17213094234466553,0.16642078757286072
1785545405481318200,153010589,0.16728763282299042,0.16107188165187836,0.16729000210762024,0.16107428073883057
1785545405490787900,153030031,0.16100817918777466,0.15495432913303375,0.1610105186700821,0.1549566686153412
1785545405503561100,153030133,0.15863998234272003,0.1525299996137619,0.15864233672618866,0.15253236889839172
1785545405513015800,153043926,0.15129992365837097,0.14583954215049744,0.15130211412906647,0.14584171772003174
1785545405524254500,153063447,0.14027339220046997,0.13621191680431366,0.14027507603168488,0.13621360063552856
1785545405535324500,153063447,0.14027339220046997,0.13621191680431366,0.14027507603168488,0.13621360063552856
1785545405546503000,153077254,0.13228411972522736,0.128509521484375,0.1322857141494751,0.12851114571094513
1785545405557473800,153077254,0.13228411972522736,0.128509521484375,0.1322857141494751,0.12851114571094513
1785545405570137500,153097009,0.1220267042517662,0.11838272958993912,0.12202829122543335,0.11838432401418686
1785545405581222000,153110588,0.11759078502655029,0.11352992057800293,0.11759254336357117,0.1135316863656044
1785545405590890700,153110588,0.11759078502655029,0.11352992057800293,0.11759254336357117,0.1135316863656044
1785545405602045600,153130262,0.11095018684864044,0.10748517513275146,0.11095171421766281,0.10748668760061264
1785545405612980400,153143930,0.10727480798959732,0.10372602939605713,0.10727638751268387,0.10372759401798248
1785545405623143900,153143930,0.10727480798959732,0.10372602939605713,0.10727638751268387,0.10372759401798248
1785545405634150600,153163457,0.10336549580097198,0.10047261416912079,0.10336684435606003,0.10047396272420883
1785545405645305200,153177265,0.15296493470668793,0.15033967792987823,0.1529661864042282,0.15034092962741852
1785545405656512600,153177265,0.15296493470668793,0.15033967792987823,0.1529661864042282,0.15034092962741852
1785545405666075300,153196741,0.19774575531482697,0.19560647010803223,0.19774676859378815,0.1956074833869934
1785545405677347900,153210591,0.21863578259944916,0.21656107902526855,0.21863676607608795,0.21656206250190735
1785545405688471100,153210591,0.21863578259944916,0.21656107902526855,0.21863676607608795,0.21656206250190735
1785545405698503600,153230087,0.2373380959033966,0.23555974662303925,0.23733897507190704,0.23556064069271088
1785545405709169800,153244380,0.24615778028964996,0.2447376400232315,0.24615852534770966,0.24473837018013
1785545405720204300,153244380,0.24615778028964996,0.2447376400232315,0.24615852534770966,0.24473837018013
1785545405731498700,153263434,0.2535216808319092,0.25262346863746643,0.253522127866745,0.25262394547462463
1785545405743050600,153277263,0.2571333348751068,0.25630801916122437,0.2571337819099426,0.2563084661960602
1785545405753932300,153277263,0.2571333348751068,0.25630801916122437,0.2571337819099426,0.2563084661960602
1785545405764837700,153296855,0.2594397962093353,0.25860607624053955,0.25944027304649353,0.25860652327537537
1785545405775501700,153310604,0.26057305932044983,0.2596023678779602,0.2605735957622528,0.2596029043197632
1785545405786482900,153310604,0.26057305932044983,0.2596023678779602,0.2605735957622528,0.2596029043197632
1785545405797481300,153330114,0.25958606600761414,0.2586764693260193,0.2595865726470947,0.25867706537246704
1785545405809934900,153343901,0.2568511664867401,0.25610965490341187,0.25685158371925354,0.25611013174057007
1785545405819850400,153343901,0.2568511664867401,0.25610965490341187,0.25685158371925354,0.25611013174057007
1785545405830372400,153363412,0.2505718171596527,0.25010544061660767,0.2505720853805542,0.25010573863983154
1785545405841550300,153377499,0.24551112949848175,0.24506674706935883,0.24551142752170563,0.2450670450925827
1785545405852424200,153377499,0.24551112949848175,0.24506674706935883,0.24551142752170563,0.2450670450925827
1785545405863567700,153396739,0.2390466332435608,0.23859332501888275,0.23904693126678467,0.23859362304210663
1785545405875077300,153410580,0.2360839694738388,0.23555442690849304,0.23608432710170746,0.2355547696352005
1785545405884189000,153410580,0.2360839694738388,0.23555442690849304,0.23608432710170746,0.2355547696352005
1785545405895541400,153430100,0.23242686688899994,0.23192369937896729,0.2324272096157074,0.23192402720451355
1785545405906820200,153443902,0.24236677587032318,0.24201761186122894,0.24236704409122467,0.24201785027980804
1785545405920402400,153443902,0.24236677587032318,0.24201761186122894,0.24236704409122467,0.24201785027980804
1785545405928501500,153463459,0.25139665603637695,0.25115033984184265,0.25139686465263367,0.251150518655777
1785545405941508300,153477249,0.2555767297744751,0.25534647703170776,0.25557687878608704,0.2553466558456421
1785545405950883500,153477249,0.2555767297744751,0.25534647703170776,0.25557687878608704,0.2553466558456421
1785545405961907300,153496826,0.2593771815299988,0.2591637074947357,0.2593773305416107,0.25916388630867004
1785545405973025400,153510603,0.2611311972141266,0.26089242100715637,0.2611313760280609,0.2608925998210907
1785545405984476400,153510603,0.2611311972141266,0.26089242100715637,0.2611313760280609,0.2608925998210907
1785545405995622400,153530100,0.26267990469932556,0.26251694560050964,0.2626801133155823,0.26251712441444397
1785545406006684100,153543926,0.2634156346321106,0.2632495164871216,0.2634158432483673,0.2632496953010559
1785545406016876000,153543926,0.2634156346321106,0.2632495164871216,0.2634158432483673,0.2632496953010559
1785545406027960200,153563460,0.2640515863895416,0.2639416754245758,0.2640516757965088,0.2639417350292206
1785545406040347000,153577248,0.2643499970436096,0.26425477862358093,0.2643500864505768,0.2642548382282257
1785545406049796300,153577248,0.2643499970436096,0.26425477862358093,0.2643500864505768,0.2642548382282257
1785545406060633000,153596771,0.2646215558052063,0.2645387053489685,0.26462167501449585,0.26453882455825806
1785545406070212300,153596771,0.2646215558052063,0.2645387053489685,0.26462167501449585,0.26453882455825806
1785545406081736700,153610562,0.26475515961647034,0.2646612524986267,0.2647553086280823,0.26466143131256104
1785545406092508500,153630162,0.26485419273376465,0.26479506492614746,0.2648543119430542,0.264795184135437
1785545406103616600,153630162,0.26485419273376465,0.26479506492614746,0.2648543119430542,0.264795184135437
1785545406115038000,153643903,0.2649077773094177,0.26484817266464233,0.2649078965187073,0.2648482322692871
1785545406124639100,153663445,0.2649434208869934,0.2649097740650177,0.2649434506893158,0.2649098336696625
1785545406135069000,153663445,0.2649434208869934,0.2649097740650177,0.2649434506893158,0.2649098336696625
1785545406146377500,153677225,0.2649620771408081,0.26493585109710693,0.2649621367454529,0.2649359405040741
1785545406157501000,153696758,0.2649792730808258,0.2649592459201813,0.2649793028831482,0.26495930552482605
1785545406168762300,153696758,0.2649792730808258,0.2649592459201813,0.2649793028831482,0.26495930552482605
1785545406180131800,153710575,0.26499009132385254,0.2649672329425812,0.2649901509284973,0.26496729254722595
1785545406191404700,153710575,0.26499009132385254,0.2649672329425812,0.2649901509284973,0.26496729254722595
1785545406201113900,153730148,0.2649955451488495,0.26497882604599,0.26499560475349426,0.26497888565063477
1785545406212291600,153744154,0.26499444246292114,0.26498785614967346,0.2649945020675659,0.26498791575431824
1785545406223399000,153744154,0.26499444246292114,0.26498785614967346,0.2649945020675659,0.26498791575431824
1785545406234226900,153763437,0.2649916112422943,0.2649976909160614,0.2649916410446167,0.2649977207183838
1785545406245550900,153777336,0.2649918794631958,0.26500070095062256,0.2649919092655182,0.26500073075294495
1785545406256715200,153777336,0.2649918794631958,0.26500070095062256,0.2649919092655182,0.26500073075294495
1785545406267846100,153796730,0.26499298214912415,0.2650025188922882,0.2649930417537689,0.2650025486946106
1785545406278901000,153810575,0.26499345898628235,0.26500338315963745,0.2649935781955719,0.26500341296195984
1785545406289886200,153810575,0.26499345898628235,0.26500338315963745,0.2649935781955719,0.26500341296195984
1785545406301359400,153830072,0.2649925649166107,0.26500555872917175,0.2649926543235779,0.26500558853149414
1785545406310998100,153843897,0.26499128341674805,0.2650074362754822,0.26499128341674805,0.26500746607780457
1785545406321967100,153843897,0.26499128341674805,0.2650074362754822,0.26499128341674805,0.26500746607780457
1785545406332310200,153863490,0.2649901807308197,0.2650091052055359,0.2649901509284973,0.2650091350078583
1785545406344848700,153877237,0.2649900019168854,0.26500949263572693,0.264989972114563,0.2650095224380493
1785545406354011000,153877237,0.2649900019168854,0.26500949263572693,0.264989972114563,0.2650095224380493
1785545406364961600,153896850,0.2659150958061218,0.26593512296676636,0.2659150958061218,0.26593515276908875
1785545406376094500,153910560,0.2663421630859375,0.26636457443237305,0.2663421928882599,0.26636460423469543
1785545406387094400,153910560,0.2663421630859375,0.26636457443237305,0.2663421928882599,0.26636460423469543
1785545406398438500,153930180,0.26869532465934753,0.2687191367149353,0.2686953842639923,0.2687191367149353
1785545406409542600,153944380,0.27199065685272217,0.27201417088508606,0.27199068665504456,0.27201417088508606
1785545406420428900,153944380,0.27199065685272217,0.27201417088508606,0.27199068665504456,0.27201417088508606
1785545406431380400,153963443,0.27859461307525635,0.27861490845680237,0.27859461307525635,0.2786148488521576
1785545406441373400,153977207,0.28477954864501953,0.28480222821235657,0.28477954864501953,0.2848021984100342
1785545406453761500,153977207,0.28477954864501953,0.28480222821235657,0.28477954864501953,0.2848021984100342
1785545406463521500,153996755,0.29440486431121826,0.29442504048347473,0.29440486431121826,0.29442504048347473
1785545406475072300,154010571,0.29884281754493713,0.29886505007743835,0.29884281754493713,0.29886505007743835
1785545406484533700,154010571,0.29884281754493713,0.29886505007743835,0.29884281754493713,0.29886505007743835
1785545406495595600,154030135,0.306831419467926,0.3068538308143616,0.30683138966560364,0.3068538308143616
1785545406505215200,154043931,0.313532292842865,0.3135527968406677,0.313532292842865,0.3135528266429901
1785545406516619400,154043931,0.313532292842865,0.3135527968406677,0.313532292842865,0.3135528266429901
1785545406527737200,154063523,0.32265523076057434,0.3226712644100189,0.32265523076057434,0.3226712644100189
1785545406538350600,154077227,0.32846713066101074,0.3284834325313568,0.32846716046333313,0.3284834027290344
1785545406549473200,154077227,0.32846713066101074,0.3284834325313568,0.32846716046333313,0.3284834027290344
1785545406560366300,154096762,0.3348335921764374,0.3348500728607178,0.3348335921764374,0.3348500728607178
1785545406571575800,154110553,0.3377683162689209,0.33778706192970276,0.3377683162689209,0.33778706192970276
1785545406583088500,154110553,0.3377683162689209,0.33778706192970276,0.3377683162689209,0.33778706192970276
1785545406594174900,154130041,0.3405850827693939,0.34060314297676086,0.3405850827693939,0.3406031131744385
1785545406603487100,154130041,0.3405850827693939,0.34060314297676086,0.3405850827693939,0.3406031131744385
1785545406615192200,154143902,0.31743690371513367,0.3174530267715454,0.31743690371513367,0.317452996969223
1785545406624840800,154163374,0.29659709334373474,0.29661035537719727,0.29659709334373474,0.29661035537719727
1785545406635456400,154163374,0.29659709334373474,0.29661035537719727,0.29659709334373474,0.29661035537719727
1785545406646349300,154177215,0.2869279682636261,0.28694233298301697,0.2869279682636261,0.28694236278533936
1785545406657102200,154177215,0.2869279682636261,0.28694233298301697,0.2869279682636261,0.28694236278533936
1785545406667995000,154196711,0.2782052755355835,0.27822068333625793,0.2782052755355835,0.27822068333625793
1785545406679089800,154210561,0.27416402101516724,0.2741817533969879,0.27416402101516724,0.2741817533969879
1785545406689931700,154210561,0.27416402101516724,0.2741817533969879,0.27416402101516724,0.2741817533969879
1785545406699982800,154230074,0.2705150842666626,0.2705325782299042,0.2705150842666626,0.2705325782299042
1785545406710789400,154243891,0.26882830262184143,0.26884403824806213,0.26882830262184143,0.26884403824806213
1785545406721787500,154243891,0.26882830262184143,0.26884403824806213,0.26882830262184143,0.26884403824806213
1785545406732937100,154263397,0.2673037052154541,0.26731568574905396,0.2673037052154541,0.26731568574905396
1785545406744258400,154277207,0.2665984332561493,0.26661041378974915,0.2665984332561493,0.26661041378974915
1785545406756813100,154277207,0.2665984332561493,0.26661041378974915,0.2665984332561493,0.26661041378974915
1785545406766419500,154296782,0.2659590542316437,0.265971302986145,0.2659590542316437,0.265971302986145
1785545406777522500,154310547,0.2656639516353607,0.26567795872688293,0.2656639516353607,0.26567795872688293
1785545406788780900,154310547,0.2656639516353607,0.26567795872688293,0.2656639516353607,0.26567795872688293
1785545406799905000,154330010,0.2653975784778595,0.2654113471508026,0.2653975784778595,0.2654113471508026
1785545406811077100,154343890,0.265274316072464,0.26528650522232056,0.265274316072464,0.26528650522232056
1785545406820445900,154343890,0.265274316072464,0.26528650522232056,0.265274316072464,0.26528650522232056
1785545406831623000,154363524,0.2387569397687912,0.23876599967479706,0.29157188534736633,0.2915809750556946
1785545406843110800,154377229,0.21876119077205658,0.21877159178256989,0.31146305799484253,0.3114734888076782
1785545406853884300,154377229,0.21876119077205658,0.21877159178256989,0.31146305799484253,0.3114734888076782
1785545406863485900,154396745,0.20904336869716644,0.20905223488807678,0.32109296321868896,0.3211018443107605
1785545406875018500,154410548,0.22395193576812744,0.22396184504032135,0.30614209175109863,0.30615201592445374
1785545406884828800,154410548,0.22395193576812744,0.22396184504032135,0.30614209175109863,0.30615201592445374
1785545406895283500,154430049,0.2124645859003067,0.2124744951725006,0.31762275099754333,0.31763264536857605
1785545406906659600,154443889,0.21901153028011322,0.21902038156986237,0.31122884154319763,0.3112376630306244
1785545406916764200,154443889,0.21901153028011322,0.21902038156986237,0.31122884154319763,0.3112376630306244
1785545406929493000,154463492,0.22865013778209686,0.22865840792655945,0.3020468056201935,0.3020550608634949
1785545406940692200,154477222,0.24088484048843384,0.2408914715051651,0.2912517786026001,0.29125839471817017
1785545406949984200,154477222,0.24088484048843384,0.2408914715051651,0.2912517786026001,0.29125839471817017
1785545406961457000,154496797,0.24383926391601562,0.2438453882932663,0.29107919335365295,0.2910853624343872
1785545406971311100,154510564,0.23838655650615692,0.23839379847049713,0.2978058457374573,0.2978131175041199
1785545406981666700,154510564,0.23838655650615692,0.23839379847049713,0.2978058457374573,0.2978131175041199
1785545406992801700,154530189,0.23974394798278809,0.23975133895874023,0.29875805974006653,0.2987654507160187
1785545407002194300,154530189,0.23974394798278809,0.23975133895874023,0.29875805974006653,0.2987654507160187
1785545407013056000,154543884,0.24553948640823364,0.24554608762264252,0.29525941610336304,0.2952660322189331
1785545407024492300,154563575,0.25561967492103577,0.25562459230422974,0.2904322147369385,0.29043713212013245
1785545407035528500,154563575,0.25561967492103577,0.25562459230422974,0.2904322147369385,0.29043713212013245
1785545407046716600,154577205,0.25745534896850586,0.25746020674705505,0.292064368724823,0.2920692265033722
1785545407057002300,154577205,0.25745534896850586,0.25746020674705505,0.292064368724823,0.2920692265033722
1785545407066589000,154596746,0.25989294052124023,0.2598978281021118,0.2947677671909332,0.2947726547718048
1785545407076685500,154610660,0.25857052206993103,0.2585759460926056,0.298454612493515,0.29846006631851196
1785545407087534200,154610660,0.25857052206993103,0.2585759460926056,0.298454612493515,0.29846006631851196
1785545407098095500,154630102,0.2866571843624115,0.2866624593734741,0.2738376259803772,0.27384284138679504
1785545407108740300,154643856,0.3094022274017334,0.3094067871570587,0.2540922462940216,0.25409677624702454
1785545407120158700,154643856,0.3094022274017334,0.3094067871570587,0.2540922462940216,0.25409677624702454
1785545407131403800,154663340,0.32487475872039795,0.3248789608478546,0.24267762899398804,0.24268180131912231
1785545407141674600,154677194,0.33700618147850037,0.3370094299316406,0.23362573981285095,0.23362897336483002
1785545407152413500,154677194,0.33700618147850037,0.3370094299316406,0.23362573981285095,0.23362897336483002
1785545407163399600,154696710,0.31896093487739563,0.31896376609802246,0.2533051371574402,0.2533079981803894
1785545407175027900,154710537,0.3107091784477234,0.31071263551712036,0.26231130957603455,0.2623148262500763
1785545407184678600,154710537,0.3107091784477234,0.31071263551712036,0.26231130957603455,0.2623148262500763
1785545407196223500,154730058,0.3067013621330261,0.3067047894001007,0.26534155011177063,0.2653450071811676
1785545407207434300,154743911,0.29893240332603455,0.29893481731414795,0.2693045735359192,0.2693069577217102
1785545407218616400,154743911,0.29893240332603455,0.29893481731414795,0.2693045735359192,0.2693069577217102
1785545407229609400,154763513,0.2972412109375,0.2972432076931,0.2655528485774994,0.26555484533309937
1785545407240565200,154777219,0.2967756986618042,0.29677778482437134,0.2626523971557617,0.26265448331832886
1785545407251591000,154777219,0.2967756986618042,0.29677778482437134,0.2626523971557617,0.26265448331832886
1785545407263025000,154796779,0.2942086160182953,0.2942107617855072,0.26083144545555115,0.26083359122276306
1785545407274148100,154810508,0.2948516607284546,0.2948540449142456,0.25817567110061646,0.25817805528640747
1785545407283926900,154810508,0.2948516607284546,0.2948540449142456,0.25817567110061646,0.25817805528640747
1785545407295144100,154830081,0.2921450734138489,0.29214736819267273,0.2582533359527588,0.25825557112693787
1785545407306387700,154843883,0.28848105669021606,0.2884829640388489,0.2599542737007141,0.2599562108516693
1785545407317071100,154843883,0.28848105669021606,0.2884829640388489,0.2599542737007141,0.2599562108516693
1785545407329897900,154863350,0.28289201855659485,0.2828933596611023,0.26231008768081665,0.2623113989830017
1785545407338455100,154877204,0.28218892216682434,0.2821902334690094,0.26112666726112366,0.2611279785633087
1785545407349337500,154877204,0.28218892216682434,0.2821902334690094,0.26112666726112366,0.2611279785633087
1785545407360210200,154896740,0.28137660026550293,0.2813779413700104,0.2596532106399536,0.25965458154678345
1785545407371351200,154896740,0.28137660026550293,0.2813779413700104,0.2596532106399536,0.25965458154678345
1785545407381122300,154910529,0.28242191672325134,0.2824234664440155,0.2575545012950897,0.25755611062049866
1785545407391953000,154930123,0.2809303402900696,0.28093183040618896,0.25774529576301575,0.2577468156814575
1785545407403330300,154930123,0.2809303402900696,0.28093183040618896,0.25774529576301575,0.2577468156814575
1785545407415001800,154943860,0.2785852253437042,0.2785864770412445,0.2591796815395355,0.2591809630393982
1785545407424675300,154963388,0.27504584193229675,0.275046706199646,0.2612859308719635,0.26128682494163513
1785545407435069000,154963388,0.27504584193229675,0.275046706199646,0.2612859308719635,0.26128682494163513
1785545407446214300,154977191,0.2747237980365753,0.27472466230392456,0.26078593730926514,0.26078686118125916
1785545407457233100,154996505,0.2739008367061615,0.27390170097351074,0.2612232267856598,0.26122409105300903
1785545407468100200,154996716,0.2744055390357971,0.27440643310546875,0.26011765003204346,0.2601185441017151
1785545407478417000,155010530,0.27519509196281433,0.2751961350440979,0.25887101888656616,0.25887200236320496
1785545407489607400,155010530,0.27519509196281433,0.2751961350440979,0.25887101888656616,0.25887200236320496
1785545407500799000,155030046,0.274375855922699,0.27437683939933777,0.2591353952884674,0.2591363489627838
1785545407511830300,155043869,0.2729477286338806,0.2729485332965851,0.2601778507232666,0.26017868518829346
1785545407521831900,155043869,0.2729477286338806,0.2729485332965851,0.2601778507232666,0.26017868518829346
1785545407532943500,155063409,0.27073460817337036,0.2707352042198181,0.2617946267127991,0.2617952227592468
1785545407543671900,155077192,0.2705416679382324,0.2705422043800354,0.26164671778678894,0.2616473138332367
1785545407555014300,155077192,0.2705416679382324,0.2705422043800354,0.26164671778678894,0.2616473138332367
1785545407567681300,155096677,0.2704148590564728,0.27041539549827576,0.2613663077354431,0.2613668441772461
1785545407577138300,155110508,0.27097398042678833,0.27097460627555847,0.2606186866760254,0.26061931252479553
1785545407588336600,155110508,0.27097398042678833,0.27097460627555847,0.2606186866760254,0.26061931252479553
1785545407599298100,155130121,0.2705507278442383,0.27055129408836365,0.2608146369457245,0.26081526279449463
1785545407610313300,155143845,0.24465493857860565,0.24465546011924744,0.2865532338619232,0.2865537703037262
1785545407621895000,155143845,0.24465493857860565,0.24465546011924744,0.2865532338619232,0.2865537703037262
1785545407633099200,155163390,0.22172124683856964,0.2217216193675995,0.3092482089996338,0.30924859642982483
1785545407643259700,155177194,0.20988813042640686,0.20988847315311432,0.32097145915031433,0.32097184658050537
1785545407653920400,155177194,0.20988813042640686,0.20988847315311432,0.32097145915031433,0.32097184658050537
1785545407663618800,155196657,0.20602300763130188,0.20602335035800934,0.32487937808036804,0.3248797059059143
1785545407675196800,155210515,0.22043980658054352,0.22044017910957336,0.31048235297203064,0.31048280000686646
1785545407684911700,155210515,0.22043980658054352,0.22044017910957336,0.31048235297203064,0.31048280000686646
1785545407694989700,155230235,0.22926032543182373,0.22926072776317596,0.3019443452358246,0.30194470286369324
1785545407706262100,155244388,0.2618999183177948,0.26190030574798584,0.2700318396091461,0.27003213763237
1785545407717164800,155244388,0.2618999183177948,0.26190030574798584,0.2700318396091461,0.27003213763237
1785545407728358100,155263515,0.29114413261413574,0.29114437103271484,0.24363107979297638,0.2436313033103943
1785545407738415600,155277186,0.296251505613327,0.2962517738342285,0.23986797034740448,0.23986825346946716
1785545407749479100,155277186,0.296251505613327,0.2962517738342285,0.23986797034740448,0.23986825346946716
1785545407760374600,155296629,0.3096303343772888,0.30963054299354553,0.2294822335243225,0.2294824719429016
1785545407771526900,155310485,0.29328417778015137,0.2932843863964081,0.24721798300743103,0.24721823632717133
1785545407784368400,155310485,0.29328417778015137,0.2932843863964081,0.24721798300743103,0.24721823632717133
1785545407793965300,155330011,0.28549715876579285,0.28549736738204956,0.256337970495224,0.2563382089138031
1785545407803462200,155330011,0.28549715876579285,0.28549736738204956,0.256337970495224,0.2563382089138031
1785545407813929300,155343855,0.2822493314743042,0.2822495400905609,0.2597768008708954,0.2597770094871521
1785545407824831200,155363437,0.2560032904148102,0.3087056279182434,0.2329094260931015,0.28561168909072876
1785545407835040500,155363437,0.2560032904148102,0.3087056279182434,0.2329094260931015,0.28561168909072876
1785545407846271400,155377167,0.23345370590686798,0.32447609305381775,0.21602191030979156,0.30704426765441895
1785545407857184900,155377167,0.23345370590686798,0.32447609305381775,0.21602191030979156,0.30704426765441895
1785545407868303200,155396854,0.22370775043964386,0.3332640826702118,0.205702006816864,0.31525832414627075
1785545407879912500,155410524,0.24017198383808136,0.32014328241348267,0.2181282639503479,0.2980996072292328
1785545407890940700,155410524,0.24017198383808136,0.32014328241348267,0.2181282639503479,0.2980996072292328
1785545407900240800,155430107,0.2273419052362442,0.33135318756103516,0.20600740611553192,0.31001874804496765
1785545407910953400,155443841,0.232176274061203,0.32259222865104675,0.21424196660518646,0.3046579658985138
1785545407922075600,155443841,0.232176274061203,0.32259222865104675,0.21424196660518646,0.3046579658985138
1785545407933242000,155463387,0.24591980874538422,0.3038361668586731,0.2331230789422989,0.29103943705558777
1785545407944204100,155477657,0.24891380965709686,0.3015822172164917,0.2359495908021927,0.28861790895462036
1785545407955370600,155477657,0.24891380965709686,0.3015822172164917,0.2359495908021927,0.28861790895462036
1785545407966627300,155496717,0.24992941319942474,0.3024502098560333,0.2367277443408966,0.2892484664916992
1785545407977407700,155510524,0.2466721385717392,0.3082626760005951,0.23170135915279388,0.2932918965816498
1785545407988633400,155510524,0.2466721385717392,0.3082626760005951,0.23170135915279388,0.2932918965816498
1785545408000098500,155530221,0.24866127967834473,0.30692917108535767,0.23473602533340454,0.29300394654273987
1785545408011433600,155543883,0.2789257764816284,0.27639520168304443,0.2671220898628235,0.2645915448665619
1785545408021379400,155543883,0.2789257764816284,0.27639520168304443,0.2671220898628235,0.2645915448665619
1785545408032354800,155563446,0.30438920855522156,0.2521500587463379,0.29595595598220825,0.24371683597564697
1785545408043615200,155577176,0.3208850920200348,0.23854710161685944,0.3124813437461853,0.23014335334300995
1785545408055068600,155577176,0.3208850920200348,0.23854710161685944,0.3124813437461853,0.23014335334300995
1785545408064560600,155596705,0.32491812109947205,0.2378840148448944,0.31642961502075195,0.22939550876617432
1785545408075910300,155610494,0.3088277280330658,0.25661736726760864,0.29920995235443115,0.2469995617866516
1785545408088431200,155610494,0.3088277280330658,0.25661736726760864,0.29920995235443115,0.2469995617866516
1785545408100087000,155630043,0.3019377887248993,0.26395660638809204,0.2929001748561859,0.25491899251937866
1785545408109710700,155643849,0.2975308299064636,0.2663513422012329,0.2898963689804077,0.2587169110774994
1785545408120532700,155643849,0.2975308299064636,0.2663513422012329,0.2898963689804077,0.2587169110774994
1785545408130126100,155663397,0.2911067008972168,0.2673209309577942,0.2857089638710022,0.26192325353622437
1785545408141454600,155677178,0.29120948910713196,0.2650722861289978,0.28581270575523376,0.259675532579422
1785545408152479700,155677178,0.29120948910713196,0.2650722861289978,0.28581270575523376,0.259675532579422
1785545408163340600,155696714,0.29054349660873413,0.2628943622112274,0.2850536108016968,0.25740450620651245
1785545408176015500,155710486,0.29210391640663147,0.2607567608356476,0.28583502769470215,0.2544878423213959
1785545408185553600,155710486,0.29210391640663147,0.2607567608356476,0.28583502769470215,0.2544878423213959
1785545408197032500,155730017,0.2898719310760498,0.2608341872692108,0.2839513123035431,0.2549135386943817
1785545408209786300,155743854,0.2863868772983551,0.26201575994491577,0.28139469027519226,0.25702354311943054
1785545408219385200,155743854,0.2863868772983551,0.26201575994491577,0.28139469027519226,0.25702354311943054
1785545408230486600,155763401,0.2810385227203369,0.2635303735733032,0.27757883071899414,0.26007065176963806
1785545408241498400,155777142,0.28049784898757935,0.2626911699771881,0.27707985043525696,0.25927314162254333
1785545408252551200,155777142,0.28049784898757935,0.2626911699771881,0.27707985043525696,0.25927314162254333
1785545408263621200,155796715,0.27995917201042175,0.26163148880004883,0.27648767828941345,0.2581599950790405
1785545408275254600,155810478,0.28117233514785767,0.26016974449157715,0.2771937847137451,0.2561911940574646
1785545408285138200,155810478,0.28117233514785767,0.26016974449157715,0.2771937847137451,0.2561911940574646
1785545408296832700,155830029,0.2799205183982849,0.2602704167366028,0.27615320682525635,0.25650304555892944
1785545408307874300,155843835,0.2776916027069092,0.26122912764549255,0.2745276987552643,0.25806522369384766
1785545408318861000,155843835,0.2776916027069092,0.26122912764549255,0.2745276987552643,0.25806522369384766
1785545408331549900,155863398,0.2743089497089386,0.2625502943992615,0.27215540409088135,0.26039671897888184
1785545408343096300,155877123,0.2740221619606018,0.26218971610069275,0.27191469073295593,0.26008227467536926
1785545408352622800,155877123,0.2740221619606018,0.26218971610069275,0.27191469073295593,0.26008227467536926
1785545408363564300,155896665,0.2737833857536316,0.26172617077827454,0.2716504633426666,0.2595932185649872
1785545408375249900,155910471,0.2746317386627197,0.2608600854873657,0.2721799910068512,0.2584083676338196
1785545408384875200,155910471,0.2746317386627197,0.2608600854873657,0.2721799910068512,0.2584083676338196
1785545408395926900,155929988,0.2724309265613556,0.26194581389427185,0.27055835723876953,0.2600732147693634
1785545408405385500,155943832,0.2727273106575012,0.2614958882331848,0.2707599997520447,0.2595285475254059
1785545408417341000,155943832,0.2727273106575012,0.2614958882331848,0.2707599997520447,0.2595285475254059
1785545408428510000,155963388,0.27095431089401245,0.2623814344406128,0.26946988701820374,0.2608970105648041
1785545408438343800,155977137,0.2705670893192291,0.2624360918998718,0.26918190717697144,0.2610509395599365
1785545408449274200,155977137,0.2705670893192291,0.2624360918998718,0.26918190717697144,0.2610509395599365
1785545408461765400,155996654,0.2701830565929413,0.2624480426311493,0.26888471841812134,0.26114970445632935
1785545408470984300,155996654,0.2701830565929413,0.2624480426311493,0.26888471841812134,0.26114970445632935
1785545408483672200,156010463,0.2707007825374603,0.26196515560150146,0.26923564076423645,0.2605000138282776
1785545408493173300,156029986,0.27035975456237793,0.2620701193809509,0.26896750926971436,0.26067784428596497
1785545408503754900,156029986,0.27035975456237793,0.2620701193809509,0.26896750926971436,0.26067784428596497
1785545408515375500,156043897,0.269547700881958,0.2625407576560974,0.26838135719299316,0.26137441396713257
1785545408526699600,156063295,0.2672685384750366,0.262410968542099,0.26649346947669983,0.261635959148407
1785545408535265100,156063295,0.2672685384750366,0.262410968542099,0.26649346947669983,0.261635959148407
1785545408546426300,156077154,0.2652937173843384,0.26050865650177,0.26454371213912964,0.2597585916519165
1785545408557419500,156096646,0.2607639729976654,0.2558685839176178,0.2599993348121643,0.2551039159297943
1785545408570042500,156096646,0.2607639729976654,0.2558685839176178,0.2599993348121643,0.2551039159297943
1785545408580141000,156110458,0.2590801417827606,0.2534272372722626,0.25819268822669983,0.2525397837162018
1785545408591330000,156110458,0.2590801417827606,0.2534272372722626,0.25819268822669983,0.2525397837162018
1785545408602410700,156129949,0.25321027636528015,0.2477775365114212,0.2523595988750458,0.24692685902118683
1785545408611913500,156143808,0.24708133935928345,0.24242839217185974,0.24636267125606537,0.24170972406864166
1785545408621656800,156143808,0.24708133935928345,0.24242839217185974,0.24636267125606537,0.24170972406864166
1785545408633277600,156163385,0.23770135641098022,0.233443945646286,0.2370598316192627,0.23280243575572968
1785545408644634200,156177106,0.22984090447425842,0.22660064697265625,0.22936438024044037,0.22612415254116058
1785545408653913900,156177106,0.22984090447425842,0.22660064697265625,0.22936438024044037,0.22612415254116058
1785545408665147300,156196640,0.2190612256526947,0.2160983383655548,0.2186385691165924,0.21567565202713013
1785545408675241500,156210468,0.21451517939567566,0.21091166138648987,0.21399731934070587,0.2103937864303589
1785545408685087100,156210468,0.21451517939567566,0.21091166138648987,0.21399731934070587,0.2103937864303589
1785545408696712900,156230105,0.20622900128364563,0.20246067643165588,0.2056872397661209,0.20191890001296997
1785545408709330700,156243815,0.19981946051120758,0.19644761085510254,0.19934147596359253,0.19596964120864868
1785545408718725200,156243815,0.19981946051120758,0.19644761085510254,0.19934147596359253,0.19596964120864868
1785545408729952100,156263680,0.19152623414993286,0.18906985223293304,0.19119232892990112,0.1887359321117401
1785545408740052300,156277257,0.18713511526584625,0.18481877446174622,0.18682655692100525,0.18451020121574402
1785545408750575400,156277257,0.18713511526584625,0.18481877446174622,0.18682655692100525,0.18451020121574402
1785545408762001300,156296926,0.18291079998016357,0.180661141872406,0.1826159805059433,0.18036633729934692
1785545408773353100,156310491,0.18119141459465027,0.17865560948848724,0.18085816502571106,0.17832235991954803
1785545408784670100,156310491,0.18119141459465027,0.17865560948848724,0.18085816502571106,0.17832235991954803
1785545408795935500,156330044,0.21513532102108002,0.21267732977867126,0.21481505036354065,0.2123570740222931
1785545408805326500,156343815,0.23050616681575775,0.22848168015480042,0.2302480936050415,0.22822362184524536
1785545408816509300,156343815,0.23050616681575775,0.22848168015480042,0.2302480936050415,0.22822362184524536
1785545408829254700,156363342,0.24446402490139008,0.2428485006093979,0.24426504969596863,0.24264954030513763
1785545408838986600,156377142,0.25072211027145386,0.24961130321025848,0.2505924701690674,0.2494816780090332
1785545408850077700,156377142,0.25072211027145386,0.24961130321025848,0.2505924701690674,0.2494816780090332
1785545408861078000,156396667,0.2565504014492035,0.2556265592575073,0.2564472556114197,0.2555234134197235
1785545408872228400,156396667,0.2565504014492035,0.2556265592575073,0.2564472556114197,0.2555234134197235
1785545408882305700,156410474,0.2594081461429596,0.2582680284976959,0.2592777907848358,0.25813770294189453
1785545408892011900,156429926,0.2618910074234009,0.26073578000068665,0.2617596685886383,0.2606044411659241
1785545408903184200,156429926,0.2618910074234009,0.26073578000068665,0.2617596685886383,0.2606044411659241
1785545408914271800,156443809,0.2628587782382965,0.26202839612960815,0.26276931166648865,0.2619389295578003
1785545408925759700,156463283,0.26379117369651794,0.2631407380104065,0.26372599601745605,0.2630755603313446
1785545408935312800,156463283,0.26379117369651794,0.2631407380104065,0.26372599601745605,0.2630755603313446
1785545408946312400,156477134,0.2642659842967987,0.2636251747608185,0.26420313119888306,0.26356229186058044
1785545408957444800,156496721,0.23839707672595978,0.23778003454208374,0.29091259837150574,0.2902955412864685
1785545408970123200,156496721,0.23839707672595978,0.23778003454208374,0.29091259837150574,0.2902955412864685
1785545408980006200,156510480,0.2442150115966797,0.2435269057750702,0.28556662797927856,0.28487852215766907
1785545408991252900,156510480,0.2442150115966797,0.2435269057750702,0.28556662797927856,0.28487852215766907
1785545409000736100,156529971,0.22765035927295685,0.22701245546340942,0.3024427592754364,0.3018048107624054
1785545409011678200,156543787,0.21084357798099518,0.21032088994979858,0.3193044364452362,0.3187817335128784
1785545409021721300,156543787,0.21084357798099518,0.21032088994979858,0.3193044364452362,0.3187817335128784
1785545409033029400,156563314,0.203433558344841,0.2031026929616928,0.32678502798080444,0.32645419239997864
1785545409044615500,156577132,0.21557581424713135,0.21525973081588745,0.31488656997680664,0.31457048654556274
1785545409054185500,156577132,0.21557581424713135,0.21525973081588745,0.31488656997680664,0.31457048654556274
1785545409065277300,156596668,0.23290088772773743,0.2325795292854309,0.29838478565216064,0.2980634868144989
1785545409075107700,156610460,0.23211410641670227,0.23174214363098145,0.2995985448360443,0.2992266118526459
1785545409085192200,156610460,0.23211410641670227,0.23174214363098145,0.2995985448360443,0.2992266118526459
1785545409096673600,156630043,0.240947887301445,0.24067044258117676,0.29298853874206543,0.292711079120636
1785545409107917600,156644340,0.23663315176963806,0.23634807765483856,0.29841116070747375,0.29812610149383545
1785545409120329000,156644340,0.23663315176963806,0.23634807765483856,0.29841116070747375,0.29812610149383545
1785545409131523600,156663309,0.24493655562400818,0.24472938477993011,0.293525367975235,0.2933181822299957
1785545409141470300,156677124,0.24769316613674164,0.2475091814994812,0.2933858036994934,0.2932018041610718
1785545409152711600,156677124,0.24769316613674164,0.2475091814994812,0.2933858036994934,0.2932018041610718
1785545409163669600,156696661,0.2509143054485321,0.25074535608291626,0.2942676246166229,0.2940986752510071
1785545409176742400,156710444,0.24916929006576538,0.24897953867912292,0.29793182015419006,0.2977420687675476
1785545409187533900,156710444,0.24916929006576538,0.24897953867912292,0.29793182015419006,0.2977420687675476
1785545409196972700,156730055,0.2577354311943054,0.2575986683368683,0.2941417098045349,0.2940049171447754
1785545409209909000,156743803,0.28275299072265625,0.2826114892959595,0.2713729441165924,0.27123141288757324
1785545409218421400,156743803,0.28275299072265625,0.2826114892959595,0.2713729441165924,0.27123141288757324
1785545409229693400,156763389,0.3080895245075226,0.3079902231693268,0.25130462646484375,0.25120529532432556
1785545409240635700,156777249,0.32453587651252747,0.32444730401039124,0.23810140788555145,0.23801283538341522
1785545409250500500,156777249,0.32453587651252747,0.32444730401039124,0.23810140788555145,0.23801283538341522
1785545409261746000,156796772,0.32928982377052307,0.32921135425567627,0.23660507798194885,0.23652665317058563
1785545409272866500,156810446,0.31377559900283813,0.31368711590766907,0.253635436296463,0.25354698300361633
1785545409283911500,156810446,0.31377559900283813,0.31368711590766907,0.253635436296463,0.25354698300361633
1785545409293403500,156830041,0.30670416355133057,0.30662450194358826,0.26139235496520996,0.26131272315979004
1785545409305063900,156843781,0.3021565079689026,0.302095890045166,0.26470357179641724,0.2646429240703583
1785545409315880500,156843781,0.3021565079689026,0.302095890045166,0.26470357179641724,0.2646429240703583
1785545409327162500,156863363,0.2952411472797394,0.2952096164226532,0.2668322026729584,0.2668006420135498
1785545409338409800,156877080,0.29496505856513977,0.2949351370334625,0.2640024721622467,0.2639724910259247
1785545409349558600,156877080,0.29496505856513977,0.2949351370334625,0.2640024721622467,0.2639724910259247
1785545409360489000,156896655,0.2937397062778473,0.2937089502811432,0.26104721426963806,0.26101645827293396
1785545409370178000,156896655,0.2937397062778473,0.2937089502811432,0.26104721426963806,0.26101645827293396
1785545409380356400,156910443,0.2950073778629303,0.29497089982032776,0.25785544514656067,0.25781893730163574
1785545409393255500,156929978,0.2924068570137024,0.2923753261566162,0.25790899991989136,0.25787749886512756
1785545409403710000,156929978,0.2924068570137024,0.2923753261566162,0.25790899991989136,0.25787749886512756
1785545409413316000,156943776,0.2886869013309479,0.288664847612381,0.25970259308815,0.2596805989742279
1785545409425000500,156943776,0.2886869013309479,0.288664847612381,0.25970259308815,0.2596805989742279
1785545409435350000,156963325,0.2830227315425873,0.2830139398574829,0.2621796131134033,0.26217085123062134
1785545409444924200,156977112,0.28227394819259644,0.2822667062282562,0.26107510924339294,0.2610678970813751
1785545409455209100,156977112,0.28227394819259644,0.2822667062282562,0.26107510924339294,0.2610678970813751
1785545409466840100,156996644,0.2814663052558899,0.2814593017101288,0.2596192955970764,0.2596122920513153
1785545409478331100,157010453,0.2825491428375244,0.2825404703617096,0.2574932873249054,0.25748464465141296
1785545409489274700,157010453,0.2825491428375244,0.2825404703617096,0.2574932873249054,0.25748464465141296
1785545409499067600,157029959,0.28110459446907043,0.2810984253883362,0.25764745473861694,0.2576413154602051
1785545409509946200,157043787,0.2787618637084961,0.2787597179412842,0.25907498598098755,0.25907281041145325
1785545409521383000,157043787,0.2787618637084961,0.2787597179412842,0.25907498598098755,0.25907281041145325
1785545409532175800,157063318,0.2752045691013336,0.27520737051963806,0.2611948847770691,0.26119762659072876
1785545409541728400,157077193,0.2756769061088562,0.27568066120147705,0.2615511119365692,0.2615548372268677
1785545409554411800,157077193,0.2756769061088562,0.27568066120147705,0.2615511119365692,0.2615548372268677
1785545409563838200,157096660,0.2781454026699066,0.2781495153903961,0.2637370228767395,0.2637411057949066
1785545409575279500,157110443,0.28020986914634705,0.2802141606807709,0.2638232111930847,0.26382750272750854
1785545409588066900,157110443,0.28020986914634705,0.2802141606807709,0.2638232111930847,0.26382750272750854
1785545409597812700,157129947,0.28199267387390137,0.28199833631515503,0.2697002589702606,0.2697059214115143
1785545409610738500,157144102,0.28723254799842834,0.2872391939163208,0.27411559224128723,0.27412229776382446
1785545409620218300,157144102,0.28723254799842834,0.2872391939163208,0.27411559224128723,0.27412229776382446
1785545409630687200,157163370,0.29359444975852966,0.29360151290893555,0.2838883399963379,0.283895343542099
1785545409643394900,157177107,0.30010560154914856,0.3001129627227783,0.2911251187324524,0.29113250970840454
1785545409654376000,157177107,0.30010560154914856,0.3001129627227783,0.2911251187324524,0.29113250970840454
1785545409665231100,157196638,0.3100489675998688,0.31005650758743286,0.30166980624198914,0.3016773462295532
1785545409675147400,157210430,0.31528347730636597,0.3152918219566345,0.3058708906173706,0.3058791756629944
1785545409684995400,157210430,0.31528347730636597,0.3152918219566345,0.3058708906173706,0.3058791756629944
1785545409696706300,157229984,0.32309427857398987,0.32310277223587036,0.3145092725753784,0.3145177960395813
1785545409707951200,157243940,0.3290989100933075,0.3291071057319641,0.32214778661727905,0.32215601205825806
1785545409719307300,157243940,0.3290989100933075,0.3291071057319641,0.32214778661727905,0.32215601205825806
1785545409730654700,157263498,0.3612814247608185,0.3131992816925049,0.35668158531188965,0.3085993826389313
1785545409740256200,157277122,0.38300982117652893,0.30304786562919617,0.37832123041152954,0.298359215259552
1785545409751303200,157277122,0.38300982117652893,0.30304786562919617,0.37832123041152954,0.298359215259552
1785545409761337300,157296909,0.3938096761703491,0.30522915720939636,0.3890708386898041,0.3004903197288513
1785545409770982400,157296909,0.3938096761703491,0.30522915720939636,0.3890708386898041,0.3004903197288513
1785545409782238100,157310430,0.38197091221809387,0.3235092759132385,0.37656810879707336,0.3181065022945404
1785545409793107400,157330368,0.39771148562431335,0.3129267990589142,0.3928754925727844,0.3080908954143524
1785545409806388300,157343803,0.3363156318664551,0.32090264558792114,0.332387238740921,0.3169742822647095
1785545409815495200,157343803,0.3363156318664551,0.32090264558792114,0.332387238740921,0.3169742822647095
1785545409826711300,157363445,0.2848736345767975,0.3234953284263611,0.2820266783237457,0.3206484019756317
1785545409836914900,157363445,0.2848736345767975,0.3234953284263611,0.2820266783237457,0.3206484019756317
1785545409847882800,157377102,0.2674437463283539,0.32008516788482666,0.2643051743507385,0.3169465661048889
1785545409858895400,157396864,0.24955706298351288,0.3192005753517151,0.24618405103683472,0.31582751870155334
1785545409871557700,157396864,0.24955706298351288,0.3192005753517151,0.24618405103683472,0.31582751870155334
1785545409881632500,157410435,0.2617940604686737,0.2989954948425293,0.2579280436038971,0.2951294183731079
1785545409890824200,157410435,0.2617940604686737,0.2989954948425293,0.2579280436038971,0.2951294183731079
1785545409900421300,157430001,0.26885324716567993,0.2839508652687073,0.26520535349845886,0.2803030014038086
1785545409911489600,157443764,0.26971831917762756,0.27795523405075073,0.2670954167842865,0.2753322720527649
1785545409921387400,157443764,0.26971831917762756,0.27795523405075073,0.2670954167842865,0.2753322720527649
1785545409933711900,157463300,0.26552876830101013,0.2775387167930603,0.26336395740509033,0.2753738462924957
1785545409944896200,157477114,0.2628643810749054,0.27815479040145874,0.26066160202026367,0.27595198154449463
1785545409955217300,157477114,0.2628643810749054,0.27815479040145874,0.26066160202026367,0.27595198154449463
1785545409964590200,157496939,0.2614155113697052,0.27742546796798706,0.2592504322528839,0.27526044845581055
1785545409975813600,157510484,0.2605109214782715,0.27761411666870117,0.2580994963645935,0.2752026915550232
1785545409986938900,157510484,0.2605109214782715,0.27761411666870117,0.2580994963645935,0.2752026915550232
1785545409996782800,157530133,0.26075083017349243,0.2761857211589813,0.2584937512874603,0.273928701877594
1785545410009569300,157543789,0.2614876925945282,0.2744692265987396,0.2596002221107483,0.2725818157196045
1785545410020354900,157543789,0.2614876925945282,0.2744692265987396,0.2596002221107483,0.2725818157196045
1785545410029903400,157563387,0.2625868618488312,0.2719113230705261,0.26132452487945557,0.2706490159034729
1785545410041448600,157577066,0.262302428483963,0.2717081606388092,0.2610740661621094,0.27047982811927795
1785545410052444300,157577066,0.262302428483963,0.2717081606388092,0.2610740661621094,0.27047982811927795
1785545410064997900,157596541,0.2619473934173584,0.27154767513275146,0.26070868968963623,0.2703090310096741
1785545410074976400,157610456,0.2612365782260895,0.27220088243484497,0.25981056690216064,0.2707749009132385
1785545410086151700,157610456,0.2612365782260895,0.27220088243484497,0.25981056690216064,0.2707749009132385
1785545410095610300,157630141,0.26135075092315674,0.2717224061489105,0.2600017786026001,0.2703734338283539
1785545410108414800,157643769,0.26192939281463623,0.27072954177856445,0.2608051598072052,0.26960527896881104
1785545410119856200,157643769,0.26192939281463623,0.27072954177856445,0.2608051598072052,0.26960527896881104
1785545410129598400,157663279,0.2629126310348511,0.2690622806549072,0.26218149065971375,0.2683310806751251
1785545410140949800,157677109,0.26284658908843994,0.26893559098243713,0.26214292645454407,0.2682318389415741
1785545410150499700,157677109,0.26284658908843994,0.26893559098243713,0.26214292645454407,0.2682318389415741
1785545410163080300,157696682,0.26269760727882385,0.26889538764953613,0.2619859576225281,0.26818370819091797
1785545410172531300,157710431,0.2622600495815277,0.2693520188331604,0.26143893599510193,0.26853087544441223
1785545410185040200,157710431,0.2622600495815277,0.2693520188331604,0.26143893599510193,0.26853087544441223
1785545410196007300,157729914,0.2623612582683563,0.2690931558609009,0.2615879774093628,0.26831987500190735
1785545410205768500,157743878,0.2627750337123871,0.2684660255908966,0.2621384561061859,0.2678294777870178
1785545410216753900,157743878,0.2627750337123871,0.2684660255908966,0.2621384561061859,0.2678294777870178
1785545410227969700,157763250,0.2629619240760803,0.2681063115596771,0.2624095678329468,0.26755401492118835
1785545410239089500,157777229,0.26352450251579285,0.26730218529701233,0.2631385922431946,0.2669162452220917
1785545410251473100,157777229,0.26352450251579285,0.26730218529701233,0.2631385922431946,0.2669162452220917
1785545410261311100,157796560,0.2636171579360962,0.2670750617980957,0.2632795572280884,0.2667374610900879
1785545410271125400,157810428,0.2632550299167633,0.2674795389175415,0.262834757566452,0.26705920696258545
1785545410282414700,157810428,0.2632550299167633,0.2674795389175415,0.262834757566452,0.26705920696258545
1785545410293510400,157829981,0.2632259130477905,0.2674601972103119,0.26280587911605835,0.2670401334762573
1785545410303445200,157829981,0.2632259130477905,0.2674601972103119,0.26280587911605835,0.2670401334762573
1785545410314995000,157843752,0.2637006342411041,0.26682305335998535,0.2634046673774719,0.26652711629867554
1785545410324936200,157863354,0.2639225125312805,0.2664867341518402,0.26369598507881165,0.2662602365016937
1785545410335298400,157863354,0.2639225125312805,0.2664867341518402,0.26369598507881165,0.2662602365016937
1785545410346463600,157877102,0.263904333114624,0.2664766013622284,0.2636807858943939,0.26625311374664307
1785545410357387900,157877102,0.263904333114624,0.2664766013622284,0.2636807858943939,0.26625311374664307
1785545410368417000,157896637,0.26391908526420593,0.2664220631122589,0.26370513439178467,0.2662081718444824
1785545410378086900,157910425,0.2637800872325897,0.2665722072124481,0.2635411322116852,0.2663332521915436
1785545410387651200,157910425,0.2637800872325897,0.2665722072124481,0.2635411322116852,0.2663332521915436
1785545410400413500,157929941,0.2640686631202698,0.26619482040405273,0.2638969123363495,0.2660229802131653
1785545410410032900,157943752,0.26400789618492126,0.2662515640258789,0.2638302147388458,0.2660737931728363
1785545410421474600,157943752,0.26400789618492126,0.2662515640258789,0.2638302147388458,0.2660737931728363
1785545410433435100,157963284,0.2642395496368408,0.26595237851142883,0.2641133964061737,0.2658262550830841
1785545410444322000,157977073,0.2642822563648224,0.26588836312294006,0.2641684412956238,0.26577454805374146
1785545410453865400,157977073,0.2642822563648224,0.26588836312294006,0.2641684412956238,0.26577454805374146
1785545410463701500,157996613,0.2643202543258667,0.26582857966423035,0.2642172873020172,0.26572564244270325
1785545410475239200,158010583,0.2642297148704529,0.26592734456062317,0.26411348581314087,0.26581117510795593
1785545410484734000,158010583,0.2642297148704529,0.26592734456062317,0.26411348581314087,0.26581117510795593
1785545410495648100,158029914,0.26520630717277527,0.26682308316230774,0.2650994658470154,0.26671621203422546
1785545410507032400,158043739,0.2672087848186493,0.26856768131256104,0.2671247720718384,0.2684836685657501
1785545410518641100,158043739,0.2672087848186493,0.26856768131256104,0.2671247720718384,0.2684836685657501
1785545410529793400,158063282,0.2720218300819397,0.27292609214782715,0.2719747722148895,0.2728790044784546
1785545410541325200,158077086,0.27703967690467834,0.27790528535842896,0.27699682116508484,0.27786245942115784
1785545410550826700,158077086,0.27703967690467834,0.27790528535842896,0.27699682116508484,0.27786245942115784
1785545410561800200,158096562,0.28552472591400146,0.286380797624588,0.28548306226730347,0.2863391637802124
1785545410574099100,158110378,0.2894037663936615,0.29037797451019287,0.28935542702674866,0.2903296649456024
1785545410583638000,158110378,0.2894037663936615,0.29037797451019287,0.28935542702674866,0.2903296649456024
1785545410595309200,158129921,0.2969934046268463,0.29788899421691895,0.2969518005847931,0.2978474497795105
1785545410606921600,158143751,0.3036569654941559,0.30438029766082764,0.30362752079963684,0.304350882768631
1785545410616283700,158143751,0.3036569654941559,0.30438029766082764,0.30362752079963684,0.304350882768631
1785545410627580800,158163483,0.3387594223022461,0.28935208916664124,0.33874669671058655,0.2893393635749817
1785545410638638200,158177080,0.36343926191329956,0.27983057498931885,0.36342766880989075,0.27981895208358765
1785545410649699800,158177080,0.36343926191329956,0.27983057498931885,0.36342766880989075,0.27981895208358765
1785545410660745100,158196600,0.37889447808265686,0.2861279249191284,0.37888291478157043,0.286116361618042
1785545410671881000,158210400,0.36814236640930176,0.30694109201431274,0.36812859773635864,0.30692732334136963
1785545410683150900,158210400,0.36814236640930176,0.30694109201431274,0.36812859773635864,0.30692732334136963
1785545410693771500,158229922,0.38929876685142517,0.3028819262981415,0.38928866386413574,0.30287185311317444
1785545410704766600,158243733,0.3889605700969696,0.3171580135822296,0.3889555037021637,0.3171529471874237
1785545410717128500,158243733,0.3889605700969696,0.3171580135822296,0.3889555037021637,0.3171529471874237
1785545410727001900,158263241,0.38445451855659485,0.34229761362075806,0.38445502519607544,0.34229809045791626
1785545410738609600,158277153,0.3904402554035187,0.3504948914051056,0.3904407322406769,0.35049545764923096
1785545410749557400,158277153,0.3904402554035187,0.3504948914051056,0.3904407322406769,0.35049545764923096
1785545410760444200,158296895,0.3997724652290344,0.3583381474018097,0.39977291226387024,0.3583386242389679
1785545410769989900,158296895,0.3997724652290344,0.3583381474018097,0.39977291226387024,0.3583386242389679
1785545410781590000,158310411,0.40710029006004333,0.3586309552192688,0.407100647687912,0.35863131284713745
1785545410792746500,158329880,0.404003381729126,0.37104934453964233,0.40400612354278564,0.3710520565509796
1785545410803844900,158329880,0.404003381729126,0.37104934453964233,0.40400612354278564,0.3710520565509796
1785545410816591100,158343767,0.4088994264602661,0.37074047327041626,0.40890270471572876,0.3707437515258789
1785545410826327800,158363239,0.35924240946769714,0.33074691891670227,0.35924670100212097,0.3307512104511261
1785545410837497700,158363239,0.35924240946769714,0.33074691891670227,0.35924670100212097,0.3307512104511261
1785545410848866100,158377223,0.33960387110710144,0.30952489376068115,0.33960893750190735,0.30952998995780945
1785545410859843800,158396641,0.3231630027294159,0.2915791869163513,0.32316887378692627,0.2915850579738617
1785545410870910700,158396641,0.3231630027294159,0.2915791869163513,0.32316887378692627,0.2915850579738617
1785545410880499700,158410413,0.3178437054157257,0.28094643354415894,0.3178505599498749,0.2809532582759857
1785545410891527800,158429917,0.310065895318985,0.2755185663700104,0.3100734353065491,0.27552613615989685
1785545410902928600,158429917,0.310065895318985,0.2755185663700104,0.3100734353065491,0.27552613615989685
1785545410913754600,158443716,0.30489325523376465,0.2759585380554199,0.3049010634422302,0.2759663462638855
1785545410924802300,158463250,0.3002113997936249,0.2795657813549042,0.30021873116493225,0.27957308292388916
1785545410936751800,158463250,0.3002113997936249,0.2795657813549042,0.30021873116493225,0.27957308292388916
1785545410947951400,158477065,0.30075162649154663,0.27956923842430115,0.30075928568840027,0.2795768976211548
1785545410957341300,158496625,0.30212336778640747,0.28044822812080383,0.302131325006485,0.28045621514320374
1785545410968419700,158496625,0.30212336778640747,0.28044822812080383,0.302131325006485,0.28045621514320374
1785545410979893000,158510389,0.304158478975296,0.2794450521469116,0.30416736006736755,0.2794538736343384
1785545410991100400,158510389,0.304158478975296,0.2794450521469116,0.30416736006736755,0.2794538736343384
1785545411001090100,158529913,0.30411604046821594,0.2815863788127899,0.3041250705718994,0.281595379114151
1785545411010477700,158544039,0.3019772469997406,0.28680548071861267,0.3019849956035614,0.28681322932243347
1785545411021575300,158544039,0.3019772469997406,0.28680548071861267,0.3019849956035614,0.28681322932243347
1785545411033151700,158563432,0.3033711612224579,0.28965675830841064,0.30337852239608765,0.289664089679718
1785545411044609600,158577080,0.2796887457370758,0.2656211853027344,0.3302372992038727,0.3161696791648865
1785545411055472800,158577080,0.2796887457370758,0.2656211853027344,0.3302372992038727,0.3161696791648865
1785545411066658800,158596767,0.24001580476760864,0.2748244106769562,0.32496345043182373,0.3598587214946747
1785545411076786000,158610460,0.2609661817550659,0.28402450680732727,0.3175842761993408,0.34065335988998413
1785545411087784400,158610460,0.2609661817550659,0.28402450680732727,0.3175842761993408,0.34065335988998413
1785545411100596900,158629977,0.23495012521743774,0.2890547215938568,0.31510329246520996,0.3691580295562744
1785545411110227600,158643681,0.20528152585029602,0.29097652435302734,0.31477484107017517,0.4021163880825043
1785545411121759100,158643681,0.20528152585029602,0.29097652435302734,0.31477484107017517,0.4021163880825043
1785545411132948200,158663261,0.21225115656852722,0.3138289451599121,0.29242366552352905,0.3941279351711273
1785545411144464700,158677049,0.22716230154037476,0.3093169331550598,0.2971605062484741,0.37875401973724365
1785545411155461800,158677049,0.22716230154037476,0.3093169331550598,0.2971605062484741,0.37875401973724365
1785545411165086300,158696589,0.25247693061828613,0.2995779812335968,0.3026959300041199,0.3490005433559418
1785545411176811400,158710377,0.24482859671115875,0.29565051198005676,0.3045322597026825,0.3547465205192566
1785545411188088400,158710377,0.24482859671115875,0.29565051198005676,0.3045322597026825,0.3547465205192566
1785545411200794400,158730006,0.24104784429073334,0.2943514585494995,0.30179545283317566,0.3549175560474396
1785545411210379600,158743805,0.27942055463790894,0.31936508417129517,0.27248457074165344,0.31249624490737915
1785545411221620600,158743805,0.27942055463790894,0.31936508417129517,0.27248457074165344,0.31249624490737915
1785545411232931900,158763193,0.2959040403366089,0.3346461057662964,0.2526160776615143,0.2915714979171753
1785545411243936800,158777040,0.304890513420105,0.3446376621723175,0.24012857675552368,0.28007468581199646
1785545411255232300,158777040,0.304890513420105,0.3446376621723175,0.24012857675552368,0.28007468581199646
1785545411267679600,158796581,0.309744268655777,0.34796810150146484,0.23338568210601807,0.27170324325561523
1785545411278767300,158810357,0.29094138741493225,0.33319517970085144,0.24659743905067444,0.28886643052101135
1785545411288254400,158810357,0.29094138741493225,0.33319517970085144,0.24659743905067444,0.28886643052101135
1785545411299127300,158829921,0.28503742814064026,0.3157736659049988,0.2588460445404053,0.28953298926353455
1785545411310042200,158843731,0.2825446128845215,0.3169669210910797,0.25526371598243713,0.2896273136138916
1785545411321543000,158843731,0.2825446128845215,0.3169669210910797,0.25526371598243713,0.2896273136138916
1785545411332655700,158863239,0.28136223554611206,0.3070843815803528,0.25902774930000305,0.28471219539642334
1785545411342016900,158877113,0.28040170669555664,0.30534252524375916,0.25691425800323486,0.28184014558792114
1785545411353030800,158877113,0.28040170669555664,0.30534252524375916,0.25691425800323486,0.28184014558792114
1785545411364354800,158896540,0.2783847153186798,0.30263298749923706,0.25468674302101135,0.2789435386657715
1785545411375424700,158910379,0.27690589427948,0.30470818281173706,0.25031158328056335,0.27812933921813965
1785545411386481000,158910379,0.27690589427948,0.30470818281173706,0.25031158328056335,0.27812933921813965
1785545411397813800,158929880,0.27543172240257263,0.3013462424278259,0.25069674849510193,0.2766244113445282
1785545411408984100,158943969,0.27458593249320984,0.29611843824386597,0.2536798119544983,0.2752196490764618
1785545411419911500,158943969,0.27458593249320984,0.29611843824386597,0.2536798119544983,0.2752196490764618
1785545411431230100,158963370,0.273382306098938,0.29350945353507996,0.25363484025001526,0.27376165986061096
1785545411440552300,158977220,0.27249953150749207,0.2866194546222687,0.25817158818244934,0.2722879648208618
1785545411451604900,158977220,0.27249953150749207,0.2866194546222687,0.25817158818244934,0.2722879648208618
1785545411463002100,158996675,0.2711228132247925,0.28499189019203186,0.25703588128089905,0.2709008753299713
1785545411474261600,159010490,0.2703982889652252,0.2876766324043274,0.25307559967041016,0.2703510522842407
1785545411483950800,159010490,0.2703982889652252,0.2876766324043274,0.25307559967041016,0.2703510522842407
1785545411494869000,159030086,0.2708156108856201,0.2876388728618622,0.2538819909095764,0.2707046866416931
1785545411505981000,159043727,0.2724897563457489,0.28652599453926086,0.2581779360771179,0.27221474051475525
1785545411517055600,159043727,0.2724897563457489,0.28652599453926086,0.2581779360771179,0.27221474051475525
1785545411528494700,159063348,0.2769335210323334,0.28648072481155396,0.2669089436531067,0.2764572501182556
1785545411540061700,159077032,0.28186824917793274,0.2912677228450775,0.2719521224498749,0.28135257959365845
1785545411551262800,159077032,0.28186824917793274,0.2912677228450775,0.2719521224498749,0.28135257959365845
1785545411561447200,159096668,0.29038214683532715,0.2997226119041443,0.28052929043769836,0.28987017273902893
1785545411572684700,159110370,0.2942700982093811,0.3048548102378845,0.2831483781337738,0.2937330901622772
1785545411583810600,159110370,0.2942700982093811,0.3048548102378845,0.2831483781337738,0.2937330901622772
1785545411595265600,159130110,0.30187469720840454,0.31147506833076477,0.29172283411026,0.30132296681404114
1785545411605021800,159143714,0.30829930305480957,0.3147425949573517,0.3013586401939392,0.30780157446861267
1785545411615421100,159143714,0.30829930305480957,0.3147425949573517,0.3013586401939392,0.30780157446861267
1785545411626590700,159163447,0.3173066973686218,0.3226589858531952,0.31142526865005493,0.31677737832069397
1785545411638343900,159177023,0.3229883015155792,0.3285084366798401,0.31692400574684143,0.32244405150413513
1785545411649609600,159177023,0.3229883015155792,0.3285084366798401,0.31692400574684143,0.32244405150413513
1785545411660429100,159196566,0.32929709553718567,0.3345874845981598,0.32347267866134644,0.32876312732696533
1785545411670044400,159196566,0.32929709553718567,0.3345874845981598,0.32347267866134644,0.32876312732696533
1785545411681598900,159210358,0.3322356939315796,0.33811554312705994,0.32576414942741394,0.33164411783218384
1785545411692670700,159229864,0.3349784314632416,0.3390621542930603,0.330404669046402,0.3344884216785431
1785545411703800400,159229864,0.3349784314632416,0.3390621542930603,0.330404669046402,0.3344884216785431
1785545411715311600,159243712,0.31378763914108276,0.3183465301990509,0.3086632788181305,0.31322216987609863
1785545411724876700,159263246,0.2945633828639984,0.29813894629478455,0.2904812693595886,0.29405680298805237
1785545411736200600,159263246,0.2945633828639984,0.29813894629478455,0.2904812693595886,0.29405680298805237
1785545411747403800,159277011,0.2857128381729126,0.28926971554756165,0.28162482380867004,0.2851816713809967
1785545411758155800,159296770,0.2776365280151367,0.28113415837287903,0.2735905945301056,0.2770881950855255
1785545411769284700,159296770,0.2776365280151367,0.28113415837287903,0.2735905945301056,0.2770881950855255
1785545411781772300,159310375,0.2739836573600769,0.2779655456542969,0.26937878131866455,0.2733607292175293
1785545411791406200,159310375,0.2739836573600769,0.2779655456542969,0.26937878131866455,0.2733607292175293
1785545411802218200,159330019,0.24462109804153442,0.3003103733062744,0.2402464598417282,0.2959357500076294
1785545411811726200,159343720,0.2240074723958969,0.3171253800392151,0.22031615674495697,0.3134341239929199
1785545411823319000,159343720,0.2240074723958969,0.3171253800392151,0.22031615674495697,0.3134341239929199
1785545411834318200,159363330,0.21162456274032593,0.326265811920166,0.2083030790090561,0.32294437289237976
1785545411847146400,159377045,0.20353403687477112,0.3321070671081543,0.2011108100414276,0.3296838104724884
1785545411856695100,159377045,0.20353403687477112,0.3321070671081543,0.2011108100414276,0.3296838104724884
1785545411866790500,159396584,0.22126367688179016,0.31302210688591003,0.2190714180469513,0.31082984805107117
1785545411878435500,159410362,0.22728890180587769,0.30701035261154175,0.22456631064414978,0.30428779125213623
1785545411887940100,159410362,0.22728890180587769,0.30701035261154175,0.22456631064414978,0.30428779125213623
1785545411899053400,159429873,0.23169110715389252,0.3024612367153168,0.22894540429115295,0.299715518951416
1785545411910026100,159443676,0.24207516014575958,0.29253271222114563,0.24007122218608856,0.2905287444591522
1785545411921395200,159443676,0.24207516014575958,0.29253271222114563,0.24007122218608856,0.2905287444591522
1785545411932354100,159463220,0.24383793771266937,0.2929273247718811,0.24220632016658783,0.29129570722579956
1785545411941861500,159477118,0.24361351132392883,0.2951880693435669,0.24197536706924438,0.29354992508888245
1785545411952893600,159477118,0.24361351132392883,0.2951880693435669,0.24197536706924438,0.29354992508888245
1785545411964425100,159496500,0.27082765102386475,0.27138835191726685,0.26923254132270813,0.2697932720184326
1785545411975077200,159510367,0.2635180652141571,0.2804735004901886,0.2617458403110504,0.2787013053894043
1785545411985992100,159510367,0.2635180652141571,0.2804735004901886,0.2617458403110504,0.2787013053894043
1785545411997752200,159529910,0.2831904888153076,0.2633342444896698,0.2815336585044861,0.2616773843765259
1785545412008821100,159543686,0.30648621916770935,0.24203644692897797,0.30509716272354126,0.24064737558364868
1785545412019890500,159543686,0.30648621916770935,0.24203644692897797,0.30509716272354126,0.24064737558364868
1785545412031089700,159563279,0.32116377353668213,0.23041333258152008,0.3202248215675354,0.22947433590888977
1785545412040466500,159577075,0.3099795877933502,0.24312613904476166,0.3090616464614868,0.24220819771289825
1785545412051196800,159577075,0.3099795877933502,0.24312613904476166,0.3090616464614868,0.24220819771289825
1785545412062921800,159596575,0.29261481761932373,0.26083147525787354,0.2916870415210724,0.25990378856658936
1785545412072401700,159610335,0.2916485071182251,0.2620820105075836,0.2905891537666321,0.2610227167606354
1785545412085085800,159610335,0.2916485071182251,0.2620820105075836,0.2905891537666321,0.2610227167606354
1785545412095039900,159629888,0.29231229424476624,0.2604169249534607,0.29131659865379333,0.2594212293624878
1785545412104824200,159643676,0.2901957035064697,0.26089146733283997,0.2893662452697754,0.26006194949150085
1785545412115474100,159643676,0.2901957035064697,0.26089146733283997,0.2893662452697754,0.26006194949150085
1785545412126711900,159663183,0.28521043062210083,0.26252633333206177,0.28465691208839417,0.2619728147983551
1785545412138176000,159677010,0.2845337390899658,0.26132291555404663,0.28399330377578735,0.2607824504375458
1785545412149104300,159677010,0.2845337390899658,0.26132291555404663,0.28399330377578735,0.2607824504375458
1785545412160097300,159696525,0.28343960642814636,0.26006782054901123,0.28289076685905457,0.2595190107822418
1785545412171297900,159696525,0.28343960642814636,0.26006782054901123,0.28289076685905457,0.2595190107822418
1785545412180553200,159710334,0.2844817340373993,0.2580184042453766,0.2838508188724518,0.25738754868507385
1785545412191689800,159729828,0.28288552165031433,0.2581859827041626,0.2822936773300171,0.25759410858154297
1785545412201754400,159729828,0.28288552165031433,0.2581859827041626,0.2822936773300171,0.25759410858154297
1785545412212855800,159743665,0.2803688049316406,0.25957831740379333,0.27987974882125854,0.25908932089805603
1785545412224018500,159763271,0.2765345871448517,0.26159337162971497,0.2762153744697571,0.26127418875694275
1785545412234998800,159763271,0.2765345871448517,0.26159337162971497,0.2762153744697571,0.26127418875694275
1785545412247533200,159777004,0.25402340292930603,0.2831326127052307,0.25371479988098145,0.2828240394592285
1785545412256967100,159777004,0.25402340292930603,0.2831326127052307,0.25371479988098145,0.2828240394592285
1785545412269477900,159796537,0.22887976467609406,0.3071143627166748,0.22856761515140533,0.3068021833896637
1785545412278855800,159810328,0.2425902783870697,0.2929145097732544,0.2422303408384323,0.2925545275211334
1785545412289831700,159810328,0.2425902783870697,0.2929145097732544,0.2422303408384323,0.2925545275211334
1785545412302977500,159829888,0.2310253381729126,0.30386340618133545,0.23068878054618835,0.3035268187522888
1785545412312473100,159843658,0.21449647843837738,0.32019802927970886,0.21422114968299866,0.31992271542549133
1785545412321994900,159843658,0.21449647843837738,0.32019802927970886,0.21422114968299866,0.31992271542549133
1785545412333034400,159863177,0.22831940650939941,0.3071303963661194,0.22814446687698364,0.306955486536026
1785545412344526800,159877110,0.2652550935745239,0.2711763083934784,0.26508644223213196,0.2710076570510864
1785545412354116000,159877110,0.2652550935745239,0.2711763083934784,0.26508644223213196,0.2710076570510864
1785545412365237900,159896556,0.29259780049324036,0.24621479213237762,0.2924266755580902,0.24604366719722748
1785545412376445700,159910328,0.27660825848579407,0.26332443952560425,0.2764109969139099,0.2631272077560425
1785545412387342000,159910328,0.27660825848579407,0.26332443952560425,0.2764109969139099,0.2631272077560425
1785545412400089900,159929845,0.2915930151939392,0.2510436177253723,0.29144805669784546,0.25089865922927856
1785545412411692400,159943664,0.3095000088214874,0.2344139665365219,0.3093505799770355,0.2342645227909088
1785545412421513100,159943664,0.3095000088214874,0.2344139665365219,0.3093505799770355,0.2342645227909088
1785545412432689000,159963187,0.29960429668426514,0.24545779824256897,0.29949691891670227,0.24535039067268372
1785545412442170400,159977143,0.2890568971633911,0.25618523359298706,0.2889588475227356,0.25608721375465393
1785545412453137900,159977143,0.2890568971633911,0.25618523359298706,0.2889588475227356,0.25608721375465393
1785545412466206400,159996492,0.28248831629753113,0.2619667053222656,0.282397985458374,0.26187631487846375
1785545412475834300,160010324,0.28484806418418884,0.25925302505493164,0.28474631905555725,0.25915127992630005
1785545412486921600,160010324,0.28484806418418884,0.25925302505493164,0.28474631905555725,0.25915127992630005
1785545412498462000,160029845,0.28539878129959106,0.25769805908203125,0.28530487418174744,0.25760418176651
1785545412509609000,160043607,0.2832099497318268,0.25884345173835754,0.28313449025154114,0.2587679922580719
1785545412520998000,160043607,0.2832099497318268,0.25884345173835754,0.28313449025154114,0.2587679922580719
1785545412530178600,160063154,0.2789556682109833,0.2611539363861084,0.27891024947166443,0.26110848784446716
1785545412541591500,160076981,0.27838149666786194,0.26057901978492737,0.27833837270736694,0.26053592562675476
1785545412552874000,160076981,0.27838149666786194,0.26057901978492737,0.27833837270736694,0.26053592562675476
1785545412564267300,160096517,0.2777527868747711,0.25976982712745667,0.2777094841003418,0.2597265839576721
1785545412575298000,160110290,0.2787090837955475,0.2581585943698883,0.27865880727767944,0.25810834765434265
1785545412586094500,160110290,0.2787090837955475,0.2581585943698883,0.27865880727767944,0.25810834765434265
1785545412598714200,160129954,0.2776206135749817,0.2584052085876465,0.27757513523101807,0.2583596706390381
1785545412608178200,160143620,0.2530513107776642,0.2823564112186432,0.2530163526535034,0.28232139348983765
1785545412619762800,160143620,0.2530513107776642,0.2823564112186432,0.2530163526535034,0.28232139348983765
1785545412630856500,160163125,0.22631293535232544,0.3081126809120178,0.22629375755786896,0.30809348821640015
1785545412641686800,160176982,0.213269904255867,0.32064053416252136,0.2132522314786911,0.32062292098999023
1785545412652827400,160176982,0.213269904255867,0.32064053416252136,0.2132522314786911,0.32062292098999023
1785545412663943900,160196449,0.21075192093849182,0.3228670656681061,0.2107342630624771,0.32284945249557495
1785545412675012000,160210347,0.2259736806154251,0.3075127601623535,0.22595298290252686,0.30749210715293884
1785545412686277300,160210347,0.2259736806154251,0.3075127601623535,0.22595298290252686,0.30749210715293884
1785545412697561000,160229815,0.23447918891906738,0.29926639795303345,0.23446106910705566,0.29924824833869934
1785545412708671300,160243768,0.26672303676605225,0.26791882514953613,0.26671016216278076,0.26790595054626465
1785545412721625400,160243768,0.26672303676605225,0.26791882514953613,0.26671016216278076,0.26790595054626465
1785545412731358000,160263152,0.2947785258293152,0.24333839118480682,0.2947729825973511,0.24333280324935913
1785545412740719700,160277276,0.3061111569404602,0.23448963463306427,0.3061065077781677,0.2344849556684494
1785545412751794000,160277276,0.3061111569404602,0.23448963463306427,0.3061065077781677,0.2344849556684494
1785545412763119000,160296488,0.3118862807750702,0.23159444332122803,0.3118816614151001,0.23158976435661316
1785545412773912300,160310325,0.29580286145210266,0.24904073774814606,0.29579731822013855,0.24903522431850433
1785545412785268300,160310325,0.29580286145210266,0.24904073774814606,0.29579731822013855,0.24903522431850433
1785545412796741900,160329794,0.28854048252105713,0.25743892788887024,0.2885363698005676,0.2574348449707031
1785545412809593500,160343640,0.2854621112346649,0.2604074478149414,0.28546011447906494,0.2604054808616638
1785545412819067300,160343640,0.2854621112346649,0.2604074478149414,0.28546011447906494,0.2604054808616638
1785545412831669900,160363162,0.281645804643631,0.2624213397502899,0.28164660930633545,0.2624221444129944
1785545412841071300,160376976,0.28213217854499817,0.26067492365837097,0.28213346004486084,0.26067620515823364
1785545412852201200,160376976,0.28213217854499817,0.26067492365837097,0.28213346004486084,0.26067620515823364
1785545412863395800,160396581,0.28198063373565674,0.2590634524822235,0.28198206424713135,0.2590648829936981
1785545412875234100,160410317,0.2830582857131958,0.25717997550964355,0.2830597460269928,0.25718143582344055
1785545412885125300,160410317,0.2830582857131958,0.25717997550964355,0.2830597460269928,0.25718143582344055
1785545412896699500,160429876,0.2814876139163971,0.2576518952846527,0.2814897894859314,0.25765398144721985
1785545412908093500,160443635,0.27910473942756653,0.2591904401779175,0.2791076600551605,0.2591933310031891
1785545412918337000,160443635,0.27910473942756653,0.2591904401779175,0.2791076600551605,0.2591933310031891
1785545412929655900,160463181,0.27553901076316833,0.2613298296928406,0.2755424380302429,0.26133328676223755
1785545412940147900,160476990,0.27523428201675415,0.26079899072647095,0.2752380073070526,0.2608027160167694
1785545412951291000,160476990,0.27523428201675415,0.26079899072647095,0.2752380073070526,0.2608027160167694
1785545412961426700,160496494,0.27493345737457275,0.2600761950016022,0.27493736147880554,0.2600800693035126
1785545412972500400,160510200,0.2753760814666748,0.2593754231929779,0.2753801643848419,0.25937947630882263
1785545412982010500,160510332,0.27576252818107605,0.2587737441062927,0.27576684951782227,0.25877800583839417
1785545412993155300,160529839,0.2749013602733612,0.2590491771697998,0.2749059498310089,0.25905370712280273
1785545413004359000,160543636,0.27341553568840027,0.260120153427124,0.273420125246048,0.26012471318244934
1785545413017085100,160543636,0.27341553568840027,0.260120153427124,0.273420125246048,0.26012471318244934
1785545413026673900,160563179,0.27113065123558044,0.26175278425216675,0.27113476395606995,0.26175689697265625
1785545413039826400,160576981,0.27094221115112305,0.2615651488304138,0.2709464132785797,0.2615693211555481
1785545413050735600,160576981,0.27094221115112305,0.2615651488304138,0.2709464132785797,0.2615693211555481
1785545413060185100,160596598,0.27081048488616943,0.2612430155277252,0.27081480622291565,0.26124733686447144
1785545413071528100,160610280,0.27138933539390564,0.26045653223991394,0.2713942229747772,0.2604614496231079
1785545413083130300,160610280,0.27138933539390564,0.26045653223991394,0.2713942229747772,0.2604614496231079
1785545413093775400,160629819,0.27092984318733215,0.2606617212295532,0.2709347903728485,0.26066669821739197
1785545413104745200,160643641,0.2700140178203583,0.2614004611968994,0.27001869678497314,0.2614051401615143
1785545413115495400,160643641,0.2700140178203583,0.2614004611968994,0.27001869678497314,0.2614051401615143
1785545413128269700,160663169,0.26856252551078796,0.2625803053379059,0.2685663402080536,0.2625841498374939
1785545413137223400,160663169,0.26856252551078796,0.2625803053379059,0.2685663402080536,0.2625841498374939
1785545413148617000,160676969,0.26845210790634155,0.2625347375869751,0.26845595240592957,0.2625386118888855
1785545413160614800,160696505,0.26840776205062866,0.2623930871486664,0.2684117257595062,0.26239702105522156
1785545413171885900,160710290,0.2688037157058716,0.26191073656082153,0.26880818605422974,0.2619151771068573
1785545413181947300,160710290,0.2688037157058716,0.26191073656082153,0.26880818605422974,0.2619151771068573
1785545413193034600,160729840,0.2679166793823242,0.26266399025917053,0.26792046427726746,0.26266777515411377
1785545413204590800,160743645,0.26804256439208984,0.26247578859329224,0.26804664731025696,0.2624799311161041
1785545413215898400,160743645,0.26804256439208984,0.26247578859329224,0.26804664731025696,0.2624799311161041
1785545413226672700,160763156,0.2673216462135315,0.26309847831726074,0.26732510328292847,0.2631019353866577
1785545413236967100,160763156,0.2673216462135315,0.26309847831726074,0.26732510328292847,0.2631019353866577
1785545413248294300,160776961,0.26716771721839905,0.26319560408592224,0.26717111468315125,0.26319897174835205
1785545413259826900,160796570,0.2670261561870575,0.2632686197757721,0.26702946424484253,0.26327186822891235
1785545413269373800,160796570,0.2670261561870575,0.2632686197757721,0.26702946424484253,0.26327186822891235
1785545413280392300,160810321,0.26725199818611145,0.2630109488964081,0.26725563406944275,0.26301464438438416
1785545413290068700,160810321,0.26725199818611145,0.2630109488964081,0.26725563406944275,0.26301464438438416
1785545413301590500,160829867,0.26712408661842346,0.2631000280380249,0.26712775230407715,0.2631036937236786
1785545413312717500,160843610,0.266791433095932,0.2634061276912689,0.26679471135139465,0.26340943574905396
1785545413324200700,160863125,0.26622456312179565,0.2639327645301819,0.26622697710990906,0.26393526792526245
1785545413336971400,160863125,0.26622456312179565,0.2639327645301819,0.26622697710990906,0.26393526792526245
1785545413348512900,160876954,0.26618656516075134,0.26394739747047424,0.2661890387535095,0.2639499008655548
1785545413358220700,160896476,0.2661883533000946,0.2639180123806,0.26619088649749756,0.26392054557800293
1785545413369494300,160896476,0.2661883533000946,0.2639180123806,0.26619088649749756,0.26392054557800293
1785545413380415900,160910279,0.2663513123989105,0.26374197006225586,0.26635420322418213,0.2637448310852051
1785545413390016300,160910279,0.2663513123989105,0.26374197006225586,0.26635420322418213,0.2637448310852051
1785545413401586200,160929850,0.26627007126808167,0.2638080418109894,0.26627296209335327,0.2638108730316162
1785545413412676300,160943623,0.26590994000434875,0.26415660977363586,0.26591217517852783,0.26415881514549255
1785545413425076100,160943623,0.26590994000434875,0.26415660977363586,0.26591217517852783,0.26415881514549255
1785545413433615200,160963243,0.2657325267791748,0.2643200159072876,0.26573437452316284,0.264321893453598
1785545413444928500,160976946,0.2400536984205246,0.2899906039237976,0.2400556355714798,0.2899925410747528
1785545413454996900,160976946,0.2400536984205246,0.2899906039237976,0.2400556355714798,0.2899925410747528
1785545413466014800,160996498,0.22025097906589508,0.30978378653526306,0.22025291621685028,0.30978572368621826
1785545413477393900,161010304,0.2332894206047058,0.29674071073532104,0.23329156637191772,0.29674288630485535
1785545413488571800,161010304,0.2332894206047058,0.29674071073532104,0.23329156637191772,0.29674288630485535
1785545413500024500,161029818,0.22114752233028412,0.30888551473617554,0.22114959359169006,0.3088876008987427
1785545413510731600,161043612,0.205140620470047,0.32494622468948364,0.20514245331287384,0.3249480426311493
1785545413521760500,161043612,0.205140620470047,0.32494622468948364,0.20514245331287384,0.3249480426311493
1785545413532782200,161063177,0.22109752893447876,0.30952873826026917,0.2210988700389862,0.3095300495624542
1785545413543756800,161077052,0.2583450675010681,0.27290382981300354,0.25834640860557556,0.272905170917511
1785545413555258600,161077052,0.2583450675010681,0.27290382981300354,0.25834640860557556,0.272905170917511
1785545413566194300,161096455,0.2856050729751587,0.24727588891983032,0.28560641407966614,0.24727723002433777
1785545413575100600,161110268,0.268208384513855,0.2654266059398651,0.26820990443229675,0.2654281258583069
1785545413587471400,161110268,0.268208384513855,0.2654266059398651,0.26820990443229675,0.2654281258583069
1785545413597120000,161129783,0.27941691875457764,0.2557206451892853,0.2794184386730194,0.25572216510772705
1785545413608302300,161143636,0.304915189743042,0.23169083893299103,0.3049163520336151,0.23169198632240295
1785545413618857300,161143636,0.304915189743042,0.23169083893299103,0.3049163520336151,0.23169198632240295
1785545413630018600,161163131,0.29520344734191895,0.24289287626743317,0.29520443081855774,0.24289385974407196
1785545413641382300,161176987,0.28375083208084106,0.2548852264881134,0.28375178575515747,0.2548862099647522
1785545413650801100,161176987,0.28375083208084106,0.2548852264881134,0.28375178575515747,0.2548862099647522
1785545413662063000,161196509,0.27649518847465515,0.26204395294189453,0.27649614214897156,0.2620449364185333
1785545413673284600,161210276,0.27855992317199707,0.25993406772613525,0.2785610258579254,0.259935200214386
1785545413684973300,161210276,0.27855992317199707,0.25993406772613525,0.2785610258579254,0.259935200214386
1785545413694921000,161229817,0.27983832359313965,0.25818246603012085,0.2798393666744232,0.2581835389137268
1785545413705952600,161243622,0.27844807505607605,0.2589874863624573,0.27844902873039246,0.2589884400367737
1785545413716919100,161243622,0.27844807505607605,0.2589874863624573,0.27844902873039246,0.2589884400367737
1785545413726694900,161263045,0.2753562927246094,0.2609417140483856,0.2753569781780243,0.26094236969947815
1785545413736903200,161263045,0.2753562927246094,0.2609417140483856,0.2753569781780243,0.26094236969947815
1785545413748013400,161276933,0.2749631106853485,0.26064160466194153,0.27496376633644104,0.26064226031303406
1785545413758994000,161296482,0.2745518386363983,0.2601799964904785,0.27455252408981323,0.26018065214157104
1785545413771643600,161296482,0.2745518386363983,0.2601799964904785,0.27455252408981323,0.26018065214157104
1785545413780354300,161310281,0.27533695101737976,0.25899267196655273,0.27533772587776184,0.2589934468269348
1785545413793092600,161329797,0.27303779125213623,0.2605961859226227,0.2730383574962616,0.26059678196907043
1785545413801641200,161329797,0.27303779125213623,0.2605961859226227,0.2730383574962616,0.26059678196907043
1785545413812324400,161343580,0.2733899652957916,0.2599225342273712,0.27339059114456177,0.25992318987846375
1785545413823260700,161343580,0.2733899652957916,0.2599225342273712,0.27339059114456177,0.25992318987846375
1785545413834425100,161363156,0.2715590000152588,0.2612017095088959,0.27155953645706177,0.26120224595069885
1785545413843915700,161376941,0.2711653411388397,0.26127201318740845,0.2711658775806427,0.26127246022224426
1785545413855171200,161376941,0.2711653411388397,0.26127201318740845,0.2711658775806427,0.26127246022224426
1785545413866541700,161396527,0.2707509994506836,0.2612836956977844,0.2707514464855194,0.26128414273262024
1785545413877478300,161410261,0.2712695300579071,0.2605806887149811,0.2712700068950653,0.2605811655521393
1785545413888693000,161410261,0.2712695300579071,0.2605806887149811,0.2712700068950653,0.2605811655521393
1785545413900161400,161429758,0.2698619067668915,0.2616760730743408,0.2698622941970825,0.26167649030685425
1785545413911438900,161443575,0.2701134979724884,0.2612799108028412,0.27011391520500183,0.2612803280353546
1785545413921396300,161443575,0.2701134979724884,0.2612799108028412,0.27011391520500183,0.2612803280353546
1785545413932309900,161463093,0.26898035407066345,0.26217159628868103,0.26898065209388733,0.2621718943119049
1785545413943569600,161476946,0.26873311400413513,0.262277215719223,0.2687334716320038,0.2622775137424469
1785545413955300800,161476946,0.26873311400413513,0.262277215719223,0.2687334716320038,0.2622775137424469
1785545413966470100,161496424,0.2684883177280426,0.26234883069992065,0.2684885859489441,0.26234912872314453
1785545413975959600,161510263,0.2688400447368622,0.26191699504852295,0.26884040236473083,0.2619173526763916
1785545413987024600,161510263,0.2688400447368622,0.26191699504852295,0.26884040236473083,0.2619173526763916
1785545413998027700,161529797,0.2686161398887634,0.2620408535003662,0.2686164975166321,0.26204121112823486
1785545414010714100,161543622,0.2680777609348297,0.26250791549682617,0.2680780589580536,0.26250821352005005
1785545414020158600,161543622,0.2680777609348297,0.26250791549682617,0.2680780589580536,0.26250821352005005
1785545414031389800,161563053,0.267168790102005,0.26330578327178955,0.2671689987182617,0.26330599188804626
1785545414040791100,161576928,0.2671046853065491,0.2633057236671448,0.2671048641204834,0.2633059024810791
1785545414053431400,161576928,0.2671046853065491,0.2633057236671448,0.2671048641204834,0.2633059024810791
1785545414064662600,161596490,0.26709768176078796,0.26323604583740234,0.2670978903770447,0.26323625445365906
1785545414074112900,161610266,0.26736316084861755,0.26293525099754333,0.26736339926719666,0.26293548941612244
1785545414086485900,161610266,0.26736316084861755,0.26293525099754333,0.26736339926719666,0.26293548941612244
1785545414096091200,161629873,0.2672227919101715,0.2630326747894287,0.2672230005264282,0.2630328834056854
1785545414106932700,161643589,0.2668760120868683,0.26335006952285767,0.2668761610984802,0.2633502781391144
1785545414117000200,161643589,0.2668760120868683,0.26335006952285767,0.2668761610984802,0.2633502781391144
1785545414128228500,161663148,0.26628991961479187,0.2638911306858063,0.2662900686264038,0.263891339302063
1785545414138436000,161676929,0.26625245809555054,0.26390311121940613,0.2662526071071625,0.2639032006263733
1785545414150789000,161676929,0.26625245809555054,0.26390311121940613,0.2662526071071625,0.2639032006263733
1785545414160208200,161696398,0.2662543058395386,0.2638710141181946,0.26625439524650574,0.26387110352516174
1785545414171382600,161696398,0.2662543058395386,0.2638710141181946,0.26625439524650574,0.26387110352516174
1785545414182754500,161710263,0.2664259374141693,0.26368528604507446,0.26642608642578125,0.2636854350566864
1785545414192371600,161729825,0.2663455605506897,0.2637488543987274,0.26634570956230164,0.26374900341033936
1785545414203370000,161729825,0.2663455605506897,0.2637488543987274,0.26634570956230164,0.26374900341033936
1785545414213926600,161743689,0.2661310136318207,0.26395201683044434,0.26613110303878784,0.2639521062374115
1785545414225022600,161763142,0.26481157541275024,0.2633461356163025,0.2648116648197174,0.26334622502326965
1785545414235088400,161763142,0.26481157541275024,0.2633461356163025,0.2648116648197174,0.26334622502326965
1785545414246206100,161776923,0.2628745138645172,0.26144373416900635,0.2628746032714844,0.2614437937736511
1785545414257210200,161796496,0.28469523787498474,0.23297715187072754,0.2846953570842743,0.2329772412776947
1785545414270058000,161796608,0.28439491987228394,0.23070892691612244,0.2843950092792511,0.2307090014219284
1785545414280142200,161810296,0.27691197395324707,0.23393811285495758,0.2769120931625366,0.23393820226192474
1785545414289888300,161810296,0.27691197395324707,0.23393811285495758,0.2769120931625366,0.23393820226192474
1785545414300965400,161830189,0.28843727707862854,0.21063348650932312,0.2884373664855957,0.21063360571861267
1785545414310513400,161843732,0.29968345165252686,0.18826326727867126,0.299683541059494,0.18826337158679962
1785545414321562600,161843732,0.29968345165252686,0.18826326727867126,0.299683541059494,0.18826337158679962
1785545414332484700,161863984,0.2996874153614044,0.16950106620788574,0.2996874749660492,0.16950111091136932
1785545414344924700,161877217,0.28298094868659973,0.17350566387176514,0.2829809784889221,0.17350567877292633
1785545414353866000,161877217,0.28298094868659973,0.17350566387176514,0.2829809784889221,0.17350567877292633
1785545414365279900,161896905,0.25829508900642395,0.18201594054698944,0.25829511880874634,0.18201595544815063
1785545414376834600,161910508,0.2554672062397003,0.17761527001857758,0.2554672658443451,0.17761532962322235
1785545414389654900,161910508,0.2554672062397003,0.17761527001857758,0.2554672658443451,0.17761532962322235
1785545414398186800,161930358,0.22318166494369507,0.2008013129234314,0.22318175435066223,0.20080138742923737
1785545414409007300,161943699,0.19508475065231323,0.22468112409114838,0.19508478045463562,0.22468115389347076
1785545414420084300,161943699,0.19508475065231323,0.22468112409114838,0.19508478045463562,0.22468115389347076
1785545414431421400,161963488,0.19799968600273132,0.2711734175682068,0.1979997307062149,0.27117350697517395
1785545414441495000,161976962,0.19726893305778503,0.29438915848731995,0.19726897776126862,0.2943892180919647
1785545414452394900,161976962,0.19726893305778503,0.29438915848731995,0.19726897776126862,0.2943892180919647
1785545414463557100,161996626,0.22724533081054688,0.2856752276420593,0.22724536061286926,0.2856752276420593
1785545414475243800,162010303,0.2449531853199005,0.27759429812431335,0.2449532300233841,0.27759429812431335
1785545414483930700,162010303,0.2449531853199005,0.27759429812431335,0.2449532300233841,0.27759429812431335
1785545414495327600,162029906,0.25481370091438293,0.2762455940246582,0.2548137605190277,0.2762456238269806
1785545414505092600,162043602,0.2594727575778961,0.2743266522884369,0.2594728171825409,0.2743266522884369
1785545414515200000,162043602,0.2594727575778961,0.2743266522884369,0.2594728171825409,0.2743266522884369
1785545414526438600,162063255,0.2586105763912201,0.2770146429538727,0.2586105763912201,0.2770146429538727
1785545414539615900,162076935,0.2575962245464325,0.27857503294944763,0.2575962245464325,0.27857506275177
1785545414550707700,162076935,0.2575962245464325,0.27857503294944763,0.2575962245464325,0.27857506275177
1785545414561815500,162096543,0.2577645778656006,0.27848491072654724,0.257764607667923,0.27848494052886963
1785545414571422300,162096543,0.2577645778656006,0.27848491072654724,0.257764607667923,0.27848494052886963
1785545414582803500,162110254,0.256998747587204,0.27928662300109863,0.256998747587204,0.279286652803421
1785545414593772500,162129829,0.257837176322937,0.27822253108024597,0.2578372061252594,0.27822256088256836
1785545414603484200,162129829,0.257837176322937,0.27822253108024597,0.2578372061252594,0.27822256088256836
1785545414615032400,162143603,0.2592589557170868,0.27644574642181396,0.2592589557170868,0.27644577622413635
1785545414626539700,162163200,0.26121771335601807,0.2736680507659912,0.26121774315834045,0.2736680805683136
1785545414636842500,162163200,0.26121771335601807,0.2736680507659912,0.26121774315834045,0.2736680805683136
1785545414647992000,162176935,0.26085466146469116,0.27352359890937805,0.2608547508716583,0.27352359890937805
1785545414658096900,162176935,0.26085466146469116,0.27352359890937805,0.2608547508716583,0.27352359890937805
1785545414667781200,162196698,0.2603549361228943,0.27335304021835327,0.2603549659252167,0.27335304021835327
1785545414679113300,162210391,0.25931018590927124,0.27409714460372925,0.25931021571159363,0.27409714460372925
1785545414691630000,162210391,0.25931018590927124,0.27409714460372925,0.25931021571159363,0.27409714460372925
1785545414701856700,162229976,0.28518640995025635,0.2478223294019699,0.28518643975257874,0.2478223443031311
1785545414710873100,162243609,0.30750852823257446,0.22520901262760162,0.30750855803489685,0.22520901262760162
1785545414720746200,162243609,0.30750852823257446,0.22520901262760162,0.30750855803489685,0.22520901262760162
1785545414731932800,162263270,0.3184758722782135,0.21385227143764496,0.3184758424758911,0.21385227143764496
1785545414745048300,162276942,0.32640254497528076,0.20584101974964142,0.3264025151729584,0.20584101974964142
1785545414755890500,162276942,0.32640254497528076,0.20584101974964142,0.3264025151729584,0.20584101974964142
1785545414765619100,162296633,0.3081500232219696,0.224513441324234,0.3081500232219696,0.224513441324234
1785545414776684400,162310267,0.30095818638801575,0.23189517855644226,0.30095818638801575,0.23189516365528107
1785545414787478900,162310267,0.30095818638801575,0.23189517855644226,0.30095818638801575,0.23189516365528107
1785545414798554900,162329884,0.29039639234542847,0.2445908784866333,0.29039642214775085,0.2445908784866333
1785545414809262100,162343608,0.2692418098449707,0.2667340040206909,0.2692418396472931,0.26673397421836853
1785545414820172100,162343608,0.2692418098449707,0.2667340040206909,0.2692418396472931,0.26673397421836853
1785545414831791300,162363147,0.2470991462469101,0.2925405502319336,0.2470991611480713,0.2925405502319336
1785545414841760200,162376918,0.23578329384326935,0.306316077709198,0.23578330874443054,0.3063161075115204
1785545414852347100,162376918,0.23578329384326935,0.306316077709198,0.23578330874443054,0.3063161075115204
1785545414863324000,162396470,0.23130613565444946,0.31373342871665955,0.23130613565444946,0.31373345851898193
1785545414874966800,162410240,0.24870821833610535,0.2976802885532379,0.24870820343494415,0.2976802885532379
1785545414884592300,162410240,0.24870821833610535,0.2976802885532379,0.24870820343494415,0.2976802885532379
1785545414895797200,162429767,0.25741803646087646,0.2901041507720947,0.25741803646087646,0.2901041507720947
1785545414908469400,162443572,0.2629060745239258,0.28383275866508484,0.2629060745239258,0.28383275866508484
1785545414918299800,162443572,0.2629060745239258,0.28383275866508484,0.2629060745239258,0.28383275866508484
1785545414931154600,162463066,0.26184749603271484,0.2831610441207886,0.26184752583503723,0.2831610441207886
1785545414941008000,162476897,0.25987598299980164,0.2838785946369171,0.259876012802124,0.2838786244392395
1785545414950396600,162476897,0.25987598299980164,0.2838785946369171,0.259876012802124,0.2838786244392395
1785545414961523400,162496448,0.2587221562862396,0.2832520008087158,0.2587221562862396,0.2832520306110382
1785545414972355900,162510228,0.25705763697624207,0.284092515707016,0.25705763697624207,0.284092515707016
1785545414983463600,162510228,0.25705763697624207,0.284092515707016,0.25705763697624207,0.284092515707016
1785545414996062400,162529760,0.2576095461845398,0.28240182995796204,0.2576095461845398,0.28240180015563965
1785545415005732400,162543857,0.25914493203163147,0.27995023131370544,0.25914493203163147,0.27995020151138306
1785545415016905700,162543857,0.25914493203163147,0.27995023131370544,0.25914493203163147,0.27995020151138306
1785545415027703900,162563211,0.26130858063697815,0.27627506852149963,0.26130858063697815,0.27627506852149963
1785545415038487100,162576876,0.26080089807510376,0.2758654057979584,0.26080089807510376,0.2758654057979584
1785545415049171800,162576876,0.26080089807510376,0.2758654057979584,0.26080089807510376,0.2758654057979584
1785545415060266400,162596410,0.2599625587463379,0.27558597922325134,0.2599625289440155,0.27558600902557373
1785545415071421000,162610234,0.2585582435131073,0.2764737904071808,0.2585581839084625,0.2764738202095032
1785545415082733700,162610234,0.2585582435131073,0.2764737904071808,0.2585581839084625,0.2764738202095032
1785545415093796900,162629841,0.26029908657073975,0.27388301491737366,0.2602989971637726,0.27388304471969604
1785545415103467100,162629841,0.26029908657073975,0.27388301491737366,0.2602989971637726,0.27388304471969604
1785545415114952200,162643551,0.25958025455474854,0.27421122789382935,0.25958022475242615,0.2742112874984741
1785545415126289300,162663189,0.2609863877296448,0.27214840054512024,0.26098641753196716,0.27214837074279785
1785545415136671000,162663189,0.2609863877296448,0.27214840054512024,0.26098641753196716,0.27214837074279785
1785545415147879400,162676907,0.26105138659477234,0.2717038691043854,0.2610514163970947,0.271703839302063
1785545415158868800,162696504,0.2610519826412201,0.27123263478279114,0.2610520124435425,0.27123260498046875
1785545415169853600,162696504,0.2610519826412201,0.27123263478279114,0.2610520124435425,0.27123260498046875
1785545415180725100,162710233,0.26028433442115784,0.27178463339805603,0.26028433442115784,0.27178463339805603
1785545415190334000,162729672,0.261466383934021,0.27034321427345276,0.261466383934021,0.27034321427345276
1785545415201701600,162729781,0.261462926864624,0.27024638652801514,0.261462926864624,0.27024638652801514
1785545415212563100,162743670,0.26103726029396057,0.2705061733722687,0.26103726029396057,0.2705061733722687
1785545415223513700,162743670,0.26103726029396057,0.2705061733722687,0.26103726029396057,0.2705061733722687
1785545415233638500,162763208,0.23594149947166443,0.2432027906179428,0.2880650758743286,0.2953263521194458
1785545415244591900,162776885,0.24119794368743896,0.20289845764636993,0.3342514932155609,0.29021090269088745
1785545415254195600,162776885,0.24119794368743896,0.20289845764636993,0.3342514932155609,0.29021090269088745
1785545415265894400,162796537,0.2593468725681305,0.17813906073570251,0.37028515338897705,0.28424492478370667
1785545415276861600,162810245,0.26013410091400146,0.20140931010246277,0.33925092220306396,0.28184622526168823
1785545415288009300,162810245,0.26013410091400146,0.20140931010246277,0.33925092220306396,0.28184622526168823
1785545415299299800,162829980,0.2599886953830719,0.17718897759914398,0.3623530864715576,0.28203558921813965
1785545415310244500,162843609,0.28375244140625,0.16745512187480927,0.3723210096359253,0.2606152296066284
1785545415320424400,162843609,0.28375244140625,0.16745512187480927,0.3723210096359253,0.2606152296066284
1785545415331614200,162863371,0.2882974147796631,0.20349931716918945,0.3437994718551636,0.2629689872264862
1785545415341830300,162876967,0.2843978703022003,0.22191555798053741,0.33506152033805847,0.2748609483242035
1785545415351960200,162876967,0.2843978703022003,0.22191555798053741,0.33506152033805847,0.2748609483242035
1785545415363124500,162896713,0.28540220856666565,0.23818308115005493,0.3361351788043976,0.288851261138916
1785545415374315200,162910251,0.2888331115245819,0.23358742892742157,0.34845826029777527,0.29220134019851685
1785545415383905100,162910251,0.2888331115245819,0.23358742892742157,0.34845826029777527,0.29220134019851685
1785545415395074200,162930018,0.2976599633693695,0.2437165528535843,0.3534003496170044,0.2982204258441925
1785545415405938500,162943609,0.3037537932395935,0.2674138844013214,0.34210604429244995,0.3048810064792633
1785545415417047200,162943609,0.3037537932395935,0.2674138844013214,0.34210604429244995,0.3048810064792633
1785545415428294700,162963338,0.31373101472854614,0.2815796136856079,0.34736356139183044,0.31501084566116333
1785545415438665700,162976981,0.32119613885879517,0.2882259786128998,0.3555069863796234,0.32269230484962463
1785545415449745500,162976981,0.32119613885879517,0.2882259786128998,0.3555069863796234,0.32269230484962463
1785545415461066900,162997215,0.3321048617362976,0.30090004205703735,0.36492636799812317,0.3340686559677124
1785545415470420100,162997215,0.3321048617362976,0.30090004205703735,0.36492636799812317,0.3340686559677124
1785545415481521500,163010417,0.3371545374393463,0.3022508919239044,0.37311530113220215,0.33851176500320435
1785545415492705000,163029984,0.34396159648895264,0.3213019371032715,0.36945512890815735,0.34691834449768066
1785545415504268400,163029984,0.34396159648895264,0.3213019371032715,0.36945512890815735,0.34691834449768066
1785545415514010500,163043593,0.34928858280181885,0.3229365646839142,0.37790432572364807,0.35155728459358215
1785545415523351200,163043593,0.34928858280181885,0.3229365646839142,0.37790432572364807,0.35155728459358215
1785545415533793700,163063523,0.35435613989830017,0.3365073502063751,0.37597328424453735,0.358038991689682
1785545415544577200,163076906,0.356947124004364,0.33975541591644287,0.37802618741989136,0.36074286699295044
1785545415555450400,163076906,0.356947124004364,0.33975541591644287,0.37802618741989136,0.36074286699295044
1785545415566515000,163096772,0.3656039237976074,0.3491991460323334,0.3408859968185425,0.3244282901287079
1785545415577993400,163110254,0.3538461923599243,0.33371701836586,0.34381237626075745,0.32366544008255005
1785545415589228100,163110254,0.3538461923599243,0.33371701836586,0.34381237626075745,0.32366544008255005
1785545415600430300,163130166,0.3636907637119293,0.3453771770000458,0.32325413823127747,0.3049575090408325
1785545415610010800,163143676,0.3782440721988678,0.3638252913951874,0.30306121706962585,0.2886674702167511
1785545415621563900,163143676,0.3782440721988678,0.3638252913951874,0.30306121706962585,0.2886674702167511
1785545415632357900,163163517,0.38339388370513916,0.3729036748409271,0.29470735788345337,0.2842364013195038
1785545415643208900,163176954,0.35017773509025574,0.38274991512298584,0.284835547208786,0.31741762161254883
1785545415654168100,163176954,0.35017773509025574,0.38274991512298584,0.284835547208786,0.31741762161254883
1785545415665130800,163196622,0.3176983892917633,0.3860500454902649,0.27900728583335876,0.34735721349716187
1785545415676695400,163210227,0.3340732157230377,0.37247568368911743,0.29144051671028137,0.32983702421188354
1785545415687585800,163210227,0.3340732157230377,0.37247568368911743,0.29144051671028137,0.32983702421188354
1785545415698757500,163229929,0.32160142064094543,0.3836270272731781,0.27658218145370483,0.3386015295982361
1785545415711329100,163243575,0.3013909161090851,0.3931874632835388,0.2614801824092865,0.35327258706092834
1785545415720327300,163243575,0.3013909161090851,0.3931874632835388,0.2614801824092865,0.35327258706092834
1785545415731507600,163263176,0.30709725618362427,0.37784692645072937,0.26796963810920715,0.3387186825275421
1785545415741829200,163276930,0.31114479899406433,0.35255980491638184,0.28192973136901855,0.3233458399772644
1785545415751922600,163276930,0.31114479899406433,0.35255980491638184,0.28192973136901855,0.3233458399772644
1785545415763147600,163296807,0.3071106970310211,0.340647429227829,0.27770474553108215,0.3112433850765228
1785545415774317500,163310238,0.30062365531921387,0.3464297950267792,0.2647191882133484,0.31052684783935547
1785545415785440300,163310238,0.30062365531921387,0.3464297950267792,0.2647191882133484,0.31052684783935547
1785545415795143000,163329882,0.2971322536468506,0.34411635994911194,0.26231077313423157,0.3092954158782959
1785545415806438300,163343605,0.29871079325675964,0.33768245577812195,0.26944267749786377,0.3084142804145813
1785545415816686300,163343605,0.29871079325675964,0.33768245577812195,0.26944267749786377,0.3084142804145813
1785545415828042000,163363307,0.3039304316043854,0.33075258135795593,0.2828657627105713,0.30968743562698364
1785545415838245000,163376898,0.3081482946872711,0.3355047404766083,0.2867752015590668,0.3141311705112457
1785545415850649400,163376898,0.3081482946872711,0.3355047404766083,0.2867752015590668,0.3141311705112457
1785545415860246900,163396740,0.3160654902458191,0.343742698431015,0.2946913540363312,0.3223682940006256
1785545415869890600,163396740,0.3160654902458191,0.343742698431015,0.2946913540363312,0.3223682940006256
1785545415880898900,163410258,0.3190455138683319,0.35056746006011963,0.2950420081615448,0.32656392455101013
1785545415893590900,163429916,0.3268979489803314,0.35503828525543213,0.30536603927612305,0.3335065245628357
1785545415903353000,163429916,0.3268979489803314,0.35503828525543213,0.30536603927612305,0.3335065245628357
1785545415914340400,163443590,0.3340495824813843,0.3564077615737915,0.3167368173599243,0.3390951156616211
1785545415925259700,163463346,0.3449244201183319,0.36016473174095154,0.33289945125579834,0.34813985228538513
1785545415936535300,163463346,0.3449244201183319,0.36016473174095154,0.33289945125579834,0.34813985228538513
1785545415949181400,163477066,0.352216899394989,0.36829373240470886,0.33964428305625916,0.35572120547294617
1785545415958297400,163497029,0.36324775218963623,0.3795352876186371,0.3506094813346863,0.36689698696136475
1785545415969116400,163497029,0.36324775218963623,0.3795352876186371,0.3506094813346863,0.36689698696136475
1785545415980168300,163510294,0.3678032457828522,0.38615551590919495,0.35365554690361023,0.3720077574253082
1785545415991324700,163530333,0.37678202986717224,0.3927003741264343,0.36446282267570496,0.38038113713264465
1785545416002945800,163530333,0.37678202986717224,0.3927003741264343,0.36446282267570496,0.38038113713264465
1785545416014186900,163543663,0.38391467928886414,0.39634621143341064,0.3742021918296814,0.3866337239742279
1785545416023661100,163543663,0.38391467928886414,0.39634621143341064,0.3742021918296814,0.3866337239742279
1785545416034973000,163563739,0.3948235809803009,0.40344297885894775,0.3881441652774811,0.39676356315612793
1785545416044754400,163577044,0.40157514810562134,0.411025732755661,0.3943095803260803,0.4037601947784424
1785545416054316200,163577044,0.40157514810562134,0.411025732755661,0.3943095803260803,0.4037601947784424
1785545416066983700,163597106,0.41028907895088196,0.41973254084587097,0.4030328691005707,0.41247642040252686
1785545416076932600,163610233,0.41392797231674194,0.42451176047325134,0.4057786464691162,0.4163625240325928
1785545416089564900,163610233,0.41392797231674194,0.42451176047325134,0.4057786464691162,0.4163625240325928
1785545416101084200,163629958,0.4188203811645508,0.4279700815677643,0.41173842549324036,0.4208882451057434
1785545416110679600,163643636,0.4213044047355652,0.4284689724445343,0.41574421525001526,0.422908753156662
1785545416121724500,163643636,0.4213044047355652,0.4284689724445343,0.41574421525001526,0.422908753156662
1785545416132121400,163664693,0.35525792837142944,0.36077725887298584,0.35102134943008423,0.35654062032699585
1785545416144656100,163676934,0.33041778206825256,0.33690279722213745,0.32543691992759705,0.33192187547683716
1785545416155706300,163676934,0.33041778206825256,0.33690279722213745,0.32543691992759705,0.33192187547683716
1785545416165374500,163696675,0.30408787727355957,0.3110344111919403,0.29875296354293823,0.30569949746131897
1785545416177282500,163710220,0.2921217083930969,0.3002817630767822,0.2858506441116333,0.2940106987953186
1785545416188479400,163710220,0.2921217083930969,0.3002817630767822,0.2858506441116333,0.2940106987953186
1785545416199868700,163729812,0.2811903655529022,0.28912702202796936,0.2750753164291382,0.2830120027065277
1785545416211229500,163743551,0.27628055214881897,0.2829955518245697,0.2711004614830017,0.2778155207633972
1785545416221744600,163743551,0.27628055214881897,0.2829955518245697,0.2711004614830017,0.2778155207633972
1785545416232992600,163763249,0.27182087302207947,0.27649715542793274,0.2682287096977234,0.27290499210357666
1785545416243364000,163776882,0.26967653632164,0.2743324935436249,0.26611101627349854,0.2707669138908386
1785545416255859400,163776882,0.26967653632164,0.2743324935436249,0.26611101627349854,0.2707669138908386
1785545416267194800,163796437,0.2676820755004883,0.27240800857543945,0.264066219329834,0.26879215240478516
1785545416276765500,163810250,0.2666865587234497,0.27211007475852966,0.26253485679626465,0.2679583430290222
1785545416288095700,163810250,0.2666865587234497,0.27211007475852966,0.26253485679626465,0.2679583430290222
1785545416300339500,163829829,0.265980988740921,0.27012041211128235,0.26280882954597473,0.26694831252098083
1785545416310069700,163843529,0.26555803418159485,0.2699289917945862,0.26221510767936707,0.266586035490036
1785545416321532900,163843529,0.26555803418159485,0.2699289917945862,0.26221510767936707,0.266586035490036
1785545416332760200,163863127,0.2653035521507263,0.2686065137386322,0.26277899742126465,0.26608189940452576
1785545416343824200,163877280,0.26514166593551636,0.26824134588241577,0.2627764344215393,0.26587608456611633
1785545416355206400,163877280,0.26514166593551636,0.26824134588241577,0.2627764344215393,0.26587608456611633
1785545416366557200,163896466,0.2649955451488495,0.26791539788246155,0.2627701759338379,0.26569002866744995
1785545416378111200,163910186,0.26487433910369873,0.2681507468223572,0.26237770915031433,0.26565420627593994
1785545416389213500,163910186,0.26487433910369873,0.2681507468223572,0.26237770915031433,0.26565420627593994
1785545416400298600,163929745,0.26481950283050537,0.26791784167289734,0.2624579071998596,0.265556275844574
1785545416411411300,163943546,0.26483723521232605,0.26745226979255676,0.2628452479839325,0.26546022295951843
1785545416422936000,163943546,0.26483723521232605,0.26745226979255676,0.2628452479839325,0.26546022295951843
1785545416434079100,163963214,0.2648302912712097,0.26715782284736633,0.2630615532398224,0.2653890550136566
1785545416445103900,163976858,0.2648838758468628,0.2665679156780243,0.2636060118675232,0.2652899920940399
1785545416454367200,163976858,0.2648838758468628,0.2665679156780243,0.2636060118675232,0.2652899920940399
1785545416466889600,163996597,0.26488202810287476,0.2663664221763611,0.26375943422317505,0.265243798494339
1785545416477000300,164010212,0.26482921838760376,0.266663134098053,0.2634410560131073,0.2652750313282013
1785545416488059000,164010212,0.26482921838760376,0.266663134098053,0.2634410560131073,0.2652750313282013
1785545416500053600,164030129,0.26481637358665466,0.2666621208190918,0.263418585062027,0.2652643918991089
1785545416509771100,164043544,0.26484447717666626,0.2663997709751129,0.2636677026748657,0.26522305607795715
1785545416521189400,164043544,0.26484447717666626,0.2663997709751129,0.2636677026748657,0.26522305607795715
1785545416530716100,164063248,0.2649002969264984,0.2659122347831726,0.26413801312446594,0.26514992117881775
1785545416541508000,164076852,0.264899879693985,0.2658739686012268,0.26416730880737305,0.26514139771461487
1785545416552461300,164076852,0.264899879693985,0.2658739686012268,0.26416730880737305,0.26514139771461487
1785545416565000000,164096455,0.2648947238922119,0.265868216753006,0.26416292786598206,0.2651364207267761
1785545416574971300,164110224,0.2648739814758301,0.26599785685539246,0.2640286684036255,0.2651524841785431
1785545416584748800,164110224,0.2648739814758301,0.26599785685539246,0.2640286684036255,0.2651524841785431
1785545416595944900,164129752,0.2648788392543793,0.26594078540802,0.2640804946422577,0.2651425004005432
1785545416607116300,164143821,0.26491594314575195,0.26565712690353394,0.26436030864715576,0.26510152220726013
1785545416618475600,164143821,0.26491594314575195,0.26565712690353394,0.26436030864715576,0.26510152220726013
1785545416629585600,164163157,0.26493239402770996,0.2655181586742401,0.2644951343536377,0.26508086919784546
1785545416640608100,164177296,0.2649312913417816,0.2655142545700073,0.26449665427207947,0.2650795578956604
1785545416651666800,164177296,0.2649312913417816,0.2655142545700073,0.26449665427207947,0.2650795578956604
1785545416662841400,164196426,0.26493164896965027,0.2655004560947418,0.26450783014297485,0.2650766670703888
1785545416673476900,164210166,0.2649228572845459,0.26555609703063965,0.2644510269165039,0.26508423686027527
1785545416684311700,164210166,0.2649228572845459,0.26555609703063965,0.2644510269165039,0.26508423686027527
1785545416695425700,164229713,0.2649281322956085,0.2655121982097626,0.264493465423584,0.2650776207447052
1785545416705215900,164243509,0.264940470457077,0.2654205560684204,0.2645842432975769,0.26506438851356506
1785545416716865900,164243509,0.264940470457077,0.2654205560684204,0.2645842432975769,0.26506438851356506
1785545416728261800,164263182,0.26496168971061707,0.26526641845703125,0.26473715901374817,0.26504185795783997
1785545416738332400,164276818,0.26423129439353943,0.26452216506004333,0.26401734352111816,0.2643081843852997
1785545416749486200,164276818,0.26423129439353943,0.26452216506004333,0.26401734352111816,0.2643081843852997
1785545416760084700,164296466,0.261641263961792,0.2619345784187317,0.2614257037639618,0.2617189884185791
1785545416771284500,164296466,0.261641263961792,0.2619345784187317,0.2614257037639618,0.2617189884185791
1785545416780863100,164310171,0.26045551896095276,0.2607961595058441,0.2602049708366394,0.26054561138153076
1785545416792189000,164329748,0.256544828414917,0.2568644881248474,0.2563101053237915,0.2566298544406891
1785545416803404600,164329748,0.256544828414917,0.2568644881248474,0.2563101053237915,0.2566298544406891
1785545416814863800,164343499,0.25178927183151245,0.2520500123500824,0.2515988051891327,0.251859575510025
1785545416824635000,164363163,0.24462361633777618,0.24478717148303986,0.24450546503067017,0.24466903507709503
1785545416835744600,164363163,0.24462361633777618,0.24478717148303986,0.24450546503067017,0.24466903507709503
1785545416845263500,164377283,0.23969964683055878,0.23985488712787628,0.23958788812160492,0.23974312841892242
1785545416856538900,164377283,0.23969964683055878,0.23985488712787628,0.23958788812160492,0.23974312841892242
1785545416866828300,164396409,0.23454004526138306,0.2346975952386856,0.23442673683166504,0.2345842719078064
1785545416878224500,164410170,0.23208832740783691,0.23227037489414215,0.23195728659629822,0.23213931918144226
1785545416887513400,164410170,0.23208832740783691,0.23227037489414215,0.23195728659629822,0.23213931918144226
1785545416899093600,164429760,0.24521039426326752,0.24537889659404755,0.2450895458459854,0.24525804817676544
1785545416910047600,164443517,0.2512389123439789,0.2513508200645447,0.25115954875946045,0.25127145648002625
1785545416921629800,164443517,0.2512389123439789,0.2513508200645447,0.25115954875946045,0.25127145648002625
1785545416932775000,164463046,0.2567174732685089,0.2567940354347229,0.25666406750679016,0.25674059987068176
1785545416942251300,164477300,0.2593155801296234,0.25938814878463745,0.25926515460014343,0.2593376934528351
1785545416953378000,164477300,0.2593155801296234,0.25938814878463745,0.25926515460014343,0.2593376934528351
1785545416964380000,164496446,0.26153719425201416,0.26160597801208496,0.2614896297454834,0.2615584433078766
1785545416975549600,164510163,0.26258376240730286,0.2626604437828064,0.26253074407577515,0.2626073956489563
1785545416986737800,164510163,0.26258376240730286,0.2626604437828064,0.26253074407577515,0.2626073956489563
1785545416996913100,164529766,0.26354488730430603,0.263612300157547,0.2634987235069275,0.26356613636016846
1785545417008075600,164543478,0.26398608088493347,0.2640371322631836,0.26395177841186523,0.26400285959243774
1785545417018146400,164543478,0.26398608088493347,0.2640371322631836,0.26395177841186523,0.26400285959243774
1785545417029628100,164563104,0.26439136266708374,0.26441705226898193,0.2643751800060272,0.2644008696079254
1785545417040540600,164576825,0.26457521319389343,0.26459816098213196,0.26456111669540405,0.2645840346813202
1785545417050447900,164576825,0.26457521319389343,0.26459816098213196,0.26456111669540405,0.2645840346813202
1785545417061585600,164596570,0.2647438645362854,0.2647663354873657,0.26473018527030945,0.2647526264190674
1785545417072845100,164610167,0.2648189961910248,0.26484572887420654,0.2648025453090668,0.26482924818992615
1785545417083650800,164610167,0.2648189961910248,0.26484572887420654,0.2648025453090668,0.26482924818992615
1785545417095140400,164629892,0.2648913264274597,0.26490670442581177,0.26488274335861206,0.2648981213569641
1785545417104876500,164643523,0.26492369174957275,0.26493456959724426,0.26491835713386536,0.26492923498153687
1785545417116577900,164643523,0.26492369174957275,0.26493456959724426,0.26491835713386536,0.26492923498153687
1785545417127412300,164663206,0.26495376229286194,0.26496055722236633,0.26495128870010376,0.26495814323425293
1785545417138461100,164676836,0.26496732234954834,0.264972448348999,0.26496607065200806,0.26497116684913635
1785545417150762900,164676836,0.26496732234954834,0.264972448348999,0.26496607065200806,0.26497116684913635
1785545417160285800,164696506,0.2649800181388855,0.26498258113861084,0.26498058438301086,0.2649831473827362
1785545417171506500,164710161,0.26498547196388245,0.2649879455566406,0.2649863660335541,0.26498883962631226
1785545417183080400,164710161,0.26498547196388245,0.2649879455566406,0.2649863660335541,0.26498883962631226
1785545417193883100,164729899,0.26499143242836,0.26498955488204956,0.2649950683116913,0.26499316096305847
1785545417205241000,164743545,0.2649937868118286,0.26499107480049133,0.264998197555542,0.2649954855442047
1785545417216811100,164743545,0.2649937868118286,0.26499107480049133,0.264998197555542,0.2649954855442047
1785545417229606600,164763210,0.2649965286254883,0.2649911642074585,0.26500239968299866,0.26499703526496887
1785545417238860700,164777094,0.2649975121021271,0.2649914622306824,0.26500409841537476,0.26499804854393005
1785545417250249300,164777094,0.2649975121021271,0.2649914622306824,0.26500409841537476,0.26499804854393005
1785545417261610100,164796434,0.26499825716018677,0.2649916410446167,0.2650056779384613,0.26499906182289124
1785545417272910800,164810151,0.26499879360198975,0.2649911940097809,0.265006959438324,0.2649993896484375
1785545417282478800,164810151,0.26499879360198975,0.2649911940097809,0.265006959438324,0.2649993896484375
1785545417293657800,164829736,0.26499930024147034,0.2649904191493988,0.26500847935676575,0.2649995982646942
1785545417304769900,164843541,0.26500019431114197,0.26499029994010925,0.26500895619392395,0.26499906182289124
1785545417316272400,164843541,0.26500019431114197,0.26499029994010925,0.26500895619392395,0.26499906182289124
1785545417327648800,164863514,0.26500067114830017,0.26499098539352417,0.2650085985660553,0.2649989128112793
1785545417340157100,164876966,0.2650006115436554,0.26499083638191223,0.2650088667869568,0.264999121427536
1785545417351927700,164876966,0.2650006115436554,0.26499083638191223,0.2650088667869568,0.264999121427536
1785545417361782000,164896801,0.26500052213668823,0.26499053835868835,0.2650092840194702,0.26499930024147034
1785545417373036300,164910191,0.265000581741333,0.26498943567276,0.2650104761123657,0.26499930024147034
1785545417384312200,164910191,0.265000581741333,0.26498943567276,0.2650104761123657,0.26499930024147034
1785545417395205700,164929933,0.26500073075294495,0.26498904824256897,0.26501092314720154,0.2649992108345032
1785545417406428700,164943500,0.2650007903575897,0.26498958468437195,0.26501038670539856,0.2649991512298584
1785545417417140300,164943500,0.2650007903575897,0.26498958468437195,0.26501038670539856,0.2649991512298584
1785545417428369700,164963023,0.2650007903575897,0.2649913430213928,0.2650086581707001,0.26499924063682556
1785545417439859700,164976772,0.2650008201599121,0.2649911940097809,0.265008807182312,0.26499924063682556
1785545417451026500,164976772,0.2650008201599121,0.2649911940097809,0.265008807182312,0.26499924063682556
1785545417460576200,164996396,0.2650008797645569,0.2649909257888794,0.2650090754032135,0.2649991810321808
1785545417470170500,164996396,0.2650008797645569,0.2649909257888794,0.2650090754032135,0.2649991810321808
1785545417480931900,165010124,0.26500096917152405,0.2649897634983063,0.265010267496109,0.2649990916252136
1785545417492176600,165029619,0.26500093936920166,0.2649897634983063,0.265010267496109,0.264999121427536
1785545417504661800,165029619,0.26500093936920166,0.2649897634983063,0.265010267496109,0.264999121427536
1785545417513898700,165043446,0.2650008797645569,0.26499059796333313,0.26500943303108215,0.2649991810321808
1785545417524899600,165062987,0.26500076055526733,0.2649925947189331,0.2650074362754822,0.26499930024147034
1785545417536466600,165062987,0.26500076055526733,0.2649925947189331,0.2650074362754822,0.26499930024147034
1785545417547490500,165076773,0.26500076055526733,0.2649925649166107,0.26500746607780457,0.26499930024147034
1785545417558521100,165096294,0.26500076055526733,0.264992356300354,0.2650076746940613,0.26499927043914795
1785545417569796200,165096294,0.26500076055526733,0.264992356300354,0.2650076746940613,0.26499927043914795
1785545417581119900,165110135,0.2650008797645569,0.2649913430213928,0.26500868797302246,0.2649991512298584
1785545417590721100,165129584,0.2650008797645569,0.26499149203300476,0.2650085389614105,0.2649991512298584
1785545417601701800,165129669,0.2650008797645569,0.2649914026260376,0.2650086283683777,0.2649991512298584
1785545417612850100,165143474,0.2650008499622345,0.26499220728874207,0.2650078237056732,0.2649991810321808
1785545417624390400,165163185,0.2650007903575897,0.26499271392822266,0.2650073170661926,0.26499924063682556
1785545417635441400,165163185,0.2650007903575897,0.26499271392822266,0.2650073170661926,0.26499924063682556
1785545417646317600,165176821,0.26500067114830017,0.2649940848350525,0.2650059461593628,0.2649993598461151
1785545417657306000,165196486,0.2650006115436554,0.2649945318698883,0.265005499124527,0.2649994194507599
1785545417668800700,165196486,0.2650006115436554,0.2649945318698883,0.265005499124527,0.2649994194507599
1785545417679685000,165210098,0.26500070095062256,0.26499348878860474,0.26500654220581055,0.2649993300437927
1785545417690606900,165229433,0.26500067114830017,0.2649935483932495,0.26500648260116577,0.2649993598461151
1785545417700367500,165229592,0.26500067114830017,0.2649933099746704,0.2650067210197449,0.2649993598461151
1785545417711426600,165243494,0.2650006115436554,0.2649940252304077,0.26500600576400757,0.2649994194507599
1785545417721179500,165243494,0.2650006115436554,0.2649940252304077,0.26500600576400757,0.2649994194507599
1785545417732067600,165263071,0.26500052213668823,0.2649954855442047,0.26500454545021057,0.26499950885772705
1785545417742861700,165276806,0.26500049233436584,0.2649955749511719,0.265004426240921,0.26499950885772705
1785545417753729200,165276806,0.26500049233436584,0.2649955749511719,0.265004426240921,0.26499950885772705
1785545417763335400,165296295,0.26500049233436584,0.2649955153465271,0.2650044560432434,0.26499950885772705
1785545417773797000,165310133,0.2650005519390106,0.26499485969543457,0.2650051414966583,0.2649994492530823
1785545417783910900,165310133,0.2650005519390106,0.26499485969543457,0.2650051414966583,0.2649994492530823
1785545417795190000,165329614,0.26500052213668823,0.2649949789047241,0.2650050222873688,0.2649994492530823
1785545417808061800,165343453,0.2650004029273987,0.26499611139297485,0.26500388979911804,0.2649995684623718
1785545417817090800,165343453,0.2650004029273987,0.26499611139297485,0.26500388979911804,0.2649995684623718
1785545417827754500,165362966,0.2650003731250763,0.26499664783477783,0.2650033235549927,0.2649995982646942
1785545417838846200,165376794,0.2650004029273987,0.2649965286254883,0.2650034427642822,0.2649995684623718
1785545417849620700,165376794,0.2650004029273987,0.2649965286254883,0.2650034427642822,0.2649995684623718
1785545417860723000,165396403,0.2650003433227539,0.26499661803245544,0.26500335335731506,0.2649996280670166
1785545417871823500,165410111,0.2650004029273987,0.2649962306022644,0.2650037407875061,0.2649995684623718
1785545417884444400,165410111,0.2650004029273987,0.2649962306022644,0.2650037407875061,0.2649995684623718
1785545417894023400,165429611,0.2650003135204315,0.2649970054626465,0.2650029957294464,0.264999657869339
1785545417903645400,165429611,0.2650003135204315,0.2649970054626465,0.2650029957294464,0.264999657869339
1785545417914842300,165443431,0.2650003731250763,0.26499679684638977,0.26500317454338074,0.2649996280670166
1785545417926522300,165462942,0.2650003433227539,0.2649973928928375,0.2650025486946106,0.264999657869339
1785545417939233300,165476769,0.2650003731250763,0.26499712467193604,0.2650028467178345,0.2649996280670166
1785545417948699600,165476769,0.2650003731250763,0.26499712467193604,0.2650028467178345,0.2649996280670166
1785545417959972300,165496291,0.26500025391578674,0.264997661113739,0.2650023102760315,0.26499974727630615
1785545417971371000,165510087,0.26500025391578674,0.2649974524974823,0.2650025188922882,0.26499971747398376
1785545417982947000,165510087,0.26500025391578674,0.2649974524974823,0.2650025188922882,0.26499971747398376
1785545417993783700,165529843,0.26500028371810913,0.26499712467193604,0.26500287652015686,0.2649996876716614
1785545418003411500,165529843,0.26500028371810913,0.26499712467193604,0.26500287652015686,0.2649996876716614
1785545418013712400,165543497,0.26500025391578674,0.26499778032302856,0.26500222086906433,0.26499971747398376
1785545418023853200,165563246,0.26500028371810913,0.2649977207183838,0.2650022506713867,0.26499971747398376
1785545418036784300,165563246,0.26500028371810913,0.2649977207183838,0.2650022506713867,0.26499971747398376
1785545418046376100,165576796,0.26500022411346436,0.264998197555542,0.26500174403190613,0.26499977707862854
1785545418056468200,165576796,0.26500022411346436,0.264998197555542,0.26500174403190613,0.26499977707862854
1785545418067917300,165596376,0.26500019431114197,0.2649986743927002,0.26500123739242554,0.2649998068809509
1785545418080655500,165610095,0.26500022411346436,0.2649983763694763,0.2650015950202942,0.26499974727630615
1785545418090272700,165610095,0.26500022411346436,0.2649983763694763,0.2650015950202942,0.26499974727630615
1785545418100035100,165629945,0.26500022411346436,0.2649979591369629,0.2650020122528076,0.26499971747398376
1785545418110716600,165643448,0.2650001645088196,0.2649984359741211,0.2650015354156494,0.2649998068809509
1785545418120239400,165643448,0.2650001645088196,0.2649984359741211,0.2650015354156494,0.2649998068809509
1785545418131431500,165662987,0.2650001347064972,0.26499900221824646,0.26500096917152405,0.2649998366832733
1785545418142838300,165676759,0.26500019431114197,0.26499879360198975,0.2650011479854584,0.2649998068809509
1785545418153707300,165676759,0.26500019431114197,0.26499879360198975,0.2650011479854584,0.2649998068809509
1785545418163458300,165696291,0.26500019431114197,0.2649984359741211,0.2650015354156494,0.26499977707862854
1785545418174978800,165710087,0.26500019431114197,0.2649983763694763,0.2650015950202942,0.26499977707862854
1785545418184652600,165710087,0.26500019431114197,0.2649983763694763,0.2650015950202942,0.26499977707862854
1785545418195524900,165729906,0.2650000751018524,0.2649991512298584,0.2650008201599121,0.2649999260902405
1785545418206693800,165743438,0.2650000751018524,0.2649990916252136,0.2650008797645569,0.2649999260902405
1785545418219653300,165743438,0.2650000751018524,0.2649990916252136,0.2650008797645569,0.2649999260902405
1785545418228929900,165763006,0.26500004529953003,0.2649994492530823,0.2650005519390106,0.26499995589256287
1785545418239986100,165776752,0.26500004529953003,0.26499930024147034,0.26500073075294495,0.2649999260902405
1785545418251143100,165776752,0.26500004529953003,0.26499930024147034,0.26500073075294495,0.2649999260902405
1785545418261229400,165796308,0.2650000751018524,0.26499906182289124,0.26500096917152405,0.2649998664855957
1785545418270882600,165810093,0.2650000751018524,0.2649989724159241,0.26500099897384644,0.2649998664855957
1785545418281923700,165810093,0.2650000751018524,0.2649989724159241,0.26500099897384644,0.2649998664855957
1785545418293056400,165829612,0.2650000751018524,0.2649989724159241,0.26500099897384644,0.2649998664855957
1785545418304465000,165843415,0.2650000751018524,0.26499947905540466,0.26500049233436584,0.2649998664855957
1785545418315764200,165843415,0.2650000751018524,0.26499947905540466,0.26500049233436584,0.2649998664855957
1785545418326754300,165862919,0.2650000751018524,0.26499947905540466,0.26500046253204346,0.2649998962879181
1785545418339045200,165876729,0.2650001049041748,0.2649993598461151,0.265000581741333,0.2649998962879181
1785545418348343500,165876729,0.2650001049041748,0.2649993598461151,0.265000581741333,0.2649998962879181
1785545418359588200,165896235,0.2650001049041748,0.26499924063682556,0.26500073075294495,0.2649998962879181
1785545418370589300,165896235,0.2650001049041748,0.26499924063682556,0.26500073075294495,0.2649998962879181
1785545418380228900,165910070,0.2650001049041748,0.26499924063682556,0.26500076055526733,0.2649998962879181
1785545418391614100,165929582,0.26499995589256287,0.2649998664855957,0.2650001347064972,0.26499998569488525
1785545418403200600,165929582,0.26499995589256287,0.2649998664855957,0.2650001347064972,0.26499998569488525
1785545418414336100,165943443,0.26499995589256287,0.2649998068809509,0.26500019431114197,0.26499998569488525
1785545418424222500,165962945,0.26500004529953003,0.2649995684623718,0.2650004029273987,0.26499995589256287
1785545418436781000,165962945,0.26500004529953003,0.2649995684623718,0.2650004029273987,0.26499995589256287
1785545418447940300,165976752,0.26500004529953003,0.26499947905540466,0.26500049233436584,0.2649999260902405
1785545418458026300,165996259,0.26500004529953003,0.26499947905540466,0.26500049233436584,0.2649999260902405
1785545418468417400,165996259,0.26500004529953003,0.26499947905540466,0.26500049233436584,0.2649999260902405
1785545418478500400,166010209,0.26500004529953003,0.26499950885772705,0.26500046253204346,0.2649999260902405
1785545418490057500,166010209,0.26500004529953003,0.26499950885772705,0.26500046253204346,0.2649999260902405
1785545418501360500,166029703,0.26500004529953003,0.26499953866004944,0.26500043272972107,0.2649999260902405
1785545418514080800,166043422,0.26499998569488525,0.26499998569488525,0.26499995589256287,0.26499995589256287
1785545418523369800,166062721,0.26499998569488525,0.26500004529953003,0.2649999260902405,0.26499995589256287
1785545418534888500,166062873,0.26499998569488525,0.26499995589256287,0.26499998569488525,0.26499995589256287
1785545418545876000,166076762,0.26499998569488525,0.2649998068809509,0.2650001347064972,0.26499995589256287
1785545418555507900,166076762,0.26499998569488525,0.2649998068809509,0.2650001347064972,0.26499995589256287
1785545418564758300,166096367,0.26499998569488525,0.26499971747398376,0.26500022411346436,0.26499995589256287
1785545418575665900,166110091,0.26499998569488525,0.26499971747398376,0.26500022411346436,0.26499995589256287
1785545418586539600,166110091,0.26499998569488525,0.26499971747398376,0.26500022411346436,0.26499995589256287
1785545418599639300,166129623,0.26499998569488525,0.26499971747398376,0.26500022411346436,0.26499995589256287
1785545418609075900,166143418,0.26499998569488525,0.26499971747398376,0.26500022411346436,0.26499995589256287
1785545418619935700,166143418,0.26499998569488525,0.26499971747398376,0.26500022411346436,0.26499995589256287
1785545418631250400,166163100,0.26499998569488525,0.26499974727630615,0.26500022411346436,0.26499995589256287
1785545418642985900,166176788,0.26499998569488525,0.26499977707862854,0.26500019431114197,0.26499995589256287
1785545418654102800,166176788,0.26499998569488525,0.26499977707862854,0.26500019431114197,0.26499995589256287
1785545418663755200,166196325,0.26499998569488525,0.26499977707862854,0.26500019431114197,0.26499995589256287
1785545418675317600,166210089,0.26499998569488525,0.26499977707862854,0.26500019431114197,0.26499995589256287
1785545418685075900,166210089,0.26499998569488525,0.26499977707862854,0.26500019431114197,0.26499995589256287
1785545418695647700,166229698,0.26499998569488525,0.26499977707862854,0.26500019431114197,0.26499995589256287
1785545418706832200,166243426,0.26499998569488525,0.26499977707862854,0.26500019431114197,0.26499995589256287
1785545418720149800,166243426,0.26499998569488525,0.26499977707862854,0.26500019431114197,0.26499995589256287
1785545418731299500,166262971,0.2649999260902405,0.26500028371810913,0.2649996876716614,0.26500004529953003
1785545418739806200,166276717,0.2649999260902405,0.26500019431114197,0.26499977707862854,0.26500004529953003
1785545418750907400,166276717,0.2649999260902405,0.26500019431114197,0.26499977707862854,0.26500004529953003
1785545418760344800,166296228,0.26499995589256287,0.26499998569488525,0.26499995589256287,0.26499995589256287
1785545418771405700,166310051,0.26499995589256287,0.2649999260902405,0.26500004529953003,0.26499995589256287
1785545418782663400,166310051,0.26499995589256287,0.2649999260902405,0.26500004529953003,0.26499995589256287
1785545418793715100,166329549,0.26499995589256287,0.2649999260902405,0.26500004529953003,0.26499995589256287
1785545418803308400,166329549,0.26499995589256287,0.2649999260902405,0.26500004529953003,0.26499995589256287
1785545418813854900,166343390,0.26499995589256287,0.26499995589256287,0.26499995589256287,0.26499995589256287
1785545418824897500,166362967,0.26499995589256287,0.26499995589256287,0.26499995589256287,0.26499995589256287
1785545418836433600,166362967,0.26499995589256287,0.26499995589256287,0.26499995589256287,0.26499995589256287
1785545418848843300,166376716,0.26499995589256287,0.26499995589256287,0.26499995589256287,0.26499995589256287
1785545418858217400,166396278,0.26499995589256287,0.26499995589256287,0.26499995589256287,0.26499995589256287
1785545418868345500,166396278,0.26499995589256287,0.26499995589256287,0.26499995589256287,0.26499995589256287
1785545418879826900,166410052,0.26499995589256287,0.26499995589256287,0.26499995589256287,0.26499998569488525
1785545418889413100,166410052,0.26499995589256287,0.26499995589256287,0.26499995589256287,0.26499998569488525
1785545418900254600,166429695,0.26499995589256287,0.26499995589256287,0.26499995589256287,0.26499998569488525
1785545418911326100,166443421,0.26499995589256287,0.26499995589256287,0.26499995589256287,0.26499998569488525
1785545418921125700,166443421,0.26499995589256287,0.26499995589256287,0.26499995589256287,0.26499998569488525
1785545418932302300,166462884,0.26499995589256287,0.26499995589256287,0.26499995589256287,0.26499998569488525
1785545418943748100,166476762,0.26499995589256287,0.26499995589256287,0.26499995589256287,0.26499998569488525
1785545418955062100,166476762,0.26499995589256287,0.26499995589256287,0.26499995589256287,0.26499998569488525
1785545418966110400,166496308,0.26499995589256287,0.26499995589256287,0.26499995589256287,0.26499998569488525
1785545418977209400,166510072,0.26499995589256287,0.26499995589256287,0.26499995589256287,0.26499998569488525
1785545418988386300,166510072,0.26499995589256287,0.26499995589256287,0.26499995589256287,0.26499998569488525
1785545419001008700,166529623,0.26499995589256287,0.26499995589256287,0.26499995589256287,0.26499998569488525
1785545419010783700,166543411,0.26499998569488525,0.26499995589256287,0.26499995589256287,0.26499995589256287
1785545419020779900,166543411,0.26499998569488525,0.26499995589256287,0.26499995589256287,0.26499995589256287
1785545419032164600,166563028,0.26499998569488525,0.26499998569488525,0.26499995589256287,0.26499995589256287
1785545419044410900,166576817,0.26499995589256287,0.26499998569488525,0.26499995589256287,0.26499998569488525
1785545419053772100,166576817,0.26499995589256287,0.26499998569488525,0.26499995589256287,0.26499998569488525
1785545419065035300,166596338,0.26499995589256287,0.26499998569488525,0.26499995589256287,0.26499998569488525
1785545419075205500,166610115,0.26499995589256287,0.26499998569488525,0.26499995589256287,0.26499998569488525
1785545419084896200,166610115,0.26499995589256287,0.26499998569488525,0.26499995589256287,0.26499998569488525
1785545419096055700,166629756,0.26499995589256287,0.26499998569488525,0.26499995589256287,0.26499998569488525
1785545419108358100,166643416,0.26499995589256287,0.26499998569488525,0.26499995589256287,0.26499998569488525
1785545419119694000,166643416,0.26499995589256287,0.26499998569488525,0.26499995589256287,0.26499998569488525
1785545419130492900,166663053,0.26499995589256287,0.26499998569488525,0.26499995589256287,0.26499998569488525
1785545419140483200,166676778,0.26499998569488525,0.26499998569488525,0.26499995589256287,0.26499995589256287
1785545419153150200,166676778,0.26499998569488525,0.26499998569488525,0.26499995589256287,0.26499995589256287
1785545419163106700,166696434,0.26499998569488525,0.26499998569488525,0.26499995589256287,0.26499995589256287
1785545419174325900,166710038,0.26499995589256287,0.26499995589256287,0.26499998569488525,0.26499998569488525
1785545419183968200,166710038,0.26499995589256287,0.26499995589256287,0.26499998569488525,0.26499998569488525
1785545419195193100,166729578,0.26499995589256287,0.26499995589256287,0.26499998569488525,0.26499998569488525
1785545419206346100,166743388,0.26499995589256287,0.26499998569488525,0.26499995589256287,0.26499998569488525
1785545419218052600,166743388,0.26499995589256287,0.26499998569488525,0.26499995589256287,0.26499998569488525
1785545419229083000,166762941,0.26499995589256287,0.26499998569488525,0.26499995589256287,0.26499998569488525
1785545419240007700,166776764,0.26499995589256287,0.26499998569488525,0.26499995589256287,0.26499998569488525
1785545419251222400,166776764,0.26499995589256287,0.26499998569488525,0.26499995589256287,0.26499998569488525
1785545419262160700,166796240,0.26499995589256287,0.26499998569488525,0.26499995589256287,0.26499998569488525
1785545419271755300,166810141,0.26499995589256287,0.26499998569488525,0.26499995589256287,0.26499998569488525
1785545419283190000,166810141,0.26499995589256287,0.26499998569488525,0.26499995589256287,0.26499998569488525
1785545419294305800,166829616,0.26499998569488525,0.26499998569488525,0.26499995589256287,0.26499995589256287
1785545419303924400,166829616,0.26499998569488525,0.26499998569488525,0.26499995589256287,0.26499995589256287
1785545419315553600,166843752,0.19789457321166992,0.19789457321166992,0.19789455831050873,0.19789455831050873
1785545419326696300,166862519,0.14087679982185364,0.14087679982185364,0.14087678492069244,0.14087678492069244
1785545419337706000,166876721,0.11242805421352386,0.11242805421352386,0.11242803931236267,0.11242803931236267
1785545419350285300,166876721,0.11242805421352386,0.11242805421352386,0.11242803931236267,0.11242803931236267
1785545419359679900,166896219,0.0875987857580185,0.0875987857580185,0.0875987708568573,0.0875987708568573
1785545419369255700,166896219,0.0875987857580185,0.0875987857580185,0.0875987708568573,0.0875987708568573
1785545419379978700,166910138,0.07611560076475143,0.07611560076475143,0.07611559331417084,0.07611559331417084
1785545419391308800,166929642,0.06571172177791595,0.06571172177791595,0.06571171432733536,0.06571171432733536
1785545419402599100,166929642,0.06571172177791595,0.06571172177791595,0.06571171432733536,0.06571171432733536
1785545419413917800,166943374,0.060920752584934235,0.060920752584934235,0.06092074513435364,0.06092074513435364
1785545419425045800,166962897,0.05657336115837097,0.05657336115837097,0.056573353707790375,0.056573353707790375
1785545419436227300,166962897,0.05657336115837097,0.05657336115837097,0.056573353707790375,0.056573353707790375
1785545419447249200,166976700,0.05456707999110222,0.05456707999110222,0.05456707254052162,0.05456707254052162
1785545419458251300,166996191,0.05275112763047218,0.05275112763047218,0.052751120179891586,0.052751120179891586
1785545419469280500,166996191,0.05275112763047218,0.05275112763047218,0.052751120179891586,0.052751120179891586
1785545419480120800,167010061,0.05190979689359665,0.05190979689359665,0.05190978944301605,0.05190978944301605
1785545419491311800,167029608,0.05114869028329849,0.05114869028329849,0.051148686558008194,0.051148686558008194
1785545419502356600,167029608,0.05114869028329849,0.05114869028329849,0.051148686558008194,0.051148686558008194
1785545419513429500,167043364,0.050798799842596054,0.050798799842596054,0.050798796117305756,0.050798796117305756
1785545419523065400,167043364,0.050798799842596054,0.050798799842596054,0.050798796117305756,0.050798796117305756
1785545419534202100,167062862,0.050481121987104416,0.050481121987104416,0.05048111826181412,0.05048111826181412
1785545419544887400,167076693,0.050334006547927856,0.050334006547927856,0.05033400282263756,0.05033400282263756
1785545419555852500,167076693,0.050334006547927856,0.050334006547927856,0.05033400282263756,0.05033400282263756
1785545419567204800,167096152,0.05020144209265709,0.05020144209265709,0.05020144209265709,0.05020144209265709
1785545419578278800,167110079,0.05013968050479889,0.05013968050479889,0.05013968050479889,0.05013968050479889
1785545419587723900,167110079,0.05013968050479889,0.05013968050479889,0.05013968050479889,0.05013968050479889
1785545419598915300,167129524,0.05008416250348091,0.05008416250348091,0.05008416250348091,0.05008416250348091
1785545419609812300,167143422,0.050058335065841675,0.050058335065841675,0.050058335065841675,0.050058335065841675
1785545419620610900,167143422,0.050058335065841675,0.050058335065841675,0.050058335065841675,0.050058335065841675
