t_wall_ns,time_usec,x,y,z,qw,qx,qy,qz,vx,vy,vz,rollspeed,pitchspeed,yawspeed
1785523695731059500,14119273,-0.0005859374650754035,2.9296874345163815e-05,0.020566405728459358,0.00046898191794753075,0.15472084283828735,3.1662435503676534e-05,0.9879581332206726,0.0,0.0,0.0,0.0,0.0,-0.0
1785523695731059500,14132857,-0.0005859374650754035,2.9296874345163815e-05,0.020566405728459358,0.00046898191794753075,0.15472084283828735,3.1662435503676534e-05,0.9879581332206726,0.0,0.0,0.0,0.0,0.0,-0.0
1785523695731059500,14152822,-0.0005859374650754035,2.9296874345163815e-05,0.020566405728459358,0.00046898191794753075,0.15472084283828735,3.1662435503676534e-05,0.9879581332206726,0.0,0.0,0.0,0.0,0.0,-0.0
1785523695732060800,14166189,-0.0005859374650754035,2.9296874345163815e-05,0.020566405728459358,0.00046898191794753075,0.15472084283828735,3.1662435503676534e-05,0.9879581332206726,0.0,0.0,0.0,0.0,0.0,-0.0
1785523695732060800,14186262,-0.0005859374650754035,2.9296874345163815e-05,0.020566405728459358,0.00046898191794753075,0.15472084283828735,3.1662435503676534e-05,0.9879581332206726,0.0,0.0,0.0,0.0,0.0,-0.0
1785523695732060800,14199479,-0.0005859374650754035,2.9296874345163815e-05,0.020566405728459358,0.00046898191794753075,0.15472084283828735,3.1662435503676534e-05,0.9879581332206726,0.0,0.0,0.0,0.0,0.0,-0.0
1785523695732060800,14199479,-0.0005859374650754035,2.9296874345163815e-05,0.020566405728459358,0.00046898191794753075,0.15472084283828735,3.1662435503676534e-05,0.9879581332206726,0.0,0.0,0.0,0.0,0.0,-0.0
1785523695732060800,14219312,-0.0005859374650754035,2.9296874345163815e-05,0.020566405728459358,0.00046898191794753075,0.15472084283828735,3.1662435503676534e-05,0.9879581332206726,0.0,0.0,0.0,0.0,0.0,-0.0
1785523695732060800,14232819,-0.0005859374650754035,2.9296874345163815e-05,0.020566405728459358,0.00046898191794753075,0.15472084283828735,3.1662435503676534e-05,0.9879581332206726,0.0,0.0,0.0,0.0,0.0,-0.0
1785523695733058800,14252841,-0.0005859374650754035,2.9296874345163815e-05,0.020566405728459358,0.00046898191794753075,0.15472084283828735,3.1662435503676534e-05,0.9879581332206726,0.0,0.0,0.0,0.0,0.0,-0.0
1785523695755450800,14266268,-0.0005859374650754035,2.9296874345163815e-05,0.020566405728459358,0.00046898191794753075,0.15472084283828735,3.1662435503676534e-05,0.9879581332206726,0.0,0.0,0.0,0.0,0.0,-0.0
1785523695760600900,14266268,-0.0005859374650754035,2.9296874345163815e-05,0.020566405728459358,0.00046898191794753075,0.15472084283828735,3.1662435503676534e-05,0.9879581332206726,0.0,0.0,0.0,0.0,0.0,-0.0
1785523695774763000,14286093,-0.0005859374650754035,2.9296874345163815e-05,0.020566405728459358,0.00046898191794753075,0.15472084283828735,3.1662435503676534e-05,0.9879581332206726,0.0,0.0,0.0,0.0,0.0,-0.0
1785523695789272600,14299574,-0.0005859374650754035,2.9296874345163815e-05,0.020566405728459358,0.00046898191794753075,0.15472084283828735,3.1662435503676534e-05,0.9879581332206726,0.0,0.0,0.0,0.0,0.0,-0.0
1785523695801786900,14319510,-0.0005859374650754035,2.9296874345163815e-05,0.020566405728459358,0.00046898191794753075,0.15472084283828735,3.1662435503676534e-05,0.9879581332206726,0.0,0.0,0.0,0.0,0.0,-0.0
1785523695816491800,14332879,-0.0005859374650754035,2.9296874345163815e-05,0.020566405728459358,0.00046898191794753075,0.15472084283828735,3.1662435503676534e-05,0.9879581332206726,0.0,0.0,0.0,0.0,0.0,-0.0
1785523695830968700,14332879,-0.0005859374650754035,2.9296874345163815e-05,0.020566405728459358,0.00046898191794753075,0.15472084283828735,3.1662435503676534e-05,0.9879581332206726,0.0,0.0,0.0,0.0,0.0,-0.0
1785523695845201500,14366239,-0.0005859374650754035,2.9296874345163815e-05,0.020566405728459358,0.00046898191794753075,0.15472084283828735,3.1662435503676534e-05,0.9879581332206726,0.0,0.0,0.0,0.0,0.0,-0.0
1785523695858163100,14366239,-0.0005859374650754035,2.9296874345163815e-05,0.020566405728459358,0.00046898191794753075,0.15472084283828735,3.1662435503676534e-05,0.9879581332206726,0.0,0.0,0.0,0.0,0.0,-0.0
1785523695871028000,14386488,-0.0005859374650754035,2.9296874345163815e-05,0.020566405728459358,0.00046898191794753075,0.15472084283828735,3.1662435503676534e-05,0.9879581332206726,0.0,0.0,0.0,0.0,0.0,-0.0
1785523695885401400,14399585,-0.0005859374650754035,2.9296874345163815e-05,0.020566405728459358,0.00046898191794753075,0.15472084283828735,3.1662435503676534e-05,0.9879581332206726,0.0,0.0,0.0,0.0,0.0,-0.0
1785523695899870000,14419611,-0.0005859374650754035,2.9296874345163815e-05,0.020566405728459358,0.00046898191794753075,0.15472084283828735,3.1662435503676534e-05,0.9879581332206726,0.0,0.0,0.0,0.0,0.0,-0.0
1785523695914193400,14432871,-0.0005859374650754035,2.9296874345163815e-05,0.020566405728459358,0.00046898191794753075,0.15472084283828735,3.1662435503676534e-05,0.9879581332206726,0.0,0.0,0.0,0.0,0.0,-0.0
1785523695929146300,14432871,-0.0005859374650754035,2.9296874345163815e-05,0.020566405728459358,0.00046898191794753075,0.15472084283828735,3.1662435503676534e-05,0.9879581332206726,0.0,0.0,0.0,0.0,0.0,-0.0
1785523695943891800,14453123,-0.0005859374650754035,2.9296874345163815e-05,0.020566405728459358,0.00046898191794753075,0.15472084283828735,3.1662435503676534e-05,0.9879581332206726,0.0,0.0,0.0,0.0,0.0,-0.0
1785523695957482600,14466210,-0.0005859374650754035,2.9296874345163815e-05,0.020566405728459358,0.00046898191794753075,0.15472084283828735,3.1662435503676534e-05,0.9879581332206726,0.0,0.0,0.0,0.0,0.0,-0.0
1785523695972509500,14486162,-0.0005859374650754035,2.9296874345163815e-05,0.020566405728459358,0.00046898191794753075,0.15472084283828735,3.1662435503676534e-05,0.9879581332206726,0.0,0.0,0.0,0.0,0.0,-0.0
1785523695985335700,14499576,-0.0005859374650754035,2.9296874345163815e-05,0.020566405728459358,0.00046898191794753075,0.15472084283828735,3.1662435503676534e-05,0.9879581332206726,0.0,0.0,0.0,0.0,0.0,-0.0
1785523696001336800,14519478,-0.0005859374650754035,2.9296874345163815e-05,0.020566405728459358,0.00046898191794753075,0.15472084283828735,3.1662435503676534e-05,0.9879581332206726,0.0,0.0,0.0,0.0,0.0,-0.0
1785523696014152600,14532866,-0.0005859374650754035,2.9296874345163815e-05,0.020566405728459358,0.00046898191794753075,0.15472084283828735,3.1662435503676534e-05,0.9879581332206726,0.0,0.0,0.0,0.0,0.0,-0.0
1785523696028520000,14532866,-0.0005859374650754035,2.9296874345163815e-05,0.020566405728459358,0.00046898191794753075,0.15472084283828735,3.1662435503676534e-05,0.9879581332206726,0.0,0.0,0.0,0.0,0.0,-0.0
1785523696043139500,14566097,-0.0005859374650754035,2.9296874345163815e-05,0.020566405728459358,0.00046898191794753075,0.15472084283828735,3.1662435503676534e-05,0.9879581332206726,0.0,0.0,0.0,0.0,0.0,-0.0
1785523696057359800,14566213,-0.0005859374650754035,2.9296874345163815e-05,0.020566405728459358,0.00046898191794753075,0.15472084283828735,3.1662435503676534e-05,0.9879581332206726,0.0,0.0,0.0,0.0,0.0,-0.0
1785523696072686400,14586900,-0.0005859374650754035,2.9296874345163815e-05,0.020566405728459358,0.00046898191794753075,0.15472084283828735,3.1662435503676534e-05,0.9879581332206726,0.0,0.0,0.0,0.0,0.0,-0.0
1785523696085056300,14599578,-0.0005859374650754035,2.9296874345163815e-05,0.020566405728459358,0.00046898191794753075,0.15472084283828735,3.1662435503676534e-05,0.9879581332206726,0.0,0.0,0.0,0.0,0.0,-0.0
1785523696099599700,14619776,-0.0005859374650754035,2.9296874345163815e-05,0.020566405728459358,0.00046898191794753075,0.15472084283828735,3.1662435503676534e-05,0.9879581332206726,0.0,0.0,0.0,0.0,0.0,-0.0
1785523696115533400,14632881,-0.0005859374650754035,2.9296874345163815e-05,0.020566405728459358,0.00046898191794753075,0.15472084283828735,3.1662435503676534e-05,0.9879581332206726,0.0,0.0,0.0,0.0,0.0,-0.0
1785523696129377100,14632881,-0.0005859374650754035,2.9296874345163815e-05,0.020566405728459358,0.00046898191794753075,0.15472084283828735,3.1662435503676534e-05,0.9879581332206726,0.0,0.0,0.0,0.0,0.0,-0.0
1785523696143720200,14652763,-0.0005859374650754035,2.9296874345163815e-05,0.020566405728459358,0.00046898191794753075,0.15472084283828735,3.1662435503676534e-05,0.9879581332206726,0.0,0.0,0.0,0.0,0.0,-0.0
1785523696156592100,14666228,-0.0005859374650754035,2.9296874345163815e-05,0.020566405728459358,0.00046898191794753075,0.15472084283828735,3.1662435503676534e-05,0.9879581332206726,0.0,0.0,0.0,0.0,0.0,-0.0
1785523696172263400,14686235,-0.0005859374650754035,2.9296874345163815e-05,0.020566405728459358,0.00046898191794753075,0.15472084283828735,3.1662435503676534e-05,0.9879581332206726,0.0,0.0,0.0,0.0,0.0,-0.0
1785523696185220800,14699529,-0.0005859374650754035,2.9296874345163815e-05,0.020566405728459358,0.00046898191794753075,0.15472084283828735,3.1662435503676534e-05,0.9879581332206726,0.0,0.0,0.0,0.0,0.0,-0.0
1785523696201091100,14719560,-0.0005859374650754035,2.9296874345163815e-05,0.020566405728459358,0.00046898191794753075,0.15472084283828735,3.1662435503676534e-05,0.9879581332206726,0.0,0.0,0.0,0.0,0.0,-0.0
1785523696214196700,14732907,-0.0005859374650754035,2.9296874345163815e-05,0.020566405728459358,0.00046898191794753075,0.15472084283828735,3.1662435503676534e-05,0.9879581332206726,0.0,0.0,0.0,0.0,0.0,-0.0
1785523696226852700,14732907,-0.0005859374650754035,2.9296874345163815e-05,0.020566405728459358,0.00046898191794753075,0.15472084283828735,3.1662435503676534e-05,0.9879581332206726,0.0,0.0,0.0,0.0,0.0,-0.0
1785523696241244100,14752904,-0.0005859374650754035,2.9296874345163815e-05,0.020566405728459358,0.00046898191794753075,0.15472084283828735,3.1662435503676534e-05,0.9879581332206726,0.0,0.0,0.0,0.0,0.0,-0.0
1785523696254724800,14766138,-0.0005859374650754035,2.9296874345163815e-05,0.020566405728459358,0.00046898191794753075,0.15472084283828735,3.1662435503676534e-05,0.9879581332206726,0.0,0.0,0.0,0.0,0.0,-0.0
1785523696266928000,14786052,-0.0005859374650754035,2.9296874345163815e-05,0.020566405728459358,0.00046898191794753075,0.15472084283828735,3.1662435503676534e-05,0.9879581332206726,0.0,0.0,0.0,0.0,0.0,-0.0
1785523696279998100,14799513,-0.0005859374650754035,2.9296874345163815e-05,0.020566405728459358,0.00046898191794753075,0.15472084283828735,3.1662435503676534e-05,0.9879581332206726,0.0,0.0,0.0,0.0,0.0,-0.0
1785523696294175900,14799513,-0.0005859374650754035,2.9296874345163815e-05,0.020566405728459358,0.00046898191794753075,0.15472084283828735,3.1662435503676534e-05,0.9879581332206726,0.0,0.0,0.0,0.0,0.0,-0.0
1785523696310196500,14819310,-0.0005859374650754035,2.9296874345163815e-05,0.020566405728459358,0.00046898191794753075,0.15472084283828735,3.1662435503676534e-05,0.9879581332206726,0.0,0.0,0.0,0.0,0.0,-0.0
1785523696323002400,14832837,-0.0005859374650754035,2.9296874345163815e-05,0.020566405728459358,0.00046898191794753075,0.15472084283828735,3.1662435503676534e-05,0.9879581332206726,0.0,0.0,0.0,0.0,0.0,-0.0
1785523696335725200,14852678,-0.0005859374650754035,2.9296874345163815e-05,0.020566405728459358,0.00046898191794753075,0.15472084283828735,3.1662435503676534e-05,0.9879581332206726,0.0,0.0,0.0,0.0,0.0,-0.0
1785523696350259300,14866159,-0.0005859374650754035,2.9296874345163815e-05,0.020566405728459358,0.00046898191794753075,0.15472084283828735,3.1662435503676534e-05,0.9879581332206726,0.0,0.0,0.0,0.0,0.0,-0.0
1785523696364697000,14885979,-0.0005859374650754035,2.9296874345163815e-05,0.020566405728459358,0.00046898191794753075,0.15472084283828735,3.1662435503676534e-05,0.9879581332206726,0.0,0.0,0.0,0.0,0.0,-0.0
1785523696380414200,14899500,-0.0005859374650754035,2.9296874345163815e-05,0.020566405728459358,0.00046898191794753075,0.15472084283828735,3.1662435503676534e-05,0.9879581332206726,0.0,0.0,0.0,0.0,0.0,-0.0
1785523696393216100,14899500,-0.0005859374650754035,2.9296874345163815e-05,0.020566405728459358,0.00046898191794753075,0.15472084283828735,3.1662435503676534e-05,0.9879581332206726,0.0,0.0,0.0,0.0,0.0,-0.0
1785523696407817300,14919659,-0.0005859374650754035,2.9296874345163815e-05,0.020566405728459358,0.00046898191794753075,0.15472084283828735,3.1662435503676534e-05,0.9879581332206726,0.0,0.0,0.0,0.0,0.0,-0.0
1785523696423923700,14933144,-0.0005859374650754035,2.9296874345163815e-05,0.020566405728459358,0.00046898191794753075,0.15472084283828735,3.1662435503676534e-05,0.9879581332206726,0.0,0.0,0.0,0.0,0.0,-0.0
1785523696436630400,14952815,-0.0005859374650754035,2.9296874345163815e-05,0.020566405728459358,0.00046898191794753075,0.15472084283828735,3.1662435503676534e-05,0.9879581332206726,0.0,0.0,0.0,0.0,0.0,-0.0
1785523696450669500,14966236,-0.0005859374650754035,2.9296874345163815e-05,0.020566405728459358,0.00046898191794753075,0.15472084283828735,3.1662435503676534e-05,0.9879581332206726,0.0,0.0,0.0,0.0,0.0,-0.0
1785523696464941500,14986243,-0.0005859374650754035,2.9296874345163815e-05,0.020566405728459358,0.00046898191794753075,0.15472084283828735,3.1662435503676534e-05,0.9879581332206726,0.0,0.0,0.0,0.0,0.0,-0.0
1785523696478450100,14999556,-0.0005859374650754035,2.9296874345163815e-05,0.020566405728459358,0.00046898191794753075,0.15472084283828735,3.1662435503676534e-05,0.9879581332206726,0.0,0.0,0.0,0.0,0.0,-0.0
1785523696494496100,14999556,-0.0005859374650754035,2.9296874345163815e-05,0.020566405728459358,0.00046898191794753075,0.15472084283828735,3.1662435503676534e-05,0.9879581332206726,0.0,0.0,0.0,0.0,0.0,-0.0
1785523696507798100,15019770,-0.0005859374650754035,2.9296874345163815e-05,0.020566405728459358,0.00046898191794753075,0.15472084283828735,3.1662435503676534e-05,0.9879581332206726,0.0,0.0,0.0,0.0,0.0,-0.0
1785523696522356600,15033011,-0.0005859374650754035,2.9296874345163815e-05,0.020566405728459358,0.00046898191794753075,0.15472084283828735,3.1662435503676534e-05,0.9879581332206726,0.0,0.0,0.0,0.0,0.0,-0.0
1785523696534023200,15052768,-0.0005859374650754035,2.9296874345163815e-05,0.020566405728459358,0.00046898191794753075,0.15472084283828735,3.1662435503676534e-05,0.9879581332206726,0.0,0.0,0.0,0.0,0.0,-0.0
1785523696547738400,15066263,-0.0005859374650754035,2.9296874345163815e-05,0.020566405728459358,0.00046898191794753075,0.15472084283828735,3.1662435503676534e-05,0.9879581332206726,0.0,0.0,0.0,0.0,0.0,-0.0
1785523696563574400,15066263,-0.0005859374650754035,2.9296874345163815e-05,0.020566405728459358,0.00046898191794753075,0.15472084283828735,3.1662435503676534e-05,0.9879581332206726,0.0,0.0,0.0,0.0,0.0,-0.0
1785523696576725800,15099534,-0.0005859374650754035,2.9296874345163815e-05,0.020566405728459358,0.00046898191794753075,0.15472084283828735,3.1662435503676534e-05,0.9879581332206726,0.0,0.0,0.0,0.0,0.0,-0.0
1785523696592982200,15099534,-0.0005859374650754035,2.9296874345163815e-05,0.020566405728459358,0.00046898191794753075,0.15472084283828735,3.1662435503676534e-05,0.9879581332206726,0.0,0.0,0.0,0.0,0.0,-0.0
1785523696607040800,15119829,-0.0005859374650754035,2.9296874345163815e-05,0.020566405728459358,0.00046898191794753075,0.15472084283828735,3.1662435503676534e-05,0.9879581332206726,0.0,0.0,0.0,0.0,0.0,-0.0
1785523696621469200,15132895,-0.0005859374650754035,2.9296874345163815e-05,0.020566405728459358,0.00046898191794753075,0.15472084283828735,3.1662435503676534e-05,0.9879581332206726,0.0,0.0,0.0,0.0,0.0,-0.0
1785523696634636600,15152861,-0.0005859374650754035,2.9296874345163815e-05,0.020566405728459358,0.00046898191794753075,0.15472084283828735,3.1662435503676534e-05,0.9879581332206726,0.0,0.0,0.0,0.0,0.0,-0.0
1785523696646587500,15166213,-0.0005859374650754035,2.9296874345163815e-05,0.020566405728459358,0.00046898191794753075,0.15472084283828735,3.1662435503676534e-05,0.9879581332206726,0.0,0.0,0.0,0.0,0.0,-0.0
1785523696661316200,15166213,-0.0005859374650754035,2.9296874345163815e-05,0.020566405728459358,0.00046898191794753075,0.15472084283828735,3.1662435503676534e-05,0.9879581332206726,0.0,0.0,0.0,0.0,0.0,-0.0
1785523696675606100,15186248,-0.0005859374650754035,2.9296874345163815e-05,0.020566405728459358,0.00046898191794753075,0.15472084283828735,3.1662435503676534e-05,0.9879581332206726,0.0,0.0,0.0,0.0,0.0,-0.0
1785523696687973300,15199531,-0.0005859374650754035,2.9296874345163815e-05,0.020566405728459358,0.00046898191794753075,0.15472084283828735,3.1662435503676534e-05,0.9879581332206726,0.0,0.0,0.0,0.0,0.0,-0.0
1785523696702780300,15219485,-0.0005859374650754035,2.9296874345163815e-05,0.020566405728459358,0.00046898191794753075,0.15472084283828735,3.1662435503676534e-05,0.9879581332206726,0.0,0.0,0.0,0.0,0.0,-0.0
1785523696717423900,15232932,-0.0005859374650754035,2.9296874345163815e-05,0.020566405728459358,0.00046898191794753075,0.15472084283828735,3.1662435503676534e-05,0.9879581332206726,0.0,0.0,0.0,0.0,0.0,-0.0
1785523696731897900,15252917,-0.0005859374650754035,2.9296874345163815e-05,0.020566405728459358,0.00046898191794753075,0.15472084283828735,3.1662435503676534e-05,0.9879581332206726,0.0,0.0,0.0,0.0,0.0,-0.0
1785523696744235000,15266297,-0.0005859374650754035,2.9296874345163815e-05,0.020566405728459358,0.00046898191794753075,0.15472084283828735,3.1662435503676534e-05,0.9879581332206726,0.0,0.0,0.0,0.0,0.0,-0.0
1785523696760224000,15266297,-0.0005859374650754035,2.9296874345163815e-05,0.020566405728459358,0.00046898191794753075,0.15472084283828735,3.1662435503676534e-05,0.9879581332206726,0.0,0.0,0.0,0.0,0.0,-0.0
1785523696773057000,15286285,-0.0005859374650754035,2.9296874345163815e-05,0.020566405728459358,0.00046898191794753075,0.15472084283828735,3.1662435503676534e-05,0.9879581332206726,0.0,0.0,0.0,0.0,0.0,-0.0
1785523696787776100,15299838,-0.0005859374650754035,2.9296874345163815e-05,0.020566405728459358,0.00046898191794753075,0.15472084283828735,3.1662435503676534e-05,0.9879581332206726,0.0,0.0,0.0,0.0,0.0,-0.0
1785523696800160000,15319316,-0.0005859374650754035,2.9296874345163815e-05,0.020566405728459358,0.00046898191794753075,0.15472084283828735,3.1662435503676534e-05,0.9879581332206726,0.0,0.0,0.0,0.0,0.0,-0.0
1785523696814450000,15332850,-0.0005859374650754035,2.9296874345163815e-05,0.020566405728459358,0.00046898191794753075,0.15472084283828735,3.1662435503676534e-05,0.9879581332206726,0.0,0.0,0.0,0.0,0.0,-0.0
1785523696829233600,15332850,-0.0005859374650754035,2.9296874345163815e-05,0.020566405728459358,0.00046898191794753075,0.15472084283828735,3.1662435503676534e-05,0.9879581332206726,0.0,0.0,0.0,0.0,0.0,-0.0
1785523696843156000,15352855,-0.0005859374650754035,2.9296874345163815e-05,0.020566405728459358,0.00046898191794753075,0.15472084283828735,3.1662435503676534e-05,0.9879581332206726,0.0,0.0,0.0,0.0,0.0,-0.0
1785523696856040400,15366210,-0.0005859374650754035,2.9296874345163815e-05,0.020566405728459358,0.00046898191794753075,0.15472084283828735,3.1662435503676534e-05,0.9879581332206726,0.0,0.0,0.0,0.0,0.0,-0.0
1785523696870063800,15386290,-0.0005859374650754035,2.9296874345163815e-05,0.020566405728459358,0.00046898191794753075,0.15472084283828735,3.1662435503676534e-05,0.9879581332206726,0.0,0.0,0.0,0.0,0.0,-0.0
1785523696883936200,15399555,-0.0005859374650754035,2.9296874345163815e-05,0.020566405728459358,0.00046898191794753075,0.15472084283828735,3.1662435503676534e-05,0.9879581332206726,0.0,0.0,0.0,0.0,0.0,-0.0
1785523696899790800,15419626,-0.0005859374650754035,2.9296874345163815e-05,0.020566405728459358,0.00046898191794753075,0.15472084283828735,3.1662435503676534e-05,0.9879581332206726,0.0,0.0,0.0,0.0,0.0,-0.0
1785523696912774800,15433071,-0.0005859374650754035,2.9296874345163815e-05,0.020566405728459358,0.00046898191794753075,0.15472084283828735,3.1662435503676534e-05,0.9879581332206726,0.0,0.0,0.0,0.0,0.0,-0.0
1785523696927760800,15433071,-0.0005859374650754035,2.9296874345163815e-05,0.020566405728459358,0.00046898191794753075,0.15472084283828735,3.1662435503676534e-05,0.9879581332206726,0.0,0.0,0.0,0.0,0.0,-0.0
1785523696942347700,15452999,-0.0005859374650754035,2.9296874345163815e-05,0.020566405728459358,0.00046898191794753075,0.15472084283828735,3.1662435503676534e-05,0.9879581332206726,0.0,0.0,0.0,0.0,0.0,-0.0
1785523696955263500,15466267,-0.0005859374650754035,2.9296874345163815e-05,0.020566405728459358,0.00046898191794753075,0.15472084283828735,3.1662435503676534e-05,0.9879581332206726,0.0,0.0,0.0,0.0,0.0,-0.0
1785523696969418500,15486242,-0.0005859374650754035,2.9296874345163815e-05,0.020566405728459358,0.00046898191794753075,0.15472084283828735,3.1662435503676534e-05,0.9879581332206726,0.0,0.0,0.0,0.0,0.0,-0.0
1785523696983765100,15499622,-0.0005859374650754035,2.9296874345163815e-05,0.020566405728459358,0.00046898191794753075,0.15472084283828735,3.1662435503676534e-05,0.9879581332206726,0.0,0.0,0.0,0.0,0.0,-0.0
1785523696997567200,15519872,-0.0005859374650754035,2.9296874345163815e-05,0.020566405728459358,0.00046898191794753075,0.15472084283828735,3.1662435503676534e-05,0.9879581332206726,0.0,0.0,0.0,0.0,0.0,-0.0
1785523697013068800,15533552,-0.0005859374650754035,2.9296874345163815e-05,0.020566405728459358,0.00046898191794753075,0.15472084283828735,3.1662435503676534e-05,0.9879581332206726,0.0,0.0,0.0,0.0,0.0,-0.0
1785523697025675000,15533552,-0.0005859374650754035,2.9296874345163815e-05,0.020566405728459358,0.00046898191794753075,0.15472084283828735,3.1662435503676534e-05,0.9879581332206726,0.0,0.0,0.0,0.0,0.0,-0.0
1785523697040280800,15552876,-0.0005859374650754035,2.9296874345163815e-05,0.020566405728459358,0.00046898191794753075,0.15472084283828735,3.1662435503676534e-05,0.9879581332206726,0.0,0.0,0.0,0.0,0.0,-0.0
1785523697052005100,15566262,-0.0005859374650754035,2.9296874345163815e-05,0.020566405728459358,0.00046898191794753075,0.15472084283828735,3.1662435503676534e-05,0.9879581332206726,0.0,0.0,0.0,0.0,0.0,-0.0
1785523697067021300,15586841,-0.0005859374650754035,2.9296874345163815e-05,0.020566405728459358,0.00046898191794753075,0.15472084283828735,3.1662435503676534e-05,0.9879581332206726,0.0,0.0,0.0,0.0,0.0,-0.0
1785523697081946900,15599554,-0.0005859374650754035,2.9296874345163815e-05,0.020566405728459358,0.00046898191794753075,0.15472084283828735,3.1662435503676534e-05,0.9879581332206726,0.0,0.0,0.0,0.0,0.0,-0.0
1785523697096209300,15599554,-0.0005859374650754035,2.9296874345163815e-05,0.020566405728459358,0.00046898191794753075,0.15472084283828735,3.1662435503676534e-05,0.9879581332206726,0.0,0.0,0.0,0.0,0.0,-0.0
1785523697110086500,15619424,-0.0005859374650754035,2.9296874345163815e-05,0.020566405728459358,0.00046898191794753075,0.15472084283828735,3.1662435503676534e-05,0.9879581332206726,0.0,0.0,0.0,0.0,0.0,-0.0
1785523697123086400,15632858,-0.0005859374650754035,2.9296874345163815e-05,0.020566405728459358,0.00046898191794753075,0.15472084283828735,3.1662435503676534e-05,0.9879581332206726,0.0,0.0,0.0,0.0,0.0,-0.0
1785523697137391800,15652799,-0.0005859374650754035,2.9296874345163815e-05,0.020566405728459358,0.00046898191794753075,0.15472084283828735,3.1662435503676534e-05,0.9879581332206726,0.0,0.0,0.0,0.0,0.0,-0.0
1785523697151251700,15666214,-0.0005859374650754035,2.9296874345163815e-05,0.020566405728459358,0.00046898191794753075,0.15472084283828735,3.1662435503676534e-05,0.9879581332206726,0.0,0.0,0.0,0.0,0.0,-0.0
1785523697165668900,15686030,-0.0005859374650754035,2.9296874345163815e-05,0.020566405728459358,0.00046898191794753075,0.15472084283828735,3.1662435503676534e-05,0.9879581332206726,0.0,0.0,0.0,0.0,0.0,-0.0
1785523697178768800,15699509,-0.0005859374650754035,2.9296874345163815e-05,0.020566405728459358,0.00046898191794753075,0.15472084283828735,3.1662435503676534e-05,0.9879581332206726,0.0,0.0,0.0,0.0,0.0,-0.0
1785523697193171600,15699509,-0.0005859374650754035,2.9296874345163815e-05,0.020566405728459358,0.00046898191794753075,0.15472084283828735,3.1662435503676534e-05,0.9879581332206726,0.0,0.0,0.0,0.0,0.0,-0.0
1785523697207881700,15719328,-0.0005859374650754035,2.9296874345163815e-05,0.020566405728459358,0.00046898191794753075,0.15472084283828735,3.1662435503676534e-05,0.9879581332206726,0.0,0.0,0.0,0.0,0.0,-0.0
1785523697220879900,15732874,-0.0005859374650754035,2.9296874345163815e-05,0.020566405728459358,0.00046898191794753075,0.15472084283828735,3.1662435503676534e-05,0.9879581332206726,0.0,0.0,0.0,0.0,0.0,-0.0
1785523697234372400,15752600,-0.0005859374650754035,2.9296874345163815e-05,0.020566405728459358,0.00046898191794753075,0.15472084283828735,3.1662435503676534e-05,0.9879581332206726,0.0,0.0,0.0,0.0,0.0,-0.0
1785523697248579300,15766120,-0.0005859374650754035,2.9296874345163815e-05,0.020566405728459358,0.00046898191794753075,0.15472084283828735,3.1662435503676534e-05,0.9879581332206726,0.0,0.0,0.0,0.0,0.0,-0.0
1785523697262966100,15785918,-0.0005859374650754035,2.9296874345163815e-05,0.020566405728459358,0.00046898191794753075,0.15472084283828735,3.1662435503676534e-05,0.9879581332206726,0.0,0.0,0.0,0.0,0.0,-0.0
1785523697276877200,15799503,-0.0005859374650754035,2.9296874345163815e-05,0.020566405728459358,0.00046898191794753075,0.15472084283828735,3.1662435503676534e-05,0.9879581332206726,0.0,0.0,0.0,0.0,0.0,-0.0
1785523697292962000,15799503,-0.0005859374650754035,2.9296874345163815e-05,0.020566405728459358,0.00046898191794753075,0.15472084283828735,3.1662435503676534e-05,0.9879581332206726,0.0,0.0,0.0,0.0,0.0,-0.0
1785523697306465600,15819661,-0.0005859374650754035,2.9296874345163815e-05,0.020566405728459358,0.00046898191794753075,0.15472084283828735,3.1662435503676534e-05,0.9879581332206726,0.0,0.0,0.0,0.0,0.0,-0.0
1785523697320614200,15832990,-0.0005859374650754035,2.9296874345163815e-05,0.020566405728459358,0.00046898191794753075,0.15472084283828735,3.1662435503676534e-05,0.9879581332206726,0.0,0.0,0.0,0.0,0.0,-0.0
1785523697333556200,15852771,-0.0005859374650754035,2.9296874345163815e-05,0.020566405728459358,0.00046898191794753075,0.15472084283828735,3.1662435503676534e-05,0.9879581332206726,0.0,0.0,0.0,0.0,0.0,-0.0
1785523697347795700,15866148,-0.0005859374650754035,2.9296874345163815e-05,0.020566405728459358,0.00046898191794753075,0.15472084283828735,3.1662435503676534e-05,0.9879581332206726,0.0,0.0,0.0,0.0,0.0,-0.0
1785523697363020200,15866148,-0.0005859374650754035,2.9296874345163815e-05,0.020566405728459358,0.00046898191794753075,0.15472084283828735,3.1662435503676534e-05,0.9879581332206726,0.0,0.0,0.0,0.0,0.0,-0.0
1785523697375753500,15886028,-0.0005859374650754035,2.9296874345163815e-05,0.020566405728459358,0.00046898191794753075,0.15472084283828735,3.1662435503676534e-05,0.9879581332206726,0.0,0.0,0.0,0.0,0.0,-0.0
1785523697389818900,15899493,-0.0005859374650754035,2.9296874345163815e-05,0.020566405728459358,0.00046898191794753075,0.15472084283828735,3.1662435503676534e-05,0.9879581332206726,0.0,0.0,0.0,0.0,0.0,-0.0
1785523697404826900,15919436,-0.0005859374650754035,2.9296874345163815e-05,0.020566405728459358,0.00046898191794753075,0.15472084283828735,3.1662435503676534e-05,0.9879581332206726,0.0,0.0,0.0,0.0,0.0,-0.0
1785523697417551500,15932814,-0.0005859374650754035,2.9296874345163815e-05,0.020566405728459358,0.00046898191794753075,0.15472084283828735,3.1662435503676534e-05,0.9879581332206726,0.0,0.0,0.0,0.0,0.0,-0.0
1785523697433349300,15952648,-0.0005859374650754035,2.9296874345163815e-05,0.020566405728459358,0.00046898191794753075,0.15472084283828735,3.1662435503676534e-05,0.9879581332206726,0.0,0.0,0.0,0.0,0.0,-0.0
1785523697445765300,15966110,-0.0005859374650754035,2.9296874345163815e-05,0.020566405728459358,0.00046898191794753075,0.15472084283828735,3.1662435503676534e-05,0.9879581332206726,0.0,0.0,0.0,0.0,0.0,-0.0
1785523697461917200,15966110,-0.0005859374650754035,2.9296874345163815e-05,0.020566405728459358,0.00046898191794753075,0.15472084283828735,3.1662435503676534e-05,0.9879581332206726,0.0,0.0,0.0,0.0,0.0,-0.0
1785523697474377300,15986072,-0.0005859374650754035,2.9296874345163815e-05,0.020566405728459358,0.00046898191794753075,0.15472084283828735,3.1662435503676534e-05,0.9879581332206726,0.0,0.0,0.0,0.0,0.0,-0.0
1785523697488644100,15999458,-0.0005859374650754035,2.9296874345163815e-05,0.020566405728459358,0.00046898191794753075,0.15472084283828735,3.1662435503676534e-05,0.9879581332206726,0.0,0.0,0.0,0.0,0.0,-0.0
1785523697504346100,16019288,-0.0005859374650754035,2.9296874345163815e-05,0.020566405728459358,0.00046898191794753075,0.15472084283828735,3.1662435503676534e-05,0.9879581332206726,0.0,0.0,0.0,0.0,0.0,-0.0
1785523697517173700,16032818,-0.0005859374650754035,2.9296874345163815e-05,0.020566405728459358,0.00046898191794753075,0.15472084283828735,3.1662435503676534e-05,0.9879581332206726,0.0,0.0,0.0,0.0,0.0,-0.0
1785523697531635700,16052612,-0.0005859374650754035,2.9296874345163815e-05,0.020566405728459358,0.00046898191794753075,0.15472084283828735,3.1662435503676534e-05,0.9879581332206726,0.0,0.0,0.0,0.0,0.0,-0.0
1785523697546187400,16066201,-0.0005859374650754035,2.9296874345163815e-05,0.020566405728459358,0.00046898191794753075,0.15472084283828735,3.1662435503676534e-05,0.9879581332206726,0.0,0.0,0.0,0.0,0.0,-0.0
1785523697560084600,16066201,-0.0005859374650754035,2.9296874345163815e-05,0.020566405728459358,0.00046898191794753075,0.15472084283828735,3.1662435503676534e-05,0.9879581332206726,0.0,0.0,0.0,0.0,0.0,-0.0
1785523697575693300,16086122,-0.0005859374650754035,2.9296874345163815e-05,0.020566405728459358,0.00046898191794753075,0.15472084283828735,3.1662435503676534e-05,0.9879581332206726,0.0,0.0,0.0,0.0,0.0,-0.0
1785523697589730500,16099446,-0.0005859374650754035,2.9296874345163815e-05,0.020566405728459358,0.00046898191794753075,0.15472084283828735,3.1662435503676534e-05,0.9879581332206726,0.0,0.0,0.0,0.0,0.0,-0.0
1785523697602762900,16119284,-0.0005859374650754035,2.9296874345163815e-05,0.020566405728459358,0.00046898191794753075,0.15472084283828735,3.1662435503676534e-05,0.9879581332206726,0.0,0.0,0.0,0.0,0.0,-0.0
1785523697614830700,16132802,-0.0005859374650754035,2.9296874345163815e-05,0.020566405728459358,0.00046898191794753075,0.15472084283828735,3.1662435503676534e-05,0.9879581332206726,0.0,0.0,0.0,0.0,0.0,-0.0
1785523697629268200,16132802,-0.0005859374650754035,2.9296874345163815e-05,0.020566405728459358,0.00046898191794753075,0.15472084283828735,3.1662435503676534e-05,0.9879581332206726,0.0,0.0,0.0,0.0,0.0,-0.0
1785523697643343700,16152561,-0.0005859374650754035,2.9296874345163815e-05,0.020566405728459358,0.00046898191794753075,0.15472084283828735,3.1662435503676534e-05,0.9879581332206726,0.0,0.0,0.0,0.0,0.0,-0.0
1785523697655316500,16166101,-0.0005859374650754035,2.9296874345163815e-05,0.020566405728459358,0.00046898191794753075,0.15472084283828735,3.1662435503676534e-05,0.9879581332206726,0.0,0.0,0.0,0.0,0.0,-0.0
1785523697669705000,16186063,-0.0005859374650754035,2.9296874345163815e-05,0.020566405728459358,0.00046898191794753075,0.15472084283828735,3.1662435503676534e-05,0.9879581332206726,0.0,0.0,0.0,0.0,0.0,-0.0
1785523697685604100,16199572,-0.0005859374650754035,2.9296874345163815e-05,0.020566405728459358,0.00046898191794753075,0.15472084283828735,3.1662435503676534e-05,0.9879581332206726,0.0,0.0,0.0,0.0,0.0,-0.0
1785523697698614900,16219467,-0.0005859374650754035,2.9296874345163815e-05,0.020566405728459358,0.00046898191794753075,0.15472084283828735,3.1662435503676534e-05,0.9879581332206726,0.0,0.0,0.0,0.0,0.0,-0.0
1785523697713146200,16232802,-0.0005859374650754035,2.9296874345163815e-05,0.020566405728459358,0.00046898191794753075,0.15472084283828735,3.1662435503676534e-05,0.9879581332206726,0.0,0.0,0.0,0.0,0.0,-0.0
1785523697728322200,16232802,-0.0005859374650754035,2.9296874345163815e-05,0.020566405728459358,0.00046898191794753075,0.15472084283828735,3.1662435503676534e-05,0.9879581332206726,0.0,0.0,0.0,0.0,0.0,-0.0
1785523697741355600,16252807,-0.0005859374650754035,2.9296874345163815e-05,0.020566405728459358,0.00046898191794753075,0.15472084283828735,3.1662435503676534e-05,0.9879581332206726,0.0,0.0,0.0,0.0,0.0,-0.0
1785523697753388700,16266185,-0.0005859374650754035,2.9296874345163815e-05,0.020566405728459358,0.00046898191794753075,0.15472084283828735,3.1662435503676534e-05,0.9879581332206726,0.0,0.0,0.0,0.0,0.0,-0.0
1785523697769312900,16286119,-0.0005859374650754035,2.9296874345163815e-05,0.020566405728459358,0.00046898191794753075,0.15472084283828735,3.1662435503676534e-05,0.9879581332206726,0.0,0.0,0.0,0.0,0.0,-0.0
1785523697782256700,16299560,-0.0005859374650754035,2.9296874345163815e-05,0.020566405728459358,0.00046898191794753075,0.15472084283828735,3.1662435503676534e-05,0.9879581332206726,0.0,0.0,0.0,0.0,0.0,-0.0
1785523697797707400,16299560,-0.0005859374650754035,2.9296874345163815e-05,0.020566405728459358,0.00046898191794753075,0.15472084283828735,3.1662435503676534e-05,0.9879581332206726,0.0,0.0,0.0,0.0,0.0,-0.0
1785523697809795100,16332750,-0.0005859374650754035,2.9296874345163815e-05,0.020566405728459358,0.00046898191794753075,0.15472084283828735,3.1662435503676534e-05,0.9879581332206726,0.0,0.0,0.0,0.0,0.0,-0.0
1785523697825505200,16332873,-0.0005859374650754035,2.9296874345163815e-05,0.020566405728459358,0.00046898191794753075,0.15472084283828735,3.1662435503676534e-05,0.9879581332206726,0.0,0.0,0.0,0.0,0.0,-0.0
1785523697839935700,16352986,-0.0005859374650754035,2.9296874345163815e-05,0.020566405728459358,0.00046898191794753075,0.15472084283828735,3.1662435503676534e-05,0.9879581332206726,0.0,0.0,0.0,0.0,0.0,-0.0
1785523697854152300,16366663,-0.0005859374650754035,2.9296874345163815e-05,0.020566405728459358,0.00046898191794753075,0.15472084283828735,3.1662435503676534e-05,0.9879581332206726,0.0,0.0,0.0,0.0,0.0,-0.0
1785523697866618200,16386394,-0.0005859374650754035,2.9296874345163815e-05,0.020566405728459358,0.00046898191794753075,0.15472084283828735,3.1662435503676534e-05,0.9879581332206726,0.0,0.0,0.0,0.0,0.0,-0.0
1785523697881023100,16399600,-0.0005859374650754035,2.9296874345163815e-05,0.020566405728459358,0.00046898191794753075,0.15472084283828735,3.1662435503676534e-05,0.9879581332206726,0.0,0.0,0.0,0.0,0.0,-0.0
1785523697894738600,16399600,-0.0005859374650754035,2.9296874345163815e-05,0.020566405728459358,0.00046898191794753075,0.15472084283828735,3.1662435503676534e-05,0.9879581332206726,0.0,0.0,0.0,0.0,0.0,-0.0
1785523697907797600,16419713,-0.0005859374650754035,2.9296874345163815e-05,0.020566405728459358,0.00046898191794753075,0.15472084283828735,3.1662435503676534e-05,0.9879581332206726,0.0,0.0,0.0,0.0,0.0,-0.0
1785523697922144500,16433030,-0.0005859374650754035,2.9296874345163815e-05,0.020566405728459358,0.00046898191794753075,0.15472084283828735,3.1662435503676534e-05,0.9879581332206726,0.0,0.0,0.0,0.0,0.0,-0.0
1785523697934752700,16453597,-0.0005859374650754035,2.9296874345163815e-05,0.020566405728459358,0.00046898191794753075,0.15472084283828735,3.1662435503676534e-05,0.9879581332206726,0.0,0.0,0.0,0.0,0.0,-0.0
1785523697948069800,16466355,-0.0005859374650754035,2.9296874345163815e-05,0.020566405728459358,0.00046898191794753075,0.15472084283828735,3.1662435503676534e-05,0.9879581332206726,0.0,0.0,0.0,0.0,0.0,-0.0
1785523697964005300,16466355,-0.0005859374650754035,2.9296874345163815e-05,0.020566405728459358,0.00046898191794753075,0.15472084283828735,3.1662435503676534e-05,0.9879581332206726,0.0,0.0,0.0,0.0,0.0,-0.0
1785523697977018300,16486343,-0.0005859374650754035,2.9296874345163815e-05,0.020566405728459358,0.00046898191794753075,0.15472084283828735,3.1662435503676534e-05,0.9879581332206726,0.0,0.0,0.0,0.0,0.0,-0.0
1785523697989559000,16499674,-0.0005859374650754035,2.9296874345163815e-05,0.020566405728459358,0.00046898191794753075,0.15472084283828735,3.1662435503676534e-05,0.9879581332206726,0.0,0.0,0.0,0.0,0.0,-0.0
1785523698005458200,16519832,-0.0005859374650754035,2.9296874345163815e-05,0.020566405728459358,0.00046898191794753075,0.15472084283828735,3.1662435503676534e-05,0.9879581332206726,0.0,0.0,0.0,0.0,0.0,-0.0
1785523698020093100,16532901,-0.0005859374650754035,2.9296874345163815e-05,0.020566405728459358,0.00046898191794753075,0.15472084283828735,3.1662435503676534e-05,0.9879581332206726,0.0,0.0,0.0,0.0,0.0,-0.0
1785523698033122900,16552422,-0.0005859374650754035,2.9296874345163815e-05,0.020566405728459358,0.00046898191794753075,0.15472084283828735,3.1662435503676534e-05,0.9879581332206726,0.0,0.0,0.0,0.0,0.0,-0.0
1785523698046387900,16566232,-0.0005859374650754035,2.9296874345163815e-05,0.020566405728459358,0.00046898191794753075,0.15472084283828735,3.1662435503676534e-05,0.9879581332206726,0.0,0.0,0.0,0.0,0.0,-0.0
1785523698060169300,16566232,-0.0005859374650754035,2.9296874345163815e-05,0.020566405728459358,0.00046898191794753075,0.15472084283828735,3.1662435503676534e-05,0.9879581332206726,0.0,0.0,0.0,0.0,0.0,-0.0
1785523698074382500,16586148,-0.0005859374650754035,2.9296874345163815e-05,0.020566405728459358,0.00046898191794753075,0.15472084283828735,3.1662435503676534e-05,0.9879581332206726,0.0,0.0,0.0,0.0,0.0,-0.0
1785523698088178600,16599487,-0.0005859374650754035,2.9296874345163815e-05,0.020566405728459358,0.00046898191794753075,0.15472084283828735,3.1662435503676534e-05,0.9879581332206726,0.0,0.0,0.0,0.0,0.0,-0.0
1785523698101320200,16619624,-0.0005859374650754035,2.9296874345163815e-05,0.020566405728459358,0.00046898191794753075,0.15472084283828735,3.1662435503676534e-05,0.9879581332206726,0.0,0.0,0.0,0.0,0.0,-0.0
1785523698115779000,16633105,-0.0005859374650754035,2.9296874345163815e-05,0.020566405728459358,0.00046898191794753075,0.15472084283828735,3.1662435503676534e-05,0.9879581332206726,0.0,0.0,0.0,0.0,0.0,-0.0
1785523698128798800,16633105,-0.0005859374650754035,2.9296874345163815e-05,0.020566405728459358,0.00046898191794753075,0.15472084283828735,3.1662435503676534e-05,0.9879581332206726,0.0,0.0,0.0,0.0,0.0,-0.0
1785523698143072600,16652899,-0.0005859374650754035,2.9296874345163815e-05,0.020566405728459358,0.00046898191794753075,0.15472084283828735,3.1662435503676534e-05,0.9879581332206726,0.0,0.0,0.0,0.0,0.0,-0.0
1785523698157226200,16666756,-0.0005859374650754035,2.9296874345163815e-05,0.020566405728459358,0.00046898191794753075,0.15472084283828735,3.1662435503676534e-05,0.9879581332206726,0.0,0.0,0.0,0.0,0.0,-0.0
1785523698171447500,16686537,-0.0005859374650754035,2.9296874345163815e-05,0.020566405728459358,0.00046898191794753075,0.15472084283828735,3.1662435503676534e-05,0.9879581332206726,0.0,0.0,0.0,0.0,0.0,-0.0
1785523698185675500,16699647,-0.0005859374650754035,2.9296874345163815e-05,0.020566405728459358,0.00046898191794753075,0.15472084283828735,3.1662435503676534e-05,0.9879581332206726,0.0,0.0,0.0,0.0,0.0,-0.0
1785523698200155500,16719683,-0.0005859374650754035,2.9296874345163815e-05,0.020566405728459358,0.00046898191794753075,0.15472084283828735,3.1662435503676534e-05,0.9879581332206726,0.0,0.0,0.0,0.0,0.0,-0.0
1785523698213313300,16732958,-0.0005859374650754035,2.9296874345163815e-05,0.020566405728459358,0.00046898191794753075,0.15472084283828735,3.1662435503676534e-05,0.9879581332206726,0.0,0.0,0.0,0.0,0.0,-0.0
1785523698227721700,16732958,-0.0005859374650754035,2.9296874345163815e-05,0.020566405728459358,0.00046898191794753075,0.15472084283828735,3.1662435503676534e-05,0.9879581332206726,0.0,0.0,0.0,0.0,0.0,-0.0
1785523698241431600,16752915,-0.0005859374650754035,2.9296874345163815e-05,0.020566405728459358,0.00046898191794753075,0.15472084283828735,3.1662435503676534e-05,0.9879581332206726,0.0,0.0,0.0,0.0,0.0,-0.0
1785523698254372800,16766219,-0.0005859374650754035,2.9296874345163815e-05,0.020566405728459358,0.00046898191794753075,0.15472084283828735,3.1662435503676534e-05,0.9879581332206726,0.0,0.0,0.0,0.0,0.0,-0.0
1785523698268392900,16786334,-0.0005859374650754035,2.9296874345163815e-05,0.020566405728459358,0.00046898191794753075,0.15472084283828735,3.1662435503676534e-05,0.9879581332206726,0.0,0.0,0.0,0.0,0.0,-0.0
1785523698282467200,16799595,-0.0005859374650754035,2.9296874345163815e-05,0.020566405728459358,0.00046898191794753075,0.15472084283828735,3.1662435503676534e-05,0.9879581332206726,0.0,0.0,0.0,0.0,0.0,-0.0
1785523698296696700,16799595,-0.0005859374650754035,2.9296874345163815e-05,0.020566405728459358,0.00046898191794753075,0.15472084283828735,3.1662435503676534e-05,0.9879581332206726,0.0,0.0,0.0,0.0,0.0,-0.0
1785523698309788300,16819639,-0.0005859374650754035,2.9296874345163815e-05,0.020566405728459358,0.00046898191794753075,0.15472084283828735,3.1662435503676534e-05,0.9879581332206726,0.0,0.0,0.0,0.0,0.0,-0.0
1785523698323792300,16832891,-0.0005859374650754035,2.9296874345163815e-05,0.020566405728459358,0.00046898191794753075,0.15472084283828735,3.1662435503676534e-05,0.9879581332206726,0.0,0.0,0.0,0.0,0.0,-0.0
1785523698336685300,16852765,-0.0005859374650754035,2.9296874345163815e-05,0.020566405728459358,0.00046898191794753075,0.15472084283828735,3.1662435503676534e-05,0.9879581332206726,0.0,0.0,0.0,0.0,0.0,-0.0
1785523698351673300,16866189,-0.0005859374650754035,2.9296874345163815e-05,0.020566405728459358,0.00046898191794753075,0.15472084283828735,3.1662435503676534e-05,0.9879581332206726,0.0,0.0,0.0,0.0,0.0,-0.0
1785523698364446600,16886745,-0.0005859374650754035,2.9296874345163815e-05,0.020566405728459358,0.00046898191794753075,0.15472084283828735,3.1662435503676534e-05,0.9879581332206726,0.0,0.0,0.0,0.0,0.0,-0.0
1785523698380192000,16899479,-0.0005859374650754035,2.9296874345163815e-05,0.020566405728459358,0.00046898191794753075,0.15472084283828735,3.1662435503676534e-05,0.9879581332206726,0.0,0.0,0.0,0.0,0.0,-0.0
1785523698391756700,16899479,-0.0005859374650754035,2.9296874345163815e-05,0.020566405728459358,0.00046898191794753075,0.15472084283828735,3.1662435503676534e-05,0.9879581332206726,0.0,0.0,0.0,0.0,0.0,-0.0
1785523698406240300,16919565,-0.0005859374650754035,2.9296874345163815e-05,0.020566405728459358,0.00046898191794753075,0.15472084283828735,3.1662435503676534e-05,0.9879581332206726,0.0,0.0,0.0,0.0,0.0,-0.0
1785523698419746600,16932824,-0.0005859374650754035,2.9296874345163815e-05,0.020566405728459358,0.00046898191794753075,0.15472084283828735,3.1662435503676534e-05,0.9879581332206726,0.0,0.0,0.0,0.0,0.0,-0.0
1785523698435429000,16952787,-0.0005859374650754035,2.9296874345163815e-05,0.020566405728459358,0.00046898191794753075,0.15472084283828735,3.1662435503676534e-05,0.9879581332206726,0.0,0.0,0.0,0.0,0.0,-0.0
1785523698447701200,16966086,-0.0005859374650754035,2.9296874345163815e-05,0.020566405728459358,0.00046898191794753075,0.15472084283828735,3.1662435503676534e-05,0.9879581332206726,0.0,0.0,0.0,0.0,0.0,-0.0
1785523698461842100,16966086,-0.0005859374650754035,2.9296874345163815e-05,0.020566405728459358,0.00046898191794753075,0.15472084283828735,3.1662435503676534e-05,0.9879581332206726,0.0,0.0,0.0,0.0,0.0,-0.0
1785523698476410600,16999390,-0.0005859374650754035,2.9296874345163815e-05,0.020566405728459358,0.00046898191794753075,0.15472084283828735,3.1662435503676534e-05,0.9879581332206726,0.0,0.0,0.0,0.0,0.0,-0.0
1785523698491150600,16999515,-0.0005859374650754035,2.9296874345163815e-05,0.020566405728459358,0.00046898191794753075,0.15472084283828735,3.1662435503676534e-05,0.9879581332206726,0.0,0.0,0.0,0.0,0.0,-0.0
1785523698504467600,17019858,-0.0005859374650754035,2.9296874345163815e-05,0.020566405728459358,0.00046898191794753075,0.15472084283828735,3.1662435503676534e-05,0.9879581332206726,0.0,0.0,0.0,0.0,0.0,-0.0
1785523698520630600,17032816,-0.0005859374650754035,2.9296874345163815e-05,0.020566405728459358,0.00046898191794753075,0.15472084283828735,3.1662435503676534e-05,0.9879581332206726,0.0,0.0,0.0,0.0,0.0,-0.0
1785523698533375900,17052584,-0.0005859374650754035,2.9296874345163815e-05,0.020566405728459358,0.00046898191794753075,0.15472084283828735,3.1662435503676534e-05,0.9879581332206726,0.0,0.0,0.0,0.0,0.0,-0.0
1785523698547156000,17066154,-0.0005859374650754035,2.9296874345163815e-05,0.020566405728459358,0.00046898191794753075,0.15472084283828735,3.1662435503676534e-05,0.9879581332206726,0.0,0.0,0.0,0.0,0.0,-0.0
1785523698561462700,17066154,-0.0005859374650754035,2.9296874345163815e-05,0.020566405728459358,0.00046898191794753075,0.15472084283828735,3.1662435503676534e-05,0.9879581332206726,0.0,0.0,0.0,0.0,0.0,-0.0
1785523698576982300,17086308,-0.0005859374650754035,2.9296874345163815e-05,0.020566405728459358,0.00046898191794753075,0.15472084283828735,3.1662435503676534e-05,0.9879581332206726,0.0,0.0,0.0,0.0,0.0,-0.0
1785523698588775200,17099500,-0.0005859374650754035,2.9296874345163815e-05,0.020566405728459358,0.00046898191794753075,0.15472084283828735,3.1662435503676534e-05,0.9879581332206726,0.0,0.0,0.0,0.0,0.0,-0.0
1785523698604540900,17119570,-0.0005859374650754035,2.9296874345163815e-05,0.020566405728459358,0.00046898191794753075,0.15472084283828735,3.1662435503676534e-05,0.9879581332206726,0.0,0.0,0.0,0.0,0.0,-0.0
1785523698618991400,17133061,-0.0005859374650754035,2.9296874345163815e-05,0.020566405728459358,0.00046898191794753075,0.15472084283828735,3.1662435503676534e-05,0.9879581332206726,0.0,0.0,0.0,0.0,0.0,-0.0
1785523698631074800,17152903,-0.0005859374650754035,2.9296874345163815e-05,0.020566405728459358,0.00046898191794753075,0.15472084283828735,3.1662435503676534e-05,0.9879581332206726,0.0,0.0,0.0,0.0,0.0,-0.0
1785523698647047600,17166207,-0.0005859374650754035,2.9296874345163815e-05,0.020566405728459358,0.00046898191794753075,0.15472084283828735,3.1662435503676534e-05,0.9879581332206726,0.0,0.0,0.0,0.0,0.0,-0.0
1785523698659882900,17166207,-0.0005859374650754035,2.9296874345163815e-05,0.020566405728459358,0.00046898191794753075,0.15472084283828735,3.1662435503676534e-05,0.9879581332206726,0.0,0.0,0.0,0.0,0.0,-0.0
1785523698674258100,17186432,-0.0005859374650754035,2.9296874345163815e-05,0.020566405728459358,0.00046898191794753075,0.15472084283828735,3.1662435503676534e-05,0.9879581332206726,0.0,0.0,0.0,0.0,0.0,-0.0
1785523698688427500,17199559,-0.0005859374650754035,2.9296874345163815e-05,0.020566405728459358,0.00046898191794753075,0.15472084283828735,3.1662435503676534e-05,0.9879581332206726,0.0,0.0,0.0,0.0,0.0,-0.0
1785523698702676100,17219681,-0.0005859374650754035,2.9296874345163815e-05,0.020566405728459358,0.00046898191794753075,0.15472084283828735,3.1662435503676534e-05,0.9879581332206726,0.0,0.0,0.0,0.0,0.0,-0.0
1785523698718558500,17232778,-0.0005859374650754035,2.9296874345163815e-05,0.020566405728459358,0.00046898191794753075,0.15472084283828735,3.1662435503676534e-05,0.9879581332206726,0.0,0.0,0.0,0.0,0.0,-0.0
1785523698731156700,17252756,-0.0005859374650754035,2.9296874345163815e-05,0.020566405728459358,0.00046898191794753075,0.15472084283828735,3.1662435503676534e-05,0.9879581332206726,0.0,0.0,0.0,0.0,0.0,-0.0
1785523698745297100,17266174,-0.0005859374650754035,2.9296874345163815e-05,0.020566405728459358,0.00046898191794753075,0.15472084283828735,3.1662435503676534e-05,0.9879581332206726,0.0,0.0,0.0,0.0,0.0,-0.0
1785523698759837200,17266174,-0.0005859374650754035,2.9296874345163815e-05,0.020566405728459358,0.00046898191794753075,0.15472084283828735,3.1662435503676534e-05,0.9879581332206726,0.0,0.0,0.0,0.0,0.0,-0.0
1785523698774193100,17286331,-0.0005859374650754035,2.9296874345163815e-05,0.020566405728459358,0.00046898191794753075,0.15472084283828735,3.1662435503676534e-05,0.9879581332206726,0.0,0.0,0.0,0.0,0.0,-0.0
1785523698786860400,17299542,-0.0005859374650754035,2.9296874345163815e-05,0.020566405728459358,0.00046898191794753075,0.15472084283828735,3.1662435503676534e-05,0.9879581332206726,0.0,0.0,0.0,0.0,0.0,-0.0
1785523698801490500,17319355,-0.0005859374650754035,2.9296874345163815e-05,0.020566405728459358,0.00046898191794753075,0.15472084283828735,3.1662435503676534e-05,0.9879581332206726,0.0,0.0,0.0,0.0,0.0,-0.0
1785523698813886000,17332774,-0.0005859374650754035,2.9296874345163815e-05,0.020566405728459358,0.00046898191794753075,0.15472084283828735,3.1662435503676534e-05,0.9879581332206726,0.0,0.0,0.0,0.0,0.0,-0.0
1785523698828215400,17332774,-0.0005859374650754035,2.9296874345163815e-05,0.020566405728459358,0.00046898191794753075,0.15472084283828735,3.1662435503676534e-05,0.9879581332206726,0.0,0.0,0.0,0.0,0.0,-0.0
1785523698843750400,17353172,-0.0005859374650754035,2.9296874345163815e-05,0.020566405728459358,0.00046898191794753075,0.15472084283828735,3.1662435503676534e-05,0.9879581332206726,0.0,0.0,0.0,0.0,0.0,-0.0
1785523698858063000,17366197,-0.0005859374650754035,2.9296874345163815e-05,0.020566405728459358,0.00046898191794753075,0.15472084283828735,3.1662435503676534e-05,0.9879581332206726,0.0,0.0,0.0,0.0,0.0,-0.0
1785523698872618500,17386283,-0.0005859374650754035,2.9296874345163815e-05,0.020566405728459358,0.00046898191794753075,0.15472084283828735,3.1662435503676534e-05,0.9879581332206726,0.0,0.0,0.0,0.0,0.0,-0.0
1785523698885087300,17399595,-0.0005859374650754035,2.9296874345163815e-05,0.020566405728459358,0.00046898191794753075,0.15472084283828735,3.1662435503676534e-05,0.9879581332206726,0.0,0.0,0.0,0.0,0.0,-0.0
1785523698899479800,17420083,-0.0005859374650754035,2.9296874345163815e-05,0.020566405728459358,0.00046898191794753075,0.15472084283828735,3.1662435503676534e-05,0.9879581332206726,0.0,0.0,0.0,0.0,0.0,-0.0
1785523698914149700,17432761,-0.0005859374650754035,2.9296874345163815e-05,0.020566405728459358,0.00046898191794753075,0.15472084283828735,3.1662435503676534e-05,0.9879581332206726,0.0,0.0,0.0,0.0,0.0,-0.0
1785523698926888600,17432761,-0.0005859374650754035,2.9296874345163815e-05,0.020566405728459358,0.00046898191794753075,0.15472084283828735,3.1662435503676534e-05,0.9879581332206726,0.0,0.0,0.0,0.0,0.0,-0.0
1785523698940082700,17452972,-0.0005859374650754035,2.9296874345163815e-05,0.020566405728459358,0.00046898191794753075,0.15472084283828735,3.1662435503676534e-05,0.9879581332206726,0.0,0.0,0.0,0.0,0.0,-0.0
1785523698955677700,17466153,-0.0005859374650754035,2.9296874345163815e-05,0.020566405728459358,0.00046898191794753075,0.15472084283828735,3.1662435503676534e-05,0.9879581332206726,0.0,0.0,0.0,0.0,0.0,-0.0
1785523698968918800,17486686,-0.0005859374650754035,2.9296874345163815e-05,0.020566405728459358,0.00046898191794753075,0.15472084283828735,3.1662435503676534e-05,0.9879581332206726,0.0,0.0,0.0,0.0,0.0,-0.0
1785523698982250600,17499477,-0.0005859374650754035,2.9296874345163815e-05,0.020566405728459358,0.00046898191794753075,0.15472084283828735,3.1662435503676534e-05,0.9879581332206726,0.0,0.0,0.0,0.0,0.0,-0.0
1785523698997180600,17499477,-0.0005859374650754035,2.9296874345163815e-05,0.020566405728459358,0.00046898191794753075,0.15472084283828735,3.1662435503676534e-05,0.9879581332206726,0.0,0.0,0.0,0.0,0.0,-0.0
1785523699022265000,17519727,-0.0005859374650754035,2.9296874345163815e-05,0.020566405728459358,0.00046898191794753075,0.15472084283828735,3.1662435503676534e-05,0.9879581332206726,0.0,0.0,0.0,0.0,0.0,-0.0
1785523699024264400,17532810,-0.0005859374650754035,2.9296874345163815e-05,0.020566405728459358,0.00046898191794753075,0.15472084283828735,3.1662435503676534e-05,0.9879581332206726,0.0,0.0,0.0,0.0,0.0,-0.0
1785523699038832900,17552929,-0.0005859374650754035,2.9296874345163815e-05,0.020566405728459358,0.00046898191794753075,0.15472084283828735,3.1662435503676534e-05,0.9879581332206726,0.0,0.0,0.0,0.0,0.0,-0.0
1785523699053299900,17566171,-0.0005859374650754035,2.9296874345163815e-05,0.020566405728459358,0.00046898191794753075,0.15472084283828735,3.1662435503676534e-05,0.9879581332206726,0.0,0.0,0.0,0.0,0.0,-0.0
1785523699066695600,17586089,-0.0005859374650754035,2.9296874345163815e-05,0.020566405728459358,0.00046898191794753075,0.15472084283828735,3.1662435503676534e-05,0.9879581332206726,0.0,0.0,0.0,0.0,0.0,-0.0
1785523699080957500,17599429,-0.0005859374650754035,2.9296874345163815e-05,0.020566405728459358,0.00046898191794753075,0.15472084283828735,3.1662435503676534e-05,0.9879581332206726,0.0,0.0,0.0,0.0,0.0,-0.0
1785523699094930400,17599429,-0.0005859374650754035,2.9296874345163815e-05,0.020566405728459358,0.00046898191794753075,0.15472084283828735,3.1662435503676534e-05,0.9879581332206726,0.0,0.0,0.0,0.0,0.0,-0.0
1785523699109141000,17619425,-0.0005859374650754035,2.9296874345163815e-05,0.020566405728459358,0.00046898191794753075,0.15472084283828735,3.1662435503676534e-05,0.9879581332206726,0.0,0.0,0.0,0.0,0.0,-0.0
1785523699123523200,17632775,-0.0005859374650754035,2.9296874345163815e-05,0.020566405728459358,0.00046898191794753075,0.15472084283828735,3.1662435503676534e-05,0.9879581332206726,0.0,0.0,0.0,0.0,0.0,-0.0
1785523699138026700,17652598,-0.0005859374650754035,2.9296874345163815e-05,0.020566405728459358,0.00046898191794753075,0.15472084283828735,3.1662435503676534e-05,0.9879581332206726,0.0,0.0,0.0,0.0,0.0,-0.0
1785523699153417100,17666333,-0.0005859374650754035,2.9296874345163815e-05,0.020566405728459358,0.00046898191794753075,0.15472084283828735,3.1662435503676534e-05,0.9879581332206726,0.0,0.0,0.0,0.0,0.0,-0.0
1785523699167764000,17686088,-0.0005859374650754035,2.9296874345163815e-05,0.020566405728459358,0.00046898191794753075,0.15472084283828735,3.1662435503676534e-05,0.9879581332206726,0.0,0.0,0.0,0.0,0.0,-0.0
1785523699180743500,17699382,-0.0005859374650754035,2.9296874345163815e-05,0.020566405728459358,0.00046898191794753075,0.15472084283828735,3.1662435503676534e-05,0.9879581332206726,0.0,0.0,0.0,0.0,0.0,-0.0
1785523699194975400,17699382,-0.0005859374650754035,2.9296874345163815e-05,0.020566405728459358,0.00046898191794753075,0.15472084283828735,3.1662435503676534e-05,0.9879581332206726,0.0,0.0,0.0,0.0,0.0,-0.0
1785523699208485500,17719219,-0.0005859374650754035,2.9296874345163815e-05,0.020566405728459358,0.00046898191794753075,0.15472084283828735,3.1662435503676534e-05,0.9879581332206726,0.0,0.0,0.0,0.0,0.0,-0.0
1785523699222713200,17732727,-0.0005859374650754035,2.9296874345163815e-05,0.020566405728459358,0.00046898191794753075,0.15472084283828735,3.1662435503676534e-05,0.9879581332206726,0.0,0.0,0.0,0.0,0.0,-0.0
1785523699235690500,17752904,-0.0005859374650754035,2.9296874345163815e-05,0.020566405728459358,0.00046898191794753075,0.15472084283828735,3.1662435503676534e-05,0.9879581332206726,0.0,0.0,0.0,0.0,0.0,-0.0
1785523699250000400,17766070,-0.0005859374650754035,2.9296874345163815e-05,0.020566405728459358,0.00046898191794753075,0.15472084283828735,3.1662435503676534e-05,0.9879581332206726,0.0,0.0,0.0,0.0,0.0,-0.0
1785523699263011700,17785915,-0.0005859374650754035,2.9296874345163815e-05,0.020566405728459358,0.00046898191794753075,0.15472084283828735,3.1662435503676534e-05,0.9879581332206726,0.0,0.0,0.0,0.0,0.0,-0.0
1785523699278656900,17799423,-0.0005859374650754035,2.9296874345163815e-05,0.020566405728459358,0.00046898191794753075,0.15472084283828735,3.1662435503676534e-05,0.9879581332206726,0.0,0.0,0.0,0.0,0.0,-0.0
1785523699290333600,17799423,-0.0005859374650754035,2.9296874345163815e-05,0.020566405728459358,0.00046898191794753075,0.15472084283828735,3.1662435503676534e-05,0.9879581332206726,0.0,0.0,0.0,0.0,0.0,-0.0
1785523699304337900,17819329,-0.0005859374650754035,2.9296874345163815e-05,0.020566405728459358,0.00046898191794753075,0.15472084283828735,3.1662435503676534e-05,0.9879581332206726,0.0,0.0,0.0,0.0,0.0,-0.0
1785523699318614300,17832716,-0.0005859374650754035,2.9296874345163815e-05,0.020566405728459358,0.00046898191794753075,0.15472084283828735,3.1662435503676534e-05,0.9879581332206726,0.0,0.0,0.0,0.0,0.0,-0.0
1785523699334802200,17852515,-0.0005859374650754035,2.9296874345163815e-05,0.020566405728459358,0.00046898191794753075,0.15472084283828735,3.1662435503676534e-05,0.9879581332206726,0.0,0.0,0.0,0.0,0.0,-0.0
1785523699347250800,17866095,-0.0005859374650754035,2.9296874345163815e-05,0.020566405728459358,0.00046898191794753075,0.15472084283828735,3.1662435503676534e-05,0.9879581332206726,0.0,0.0,0.0,0.0,0.0,-0.0
1785523699361492300,17866095,-0.0005859374650754035,2.9296874345163815e-05,0.020566405728459358,0.00046898191794753075,0.15472084283828735,3.1662435503676534e-05,0.9879581332206726,0.0,0.0,0.0,0.0,0.0,-0.0
1785523699374710300,17886008,-0.0005859374650754035,2.9296874345163815e-05,0.020566405728459358,0.00046898191794753075,0.15472084283828735,3.1662435503676534e-05,0.9879581332206726,0.0,0.0,0.0,0.0,0.0,-0.0
1785523699389541800,17899420,-0.0005859374650754035,2.9296874345163815e-05,0.020566405728459358,0.00046898191794753075,0.15472084283828735,3.1662435503676534e-05,0.9879581332206726,0.0,0.0,0.0,0.0,0.0,-0.0
1785523699405600900,17919580,-0.0005859374650754035,2.9296874345163815e-05,0.020566405728459358,0.00046898191794753075,0.15472084283828735,3.1662435503676534e-05,0.9879581332206726,0.0,0.0,0.0,0.0,0.0,-0.0
1785523699419849300,17932747,-0.0005859374650754035,2.9296874345163815e-05,0.020566405728459358,0.00046898191794753075,0.15472084283828735,3.1662435503676534e-05,0.9879581332206726,0.0,0.0,0.0,0.0,0.0,-0.0
1785523699432917800,17953273,-0.0005859374650754035,2.9296874345163815e-05,0.020566405728459358,0.00046898191794753075,0.15472084283828735,3.1662435503676534e-05,0.9879581332206726,0.0,0.0,0.0,0.0,0.0,-0.0
1785523699447267800,17966128,-0.0005859374650754035,2.9296874345163815e-05,0.020566405728459358,0.00046898191794753075,0.15472084283828735,3.1662435503676534e-05,0.9879581332206726,0.0,0.0,0.0,0.0,0.0,-0.0
1785523699460028200,17966128,-0.0005859374650754035,2.9296874345163815e-05,0.020566405728459358,0.00046898191794753075,0.15472084283828735,3.1662435503676534e-05,0.9879581332206726,0.0,0.0,0.0,0.0,0.0,-0.0
1785523699474243400,17986133,-0.0005859374650754035,2.9296874345163815e-05,0.020566405728459358,0.00046898191794753075,0.15472084283828735,3.1662435503676534e-05,0.9879581332206726,0.0,0.0,0.0,0.0,0.0,-0.0
1785523699486690900,17999456,-0.0005859374650754035,2.9296874345163815e-05,0.020566405728459358,0.00046898191794753075,0.15472084283828735,3.1662435503676534e-05,0.9879581332206726,0.0,0.0,0.0,0.0,0.0,-0.0
1785523699502598000,18019820,-0.0005859374650754035,2.9296874345163815e-05,0.020566405728459358,0.00046898191794753075,0.15472084283828735,3.1662435503676534e-05,0.9879581332206726,0.0,0.0,0.0,0.0,0.0,-0.0
1785523699515365900,18032770,-0.0005859374650754035,2.9296874345163815e-05,0.020566405728459358,0.00046898191794753075,0.15472084283828735,3.1662435503676534e-05,0.9879581332206726,0.0,0.0,0.0,0.0,0.0,-0.0
1785523699530099300,18052731,-0.0005859374650754035,2.9296874345163815e-05,0.020566405728459358,0.00046898191794753075,0.15472084283828735,3.1662435503676534e-05,0.9879581332206726,0.0,0.0,0.0,0.0,0.0,-0.0
1785523699543996900,18066202,-0.0005859374650754035,2.9296874345163815e-05,0.020566405728459358,0.00046898191794753075,0.15472084283828735,3.1662435503676534e-05,0.9879581332206726,0.0,0.0,0.0,0.0,0.0,-0.0
1785523699559089200,18066202,-0.0005859374650754035,2.9296874345163815e-05,0.020566405728459358,0.00046898191794753075,0.15472084283828735,3.1662435503676534e-05,0.9879581332206726,0.0,0.0,0.0,0.0,0.0,-0.0
1785523699570997400,18086211,-0.0005859374650754035,2.9296874345163815e-05,0.020566405728459358,0.00046898191794753075,0.15472084283828735,3.1662435503676534e-05,0.9879581332206726,0.0,0.0,0.0,0.0,0.0,-0.0
1785523699585381800,18099643,-0.0005859374650754035,2.9296874345163815e-05,0.020566405728459358,0.00046898191794753075,0.15472084283828735,3.1662435503676534e-05,0.9879581332206726,0.0,0.0,0.0,0.0,0.0,-0.0
1785523699598381100,18119278,-0.0005859374650754035,2.9296874345163815e-05,0.020566405728459358,0.00046898191794753075,0.15472084283828735,3.1662435503676534e-05,0.9879581332206726,0.0,0.0,0.0,0.0,0.0,-0.0
1785523699613291700,18132746,-0.0005859374650754035,2.9296874345163815e-05,0.020566405728459358,0.00046898191794753075,0.15472084283828735,3.1662435503676534e-05,0.9879581332206726,0.0,0.0,0.0,0.0,0.0,-0.0
1785523699627460600,18132746,-0.0005859374650754035,2.9296874345163815e-05,0.020566405728459358,0.00046898191794753075,0.15472084283828735,3.1662435503676534e-05,0.9879581332206726,0.0,0.0,0.0,0.0,0.0,-0.0
1785523699640012500,18152733,-0.0005859374650754035,2.9296874345163815e-05,0.020566405728459358,0.00046898191794753075,0.15472084283828735,3.1662435503676534e-05,0.9879581332206726,0.0,0.0,0.0,0.0,0.0,-0.0
1785523699655759200,18166098,-0.0005859374650754035,2.9296874345163815e-05,0.020566405728459358,0.00046898191794753075,0.15472084283828735,3.1662435503676534e-05,0.9879581332206726,0.0,0.0,0.0,0.0,0.0,-0.0
1785523699668706500,18185938,-0.0005859374650754035,2.9296874345163815e-05,0.020566405728459358,0.00046898191794753075,0.15472084283828735,3.1662435503676534e-05,0.9879581332206726,0.0,0.0,0.0,0.0,0.0,-0.0
1785523699682488200,18199413,-0.0005859374650754035,2.9296874345163815e-05,0.020566405728459358,0.00046898191794753075,0.15472084283828735,3.1662435503676534e-05,0.9879581332206726,0.0,0.0,0.0,0.0,0.0,-0.0
1785523699696845900,18199413,-0.0005859374650754035,2.9296874345163815e-05,0.020566405728459358,0.00046898191794753075,0.15472084283828735,3.1662435503676534e-05,0.9879581332206726,0.0,0.0,0.0,0.0,0.0,-0.0
1785523699708576900,18219642,-0.0005859374650754035,2.9296874345163815e-05,0.020566405728459358,0.00046898191794753075,0.15472084283828735,3.1662435503676534e-05,0.9879581332206726,0.0,0.0,0.0,0.0,0.0,-0.0
1785523699723154100,18232752,-0.0005859374650754035,2.9296874345163815e-05,0.020566405728459358,0.00046898191794753075,0.15472084283828735,3.1662435503676534e-05,0.9879581332206726,0.0,0.0,0.0,0.0,0.0,-0.0
1785523699736377900,18253208,-0.0005859374650754035,2.9296874345163815e-05,0.020566405728459358,0.00046898191794753075,0.15472084283828735,3.1662435503676534e-05,0.9879581332206726,0.0,0.0,0.0,0.0,0.0,-0.0
1785523699750877100,18266069,-0.0005859374650754035,2.9296874345163815e-05,0.020566405728459358,0.00046898191794753075,0.15472084283828735,3.1662435503676534e-05,0.9879581332206726,0.0,0.0,0.0,0.0,0.0,-0.0
1785523699765201500,18286066,-0.0005859374650754035,2.9296874345163815e-05,0.020566405728459358,0.00046898191794753075,0.15472084283828735,3.1662435503676534e-05,0.9879581332206726,0.0,0.0,0.0,0.0,0.0,-0.0
1785523699777758900,18299413,-0.0005859374650754035,2.9296874345163815e-05,0.020566405728459358,0.00046898191794753075,0.15472084283828735,3.1662435503676534e-05,0.9879581332206726,0.0,0.0,0.0,0.0,0.0,-0.0
1785523699792150900,18299413,-0.0005859374650754035,2.9296874345163815e-05,0.020566405728459358,0.00046898191794753075,0.15472084283828735,3.1662435503676534e-05,0.9879581332206726,0.0,0.0,0.0,0.0,0.0,-0.0
1785523699806384600,18319315,-0.0005859374650754035,2.9296874345163815e-05,0.020566405728459358,0.00046898191794753075,0.15472084283828735,3.1662435503676534e-05,0.9879581332206726,0.0,0.0,0.0,0.0,0.0,-0.0
1785523699819657200,18332784,-0.0005859374650754035,2.9296874345163815e-05,0.020566405728459358,0.00046898191794753075,0.15472084283828735,3.1662435503676534e-05,0.9879581332206726,0.0,0.0,0.0,0.0,0.0,-0.0
1785523699835530800,18352976,-0.0005859374650754035,2.9296874345163815e-05,0.020566405728459358,0.00046898191794753075,0.15472084283828735,3.1662435503676534e-05,0.9879581332206726,0.0,0.0,0.0,0.0,0.0,-0.0
1785523699848213100,18366679,-0.0005859374650754035,2.9296874345163815e-05,0.020566405728459358,0.00046898191794753075,0.15472084283828735,3.1662435503676534e-05,0.9879581332206726,0.0,0.0,0.0,0.0,0.0,-0.0
1785523699862182200,18366679,-0.0005859374650754035,2.9296874345163815e-05,0.020566405728459358,0.00046898191794753075,0.15472084283828735,3.1662435503676534e-05,0.9879581332206726,0.0,0.0,0.0,0.0,0.0,-0.0
1785523699876649700,18386027,-0.0005859374650754035,2.9296874345163815e-05,0.020566405728459358,0.00046898191794753075,0.15472084283828735,3.1662435503676534e-05,0.9879581332206726,0.0,0.0,0.0,0.0,0.0,-0.0
1785523699888283900,18399479,-0.0005859374650754035,2.9296874345163815e-05,0.020566405728459358,0.00046898191794753075,0.15472084283828735,3.1662435503676534e-05,0.9879581332206726,0.0,0.0,0.0,0.0,0.0,-0.0
1785523699903848400,18419824,-0.0005859374650754035,2.9296874345163815e-05,0.020566405728459358,0.00046898191794753075,0.15472084283828735,3.1662435503676534e-05,0.9879581332206726,0.0,0.0,0.0,0.0,0.0,-0.0
1785523699918131500,18432819,-0.0005859374650754035,2.9296874345163815e-05,0.020566405728459358,0.00046898191794753075,0.15472084283828735,3.1662435503676534e-05,0.9879581332206726,0.0,0.0,0.0,0.0,0.0,-0.0
1785523699931774300,18452913,-0.0005859374650754035,2.9296874345163815e-05,0.020566405728459358,0.00046898191794753075,0.15472084283828735,3.1662435503676534e-05,0.9879581332206726,0.0,0.0,0.0,0.0,0.0,-0.0
1785523699944744300,18466230,-0.0005859374650754035,2.9296874345163815e-05,0.020566405728459358,0.00046898191794753075,0.15472084283828735,3.1662435503676534e-05,0.9879581332206726,0.0,0.0,0.0,0.0,0.0,-0.0
1785523699959727100,18466230,-0.0005859374650754035,2.9296874345163815e-05,0.020566405728459358,0.00046898191794753075,0.15472084283828735,3.1662435503676534e-05,0.9879581332206726,0.0,0.0,0.0,0.0,0.0,-0.0
1785523699973179600,18486225,-0.0005859374650754035,2.9296874345163815e-05,0.020566405728459358,0.00046898191794753075,0.15472084283828735,3.1662435503676534e-05,0.9879581332206726,0.0,0.0,0.0,0.0,0.0,-0.0
1785523699987496100,18499480,-0.0005859374650754035,2.9296874345163815e-05,0.020566405728459358,0.00046898191794753075,0.15472084283828735,3.1662435503676534e-05,0.9879581332206726,0.0,0.0,0.0,0.0,0.0,-0.0
1785523700001638900,18519630,-0.0005859374650754035,2.9296874345163815e-05,0.020566405728459358,0.00046898191794753075,0.15472084283828735,3.1662435503676534e-05,0.9879581332206726,0.0,0.0,0.0,0.0,0.0,-0.0
1785523700014733000,18532788,-0.0005859374650754035,2.9296874345163815e-05,0.020566405728459358,0.00046898191794753075,0.15472084283828735,3.1662435503676534e-05,0.9879581332206726,0.0,0.0,0.0,0.0,0.0,-0.0
1785523700029165700,18532788,-0.0005859374650754035,2.9296874345163815e-05,0.020566405728459358,0.00046898191794753075,0.15472084283828735,3.1662435503676534e-05,0.9879581332206726,0.0,0.0,0.0,0.0,0.0,-0.0
1785523700041919800,18552860,-0.0005859374650754035,2.9296874345163815e-05,0.020566405728459358,0.00046898191794753075,0.15472084283828735,3.1662435503676534e-05,0.9879581332206726,0.0,0.0,0.0,0.0,0.0,-0.0
1785523700055122500,18566092,-0.0005859374650754035,2.9296874345163815e-05,0.020566405728459358,0.00046898191794753075,0.15472084283828735,3.1662435503676534e-05,0.9879581332206726,0.0,0.0,0.0,0.0,0.0,-0.0
1785523700068547700,18585962,-0.0005859374650754035,2.9296874345163815e-05,0.020566405728459358,0.00046898191794753075,0.15472084283828735,3.1662435503676534e-05,0.9879581332206726,0.0,0.0,0.0,0.0,0.0,-0.0
1785523700083029700,18599371,-0.0005859374650754035,2.9296874345163815e-05,0.020566405728459358,0.00046898191794753075,0.15472084283828735,3.1662435503676534e-05,0.9879581332206726,0.0,0.0,0.0,0.0,0.0,-0.0
1785523700097262800,18599371,-0.0005859374650754035,2.9296874345163815e-05,0.020566405728459358,0.00046898191794753075,0.15472084283828735,3.1662435503676534e-05,0.9879581332206726,0.0,0.0,0.0,0.0,0.0,-0.0
1785523700109971300,18632743,-0.0005859374650754035,2.9296874345163815e-05,0.020566405728459358,0.00046898191794753075,0.15472084283828735,3.1662435503676534e-05,0.9879581332206726,0.0,0.0,0.0,0.0,0.0,-0.0
1785523700123919600,18632743,-0.0005859374650754035,2.9296874345163815e-05,0.020566405728459358,0.00046898191794753075,0.15472084283828735,3.1662435503676534e-05,0.9879581332206726,0.0,0.0,0.0,0.0,0.0,-0.0
1785523700136818100,18652537,-0.0005859374650754035,2.9296874345163815e-05,0.020566405728459358,0.00046898191794753075,0.15472084283828735,3.1662435503676534e-05,0.9879581332206726,0.0,0.0,0.0,0.0,0.0,-0.0
1785523700152918400,18666022,-0.0005859374650754035,2.9296874345163815e-05,0.020566405728459358,0.00046898191794753075,0.15472084283828735,3.1662435503676534e-05,0.9879581332206726,0.0,0.0,0.0,0.0,0.0,-0.0
1785523700165506400,18685912,-0.0005859374650754035,2.9296874345163815e-05,0.020566405728459358,0.00046898191794753075,0.15472084283828735,3.1662435503676534e-05,0.9879581332206726,0.0,0.0,0.0,0.0,0.0,-0.0
1785523700179862900,18699368,-0.0005859374650754035,2.9296874345163815e-05,0.020566405728459358,0.00046898191794753075,0.15472084283828735,3.1662435503676534e-05,0.9879581332206726,0.0,0.0,0.0,0.0,0.0,-0.0
1785523700193355400,18699368,-0.0005859374650754035,2.9296874345163815e-05,0.020566405728459358,0.00046898191794753075,0.15472084283828735,3.1662435503676534e-05,0.9879581332206726,0.0,0.0,0.0,0.0,0.0,-0.0
1785523700207542600,18719158,-0.0005859374650754035,2.9296874345163815e-05,0.020566405728459358,0.00046898191794753075,0.15472084283828735,3.1662435503676534e-05,0.9879581332206726,0.0,0.0,0.0,0.0,0.0,-0.0
1785523700220247800,18732734,-0.0005859374650754035,2.9296874345163815e-05,0.020566405728459358,0.00046898191794753075,0.15472084283828735,3.1662435503676534e-05,0.9879581332206726,0.0,0.0,0.0,0.0,0.0,-0.0
1785523700235056000,18752601,-0.0005859374650754035,2.9296874345163815e-05,0.020566405728459358,0.00046898191794753075,0.15472084283828735,3.1662435503676534e-05,0.9879581332206726,0.0,0.0,0.0,0.0,0.0,-0.0
1785523700248259200,18766038,-0.0005859374650754035,2.9296874345163815e-05,0.020566405728459358,0.00046898191794753075,0.15472084283828735,3.1662435503676534e-05,0.9879581332206726,0.0,0.0,0.0,0.0,0.0,-0.0
1785523700262890800,18766038,-0.0005859374650754035,2.9296874345163815e-05,0.020566405728459358,0.00046898191794753075,0.15472084283828735,3.1662435503676534e-05,0.9879581332206726,0.0,0.0,0.0,0.0,0.0,-0.0
1785523700275334700,18785838,-0.0005859374650754035,2.9296874345163815e-05,0.020566405728459358,0.00046898191794753075,0.15472084283828735,3.1662435503676534e-05,0.9879581332206726,0.0,0.0,0.0,0.0,0.0,-0.0
1785523700288529500,18799392,-0.0005859374650754035,2.9296874345163815e-05,0.020566405728459358,0.00046898191794753075,0.15472084283828735,3.1662435503676534e-05,0.9879581332206726,0.0,0.0,0.0,0.0,0.0,-0.0
1785523700302797200,18819354,-0.0005859374650754035,2.9296874345163815e-05,0.020566405728459358,0.00046898191794753075,0.15472084283828735,3.1662435503676534e-05,0.9879581332206726,0.0,0.0,0.0,0.0,0.0,-0.0
1785523700317674200,18832684,-0.0005859374650754035,2.9296874345163815e-05,0.020566405728459358,0.00046898191794753075,0.15472084283828735,3.1662435503676534e-05,0.9879581332206726,0.0,0.0,0.0,0.0,0.0,-0.0
1785523700330439300,18852529,-0.0005859374650754035,2.9296874345163815e-05,0.020566405728459358,0.00046898191794753075,0.15472084283828735,3.1662435503676534e-05,0.9879581332206726,0.0,0.0,0.0,0.0,0.0,-0.0
1785523700344749100,18866013,-0.0005859374650754035,2.9296874345163815e-05,0.020566405728459358,0.00046898191794753075,0.15472084283828735,3.1662435503676534e-05,0.9879581332206726,0.0,0.0,0.0,0.0,0.0,-0.0
1785523700358014800,18866013,-0.0005859374650754035,2.9296874345163815e-05,0.020566405728459358,0.00046898191794753075,0.15472084283828735,3.1662435503676534e-05,0.9879581332206726,0.0,0.0,0.0,0.0,0.0,-0.0
1785523700371126400,18885884,-0.0005859374650754035,2.9296874345163815e-05,0.020566405728459358,0.00046898191794753075,0.15472084283828735,3.1662435503676534e-05,0.9879581332206726,0.0,0.0,0.0,0.0,0.0,-0.0
1785523700385271200,18899510,-0.0005859374650754035,2.9296874345163815e-05,0.020566405728459358,0.00046898191794753075,0.15472084283828735,3.1662435503676534e-05,0.9879581332206726,0.0,0.0,0.0,0.0,0.0,-0.0
1785523700398506400,18919321,-0.0005859374650754035,2.9296874345163815e-05,0.020566405728459358,0.00046898191794753075,0.15472084283828735,3.1662435503676534e-05,0.9879581332206726,0.0,0.0,0.0,0.0,0.0,-0.0
1785523700412240400,18932706,-0.0005859374650754035,2.9296874345163815e-05,0.020566405728459358,0.00046898191794753075,0.15472084283828735,3.1662435503676534e-05,0.9879581332206726,0.0,0.0,0.0,0.0,0.0,-0.0
1785523700426586800,18932706,-0.0005859374650754035,2.9296874345163815e-05,0.020566405728459358,0.00046898191794753075,0.15472084283828735,3.1662435503676534e-05,0.9879581332206726,0.0,0.0,0.0,0.0,0.0,-0.0
1785523700440283000,18952652,-0.0005859374650754035,2.9296874345163815e-05,0.020566405728459358,0.00046898191794753075,0.15472084283828735,3.1662435503676534e-05,0.9879581332206726,0.0,0.0,0.0,0.0,0.0,-0.0
1785523700455061900,18965987,-0.0005859374650754035,2.9296874345163815e-05,0.020566405728459358,0.00046898191794753075,0.15472084283828735,3.1662435503676534e-05,0.9879581332206726,0.0,0.0,0.0,0.0,0.0,-0.0
1785523700468142900,18985762,-0.0005859374650754035,2.9296874345163815e-05,0.020566405728459358,0.00046898191794753075,0.15472084283828735,3.1662435503676534e-05,0.9879581332206726,0.0,0.0,0.0,0.0,0.0,-0.0
1785523700481065200,18999400,-0.0005859374650754035,2.9296874345163815e-05,0.020566405728459358,0.00046898191794753075,0.15472084283828735,3.1662435503676534e-05,0.9879581332206726,0.0,0.0,0.0,0.0,0.0,-0.0
1785523700493827100,18999400,-0.0005859374650754035,2.9296874345163815e-05,0.020566405728459358,0.00046898191794753075,0.15472084283828735,3.1662435503676534e-05,0.9879581332206726,0.0,0.0,0.0,0.0,0.0,-0.0
1785523700508626300,19019289,-0.0005859374650754035,2.9296874345163815e-05,0.020566405728459358,0.00046898191794753075,0.15472084283828735,3.1662435503676534e-05,0.9879581332206726,0.0,0.0,0.0,0.0,0.0,-0.0
1785523700523099600,19032636,-0.0005859374650754035,2.9296874345163815e-05,0.020566405728459358,0.00046898191794753075,0.15472084283828735,3.1662435503676534e-05,0.9879581332206726,0.0,0.0,0.0,0.0,0.0,-0.0
1785523700535258600,19052546,-0.0005859374650754035,2.9296874345163815e-05,0.020566405728459358,0.00046898191794753075,0.15472084283828735,3.1662435503676534e-05,0.9879581332206726,0.0,0.0,0.0,0.0,0.0,-0.0
1785523700549788700,19066120,-0.0005859374650754035,2.9296874345163815e-05,0.020566405728459358,0.00046898191794753075,0.15472084283828735,3.1662435503676534e-05,0.9879581332206726,0.0,0.0,0.0,0.0,0.0,-0.0
1785523700564045200,19066120,-0.0005859374650754035,2.9296874345163815e-05,0.020566405728459358,0.00046898191794753075,0.15472084283828735,3.1662435503676534e-05,0.9879581332206726,0.0,0.0,0.0,0.0,0.0,-0.0
1785523700576617800,19099393,-0.0005859374650754035,2.9296874345163815e-05,0.020566405728459358,0.00046898191794753075,0.15472084283828735,3.1662435503676534e-05,0.9879581332206726,0.0,0.0,0.0,0.0,0.0,-0.0
1785523700590366400,19099393,-0.0005859374650754035,2.9296874345163815e-05,0.020566405728459358,0.00046898191794753075,0.15472084283828735,3.1662435503676534e-05,0.9879581332206726,0.0,0.0,0.0,0.0,0.0,-0.0
1785523700604796500,19119488,-0.0005859374650754035,2.9296874345163815e-05,0.020566405728459358,0.00046898191794753075,0.15472084283828735,3.1662435503676534e-05,0.9879581332206726,0.0,0.0,0.0,0.0,0.0,-0.0
1785523700620381000,19132684,-0.0005859374650754035,2.9296874345163815e-05,0.020566405728459358,0.00046898191794753075,0.15472084283828735,3.1662435503676534e-05,0.9879581332206726,0.0,0.0,0.0,0.0,0.0,-0.0
1785523700633423200,19152510,-0.0005859374650754035,2.9296874345163815e-05,0.020566405728459358,0.00046898191794753075,0.15472084283828735,3.1662435503676534e-05,0.9879581332206726,0.0,0.0,0.0,0.0,0.0,-0.0
1785523700646024100,19166026,-0.0005859374650754035,2.9296874345163815e-05,0.020566405728459358,0.00046898191794753075,0.15472084283828735,3.1662435503676534e-05,0.9879581332206726,0.0,0.0,0.0,0.0,0.0,-0.0
1785523700660017700,19166026,-0.0005859374650754035,2.9296874345163815e-05,0.020566405728459358,0.00046898191794753075,0.15472084283828735,3.1662435503676534e-05,0.9879581332206726,0.0,0.0,0.0,0.0,0.0,-0.0
1785523700675497600,19185844,-0.0005859374650754035,2.9296874345163815e-05,0.020566405728459358,0.00046898191794753075,0.15472084283828735,3.1662435503676534e-05,0.9879581332206726,0.0,0.0,0.0,0.0,0.0,-0.0
1785523700688376800,19199355,-0.0005859374650754035,2.9296874345163815e-05,0.020566405728459358,0.00046898191794753075,0.15472084283828735,3.1662435503676534e-05,0.9879581332206726,0.0,0.0,0.0,0.0,0.0,-0.0
1785523700704305900,19219182,-0.0005859374650754035,2.9296874345163815e-05,0.020566405728459358,0.00046898191794753075,0.15472084283828735,3.1662435503676534e-05,0.9879581332206726,0.0,0.0,0.0,0.0,0.0,-0.0
1785523700716986400,19232666,-0.0005859374650754035,2.9296874345163815e-05,0.020566405728459358,0.00046898191794753075,0.15472084283828735,3.1662435503676534e-05,0.9879581332206726,0.0,0.0,0.0,0.0,0.0,-0.0
1785523700731756500,19252419,-0.0005859374650754035,2.9296874345163815e-05,0.020566405728459358,0.00046898191794753075,0.15472084283828735,3.1662435503676534e-05,0.9879581332206726,0.0,0.0,0.0,0.0,0.0,-0.0
1785523700744726100,19266113,-0.0005859374650754035,2.9296874345163815e-05,0.020566405728459358,0.00046898191794753075,0.15472084283828735,3.1662435503676534e-05,0.9879581332206726,0.0,0.0,0.0,0.0,0.0,-0.0
1785523700759319800,19266113,-0.0005859374650754035,2.9296874345163815e-05,0.020566405728459358,0.00046898191794753075,0.15472084283828735,3.1662435503676534e-05,0.9879581332206726,0.0,0.0,0.0,0.0,0.0,-0.0
1785523700775386600,19286140,-0.0005859374650754035,2.9296874345163815e-05,0.020566405728459358,0.00046898191794753075,0.15472084283828735,3.1662435503676534e-05,0.9879581332206726,0.0,0.0,0.0,0.0,0.0,-0.0
1785523700788551900,19299392,-0.0005859374650754035,2.9296874345163815e-05,0.020566405728459358,0.00046898191794753075,0.15472084283828735,3.1662435503676534e-05,0.9879581332206726,0.0,0.0,0.0,0.0,0.0,-0.0
1785523700804805500,19319391,-0.0005859374650754035,2.9296874345163815e-05,0.020566405728459358,0.00046898191794753075,0.15472084283828735,3.1662435503676534e-05,0.9879581332206726,0.0,0.0,0.0,0.0,0.0,-0.0
1785523700816401000,19332681,-0.0005859374650754035,2.9296874345163815e-05,0.020566405728459358,0.00046898191794753075,0.15472084283828735,3.1662435503676534e-05,0.9879581332206726,0.0,0.0,0.0,0.0,0.0,-0.0
1785523700830713600,19352728,-0.0005859374650754035,2.9296874345163815e-05,0.020566405728459358,0.00046898191794753075,0.15472084283828735,3.1662435503676534e-05,0.9879581332206726,0.0,0.0,0.0,0.0,0.0,-0.0
1785523700845149100,19365996,-0.0005859374650754035,2.9296874345163815e-05,0.020566405728459358,0.00046898191794753075,0.15472084283828735,3.1662435503676534e-05,0.9879581332206726,0.0,0.0,0.0,0.0,0.0,-0.0
1785523700859288000,19365996,-0.0005859374650754035,2.9296874345163815e-05,0.020566405728459358,0.00046898191794753075,0.15472084283828735,3.1662435503676534e-05,0.9879581332206726,0.0,0.0,0.0,0.0,0.0,-0.0
1785523700873828200,19385923,-0.0005859374650754035,2.9296874345163815e-05,0.020566405728459358,0.00046898191794753075,0.15472084283828735,3.1662435503676534e-05,0.9879581332206726,0.0,0.0,0.0,0.0,0.0,-0.0
1785523700886506000,19399338,-0.0005859374650754035,2.9296874345163815e-05,0.020566405728459358,0.00046898191794753075,0.15472084283828735,3.1662435503676534e-05,0.9879581332206726,0.0,0.0,0.0,0.0,0.0,-0.0
1785523700899842000,19419289,-0.0005859374650754035,2.9296874345163815e-05,0.020566405728459358,0.00046898191794753075,0.15472084283828735,3.1662435503676534e-05,0.9879581332206726,0.0,0.0,0.0,0.0,0.0,-0.0
1785523700914638800,19432644,-0.0005859374650754035,2.9296874345163815e-05,0.020566405728459358,0.00046898191794753075,0.15472084283828735,3.1662435503676534e-05,0.9879581332206726,0.0,0.0,0.0,0.0,0.0,-0.0
1785523700927376000,19432644,-0.0005859374650754035,2.9296874345163815e-05,0.020566405728459358,0.00046898191794753075,0.15472084283828735,3.1662435503676534e-05,0.9879581332206726,0.0,0.0,0.0,0.0,0.0,-0.0
1785523700941671200,19452554,-0.0005859374650754035,2.9296874345163815e-05,0.020566405728459358,0.00046898191794753075,0.15472084283828735,3.1662435503676534e-05,0.9879581332206726,0.0,0.0,0.0,0.0,0.0,-0.0
1785523700956109800,19465987,-0.0005859374650754035,2.9296874345163815e-05,0.020566405728459358,0.00046898191794753075,0.15472084283828735,3.1662435503676534e-05,0.9879581332206726,0.0,0.0,0.0,0.0,0.0,-0.0
1785523700968618400,19486181,-0.0005859374650754035,2.9296874345163815e-05,0.020566405728459358,0.00046898191794753075,0.15472084283828735,3.1662435503676534e-05,0.9879581332206726,0.0,0.0,0.0,0.0,0.0,-0.0
1785523700983055700,19499320,-0.0005859374650754035,2.9296874345163815e-05,0.020566405728459358,0.00046898191794753075,0.15472084283828735,3.1662435503676534e-05,0.9879581332206726,0.0,0.0,0.0,0.0,0.0,-0.0
1785523700996847800,19519163,-0.0005859374650754035,2.9296874345163815e-05,0.020566405728459358,0.00046898191794753075,0.15472084283828735,3.1662435503676534e-05,0.9879581332206726,0.0,0.0,0.0,0.0,0.0,-0.0
1785523701010398100,19532688,-0.0005859374650754035,2.9296874345163815e-05,0.020566405728459358,0.00046898191794753075,0.15472084283828735,3.1662435503676534e-05,0.9879581332206726,0.0,0.0,0.0,0.0,0.0,-0.0
1785523701024868800,19532688,-0.0005859374650754035,2.9296874345163815e-05,0.020566405728459358,0.00046898191794753075,0.15472084283828735,3.1662435503676534e-05,0.9879581332206726,0.0,0.0,0.0,0.0,0.0,-0.0
1785523701038252700,19552451,-0.0005859374650754035,2.9296874345163815e-05,0.020566405728459358,0.00046898191794753075,0.15472084283828735,3.1662435503676534e-05,0.9879581332206726,0.0,0.0,0.0,0.0,0.0,-0.0
1785523701053461100,19565969,-0.0005859374650754035,2.9296874345163815e-05,0.020566405728459358,0.00046898191794753075,0.15472084283828735,3.1662435503676534e-05,0.9879581332206726,0.0,0.0,0.0,0.0,0.0,-0.0
1785523701066305300,19585855,-0.0005859374650754035,2.9296874345163815e-05,0.020566405728459358,0.00046898191794753075,0.15472084283828735,3.1662435503676534e-05,0.9879581332206726,0.0,0.0,0.0,0.0,0.0,-0.0
1785523701079612600,19599317,-0.0005859374650754035,2.9296874345163815e-05,0.020566405728459358,0.00046898191794753075,0.15472084283828735,3.1662435503676534e-05,0.9879581332206726,0.0,0.0,0.0,0.0,0.0,-0.0
1785523701094806500,19599317,-0.0005859374650754035,2.9296874345163815e-05,0.020566405728459358,0.00046898191794753075,0.15472084283828735,3.1662435503676534e-05,0.9879581332206726,0.0,0.0,0.0,0.0,0.0,-0.0
1785523701108257600,19619174,-0.0005859374650754035,2.9296874345163815e-05,0.020566405728459358,0.00046898191794753075,0.15472084283828735,3.1662435503676534e-05,0.9879581332206726,0.0,0.0,0.0,0.0,0.0,-0.0
1785523701120955800,19632686,-0.0005859374650754035,2.9296874345163815e-05,0.020566405728459358,0.00046898191794753075,0.15472084283828735,3.1662435503676534e-05,0.9879581332206726,0.0,0.0,0.0,0.0,0.0,-0.0
1785523701137071000,19652788,-0.0005859374650754035,2.9296874345163815e-05,0.020566405728459358,0.00046898191794753075,0.15472084283828735,3.1662435503676534e-05,0.9879581332206726,0.0,0.0,0.0,0.0,0.0,-0.0
1785523701148652200,19666031,-0.0005859374650754035,2.9296874345163815e-05,0.020566405728459358,0.00046898191794753075,0.15472084283828735,3.1662435503676534e-05,0.9879581332206726,0.0,0.0,0.0,0.0,0.0,-0.0
1785523701162859100,19685884,-0.0005859374650754035,2.9296874345163815e-05,0.020566405728459358,0.00046898191794753075,0.15472084283828735,3.1662435503676534e-05,0.9879581332206726,0.0,0.0,0.0,0.0,0.0,-0.0
1785523701176876400,19699375,-0.0005859374650754035,2.9296874345163815e-05,0.020566405728459358,0.00046898191794753075,0.15472084283828735,3.1662435503676534e-05,0.9879581332206726,0.0,0.0,0.0,0.0,0.0,-0.0
1785523701190338800,19699375,-0.0005859374650754035,2.9296874345163815e-05,0.020566405728459358,0.00046898191794753075,0.15472084283828735,3.1662435503676534e-05,0.9879581332206726,0.0,0.0,0.0,0.0,0.0,-0.0
1785523701206406400,19719271,-0.0005859374650754035,2.9296874345163815e-05,0.020566405728459358,0.00046898191794753075,0.15472084283828735,3.1662435503676534e-05,0.9879581332206726,0.0,0.0,0.0,0.0,0.0,-0.0
1785523701219647700,19732646,-0.0005859374650754035,2.9296874345163815e-05,0.020566405728459358,0.00046898191794753075,0.15472084283828735,3.1662435503676534e-05,0.9879581332206726,0.0,0.0,0.0,0.0,0.0,-0.0
1785523701233632500,19752650,-0.0005859374650754035,2.9296874345163815e-05,0.020566405728459358,0.00046898191794753075,0.15472084283828735,3.1662435503676534e-05,0.9879581332206726,0.0,0.0,0.0,0.0,0.0,-0.0
1785523701248486000,19766017,-0.0005859374650754035,2.9296874345163815e-05,0.020566405728459358,0.00046898191794753075,0.15472084283828735,3.1662435503676534e-05,0.9879581332206726,0.0,0.0,0.0,0.0,0.0,-0.0
1785523701261163000,19766017,-0.0005859374650754035,2.9296874345163815e-05,0.020566405728459358,0.00046898191794753075,0.15472084283828735,3.1662435503676534e-05,0.9879581332206726,0.0,0.0,0.0,0.0,0.0,-0.0
1785523701275907500,19785776,-0.0005859374650754035,2.9296874345163815e-05,0.020566405728459358,0.00046898191794753075,0.15472084283828735,3.1662435503676534e-05,0.9879581332206726,0.0,0.0,0.0,0.0,0.0,-0.0
1785523701290197000,19799409,-0.0005859374650754035,2.9296874345163815e-05,0.020566405728459358,0.00046898191794753075,0.15472084283828735,3.1662435503676534e-05,0.9879581332206726,0.0,0.0,0.0,0.0,0.0,-0.0
1785523701304666300,19819596,-0.0005859374650754035,2.9296874345163815e-05,0.020566405728459358,0.00046898191794753075,0.15472084283828735,3.1662435503676534e-05,0.9879581332206726,0.0,0.0,0.0,0.0,0.0,-0.0
1785523701320741500,19832787,-0.0005859374650754035,2.9296874345163815e-05,0.020566405728459358,0.00046898191794753075,0.15472084283828735,3.1662435503676534e-05,0.9879581332206726,0.0,0.0,0.0,0.0,0.0,-0.0
1785523701333553900,19852491,-0.0005859374650754035,2.9296874345163815e-05,0.020566405728459358,0.00046898191794753075,0.15472084283828735,3.1662435503676534e-05,0.9879581332206726,0.0,0.0,0.0,0.0,0.0,-0.0
1785523701347597400,19865989,-0.0005859374650754035,2.9296874345163815e-05,0.020566405728459358,0.00046898191794753075,0.15472084283828735,3.1662435503676534e-05,0.9879581332206726,0.0,0.0,0.0,0.0,0.0,-0.0
1785523701360906500,19865989,-0.0005859374650754035,2.9296874345163815e-05,0.020566405728459358,0.00046898191794753075,0.15472084283828735,3.1662435503676534e-05,0.9879581332206726,0.0,0.0,0.0,0.0,0.0,-0.0
1785523701374662700,19885836,-0.0005859374650754035,2.9296874345163815e-05,0.020566405728459358,0.00046898191794753075,0.15472084283828735,3.1662435503676534e-05,0.9879581332206726,0.0,0.0,0.0,0.0,0.0,-0.0
1785523701387235800,19899353,-0.0005859374650754035,2.9296874345163815e-05,0.020566405728459358,0.00046898191794753075,0.15472084283828735,3.1662435503676534e-05,0.9879581332206726,0.0,0.0,0.0,0.0,0.0,-0.0
1785523701403222900,19919198,-0.0005859374650754035,2.9296874345163815e-05,0.020566405728459358,0.00046898191794753075,0.15472084283828735,3.1662435503676534e-05,0.9879581332206726,0.0,0.0,0.0,0.0,0.0,-0.0
1785523701415616500,19932627,-0.0005859374650754035,2.9296874345163815e-05,0.020566405728459358,0.00046898191794753075,0.15472084283828735,3.1662435503676534e-05,0.9879581332206726,0.0,0.0,0.0,0.0,0.0,-0.0
1785523701428783200,19932627,-0.0005859374650754035,2.9296874345163815e-05,0.020566405728459358,0.00046898191794753075,0.15472084283828735,3.1662435503676534e-05,0.9879581332206726,0.0,0.0,0.0,0.0,0.0,-0.0
1785523701442126200,19952461,-0.0005859374650754035,2.9296874345163815e-05,0.020566405728459358,0.00046898191794753075,0.15472084283828735,3.1662435503676534e-05,0.9879581332206726,0.0,0.0,0.0,0.0,0.0,-0.0
1785523701456854800,19965974,-0.0005859374650754035,2.9296874345163815e-05,0.020566405728459358,0.00046898191794753075,0.15472084283828735,3.1662435503676534e-05,0.9879581332206726,0.0,0.0,0.0,0.0,0.0,-0.0
1785523701470206400,19985762,-0.0005859374650754035,2.9296874345163815e-05,0.020566405728459358,0.00046898191794753075,0.15472084283828735,3.1662435503676534e-05,0.9879581332206726,0.0,0.0,0.0,0.0,0.0,-0.0
1785523701484541100,19999341,-0.0005859374650754035,2.9296874345163815e-05,0.020566405728459358,0.00046898191794753075,0.15472084283828735,3.1662435503676534e-05,0.9879581332206726,0.0,0.0,0.0,0.0,0.0,-0.0
1785523701499710300,20019174,-0.0005859374650754035,2.9296874345163815e-05,0.020566405728459358,0.00046898191794753075,0.15472084283828735,3.1662435503676534e-05,0.9879581332206726,0.0,0.0,0.0,0.0,0.0,-0.0
1785523701511275800,20032662,-0.0005859374650754035,2.9296874345163815e-05,0.020566405728459358,0.00046898191794753075,0.15472084283828735,3.1662435503676534e-05,0.9879581332206726,0.0,0.0,0.0,0.0,0.0,-0.0
1785523701525616600,20032662,-0.0005859374650754035,2.9296874345163815e-05,0.020566405728459358,0.00046898191794753075,0.15472084283828735,3.1662435503676534e-05,0.9879581332206726,0.0,0.0,0.0,0.0,0.0,-0.0
1785523701541806800,20052419,-0.0005859374650754035,2.9296874345163815e-05,0.020566405728459358,0.00046898191794753075,0.15472084283828735,3.1662435503676534e-05,0.9879581332206726,0.0,0.0,0.0,0.0,0.0,-0.0
1785523701556399100,20065995,-0.0005859374650754035,2.9296874345163815e-05,0.020566405728459358,0.00046898191794753075,0.15472084283828735,3.1662435503676534e-05,0.9879581332206726,0.0,0.0,0.0,0.0,0.0,-0.0
1785523701569144600,20085802,-0.0005859374650754035,2.9296874345163815e-05,0.020566405728459358,0.00046898191794753075,0.15472084283828735,3.1662435503676534e-05,0.9879581332206726,0.0,0.0,0.0,0.0,0.0,-0.0
1785523701583371200,20099304,-0.0005859374650754035,2.9296874345163815e-05,0.020566405728459358,0.00046898191794753075,0.15472084283828735,3.1662435503676534e-05,0.9879581332206726,0.0,0.0,0.0,0.0,0.0,-0.0
1785523701596440000,20119269,-0.0005859374650754035,2.9296874345163815e-05,0.020566405728459358,0.00046898191794753075,0.15472084283828735,3.1662435503676534e-05,0.9879581332206726,0.0,0.0,0.0,0.0,0.0,-0.0
1785523701610250100,20132741,-0.0005859374650754035,2.9296874345163815e-05,0.020566405728459358,0.00046898191794753075,0.15472084283828735,3.1662435503676534e-05,0.9879581332206726,0.0,0.0,0.0,0.0,0.0,-0.0
1785523701626446700,20132741,-0.0005859374650754035,2.9296874345163815e-05,0.020566405728459358,0.00046898191794753075,0.15472084283828735,3.1662435503676534e-05,0.9879581332206726,0.0,0.0,0.0,0.0,0.0,-0.0
1785523701638265200,20152805,-0.0005859374650754035,2.9296874345163815e-05,0.020566405728459358,0.00046898191794753075,0.15472084283828735,3.1662435503676534e-05,0.9879581332206726,0.0,0.0,0.0,0.0,0.0,-0.0
1785523701651575500,20166089,-0.0005859374650754035,2.9296874345163815e-05,0.020566405728459358,0.00046898191794753075,0.15472084283828735,3.1662435503676534e-05,0.9879581332206726,0.0,0.0,0.0,0.0,0.0,-0.0
1785523701666076500,20186577,-0.0005859374650754035,2.9296874345163815e-05,0.020566405728459358,0.00046898191794753075,0.15472084283828735,3.1662435503676534e-05,0.9879581332206726,0.0,0.0,0.0,0.0,0.0,-0.0
1785523701679449500,20199377,-0.0005859374650754035,2.9296874345163815e-05,0.020566405728459358,0.00046898191794753075,0.15472084283828735,3.1662435503676534e-05,0.9879581332206726,0.0,0.0,0.0,0.0,0.0,-0.0
1785523701695058100,20199377,-0.0005859374650754035,2.9296874345163815e-05,0.020566405728459358,0.00046898191794753075,0.15472084283828735,3.1662435503676534e-05,0.9879581332206726,0.0,0.0,0.0,0.0,0.0,-0.0
1785523701706588700,20219390,-0.0005859374650754035,2.9296874345163815e-05,0.020566405728459358,0.00046898191794753075,0.15472084283828735,3.1662435503676534e-05,0.9879581332206726,0.0,0.0,0.0,0.0,0.0,-0.0
1785523701721360800,20232690,-0.0005859374650754035,2.9296874345163815e-05,0.020566405728459358,0.00046898191794753075,0.15472084283828735,3.1662435503676534e-05,0.9879581332206726,0.0,0.0,0.0,0.0,0.0,-0.0
1785523701733230000,20252534,-0.0005859374650754035,2.9296874345163815e-05,0.020566405728459358,0.00046898191794753075,0.15472084283828735,3.1662435503676534e-05,0.9879581332206726,0.0,0.0,0.0,0.0,0.0,-0.0
1785523701747440800,20266057,-0.0005859374650754035,2.9296874345163815e-05,0.020566405728459358,0.00046898191794753075,0.15472084283828735,3.1662435503676534e-05,0.9879581332206726,0.0,0.0,0.0,0.0,0.0,-0.0
1785523701760251500,20266057,-0.0005859374650754035,2.9296874345163815e-05,0.020566405728459358,0.00046898191794753075,0.15472084283828735,3.1662435503676534e-05,0.9879581332206726,0.0,0.0,0.0,0.0,0.0,-0.0
1785523701774584000,20285946,-0.0005859374650754035,2.9296874345163815e-05,0.020566405728459358,0.00046898191794753075,0.15472084283828735,3.1662435503676534e-05,0.9879581332206726,0.0,0.0,0.0,0.0,0.0,-0.0
1785523701788525700,20299337,-0.0005859374650754035,2.9296874345163815e-05,0.020566405728459358,0.00046898191794753075,0.15472084283828735,3.1662435503676534e-05,0.9879581332206726,0.0,0.0,0.0,0.0,0.0,-0.0
1785523701802902200,20319014,-0.0005859374650754035,2.9296874345163815e-05,0.020566405728459358,0.00046898191794753075,0.15472084283828735,3.1662435503676534e-05,0.9879581332206726,0.0,0.0,0.0,0.0,0.0,-0.0
1785523701817517400,20332652,-0.0005859374650754035,2.9296874345163815e-05,0.020566405728459358,0.00046898191794753075,0.15472084283828735,3.1662435503676534e-05,0.9879581332206726,0.0,0.0,0.0,0.0,0.0,-0.0
1785523701832320000,20352582,-0.0005859374650754035,2.9296874345163815e-05,0.020566405728459358,0.00046898191794753075,0.15472084283828735,3.1662435503676534e-05,0.9879581332206726,0.0,0.0,0.0,0.0,0.0,-0.0
1785523701846651300,20366047,-0.0005859374650754035,2.9296874345163815e-05,0.020566405728459358,0.00046898191794753075,0.15472084283828735,3.1662435503676534e-05,0.9879581332206726,0.0,0.0,0.0,0.0,0.0,-0.0
1785523701859777200,20366047,-0.0005859374650754035,2.9296874345163815e-05,0.020566405728459358,0.00046898191794753075,0.15472084283828735,3.1662435503676534e-05,0.9879581332206726,0.0,0.0,0.0,0.0,0.0,-0.0
1785523701875174400,20385940,-0.0005859374650754035,2.9296874345163815e-05,0.020566405728459358,0.00046898191794753075,0.15472084283828735,3.1662435503676534e-05,0.9879581332206726,0.0,0.0,0.0,0.0,0.0,-0.0
1785523701888386800,20399340,-0.0005859374650754035,2.9296874345163815e-05,0.020566405728459358,0.00046898191794753075,0.15472084283828735,3.1662435503676534e-05,0.9879581332206726,0.0,0.0,0.0,0.0,0.0,-0.0
1785523701901698300,20419370,-0.0005859374650754035,2.9296874345163815e-05,0.020566405728459358,0.00046898191794753075,0.15472084283828735,3.1662435503676534e-05,0.9879581332206726,0.0,0.0,0.0,0.0,0.0,-0.0
1785523701915195300,20432725,-0.0005859374650754035,2.9296874345163815e-05,0.020566405728459358,0.00046898191794753075,0.15472084283828735,3.1662435503676534e-05,0.9879581332206726,0.0,0.0,0.0,0.0,0.0,-0.0
1785523701929031500,20432725,-0.0005859374650754035,2.9296874345163815e-05,0.020566405728459358,0.00046898191794753075,0.15472084283828735,3.1662435503676534e-05,0.9879581332206726,0.0,0.0,0.0,0.0,0.0,-0.0
1785523701944945300,20466131,-0.0005859374650754035,2.9296874345163815e-05,0.020566405728459358,0.00046898191794753075,0.15472084283828735,3.1662435503676534e-05,0.9879581332206726,0.0,0.0,0.0,0.0,0.0,-0.0
1785523701956636600,20466131,-0.0005859374650754035,2.9296874345163815e-05,0.020566405728459358,0.00046898191794753075,0.15472084283828735,3.1662435503676534e-05,0.9879581332206726,0.0,0.0,0.0,0.0,0.0,-0.0
1785523701970211200,20486211,-0.0005859374650754035,2.9296874345163815e-05,0.020566405728459358,0.00046898191794753075,0.15472084283828735,3.1662435503676534e-05,0.9879581332206726,0.0,0.0,0.0,0.0,0.0,-0.0
1785523701986175500,20499391,-0.0005859374650754035,2.9296874345163815e-05,0.020566405728459358,0.00046898191794753075,0.15472084283828735,3.1662435503676534e-05,0.9879581332206726,0.0,0.0,0.0,0.0,0.0,-0.0
1785523701999474500,20519590,-0.0005859374650754035,2.9296874345163815e-05,0.020566405728459358,0.00046898191794753075,0.15472084283828735,3.1662435503676534e-05,0.9879581332206726,0.0,0.0,0.0,0.0,0.0,-0.0
1785523702011110100,20533129,-0.0005859374650754035,2.9296874345163815e-05,0.020566405728459358,0.00046898191794753075,0.15472084283828735,3.1662435503676534e-05,0.9879581332206726,0.0,0.0,0.0,0.0,0.0,-0.0
1785523702025522800,20533129,-0.0005859374650754035,2.9296874345163815e-05,0.020566405728459358,0.00046898191794753075,0.15472084283828735,3.1662435503676534e-05,0.9879581332206726,0.0,0.0,0.0,0.0,0.0,-0.0
1785523702041910700,20552747,-0.0005859374650754035,2.9296874345163815e-05,0.020566405728459358,0.00046898191794753075,0.15472084283828735,3.1662435503676534e-05,0.9879581332206726,0.0,0.0,0.0,0.0,0.0,-0.0
1785523702054955300,20566033,-0.0005859374650754035,2.9296874345163815e-05,0.020566405728459358,0.00046898191794753075,0.15472084283828735,3.1662435503676534e-05,0.9879581332206726,0.0,0.0,0.0,0.0,0.0,-0.0
1785523702068234100,20586003,-0.0005859374650754035,2.9296874345163815e-05,0.020566405728459358,0.00046898191794753075,0.15472084283828735,3.1662435503676534e-05,0.9879581332206726,0.0,0.0,0.0,0.0,0.0,-0.0
1785523702081382800,20600113,-0.0005859374650754035,2.9296874345163815e-05,0.020566405728459358,0.00046898191794753075,0.15472084283828735,3.1662435503676534e-05,0.9879581332206726,0.0,0.0,0.0,0.0,0.0,-0.0
1785523702096132200,20600113,-0.0005859374650754035,2.9296874345163815e-05,0.020566405728459358,0.00046898191794753075,0.15472084283828735,3.1662435503676534e-05,0.9879581332206726,0.0,0.0,0.0,0.0,0.0,-0.0
1785523702110207700,20619433,-0.0005859374650754035,2.9296874345163815e-05,0.020566405728459358,0.00046898191794753075,0.15472084283828735,3.1662435503676534e-05,0.9879581332206726,0.0,0.0,0.0,0.0,0.0,-0.0
1785523702123114300,20632720,-0.0005859374650754035,2.9296874345163815e-05,0.020566405728459358,0.00046898191794753075,0.15472084283828735,3.1662435503676534e-05,0.9879581332206726,0.0,0.0,0.0,0.0,0.0,-0.0
1785523702136911200,20652787,-0.0005859374650754035,2.9296874345163815e-05,0.020566405728459358,0.00046898191794753075,0.15472084283828735,3.1662435503676534e-05,0.9879581332206726,0.0,0.0,0.0,0.0,0.0,-0.0
1785523702151768900,20666035,-0.0005859374650754035,2.9296874345163815e-05,0.020566405728459358,0.00046898191794753075,0.15472084283828735,3.1662435503676534e-05,0.9879581332206726,0.0,0.0,0.0,0.0,0.0,-0.0
1785523702164623100,20686025,-0.0005859374650754035,2.9296874345163815e-05,0.020566405728459358,0.00046898191794753075,0.15472084283828735,3.1662435503676534e-05,0.9879581332206726,0.0,0.0,0.0,0.0,0.0,-0.0
1785523702177882500,20699316,-0.0005859374650754035,2.9296874345163815e-05,0.020566405728459358,0.00046898191794753075,0.15472084283828735,3.1662435503676534e-05,0.9879581332206726,0.0,0.0,0.0,0.0,0.0,-0.0
1785523702192142800,20699316,-0.0005859374650754035,2.9296874345163815e-05,0.020566405728459358,0.00046898191794753075,0.15472084283828735,3.1662435503676534e-05,0.9879581332206726,0.0,0.0,0.0,0.0,0.0,-0.0
1785523702206623000,20719138,-0.0005859374650754035,2.9296874345163815e-05,0.020566405728459358,0.00046898191794753075,0.15472084283828735,3.1662435503676534e-05,0.9879581332206726,0.0,0.0,0.0,0.0,0.0,-0.0
1785523702220923000,20732665,-0.0005859374650754035,2.9296874345163815e-05,0.020566405728459358,0.00046898191794753075,0.15472084283828735,3.1662435503676534e-05,0.9879581332206726,0.0,0.0,0.0,0.0,0.0,-0.0
1785523702236772600,20752765,-0.0005859374650754035,2.9296874345163815e-05,0.020566405728459358,0.00046898191794753075,0.15472084283828735,3.1662435503676534e-05,0.9879581332206726,0.0,0.0,0.0,0.0,0.0,-0.0
1785523702249762800,20765972,-0.0005859374650754035,2.9296874345163815e-05,0.020566405728459358,0.00046898191794753075,0.15472084283828735,3.1662435503676534e-05,0.9879581332206726,0.0,0.0,0.0,0.0,0.0,-0.0
1785523702262546600,20765972,-0.0005859374650754035,2.9296874345163815e-05,0.020566405728459358,0.00046898191794753075,0.15472084283828735,3.1662435503676534e-05,0.9879581332206726,0.0,0.0,0.0,0.0,0.0,-0.0
1785523702277029000,20799323,-0.0005859374650754035,2.9296874345163815e-05,0.020566405728459358,0.00046898191794753075,0.15472084283828735,3.1662435503676534e-05,0.9879581332206726,0.0,0.0,0.0,0.0,0.0,-0.0
1785523702291159900,20799323,-0.0005859374650754035,2.9296874345163815e-05,0.020566405728459358,0.00046898191794753075,0.15472084283828735,3.1662435503676534e-05,0.9879581332206726,0.0,0.0,0.0,0.0,0.0,-0.0
1785523702306956500,20819870,-0.0005859374650754035,2.9296874345163815e-05,0.020566405728459358,0.00046898191794753075,0.15472084283828735,3.1662435503676534e-05,0.9879581332206726,0.0,0.0,0.0,0.0,0.0,-0.0
1785523702320184800,20832619,-0.0005859374650754035,2.9296874345163815e-05,0.020566405728459358,0.00046898191794753075,0.15472084283828735,3.1662435503676534e-05,0.9879581332206726,0.0,0.0,0.0,0.0,0.0,-0.0
1785523702331839800,20852448,-0.0005859374650754035,2.9296874345163815e-05,0.020566405728459358,0.00046898191794753075,0.15472084283828735,3.1662435503676534e-05,0.9879581332206726,0.0,0.0,0.0,0.0,0.0,-0.0
1785523702346073800,20865984,-0.0005859374650754035,2.9296874345163815e-05,0.020566405728459358,0.00046898191794753075,0.15472084283828735,3.1662435503676534e-05,0.9879581332206726,0.0,0.0,0.0,0.0,0.0,-0.0
1785523702359987400,20865984,-0.0005859374650754035,2.9296874345163815e-05,0.020566405728459358,0.00046898191794753075,0.15472084283828735,3.1662435503676534e-05,0.9879581332206726,0.0,0.0,0.0,0.0,0.0,-0.0
1785523702373688800,20886035,-0.0005859374650754035,2.9296874345163815e-05,0.020566405728459358,0.00046898191794753075,0.15472084283828735,3.1662435503676534e-05,0.9879581332206726,0.0,0.0,0.0,0.0,0.0,-0.0
1785523702387635500,20899310,-0.0005859374650754035,2.9296874345163815e-05,0.020566405728459358,0.00046898191794753075,0.15472084283828735,3.1662435503676534e-05,0.9879581332206726,0.0,0.0,0.0,0.0,0.0,-0.0
1785523702402223400,20919363,-0.0005859374650754035,2.9296874345163815e-05,0.020566405728459358,0.00046898191794753075,0.15472084283828735,3.1662435503676534e-05,0.9879581332206726,0.0,0.0,0.0,0.0,0.0,-0.0
1785523702415915900,20933023,-0.0005859374650754035,2.9296874345163815e-05,0.020566405728459358,0.00046898191794753075,0.15472084283828735,3.1662435503676534e-05,0.9879581332206726,0.0,0.0,0.0,0.0,0.0,-0.0
1785523702428788600,20933023,-0.0005859374650754035,2.9296874345163815e-05,0.020566405728459358,0.00046898191794753075,0.15472084283828735,3.1662435503676534e-05,0.9879581332206726,0.0,0.0,0.0,0.0,0.0,-0.0
1785523702444628400,20965972,-0.0005859374650754035,2.9296874345163815e-05,0.020566405728459358,0.00046898191794753075,0.15472084283828735,3.1662435503676534e-05,0.9879581332206726,0.0,0.0,0.0,0.0,0.0,-0.0
1785523702459314300,20965972,-0.0005859374650754035,2.9296874345163815e-05,0.020566405728459358,0.00046898191794753075,0.15472084283828735,3.1662435503676534e-05,0.9879581332206726,0.0,0.0,0.0,0.0,0.0,-0.0
1785523702472213400,20986224,-0.0005859374650754035,2.9296874345163815e-05,0.020566405728459358,0.00046898191794753075,0.15472084283828735,3.1662435503676534e-05,0.9879581332206726,0.0,0.0,0.0,0.0,0.0,-0.0
1785523702486542200,20999347,-0.0005859374650754035,2.9296874345163815e-05,0.020566405728459358,0.00046898191794753075,0.15472084283828735,3.1662435503676534e-05,0.9879581332206726,0.0,0.0,0.0,0.0,0.0,-0.0
1785523702499655500,21019366,-0.0005859374650754035,2.9296874345163815e-05,0.020566405728459358,0.00046898191794753075,0.15472084283828735,3.1662435503676534e-05,0.9879581332206726,0.0,0.0,0.0,0.0,0.0,-0.0
1785523702512913300,21033291,-0.0005859374650754035,2.9296874345163815e-05,0.020566405728459358,0.00046898191794753075,0.15472084283828735,3.1662435503676534e-05,0.9879581332206726,0.0,0.0,0.0,0.0,0.0,-0.0
1785523702527378500,21033291,-0.0005859374650754035,2.9296874345163815e-05,0.020566405728459358,0.00046898191794753075,0.15472084283828735,3.1662435503676534e-05,0.9879581332206726,0.0,0.0,0.0,0.0,0.0,-0.0
1785523702541613500,21052718,-0.0005859374650754035,2.9296874345163815e-05,0.020566405728459358,0.00046898191794753075,0.15472084283828735,3.1662435503676534e-05,0.9879581332206726,-0.0010682556312531233,-2.1583909983746707e-05,0.0026312614791095257,0.003110900754109025,-0.018855636939406395,-0.0005741161294281483
1785523702554149100,21066050,-0.0005468750023283064,3.9062499126885086e-05,0.020634764805436134,0.000469684018753469,0.1547011286020279,7.416846347041428e-05,0.9879612326622009,0.0008709272369742393,0.0002598826540634036,-6.850343197584152e-06,-0.0068243579007685184,0.009838206693530083,0.0011452530743554235
1785523702568547000,21086121,-0.0005468750023283064,3.9062499126885086e-05,0.020634764805436134,0.000469684018753469,0.1547011286020279,7.416846347041428e-05,0.9879612326622009,0.0006844577728770673,-0.00014418612408917397,2.535359817557037e-05,-0.0006694294279441237,0.010560820810496807,0.0008908763993531466
1785523702582951500,21099307,-0.0005468750023283064,3.9062499126885086e-05,0.020634764805436134,0.000469684018753469,0.1547011286020279,7.416846347041428e-05,0.9879612326622009,0.000850063341204077,0.00026985423755832016,3.136068698950112e-05,-0.007012470159679651,0.009277695789933205,0.001146078808233142
1785523702597965400,21119196,-0.0005468750023283064,3.9062499126885086e-05,0.020634764805436134,0.000469684018753469,0.1547011286020279,7.416846347041428e-05,0.9879612326622009,0.0005487741436809301,-0.000413965288316831,1.9221362890675664e-05,0.0031210954766720533,0.010865953750908375,0.00035522348480299115
1785523702611761600,21132690,-0.0005468750023283064,2.9296874345163815e-05,0.020634764805436134,0.00045501472777687013,0.15470270812511444,7.466798706445843e-05,0.987960934638977,0.0005414951592683792,-0.0004059089405927807,1.665460877120495e-05,0.003049141028895974,0.010710072703659534,0.0003548160311765969
1785523702624782300,21132690,-0.0005468750023283064,2.9296874345163815e-05,0.020634764805436134,0.00045501472777687013,0.15470270812511444,7.466798706445843e-05,0.987960934638977,0.0005414951592683792,-0.0004059089405927807,1.665460877120495e-05,0.003049141028895974,0.010710072703659534,0.0003548160311765969
1785523702640655700,21152616,-0.0005468750023283064,2.9296874345163815e-05,0.020634764805436134,0.00045501472777687013,0.15470270812511444,7.466798706445843e-05,0.987960934638977,0.0008586029871366918,0.00027196481823921204,2.5934830773621798e-05,-0.007052889093756676,0.009407135657966137,0.001152894925326109
1785523702653245000,21165990,-0.0005468750023283064,3.9062499126885086e-05,0.020634764805436134,0.00046509597450494766,0.1547040045261383,7.41152762202546e-05,0.987960696220398,0.0008500328985974193,0.000264626694843173,2.093316288664937e-05,-0.006908348761498928,0.009379556402564049,0.0011380009818822145
1785523702667395100,21186112,-0.0005468750023283064,3.9062499126885086e-05,0.020634764805436134,0.00046509597450494766,0.1547040045261383,7.41152762202546e-05,0.987960696220398,0.000958737509790808,-0.0002789816935546696,3.612492582760751e-05,-0.00035488675348460674,0.00025285559240728617,0.005397241562604904
1785523702680313000,21199261,-0.0005468750023283064,2.9296874345163815e-05,0.020634764805436134,0.00041064905235543847,0.15469639003276825,6.416544056264684e-05,0.9879620671272278,0.0012268790742382407,-0.0003952626429963857,-4.416564479470253e-05,0.0003219170030206442,0.002185232238844037,0.006542738061398268
1785523702695759200,21199261,-0.0005468750023283064,2.9296874345163815e-05,0.020634764805436134,0.00041064905235543847,0.15469639003276825,6.416544056264684e-05,0.9879620671272278,0.0012268790742382407,-0.0003952626429963857,-4.416564479470253e-05,0.0003219170030206442,0.002185232238844037,0.006542738061398268
1785523702709892500,21219203,-0.0005468750023283064,2.9296874345163815e-05,0.020634764805436134,0.00041064905235543847,0.15469639003276825,6.416544056264684e-05,0.9879620671272278,0.002122055273503065,-0.000358719436917454,-1.7318292520940304e-05,0.0013398017035797238,-0.0010586418211460114,0.005193890072405338
1785523702723915500,21232607,-0.0005468750023283064,2.9296874345163815e-05,0.020634764805436134,0.0002489822218194604,0.1546952873468399,4.302439992898144e-05,0.9879621863365173,0.004145761951804161,-0.00019074068404734135,-3.139860928058624e-05,0.0012805300066247582,-0.0026824846863746643,0.0022327874321490526
1785523702738532500,21252499,-0.0006249999860301614,2.9296874345163815e-05,0.02065429650247097,0.00020491928444243968,0.1546708196401596,4.4540047383634374e-05,0.987966001033783,0.009167671203613281,-4.275590617908165e-05,6.803427822887897e-05,-0.0002198380243498832,-0.0008881019311957061,0.0008634639088995755
1785523702753269000,21265973,-0.0007812499534338713,2.9296874345163815e-05,0.02070312388241291,0.00017472601030021906,0.15467344224452972,3.668992212624289e-05,0.9879655838012695,0.01370142214000225,2.845455310307443e-05,0.00025352416560053825,-0.0015049211215227842,-0.0003777993260882795,0.0006642145453952253
1785523702765759000,21286049,-0.0009765625,2.9296874345163815e-05,0.020761718973517418,0.00016006245277822018,0.1546739637851715,3.3852273190859705e-05,0.9879655241966248,0.02176596038043499,-4.742101737065241e-06,9.893812239170074e-05,-0.0005185080226510763,-0.0007343936595134437,0.0006176509195938706
1785523702779861900,21299285,-0.0014062499394640326,2.9296874345163815e-05,0.020903319120407104,0.00013978085189592093,0.1546737104654312,2.9841023206245154e-05,0.9879655241966248,0.028553364798426628,1.716258702799678e-05,0.00031304825097322464,-0.0012417073594406247,-0.0004164155980106443,0.0006474849651567638
1785523702795035400,21299285,-0.0014062499394640326,2.9296874345163815e-05,0.020903319120407104,0.00013978085189592093,0.1546737104654312,2.9841023206245154e-05,0.9879655241966248,0.028553364798426628,1.716258702799678e-05,0.00031304825097322464,-0.0012417073594406247,-0.0004164155980106443,0.0006474849651567638
1785523702808282900,21319377,-0.0017968749161809683,2.9296874345163815e-05,0.021035155281424522,0.00012611261627171189,0.1546737104654312,2.7617637897492386e-05,0.9879655838012695,0.04010729864239693,1.9186009012628347e-05,0.00035222992300987244,-0.0013526505790650845,-0.0004454475420061499,0.0005938506219536066
1785523702822671900,21332626,-0.0025390624068677425,2.9296874345163815e-05,0.021269530057907104,0.00010660843690857291,0.15467342734336853,2.4511306037311442e-05,0.9879655241966248,0.04836970567703247,1.4585384633392096e-06,9.078904986381531e-05,-0.0005053491913713515,-0.0007007508538663387,0.0005540478741750121
1785523702836510800,21352620,-0.0032031249720603228,2.9296874345163815e-05,0.021479491144418716,9.384120494360104e-05,0.15467342734336853,2.2403519324143417e-05,0.9879655838012695,0.061658572405576706,-1.4504337741527706e-05,2.199411392211914e-05,0.00015319421072490513,-0.0009348706225864589,0.0005241020116955042
1785523702849188700,21365944,-0.0043750000186264515,2.9296874345163815e-05,0.021855467930436134,7.539698708569631e-05,0.15467342734336853,1.9131204680888914e-05,0.9879655838012695,0.07112496346235275,2.209160811617039e-06,0.0003847125917673111,-0.0011486184084787965,-0.00034145507379435003,0.0005854082992300391
1785523702861791300,21365944,-0.0043750000186264515,2.9296874345163815e-05,0.021855467930436134,7.539698708569631e-05,0.15467342734336853,1.9131204680888914e-05,0.9879655838012695,0.07112496346235275,2.209160811617039e-06,0.0003847125917673111,-0.0011486184084787965,-0.00034145507379435003,0.0005854082992300391
1785523702874956800,21386195,-0.0053125000558793545,2.9296874345163815e-05,0.022163085639476776,6.305966235231608e-05,0.15467317402362823,1.721279841149226e-05,0.9879657030105591,0.08501074463129044,-3.886744161718525e-05,1.2699514627456665e-05,0.00020985161245334893,-0.000905004795640707,0.00048753092414699495
1785523702891013100,21399430,-0.006953124888241291,2.9296874345163815e-05,0.02268066443502903,4.475091554922983e-05,0.15467315912246704,1.4175929209159222e-05,0.9879656434059143,0.0949939712882042,-1.907899059006013e-05,0.0006536636501550674,-0.0011645769700407982,-0.0003314797068014741,0.0005666877841576934
1785523702903805000,21420127,-0.008164062164723873,2.9296874345163815e-05,0.023076171055436134,3.2725711207604036e-05,0.15467315912246704,1.2465288818930276e-05,0.9879656434059143,0.109223872423172,-4.196106601739302e-05,-1.430511474609375e-05,2.0531535938062007e-06,-0.0030042636208236217,7.730150173301809e-06
1785523702918553000,21432709,-0.010273437015712261,2.9296874345163815e-05,0.02375488169491291,1.3492462130670901e-05,0.15467317402362823,9.829826012719423e-06,0.9879657030105591,0.11881351470947266,-3.886287595378235e-05,-5.032867193222046e-06,0.00023420312209054828,-0.0012035589898005128,0.00035088398726657033
1785523702930280600,21452669,-0.01171875,2.9296874345163815e-05,0.02421874925494194,3.1807940104044974e-06,0.15467292070388794,7.080934210534906e-06,0.9879657030105591,0.1332026571035385,-3.088172888965346e-05,0.00020764023065567017,-0.0011148880003020167,-0.0002710498229134828,0.0005505014560185373
1785523702944756800,21466005,-0.014218749478459358,2.9296874345163815e-05,0.025019530206918716,1.3761650734522846e-05,-0.15467290580272675,-4.856808573094895e-06,-0.9879656434059143,0.14279454946517944,-8.35876417113468e-05,1.726299524307251e-05,0.00018888236081693321,-0.0008043136331252754,0.0005072787753306329
1785523702959719200,21466005,-0.014218749478459358,2.9296874345163815e-05,0.025019530206918716,1.3761650734522846e-05,-0.15467290580272675,-4.856808573094895e-06,-0.9879656434059143,0.14279454946517944,-8.35876417113468e-05,1.726299524307251e-05,0.00018888236081693321,-0.0008043136331252754,0.0005072787753306329
1785523702971644500,21486298,-0.016054688021540642,2.9296874345163815e-05,0.02561035007238388,2.521976966818329e-05,-0.15467266738414764,-3.1931185731082223e-06,-0.9879657626152039,0.1577247679233551,-9.106998186325654e-05,0.0003735087811946869,-0.001107952557504177,-0.00022738288680557162,0.0005492698401212692
1785523702985454600,21499346,-0.019101561978459358,2.9296874345163815e-05,0.026577148586511612,4.158379670116119e-05,-0.15467238426208496,-2.0966814417988644e-07,-0.9879657626152039,0.16787311434745789,-8.794352470431477e-05,0.0009930841624736786,-0.0011030862806364894,-0.00020395300816744566,0.0005336402100510895
1785523703000119900,21519283,-0.021250000223517418,2.9296874345163815e-05,0.02727050706744194,5.2045452321181074e-05,-0.15467238426208496,1.5812242963875178e-06,-0.9879657626152039,0.1822437345981598,-0.0001020180934574455,0.0008233450353145599,-0.0009881887817755342,-0.0001353214174741879,0.0005434895283542573
1785523703014668800,21532704,-0.024687498807907104,2.9296874345163815e-05,0.028378905728459358,6.767241575289518e-05,-0.15467213094234467,4.1357416193932295e-06,-0.9879658818244934,0.19157515466213226,-0.0001297772250836715,6.157532334327698e-05,-0.000259960419498384,-0.000448053702712059,0.0005217587458901107
1785523703027478500,21532704,-0.024687498807907104,2.9296874345163815e-05,0.028378905728459358,6.767241575289518e-05,-0.15467213094234467,4.1357416193932295e-06,-0.9879658818244934,0.19157515466213226,-0.0001297772250836715,6.157532334327698e-05,-0.000259960419498384,-0.000448053702712059,0.0005217587458901107
1785523703040765900,21553015,-0.027187500149011612,2.9296874345163815e-05,0.029184570536017418,7.775193080306053e-05,-0.15467184782028198,6.166166713228449e-06,-0.9879658222198486,0.20751696825027466,-0.0001687123440206051,7.919967174530029e-05,-0.00045327318366616964,-0.0003175174060743302,0.0005107829929329455
1785523703056912700,21566031,-0.031171875074505806,2.9296874345163815e-05,0.030458983033895493,9.218662307830527e-05,-0.1546715945005417,8.997874829219654e-06,-0.9879659414291382,0.21883663535118103,-0.00018081089365296066,0.00012592971324920654,-0.0008735007140785456,-6.458856660174206e-05,0.0005115440580993891
1785523703069722100,21586038,-0.03394531086087227,2.9296874345163815e-05,0.03134765475988388,0.00010072998702526093,-0.1546715945005417,1.093343598768115e-05,-0.9879659414291382,0.23708748817443848,-0.00022994026949163526,-3.1739473342895508e-06,0.0001721161388559267,-0.0009539831080473959,0.0004010904813185334
1785523703085492900,21599305,-0.038398437201976776,2.9296874345163815e-05,0.032783202826976776,0.00011286039080005139,-0.1546713262796402,1.343999792879913e-05,-0.9879659414291382,0.25115591287612915,-0.00025506020756438375,9.047240018844604e-05,0.001022164593450725,-0.0022718480322510004,-0.0010731610236689448
1785523703098387200,21619584,-0.04164062440395355,2.9296874345163815e-05,0.03382324054837227,9.756510553415865e-05,-0.15468816459178925,1.169569259218406e-05,-0.9879632592201233,0.27670666575431824,-0.00032982128323055804,0.0002016127109527588,0.0014967905590310693,-0.0013469647383317351,0.00046108203241601586
1785523703111209100,21632688,-0.046953123062849045,2.9296874345163815e-05,0.0355224609375,0.00010591002501314506,-0.15467238426208496,2.1509513317141682e-05,-0.9879657626152039,0.2968263328075409,-0.00040995856397785246,0.00038029253482818604,0.000777272623963654,0.00019227828306611627,0.00040241560782305896
1785523703125075900,21632688,-0.046953123062849045,2.9296874345163815e-05,0.0355224609375,0.00010591002501314506,-0.15467238426208496,2.1509513317141682e-05,-0.9879657626152039,0.2968263328075409,-0.00040995856397785246,0.00038029253482818604,0.000777272623963654,0.00019227828306611627,0.00040241560782305896
1785523703138469400,21652986,-0.05078125,2.9296874345163815e-05,0.036748044192790985,0.00011016460484825075,-0.15468265116214752,2.9919217922724783e-05,-0.9879642128944397,0.3325119912624359,-0.00043125389493070543,-9.838491678237915e-05,0.00024193602439481765,0.0034099046606570482,0.0003125723742414266
1785523703154364200,21665949,-0.057109374552965164,2.9296874345163815e-05,0.0387890599668026,0.00011758378968806937,-0.15472736954689026,2.5068060494959354e-05,-0.9879571199417114,0.3598276972770691,-0.0004518187779467553,-0.0003156885504722595,3.7983460060786456e-05,0.012727431021630764,0.00014150855713523924
1785523703165893800,21686552,-0.06171874701976776,2.9296874345163815e-05,0.040263671427965164,0.00012124680506531149,-0.1548231691122055,1.9601580788730644e-05,-0.9879422187805176,0.40688538551330566,-0.0005285626975819468,0.0004679933190345764,-5.5925796914380044e-05,0.014561803080141544,9.566098015056923e-05
1785523703178962300,21699289,-0.06964843720197678,2.9296874345163815e-05,0.04280761629343033,0.00012335290375631303,-0.1549731194972992,1.9278864783700556e-05,-0.9879186749458313,0.44046473503112793,-0.0005376521730795503,-7.919967174530029e-05,-4.3386688048485667e-05,0.011409343220293522,4.205342338536866e-05
1785523703193503600,21699289,-0.06964843720197678,2.9296874345163815e-05,0.04280761629343033,0.00012335290375631303,-0.1549731194972992,1.9278864783700556e-05,-0.9879186749458313,0.44046473503112793,-0.0005376521730795503,-7.919967174530029e-05,-4.3386688048485667e-05,0.011409343220293522,4.205342338536866e-05
1785523703206716700,21719383,-0.07515624910593033,2.9296874345163815e-05,0.044575195759534836,0.00012359446554910392,-0.1550312638282776,1.9539002096280456e-05,-0.9879095554351807,0.49725356698036194,-0.0005403268150985241,-7.297098636627197e-05,-6.0903468693140894e-05,-0.015627123415470123,-6.4304404077120125e-06
1785523703221698400,21732628,-0.08457031100988388,2.9296874345163815e-05,0.047602538019418716,0.00012342534319031984,-0.1548933982849121,1.8858592738979496e-05,-0.9879311919212341,0.5371599793434143,-0.0005500393453985453,-0.003929033875465393,0.00038667459739372134,-0.02007010206580162,-8.070716285146773e-05
1785523703235039100,21752609,-0.09160155802965164,2.9296874345163815e-05,0.0497753880918026,0.00012325499847065657,-0.1547689437866211,1.5977362636476755e-05,-0.9879506230354309,0.5967530608177185,-0.0005656228167936206,-0.02061215043067932,0.0004156922805123031,-0.00971999391913414,-9.97353345155716e-05
1785523703248236800,21765933,-0.10304687172174454,2.9296874345163815e-05,0.053007811307907104,0.000122994722914882,-0.1546715945005417,1.1817770428024232e-05,-0.9879659414291382,0.6365328431129456,-0.0005766724934801459,-0.038012489676475525,0.0002762586227618158,-0.0038449130952358246,-7.187754090409726e-05
1785523703261105700,21765933,-0.10304687172174454,2.9296874345163815e-05,0.053007811307907104,0.000122994722914882,-0.1546715945005417,1.1817770428024232e-05,-0.9879659414291382,0.6365328431129456,-0.0005766724934801459,-0.038012489676475525,0.0002762586227618158,-0.0038449130952358246,-7.187754090409726e-05
1785523703277178000,21786489,-0.11148437112569809,2.9296874345163815e-05,0.05511230230331421,0.00012274178152438253,-0.15465079247951508,1.0140602171304636e-05,-0.9879691004753113,0.6970019340515137,-0.0005955719971098006,-0.07279515266418457,0.0001421164342900738,-0.001882698037661612,-1.4713192285853438e-05
1785523703289771500,21799296,-0.12546874582767487,2.9296874345163815e-05,0.058037109673023224,0.00012280639202799648,-0.15463081002235413,8.635828635306098e-06,-0.9879722595214844,0.7364475131034851,-0.0006088967784307897,-0.10125131905078888,0.00012893215171061456,-0.0028104844968765974,1.2731987226288766e-05
1785523703304283600,21819227,-0.13507811725139618,2.9296874345163815e-05,0.059638671576976776,0.00012310985766816884,-0.15461133420467377,7.806576832081191e-06,-0.9879753589630127,0.7949188351631165,-0.0006301606772467494,-0.1541098952293396,0.00014578668924514204,-0.00381071912124753,2.8073947760276496e-05
1785523703319879300,21832615,-0.15101562440395355,2.9296874345163815e-05,0.06153808534145355,0.00012355628132354468,-0.15457449853420258,6.438132913899608e-06,-0.9879810810089111,0.8345118165016174,-0.0006459146970883012,-0.19692914187908173,0.00014954718062654138,-0.003739133710041642,2.4344426492461935e-05
1785523703333117400,21852562,-0.16273437440395355,2.9296874345163815e-05,0.062333982437849045,0.00012388129835017025,-0.15455029904842377,5.4726688176742755e-06,-0.987984836101532,0.8934951424598694,-0.0006701924139633775,-0.27112308144569397,0.000137512237415649,-0.003176170401275158,9.81884659267962e-06
1785523703347297400,21865958,-0.1812109351158142,2.9296874345163815e-05,0.06261718273162842,0.00012420590792316943,-0.1545189917087555,4.1451221477473155e-06,-0.9879898428916931,0.933007001876831,-0.0006878055864945054,-0.32626011967658997,0.00012633419828489423,-0.0028617950156331062,5.656474968418479e-07
1785523703360119600,21865958,-0.1812109351158142,2.9296874345163815e-05,0.06261718273162842,0.00012420590792316943,-0.1545189917087555,4.1451221477473155e-06,-0.9879898428916931,0.933007001876831,-0.0006878055864945054,-0.32626011967658997,0.00012633419828489423,-0.0028617950156331062,5.656474968418479e-07
1785523703375044600,21886090,-0.1947656273841858,2.9296874345163815e-05,0.06211913749575615,0.000124336700537242,-0.1545003056526184,3.3165324566653e-06,-0.9879927635192871,0.9922363758087158,-0.0007144023547880352,-0.41476452350616455,0.00011304649524390697,-0.0025983615778386593,-6.991851478233002e-06
1785523703387581700,21899367,-0.21617187559604645,2.9296874345163815e-05,0.06027831882238388,0.00012439778947737068,-0.15447451174259186,2.2015542526787613e-06,-0.9879966974258423,1.0315520763397217,-0.0007330554071813822,-0.47651684284210205,0.0001064782845787704,-0.0024806351866573095,-7.444967195624486e-06
1785523703400391200,21919254,-0.2314453125,2.9296874345163815e-05,0.058256834745407104,0.0001245094754267484,-0.15445846319198608,1.493651325290557e-06,-0.9879992008209229,1.0902070999145508,-0.0007613457855768502,-0.5716302990913391,9.853397205006331e-05,-0.0022944407537579536,-4.192983396933414e-06
1785523703416302200,21932599,-0.2555859386920929,2.9296874345163815e-05,0.0540478490293026,0.000124487210996449,-0.15443584322929382,5.426585403256468e-07,-0.9880027770996094,1.129351019859314,-0.0007809625240042806,-0.6362946033477783,9.294176561525092e-05,-0.00216003623791039,-1.4185407053446397e-06
1785523703429091800,21932599,-0.2555859386920929,2.9296874345163815e-05,0.0540478490293026,0.000124487210996449,-0.15443584322929382,5.426585403256468e-07,-0.9880027770996094,1.129351019859314,-0.0007809625240042806,-0.6362946033477783,9.294176561525092e-05,-0.00216003623791039,-1.4185407053446397e-06
1785523703443680100,21953007,-0.27281248569488525,2.9296874345163815e-05,0.050371091812849045,0.00012458297715056688,-0.15442189574241638,-6.463806556666896e-08,-0.9880049228668213,1.1883900165557861,-0.0008109132177196443,-0.7350060343742371,8.468627493130043e-05,-0.0019658405799418688,1.46165257319808e-06
1785523703457865400,21966020,-0.3002343773841858,2.9296874345163815e-05,0.043559569865465164,0.0001247152395080775,-0.15440215170383453,-9.033610126607527e-07,-0.9880080223083496,1.2272859811782837,-0.0008317778701893985,-0.8004062175750732,7.969672151375562e-05,-0.0018509941874071956,2.012371624005027e-06
1785523703470603400,21986563,-0.3190234303474426,2.9296874345163815e-05,0.03829101473093033,0.00012497157149482518,-0.15439032018184662,-1.4361444300448056e-06,-0.9880098700523376,1.286101222038269,-0.0008632936514914036,-0.8996982574462891,7.295645627891645e-05,-0.0016921572387218475,1.487735062255524e-06
1785523703485352400,21999291,-0.349609375,2.9296874345163815e-05,0.028813475742936134,0.00012508642976172268,-0.15437321364879608,-2.164746092603309e-06,-0.9880125522613525,1.3246607780456543,-0.0008847336866892874,-0.9648177623748779,6.889101496199146e-05,-0.0015963114565238357,6.843511073384434e-07
1785523703498533700,22019516,-0.3698827922344208,2.9296874345163815e-05,0.022011717781424522,0.00012515424168668687,-0.154363214969635,-2.595062142063398e-06,-0.9880141019821167,1.3823013305664062,-0.0009160366607829928,-1.0622342824935913,6.277985085034743e-05,-0.001461606239899993,-2.423148544039577e-07
1785523703512984300,22032664,-0.4029296636581421,2.9296874345163815e-05,0.010146483778953552,0.00012525245256256312,-0.1543487310409546,-3.218269739591051e-06,-0.9880163669586182,1.420865774154663,-0.0009380165720358491,-1.1272985935211182,5.951800994807854e-05,-0.0013770113000646234,-5.524143489310518e-07
1785523703527304900,22032664,-0.4029296636581421,2.9296874345163815e-05,0.010146483778953552,0.00012525245256256312,-0.1543487310409546,-3.218269739591051e-06,-0.9880163669586182,1.420865774154663,-0.0009380165720358491,-1.1272985935211182,5.951800994807854e-05,-0.0013770113000646234,-5.524143489310518e-07
1785523703540325000,22052716,-0.4255468547344208,2.9296874345163815e-05,0.0015185546362772584,0.00012531285756267607,-0.15433979034423828,-3.601694061217131e-06,-0.988017737865448,1.4785484075546265,-0.000970098131801933,-1.2245540618896484,5.4101958085084334e-05,-0.0012589849065989256,-5.758338375017047e-07
1785523703554866900,22065962,-0.46128904819488525,2.9296874345163815e-05,-0.012822265736758709,0.00012539749150164425,-0.1543274223804474,-4.138899384997785e-06,-0.9880197048187256,1.5169857740402222,-0.0009924399200826883,-1.2891948223114014,5.1180766604375094e-05,-0.0011861518723890185,-3.811437636613846e-07
1785523703569022100,22085977,-0.4859374761581421,2.9296874345163815e-05,-0.023173827677965164,0.00012544971832539886,-0.15431979298591614,-4.470564817893319e-06,-0.9880208969116211,1.5742063522338867,-0.0010248604230582714,-1.3853024244308472,4.694076415034942e-05,-0.0010860746260732412,-7.119979272829369e-08
1785523703581736500,22099282,-0.5241405963897705,2.9296874345163815e-05,-0.03986816480755806,0.0001255220704479143,-0.1543090045452118,-4.92997878609458e-06,-0.9880225658416748,1.6124353408813477,-0.0010474079754203558,-1.4493257999420166,4.4207106839166954e-05,-0.0010232223430648446,6.299978849710897e-08
1785523703596142400,22099282,-0.5241405963897705,2.9296874345163815e-05,-0.03986816480755806,0.0001255220704479143,-0.1543090045452118,-4.92997878609458e-06,-0.9880225658416748,1.6124353408813477,-0.0010474079754203558,-1.4493257999420166,4.4207106839166954e-05,-0.0010232223430648446,6.299978849710897e-08
1785523703610787200,22119225,-0.5508202910423279,2.9296874345163815e-05,-0.051948241889476776,0.00012556719593703747,-0.1543024331331253,-5.216616045800038e-06,-0.988023579120636,1.6693763732910156,-0.001080147223547101,-1.5445438623428345,4.028764305985533e-05,-0.000936100899707526,9.158611646853387e-08
1785523703623331000,22132596,-0.5916796922683716,2.9296874345163815e-05,-0.07102538645267487,0.00012562891060952097,-0.1542932242155075,-5.608498213405255e-06,-0.9880250096321106,1.7074730396270752,-0.0011028604349121451,-1.6080589294433594,3.7836678529856727e-05,-0.0008818949572741985,1.2546479410957545e-07
1785523703637657800,22152422,-0.6204687356948853,2.9296874345163815e-05,-0.08484374731779099,0.00012566788063850254,-0.1542874425649643,-5.8559935496305116e-06,-0.988025963306427,1.7640604972839355,-0.0011357767507433891,-1.7022459506988525,3.474757613730617e-05,-0.0008073276258073747,1.4788656699238345e-07
1785523703652100000,22165910,-0.6639062166213989,2.9296874345163815e-05,-0.1062304675579071,0.00012572102423291653,-0.15427954494953156,-6.193532499310095e-06,-0.9880271553993225,1.801954984664917,-0.0011585638858377934,-1.7651314735412598,3.2816089515108615e-05,-0.000760470109526068,1.014086592476815e-09
1785523703666647800,22185902,-0.6947265267372131,2.9296874345163815e-05,-0.1217675730586052,0.00012575523578561842,-0.15427426993846893,-6.410852620319929e-06,-0.9880279898643494,1.8585734367370605,-0.0011918134987354279,-1.8589236736297607,3.0140188755467534e-05,-0.000695272465236485,-7.96990207163617e-08
1785523703680746800,22199213,-0.7412109375,2.9296874345163815e-05,-0.14570312201976776,0.00012580177281051874,-0.15426768362522125,-6.706562089675572e-06,-0.9880290031433105,1.8961858749389648,-0.001214600051753223,-1.921051263809204,2.8168604330858216e-05,-0.0006552524282597005,-1.1478732631076127e-07
1785523703695119800,22199213,-0.7412109375,2.9296874345163815e-05,-0.14570312201976776,0.00012580177281051874,-0.15426768362522125,-6.706562089675572e-06,-0.9880290031433105,1.8961858749389648,-0.001214600051753223,-1.921051263809204,2.8168604330858216e-05,-0.0006552524282597005,-1.1478732631076127e-07
1785523703708464100,22219008,-0.7735937237739563,2.9296874345163815e-05,-0.16270019114017487,0.00012583077477756888,-0.1542632281780243,-6.890732038300484e-06,-0.9880297183990479,1.951932430267334,-0.0012475716648623347,-2.0129640102386475,2.5914432626450434e-05,-0.0006001407746225595,-1.389480530633591e-07
1785523703722703500,22232575,-0.8223046660423279,2.9296874345163815e-05,-0.1887548714876175,0.0001258703850908205,-0.15425743162631989,-7.142432878026739e-06,-0.9880306124687195,1.9893641471862793,-0.0012703370302915573,-2.0745043754577637,2.450233296258375e-05,-0.0005650219391100109,-3.3504875318612903e-08
1785523703736803400,22252586,-0.8568750023841858,2.9296874345163815e-05,-0.20756834745407104,0.00012589569087140262,-0.154253751039505,-7.303287929971702e-06,-0.9880312085151672,2.045438289642334,-0.0013036910677328706,-2.1665258407592773,2.2294483642326668e-05,-0.0005162646993994713,5.546371539821848e-08
1785523703749745300,22265896,-0.9089452624320984,2.9296874345163815e-05,-0.23630858957767487,0.00012593012070283294,-0.15424849092960358,-7.5221059887553565e-06,-0.9880320429801941,2.082514762878418,-0.0013263227883726358,-2.2271950244903564,2.0928902813466266e-05,-0.0004865475057158619,9.307495929533616e-08
1785523703762557500,22265896,-0.9089452624320984,2.9296874345163815e-05,-0.23630858957767487,0.00012593012070283294,-0.15424849092960358,-7.5221059887553565e-06,-0.9880320429801941,2.082514762878418,-0.0013263227883726358,-2.2271950244903564,2.0928902813466266e-05,-0.0004865475057158619,9.307495929533616e-08
1785523703776963100,22299265,-1.000038981437683,2.9296874345163815e-05,-0.2877246141433716,0.00012598105240613222,-0.15424111485481262,-7.845751497370657e-06,-0.9880331754684448,2.174957513809204,-0.0013820539461448789,-2.3780264854431152,1.7873409888125025e-05,-0.0004195385845378041,9.357609087601304e-08
1785523703790134900,22299265,-1.000038981437683,2.9296874345163815e-05,-0.2877246141433716,0.00012598105240613222,-0.15424111485481262,-7.845751497370657e-06,-0.9880331754684448,2.174957513809204,-0.0013820539461448789,-2.3780264854431152,1.7873409888125025e-05,-0.0004195385845378041,9.357609087601304e-08
1785523703804627900,22319276,-1.0370311737060547,2.9296874345163815e-05,-0.3089697062969208,0.00012599912588484585,-0.1542382389307022,-7.96056065155426e-06,-0.988033652305603,2.229536294937134,-0.0014147438341751695,-2.4667625427246094,1.6799665900180116e-05,-0.00038452743319794536,7.809103408362716e-08
1785523703818324700,22332595,-1.0942968130111694,2.9296874345163815e-05,-0.3422216773033142,0.00012602502829395235,-0.15423454344272614,-8.125221938826144e-06,-0.988034188747406,2.2660977840423584,-0.001437135972082615,-2.5260472297668457,1.5562194676022045e-05,-0.000362032646080479,-5.7033958000829443e-08
1785523703834426200,22352596,-1.1337890625,4.8828122089616954e-05,-0.36540037393569946,0.00012604087532963604,-0.1542321741580963,-8.225947567552794e-06,-0.9880345463752747,2.320575475692749,-0.0014698464656248689,-2.61421799659729,1.4128089787845965e-05,-0.0003308370360173285,-1.321350282523781e-07
1785523703846855100,22366045,-1.1935937404632568,7.812499825377017e-05,-0.40085935592651367,0.0001260627032024786,-0.15422901511192322,-8.364664608961903e-06,-0.9880350828170776,2.3569676876068115,-0.0014921178808435798,-2.672961473464966,1.33529792947229e-05,-0.0003118605527561158,-1.1695601642713882e-07
1785523703861737500,22366045,-1.1935937404632568,7.812499825377017e-05,-0.40085935592651367,0.0001260627032024786,-0.15422901511192322,-8.364664608961903e-06,-0.9880350828170776,2.3569676876068115,-0.0014921178808435798,-2.672961473464966,1.33529792947229e-05,-0.0003118605527561158,-1.1695601642713882e-07
1785523703874667000,22386190,-1.2351171970367432,9.765624417923391e-05,-0.4257177710533142,0.00012607660028152168,-0.15422691404819489,-8.45307204144774e-06,-0.9880353808403015,2.4114882946014404,-0.0015249057905748487,-2.760802745819092,1.2604526091308799e-05,-0.0002850713499356061,7.340258889598772e-08
1785523703887170600,22399291,-1.2981250286102295,0.00012695312034338713,-0.4637548625469208,0.000126096056192182,-0.15422402322292328,-8.57682061905507e-06,-0.9880358576774597,2.447300434112549,-0.0015468427445739508,-2.8183488845825195,1.1776782230299432e-05,-0.00026869020075537264,1.4787906366109382e-07
1785523703901414200,22419347,-1.3403124809265137,0.00014648436626885086,-0.489448219537735,0.0001261077995877713,-0.15422219038009644,-8.651396456116345e-06,-0.9880361557006836,2.5007548332214355,-0.0015790127217769623,-2.904086112976074,1.0497047696844675e-05,-0.00024591031251475215,-2.8421709430404007e-09
1785523703916085700,22432607,-1.4055858850479126,0.00017578124243300408,-0.529492199420929,0.00012612403952516615,-0.15421980619430542,-8.754645023145713e-06,-0.9880365133285522,2.5363898277282715,-0.001600796589627862,-2.961097478866577,9.837192010309082e-06,-0.00023186900943983346,-8.752795110922307e-08
1785523703929271300,22432607,-1.4055858850479126,0.00017578124243300408,-0.529492199420929,0.00012612403952516615,-0.15421980619430542,-8.754645023145713e-06,-0.9880365133285522,2.5363898277282715,-0.001600796589627862,-2.961097478866577,9.837192010309082e-06,-0.00023186900943983346,-8.752795110922307e-08
1785523703943953100,22452749,-1.4499999284744263,0.00019531248835846782,-0.556933581829071,0.0001261341240024194,-0.15421847999095917,-8.818756214168388e-06,-0.9880366921424866,2.589639902114868,-0.0016328482888638973,-3.0461349487304688,9.154362487606704e-06,-0.00021200955961830914,-1.9423578123678453e-07
1785523703956732400,22465986,-1.5179296731948853,0.00022460936452262104,-0.599194347858429,0.00012614847219083458,-0.15421637892723083,-8.910022188501898e-06,-0.9880370497703552,2.625042200088501,-0.001654473366215825,-3.1025266647338867,8.515424269717187e-06,-0.00019966615946032107,-8.41032488096971e-08
1785523703969802500,22485886,-1.5641796588897705,0.000244140625,-0.6281542778015137,0.00012615721789188683,-0.1542147994041443,-8.96551864570938e-06,-0.9880372881889343,2.677551031112671,-0.001686074654571712,-3.1860079765319824,8.060127584030852e-06,-0.0001825719082262367,9.684526958153583e-09
1785523703985807300,22499290,-1.6339843273162842,0.0002734375011641532,-0.6721289157867432,0.00012616958701983094,-0.15421323478221893,-9.044254511536565e-06,-0.9880375266075134,2.7125844955444336,-0.0017074397765100002,-3.241577625274658,7.537943474744679e-06,-0.00017185616889037192,8.572669685236178e-09
1785523703998771200,22519449,-1.6821874380111694,0.0002929687325377017,-0.7026904225349426,0.00012617728498298675,-0.15421192348003387,-9.093132575799245e-06,-0.9880377054214478,2.7651751041412354,-0.001739076222293079,-3.3248300552368164,6.639720140810823e-06,-0.00015702398377470672,7.1383965405402705e-09
1785523704014345600,22532593,-1.7553906440734863,0.00032226560870185494,-0.7493456602096558,0.00012618766049854457,-0.15421059727668762,-9.159197361441329e-06,-0.9880379438400269,2.799868106842041,-0.0017601796425879002,-3.3796238899230957,6.2078988776193e-06,-0.0001478634076192975,6.318487066891976e-09
1785523704026842300,22532593,-1.7553906440734863,0.00032226560870185494,-0.7493456602096558,0.00012618766049854457,-0.15421059727668762,-9.159197361441329e-06,-0.9880379438400269,2.799868106842041,-0.0017601796425879002,-3.3796238899230957,6.2078988776193e-06,-0.0001478634076192975,6.318487066891976e-09
1785523704039698700,22552725,-1.8046092987060547,0.0003417968691792339,-0.7808789014816284,0.0001261940342374146,-0.15420955419540405,-9.19959620659938e-06,-0.9880381226539612,2.85162091255188,-0.0017912716139107943,-3.461202621459961,5.917718681303086e-06,-0.00013576609489973634,5.2668838179670274e-09
1785523704054090500,22565912,-1.8800780773162842,0.0003710937453433871,-0.8294531106948853,0.00012620320194400847,-0.1542082279920578,-9.258003046852536e-06,-0.9880383014678955,2.885983467102051,-0.0018121376633644104,-3.5152435302734375,5.600729309662711e-06,-0.00012808288738597184,4.663888830691576e-09
1785523704066573400,22586062,-1.931093692779541,0.00039062497671693563,-0.8624462485313416,0.00012620320194400847,-0.1542082279920578,-9.258003046852536e-06,-0.9880383014678955,2.93734073638916,-0.0018427048344165087,-3.5958762168884277,4.672029263019795e-06,-0.00011706647637765855,3.886270860675722e-09
1785523704081448100,22599259,-2.0091404914855957,0.00041992185288108885,-0.9131543040275574,0.0001262163568753749,-0.15420612692832947,-9.341615623270627e-06,-0.9880386590957642,2.971402645111084,-0.0018635771702975035,-3.649205207824707,4.67276049676002e-06,-0.00011075258225901052,3.441414264671039e-09
1785523704092968200,22599259,-2.0091404914855957,0.00041992185288108885,-0.9131543040275574,0.0001262163568753749,-0.15420612692832947,-9.341615623270627e-06,-0.9880386590957642,2.971402645111084,-0.0018635771702975035,-3.649205207824707,4.67276049676002e-06,-0.00011075258225901052,3.441414264671039e-09
1785523704106586700,22619606,-2.0617969036102295,0.0004394531133584678,-0.9474951028823853,0.0001262163568753749,-0.15420612692832947,-9.341615623270627e-06,-0.9880386590957642,3.0224556922912598,-0.0018939413130283356,-3.729027271270752,4.393419203552185e-06,-0.0001012946740956977,2.8644535632338375e-09
1785523704122722700,22632690,-2.142773389816284,0.00046874998952262104,-1.0005370378494263,0.0001262278383364901,-0.15420454740524292,-9.414628948434256e-06,-0.9880388975143433,3.0561089515686035,-0.0019144974648952484,-3.7815065383911133,4.037141934531974e-06,-9.534875425742939e-05,2.535898602218367e-09
1785523704135635600,22652774,-2.1964452266693115,0.00048828125,-1.035854458808899,0.0001262278383364901,-0.15420454740524292,-9.414628948434256e-06,-0.9880388975143433,3.1062521934509277,-0.0019442928023636341,-3.859585762023926,3.698636874105432e-06,-8.673120464663953e-05,2.1141204342711717e-09
1785523704150313900,22666214,-2.279296875,0.0005175780970603228,-1.0905224084854126,0.00012623767543118447,-0.15420296788215637,-9.477115781919565e-06,-0.9880391359329224,3.139862060546875,-0.0019647374283522367,-3.911783218383789,3.499071908663609e-06,-8.160883589880541e-05,1.8710579752223566e-09
1785523704164561700,22685991,-2.3359375,0.0005371093866415322,-1.1280566453933716,0.00012623767543118447,-0.15420296788215637,-9.477115781919565e-06,-0.9880391359329224,3.173125743865967,-0.001984482631087303,-3.963390827178955,3.20222807204118e-06,-7.678427937207744e-05,1.6564172256039456e-09
1785523704177766500,22699231,-2.420156240463257,0.0005664062337018549,-1.1840282678604126,0.00012624621740542352,-0.1542016565799713,-9.531458090350498e-06,-0.9880393147468567,3.2223243713378906,-0.0020141014829277992,-4.039541721343994,3.150399606965948e-06,-7.07639628672041e-05,1.3822045730194077e-09
1785523704190158400,22699231,-2.420156240463257,0.0005664062337018549,-1.1840282678604126,0.00012624621740542352,-0.1542016565799713,-9.531458090350498e-06,-0.9880393147468567,3.2223243713378906,-0.0020141014829277992,-4.039541721343994,3.150399606965948e-06,-7.07639628672041e-05,1.3822045730194077e-09
1785523704205824300,22719287,-2.4774999618530273,0.0005859374650754035,-1.2222704887390137,0.00012624621740542352,-0.1542016565799713,-9.531458090350498e-06,-0.9880393147468567,3.271322727203369,-0.002043141284957528,-4.115228652954102,2.920834958786145e-06,-6.494551053037867e-05,1.1527276910783257e-09
1785523704219963900,22732594,-2.564335823059082,0.0006152343703433871,-1.2803564071655273,0.00012625403178390115,-0.15420059859752655,-9.581165613781195e-06,-0.988039493560791,3.3040642738342285,-0.0020629449281841516,-4.165684700012207,2.746778591244947e-06,-6.110699177952483e-05,1.019998308038339e-09
1785523704233440600,22752780,-2.6240234375,0.0006347656017169356,-1.3204052448272705,0.00012625403178390115,-0.15420059859752655,-9.581165613781195e-06,-0.988039493560791,3.353029251098633,-0.0020919214002788067,-4.241024971008301,2.5998951969086193e-06,-5.575431714532897e-05,8.488996172673069e-10
1785523704246250500,22765867,-2.7139062881469727,0.0006640625069849193,-1.380898356437683,0.00012626078387256712,-0.15419955551624298,-9.624109225114807e-06,-0.9880396723747253,3.3852763175964355,-0.0021113550756126642,-4.290523529052734,2.325115019630175e-06,-5.2407012844923884e-05,7.522089617850725e-10
1785523704261428800,22765867,-2.7139062881469727,0.0006640625069849193,-1.380898356437683,0.00012626078387256712,-0.15419955551624298,-9.624109225114807e-06,-0.9880396723747253,3.3852763175964355,-0.0021113550756126642,-4.290523529052734,2.325115019630175e-06,-5.2407012844923884e-05,7.522089617850725e-10
1785523704274721900,22786375,-2.7741405963897705,0.0006835937383584678,-1.4215283393859863,0.00012626078387256712,-0.15419955551624298,-9.624109225114807e-06,-0.9880396723747253,3.4337611198425293,-0.0021399976685643196,-4.364837646484375,1.7587570937394048e-06,-4.7730154619785026e-05,6.260165719140787e-10
1785523704286370000,22799307,-2.867304563522339,0.0007128905854187906,-1.4845458269119263,0.00012626078387256712,-0.15419955551624298,-9.624109225114807e-06,-0.9880396723747253,3.465602397918701,-0.0021587880328297615,-4.413548469543457,1.7657454236541525e-06,-4.517014531302266e-05,5.542233338928781e-10
1785523704301323200,22819453,-2.92828106880188,0.000732421875,-1.5258740186691284,0.00012626773968804628,-0.15419849753379822,-9.66831521509448e-06,-0.9880398511886597,3.5129847526550293,-0.0021871160715818405,-4.485873222351074,1.8999219264514977e-06,-4.1393042920390144e-05,4.6190962166292593e-10
1785523704314304100,22832622,-3.022695302963257,0.0007617187220603228,-1.5900096893310547,0.00012626773968804628,-0.15419849753379822,-9.66831521509448e-06,-0.9880398511886597,3.5445313453674316,-0.002205696888267994,-4.533952713012695,1.6334963675035397e-06,-3.9101490983739495e-05,4.090452421223745e-10
1785523704328808000,22832622,-3.022695302963257,0.0007617187220603228,-1.5900096893310547,0.00012626773968804628,-0.15419849753379822,-9.66831521509448e-06,-0.9880398511886597,3.5445313453674316,-0.002205696888267994,-4.533952713012695,1.6334963675035397e-06,-3.9101490983739495e-05,4.090452421223745e-10
1785523704341758200,22852766,-3.086132764816284,0.0007812499534338713,-1.633217692375183,0.00012626773968804628,-0.15419849753379822,-9.66831521509448e-06,-0.9880398511886597,3.591585159301758,-0.0022333799861371517,-4.605534076690674,1.6373927564927726e-06,-3.597744580474682e-05,3.4049207897624e-10
1785523704355031700,22865902,-3.182695150375366,0.0008105468587018549,-1.69912588596344,0.00012627465184777975,-0.15419745445251465,-9.712292921904009e-06,-0.9880399703979492,3.622755527496338,-0.0022521079517900944,-4.6528425216674805,1.4380188986251596e-06,-3.410454519325867e-05,3.0163960218487773e-10
1785523704368241200,22886003,-3.24761700630188,0.0008300780900754035,-1.7435009479522705,0.00012627465184777975,-0.15419745445251465,-9.712292921904009e-06,-0.9880399703979492,3.669079303741455,-0.00227930536493659,-4.723055839538574,1.4906632941347198e-06,-3.078929876210168e-05,2.5141844162135385e-10
1785523704382827300,22899279,-3.3458592891693115,0.0008593749953433871,-1.8108251094818115,0.00012627465184777975,-0.15419745445251465,-9.712292921904009e-06,-0.9880399703979492,3.699944496154785,-0.0022974065504968166,-4.769756317138672,1.4083561836741865e-06,-2.9192398869781755e-05,2.2251356313063297e-10
1785523704395380200,22899279,-3.3458592891693115,0.0008593749953433871,-1.8108251094818115,0.00012627465184777975,-0.15419745445251465,-9.712292921904009e-06,-0.9880399703979492,3.699944496154785,-0.0022974065504968166,-4.769756317138672,1.4083561836741865e-06,-2.9192398869781755e-05,2.2251356313063297e-10
1785523704408600200,22919311,-3.4128904342651367,0.0008789062267169356,-1.856850504875183,0.00012627465184777975,-0.15419745445251465,-9.712292921904009e-06,-0.9880399703979492,3.745896339416504,-0.0023243213072419167,-4.839154243469238,1.1334913097016397e-06,-2.6785211957758293e-05,1.8539481061452534e-10
1785523704423306900,22932548,-3.5133984088897705,0.0009082031319849193,-1.9259765148162842,0.00012628152035176754,-0.15419664978981018,-9.756033250596374e-06,-0.9880400896072388,3.776322841644287,-0.0023425500839948654,-4.885006904602051,1.0507802699066815e-06,-2.5077823011088185e-05,1.6359535948140547e-10
1785523704436214200,22952650,-3.5815234184265137,0.0009277343633584678,-1.9729101657867432,0.00012628152035176754,-0.15419664978981018,-9.756033250596374e-06,-0.9880400896072388,3.8216099739074707,-0.002369015710428357,-4.953159332275391,6.758938866369135e-07,-2.28819772019051e-05,1.3633894013764802e-10
1785523704450598700,22965876,-3.68414044380188,0.0009570312104187906,-2.0437207221984863,0.00012628152035176754,-0.15419664978981018,-9.756033250596374e-06,-0.9880400896072388,3.8516793251037598,-0.0023865653201937675,-4.9983344078063965,8.939357485360233e-07,-2.165278965549078e-05,1.2039436114719138e-10
1785523704465087900,22986016,-3.7538671493530273,0.0009765625,-2.0919189453125,0.00012628152035176754,-0.15419664978981018,-9.756033250596374e-06,-0.9880400896072388,3.896519660949707,-0.0024127005599439144,-5.065580368041992,8.431638320871571e-07,-1.996045102714561e-05,1.0018652574217413e-10
1785523704479036100,22999295,-3.8589062690734863,0.0010058593470603228,-2.164623975753784,0.00012628152035176754,-0.15419664978981018,-9.756033250596374e-06,-0.9880400896072388,3.9261980056762695,-0.002429976360872388,-5.110013008117676,7.882576937845442e-07,-1.8881148207583465e-05,8.86473117134301e-11
1785523704493541000,22999295,-3.8589062690734863,0.0010058593470603228,-2.164623975753784,0.00012628152035176754,-0.15419664978981018,-9.756033250596374e-06,-0.9880400896072388,3.9261980056762695,-0.002429976360872388,-5.110013008117676,7.882576937845442e-07,-1.8881148207583465e-05,8.86473117134301e-11
1785523704506435900,23019315,-3.929804563522339,0.0010253905784338713,-2.2137744426727295,0.00012628152035176754,-0.15419664978981018,-9.756033250596374e-06,-0.9880400896072388,3.9703192710876465,-0.002455624984577298,-5.175958156585693,7.644406991857977e-07,-1.7206783013534732e-05,7.37401251171832e-11
1785523704521130700,23032576,-4.036601543426514,0.001054687425494194,-2.287910223007202,0.00012628787953872234,-0.15419559180736542,-9.796406629902776e-06,-0.9880402684211731,3.999605178833008,-0.002473047934472561,-5.219631195068359,5.693287334906927e-07,-1.6474932635901496e-05,-4.39145395603191e-08
1785523704533859400,23052820,-4.109023571014404,0.0010742187732830644,-2.338247060775757,0.00012628787953872234,-0.15419559180736542,-9.796406629902776e-06,-0.9880402684211731,4.043429851531982,-0.0024984588380903006,-5.284912109375,8.85533040673181e-07,-1.4936793377273716e-05,8.783953830970859e-08
1785523704548437900,23065928,-4.218867301940918,0.0011035156203433871,-2.414682626724243,0.00012628787953872234,-0.15419559180736542,-9.796406629902776e-06,-0.9880402684211731,4.072276592254639,-0.002515161409974098,-5.327810287475586,8.782919280747592e-07,-1.3959426723886281e-05,7.77995978751278e-08
1785523704561089400,23065928,-4.218867301940918,0.0011035156203433871,-2.414682626724243,0.00012628787953872234,-0.15419559180736542,-9.796406629902776e-06,-0.9880402684211731,4.072276592254639,-0.002515161409974098,-5.327810287475586,8.782919280747592e-07,-1.3959426723886281e-05,7.77995978751278e-08
1785523704576925800,23086492,-4.291796684265137,0.0011230468517169356,-2.465507745742798,0.00012628787953872234,-0.15419559180736542,-9.796406629902776e-06,-0.9880402684211731,4.115900993347168,-0.0025403867475688457,-5.392580032348633,7.487094535463257e-07,-1.2704048458545003e-05,6.46658264713551e-08
1785523704588721700,23099273,-4.405820369720459,0.0011523436987772584,-2.5450682640075684,0.00012628787953872234,-0.15419559180736542,-9.796406629902776e-06,-0.9880402684211731,4.144231796264648,-0.0025567456614226103,-5.434575080871582,5.585861799772829e-07,-1.200066071760375e-05,5.730504426537664e-08
1785523704601883800,23119300,-4.477968692779541,0.001171874930150807,-2.5954883098602295,0.00012628787953872234,-0.15419559180736542,-9.796406629902776e-06,-0.9880402684211731,4.185988903045654,-0.0025808231439441442,-5.496374130249023,3.617856236814987e-07,-1.1341012395860162e-05,4.789988139464185e-08
1785523704614998300,23132648,-4.590507507324219,0.0012011718936264515,-2.674189329147339,0.00012628787953872234,-0.15419559180736542,-9.796406629902776e-06,-0.9880402684211731,4.214138984680176,-0.0025970307178795338,-5.537971019744873,3.378354449523613e-07,-1.0751071386039257e-05,4.2408487388456706e-08
1785523704628252200,23132648,-4.590507507324219,0.0012011718936264515,-2.674189329147339,0.00012628787953872234,-0.15419559180736542,-9.796406629902776e-06,-0.9880402684211731,4.214138984680176,-0.0025970307178795338,-5.537971019744873,3.378354449523613e-07,-1.0751071386039257e-05,4.2408487388456706e-08
1785523704642788100,23165771,-4.781679630279541,0.0012499999720603228,-2.8080761432647705,0.00012628787953872234,-0.15419559180736542,-9.796406629902776e-06,-0.9880402684211731,4.269658088684082,-0.0026285992935299873,-5.6169538497924805,4.994644768885337e-07,-8.862252798280679e-06,3.328845821215509e-08
1785523704656859900,23165891,-4.781679630279541,0.0012499999720603228,-2.8080761432647705,0.00012628787953872234,-0.15419559180736542,-9.796406629902776e-06,-0.9880402684211731,4.283626556396484,-0.002636438002809882,-5.636007308959961,4.303673222239013e-07,-8.525485100108199e-06,-5.7188856317225145e-08
1785523704670701400,23186167,-4.859882831573486,0.0012695312034338713,-2.8628759384155273,0.0001262944279005751,-0.15419454872608185,-9.83801692200359e-06,-0.9880404472351074,4.325064659118652,-0.0026596798561513424,-5.688516616821289,2.760939707968646e-07,-7.946877303766087e-06,-1.3017060496167687e-07
1785523704684163800,23199284,-4.977070331573486,0.001298828050494194,-2.9449706077575684,0.0001262944279005751,-0.15419454872608185,-9.83801692200359e-06,-0.9880404472351074,4.352358341217041,-0.0026740049943327904,-5.717506408691406,1.3648313768044318e-07,-7.31979480406153e-06,-3.0280979501640104e-08
1785523704697419200,23219681,-5.055507659912109,0.0013183593982830644,-2.999824047088623,0.0001262944279005751,-0.15419454872608185,-9.83801692200359e-06,-0.9880404472351074,4.393359661102295,-0.002693821908906102,-5.746726036071777,2.38368855320914e-07,-6.74011607770808e-06,9.650879206901664e-08
1785523704711067800,23232633,-5.175820350646973,0.0013476562453433871,-3.083627939224243,0.0001262944279005751,-0.15419454872608185,-9.83801692200359e-06,-0.9880404472351074,4.420203685760498,-0.0027060159482061863,-5.759341239929199,3.2645766623318195e-07,-6.660639428446302e-06,1.273259471190613e-07
1785523704724129800,23232633,-5.175820350646973,0.0013476562453433871,-3.083627939224243,0.0001262944279005751,-0.15419454872608185,-9.83801692200359e-06,-0.9880404472351074,4.420203685760498,-0.0027060159482061863,-5.759341239929199,3.2645766623318195e-07,-6.660639428446302e-06,1.273259471190613e-07
1785523704738857100,23252769,-5.253945350646973,0.0013671874767169356,-3.1377928256988525,0.0001262944279005751,-0.15419454872608185,-9.83801692200359e-06,-0.9880404472351074,4.460020065307617,-0.0027235429733991623,-5.773487091064453,4.075347987964051e-07,-5.965306172583951e-06,2.1221808310656343e-08
1785523704752698400,23266012,-5.3740234375,0.0013964843237772584,-3.2205662727355957,0.0001262944279005751,-0.15419454872608185,-9.83801692200359e-06,-0.9880404472351074,4.486541748046875,-0.0027351989410817623,-5.782900810241699,3.0352575208780763e-07,-5.716051418858115e-06,1.8793286926666042e-08
1785523704766723900,23286036,-5.454609394073486,0.001416015555150807,-3.2758054733276367,0.0001262944279005751,-0.15419454872608185,-9.83801692200359e-06,-0.9880404472351074,4.525990962982178,-0.0027527776546776295,-5.799198627471924,1.9518060412337945e-07,-5.146737294126069e-06,1.5664287644767683e-08
1785523704779443600,23299394,-5.575976371765137,0.0014453125186264515,-3.3585691452026367,0.0001262944279005751,-0.15419454872608185,-9.83801692200359e-06,-0.9880404472351074,4.55211877822876,-0.0027646259404718876,-5.8119049072265625,1.4536456660607655e-07,-4.934874141326873e-06,1.3871630955009095e-08
1785523704794677900,23299394,-5.575976371765137,0.0014453125186264515,-3.3585691452026367,0.0001262944279005751,-0.15419454872608185,-9.83801692200359e-06,-0.9880404472351074,4.55211877822876,-0.0027646259404718876,-5.8119049072265625,1.4536456660607655e-07,-4.934874141326873e-06,1.3871630955009095e-08
1785523704807243700,23319448,-5.657656192779541,0.00146484375,-3.41399884223938,0.0001262944279005751,-0.15419454872608185,-9.83801692200359e-06,-0.9880404472351074,4.59107780456543,-0.0027825890574604273,-5.833621025085449,2.929320146449754e-07,-4.53541269962443e-06,-2.7304750460643845e-08
1785523704820514200,23332901,-5.780859470367432,0.0014941405970603228,-3.4972949028015137,0.0001262944279005751,-0.15419454872608185,-9.83801692200359e-06,-0.9880404472351074,4.617033958435059,-0.0027947279158979654,-5.849709987640381,2.865913302230183e-07,-4.107957465748768e-06,-1.0992360444106453e-07
1785523704833622700,23352784,-5.864648342132568,0.0015136718284338713,-3.5537352561950684,0.0001262944279005751,-0.15419454872608185,-9.83801692200359e-06,-0.9880404472351074,4.655204772949219,-0.002812772523611784,-5.875265121459961,-8.131704021252517e-08,-4.101743343198905e-06,-9.166254955061959e-08
1785523704848171200,23365886,-5.987538814544678,0.001542968675494194,-3.6362109184265137,0.0001262944279005751,-0.15419454872608185,-9.83801692200359e-06,-0.9880404472351074,4.680367946624756,-0.002824764233082533,-5.893096923828125,8.750182445282917e-08,-3.66609947377583e-06,3.2434943619819023e-09
1785523704861046800,23365886,-5.987538814544678,0.001542968675494194,-3.6362109184265137,0.0001262944279005751,-0.15419454872608185,-9.83801692200359e-06,-0.9880404472351074,4.680367946624756,-0.002824764233082533,-5.893096923828125,8.750182445282917e-08,-3.66609947377583e-06,3.2434943619819023e-09
1785523704875435500,23385880,-6.070976257324219,0.0015624999068677425,-3.692031145095825,0.0001262944279005751,-0.15419454872608185,-9.83801692200359e-06,-0.9880404472351074,4.717906475067139,-0.002842753194272518,-5.920797348022461,1.847751747163784e-07,-3.23497215504176e-06,8.249308791619114e-08
1785523704888609500,23399238,-6.196093559265137,0.0015917968703433871,-3.775527238845825,0.0001262944279005751,-0.15419454872608185,-9.83801692200359e-06,-0.9880404472351074,4.742889881134033,-0.0028547709807753563,-5.939788818359375,1.3755038708040956e-07,-3.0863941447023535e-06,7.303894022925306e-08
1785523704902986400,23419289,-6.28136682510376,0.0016113281017169356,-3.832265615463257,0.0001262944279005751,-0.15419454872608185,-9.83801692200359e-06,-0.9880404472351074,4.780085563659668,-0.002872704528272152,-5.968660354614258,8.832659403879006e-08,-2.758147957138135e-06,6.084446368959107e-08
1785523704919029900,23432573,-6.408593654632568,0.0016406249487772584,-3.916689395904541,0.0001262944279005751,-0.15419454872608185,-9.83801692200359e-06,-0.9880404472351074,4.804637908935547,-0.0028845565393567085,-5.988007068634033,8.09269984358707e-09,-2.73096975433873e-06,-7.232604559703759e-08
1785523704930817000,23452621,-6.494179725646973,0.001660156180150807,-3.9733593463897705,0.0001262944279005751,-0.15419454872608185,-9.83801692200359e-06,-0.9880404472351074,4.841033458709717,-0.002902130363509059,-6.016987323760986,8.276602869727867e-08,-2.608532895465032e-06,-6.03159122647412e-08
1785523704945215400,23465850,-6.622226238250732,0.0016894531436264515,-4.057924747467041,0.0001262944279005751,-0.15419454872608185,-9.83801692200359e-06,-0.9880404472351074,4.8652238845825195,-0.0029138082172721624,-6.036393642425537,1.3015308297781303e-07,-2.3214154225570383e-06,-5.340525888186676e-08
1785523704959161300,23465850,-6.622226238250732,0.0016894531436264515,-4.057924747467041,0.0001262944279005751,-0.15419454872608185,-9.83801692200359e-06,-0.9880404472351074,4.8652238845825195,-0.0029138082172721624,-6.036393642425537,1.3015308297781303e-07,-2.3214154225570383e-06,-5.340525888186676e-08
1785523704973509000,23486247,-6.709414005279541,0.001708984375,-4.115375995635986,0.0001262944279005751,-0.15419454872608185,-9.83801692200359e-06,-0.9880404472351074,4.901584625244141,-0.0029313478153198957,-6.065715789794922,1.8542787927344762e-07,-1.9978799628006527e-06,-4.440927980908782e-08
1785523704988425900,23499262,-6.841405868530273,0.0017382812220603228,-4.202153205871582,0.0001262944279005751,-0.15419454872608185,-9.83801692200359e-06,-0.9880404472351074,4.925305366516113,-0.002942778170108795,-6.084916114807129,1.3818709021506947e-07,-1.944082896443433e-06,-3.933670100764175e-08
1785523705001571500,23519272,-6.927343368530273,0.0017578124534338713,-4.258501052856445,0.0001262944279005751,-0.15419454872608185,-9.83801692200359e-06,-0.9880404472351074,4.960384368896484,-0.0029596600215882063,-6.113379001617432,8.915926485997261e-08,-1.8661454532775679e-06,-3.2830783425197296e-08
1785523705015976100,23532608,-7.058632850646973,0.001787109300494194,-4.344408988952637,0.0001262944279005751,-0.15419454872608185,-9.83801692200359e-06,-0.9880404472351074,4.983771324157715,-0.002970899222418666,-6.132390975952148,2.0396602451455692e-07,-1.7452806559958844e-06,1.199595089929062e-08
1785523705028930200,23532608,-7.058632850646973,0.001787109300494194,-4.344408988952637,0.0001262944279005751,-0.15419454872608185,-9.83801692200359e-06,-0.9880404472351074,4.983771324157715,-0.002970899222418666,-6.132390975952148,2.0396602451455692e-07,-1.7452806559958844e-06,1.199595089929062e-08
1785523705044638000,23565913,-7.279843807220459,0.0018359374953433871,-4.488706111907959,0.0001262944279005751,-0.15419454872608185,-9.83801692200359e-06,-0.9880404472351074,5.041501522064209,-0.002998580224812031,-6.179397106170654,8.398935769093896e-09,-1.3249386938696261e-06,8.855247202177452e-09
1785523705059239000,23565913,-7.279843807220459,0.0018359374953433871,-4.488706111907959,0.0001262944279005751,-0.15419454872608185,-9.83801692200359e-06,-0.9880404472351074,5.041501522064209,-0.002998580224812031,-6.179397106170654,8.398935769093896e-09,-1.3249386938696261e-06,8.855247202177452e-09
1785523705072630000,23586352,-7.369570255279541,0.0018554687267169356,-4.547055721282959,0.0001262944279005751,-0.15419454872608185,-9.83801692200359e-06,-0.9880404472351074,5.076133728027344,-0.0030151400715112686,-6.207632064819336,1.2464798260225507e-07,-1.3489317325365846e-06,7.3619794704882224e-09
1785523705085529400,23599209,-7.506289005279541,0.0018847655737772584,-4.635795593261719,0.0001262944279005751,-0.15419454872608185,-9.83801692200359e-06,-0.9880404472351074,5.098644256591797,-0.0030258838087320328,-6.2259955406188965,1.4886701649174938e-08,-1.3963862102173152e-06,6.523092732635405e-09
1785523705101502000,23619283,-7.594179630279541,0.001904296805150807,-4.692739009857178,0.0001262944279005751,-0.15419454872608185,-9.83801692200359e-06,-0.9880404472351074,5.131921768188477,-0.003041735850274563,-6.253152847290039,-5.9283017606048816e-08,-1.2726014801955898e-06,8.441304544248851e-08
1785523705112990400,23632506,-7.72960901260376,0.0019335936522111297,-4.780297756195068,0.0001262944279005751,-0.15419454872608185,-9.83801692200359e-06,-0.9880404472351074,5.1541571617126465,-0.0030523082241415977,-6.271306991577148,-4.414808074670873e-08,-1.0738060609583044e-06,7.474997687495488e-08
1785523705127193200,23632506,-7.72960901260376,0.0019335936522111297,-4.780297756195068,0.0001262944279005751,-0.15419454872608185,-9.83801692200359e-06,-0.9880404472351074,5.1541571617126465,-0.0030523082241415977,-6.271306991577148,-4.414808074670873e-08,-1.0738060609583044e-06,7.474997687495488e-08
1785523705139755100,23652482,-7.821015357971191,0.001953125,-4.83926248550415,0.0001262944279005751,-0.15419454872608185,-9.83801692200359e-06,-0.9880404472351074,5.187105178833008,-0.0030679425690323114,-6.298216342926025,5.1076231244451265e-08,-7.70781525716302e-07,6.233211991002463e-08
1785523705154290400,23665855,-7.957265377044678,0.0019824218470603228,-4.927016258239746,0.0001262944279005751,-0.15419454872608185,-9.83801692200359e-06,-0.9880404472351074,5.208991527557373,-0.003078307956457138,-6.316099166870117,3.8019500436803355e-08,-8.725074849280645e-07,5.518697321349464e-08
1785523705166945200,23686143,-8.050155639648438,0.0020019530784338713,-4.98672342300415,0.0001262944279005751,-0.15419454872608185,-9.83801692200359e-06,-0.9880404472351074,5.2417192459106445,-0.0030937744304537773,-6.34284782409668,8.448756005918767e-08,-7.578328791169042e-07,-3.959215177928854e-08
1785523705180990300,23699196,-8.189453125,0.002031249925494194,-5.076117992401123,0.0001262944279005751,-0.15419454872608185,-9.83801692200359e-06,-0.9880404472351074,5.263157844543457,-0.0031038145534694195,-6.359764099121094,-1.6419541282175487e-08,-7.136163162613229e-07,-7.655770417613894e-08
1785523705196871600,23699196,-8.189453125,0.002031249925494194,-5.076117992401123,0.0001262944279005751,-0.15419454872608185,-9.83801692200359e-06,-0.9880404472351074,5.263157844543457,-0.0031038145534694195,-6.359764099121094,-1.6419541282175487e-08,-7.136163162613229e-07,-7.655770417613894e-08
1785523705209730900,23719167,-8.28140640258789,0.0020507811568677425,-5.135024070739746,0.0001262944279005751,-0.15419454872608185,-9.83801692200359e-06,-0.9880404472351074,5.29486608505249,-0.003117911983281374,-6.37863826751709,-1.0587613452628375e-08,-9.236457572114887e-07,-6.388080464603263e-08
1785523705222463900,23732587,-8.42031192779541,0.0020800780039280653,-5.223735332489014,0.0001262944279005751,-0.15419454872608185,-9.83801692200359e-06,-0.9880404472351074,5.315993309020996,-0.003126571886241436,-6.3851423263549805,-7.882086983101999e-09,-6.876192060190078e-07,-5.656098878148441e-08
1785523705236178900,23752533,-8.5146484375,0.002099609235301614,-5.283715724945068,0.0001262944279005751,-0.15419454872608185,-9.83801692200359e-06,-0.9880404472351074,5.347299575805664,-0.003137382445856929,-6.377778053283691,-5.071138176049317e-09,-5.905201874156774e-07,-4.715350243600369e-08
1785523705250091200,23765986,-8.654335975646973,0.0021289063151925802,-5.371957778930664,0.0001262944279005751,-0.15419454872608185,-9.83801692200359e-06,-0.9880404472351074,5.368155479431152,-0.0031434758566319942,-6.36358642578125,-3.7694349863670595e-09,-5.955735105089843e-07,-4.172506251620689e-08
1785523705264337500,23785834,-8.750273704528809,0.0021484375465661287,-5.432055473327637,0.0001262944279005751,-0.15419454872608185,-9.83801692200359e-06,-0.9880404472351074,5.398930072784424,-0.003151539247483015,-6.335005760192871,-2.424285661106751e-09,-6.257694167288719e-07,-3.478042742699472e-08
1785523705278003100,23799217,-8.890077590942383,0.0021777343936264515,-5.518794059753418,0.0001262944279005751,-0.15419454872608185,-9.83801692200359e-06,-0.9880404472351074,5.419265270233154,-0.0031562093645334244,-6.310687065124512,-1.8062831230736265e-09,-6.152134233161632e-07,-3.0805338724348985e-08
1785523705291843200,23799217,-8.890077590942383,0.0021777343936264515,-5.518794059753418,0.0001262944279005751,-0.15419454872608185,-9.83801692200359e-06,-0.9880404472351074,5.419265270233154,-0.0031562093645334244,-6.310687065124512,-1.8062831230736265e-09,-6.152134233161632e-07,-3.0805338724348985e-08
1785523705306298700,23819254,-8.985429763793945,0.002197265625,-5.577358245849609,0.0001262944279005751,-0.15419454872608185,-9.83801692200359e-06,-0.9880404472351074,5.44954252243042,-0.003162370529025793,-6.267998695373535,-1.160759488527674e-09,-8.763980190451548e-07,-2.5670557235457636e-08
1785523705320495600,23832524,-9.126874923706055,0.0022265624720603228,-5.663188457489014,0.0001262944279005751,-0.15419454872608185,-9.83801692200359e-06,-0.9880404472351074,5.469544887542725,-0.0031663053669035435,-6.238831043243408,-8.644600590912432e-10,-6.183057621456101e-07,-2.273226584748045e-08
1785523705335104800,23852390,-9.222147941589355,0.0022460937034338713,-5.720356464385986,0.0001262944279005751,-0.15419454872608185,-9.83801692200359e-06,-0.9880404472351074,5.499124050140381,-0.0031724320724606514,-6.1986188888549805,-5.569482652845181e-10,-3.9835390452935826e-07,-1.8961666015115952e-08
1785523705347480200,23865807,-9.36328125,0.002275390550494194,-5.804116249084473,0.0001262944279005751,-0.15419454872608185,-9.83801692200359e-06,-0.9880404472351074,5.518799304962158,-0.0031768130138516426,-6.174683094024658,2.7278893810489535e-08,-3.2419981721432123e-07,-1.6787788936767356e-08
1785523705363101900,23865807,-9.36328125,0.002275390550494194,-5.804116249084473,0.0001262944279005751,-0.15419454872608185,-9.83801692200359e-06,-0.9880404472351074,5.518799304962158,-0.0031768130138516426,-6.174683094024658,2.7278893810489535e-08,-3.2419981721432123e-07,-1.6787788936767356e-08
1785523705374951500,23886048,-9.45980453491211,0.0022949217818677425,-5.860785961151123,0.0001262944279005751,-0.15419454872608185,-9.83801692200359e-06,-0.9880404472351074,5.548163414001465,-0.0031838228460401297,-6.143271446228027,1.7482216563280417e-08,-3.7859527424188855e-07,-1.3973995294236374e-08
1785523705389155200,23899299,-9.603281021118164,0.0023242186289280653,-5.944203853607178,0.0001262944279005751,-0.15419454872608185,-9.83801692200359e-06,-0.9880404472351074,5.567454814910889,-0.003188700880855322,-6.125166893005371,1.3017629640899031e-08,-5.457446832224377e-07,-1.2373796209885768e-08
1785523705403286800,23919547,-9.6987886428833,0.002343749860301614,-5.999243259429932,0.0001262944279005751,-0.15419454872608185,-9.83801692200359e-06,-0.9880404472351074,5.596221446990967,-0.003196299308910966,-6.1012420654296875,3.753078914314756e-08,-5.575732302531833e-07,3.1186353055545624e-08
1785523705418513300,23932634,-9.843515396118164,0.0023730467073619366,-6.081918716430664,0.0001262944279005751,-0.15419454872608185,-9.83801692200359e-06,-0.9880404472351074,5.615105628967285,-0.0032014534808695316,-6.087151527404785,2.796951470429576e-08,-4.155267845362687e-07,2.7624267318060447e-08
1785523705432561800,23952724,-9.938593864440918,0.0023925781715661287,-6.135786056518555,0.0001262944279005751,-0.15419454872608185,-9.83801692200359e-06,-0.9880404472351074,5.64310359954834,-0.0032092700712382793,-6.068055152893066,1.8014322478165923e-08,-1.8410958091408247e-07,2.3039456564788452e-08
1785523705444689400,23965975,-10.082890510559082,0.0024218750186264515,-6.216908931732178,0.0001262944279005751,-0.15419454872608185,-9.83801692200359e-06,-0.9880404472351074,5.661677837371826,-0.0032145390287041664,-6.056301116943359,1.3415887067935728e-08,-1.3711269275518134e-07,2.0402408651420956e-08
1785523705459160500,23965975,-10.082890510559082,0.0024218750186264515,-6.216908931732178,0.0001262944279005751,-0.15419454872608185,-9.83801692200359e-06,-0.9880404472351074,5.661677837371826,-0.0032145390287041664,-6.056301116943359,1.3415887067935728e-08,-1.3711269275518134e-07,2.0402408651420956e-08
1785523705474911900,23986217,-10.179609298706055,0.00244140625,-6.270854473114014,0.0001262944279005751,-0.15419454872608185,-9.83801692200359e-06,-0.9880404472351074,5.689394950866699,-0.0032224832102656364,-6.039755344390869,2.2307196445581212e-07,-3.024101999926643e-07,-1.0737980460362451e-07
1785523705488294800,23999301,-10.325663566589355,0.0024707030970603228,-6.35171365737915,0.0001262944279005751,-0.15419454872608185,-9.83801692200359e-06,-0.9880404472351074,5.707584857940674,-0.00322773028165102,-6.029382705688477,1.3143463206688466e-07,-1.9055744360230165e-07,-9.511265375294897e-08
1785523705500516800,24019362,-10.421796798706055,0.0024902343284338713,-6.404555320739746,0.0001262944279005751,-0.15419454872608185,-9.83801692200359e-06,-0.9880404472351074,5.7345452308654785,-0.0032355315051972866,-6.014516830444336,9.613880802561425e-10,-2.0641878961669136e-07,2.870971238522202e-10
1785523705516619000,24032588,-10.567461013793945,0.002519531175494194,-6.484067440032959,0.0001262944279005751,-0.15419454872608185,-9.83801692200359e-06,-0.9880404472351074,5.752418518066406,-0.003240708727389574,-6.004910469055176,7.160955162177629e-10,-1.5375223938463023e-07,2.542527299809194e-10
1785523705528826100,24032588,-10.567461013793945,0.002519531175494194,-6.484067440032959,0.0001262944279005751,-0.15419454872608185,-9.83801692200359e-06,-0.9880404472351074,5.752418518066406,-0.003240708727389574,-6.004910469055176,7.160955162177629e-10,-1.5375223938463023e-07,2.542527299809194e-10
1785523705541944200,24052570,-10.665078163146973,0.0025390624068677425,-6.536967754364014,0.0001262944279005751,-0.15419454872608185,-9.83801692200359e-06,-0.9880404472351074,5.778919696807861,-0.0032483795657753944,-5.990926742553711,4.607882408969033e-10,-9.893541630390246e-08,2.1197643640391561e-10
1785523705555060000,24066210,-10.8110933303833,0.0025683592539280653,-6.615561485290527,0.0001262944279005751,-0.15419454872608185,-9.83801692200359e-06,-0.9880404472351074,5.796512126922607,-0.0032534627243876457,-5.9817705154418945,3.428621830892098e-10,-7.361562381902331e-08,1.8764867437681687e-10
1785523705571129800,24086135,-10.910038948059082,0.002587890485301614,-6.668461799621582,0.0001262944279005751,-0.15419454872608185,-9.83801692200359e-06,-0.9880404472351074,5.822730541229248,-0.003261017380282283,-5.968256950378418,2.1971437169643337e-10,-4.717465884596095e-08,1.5619265603117327e-10
1785523705582465200,24099239,-11.05800724029541,0.0026171873323619366,-6.747026443481445,0.0001262944279005751,-0.15419454872608185,-9.83801692200359e-06,-0.9880404472351074,5.839879512786865,-0.003265941981226206,-5.9594831466674805,1.637985996838509e-10,-3.5169037460036634e-08,1.383717723735245e-10
1785523705596809800,24119318,-11.155390739440918,0.0026367187965661287,-6.798393249511719,0.0001262944279005751,-0.15419454872608185,-9.83801692200359e-06,-0.9880404472351074,5.865322113037109,-0.003273220267146826,-5.946532249450684,-3.98741200058339e-08,-6.263103102810419e-08,1.1544809552788138e-10
1785523705610774800,24132732,-11.303163528442383,0.0026660156436264515,-6.875844478607178,0.0001262944279005751,-0.15419454872608185,-9.83801692200359e-06,-0.9880404472351074,5.882295608520508,-0.0032780554611235857,-5.937926292419434,-7.020424419579285e-08,-8.712019194945242e-08,4.450732404848168e-08
1785523705625049500,24132732,-11.303163528442383,0.0026660156436264515,-6.875844478607178,0.0001262944279005751,-0.15419454872608185,-9.83801692200359e-06,-0.9880404472351074,5.882295608520508,-0.0032780554611235857,-5.937926292419434,-7.020424419579285e-08,-8.712019194945242e-08,4.450732404848168e-08
1785523705641071100,24152697,-11.403359413146973,0.002685546875,-6.928002834320068,0.0001262944279005751,-0.15419454872608185,-9.83801692200359e-06,-0.9880404472351074,5.907336235046387,-0.0032851556316018105,-5.925267219543457,-5.4210556044154146e-09,-9.573142989438566e-08,3.709500262516485e-08
1785523705654703500,24165886,-11.550898551940918,0.0027148437220603228,-7.004281997680664,0.0001262944279005751,-0.15419454872608185,-9.83801692200359e-06,-0.9880404472351074,5.923808574676514,-0.0032898043282330036,-5.916959285736084,1.845126007538056e-07,-2.599498714062065e-07,-8.048711919173002e-09
1785523705667326000,24186021,-11.650156021118164,0.0027343749534338713,-7.055278301239014,0.0001262944279005751,-0.15419454872608185,-9.83801692200359e-06,-0.9880404472351074,5.948360919952393,-0.003296698909252882,-5.904596328735352,1.1863551918622761e-07,-1.6713916295429954e-07,-6.70828192994577e-09
1785523705680720100,24199340,-11.799335479736328,0.002763671800494194,-7.131459712982178,0.0001262944279005751,-0.15419454872608185,-9.83801692200359e-06,-0.9880404472351074,5.9646315574646,-0.0033012451604008675,-5.896415710449219,8.826808084450022e-08,-1.2435619112238783e-07,-5.006438641430577e-08
1785523705694907500,24199340,-11.799335479736328,0.002763671800494194,-7.131459712982178,0.0001262944279005751,-0.15419454872608185,-9.83801692200359e-06,-0.9880404472351074,5.9646315574646,-0.0033012451604008675,-5.896415710449219,8.826808084450022e-08,-1.2435619112238783e-07,-5.006438641430577e-08
1785523705709101900,24219437,-11.899765014648438,0.0027832030318677425,-7.182426452636719,0.0001262944279005751,-0.15419454872608185,-9.83801692200359e-06,-0.9880404472351074,5.988790035247803,-0.003307768376544118,-5.882648468017578,-3.794506042709145e-08,1.4782819413028392e-08,-8.076900570586076e-08
1785523705725324800,24232691,-12.049882888793945,0.0028124998789280653,-7.258070945739746,0.0001262944279005751,-0.15419454872608185,-9.83801692200359e-06,-0.9880404472351074,6.004745006561279,-0.0033117106650024652,-5.870646953582764,1.2038633201427729e-08,-2.9270136536752034e-08,-7.149459690936055e-08
1785523705737139200,24252548,-12.15062427520752,0.002832031110301614,-7.3084716796875,0.0001262944279005751,-0.15419454872608185,-9.83801692200359e-06,-0.9880404472351074,6.02816104888916,-0.003316179383546114,-5.8420867919921875,1.0609435463493355e-07,-1.1721338211145849e-07,2.0075006545994256e-08
1785523705751610900,24265918,-12.298749923706055,0.0028613279573619366,-7.381869792938232,0.0001262944279005751,-0.15419454872608185,-9.83801692200359e-06,-0.9880404472351074,6.0436930656433105,-0.0033183577470481396,-5.816641330718994,7.910273325251183e-08,-8.739297641113808e-08,1.7785337647069355e-08
1785523705765857500,24285874,-12.400038719177246,0.0028808594215661287,-7.431508541107178,0.0001262944279005751,-0.15419454872608185,-9.83801692200359e-06,-0.9880404472351074,6.0668158531188965,-0.00332055427134037,-5.770135879516602,-4.917255580494384e-08,4.384144247637778e-08,-6.53494396374299e-08
1785523705778519700,24299185,-12.549921989440918,0.0029101562686264515,-7.504037857055664,0.0001262944279005751,-0.15419454872608185,-9.83801692200359e-06,-0.9880404472351074,6.0821099281311035,-0.0033210408873856068,-5.7313337326049805,-1.395169562101728e-07,3.264065995267629e-08,-5.7862909130790285e-08
1785523705792068000,24299185,-12.549921989440918,0.0029101562686264515,-7.504037857055664,0.0001262944279005751,-0.15419454872608185,-9.83801692200359e-06,-0.9880404472351074,6.0821099281311035,-0.0033210408873856068,-5.7313337326049805,-1.395169562101728e-07,3.264065995267629e-08,-5.7862909130790285e-08
1785523705806482800,24319253,-12.651249885559082,0.0029296875,-7.552338600158691,0.0001262944279005751,-0.15419454872608185,-9.83801692200359e-06,-0.9880404472351074,6.104803562164307,-0.0033202439080923796,-5.661102294921875,-8.965906062030626e-08,2.09761612524062e-08,-4.821703925017573e-08
1785523705821286600,24332607,-12.801484107971191,0.0029589843470603228,-7.622729301452637,0.0001262944279005751,-0.15419454872608185,-9.83801692200359e-06,-0.9880404472351074,6.119807243347168,-0.0033191395923495293,-5.609949111938477,8.27105708367526e-08,-1.3382876318246417e-07,1.4692673744320928e-09
1785523705835468400,24352823,-12.902772903442383,0.0029785155784338713,-7.669291973114014,0.0001262944279005751,-0.15419454872608185,-9.83801692200359e-06,-0.9880404472351074,6.1421122550964355,-0.003317294642329216,-5.532499313354492,4.758456739750727e-08,-8.03895048306913e-08,1.2236869295634278e-09
1785523705848316800,24365906,-13.053671836853027,0.003007812425494194,-7.737318992614746,0.0001262944279005751,-0.15419454872608185,-9.83801692200359e-06,-0.9880404472351074,6.1567535400390625,-0.003316276241093874,-5.483514785766602,-4.421894672645976e-08,1.9772361525838278e-08,4.469557524089396e-08
1785523705862750900,24365906,-13.053671836853027,0.003007812425494194,-7.737318992614746,0.0001262944279005751,-0.15419454872608185,-9.83801692200359e-06,-0.9880404472351074,6.1567535400390625,-0.003316276241093874,-5.483514785766602,-4.421894672645976e-08,1.9772361525838278e-08,4.469557524089396e-08
1785523705876394600,24386281,-13.153671264648438,0.0030273436568677425,-7.781577110290527,0.0001262944279005751,-0.15419454872608185,-9.83801692200359e-06,-0.9880404472351074,6.178641319274902,-0.0033152333926409483,-5.414726257324219,-4.9680640046290137e-08,1.2678874838911725e-08,3.721277508361709e-08
1785523705889993600,24399337,-13.30589771270752,0.0030566405039280653,-7.847719669342041,0.0001262944279005751,-0.15419454872608185,-9.83801692200359e-06,-0.9880404472351074,6.192986488342285,-0.003314870409667492,-5.372598648071289,-7.197556328719656e-08,9.448381632637393e-09,-5.193802365965894e-08
1785523705903927400,24419431,-13.405038833618164,0.003076171735301614,-7.890082836151123,0.0001262944279005751,-0.15419454872608185,-9.83801692200359e-06,-0.9880404472351074,6.214290618896484,-0.0033147428184747696,-5.313882827758789,-5.689017612553471e-08,-4.516183427227816e-09,-4.068972714321717e-08
1785523705916351400,24432715,-13.556445121765137,0.0031054685823619366,-7.953715801239014,0.0001262944279005751,-0.15419454872608185,-9.83801692200359e-06,-0.9880404472351074,6.228352069854736,-0.0033148806542158127,-5.277240753173828,-7.711640392926711e-08,-3.809483217764864e-08,7.48457651411627e-09
1785523705930023400,24452757,-13.656328201293945,0.003124999813735485,-7.995034217834473,0.0001262944279005751,-0.15419454872608185,-9.83801692200359e-06,-0.9880404472351074,6.249239921569824,-0.0033153293188661337,-5.225226402282715,-1.9991487576476175e-08,5.096192357001428e-09,6.237899530248114e-09
1785523705946030100,24465903,-13.8076171875,0.0031542968936264515,-8.056654930114746,0.0001262944279005751,-0.15419454872608185,-9.83801692200359e-06,-0.9880404472351074,6.263009548187256,-0.0033157423604279757,-5.192161560058594,-1.4895586986085618e-08,3.7971550348459004e-09,5.524979584947687e-09
1785523705959948200,24465903,-13.8076171875,0.0031542968936264515,-8.056654930114746,0.0001262944279005751,-0.15419454872608185,-9.83801692200359e-06,-0.9880404472351074,6.263009548187256,-0.0033157423604279757,-5.192161560058594,-1.4895586986085618e-08,3.7971550348459004e-09,5.524979584947687e-09
1785523705973317300,24486183,-13.907733917236328,0.003173828125,-8.096831321716309,0.0001262944279005751,-0.15419454872608185,-9.83801692200359e-06,-0.9880404472351074,6.283542633056641,-0.003316473448649049,-5.144176959991455,-9.559997238284268e-09,2.4370170326193374e-09,4.601577785479094e-09
1785523705985876600,24499327,-14.059882164001465,0.0032031249720603228,-8.156967163085938,0.0001262944279005751,-0.15419454872608185,-9.83801692200359e-06,-0.9880404472351074,6.29703426361084,-0.0033170010428875685,-5.113275527954102,-7.121983891522632e-09,1.8155236203298841e-09,4.0754160046674315e-09
1785523705999589900,24519612,-14.1597261428833,0.0032226562034338713,-8.195863723754883,0.0001262944279005751,-0.15419454872608185,-9.83801692200359e-06,-0.9880404472351074,6.317152500152588,-0.0033178229350596666,-5.0678300857543945,-4.569437273005406e-09,1.164833229871931e-09,3.39385830550043e-09
1785523706015750100,24532675,-14.3125,0.003251953050494194,-8.254496574401855,0.0001262944279005751,-0.15419454872608185,-9.83801692200359e-06,-0.9880404472351074,6.330338478088379,-0.0033183684572577477,-5.038330078125,-3.4062437315185434e-09,8.683140317877758e-10,3.006531024141168e-09
1785523706028460100,24532675,-14.3125,0.003251953050494194,-8.254496574401855,0.0001262944279005751,-0.15419454872608185,-9.83801692200359e-06,-0.9880404472351074,6.330338478088379,-0.0033183684572577477,-5.038330078125,-3.4062437315185434e-09,8.683140317877758e-10,3.006531024141168e-09
1785523706042572500,24552822,-14.411796569824219,0.0032714842818677425,-8.292065620422363,0.0001262944279005751,-0.15419454872608185,-9.83801692200359e-06,-0.9880404472351074,6.34989595413208,-0.003319167997688055,-4.994823932647705,-2.19294005177062e-09,5.590210516714933e-10,2.5071211773308733e-09
1785523706058031300,24566016,-14.563632011413574,0.0033007811289280653,-8.34866714477539,0.0001262944279005751,-0.15419454872608185,-9.83801692200359e-06,-0.9880404472351074,6.362844467163086,-0.0033196827862411737,-4.966119766235352,-1.6331616059517273e-09,4.1632328140472907e-10,2.2201629423790337e-09
1785523706071632900,24586114,-14.664413452148438,0.003320312360301614,-8.385698318481445,0.0001262944279005751,-0.15419454872608185,-9.83801692200359e-06,-0.9880404472351074,6.3820719718933105,-0.003320414572954178,-4.923561096191406,-1.0494081159606594e-09,2.675136501206765e-10,1.8499682896688796e-09
1785523706086642500,24599426,-14.816328048706055,0.0033496092073619366,-8.44070816040039,0.0001262944279005751,-0.15419454872608185,-9.83801692200359e-06,-0.9880404472351074,6.394745826721191,-0.0033208713866770267,-4.895514011383057,-7.816096658785909e-10,1.9924698002604657e-10,1.6382905032585882e-09
1785523706100076300,24619693,-14.917186737060547,0.003369140438735485,-8.476714134216309,0.0001262944279005751,-0.15419454872608185,-9.83801692200359e-06,-0.9880404472351074,6.4136643409729,-0.0033215079456567764,-4.853603363037109,-5.009810899458955e-10,1.2770962065644653e-10,1.3637757589890498e-09
1785523706113032000,24632692,-15.070467948913574,0.0033984375186264515,-8.530630111694336,0.0001262944279005751,-0.15419454872608185,-9.83801692200359e-06,-0.9880404472351074,6.426020622253418,-0.0033218921162188053,-4.8261871337890625,-3.735847742269982e-10,9.523393185162377e-11,1.208304234445734e-09
1785523706126143200,24632692,-15.070467948913574,0.0033984375186264515,-8.530630111694336,0.0001262944279005751,-0.15419454872608185,-9.83801692200359e-06,-0.9880404472351074,6.426020622253418,-0.0033218921162188053,-4.8261871337890625,-3.735847742269982e-10,9.523393185162377e-11,1.208304234445734e-09
1785523706142193900,24652962,-15.169921875,0.00341796875,-8.565093040466309,0.0001262944279005751,-0.15419454872608185,-9.83801692200359e-06,-0.9880404472351074,6.444447040557861,-0.003322415519505739,-4.785219192504883,-2.400282195225145e-10,6.118784645625652e-11,1.0067923161827252e-09
1785523706154913800,24665955,-15.323397636413574,0.0034472655970603228,-8.617505073547363,0.0001262944279005751,-0.15419454872608185,-9.83801692200359e-06,-0.9880404472351074,6.456547260284424,-0.0033227247186005116,-4.758249282836914,-1.789669801244287e-10,4.5622231686914816e-11,8.919712191080009e-10
1785523706170144500,24686381,-15.423007011413574,0.0034667968284338713,-8.651020050048828,0.0001262944279005751,-0.15419454872608185,-9.83801692200359e-06,-0.9880404472351074,6.474646091461182,-0.0033231331035494804,-4.717795372009277,-1.1478692996114148e-10,2.9261499473465236e-11,7.427068404730619e-10
1785523706182533000,24699381,-15.577421188354492,0.003496093675494194,-8.702201843261719,0.0001262944279005751,-0.15419454872608185,-9.83801692200359e-06,-0.9880404472351074,6.486494064331055,-0.003323364770039916,-4.69123649597168,-8.557352049187728e-11,2.1814446082846217e-11,6.579661260275316e-10
1785523706197514000,24699381,-15.577421188354492,0.003496093675494194,-8.702201843261719,0.0001262944279005751,-0.15419454872608185,-9.83801692200359e-06,-0.9880404472351074,6.486494064331055,-0.003323364770039916,-4.69123649597168,-8.557352049187728e-11,2.1814446082846217e-11,6.579661260275316e-10
1785523706210149000,24732699,-15.830195426940918,0.0035449217539280653,-8.783988952636719,0.0001262944279005751,-0.15419454872608185,-9.83801692200359e-06,-0.9880404472351074,6.51570463180542,-0.0033238076139241457,-4.625464916229248,-4.1023878738499775e-11,1.045787588471736e-11,4.858499158544305e-10
1785523706224748200,24732699,-15.830195426940918,0.0035449217539280653,-8.783988952636719,0.0001262944279005751,-0.15419454872608185,-9.83801692200359e-06,-0.9880404472351074,6.51570463180542,-0.0033238076139241457,-4.625464916229248,-4.1023878738499775e-11,1.045787588471736e-11,4.858499158544305e-10
1785523706237060700,24752717,-15.93050765991211,0.003564452985301614,-8.815775871276855,0.0001262944279005751,-0.15419454872608185,-9.83801692200359e-06,-0.9880404472351074,6.532923221588135,-0.003323980374261737,-4.586487770080566,-2.639546914373625e-11,6.728811518391664e-12,4.0505168663607094e-10
1785523706250274800,24765959,-16.08332061767578,0.0035937498323619366,-8.863471031188965,0.0001262944279005751,-0.15419454872608185,-9.83801692200359e-06,-0.9880404472351074,6.544283866882324,-0.0033240574412047863,-4.560684680938721,-1.966987683843513e-11,5.0143222907195195e-12,3.587791730375045e-10
1785523706264783000,24786187,-16.184335708618164,0.003613281063735485,-8.894515991210938,0.0001262944279005751,-0.15419454872608185,-9.83801692200359e-06,-0.9880404472351074,6.561213970184326,-0.003324114717543125,-4.522096633911133,-1.2627218715088873e-11,3.2189975511520696e-12,2.988451708318962e-10
1785523706278032500,24799364,-16.337968826293945,0.0036425781436264515,-8.941000938415527,0.0001262944279005751,-0.15419454872608185,-9.83801692200359e-06,-0.9880404472351074,6.572333335876465,-0.003324114251881838,-4.496657371520996,-9.408189505233366e-12,2.3983989707460074e-12,2.646879659895518e-10
1785523706293673900,24799364,-16.337968826293945,0.0036425781436264515,-8.941000938415527,0.0001262944279005751,-0.15419454872608185,-9.83801692200359e-06,-0.9880404472351074,6.572333335876465,-0.003324114251881838,-4.496657371520996,-9.408189505233366e-12,2.3983989707460074e-12,2.646879659895518e-10
1785523706306185300,24819584,-16.438749313354492,0.003662109375,-8.971030235290527,0.0001262944279005751,-0.15419454872608185,-9.83801692200359e-06,-0.9880404472351074,6.588900566101074,-0.003324056975543499,-4.4586181640625,-6.038662625496016e-12,1.5394349206845903e-12,2.2045823500072004e-10
1785523706321091500,24832626,-16.592851638793945,0.0036914062220603228,-9.016225814819336,0.0001262944279005751,-0.15419454872608185,-9.83801692200359e-06,-0.9880404472351074,6.599764347076416,-0.003323981072753668,-4.433583736419678,-4.501274353252427e-12,1.1475176277947474e-12,1.9529557138131537e-10
1785523706334172200,24852721,-16.693241119384766,0.0037109374534338713,-9.04520034790039,0.0001262944279005751,-0.15419454872608185,-9.83801692200359e-06,-0.9880404472351074,6.615869045257568,-0.003323811339214444,-4.396329879760742,-2.897935363899151e-12,7.387864734038907e-13,1.6285656156966866e-10
1785523706347038300,24866097,-16.846405029296875,0.003740234300494194,-9.088725090026855,0.0001262944279005751,-0.15419454872608185,-9.83801692200359e-06,-0.9880404472351074,6.626532554626465,-0.003323660697788,-4.37156867980957,-2.1577982456388867e-12,5.501069977147111e-13,1.442067298906835e-10
1785523706361924000,24866097,-16.846405029296875,0.003740234300494194,-9.088725090026855,0.0001262944279005751,-0.15419454872608185,-9.83801692200359e-06,-0.9880404472351074,6.626532554626465,-0.003323660697788,-4.37156867980957,-2.1577982456388867e-12,5.501069977147111e-13,1.442067298906835e-10
1785523706376292700,24886147,-16.948280334472656,0.0037597655318677425,-9.11721134185791,0.0001262944279005751,-0.15419454872608185,-9.83801692200359e-06,-0.9880404472351074,6.642394542694092,-0.0033233780413866043,-4.334590435028076,-1.384611175714312e-12,3.529987174961946e-13,1.2009705729898457e-10
1785523706388253000,24899267,-17.102069854736328,0.0037890623789280653,-9.1595458984375,0.0001262944279005751,-0.15419454872608185,-9.83801692200359e-06,-0.9880404472351074,6.652778625488281,-0.003323154291138053,-4.310290336608887,-1.0324345545154046e-12,2.632195405648935e-13,1.0640357345215179e-10
1785523706404214500,24919498,-17.20277214050293,0.003808593610301614,-9.186811447143555,0.0001262944279005751,-0.15419454872608185,-9.83801692200359e-06,-0.9880404472351074,6.66825532913208,-0.003322763368487358,-4.273927688598633,-6.632749904866841e-13,1.6910839319584509e-13,8.865615880315758e-11
1785523706417367600,24932661,-17.35706901550293,0.0038378904573619366,-9.227914810180664,0.0001262944279005751,-0.15419454872608185,-9.83801692200359e-06,-0.9880404472351074,6.678436279296875,-0.003322466742247343,-4.249907493591309,-4.941620029841332e-13,1.25995093806959e-13,7.852211242331819e-11
1785523706430809600,24932661,-17.35706901550293,0.0038378904573619366,-9.227914810180664,0.0001262944279005751,-0.15419454872608185,-9.83801692200359e-06,-0.9880404472351074,6.678436279296875,-0.003322466742247343,-4.249907493591309,-4.941620029841332e-13,1.25995093806959e-13,7.852211242331819e-11
1785523706443322700,24966016,-17.61210823059082,0.0038867187686264515,-9.294076919555664,0.0001262944279005751,-0.15419454872608185,-9.83801692200359e-06,-0.9880404472351074,6.703514099121094,-0.0033216008450835943,-4.190413475036621,-2.3664750714580407e-13,6.034392142873976e-14,5.795936994235085e-11
1785523706457170500,24966016,-17.61210823059082,0.0038867187686264515,-9.294076919555664,0.0001262944279005751,-0.15419454872608185,-9.83801692200359e-06,-0.9880404472351074,6.703514099121094,-0.0033216008450835943,-4.190413475036621,-2.3664750714580407e-13,6.034392142873976e-14,5.795936994235085e-11
1785523706473089600,24986304,-17.71351432800293,0.00390625,-9.319780349731445,0.0001262944279005751,-0.15419454872608185,-9.83801692200359e-06,-0.9880404472351074,6.718367576599121,-0.0033209933899343014,-4.154935836791992,-1.5177095691321085e-13,3.870352389273579e-14,4.826006955171991e-11
1785523706486868100,24999332,-17.868436813354492,0.003935546614229679,-9.358393669128418,0.0001262944279005751,-0.15419454872608185,-9.83801692200359e-06,-0.9880404472351074,6.728089809417725,-0.0033205561339855194,-4.131616592407227,-1.1312478731539954e-13,2.8850233562815325e-14,4.275176046508733e-11
1785523706500424200,25019790,-17.96906280517578,0.003955077845603228,-9.383051872253418,0.0001262944279005751,-0.15419454872608185,-9.83801692200359e-06,-0.9880404472351074,6.742660045623779,-0.003319841343909502,-4.096521377563477,-7.243771554810152e-14,1.8476224646372594e-14,3.5576340484677615e-11
1785523706515149200,25032677,-18.125469207763672,0.003984374925494194,-9.420717239379883,0.0001262944279005751,-0.15419454872608185,-9.83801692200359e-06,-0.9880404472351074,6.752148151397705,-0.0033193365670740604,-4.073569297790527,-5.4022758488869727e-14,1.378087029798962e-14,3.1523370719321875e-11
1785523706528218500,25032677,-18.125469207763672,0.003984374925494194,-9.420717239379883,0.0001262944279005751,-0.15419454872608185,-9.83801692200359e-06,-0.9880404472351074,6.752148151397705,-0.0033193365670740604,-4.073569297790527,-5.4022758488869727e-14,1.378087029798962e-14,3.1523370719321875e-11
1785523706541446100,25052764,-18.224843978881836,0.0040039061568677425,-9.444252967834473,0.0001262944279005751,-0.15419454872608185,-9.83801692200359e-06,-0.9880404472351074,6.7661871910095215,-0.0033185307402163744,-4.039460182189941,-3.4833247397614286e-14,8.887510986757639e-15,2.630503800893358e-11
1785523706556252700,25066016,-18.378944396972656,0.004033203236758709,-9.4801025390625,0.0001262944279005751,-0.15419454872608185,-9.83801692200359e-06,-0.9880404472351074,6.775491714477539,-0.0033179568126797676,-4.016751289367676,-2.595102951974404e-14,6.622716833487932e-15,2.329956019786472e-11
1785523706569548300,25086245,-18.4805850982666,0.0040527344681322575,-9.503344535827637,0.0001262944279005751,-0.15419454872608185,-9.83801692200359e-06,-0.9880404472351074,6.789343357086182,-0.00331704318523407,-3.9827957153320312,-1.6659416901543267e-14,4.2526462257534096e-15,1.9409321372343413e-11
1785523706582482000,25099350,-18.635194778442383,0.004082031082361937,-9.538070678710938,0.0001262944279005751,-0.15419454872608185,-9.83801692200359e-06,-0.9880404472351074,6.798439979553223,-0.003316403366625309,-3.960397958755493,-1.2410645428007072e-14,3.1690661989676634e-15,1.719194925309253e-11
1785523706595596400,25099350,-18.635194778442383,0.004082031082361937,-9.538070678710938,0.0001262944279005751,-0.15419454872608185,-9.83801692200359e-06,-0.9880404472351074,6.798439979553223,-0.003316403366625309,-3.960397958755493,-1.2410645428007072e-14,3.1690661989676634e-15,1.719194925309253e-11
1785523706609005500,25119482,-18.736600875854492,0.004101562313735485,-9.560434341430664,0.0001262944279005751,-0.15419454872608185,-9.83801692200359e-06,-0.9880404472351074,6.811956405639648,-0.003315392415970564,-3.9269657135009766,-7.9732227764584e-15,2.0368334467245775e-15,1.432666745654343e-11
1785523706623266900,25132693,-18.891094207763672,0.0041308593936264515,-9.593900680541992,0.0001262944279005751,-0.15419454872608185,-9.83801692200359e-06,-0.9880404472351074,6.820856094360352,-0.0033146864734590054,-3.904850959777832,-5.9375247773996165e-15,1.5174601602807895e-15,1.268865481435233e-11
1785523706636455200,25153036,-18.992889404296875,0.004150390625,-9.615541458129883,0.0001262944279005751,-0.15419454872608185,-9.83801692200359e-06,-0.9880404472351074,6.834137439727783,-0.0033135723788291216,-3.871694326400757,-3.804248582817138e-15,9.728779027772926e-16,1.0563478043679186e-11
1785523706650593500,25166023,-19.148475646972656,0.004179687239229679,-9.648022651672363,0.0001262944279005751,-0.15419454872608185,-9.83801692200359e-06,-0.9880404472351074,6.842813014984131,-0.0033128042705357075,-3.8499324321746826,-2.8345381597461028e-15,7.253990160285828e-16,9.358741212550648e-12
1785523706665167200,25186163,-19.249101638793945,0.004199218470603228,-9.668646812438965,0.0001262944279005751,-0.15419454872608185,-9.83801692200359e-06,-0.9880404472351074,6.855686187744141,-0.00331160519272089,-3.817493438720703,-1.82276069238263e-15,4.6695793475562625e-16,7.803710802556374e-12
1785523706678764500,25199300,-19.403671264648438,0.004228515550494194,-9.69973087310791,0.0001262944279005751,-0.15419454872608185,-9.83801692200359e-06,-0.9880404472351074,6.864181995391846,-0.003310772590339184,-3.7959792613983154,-1.3572042795173545e-15,3.479766989624724e-16,6.912136661652024e-12
1785523706692399200,25199300,-19.403671264648438,0.004228515550494194,-9.69973087310791,0.0001262944279005751,-0.15419454872608185,-9.83801692200359e-06,-0.9880404472351074,6.864181995391846,-0.003310772590339184,-3.7959792613983154,-1.3572042795173545e-15,3.479766989624724e-16,6.912136661652024e-12
1785523706706849700,25219400,-19.505468368530273,0.0042480467818677425,-9.719809532165527,0.0001262944279005751,-0.15419454872608185,-9.83801692200359e-06,-0.9880404472351074,6.876774311065674,-0.00330947944894433,-3.7639431953430176,-8.71590126461097e-16,2.2392512394705426e-16,5.7628029952183635e-12
1785523706720508300,25232631,-19.659452438354492,0.004277343861758709,-9.749613761901855,0.0001262944279005751,-0.15419454872608185,-9.83801692200359e-06,-0.9880404472351074,6.885091304779053,-0.003308584913611412,-3.7426815032958984,-6.483528991463317e-16,1.6679603390742231e-16,5.103489245789072e-12
1785523706733600000,25252859,-19.76203155517578,0.0042968750931322575,-9.76907730102539,0.0001262944279005751,-0.15419454872608185,-9.83801692200359e-06,-0.9880404472351074,6.897496700286865,-0.003307237522676587,-3.7112269401550293,-4.1449049054120835e-16,1.069251511570874e-16,4.248436238224462e-12
1785523706748333400,25265990,-19.917421340942383,0.004326171707361937,-9.798002243041992,0.0001262944279005751,-0.15419454872608185,-9.83801692200359e-06,-0.9880404472351074,6.90561056137085,-0.0033063716255128384,-3.691033124923706,-3.082386776376289e-16,7.968896555680298e-17,3.7631473458199505e-12
1785523706762779200,25265990,-19.917421340942383,0.004326171707361937,-9.798002243041992,0.0001262944279005751,-0.15419454872608185,-9.83801692200359e-06,-0.9880404472351074,6.90561056137085,-0.0033063716255128384,-3.691033124923706,-3.082386776376289e-16,7.968896555680298e-17,3.7631473458199505e-12
1785523706775045800,25286216,-20.018827438354492,0.004345702938735485,-9.816508293151855,0.0001262944279005751,-0.15419454872608185,-9.83801692200359e-06,-0.9880404472351074,6.917675495147705,-0.0033051730133593082,-3.6621265411376953,-1.9699953474061616e-16,5.1202982842844845e-17,3.135457822198151e-12
1785523706791279000,25299304,-20.17414093017578,0.0043750000186264515,-9.844340324401855,0.0001262944279005751,-0.15419454872608185,-9.83801692200359e-06,-0.9880404472351074,6.925599575042725,-0.0033044987358152866,-3.6443588733673096,-1.4647571350279165e-16,3.8168098696666824e-17,2.777480719376446e-12
1785523706805618400,25319463,-20.275625228881836,0.00439453125,-9.862192153930664,0.0001262944279005751,-0.15419454872608185,-9.83801692200359e-06,-0.9880404472351074,6.937355995178223,-0.0033036565873771906,-3.619711399078369,-9.356664748549903e-17,2.4557364495253887e-17,2.315363612642729e-12
1785523706818327000,25332692,-20.430429458618164,0.004423827864229679,-9.888969421386719,0.0001262944279005751,-0.15419454872608185,-9.83801692200359e-06,-0.9880404472351074,6.945108413696289,-0.003303157864138484,-3.6041855812072754,-6.933472893044801e-17,1.830016006031896e-17,2.0507189696372663e-12
1785523706832547200,25353001,-20.532617568969727,0.004443359095603228,-9.906362533569336,0.0001262944279005751,-0.15419454872608185,-9.83801692200359e-06,-0.9880404472351074,6.956696510314941,-0.003302444238215685,-3.581629753112793,-4.391018798566293e-17,1.1726324121788534e-17,1.7066904530252391e-12
1785523706847168900,25365932,-20.68910026550293,0.004472656175494194,-9.9325532913208,0.0001262944279005751,-0.15419454872608185,-9.83801692200359e-06,-0.9880404472351074,6.964250087738037,-0.003301982069388032,-3.5671958923339844,-3.241764495731658e-17,8.746766615813325e-18,1.5121325415770603e-12
1785523706859899200,25365932,-20.68910026550293,0.004472656175494194,-9.9325532913208,0.0001262944279005751,-0.15419454872608185,-9.83801692200359e-06,-0.9880404472351074,6.964250087738037,-0.003301982069388032,-3.5671958923339844,-3.241764495731658e-17,8.746766615813325e-18,1.5121325415770603e-12
1785523706874425300,25386250,-20.789804458618164,0.0044921874068677425,-9.949145317077637,0.0001262944279005751,-0.15419454872608185,-9.83801692200359e-06,-0.9880404472351074,6.975503921508789,-0.0033012740314006805,-3.5458984375,-2.054563116860031e-17,5.621704731367588e-18,1.2598771852168067e-12
1785523706887254800,25399299,-20.94624900817871,0.004521484486758709,-9.974496841430664,0.0001262944279005751,-0.15419454872608185,-9.83801692200359e-06,-0.9880404472351074,6.982892036437988,-0.0033007890451699495,-3.531991720199585,-1.5070410197548512e-17,4.192270458426952e-18,1.1160873657559134e-12
1785523706902072300,25419708,-21.047420501708984,0.0045410157181322575,-9.990639686584473,0.0001262944279005751,-0.15419454872608185,-9.83801692200359e-06,-0.9880404472351074,6.993910789489746,-0.0033000255934894085,-3.5112810134887695,-9.486769009248164e-18,2.692472893860105e-18,9.295340105269778e-13
1785523706914923000,25432614,-21.2042179107666,0.004570312332361937,-10.015238761901855,0.0001262944279005751,-0.15419454872608185,-9.83801692200359e-06,-0.9880404472351074,7.0011210441589355,-0.003299496602267027,-3.4977211952209473,-6.938893903907228e-18,2.008950392650387e-18,8.235541697383664e-13
1785523706929873500,25432614,-21.2042179107666,0.004570312332361937,-10.015238761901855,0.0001262944279005751,-0.15419454872608185,-9.83801692200359e-06,-0.9880404472351074,7.0011210441589355,-0.003299496602267027,-3.4977211952209473,-6.938893903907228e-18,2.008950392650387e-18,8.235541697383664e-13
1785523706942877600,25465859,-21.461952209472656,0.0046191406436264515,-10.054643630981445,0.0001262944279005751,-0.15419454872608185,-9.83801692200359e-06,-0.9880404472351074,7.01546049118042,-0.0032983652781695127,-3.4706790447235107,-3.63207727782644e-18,1.112974822912549e-18,6.451204587892834e-13
1785523706958772700,25466050,-21.461952209472656,0.0046191406436264515,-10.054643630981445,0.0001262944279005751,-0.15419454872608185,-9.83801692200359e-06,-0.9880404472351074,7.018917083740234,-0.003298075869679451,-3.464137077331543,-3.0899761915836876e-18,9.639830509794976e-19,6.078389744659796e-13
1785523706971529200,25486202,-21.56312370300293,0.004638671875,-10.069769859313965,0.0001262944279005751,-0.15419454872608185,-9.83801692200359e-06,-0.9880404472351074,7.0293755531311035,-0.00329715758562088,-3.4442849159240723,-1.8295911660692887e-18,6.21388002317185e-19,5.067666663909065e-13
1785523706985019300,25499237,-21.719022750854492,0.004667968489229679,-10.092679977416992,0.0001262944279005751,-0.15419454872608185,-9.83801692200359e-06,-0.9880404472351074,7.036269664764404,-0.003296517301350832,-3.431142568588257,-1.2874900798265365e-18,4.637670822339805e-19,4.4888425658820563e-13
1785523706999212800,25519353,-21.8212890625,0.004687499720603228,-10.107465744018555,0.0001262944279005751,-0.15419454872608185,-9.83801692200359e-06,-0.9880404472351074,7.046465873718262,-0.003295515663921833,-3.411616563796997,-7.182839392716467e-19,2.995154823605509e-19,3.743884542661835e-13
1785523707012289700,25532572,-21.976093292236328,0.004716796800494194,-10.129487037658691,0.0001262944279005751,-0.15419454872608185,-9.83801692200359e-06,-0.9880404472351074,7.053208827972412,-0.0032948171719908714,-3.3986403942108154,-4.87890977618477e-19,2.236233155200357e-19,3.3157317494945937e-13
1785523707026557600,25532572,-21.976093292236328,0.004716796800494194,-10.129487037658691,0.0001262944279005751,-0.15419454872608185,-9.83801692200359e-06,-0.9880404472351074,7.053208827972412,-0.0032948171719908714,-3.3986403942108154,-4.87890977618477e-19,2.236233155200357e-19,3.3157317494945937e-13
1785523707040212100,25552830,-22.079492568969727,0.0047363280318677425,-10.143949508666992,0.0001262944279005751,-0.15419454872608185,-9.83801692200359e-06,-0.9880404472351074,7.063251972198486,-0.003293721005320549,-3.3792197704315186,-2.371692252312041e-19,1.4407004728836083e-19,2.7611607119649995e-13
1785523707056162900,25565894,-22.235546112060547,0.004765625111758709,-10.165395736694336,0.0001262944279005751,-0.15419454872608185,-9.83801692200359e-06,-0.9880404472351074,7.069832801818848,-0.0032929659355431795,-3.3664259910583496,-1.2874900798265365e-19,1.0771711372788037e-19,2.4455863224283336e-13
1785523707069023700,25586025,-22.338125228881836,0.0047851563431322575,-10.179262161254883,0.0001262944279005751,-0.15419454872608185,-9.83801692200359e-06,-0.9880404472351074,7.079587459564209,-0.0032917913049459457,-3.3473691940307617,-2.710505431213761e-20,6.973463436067045e-20,2.0386834852659935e-13
1785523707083349700,25599261,-22.49363136291504,0.004814452957361937,-10.19991683959961,0.0001262944279005751,-0.15419454872608185,-9.83801692200359e-06,-0.9880404472351074,7.086022853851318,-0.003290979890152812,-3.3347291946411133,3.3881317890172014e-21,5.221494898679732e-20,1.8054327022114236e-13
1785523707097789700,25619619,-22.59699249267578,0.004833984188735485,-10.21340274810791,0.0001262944279005751,-0.15419454872608185,-9.83801692200359e-06,-0.9880404472351074,7.095638751983643,-0.0032897107303142548,-3.315744638442993,3.7269449679189215e-20,3.3763858243189484e-20,1.5023872174547287e-13
1785523707112220500,25632611,-22.754335403442383,0.0048632812686264515,-10.2335786819458,0.0001262944279005751,-0.15419454872608185,-9.83801692200359e-06,-0.9880404472351074,7.101903915405273,-0.0032888464629650116,-3.3033101558685303,5.759824041329242e-20,2.5376246831901783e-20,1.3310362469327874e-13
1785523707126540900,25632611,-22.754335403442383,0.0048632812686264515,-10.2335786819458,0.0001262944279005751,-0.15419454872608185,-9.83801692200359e-06,-0.9880404472351074,7.101903915405273,-0.0032888464629650116,-3.3033101558685303,5.759824041329242e-20,2.5376246831901783e-20,1.3310362469327874e-13
1785523707140870000,25652740,-22.85593605041504,0.0048828125,-10.246381759643555,0.0001262944279005751,-0.15419454872608185,-9.83801692200359e-06,-0.9880404472351074,7.11119270324707,-0.003287509549409151,-3.2847723960876465,6.098637220230962e-20,1.657504511433757e-20,1.1098747924398814e-13
1785523707154835000,25665961,-23.012226104736328,0.004912109114229679,-10.265717506408691,0.0001262944279005751,-0.15419454872608185,-9.83801692200359e-06,-0.9880404472351074,7.117325782775879,-0.0032865898683667183,-3.272467851638794,6.437450399132683e-20,1.2497044694451142e-20,9.829916286334395e-14
1785523707168713500,25686264,-23.11519432067871,0.004931640345603228,-10.278226852416992,0.0001262944279005751,-0.15419454872608185,-9.83801692200359e-06,-0.9880404472351074,7.126457214355469,-0.0032851649448275566,-3.254049777984619,6.098637220230962e-20,8.19901423162561e-21,8.186699473715364e-14
1785523707181368300,25699342,-23.27210807800293,0.004960937425494194,-10.296948432922363,0.0001262944279005751,-0.15419454872608185,-9.83801692200359e-06,-0.9880404472351074,7.132440090179443,-0.003284193342551589,-3.2419135570526123,5.759824041329242e-20,6.219571025786215e-21,7.251582553836552e-14
1785523707194877300,25699342,-23.27210807800293,0.004960937425494194,-10.296948432922363,0.0001262944279005751,-0.15419454872608185,-9.83801692200359e-06,-0.9880404472351074,7.132440090179443,-0.003284193342551589,-3.2419135570526123,5.759824041329242e-20,6.219571025786215e-21,7.251582553836552e-14
1785523707208277100,25719635,-23.374608993530273,0.0049804686568677425,-10.308950424194336,0.0001262944279005751,-0.15419454872608185,-9.83801692200359e-06,-0.9880404472351074,7.1413493156433105,-0.0032826908864080906,-3.223742961883545,5.421010862427522e-20,4.124322534189396e-21,6.040130282871856e-14
1785523707222352600,25732561,-23.53187370300293,0.005009765736758709,-10.3270263671875,0.0001262944279005751,-0.15419454872608185,-9.83801692200359e-06,-0.9880404472351074,7.147181034088135,-0.003281670156866312,-3.2117843627929688,5.082197683525802e-20,3.156107627196077e-21,5.351474200842449e-14
1785523707237089500,25752794,-23.633827209472656,0.0050292969681322575,-10.338529586791992,0.0001262944279005751,-0.15419454872608185,-9.83801692200359e-06,-0.9880404472351074,7.155833721160889,-0.003280100878328085,-3.1939449310302734,4.2351647362715017e-20,2.1283357160989402e-21,4.462172615454264e-14
1785523707249737800,25765884,-23.790273666381836,0.005058593582361937,-10.3558349609375,0.0001262944279005751,-0.15419454872608185,-9.83801692200359e-06,-0.9880404472351074,7.161544322967529,-0.0032790275290608406,-3.1821041107177734,3.8116482626443515e-20,1.6456758286742486e-21,3.952040924333142e-14
1785523707262542100,25765884,-23.790273666381836,0.005058593582361937,-10.3558349609375,0.0001262944279005751,-0.15419454872608185,-9.83801692200359e-06,-0.9880404472351074,7.161544322967529,-0.0032790275290608406,-3.1821041107177734,3.8116482626443515e-20,1.6456758286742486e-21,3.952040924333142e-14
1785523707278213600,25799281,-24.04949188232422,0.0051074218936264515,-10.383637428283691,0.0001262944279005751,-0.15419454872608185,-9.83801692200359e-06,-0.9880404472351074,7.175590991973877,-0.003276257310062647,-3.1527531147003174,3.049318610115481e-20,8.859104360442926e-22,2.917151315970888e-14
1785523707289982400,25799281,-24.04949188232422,0.0051074218936264515,-10.383637428283691,0.0001262944279005751,-0.15419454872608185,-9.83801692200359e-06,-0.9880404472351074,7.175590991973877,-0.003276257310062647,-3.1527531147003174,3.049318610115481e-20,8.859104360442926e-22,2.917151315970888e-14
1785523707303073300,25819708,-24.15347671508789,0.005126953125,-10.394487380981445,0.0001262944279005751,-0.15419454872608185,-9.83801692200359e-06,-0.9880404472351074,7.183925628662109,-0.00327452365309,-3.1351776123046875,2.541098841762901e-20,6.20592254567909e-22,2.4275947327649303e-14
1785523707316119400,25832582,-24.31121063232422,0.005156249739229679,-10.41061019897461,0.0001262944279005751,-0.15419454872608185,-9.83801692200359e-06,-0.9880404472351074,7.189353942871094,-0.0032733564730733633,-3.123663902282715,2.244637310223896e-20,4.950675966129871e-22,2.1507762340859313e-14
1785523707330322500,25852599,-24.413320541381836,0.005175780970603228,-10.420844078063965,0.0001262944279005751,-0.15419454872608185,-9.83801692200359e-06,-0.9880404472351074,7.197378158569336,-0.003271576017141342,-3.106550455093384,1.9058241313221758e-20,3.575488197760462e-22,1.794558730403798e-14
1785523707344822000,25865865,-24.56929588317871,0.005205078050494194,-10.4361572265625,0.0001262944279005751,-0.15419454872608185,-9.83801692200359e-06,-0.9880404472351074,7.202697277069092,-0.0032703597098588943,-3.0951459407806396,1.7787691892340307e-20,2.9054719015925097e-22,1.5893262048224596e-14
1785523707359508700,25865865,-24.56929588317871,0.005205078050494194,-10.4361572265625,0.0001262944279005751,-0.15419454872608185,-9.83801692200359e-06,-0.9880404472351074,7.202697277069092,-0.0032703597098588943,-3.0951459407806396,1.7787691892340307e-20,2.9054719015925097e-22,1.5893262048224596e-14
1785523707374032200,25886950,-24.673280715942383,0.0052246092818677425,-10.446157455444336,0.0001262944279005751,-0.15419454872608185,-9.83801692200359e-06,-0.9880404472351074,7.21082067489624,-0.0032684416510164738,-3.0776193141937256,1.4399560103323106e-20,2.1351599561525027e-22,1.3169340462159274e-14
1785523707390023700,25899401,-24.83656120300293,0.005253906361758709,-10.461518287658691,0.0001262944279005751,-0.15419454872608185,-9.83801692200359e-06,-0.9880404472351074,7.215993881225586,-0.0032671825028955936,-3.0663933753967285,1.3552527156068805e-20,1.7701665108634792e-22,1.1667630667774442e-14
1785523707402604200,25919981,-24.935155868530273,0.0052734375931322575,-10.470600128173828,0.0001262944279005751,-0.15419454872608185,-9.83801692200359e-06,-0.9880404472351074,7.2236328125,-0.003265267238020897,-3.0497186183929443,1.1011428314305904e-20,1.351406325758509e-22,9.736612388469134e-15
1785523707418082400,25932620,-25.093828201293945,0.005302734207361937,-10.48489761352539,0.0001262944279005751,-0.15419454872608185,-9.83801692200359e-06,-0.9880404472351074,7.2286458015441895,-0.0032639731653034687,-3.038713216781616,9.952637130238029e-21,1.13892430590895e-22,8.63444041200763e-15
1785523707430660900,25952821,-25.19402313232422,0.005322265438735485,-10.493725776672363,0.0001262944279005751,-0.15419454872608185,-9.83801692200359e-06,-0.9880404472351074,7.236100196838379,-0.003261994570493698,-3.0222558975219727,8.258571235729428e-21,8.907701221430417e-23,7.206508881394541e-15
1785523707445185400,25965924,-25.35140609741211,0.0053515625186264515,-10.50728988647461,0.0001262944279005751,-0.15419454872608185,-9.83801692200359e-06,-0.9880404472351074,7.241042137145996,-0.0032606455497443676,-3.0112810134887695,7.199780051661553e-21,7.599721877830942e-23,6.383190315564519e-15
1785523707458026000,25965924,-25.35140609741211,0.0053515625186264515,-10.50728988647461,0.0001262944279005751,-0.15419454872608185,-9.83801692200359e-06,-0.9880404472351074,7.241042137145996,-0.0032606455497443676,-3.0112810134887695,7.199780051661553e-21,7.599721877830942e-23,6.383190315564519e-15
1785523707474111100,25986028,-25.454530715942383,0.00537109375,-10.515981674194336,0.0001262944279005751,-0.15419454872608185,-9.83801692200359e-06,-0.9880404472351074,7.248359203338623,-0.0032585919834673405,-2.994933843612671,5.929230630780102e-21,6.048758229294015e-23,5.3220295568267e-15
1785523707486758600,25999193,-25.611093521118164,0.005400390364229679,-10.528871536254883,0.0001262944279005751,-0.15419454872608185,-9.83801692200359e-06,-0.9880404472351074,7.253183841705322,-0.0032572001218795776,-2.984088659286499,5.293955920339377e-21,5.221577616740987e-23,4.713764609491546e-15
1785523707500806600,26019559,-25.714921951293945,0.005419921595603228,-10.5372314453125,0.0001262944279005751,-0.15419454872608185,-9.83801692200359e-06,-0.9880404472351074,7.260387420654297,-0.003255065530538559,-2.967803478240967,4.552802091491864e-21,4.203111487535072e-23,3.9238593758483386e-15
1785523707514823000,26032514,-25.87300682067871,0.005449218675494194,-10.549653053283691,0.0001262944279005751,-0.15419454872608185,-9.83801692200359e-06,-0.9880404472351074,7.265091896057129,-0.0032536343205720186,-2.9571027755737305,3.917527381051139e-21,3.657689271132919e-23,3.4758805907044842e-15
1785523707528901700,26032514,-25.87300682067871,0.005449218675494194,-10.549653053283691,0.0001262944279005751,-0.15419454872608185,-9.83801692200359e-06,-0.9880404472351074,7.265091896057129,-0.0032536343205720186,-2.9571027755737305,3.917527381051139e-21,3.657689271132919e-23,3.4758805907044842e-15
1785523707543465800,26065862,-26.133241653442383,0.005498046521097422,-10.569331169128418,0.0001262944279005751,-0.15419454872608185,-9.83801692200359e-06,-0.9880404472351074,7.276669979095459,-0.003249980043619871,-2.9305460453033447,3.017554874593445e-21,2.6133737477847218e-23,2.5661195597500826e-15
1785523707559130900,26065862,-26.133241653442383,0.005498046521097422,-10.569331169128418,0.0001262944279005751,-0.15419454872608185,-9.83801692200359e-06,-0.9880404472351074,7.276669979095459,-0.003249980043619871,-2.9305460453033447,3.017554874593445e-21,2.6133737477847218e-23,2.5661195597500826e-15
1785523707570637800,26086330,-26.236366271972656,0.0055175782181322575,-10.576860427856445,0.0001262944279005751,-0.15419454872608185,-9.83801692200359e-06,-0.9880404472351074,7.283542633056641,-0.003247720655053854,-2.914630174636841,2.6469779601696886e-21,2.139037365273845e-23,2.1354903387066013e-15
1785523707584959300,26099162,-26.3955078125,0.005546874832361937,-10.588197708129883,0.0001262944279005751,-0.15419454872608185,-9.83801692200359e-06,-0.9880404472351074,7.288015365600586,-0.0032462128438055515,-2.9042115211486816,2.276401045745932e-21,1.8792509541439097e-23,1.8922178175739563e-15
1785523707600876900,26119195,-26.497148513793945,0.005566406063735485,-10.59524917602539,0.0001262944279005751,-0.15419454872608185,-9.83801692200359e-06,-0.9880404472351074,7.294591426849365,-0.003243939485400915,-2.8887925148010254,1.9058241313221758e-21,1.5561335273653833e-23,1.5804784586444438e-15
1785523707613503800,26132428,-26.652889251708984,0.0055957031436264515,-10.605766296386719,0.0001262944279005751,-0.15419454872608185,-9.83801692200359e-06,-0.9880404472351074,7.298980712890625,-0.003242385108023882,-2.878441333770752,1.6675961149069038e-21,1.3713103592480662e-23,1.3994818114971847e-15
1785523707628863900,26132428,-26.652889251708984,0.0055957031436264515,-10.605766296386719,0.0001262944279005751,-0.15419454872608185,-9.83801692200359e-06,-0.9880404472351074,7.298980712890625,-0.003242385108023882,-2.878441333770752,1.6675961149069038e-21,1.3713103592480662e-23,1.3994818114971847e-15
1785523707641025200,26152549,-26.75796890258789,0.005615234375,-10.612680435180664,0.0001262944279005751,-0.15419454872608185,-9.83801692200359e-06,-0.9880404472351074,7.305497169494629,-0.0032400209456682205,-2.862976551055908,1.3499587596865412e-21,1.1334959331390707e-23,1.165650531352873e-15
1785523707655279700,26165779,-26.914764404296875,0.005644530989229679,-10.622699737548828,0.0001262944279005751,-0.15419454872608185,-9.83801692200359e-06,-0.9880404472351074,7.309775352478027,-0.003238431178033352,-2.852762460708618,1.2440796412797536e-21,1.0010177881598749e-23,1.0323158987520214e-15
1785523707669890000,26185940,-27.018983840942383,0.005664062220603228,-10.62918472290039,0.0001262944279005751,-0.15419454872608185,-9.83801692200359e-06,-0.9880404472351074,7.3161115646362305,-0.003236020216718316,-2.837538480758667,1.0323214044661785e-21,8.30411786820813e-24,8.604258086998117e-16
1785523707682274000,26199163,-27.175546646118164,0.005693359300494194,-10.638647079467773,0.0001262944279005751,-0.15419454872608185,-9.83801692200359e-06,-0.9880404472351074,7.320290565490723,-0.003234392497688532,-2.827436923980713,8.999725064576941e-22,7.33476558787255e-24,7.619222826208002e-16
1785523707695041100,26199163,-27.175546646118164,0.005693359300494194,-10.638647079467773,0.0001262944279005751,-0.15419454872608185,-9.83801692200359e-06,-0.9880404472351074,7.320290565490723,-0.003234392497688532,-2.827436923980713,8.999725064576941e-22,7.33476558787255e-24,7.619222826208002e-16
1785523707710558000,26219230,-27.280155181884766,0.0057128905318677425,-10.644780158996582,0.0001262944279005751,-0.15419454872608185,-9.83801692200359e-06,-0.9880404472351074,7.326476573944092,-0.0032319272868335247,-2.8123908042907715,7.543887186483612e-22,6.100457017578579e-24,6.350296002816135e-16
1785523707723079300,26232519,-27.436601638793945,0.005742187146097422,-10.653696060180664,0.0001262944279005751,-0.15419454872608185,-9.83801692200359e-06,-0.9880404472351074,7.330551624298096,-0.003230264876037836,-2.802414894104004,6.617444900424221e-22,5.389598678665821e-24,5.623707964287844e-16
1785523707737621900,26252605,-27.541210174560547,0.0057617188431322575,-10.659477233886719,0.0001262944279005751,-0.15419454872608185,-9.83801692200359e-06,-0.9880404472351074,7.33659553527832,-0.0032277435529977083,-2.7875289916992188,5.69100261436483e-22,4.4784075351503764e-24,4.686043550468518e-16
1785523707752208200,26266364,-27.698007583618164,0.005791015457361937,-10.667865753173828,0.0001262944279005751,-0.15419454872608185,-9.83801692200359e-06,-0.9880404472351074,7.340654373168945,-0.0032260105945169926,-2.7774648666381836,5.029258124322408e-22,3.951726129501378e-24,4.1390063797256413e-16
1785523707765064500,26285908,-27.806835174560547,0.005810546688735485,-10.673510551452637,0.0001262944279005751,-0.15419454872608185,-9.83801692200359e-06,-0.9880404472351074,7.346504211425781,-0.003223506733775139,-2.7632875442504883,4.036641389258775e-22,3.2957977531409696e-24,3.45390442676709e-16
1785523707778284900,26299112,-27.958709716796875,0.0058398437686264515,-10.681127548217773,0.0001262944279005751,-0.15419454872608185,-9.83801692200359e-06,-0.9880404472351074,7.3503336906433105,-0.0032219309359788895,-2.754800796508789,3.5734202462290796e-22,2.9242127123456642e-24,3.0638108144474103e-16
1785523707792986400,26299112,-27.958709716796875,0.0058398437686264515,-10.681127548217773,0.0001262944279005751,-0.15419454872608185,-9.83801692200359e-06,-0.9880404472351074,7.3503336906433105,-0.0032219309359788895,-2.754800796508789,3.5734202462290796e-22,2.9242127123456642e-24,3.0638108144474103e-16
1785523707807615200,26319150,-28.063711166381836,0.005859375,-10.68624496459961,0.0001262944279005751,-0.15419454872608185,-9.83801692200359e-06,-0.9880404472351074,7.356082439422607,-0.003219909965991974,-2.745405912399292,3.044024654195142e-22,2.4346898107761967e-24,2.5532709699127413e-16
1785523707819820000,26332429,-28.22019386291504,0.005888671614229679,-10.693696022033691,0.0001262944279005751,-0.15419454872608185,-9.83801692200359e-06,-0.9880404472351074,7.359870910644531,-0.00321886851452291,-2.741959810256958,2.713152409173931e-22,2.156808823746664e-24,2.2609008722067705e-16
1785523707834565400,26352362,-28.3251953125,0.005908202845603228,-10.698627471923828,0.0001262944279005751,-0.15419454872608185,-9.83801692200359e-06,-0.9880404472351074,7.365452289581299,-0.0032177965622395277,-2.7412350177764893,2.183756817139993e-22,1.796532892888607e-24,1.8857163632477467e-16
1785523707847450200,26365758,-28.480857849121094,0.005937499925494194,-10.705893516540527,0.0001262944279005751,-0.15419454872608185,-9.83801692200359e-06,-0.9880404472351074,7.369151592254639,-0.003217320190742612,-2.743023157119751,1.9852334701272664e-22,1.5913533268842427e-24,1.6694610432287413e-16
1785523707861744200,26365758,-28.480857849121094,0.005937499925494194,-10.705893516540527,0.0001262944279005751,-0.15419454872608185,-9.83801692200359e-06,-0.9880404472351074,7.369151592254639,-0.003217320190742612,-2.743023157119751,1.9852334701272664e-22,1.5913533268842427e-24,1.6694610432287413e-16
1785523707875111700,26385880,-28.586952209472656,0.0059570311568677425,-10.710854530334473,0.0001262944279005751,-0.15419454872608185,-9.83801692200359e-06,-0.9880404472351074,7.374636173248291,-0.0032168221659958363,-2.74784255027771,1.5881867761018131e-22,1.3231658626580658e-24,1.3905162853878532e-16
1785523707888341900,26399203,-28.74382781982422,0.005986327771097422,-10.718236923217773,0.0001262944279005751,-0.15419454872608185,-9.83801692200359e-06,-0.9880404472351074,7.378240585327148,-0.0032165786251425743,-2.751986503601074,1.3896634290890865e-22,1.1721084656391046e-24,1.2313067814818528e-16
1785523707902729300,26419707,-28.849061965942383,0.0060058594681322575,-10.723237037658691,0.0001262944279005751,-0.15419454872608185,-9.83801692200359e-06,-0.9880404472351074,7.3836283683776855,-0.0032162796705961227,-2.7591464519500732,1.1911400820763599e-22,9.741990417372572e-25,1.024139000021253e-16
1785523707915124200,26432534,-29.008710861206055,0.006035156082361937,-10.730902671813965,0.0001262944279005751,-0.15419454872608185,-9.83801692200359e-06,-0.9880404472351074,7.3871307373046875,-0.0032161055132746696,-2.764232635498047,1.0422475718168149e-22,8.635313230656119e-25,9.072821360947027e-17
1785523707929405700,26452390,-29.111717224121094,0.006054687313735485,-10.735913276672363,0.0001262944279005751,-0.15419454872608185,-9.83801692200359e-06,-0.9880404472351074,7.3888397216796875,-0.003216022625565529,-2.7668063640594482,9.595295105615121e-23,8.134481219149403e-25,8.548483482050484e-17
1785523707943726300,26465893,-29.269725799560547,0.0060839843936264515,-10.74368667602539,0.0001262944279005751,-0.15419454872608185,-9.83801692200359e-06,-0.9880404472351074,7.39573335647583,-0.0032156785018742085,-2.7776424884796143,7.940933880509066e-23,6.381569178875897e-25,6.702643180028203e-17
1785523707958045600,26465893,-29.269725799560547,0.0060839843936264515,-10.74368667602539,0.0001262944279005751,-0.15419454872608185,-9.83801692200359e-06,-0.9880404472351074,7.39573335647583,-0.0032156785018742085,-2.7776424884796143,7.940933880509066e-23,6.381569178875897e-25,6.702643180028203e-17
1785523707973447000,26486012,-29.374725341796875,0.006103515625,-10.748920440673828,0.0001262944279005751,-0.15419454872608185,-9.83801692200359e-06,-0.9880404472351074,7.400802135467529,-0.003215400967746973,-2.7859463691711426,6.617444900424221e-23,5.319320638341491e-25,5.58726754810578e-17
1785523707986096100,26499223,-29.532499313354492,0.006132812239229679,-10.756879806518555,0.0001262944279005751,-0.15419454872608185,-9.83801692200359e-06,-0.9880404472351074,7.404144763946533,-0.0032151995692402124,-2.791532039642334,5.955700410381799e-23,4.713475463131754e-25,4.947996562689689e-17
1785523708000597800,26519511,-29.637968063354492,0.006152343470603228,-10.762269973754883,0.0001262944279005751,-0.15419454872608185,-9.83801692200359e-06,-0.9880404472351074,7.409125804901123,-0.0032148691825568676,-2.7999820709228516,4.7976475528075605e-23,3.9218377675243646e-25,4.1192902982148684e-17
1785523708014996700,26532498,-29.797382354736328,0.006181640550494194,-10.770522117614746,0.0001262944279005751,-0.15419454872608185,-9.83801692200359e-06,-0.9880404472351074,7.412377834320068,-0.003214630763977766,-2.8055713176727295,4.1359030627651384e-23,3.4694733700344276e-25,3.6491221615287075e-17
1785523708030832200,26552382,-29.901561737060547,0.0062011717818677425,-10.775980949401855,0.0001262944279005751,-0.15419454872608185,-9.83801692200359e-06,-0.9880404472351074,7.415581226348877,-0.0032143767457455397,-2.811122179031372,3.7223127564886245e-23,3.0776934900654643e-25,3.2348912865858326e-17
1785523708042354900,26552501,-29.901561737060547,0.0062011717818677425,-10.775980949401855,0.0001262944279005751,-0.15419454872608185,-9.83801692200359e-06,-0.9880404472351074,7.417176246643066,-0.0032142428681254387,-2.81390643119812,3.474158572722716e-23,2.895939937502543e-25,3.044869701908926e-17
1785523708056918800,26566053,-30.059452056884766,0.006230468396097422,-10.784350395202637,0.0001262944279005751,-0.15419454872608185,-9.83801692200359e-06,-0.9880404472351074,7.4203901290893555,-0.0032139592804014683,-2.8195371627807617,3.143286327701505e-23,2.562725091137188e-25,2.6933219120408295e-17
1785523708072950800,26586127,-30.167499542236328,0.00624999962747097,-10.790151596069336,0.0001262944279005751,-0.15419454872608185,-9.83801692200359e-06,-0.9880404472351074,7.42512845993042,-0.0032135022338479757,-2.8279190063476562,2.5642598989143858e-23,2.136613984573006e-25,2.242238155575247e-17
1785523708086591200,26599143,-30.325702667236328,0.006279296707361937,-10.798745155334473,0.0001262944279005751,-0.15419454872608185,-9.83801692200359e-06,-0.9880404472351074,7.428208827972412,-0.0032131802290678024,-2.833411455154419,2.3161057151484775e-23,1.8882174627370139e-25,1.987583986555897e-17
1785523708099936900,26619247,-30.430233001708984,0.006298827938735485,-10.804487228393555,0.0001262944279005751,-0.15419454872608185,-9.83801692200359e-06,-0.9880404472351074,7.432790756225586,-0.003212663345038891,-2.841646671295166,1.8611563782443123e-23,1.5762071975039993e-25,1.6575286651076434e-17
1785523708111942100,26632515,-30.589256286621094,0.0063281250186264515,-10.813324928283691,0.0001262944279005751,-0.15419454872608185,-9.83801692200359e-06,-0.9880404472351074,7.435819149017334,-0.003212295239791274,-2.847130537033081,1.6957202557337067e-23,1.396473128858444e-25,1.4678887415653687e-17
1785523708126434600,26632515,-30.589256286621094,0.0063281250186264515,-10.813324928283691,0.0001262944279005751,-0.15419454872608185,-9.83801692200359e-06,-0.9880404472351074,7.435819149017334,-0.003212295239791274,-2.847130537033081,1.6957202557337067e-23,1.396473128858444e-25,1.4678887415653687e-17
1785523708141418300,26653041,-30.69515609741211,0.00634765625,-10.819281578063965,0.0001262944279005751,-0.15419454872608185,-9.83801692200359e-06,-0.9880404472351074,7.440351963043213,-0.003211705479770899,-2.8554019927978516,1.406207041340147e-23,1.1612032524853294e-25,1.2209321498903147e-17
1785523708153287000,26665835,-30.856834411621094,0.006376952864229679,-10.828471183776855,0.0001262944279005751,-0.15419454872608185,-9.83801692200359e-06,-0.9880404472351074,7.443294048309326,-0.003211296396329999,-2.8608102798461914,1.2200914035157158e-23,1.0289270558978701e-25,1.0817844062730732e-17
1785523708168203100,26685707,-30.96042823791504,0.006396484095603228,-10.834428787231445,0.0001262944279005751,-0.15419454872608185,-9.83801692200359e-06,-0.9880404472351074,7.447596549987793,-0.0032106598373502493,-2.8687822818756104,1.0546552810051103e-23,8.603001487978266e-26,9.043281914092146e-18
1785523708181331700,26699141,-31.117773056030273,0.006425781175494194,-10.843579292297363,0.0001262944279005751,-0.15419454872608185,-9.83801692200359e-06,-0.9880404472351074,7.450488567352295,-0.003210206050425768,-2.874175786972046,9.305781891221561e-24,7.618503078262444e-26,8.005392756922873e-18
1785523708195403300,26699141,-31.117773056030273,0.006425781175494194,-10.843579292297363,0.0001262944279005751,-0.15419454872608185,-9.83801692200359e-06,-0.9880404472351074,7.450488567352295,-0.003210206050425768,-2.874175786972046,9.305781891221561e-24,7.618503078262444e-26,8.005392756922873e-18
1785523708210116300,26719382,-31.226093292236328,0.0064453124068677425,-10.849946022033691,0.0001262944279005751,-0.15419454872608185,-9.83801692200359e-06,-0.9880404472351074,7.454797744750977,-0.0032094898633658886,-2.882275342941284,7.858215819253763e-24,6.341179500528581e-26,6.65969066866853e-18
1785523708223058800,26732533,-31.38640594482422,0.006474609021097422,-10.859457969665527,0.0001262944279005751,-0.15419454872608185,-9.83801692200359e-06,-0.9880404472351074,7.457607746124268,-0.0032089962624013424,-2.8875975608825684,7.031035206700735e-24,5.619214000070311e-26,5.897669968098448e-18
1785523708237816600,26752712,-31.49234390258789,0.00649414025247097,-10.865815162658691,0.0001262944279005751,-0.15419454872608185,-9.83801692200359e-06,-0.9880404472351074,7.461773872375488,-0.00320822442881763,-2.895543098449707,5.686866711302065e-24,4.6751052687018044e-26,4.914530654903141e-18
1785523708250941500,26765770,-31.652616500854492,0.006523437332361937,-10.875532150268555,0.0001262944279005751,-0.15419454872608185,-9.83801692200359e-06,-0.9880404472351074,7.464508533477783,-0.0032076919451355934,-2.900796890258789,5.0664812518872945e-24,4.13994203059987e-26,4.353571918645711e-18
1785523708265235000,26786134,-31.758319854736328,0.006542968563735485,-10.882006645202637,0.0001262944279005751,-0.15419454872608185,-9.83801692200359e-06,-0.9880404472351074,7.468590259552002,-0.003206857480108738,-2.9086949825286865,4.342698215903395e-24,3.4457444340053796e-26,3.6248808064972285e-18
1785523708277788800,26799220,-31.920116424560547,0.0065722656436264515,-10.892006874084473,0.0001262944279005751,-0.15419454872608185,-9.83801692200359e-06,-0.9880404472351074,7.471260070800781,-0.003206284251064062,-2.91390061378479,3.9291079096268815e-24,3.056993779912465e-26,3.2106701147613e-18
1785523708292162900,26799220,-31.920116424560547,0.0065722656436264515,-10.892006874084473,0.0001262944279005751,-0.15419454872608185,-9.83801692200359e-06,-0.9880404472351074,7.471260070800781,-0.003206284251064062,-2.91390061378479,3.9291079096268815e-24,3.056993779912465e-26,3.2106701147613e-18
1785523708306225000,26819413,-32.025352478027344,0.006591796875,-10.898578643798828,0.0001262944279005751,-0.15419454872608185,-9.83801692200359e-06,-0.9880404472351074,7.475214958190918,-0.00320539646781981,-2.921665668487549,3.2053248736429822e-24,2.5495984456743102e-26,2.676586890196024e-18
1785523708319473100,26832495,-32.186248779296875,0.006621093489229679,-10.90872573852539,0.0001262944279005751,-0.15419454872608185,-9.83801692200359e-06,-0.9880404472351074,7.477819442749023,-0.003204785520210862,-2.9268155097961426,2.7917345673664684e-24,2.2542489227595633e-26,2.3708574202788218e-18
1785523708335581800,26852611,-32.29226303100586,0.006640624720603228,-10.915472984313965,0.0001262944279005751,-0.15419454872608185,-9.83801692200359e-06,-0.9880404472351074,7.4816789627075195,-0.003203839994966984,-2.934504270553589,2.4298430493745188e-24,1.884430930391953e-26,1.9762548381683096e-18
1785523708348886900,26865833,-32.453006744384766,0.006669921800494194,-10.92580509185791,0.0001262944279005751,-0.15419454872608185,-9.83801692200359e-06,-0.9880404472351074,7.484225273132324,-0.0032031896989792585,-2.9396109580993652,2.0679515313825692e-24,1.666074231826777e-26,1.7500765685312507e-18
1785523708363372100,26885954,-32.5598030090332,0.0066894530318677425,-10.932729721069336,0.0001262944279005751,-0.15419454872608185,-9.83801692200359e-06,-0.9880404472351074,7.487998008728027,-0.003202185733243823,-2.9472360610961914,1.6543612251060553e-24,1.3883951931889808e-26,1.4582123000416622e-18
1785523708378131200,26899128,-32.720741271972656,0.006718749646097422,-10.943265914916992,0.0001262944279005751,-0.15419454872608185,-9.83801692200359e-06,-0.9880404472351074,7.490477561950684,-0.003201499115675688,-2.9522831439971924,1.4734154661100805e-24,1.2293608346964248e-26,1.2915243430715342e-18
1785523708390520300,26899128,-32.720741271972656,0.006718749646097422,-10.943265914916992,0.0001262944279005751,-0.15419454872608185,-9.83801692200359e-06,-0.9880404472351074,7.490477561950684,-0.003201499115675688,-2.9522831439971924,1.4734154661100805e-24,1.2293608346964248e-26,1.2915243430715342e-18
1785523708406458700,26919456,-32.82741928100586,0.00673828087747097,-10.950307846069336,0.0001262944279005751,-0.15419454872608185,-9.83801692200359e-06,-0.9880404472351074,7.49416446685791,-0.0032004383392632008,-2.9598445892333984,1.2666203129718236e-24,1.0261502655114922e-26,1.0756981354029999e-18
1785523708419990600,26932735,-32.989295959472656,0.006767577957361937,-10.961098670959473,0.0001262944279005751,-0.15419454872608185,-9.83801692200359e-06,-0.9880404472351074,7.496598243713379,-0.0031997105106711388,-2.964872121810913,1.137373342260413e-24,9.07505585366252e-27,9.51931753237636e-19
1785523708431871700,26952848,-33.09703063964844,0.006787109188735485,-10.968335151672363,0.0001262944279005751,-0.15419454872608185,-9.83801692200359e-06,-0.9880404472351074,7.500187873840332,-0.0031985975801944733,-2.9723384380340576,9.564275832644382e-25,7.560442915638177e-27,7.93169634101838e-19
1785523708446412900,26965831,-33.257850646972656,0.0068164062686264515,-10.979243278503418,0.0001262944279005751,-0.15419454872608185,-9.83801692200359e-06,-0.9880404472351074,7.502530097961426,-0.003197843674570322,-2.9772486686706543,8.142559154818866e-25,6.695851363515948e-27,7.03047841075091e-19
1785523708460253800,26965831,-33.257850646972656,0.0068164062686264515,-10.979243278503418,0.0001262944279005751,-0.15419454872608185,-9.83801692200359e-06,-0.9880404472351074,7.502530097961426,-0.003197843674570322,-2.9772486686706543,8.142559154818866e-25,6.695851363515948e-27,7.03047841075091e-19
1785523708476155300,26986106,-33.36378860473633,0.0068359375,-10.986478805541992,0.0001262944279005751,-0.15419454872608185,-9.83801692200359e-06,-0.9880404472351074,7.506028175354004,-0.003196678590029478,-2.984631061553955,6.85008944770476e-25,5.5788243217229955e-27,5.858665403686852e-19
1785523708490534900,26999252,-33.52613067626953,0.006865234114229679,-10.997671127319336,0.0001262944279005751,-0.15419454872608185,-9.83801692200359e-06,-0.9880404472351074,7.508328437805176,-0.0031958860345184803,-2.9895193576812744,6.074607623436297e-25,4.938269266683534e-27,5.189108192758867e-19
1785523708502215300,27019357,-33.63257598876953,0.006884765345603228,-11.005072593688965,0.0001262944279005751,-0.15419454872608185,-9.83801692200359e-06,-0.9880404472351074,7.5117340087890625,-0.0031946722883731127,-2.99680757522583,5.299125799167834e-25,4.121009368874566e-27,4.3260579269182426e-19
1785523708516444800,27032542,-33.79421615600586,0.006914062425494194,-11.016401290893555,0.0001262944279005751,-0.15419454872608185,-9.83801692200359e-06,-0.9880404472351074,7.51397705078125,-0.003193844575434923,-3.001648426055908,4.652890945610781e-25,3.6508482693628426e-27,3.8311792893764356e-19
1785523708528683100,27032542,-33.79421615600586,0.006914062425494194,-11.016401290893555,0.0001262944279005751,-0.15419454872608185,-9.83801692200359e-06,-0.9880404472351074,7.51397705078125,-0.003193844575434923,-3.001648426055908,4.652890945610781e-25,3.6508482693628426e-27,3.8311792893764356e-19
1785523708541765200,27052889,-33.90156173706055,0.0069335936568677425,-11.023988723754883,0.0001262944279005751,-0.15419454872608185,-9.83801692200359e-06,-0.9880404472351074,7.517317771911621,-0.0031925728544592857,-3.0089011192321777,3.7481621506309067e-25,3.0386922069113375e-27,3.1904806005628353e-19
1785523708554936100,27065891,-34.06421661376953,0.006962890271097422,-11.035571098327637,0.0001262944279005751,-0.15419454872608185,-9.83801692200359e-06,-0.9880404472351074,7.519501686096191,-0.003191713709384203,-3.0136797428131104,3.2311742677852644e-25,2.6852825213723242e-27,2.8262840920952184e-19
1785523708569012300,27086077,-34.17070388793945,0.00698242150247097,-11.043217658996582,0.0001262944279005751,-0.15419454872608185,-9.83801692200359e-06,-0.9880404472351074,7.522744178771973,-0.0031903982162475586,-3.0208241939544678,2.7788098702953273e-25,2.2403649708276735e-27,2.35554284332165e-19
1785523708581942100,27099212,-34.3332405090332,0.007011718582361937,-11.054975509643555,0.0001262944279005751,-0.15419454872608185,-9.83801692200359e-06,-0.9880404472351074,7.524880409240723,-0.0031895036809146404,-3.0255651473999023,2.520315928872506e-25,1.9847740375360657e-27,2.0859076837765347e-19
1785523708595042200,27099212,-34.3332405090332,0.007011718582361937,-11.054975509643555,0.0001262944279005751,-0.15419454872608185,-9.83801692200359e-06,-0.9880404472351074,7.524880409240723,-0.0031895036809146404,-3.0255651473999023,2.520315928872506e-25,1.9847740375360657e-27,2.0859076837765347e-19
1785523708608484400,27119305,-34.44062423706055,0.007031249813735485,-11.062797546386719,0.0001262944279005751,-0.15419454872608185,-9.83801692200359e-06,-0.9880404472351074,7.5280351638793945,-0.003188143018633127,-3.0326168537139893,2.0356397887047165e-25,1.6534524573432407e-27,1.739231248423703e-19
1785523708622996500,27132487,-34.60218811035156,0.0070605468936264515,-11.074663162231445,0.0001262944279005751,-0.15419454872608185,-9.83801692200359e-06,-0.9880404472351074,7.53011417388916,-0.0031872186809778214,-3.037297248840332,1.809457589959748e-25,1.464125840090198e-27,1.5405604306173947e-19
1785523708636419600,27152480,-34.709999084472656,0.007080078125,-11.0826416015625,0.0001262944279005751,-0.15419454872608185,-9.83801692200359e-06,-0.9880404472351074,7.5331878662109375,-0.0031858128495514393,-3.044264793395996,1.5186519058590742e-25,1.2211566812821263e-27,1.2848266875010865e-19
1785523708649653300,27165778,-34.871212005615234,0.007109374739229679,-11.0946626663208,0.0001262944279005751,-0.15419454872608185,-9.83801692200359e-06,-0.9880404472351074,7.535223007202148,-0.003184855217114091,-3.0489084720611572,1.2924697071141057e-25,1.0815283010580072e-27,1.137651481741384e-19
1785523708662915700,27185888,-34.98011779785156,0.007128905970603228,-11.102836608886719,0.0001262944279005751,-0.15419454872608185,-9.83801692200359e-06,-0.9880404472351074,7.538236618041992,-0.0031833937391638756,-3.0558412075042725,1.0985992510469899e-25,9.008791537623955e-28,9.477522034728616e-20
1785523708676283200,27199120,-35.14218521118164,0.007158203050494194,-11.11510181427002,0.0001262944279005751,-0.15419454872608185,-9.83801692200359e-06,-0.9880404472351074,7.540218353271484,-0.003182406537234783,-3.060429096221924,9.53196408996653e-26,7.967495142732219e-28,8.393174847141973e-20
1785523708690761600,27199120,-35.14218521118164,0.007158203050494194,-11.11510181427002,0.0001262944279005751,-0.15419454872608185,-9.83801692200359e-06,-0.9880404472351074,7.540218353271484,-0.003182406537234783,-3.060429096221924,9.53196408996653e-26,7.967495142732219e-28,8.393174847141973e-20
1785523708704949600,27219009,-35.25046920776367,0.0071777342818677425,-11.123353958129883,0.0001262944279005751,-0.15419454872608185,-9.83801692200359e-06,-0.9880404472351074,7.543139457702637,-0.003180909436196089,-3.067244052886963,7.916376956073898e-26,6.65798604006534e-28,7.000407552051252e-20
1785523708718302900,27232424,-35.41171646118164,0.007207030896097422,-11.135726928710938,0.0001262944279005751,-0.15419454872608185,-9.83801692200359e-06,-0.9880404472351074,7.545074462890625,-0.0031798910349607468,-3.071789503097534,7.108583389127582e-26,5.892790962000958e-28,6.198255615376489e-20
1785523708731816200,27252991,-35.52109146118164,0.00722656212747097,-11.144174575805664,0.0001262944279005751,-0.15419454872608185,-9.83801692200359e-06,-0.9880404472351074,7.547983169555664,-0.0031783177983015776,-3.0786688327789307,5.816113682013476e-26,4.890937612370273e-28,5.149914372008058e-20
1785523708746401200,27265907,-35.68671798706055,0.007255859207361937,-11.157065391540527,0.0001262944279005751,-0.15419454872608185,-9.83801692200359e-06,-0.9880404472351074,7.549863815307617,-0.003177271457388997,-3.083153247833252,4.8467614016778965e-26,4.32690206513725e-28,4.5611688941408675e-20
1785523708762171000,27265907,-35.68671798706055,0.007255859207361937,-11.157065391540527,0.0001262944279005751,-0.15419454872608185,-9.83801692200359e-06,-0.9880404472351074,7.549863815307617,-0.003177271457388997,-3.083153247833252,4.8467614016778965e-26,4.32690206513725e-28,4.5611688941408675e-20
1785523708774674900,27286150,-35.792850494384766,0.007275390438735485,-11.165375709533691,0.0001262944279005751,-0.15419454872608185,-9.83801692200359e-06,-0.9880404472351074,7.552647590637207,-0.0031756823882460594,-3.0898354053497314,4.0389678347315804e-26,3.612982945912234e-28,3.802657520244239e-20
1785523708788772100,27299184,-35.95671844482422,0.0073046875186264515,-11.178296089172363,0.0001262944279005751,-0.15419454872608185,-9.83801692200359e-06,-0.9880404472351074,7.554478645324707,-0.0031746122986078262,-3.0942556858062744,3.6350710512584224e-26,3.2008031229342554e-28,3.3694423539349046e-20
1785523708803174200,27319401,-36.063438415527344,0.00732421875,-11.186772346496582,0.0001262944279005751,-0.15419454872608185,-9.83801692200359e-06,-0.9880404472351074,7.557195663452148,-0.003172979224473238,-3.100872039794922,3.150394911090633e-26,2.6722663164361775e-28,2.808536673558952e-20
1785523708815143500,27332478,-36.22738265991211,0.007353515364229679,-11.199868202209473,0.0001262944279005751,-0.15419454872608185,-9.83801692200359e-06,-0.9880404472351074,7.55898380279541,-0.003171877935528755,-3.105254650115967,2.8272774843121063e-26,2.3665827156630354e-28,2.487798521952509e-20
1785523708830119300,27332478,-36.22738265991211,0.007353515364229679,-11.199868202209473,0.0001262944279005751,-0.15419454872608185,-9.83801692200359e-06,-0.9880404472351074,7.55898380279541,-0.003171877935528755,-3.105254650115967,2.8272774843121063e-26,2.3665827156630354e-28,2.487798521952509e-20
1785523708843028100,27352561,-36.334842681884766,0.007373046595603228,-11.208510398864746,0.0001262944279005751,-0.15419454872608185,-9.83801692200359e-06,-0.9880404472351074,7.561629295349121,-0.0031702069099992514,-3.1117851734161377,2.3829910224916325e-26,1.9760965675786346e-28,2.0744809267841963e-20
1785523708857799800,27365765,-36.49796676635742,0.007402343675494194,-11.22171401977539,0.0001262944279005751,-0.15419454872608185,-9.83801692200359e-06,-0.9880404472351074,7.5633745193481445,-0.003169076517224312,-3.1161255836486816,2.1002632740604218e-26,1.7473269050645411e-28,1.83726087518176e-20
1785523708872587500,27385880,-36.606483459472656,0.0074218749068677425,-11.230551719665527,0.0001262944279005751,-0.15419454872608185,-9.83801692200359e-06,-0.9880404472351074,7.565960884094238,-0.003167360322549939,-3.1226017475128174,1.7771458472818954e-26,1.4584065985273456e-28,1.5312488003007485e-20
1785523708886837800,27399177,-36.76968765258789,0.007451171521097422,-11.24393081665039,0.0001262944279005751,-0.15419454872608185,-9.83801692200359e-06,-0.9880404472351074,7.567668914794922,-0.0031661996617913246,-3.1269068717956543,1.5348077771980006e-26,1.2897875800363543e-28,1.3556656596783035e-20
1785523708899478500,27419210,-36.878944396972656,0.00747070275247097,-11.252943992614746,0.0001262944279005751,-0.15419454872608185,-9.83801692200359e-06,-0.9880404472351074,7.570189476013184,-0.0031644452828913927,-3.133305549621582,1.3328593854614215e-26,1.0748229833636286e-28,1.1300763006321169e-20
1785523708915392400,27432395,-37.041561126708984,0.007499999832361937,-11.266440391540527,0.0001262944279005751,-0.15419454872608185,-9.83801692200359e-06,-0.9880404472351074,7.5718488693237305,-0.0031632627360522747,-3.137547254562378,1.1511058328985004e-26,9.515634669228455e-29,1.0009521953222389e-20
1785523708928288400,27432395,-37.041561126708984,0.007499999832361937,-11.266440391540527,0.0001262944279005751,-0.15419454872608185,-9.83801692200359e-06,-0.9880404472351074,7.5718488693237305,-0.0031632627360522747,-3.137547254562378,1.1511058328985004e-26,9.515634669228455e-29,1.0009521953222389e-20
1785523708942481600,27452510,-37.1506233215332,0.007519531063735485,-11.275551795959473,0.0001262944279005751,-0.15419454872608185,-9.83801692200359e-06,-0.9880404472351074,7.574304580688477,-0.0031614690087735653,-3.1438755989074707,9.491574411619214e-27,7.9329824781288e-29,8.343669056832955e-21
1785523708956483900,27465791,-37.31363296508789,0.0075488281436264515,-11.2892427444458,0.0001262944279005751,-0.15419454872608185,-9.83801692200359e-06,-0.9880404472351074,7.575928688049316,-0.0031602573581039906,-3.148082733154297,8.683780844672898e-27,7.030722817782268e-29,7.38765587166836e-21
1785523708970709800,27485934,-37.423240661621094,0.007568359375,-11.298510551452637,0.0001262944279005751,-0.15419454872608185,-9.83801692200359e-06,-0.9880404472351074,7.57833194732666,-0.0031584191601723433,-3.1543617248535156,7.472090494253424e-27,5.852361840608381e-29,6.154264550969657e-21
1785523708984112300,27499496,-37.586875915527344,0.007597655989229679,-11.312426567077637,0.0001262944279005751,-0.15419454872608185,-9.83801692200359e-06,-0.9880404472351074,7.57993221282959,-0.0031571686267852783,-3.1585676670074463,6.462348535570529e-27,5.181830071170521e-29,5.441581406389167e-21
1785523708998206900,27519104,-37.698631286621094,0.007617187220603228,-11.32198715209961,0.0001262944279005751,-0.15419454872608185,-9.83801692200359e-06,-0.9880404472351074,7.582256317138672,-0.003155308309942484,-3.164724111557007,5.4526065768876336e-27,4.323943836742671e-29,4.540286137965598e-21
1785523709013068100,27532428,-37.858787536621094,0.007646484300494194,-11.335756301879883,0.0001262944279005751,-0.15419454872608185,-9.83801692200359e-06,-0.9880404472351074,7.5837860107421875,-0.0031540566124022007,-3.1688032150268555,5.0487097934144756e-27,3.828440580650723e-29,4.024298303555835e-21
1785523709027018200,27532428,-37.858787536621094,0.007646484300494194,-11.335756301879883,0.0001262944279005751,-0.15419454872608185,-9.83801692200359e-06,-0.9880404472351074,7.5837860107421875,-0.0031540566124022007,-3.1688032150268555,5.0487097934144756e-27,3.828440580650723e-29,4.024298303555835e-21
1785523709039609700,27552627,-37.96882629394531,0.0076660155318677425,-11.345277786254883,0.0001262944279005751,-0.15419454872608185,-9.83801692200359e-06,-0.9880404472351074,7.586073875427246,-0.003152143210172653,-3.17494797706604,4.13994203059987e-27,3.192421475816282e-29,3.351973737270334e-21
1785523709053869300,27565796,-38.13273239135742,0.007695312146097422,-11.359536170959473,0.0001262944279005751,-0.15419454872608185,-9.83801692200359e-06,-0.9880404472351074,7.587574005126953,-0.0031508589163422585,-3.1790080070495605,3.6350710512584224e-27,2.8251081168227485e-29,2.9685787545262733e-21
1785523709068510200,27585705,-38.24187469482422,0.00771484337747097,-11.3690767288208,0.0001262944279005751,-0.15419454872608185,-9.83801692200359e-06,-0.9880404472351074,7.589787483215332,-0.0031489236280322075,-3.1850368976593018,2.9787387781145406e-27,2.361652335005404e-29,2.476183137084353e-21
1785523709082736400,27599130,-38.40476608276367,0.007744140457361937,-11.383402824401855,0.0001262944279005751,-0.15419454872608185,-9.83801692200359e-06,-0.9880404472351074,7.591256141662598,-0.003147613722831011,-3.1890602111816406,2.6253290925755273e-27,2.08555101817805e-29,2.192402227790236e-21
1785523709094295400,27599130,-38.40476608276367,0.007744140457361937,-11.383402824401855,0.0001262944279005751,-0.15419454872608185,-9.83801692200359e-06,-0.9880404472351074,7.591256141662598,-0.003147613722831011,-3.1890602111816406,2.6253290925755273e-27,2.08555101817805e-29,2.192402227790236e-21
1785523709110074600,27619070,-38.51523208618164,0.007763671688735485,-11.393168449401855,0.0001262944279005751,-0.15419454872608185,-9.83801692200359e-06,-0.9880404472351074,7.593423843383789,-0.0031456344295293093,-3.195049524307251,2.1204581132340797e-27,1.7367265866506338e-29,1.8271597801342013e-21
1785523709123215000,27632387,-38.67847442626953,0.0077929687686264515,-11.407670974731445,0.0001262944279005751,-0.15419454872608185,-9.83801692200359e-06,-0.9880404472351074,7.594853401184082,-0.003144301939755678,-3.1990246772766113,1.9185097214975007e-27,1.5395113603453809e-29,1.6178965147263358e-21
1785523709134880100,27652523,-38.78871154785156,0.0078125,-11.417524337768555,0.0001262944279005751,-0.15419454872608185,-9.83801692200359e-06,-0.9880404472351074,7.5969743728637695,-0.0031422823667526245,-3.2049639225006104,1.5146129380243427e-27,1.2806663758197364e-29,1.347609897942253e-21
1785523709148109800,27665719,-38.95304489135742,0.007841796614229679,-11.432290077209473,0.0001262944279005751,-0.15419454872608185,-9.83801692200359e-06,-0.9880404472351074,7.598365783691406,-0.0031409282237291336,-3.2088890075683594,1.3631516442219084e-27,1.1339875512552045e-29,1.193446029787404e-21
1785523709161255600,27665719,-38.95304489135742,0.007841796614229679,-11.432290077209473,0.0001262944279005751,-0.15419454872608185,-9.83801692200359e-06,-0.9880404472351074,7.598365783691406,-0.0031409282237291336,-3.2088890075683594,1.3631516442219084e-27,1.1339875512552045e-29,1.193446029787404e-21
1785523709175579700,27685645,-39.0625,0.007861328311264515,-11.44217300415039,0.0001262944279005751,-0.15419454872608185,-9.83801692200359e-06,-0.9880404472351074,7.6004180908203125,-0.0031388886272907257,-3.2147207260131836,1.1864468014524018e-27,9.472493838474181e-30,9.953661614429309e-22
1785523709188422200,27699026,-39.22593688964844,0.007890624925494194,-11.45699691772461,0.0001262944279005751,-0.15419454872608185,-9.83801692200359e-06,-0.9880404472351074,7.601778030395508,-0.003137512132525444,-3.218606472015381,1.0349855076499675e-27,8.38781009379529e-30,8.813763917272188e-22
1785523709202542900,27719113,-39.33640670776367,0.007910155691206455,-11.46706485748291,0.0001262944279005751,-0.15419454872608185,-9.83801692200359e-06,-0.9880404472351074,7.603790283203125,-0.0031354292295873165,-3.2243995666503906,8.582806648804608e-28,6.988814582192401e-30,7.344310173737e-22
1785523709216873200,27732377,-39.50042724609375,0.007939453236758709,-11.482094764709473,0.0001262944279005751,-0.15419454872608185,-9.83801692200359e-06,-0.9880404472351074,7.605116844177246,-0.0031340299174189568,-3.228240966796875,7.32062920045099e-28,6.181464749505272e-30,6.503243084897186e-22
1785523709230520400,27752301,-39.61062240600586,0.00795898400247097,-11.492250442504883,0.0001262944279005751,-0.15419454872608185,-9.83801692200359e-06,-0.9880404472351074,7.6070709228515625,-0.003131923731416464,-3.233947277069092,6.310887241768094e-28,5.1584107630467725e-30,5.422778799428141e-22
1785523709244856400,27765651,-39.77410125732422,0.00798828061670065,-11.507397651672363,0.0001262944279005751,-0.15419454872608185,-9.83801692200359e-06,-0.9880404472351074,7.608364105224609,-0.003130502300336957,-3.2377474308013916,5.679798517591285e-28,4.566765084131014e-30,4.801353810666906e-22
1785523709259377300,27765651,-39.77410125732422,0.00798828061670065,-11.507397651672363,0.0001262944279005751,-0.15419454872608185,-9.83801692200359e-06,-0.9880404472351074,7.608364105224609,-0.003130502300336957,-3.2377474308013916,5.679798517591285e-28,4.566765084131014e-30,4.801353810666906e-22
1785523709272505700,27785638,-39.88496017456055,0.008007812313735485,-11.517719268798828,0.0001262944279005751,-0.15419454872608185,-9.83801692200359e-06,-0.9880404472351074,7.610272407531738,-0.003128360491245985,-3.2433977127075195,4.796274303743752e-28,3.8087190580201976e-30,4.0024376425858403e-22
1785523709284936200,27799071,-40.04847717285156,0.008037108927965164,-11.533012390136719,0.0001262944279005751,-0.15419454872608185,-9.83801692200359e-06,-0.9880404472351074,7.61153507232666,-0.003126915078610182,-3.247162342071533,4.165185579566942e-28,3.368066286744398e-30,3.5428399585748784e-22
1785523709299722800,27819144,-40.15996170043945,0.008056640625,-11.54349136352539,0.0001262944279005751,-0.15419454872608185,-9.83801692200359e-06,-0.9880404472351074,7.613406181335449,-0.0031247311271727085,-3.252777099609375,3.34477023813709e-28,2.8041539990278154e-30,2.9504392451095144e-22
1785523709313863700,27832799,-40.32448959350586,0.008085937239229679,-11.5590181350708,0.0001262944279005751,-0.15419454872608185,-9.83801692200359e-06,-0.9880404472351074,7.614651679992676,-0.0031232477631419897,-3.2565417289733887,2.9030081312133234e-28,2.4759755365042304e-30,2.607815370737662e-22
1785523709326491500,27832799,-40.32448959350586,0.008085937239229679,-11.5590181350708,0.0001262944279005751,-0.15419454872608185,-9.83801692200359e-06,-0.9880404472351074,7.614651679992676,-0.0031232477631419897,-3.2565417289733887,2.9030081312133234e-28,2.4759755365042304e-30,2.607815370737662e-22
1785523709341025000,27852245,-40.43800735473633,0.008105468936264515,-11.56978988647461,0.0001262944279005751,-0.15419454872608185,-9.83801692200359e-06,-0.9880404472351074,7.616447448730469,-0.0031210663728415966,-3.2620086669921875,2.524354896707238e-28,2.0723006201606658e-30,2.1779225281027233e-22
1785523709355274400,27865674,-40.59749984741211,0.008134765550494194,-11.58499526977539,0.0001262944279005751,-0.15419454872608185,-9.83801692200359e-06,-0.9880404472351074,7.617632865905762,-0.0031195972114801407,-3.265644073486328,2.271919407036514e-28,1.8334853070566485e-30,1.930680646196485e-22
1785523709368253000,27885598,-40.709373474121094,0.008154296316206455,-11.595707893371582,0.0001262944279005751,-0.15419454872608185,-9.83801692200359e-06,-0.9880404472351074,7.619406700134277,-0.0031173592433333397,-3.271115303039551,1.8617117363215879e-28,1.5299587478212202e-30,1.6086948877181524e-22
1785523709381521400,27899022,-40.8732795715332,0.008183593861758709,-11.611469268798828,0.0001262944279005751,-0.15419454872608185,-9.83801692200359e-06,-0.9880404472351074,7.620575904846191,-0.0031158565543591976,-3.274745464324951,1.672385119068545e-28,1.3543139368931043e-30,1.4242814224005709e-22
1785523709394612200,27899022,-40.8732795715332,0.008183593861758709,-11.611469268798828,0.0001262944279005751,-0.15419454872608185,-9.83801692200359e-06,-0.9880404472351074,7.620575904846191,-0.0031158565543591976,-3.274745464324951,1.672385119068545e-28,1.3543139368931043e-30,1.4242814224005709e-22
1785523709409074700,27919061,-40.98456954956055,0.00820312462747097,-11.622220993041992,0.0001262944279005751,-0.15419454872608185,-9.83801692200359e-06,-0.9880404472351074,7.622304916381836,-0.0031135892495512962,-3.280154228210449,1.3883951931889808e-28,1.1278245754331653e-30,1.1867497240400066e-22
1785523709421917200,27932500,-41.14910125732422,0.00823242124170065,-11.638188362121582,0.0001262944279005751,-0.15419454872608185,-9.83801692200359e-06,-0.9880404472351074,7.623444557189941,-0.0031120665371418,-3.2837438583374023,1.2306230121447784e-28,9.98402083170343e-31,1.05065367362285e-22
1785523709436243700,27952473,-41.26019287109375,0.008251952938735485,-11.649018287658691,0.0001262944279005751,-0.15419454872608185,-9.83801692200359e-06,-0.9880404472351074,7.625131607055664,-0.003109769430011511,-3.289093017578125,1.0097419586828951e-28,8.320017359752859e-31,8.753451777644569e-23
1785523709449962900,27965856,-41.42511749267578,0.008281249552965164,-11.6651611328125,0.0001262944279005751,-0.15419454872608185,-9.83801692200359e-06,-0.9880404472351074,7.626245498657227,-0.0031082220375537872,-3.2926530838012695,8.835242138475332e-29,7.36475610733679e-31,7.746302331440593e-23
1785523709462726900,27985787,-41.536834716796875,0.00830078125,-11.6761474609375,0.0001262944279005751,-0.15419454872608185,-9.83801692200359e-06,-0.9880404472351074,7.627885818481445,-0.0031059030443429947,-3.297927141189575,7.415292509077511e-29,6.143716522595282e-31,6.456659901810799e-23
1785523709476972200,27999037,-41.700897216796875,0.008330077864229679,-11.69234848022461,0.0001262944279005751,-0.15419454872608185,-9.83801692200359e-06,-0.9880404472351074,7.628963470458984,-0.003104353090748191,-3.3014109134674072,6.626431603856499e-29,5.438826162949554e-31,5.721033223740274e-23
1785523709490295800,27999037,-41.700897216796875,0.008330077864229679,-11.69234848022461,0.0001262944279005751,-0.15419454872608185,-9.83801692200359e-06,-0.9880404472351074,7.628963470458984,-0.003104353090748191,-3.3014109134674072,6.626431603856499e-29,5.438826162949554e-31,5.721033223740274e-23
1785523709504744500,28018956,-41.81113052368164,0.008349609561264515,-11.703275680541992,0.0001262944279005751,-0.15419454872608185,-9.83801692200359e-06,-0.9880404472351074,7.630552291870117,-0.003102019429206848,-3.3065943717956543,5.522026336547083e-29,4.541342808865102e-31,4.7735683625365943e-23
1785523709518032800,28032373,-41.97507858276367,0.008378906175494194,-11.71959400177002,0.0001262944279005751,-0.15419454872608185,-9.83801692200359e-06,-0.9880404472351074,7.631610870361328,-0.003100441303104162,-3.310061454772949,4.733165431326071e-29,4.0136380041029995e-31,4.226123822317817e-23
1785523709531152200,28052377,-42.08699035644531,0.008398436941206455,-11.730795860290527,0.0001262944279005751,-0.15419454872608185,-9.83801692200359e-06,-0.9880404472351074,7.633173942565918,-0.0030980627052485943,-3.315225601196289,4.1809627976713626e-29,3.3511181032337904e-31,3.5210673975907785e-23
1785523709544318400,28065723,-42.25175857543945,0.008427734486758709,-11.74734878540039,0.0001262944279005751,-0.15419454872608185,-9.83801692200359e-06,-0.9880404472351074,7.63420295715332,-0.0030964668840169907,-3.318650722503662,3.6287601640166543e-29,2.964006184411956e-31,3.117365620533391e-23
1785523709557970600,28065723,-42.25175857543945,0.008427734486758709,-11.74734878540039,0.0001262944279005751,-0.15419454872608185,-9.83801692200359e-06,-0.9880404472351074,7.63420295715332,-0.0030964668840169907,-3.318650722503662,3.6287601640166543e-29,2.964006184411956e-31,3.117365620533391e-23
1785523709573323400,28085896,-42.36320114135742,0.00844726525247097,-11.758588790893555,0.0001262944279005751,-0.15419454872608185,-9.83801692200359e-06,-0.9880404472351074,7.635727882385254,-0.0030940589495003223,-3.323760509490967,2.9187853493177437e-29,2.467116258760049e-31,2.5966937572603666e-23
1785523709586243800,28099029,-42.52878952026367,0.00847656186670065,-11.775346755981445,0.0001262944279005751,-0.15419454872608185,-9.83801692200359e-06,-0.9880404472351074,7.636730194091797,-0.0030924505554139614,-3.327136516571045,2.68212707775144e-29,2.189782346768287e-31,2.299770456839704e-23
1785523709604808800,28118997,-42.63925552368164,0.008496093563735485,-11.786566734313965,0.0001262944279005751,-0.15419454872608185,-9.83801692200359e-06,-0.9880404472351074,7.638204574584961,-0.0030900356359779835,-3.3321480751037598,2.2876966251409342e-29,1.8277075172234868e-31,1.9183797172203203e-23
1785523709615204800,28132379,-42.80386734008789,0.008525390177965164,-11.803383827209473,0.0001262944279005751,-0.15419454872608185,-9.83801692200359e-06,-0.9880404472351074,7.63918399810791,-0.0030884058214724064,-3.33549427986145,1.9721522630525295e-29,1.6158552233408909e-31,1.6984206843844593e-23
1785523709628227900,28132379,-42.80386734008789,0.008525390177965164,-11.803383827209473,0.0001262944279005751,-0.15419454872608185,-9.83801692200359e-06,-0.9880404472351074,7.63918399810791,-0.0030884058214724064,-3.33549427986145,1.9721522630525295e-29,1.6158552233408909e-31,1.6984206843844593e-23
1785523709641400400,28152333,-42.91570281982422,0.008544921875,-11.814838409423828,0.0001262944279005751,-0.15419454872608185,-9.83801692200359e-06,-0.9880404472351074,7.640630722045898,-0.003085953649133444,-3.340471029281616,1.735493991486226e-29,1.351039855987646e-31,1.415512444578134e-23
1785523709655799100,28165762,-43.08058547973633,0.008574218489229679,-11.831801414489746,0.0001262944279005751,-0.15419454872608185,-9.83801692200359e-06,-0.9880404472351074,7.641585350036621,-0.003084308234974742,-3.343776226043701,1.4593926746588718e-29,1.1931136005478926e-31,1.2532869859517781e-23
1785523709670091100,28185785,-43.19230270385742,0.008593750186264515,-11.843335151672363,0.0001262944279005751,-0.15419454872608185,-9.83801692200359e-06,-0.9880404472351074,7.642998695373535,-0.003081824630498886,-3.3487091064453125,1.2227344030925683e-29,9.937798513038137e-32,1.0439449953810151e-23
1785523709684541800,28199056,-43.358123779296875,0.008623046800494194,-11.8605318069458,0.0001262944279005751,-0.15419454872608185,-9.83801692200359e-06,-0.9880404472351074,7.643927574157715,-0.0030801643151789904,-3.3519716262817383,1.0452406994178406e-29,8.791870196127732e-32,9.244278350746005e-24
1785523709697831600,28219255,-43.46906280517578,0.008642577566206455,-11.872084617614746,0.0001262944279005751,-0.15419454872608185,-9.83801692200359e-06,-0.9880404472351074,7.645307540893555,-0.0030776560306549072,-3.3568484783172607,9.269115636346889e-30,7.328163438393432e-32,7.699575102352912e-24
1785523709710988300,28232306,-43.635704040527344,0.008671875111758709,-11.889487266540527,0.0001262944279005751,-0.15419454872608185,-9.83801692200359e-06,-0.9880404472351074,7.646210670471191,-0.003075983840972185,-3.3600645065307617,8.283039504820624e-30,6.500013562306921e-32,6.820167953569727e-24
1785523709725424500,28232306,-43.635704040527344,0.008671875111758709,-11.889487266540527,0.0001262944279005751,-0.15419454872608185,-9.83801692200359e-06,-0.9880404472351074,7.646210670471191,-0.003075983840972185,-3.3600645065307617,8.283039504820624e-30,6.500013562306921e-32,6.820167953569727e-24
1785523709741485500,28252386,-43.74562454223633,0.00869140587747097,-11.901020050048828,0.0001262944279005751,-0.15419454872608185,-9.83801692200359e-06,-0.9880404472351074,7.647546768188477,-0.003073467407375574,-3.3648529052734375,6.508102468073347e-30,5.402233494006197e-32,5.6873605382287336e-24
1785523709753093100,28265687,-43.91156005859375,0.00872070249170065,-11.91848087310791,0.0001262944279005751,-0.15419454872608185,-9.83801692200359e-06,-0.9880404472351074,7.648429870605469,-0.0030717754270881414,-3.3680403232574463,5.620633949699709e-30,4.7955655615242173e-32,5.03598231156964e-24
1785523709767507900,28285661,-44.02273178100586,0.008740234188735485,-11.930229187011719,0.0001262944279005751,-0.15419454872608185,-9.83801692200359e-06,-0.9880404472351074,7.649733543395996,-0.0030692326836287975,-3.37277889251709,4.733165431326071e-30,3.9914898097425463e-32,4.198399384689915e-24
1785523709780601400,28298980,-44.188201904296875,0.008769530802965164,-11.94777774810791,0.0001262944279005751,-0.15419454872608185,-9.83801692200359e-06,-0.9880404472351074,7.650595664978027,-0.0030675260350108147,-3.375927448272705,4.2401273655629385e-30,3.543711097672514e-32,3.717701470067155e-24
1785523709795126300,28298980,-44.188201904296875,0.008769530802965164,-11.94777774810791,0.0001262944279005751,-0.15419454872608185,-9.83801692200359e-06,-0.9880404472351074,7.650595664978027,-0.0030675260350108147,-3.375927448272705,4.2401273655629385e-30,3.543711097672514e-32,3.717701470067155e-24
1785523709808353200,28319263,-44.299766540527344,0.0087890625,-11.959643363952637,0.0001262944279005751,-0.15419454872608185,-9.83801692200359e-06,-0.9880404472351074,7.651878356933594,-0.003064938820898533,-3.3806493282318115,3.6484816866471796e-30,2.949080227342955e-32,3.094487352661488e-24
1785523709824342400,28332342,-44.46722412109375,0.008818359114229679,-11.977523803710938,0.0001262944279005751,-0.15419454872608185,-9.83801692200359e-06,-0.9880404472351074,7.652715682983398,-0.0030632198322564363,-3.3837547302246094,3.1554436208840472e-30,2.6120424870751886e-32,2.7407997908686107e-24
1785523709838797900,28352338,-44.5771484375,0.008837890811264515,-11.989311218261719,0.0001262944279005751,-0.15419454872608185,-9.83801692200359e-06,-0.9880404472351074,7.6539506912231445,-0.00306064635515213,-3.388356924057007,2.6131017485446016e-30,2.1763008371575765e-32,2.287237113663643e-24
1785523709853105700,28365797,-44.74250030517578,0.008867187425494194,-12.007094383239746,0.0001262944279005751,-0.15419454872608185,-9.83801692200359e-06,-0.9880404472351074,7.654770851135254,-0.0030589085072278976,-3.39143443107605,2.3172789090867222e-30,1.927133650602478e-32,2.025126639420836e-24
1785523709866041700,28386037,-44.854530334472656,0.008886718191206455,-12.019193649291992,0.0001262944279005751,-0.15419454872608185,-9.83801692200359e-06,-0.9880404472351074,7.655994415283203,-0.00305626867339015,-3.3960602283477783,1.9721522630525295e-30,1.6033366787023738e-32,1.684562173216763e-24
1785523709879179800,28399117,-45.0226936340332,0.008916015736758709,-12.037416458129883,0.0001262944279005751,-0.15419454872608185,-9.83801692200359e-06,-0.9880404472351074,7.6567888259887695,-0.003054522443562746,-3.3990893363952637,1.7256332301709633e-30,1.4191696277703444e-32,1.4921897640086617e-24
1785523709893290100,28399117,-45.0226936340332,0.008916015736758709,-12.037416458129883,0.0001262944279005751,-0.15419454872608185,-9.83801692200359e-06,-0.9880404472351074,7.6567888259887695,-0.003054522443562746,-3.3990893363952637,1.7256332301709633e-30,1.4191696277703444e-32,1.4921897640086617e-24
1785523709908161300,28419585,-45.13214874267578,0.00893554650247097,-12.049321174621582,0.0001262944279005751,-0.15419454872608185,-9.83801692200359e-06,-0.9880404472351074,7.6579742431640625,-0.003051874227821827,-3.4036366939544678,1.4298103907130839e-30,1.182039503367666e-32,1.2424368944537551e-24
1785523709921086900,28432419,-45.30113220214844,0.00896484311670065,-12.0677490234375,0.0001262944279005751,-0.15419454872608185,-9.83801692200359e-06,-0.9880404472351074,7.658748626708984,-0.0030501163564622402,-3.4066245555877686,1.232595164407831e-30,1.0484281134758015e-32,1.100781733348897e-24
1785523709934648900,28452549,-45.40980529785156,0.008984374813735485,-12.079633712768555,0.0001262944279005751,-0.15419454872608185,-9.83801692200359e-06,-0.9880404472351074,7.659893035888672,-0.0030474793165922165,-3.4110653400421143,1.0600318413907346e-30,8.726870060504662e-33,9.185739941197948e-25
1785523709948305800,28465835,-45.576560974121094,0.009013671427965164,-12.097944259643555,0.0001262944279005751,-0.15419454872608185,-9.83801692200359e-06,-0.9880404472351074,7.660652160644531,-0.0030457000248134136,-3.414031744003296,9.367723249499515e-31,7.727793901853784e-33,8.133673129759617e-25
1785523709961406000,28465835,-45.576560974121094,0.009013671427965164,-12.097944259643555,0.0001262944279005751,-0.15419454872608185,-9.83801692200359e-06,-0.9880404472351074,7.660652160644531,-0.0030457000248134136,-3.414031744003296,9.367723249499515e-31,7.727793901853784e-33,8.133673129759617e-25
1785523709974810100,28486209,-45.687889099121094,0.009033203125,-12.110199928283691,0.0001262944279005751,-0.15419454872608185,-9.83801692200359e-06,-0.9880404472351074,7.661783218383789,-0.003043001051992178,-3.4184865951538086,7.395570986446986e-31,6.43380972046861e-33,6.767846260992878e-25
1785523709990053300,28499068,-45.85660171508789,0.009062499739229679,-12.128832817077637,0.0001262944279005751,-0.15419454872608185,-9.83801692200359e-06,-0.9880404472351074,7.662518501281738,-0.003041217103600502,-3.421402931213379,6.902532920683853e-31,5.711585991323396e-33,5.996381217846187e-25
1785523710002914600,28519098,-45.96566390991211,0.009082031436264515,-12.140913009643555,0.0001262944279005751,-0.15419454872608185,-9.83801692200359e-06,-0.9880404472351074,7.663605690002441,-0.0030385421123355627,-3.4257335662841797,5.7931972727168054e-31,4.763667346820304e-33,5.004671633380513e-25
1785523710017089900,28532364,-46.13218688964844,0.009111328050494194,-12.159428596496582,0.0001262944279005751,-0.15419454872608185,-9.83801692200359e-06,-0.9880404472351074,7.6643266677856445,-0.003036737907677889,-3.428626775741577,5.053640174072107e-31,4.2219995499613936e-33,4.432013343415358e-25
1785523710033304700,28552423,-46.24367141723633,0.009130858816206455,-12.171859741210938,0.0001262944279005751,-0.15419454872608185,-9.83801692200359e-06,-0.9880404472351074,7.665393829345703,-0.0030340244993567467,-3.432936191558838,4.190823558986625e-31,3.5148221485067054e-33,3.6940852425399405e-25
1785523710047538500,28565771,-46.410194396972656,0.009160156361758709,-12.190492630004883,0.0001262944279005751,-0.15419454872608185,-9.83801692200359e-06,-0.9880404472351074,7.666094779968262,-0.0030322051607072353,-3.4357972145080566,3.5745259767827097e-31,3.111580566400628e-33,3.270945676398113e-25
1785523710060259300,28565771,-46.410194396972656,0.009160156361758709,-12.190492630004883,0.0001262944279005751,-0.15419454872608185,-9.83801692200359e-06,-0.9880404472351074,7.666094779968262,-0.0030322051607072353,-3.4357972145080566,3.5745259767827097e-31,3.111580566400628e-33,3.270945676398113e-25
1785523710074763500,28586039,-46.52199172973633,0.00917968712747097,-12.203042030334473,0.0001262944279005751,-0.15419454872608185,-9.83801692200359e-06,-0.9880404472351074,7.667142868041992,-0.00302945077419281,-3.4400875568389893,3.0814879110195774e-31,2.5909776283084532e-33,2.72234172758541e-25
1785523710088833800,28599151,-46.69038772583008,0.00920898374170065,-12.221997261047363,0.0001262944279005751,-0.15419454872608185,-9.83801692200359e-06,-0.9880404472351074,7.667825698852539,-0.0030276235193014145,-3.4429073333740234,2.8965986363584027e-31,2.2945649728051052e-33,2.4111997023862043e-25
1785523710101752100,28619204,-46.80054473876953,0.009228515438735485,-12.234448432922363,0.0001262944279005751,-0.15419454872608185,-9.83801692200359e-06,-0.9880404472351074,7.668837547302246,-0.0030248796101659536,-3.44710111618042,2.2803010541544873e-31,1.912388249465763e-33,2.0108478626058832e-25
1785523710116260700,28632476,-46.96753692626953,0.009257812052965164,-12.253374099731445,0.0001262944279005751,-0.15419454872608185,-9.83801692200359e-06,-0.9880404472351074,7.669506072998047,-0.00302303908392787,-3.4498889446258545,2.0954117794933126e-31,1.6942164979531465e-33,1.7808963878481555e-25
1785523710129753300,28652545,-47.07886505126953,0.00927734375,-12.266019821166992,0.0001262944279005751,-0.15419454872608185,-9.83801692200359e-06,-0.9880404472351074,7.67049503326416,-0.0030202683992683887,-3.454044818878174,1.7872629883913549e-31,1.4143548029093763e-33,1.4843320191393684e-25
1785523710144172100,28665716,-47.245975494384766,0.009306640364229679,-12.285062789916992,0.0001262944279005751,-0.15419454872608185,-9.83801692200359e-06,-0.9880404472351074,7.671142578125,-0.0030184146016836166,-3.456798553466797,1.5715588346199845e-31,1.2548637293898084e-33,1.314568412778708e-25
1785523710158407700,28665716,-47.245975494384766,0.009306640364229679,-12.285062789916992,0.0001262944279005751,-0.15419454872608185,-9.83801692200359e-06,-0.9880404472351074,7.671142578125,-0.0030184146016836166,-3.456798553466797,1.5715588346199845e-31,1.2548637293898084e-33,1.314568412778708e-25
1785523710173015700,28685963,-47.35737991333008,0.009326172061264515,-12.297797203063965,0.0001262944279005751,-0.15419454872608185,-9.83801692200359e-06,-0.9880404472351074,7.6721086502075195,-0.0030156150460243225,-3.4609203338623047,1.355854680848614e-31,1.0442151417224544e-33,1.094833426300691e-25
1785523710187177500,28699099,-47.52550506591797,0.009355468675494194,-12.3170747756958,0.0001262944279005751,-0.15419454872608185,-9.83801692200359e-06,-0.9880404472351074,7.6727447509765625,-0.0030137498397380114,-3.46364164352417,1.1709654061874394e-31,9.245968365827785e-34,9.696113102093796e-26
1785523710200065600,28719435,-47.63636779785156,0.009374999441206455,-12.329818725585938,0.0001262944279005751,-0.15419454872608185,-9.83801692200359e-06,-0.9880404472351074,7.673688888549805,-0.003010929562151432,-3.467716932296753,9.244463733058732e-32,7.6811502860131555e-34,8.073877349884348e-26
1785523710214409800,28732417,-47.805233001708984,0.009404296986758709,-12.3493013381958,0.0001262944279005751,-0.15419454872608185,-9.83801692200359e-06,-0.9880404472351074,7.6743059158325195,-0.003009056206792593,-3.4703993797302246,8.320017359752859e-32,6.815986443807952e-34,7.152219106840365e-26
1785523710227065700,28732417,-47.805233001708984,0.009404296986758709,-12.3493013381958,0.0001262944279005751,-0.15419454872608185,-9.83801692200359e-06,-0.9880404472351074,7.6743059158325195,-0.003009056206792593,-3.4703993797302246,8.320017359752859e-32,6.815986443807952e-34,7.152219106840365e-26
1785523710241151000,28752477,-47.91515350341797,0.00942382775247097,-12.362016677856445,0.0001262944279005751,-0.15419454872608185,-9.83801692200359e-06,-0.9880404472351074,7.6752166748046875,-0.0030062454752624035,-3.4743876457214355,6.933347799794049e-32,5.6837502850959246e-34,5.966134072068717e-26
1785523710255608500,28765613,-48.08250045776367,0.00945312436670065,-12.381410598754883,0.0001262944279005751,-0.15419454872608185,-9.83801692200359e-06,-0.9880404472351074,7.675819396972656,-0.0030043593142181635,-3.4770398139953613,6.162975822039155e-32,5.032996612480706e-34,5.284544075113372e-26
1785523710270182900,28785996,-48.193748474121094,0.009472656063735485,-12.394350051879883,0.0001262944279005751,-0.15419454872608185,-9.83801692200359e-06,-0.9880404472351074,7.676715850830078,-0.0030015066731721163,-3.4810147285461426,5.238529448733282e-32,4.194163843733922e-34,4.400883659500172e-26
1785523710283879600,28799022,-48.36238098144531,0.009501952677965164,-12.414008140563965,0.0001262944279005751,-0.15419454872608185,-9.83801692200359e-06,-0.9880404472351074,7.677301406860352,-0.0029996386729180813,-3.483893394470215,3.699096851050854e-08,-0.17417384684085846,1.6570993466302752e-09
1785523710299850300,28819083,-48.47300720214844,0.009521484375,-12.426947593688965,0.00012617537868209183,-0.15253423154354095,-9.642149962019175e-06,-0.9882981181144714,7.688851356506348,-0.0029945429414510727,-3.4651906490325928,-5.561742000281811e-08,-0.9159595370292664,1.7600541468709707e-08
1785523710312979000,28832350,-48.64043045043945,0.009550780989229679,-12.4466552734375,0.00012644330854527652,-0.14369554817676544,-8.540907401766162e-06,-0.9896219372749329,7.7473649978637695,-0.002994777634739876,-3.333397388458252,4.225876182317734e-07,-1.4146920442581177,-1.2535019777715206e-07
1785523710325767800,28832350,-48.64043045043945,0.009550780989229679,-12.4466552734375,0.00012644330854527652,-0.14369554817676544,-8.540907401766162e-06,-0.9896219372749329,7.7473649978637695,-0.002994777634739876,-3.333397388458252,4.225876182317734e-07,-1.4146920442581177,-1.2535019777715206e-07
1785523710340401300,28852241,-48.75226593017578,0.009570312686264515,-12.45992660522461,0.0001264978782273829,-0.1336224377155304,-7.250559974636417e-06,-0.9910323023796082,7.8044633865356445,-0.002987281186506152,-3.1874003410339355,5.407491698861122e-07,-2.181074380874634,-1.4848774299025536e-07
1785523710356096700,28865676,-48.917694091796875,0.009599609300494194,-12.479819297790527,0.00012646598042920232,-0.11248636990785599,-4.536434971669223e-06,-0.9936532974243164,7.9216766357421875,-0.0029769635293632746,-2.85978102684021,-1.5425030142068863e-07,-2.4195101261138916,3.540480975061655e-08
1785523710370423400,28885554,-49.03116989135742,0.009619140066206455,-12.493657112121582,0.00012661753862630576,-0.09608538448810577,-2.459000370436115e-06,-0.995373010635376,7.985260009765625,-0.002962052822113037,-2.6062655448913574,2.8579961508512497e-07,-2.4384994506835938,-5.564652383327484e-08
1785523710382866800,28898962,-49.19636535644531,0.009648437611758709,-12.514077186584473,0.00012670228898059577,-0.07203730940818787,5.932195108471205e-07,-0.9974019527435303,8.07807445526123,-0.0029488359577953815,-2.2235026359558105,5.209585651755333e-07,-2.209528684616089,-7.56408553570509e-08
1785523710396488400,28919023,-49.30843734741211,0.00966796837747097,-12.528129577636719,0.0001265442988369614,-0.057795390486717224,2.4095461412798613e-06,-0.998328447341919,8.095107078552246,-0.002921126317232847,-1.999033808708191,-5.51808625459671e-08,-1.4305835962295532,6.424670573323965e-09
1785523710410092200,28932351,-49.473045349121094,0.00969726499170065,-12.549057006835938,0.00012659974163398147,-0.0433402881026268,4.236488621245371e-06,-0.9990603923797607,8.11728286743164,-0.0029040100052952766,-1.7691445350646973,1.544831320643425e-07,-0.9400595426559448,-1.3404132914729416e-08
1785523710426179900,28932351,-49.473045349121094,0.00969726499170065,-12.549057006835938,0.00012659974163398147,-0.0433402881026268,4.236488621245371e-06,-0.9990603923797607,8.11728286743164,-0.0029040100052952766,-1.7691445350646973,1.544831320643425e-07,-0.9400595426559448,-1.3404132914729416e-08
1785523710440861900,28952291,-49.58394241333008,0.009716796688735485,-12.563364028930664,0.00012662365043070167,-0.037719521671533585,4.946770786773413e-06,-0.9992884993553162,8.085883140563965,-0.0028753606602549553,-1.686166763305664,6.672053132206202e-08,-0.2545115649700165,-5.02859620610252e-09
1785523710455330700,28965635,-49.746131896972656,0.009746093302965164,-12.5845947265625,0.00012648393749259412,-0.0349913164973259,5.296858034853358e-06,-0.9993875622749329,8.060574531555176,-0.0028533691074699163,-1.647540807723999,1.7917045624926686e-10,-0.01816442422568798,2.2737367544323206e-12
1785523710468430300,28985668,-49.856014251708984,0.009765625,-12.599174499511719,0.0001264842867385596,-0.03496656194329262,5.29997305420693e-06,-0.9993883967399597,8.009713172912598,-0.0028238119557499886,-1.6549921035766602,-2.1464074961841106e-10,0.01697131060063839,2.773958840407431e-11
1785523710481361200,28998976,-50.01726531982422,0.009794921614229679,-12.62087345123291,0.00012648232223000377,-0.035105761140584946,5.282450729282573e-06,-0.9993835687637329,7.975741386413574,-0.002804283518344164,-1.6623765230178833,8.412825991399586e-11,-0.014398576691746712,5.4001247917767614e-12
1785523710495507200,28998976,-50.01726531982422,0.009794921614229679,-12.62087345123291,0.00012648232223000377,-0.035105761140584946,5.282450729282573e-06,-0.9993835687637329,7.975741386413574,-0.002804283518344164,-1.6623765230178833,8.412825991399586e-11,-0.014398576691746712,5.4001247917767614e-12
1785523710508597800,29019033,-50.12566375732422,0.009814453311264515,-12.635668754577637,0.00012648441770579666,-0.03495645150542259,5.301248620526167e-06,-0.9993887543678284,7.926653861999512,-0.0027754558250308037,-1.6676158905029297,5.857145879417658e-10,-0.048500705510377884,-3.1604940886609256e-11
1785523710523238900,29032346,-50.28535079956055,0.009843749925494194,-12.65774917602539,0.0001264910097233951,-0.0344880148768425,5.360221621231176e-06,-0.999405026435852,7.8954057693481445,-0.002756468951702118,-1.6652278900146484,1.5243131201714277e-09,-0.0504942424595356,-9.697487257653847e-11
1785523710537154100,29052149,-50.39273452758789,0.009863280691206455,-12.672797203063965,0.00012649565178435296,-0.03415824472904205,5.40174505658797e-06,-0.9994163513183594,7.848081111907959,-0.0027282950468361378,-1.6674463748931885,1.722582965157926e-09,-0.04013371840119362,-1.106172931031324e-10
1785523710551400400,29065627,-50.54976272583008,0.009882812388241291,-12.69509220123291,0.0001265012106159702,-0.03376059979200363,5.4518168326467276e-06,-0.9994298815727234,7.817215919494629,-0.0027095931582152843,-1.666140079498291,1.9717845134437084e-09,-0.03384385630488396,-1.268745108973235e-10
1785523710564154500,29085750,-50.65683364868164,0.009902343153953552,-12.710493087768555,0.0001265042956219986,-0.033538348972797394,5.479804713104386e-06,-0.9994373917579651,7.770020961761475,-0.0026815871242433786,-1.6700085401535034,1.9708750187419355e-09,-0.029544144868850708,-1.2715872799162753e-10
1785523710578340800,29098940,-50.81414031982422,0.009902343153953552,-12.733403205871582,0.00012650842836592346,-0.033242106437683105,5.517114459507866e-06,-0.9994472861289978,7.739563941955566,-0.0026632333174347878,-1.670219898223877,2.231899998150766e-09,-0.028532154858112335,-1.4358647604240105e-10
1785523710591391800,29098940,-50.81414031982422,0.009902343153953552,-12.733403205871582,0.00012650842836592346,-0.033242106437683105,5.517114459507866e-06,-0.9994472861289978,7.739563941955566,-0.0026632333174347878,-1.670219898223877,2.231899998150766e-09,-0.028532154858112335,-1.4358647604240105e-10
1785523710605890100,29118946,-50.91847610473633,0.009902343153953552,-12.748784065246582,0.00012651103315874934,-0.03305339068174362,5.540882284549298e-06,-0.9994535446166992,7.69365930557251,-0.0026359539479017258,-1.674417495727539,2.3137545213103294e-09,-0.02707543596625328,-1.4910028767189942e-10
1785523710621353300,29132350,-51.07355499267578,0.009902343153953552,-12.771928787231445,0.0001265147584490478,-0.03278429061174393,5.574774149863515e-06,-0.999462366104126,7.663722038269043,-0.002617891877889633,-1.6749920845031738,2.4638211471028626e-09,-0.025699783116579056,-1.581383912707679e-10
1785523710633068400,29152318,-51.17769241333008,0.009902343153953552,-12.787660598754883,0.0001265171158593148,-0.03261420503258705,5.59619911655318e-06,-0.9994679689407349,7.618752479553223,-0.002591108437627554,-1.679341197013855,2.3983375285752118e-09,-0.02341984212398529,-1.5353407434304245e-10
1785523710647631000,29165665,-51.330623626708984,0.009902343153953552,-12.811039924621582,0.0001265203027287498,-0.03238210082054138,5.625434823741671e-06,-0.9994754791259766,7.589359283447266,-0.002573370933532715,-1.680410385131836,2.44745024247095e-09,-0.021979335695505142,-1.56035184772918e-10
1785523710660456100,29165665,-51.330623626708984,0.009902343153953552,-12.811039924621582,0.0001265203027287498,-0.03238210082054138,5.625434823741671e-06,-0.9994754791259766,7.589359283447266,-0.002573370933532715,-1.680410385131836,2.44745024247095e-09,-0.021979335695505142,-1.56035184772918e-10
1785523710673860800,29185807,-51.434139251708984,0.009902343153953552,-12.827054977416992,0.00012652232544496655,-0.03223623335361481,5.643808435706887e-06,-0.9994802474975586,7.544944763183594,-0.0025468699168413877,-1.6850441694259644,2.345586835872382e-09,-0.02007199265062809,-1.4932766134734266e-10
1785523710689810000,29199174,-51.58710861206055,0.009902343153953552,-12.850991249084473,0.00012652507575694472,-0.03203527256846428,5.669124675478088e-06,-0.9994866847991943,7.515970706939697,-0.002529374323785305,-1.6865298748016357,2.3601387511007488e-09,-0.018936624750494957,-1.495550350227859e-10
1785523710702364900,29219228,-51.68952941894531,0.009902343153953552,-12.867201805114746,0.00012652679288294166,-0.03190963715314865,5.684953066520393e-06,-0.9994906783103943,7.472595691680908,-0.002503436990082264,-1.691308617591858,3.3960350265260786e-07,-0.017370140179991722,-1.638795765757095e-10
1785523710718001200,29232416,-51.840389251708984,0.009902343153953552,-12.891352653503418,0.00012652925215661526,-0.0317363478243351,5.704166142095346e-06,-0.9994962215423584,7.444470405578613,-0.0024864422157406807,-1.69308602809906,1.7421552911400795e-07,-0.016395220533013344,-1.404600880050566e-10
1785523710730035000,29252509,-51.94023132324219,0.009902343153953552,-12.907524108886719,0.00012653073645196855,-0.03162934631109238,5.717112799175084e-06,-0.9994996190071106,7.402144908905029,-0.002461077645421028,-1.6979786157608032,-5.841684469487518e-09,-0.015017005614936352,-1.3235990081739146e-10
1785523710744481900,29265742,-52.0900764465332,0.009902343153953552,-12.932045936584473,0.00012653277372010052,-0.03147921711206436,5.736106231779559e-06,-0.9995043277740479,7.374453067779541,-0.002444314770400524,-1.7000370025634766,-3.851710062008351e-09,-0.01415926218032837,-1.2934719961776864e-10
1785523710758246600,29265742,-52.0900764465332,0.009902343153953552,-12.932045936584473,0.00012653277372010052,-0.03147921711206436,5.736106231779559e-06,-0.9995043277740479,7.374453067779541,-0.002444314770400524,-1.7000370025634766,-3.851710062008351e-09,-0.01415926218032837,-1.2934719961776864e-10
1785523710772958600,29286363,-52.18952941894531,0.009902343153953552,-12.94851016998291,0.00012653405428864062,-0.03138631954789162,5.747846898884745e-06,-0.9995072484016418,7.33250617980957,-0.0024191124830394983,-1.7050749063491821,-1.8490027287043631e-09,-0.012950065545737743,-1.2101963875466026e-10
1785523710784776700,29299114,-52.34027099609375,0.009902343153953552,-12.973725318908691,0.00012653582962229848,-0.03125482425093651,5.764453362644417e-06,-0.9995113611221313,7.305471420288086,-0.002402715617790818,-1.7073097229003906,-9.331415640190244e-10,-0.012220204807817936,-1.1763745533244219e-10
1785523710798018700,29319491,-52.43659973144531,0.009902343153953552,-12.990004539489746,0.00012653690646402538,-0.031176302582025528,5.77436594539904e-06,-0.9995138645172119,7.264766216278076,-0.0023781948257237673,-1.712361454963684,-4.865796654485166e-11,-0.011192922480404377,-1.0959411156363785e-10
1785523710813810100,29332462,-52.58570098876953,0.009902343153953552,-13.015463829040527,0.00012653844896703959,-0.031062906607985497,5.78867320655263e-06,-0.9995173811912537,7.238265514373779,-0.0023620924912393093,-1.7147777080535889,3.5925040720030665e-10,-0.010560289956629276,-1.0587086762825493e-10
1785523710825485700,29332462,-52.58570098876953,0.009902343153953552,-13.015463829040527,0.00012653844896703959,-0.031062906607985497,5.78867320655263e-06,-0.9995173811912537,7.238265514373779,-0.0023620924912393093,-1.7147777080535889,3.5925040720030665e-10,-0.010560289956629276,-1.0587086762825493e-10
1785523710839883900,29352747,-52.68140411376953,0.009902343153953552,-13.031967163085938,0.00012653936573769897,-0.030995028093457222,5.797233825433068e-06,-0.9995194673538208,7.198538303375244,-0.002338093239814043,-1.7198266983032227,7.239577826112509e-10,-0.009673778899013996,-9.845280146691948e-11
1785523710853027500,29365778,-52.8283576965332,0.009902343153953552,-13.057573318481445,0.00012654070451389998,-0.030897337943315506,5.809553385915933e-06,-0.9995225071907043,7.17255973815918,-0.002322274958714843,-1.7223881483078003,8.890310709830374e-10,-0.009125260636210442,-9.470113582210615e-11
1785523710867310800,29386355,-52.92390441894531,0.009902343153953552,-13.074389457702637,0.00012654150486923754,-0.030838243663311005,5.817003511765506e-06,-0.9995243549346924,7.133063793182373,-0.002298344625160098,-1.727518081665039,1.0104486136697233e-09,-0.008341954089701176,-8.759570846450515e-11
1785523710881394200,29399189,-53.07246017456055,0.009902343153953552,-13.100786209106445,0.0001265426690224558,-0.030752532184123993,5.8278201322536916e-06,-0.9995269775390625,7.107724189758301,-0.0022828765213489532,-1.7301510572433472,-7.573180482722819e-08,-0.0078740194439888,4.2406895772728603e-08
1785523710894631800,29399189,-53.07246017456055,0.009902343153953552,-13.100786209106445,0.0001265426690224558,-0.030752532184123993,5.8278201322536916e-06,-0.9995269775390625,7.107724189758301,-0.0022828765213489532,-1.7301510572433472,-7.573180482722819e-08,-0.0078740194439888,4.2406895772728603e-08
1785523710907450000,29419472,-53.16448974609375,0.009902343153953552,-13.11729907989502,0.0001265433238586411,-0.030703019350767136,5.834665898873936e-06,-0.9995284676551819,7.0698323249816895,-0.0022598460782319307,-1.735163927078247,-7.691483006055932e-08,-0.007218489423394203,7.253494516135106e-08
1785523710921576400,29432491,-53.309452056884766,0.009902343153953552,-13.14357852935791,0.00012654426973313093,-0.03062981739640236,5.844731731485808e-06,-0.9995307326316833,7.0449323654174805,-0.002244606614112854,-1.7379024028778076,-5.708557182515506e-08,-0.006809599697589874,6.425624121675355e-08
1785523710934056700,29452633,-53.40281295776367,0.009902343153953552,-13.160649299621582,0.0001265448663616553,-0.030585894361138344,5.8506466302787885e-06,-0.9995321035385132,7.007850170135498,-0.002221992937847972,-1.7428611516952515,-3.645595825219061e-08,-0.0062400284223258495,5.3596892257701256e-08
1785523710946761300,29465862,-53.544960021972656,0.009902343153953552,-13.186899185180664,0.00012654571037273854,-0.03052360564470291,5.858631993760355e-06,-0.999534010887146,6.9832844734191895,-0.0022069234400987625,-1.7456955909729004,1.2279406291781925e-07,-0.005882240366190672,-3.793738301283156e-08
1785523710962729100,29465862,-53.544960021972656,0.009902343153953552,-13.186899185180664,0.00012654571037273854,-0.03052360564470291,5.858631993760355e-06,-0.999534010887146,6.9832844734191895,-0.0022069234400987625,-1.7456955909729004,1.2279406291781925e-07,-0.005882240366190672,-3.793738301283156e-08
1785523710974708400,29485687,-53.6398811340332,0.009902343153953552,-13.204594612121582,0.000126546248793602,-0.030484741553664207,5.862753369001439e-06,-0.9995351433753967,6.946994304656982,-0.002184723038226366,-1.750593900680542,2.937667886726558e-10,-0.005391474813222885,-3.164991824178287e-08
1785523710988359500,29498976,-53.77909851074219,0.009902343153953552,-13.230775833129883,0.0001265469763893634,-0.030431237071752548,5.869454071216751e-06,-0.9995368123054504,6.9231109619140625,-0.002170030027627945,-1.753441572189331,-1.8853165784094017e-07,-0.0050859577022492886,5.6749350108020735e-08
1785523711002860200,29518962,-53.873085021972656,0.009902343153953552,-13.248607635498047,0.0001265473838429898,-0.030397698283195496,5.874884209333686e-06,-0.9995378255844116,6.887495517730713,-0.0021481607109308243,-1.7582991123199463,-1.2106943358958233e-07,-0.004659551195800304,4.7309725914601586e-08
1785523711016444900,29532325,-54.01183319091797,0.009902343153953552,-13.27517032623291,0.0001265479950234294,-0.03035137988626957,5.881696779397316e-06,-0.9995392560958862,6.863999843597412,-0.002133659552782774,-1.7611799240112305,5.9412514019641094e-08,-0.0043938979506492615,-4.329667291358419e-08
1785523711030042400,29552454,-54.10542678833008,0.009902343153953552,-13.29324722290039,0.00012654838792514056,-0.03032236360013485,5.884970505576348e-06,-0.9995400905609131,6.828925609588623,-0.002112054033204913,-1.7660043239593506,3.834816197922919e-08,-0.004022512119263411,-3.6060512798030686e-08
1785523711046306500,29565652,-54.24406051635742,0.009902343153953552,-13.3202486038208,0.00012654895544983447,-0.030282169580459595,5.889636213396443e-06,-0.9995413422584534,6.805975914001465,-0.002097848802804947,-1.7688789367675781,2.872366167139262e-08,-0.003794557647779584,-3.193940756318625e-08
1785523711059307100,29565652,-54.24406051635742,0.009902343153953552,-13.3202486038208,0.00012654895544983447,-0.030282169580459595,5.889636213396443e-06,-0.9995413422584534,6.805975914001465,-0.002097848802804947,-1.7688789367675781,2.872366167139262e-08,-0.003794557647779584,-3.193940756318625e-08
1785523711073972100,29585687,-54.33585739135742,0.009902343153953552,-13.338275909423828,0.00012654930469579995,-0.030257146805524826,5.892604349355679e-06,-0.9995421171188354,6.7718658447265625,-0.0020767604000866413,-1.7736003398895264,1.868352228484582e-08,-0.003476696088910103,-2.6632825722572306e-08
1785523711086401100,29599012,-54.47285079956055,0.009902343153953552,-13.3654146194458,0.00012654975580517203,-0.030222542583942413,5.8967680161003955e-06,-0.9995431303977966,6.74936056137085,-0.002062785206362605,-1.7764755487442017,1.4048396224097814e-08,-0.0032789588440209627,-2.358508766064915e-08
1785523711101136600,29619007,-54.564453125,0.009902343153953552,-13.383715629577637,0.00012655006139539182,-0.030200712382793427,5.899426469113678e-06,-0.9995437860488892,6.715946674346924,-0.0020420514047145844,-1.7811217308044434,9.211362339556217e-09,-0.0030034801457077265,-1.9663637829125946e-08
1785523711115366700,29632280,-54.70003890991211,0.009902343153953552,-13.411039352416992,0.00012655046884901822,-0.030170900747179985,5.903083092562156e-06,-0.9995446801185608,6.6939215660095215,-0.0020283269695937634,-1.7839808464050293,8.748486379772658e-08,-0.002832638332620263,2.664958387299521e-08
1785523711128583800,29632280,-54.70003890991211,0.009902343153953552,-13.411039352416992,0.00012655046884901822,-0.030170900747179985,5.903083092562156e-06,-0.9995446801185608,6.6939215660095215,-0.0020283269695937634,-1.7839808464050293,8.748486379772658e-08,-0.002832638332620263,2.664958387299521e-08
1785523711141584500,29652302,-54.79097366333008,0.009902343153953552,-13.429515838623047,0.00012655074533540756,-0.03015226684510708,5.904641056986293e-06,-0.9995452761650085,6.661258697509766,-0.0020079868845641613,-1.7885432243347168,1.1655026810331037e-07,-0.0025954516604542732,6.127379492681939e-08
1785523711157557500,29665651,-54.92515563964844,0.009902343153953552,-13.457006454467773,0.0001265511236852035,-0.03012644685804844,5.906771548325196e-06,-0.9995460510253906,6.639660835266113,-0.001994485966861248,-1.7913827896118164,5.897732080484275e-09,-0.002447418635711074,5.424581672741624e-08
1785523711170510900,29685724,-55.01589584350586,0.009902343153953552,-13.475736618041992,0.0001265513274120167,-0.030110206454992294,5.909066203457769e-06,-0.9995465278625488,6.607547760009766,-0.0019744080491364002,-1.7958799600601196,-2.0513641629804624e-07,-0.002241352805867791,-3.7739290803529e-08
1785523711185072200,29699056,-55.14957046508789,0.009902343153953552,-13.503549575805664,0.0001265515893464908,-0.030087847262620926,5.913627774134511e-06,-0.9995471835136414,6.5863447189331055,-0.0019610959570854902,-1.798696756362915,-1.52461439029139e-07,-0.002113082678988576,-3.3403225074835063e-08
1785523711199783200,29718938,-55.23972702026367,0.009902343153953552,-13.522456169128418,0.00012655173486564308,-0.03007400408387184,5.91632033319911e-06,-0.9995476007461548,6.555059909820557,-0.00194145692512393,-1.8030879497528076,-9.802749900700292e-08,-0.001936697750352323,-2.7855584505687148e-08
1785523711211494300,29732277,-55.37128829956055,0.009902343153953552,-13.550268173217773,0.00012655198224820197,-0.030054839327931404,5.919308023294434e-06,-0.9995481967926025,6.534430503845215,-0.0019284597365185618,-1.8058524131774902,6.972760502321762e-08,-0.0018267969135195017,-2.467415782803073e-08
1785523711225806500,29732277,-55.37128829956055,0.009902343153953552,-13.550268173217773,0.00012655198224820197,-0.030054839327931404,5.919308023294434e-06,-0.9995481967926025,6.534430503845215,-0.0019284597365185618,-1.8058524131774902,6.972760502321762e-08,-0.0018267969135195017,-2.467415782803073e-08
1785523711241817500,29752262,-55.460350036621094,0.009902343153953552,-13.569232940673828,0.00012655217142309994,-0.03004259429872036,5.920136572967749e-06,-0.9995485544204712,6.503769397735596,-0.0019091416615992785,-1.810157299041748,1.7386514628014993e-07,-0.0016739348648115993,-2.0571878422970258e-08
1785523711254838400,29765611,-55.59144592285156,0.009902343153953552,-13.597368240356445,0.00012655241880565882,-0.030026087537407875,5.920995135966223e-06,-0.9995490312576294,6.483497619628906,-0.001896328991279006,-1.8128931522369385,-8.838412668410456e-08,-0.0015779989771544933,-1.8215132513432764e-08
1785523711268827800,29785743,-55.68003845214844,0.009902343153953552,-13.616518020629883,0.00012655254977289587,-0.03001544065773487,5.923022399656475e-06,-0.999549388885498,6.453409671783447,-0.0018772906623780727,-1.817118763923645,-3.1500007935392205e-07,-0.001445475616492331,-1.5179349333038772e-08
1785523711283248700,29799015,-55.810428619384766,0.009902343153953552,-13.644916534423828,0.00012655268074013293,-0.030001066625118256,5.9272406360832974e-06,-0.9995498061180115,6.43357515335083,-0.0018646918470039964,-1.8198078870773315,-2.0014408619317692e-07,-0.001363488961942494,-1.344301026051653e-08
1785523711298504900,29818927,-55.89804458618164,0.009902343153953552,-13.664134979248047,0.00012655275349970907,-0.029992282390594482,5.929593953624135e-06,-0.9995500445365906,6.404210567474365,-0.0018460333812981844,-1.8239353895187378,8.786710736785608e-08,-0.0012491120724007487,7.570758953079348e-08
1785523711310925200,29832305,-56.02703094482422,0.009902343153953552,-13.692641258239746,0.0001265529281226918,-0.029979771003127098,5.930626684857998e-06,-0.999550461769104,6.3847737312316895,-0.0018336479552090168,-1.8265796899795532,-1.54741428559646e-08,-0.0011777516920119524,-2.156574652190102e-08
1785523711324000600,29832305,-56.02703094482422,0.009902343153953552,-13.692641258239746,0.0001265529281226918,-0.029979771003127098,5.930626684857998e-06,-0.999550461769104,6.3847737312316895,-0.0018336479552090168,-1.8265796899795532,-1.54741428559646e-08,-0.0011777516920119524,-2.156574652190102e-08
1785523711337089300,29852208,-56.11437225341797,0.009902343153953552,-13.712075233459473,0.0001265530299860984,-0.029971785843372345,5.931841769779567e-06,-0.9995507001876831,6.355978965759277,-0.0018152787815779448,-1.8306183815002441,-7.441093430315959e-08,-0.001079150359146297,-1.8089092179707222e-07
1785523711351427600,29865568,-56.2424201965332,0.009902343153953552,-13.740766525268555,0.00012655316095333546,-0.02996140345931053,5.933665306656621e-06,-0.999550998210907,6.336933612823486,-0.0018030913779512048,-1.8332219123840332,5.983918072161032e-08,-0.0010177127551287413,-1.6015684423109633e-07
1785523711365788000,29885592,-56.32917785644531,0.009902343153953552,-13.760346412658691,0.0001265532773686573,-0.02995448186993599,5.933835382165853e-06,-0.9995511770248413,6.308681964874268,-0.0017849970608949661,-1.8371787071228027,2.0748493056998996e-07,-0.0009323073318228126,-9.624957719722715e-09
1785523711378878900,29898941,-56.456600189208984,0.009902343153953552,-13.789301872253418,0.00012655345199164003,-0.029945164918899536,5.933351985731861e-06,-0.9995514750480652,6.290024757385254,-0.001773016876541078,-1.839728593826294,8.590495781390928e-08,-0.0008793612360022962,7.34082234998823e-08
1785523711393618700,29898941,-56.456600189208984,0.009902343153953552,-13.789301872253418,0.00012655345199164003,-0.029945164918899536,5.933351985731861e-06,-0.9995514750480652,6.290024757385254,-0.001773016876541078,-1.839728593826294,8.590495781390928e-08,-0.0008793612360022962,7.34082234998823e-08
1785523711406436600,29919087,-56.542537689208984,0.009902343153953552,-13.808969497680664,0.0001265535393031314,-0.029939310625195503,5.933582997386111e-06,-0.9995516538619995,6.262283802032471,-0.0017551736673340201,-1.8436083793640137,-2.476573968124285e-08,-0.0008051290060393512,1.737798527301493e-08
1785523711419778200,29932281,-56.669647216796875,0.009902343153953552,-13.83824634552002,0.00012655365571845323,-0.02993132174015045,5.934543878538534e-06,-0.9995518922805786,6.244035243988037,-0.001743401400744915,-1.8461048603057861,-5.8499495025898796e-08,-0.0007591209141537547,-6.968077315150367e-08
1785523711435720600,29952142,-56.754295349121094,0.009902343153953552,-13.857885360717773,0.00012655369937419891,-0.02992626652121544,5.935522040090291e-06,-0.9995520710945129,6.217091083526611,-0.001725993468426168,-1.8498637676239014,-3.766638201341266e-08,-0.0006960724713280797,-5.8136407687925384e-08
1785523711448693600,29965602,-56.87937545776367,0.009902343153953552,-13.887094497680664,0.00012655378668569028,-0.029919609427452087,5.9367011999711394e-06,-0.9995522499084473,6.199165344238281,-0.0017143795266747475,-1.852319359779358,-2.7999362828268204e-08,-0.0006564335781149566,-5.146671000488823e-08
1785523711462859700,29965602,-56.87937545776367,0.009902343153953552,-13.887094497680664,0.00012655378668569028,-0.029919609427452087,5.9367011999711394e-06,-0.9995522499084473,6.199165344238281,-0.0017143795266747475,-1.852319359779358,-2.7999362828268204e-08,-0.0006564335781149566,-5.146671000488823e-08
1785523711476204700,29985813,-56.96460723876953,0.009902343153953552,-13.907123565673828,0.00012655385944526643,-0.029915086925029755,5.937016794632655e-06,-0.9995523691177368,6.172557830810547,-0.001697116531431675,-1.8560196161270142,1.4179809681991173e-07,-0.0006010777433402836,4.175561940655825e-08
1785523711488182000,29999042,-57.08945083618164,0.009902343153953552,-13.936655044555664,0.00012655399041250348,-0.029908962547779083,5.936253728577867e-06,-0.9995525479316711,6.155029773712158,-0.0016857183072715998,-1.8584140539169312,5.9383452821748506e-08,-0.000566974631510675,1.2516302660969814e-07
1785523711503764500,30018962,-57.17332077026367,0.009902343153953552,-13.956625938415527,0.00012655403406824917,-0.02990523725748062,5.936950856266776e-06,-0.9995526671409607,6.129069805145264,-0.0016688003670424223,-1.862014889717102,-5.309084372129291e-08,-0.00051913782954216,2.6886800696956925e-07
1785523711516329400,30032283,-57.29703140258789,0.009902343153953552,-13.9862642288208,0.00012655407772399485,-0.02990018017590046,5.9381191022112034e-06,-0.999552845954895,6.111878871917725,-0.001657563610933721,-1.864363670349121,-3.9502339177488466e-08,-0.0004897915641777217,2.3805309012914222e-07
1785523711529847500,30052442,-57.38066101074219,0.009902343153953552,-14.006430625915527,0.00012655412137974054,-0.02989698387682438,5.9388639783719555e-06,-0.9995529055595398,6.086291790008545,-0.0016408141236752272,-1.8679008483886719,-5.985995699120394e-08,-0.0004481174692045897,6.943993469121779e-08
1785523711544022700,30065741,-57.50437545776367,0.009902343153953552,-14.036430358886719,0.00012655416503548622,-0.029892459511756897,5.9398130360932555e-06,-0.9995530843734741,6.069461345672607,-0.00162976433057338,-1.870193600654602,6.457059242848118e-08,-0.0004229948972351849,-6.481610625996836e-08
1785523711556864800,30065741,-57.50437545776367,0.009902343153953552,-14.036430358886719,0.00012655416503548622,-0.029892459511756897,5.9398130360932555e-06,-0.9995530843734741,6.069461345672607,-0.00162976433057338,-1.870193600654602,6.457059242848118e-08,-0.0004229948972351849,-6.481610625996836e-08
1785523711570022000,30085912,-57.58671569824219,0.009902343153953552,-14.0565185546875,0.00012655422324314713,-0.029889795929193497,5.9397207223810256e-06,-0.9995531439781189,6.044374942779541,-0.0016132714226841927,-1.8736497163772583,4.145601195659765e-08,-0.000387165870051831,-5.397908253712558e-08
1785523711584217600,30099110,-57.7101936340332,0.009902343153953552,-14.086840629577637,0.00012655429600272328,-0.029885804280638695,5.939243237662595e-06,-0.9995532631874084,6.027908802032471,-0.0016024182550609112,-1.8758862018585205,1.098368329621735e-08,-0.00036537254345603287,3.712320051363349e-08
1785523711598456600,30119374,-57.7912483215332,0.009902343153953552,-14.1068696975708,0.00012655432510655373,-0.029883407056331635,5.9393682931840885e-06,-0.9995533227920532,6.00327205657959,-0.0015861471183598042,-1.8792648315429688,1.1754578110867442e-07,-0.00033447000896558166,1.9972974030224577e-07
1785523711609914000,30132368,-57.91480255126953,0.009902343153953552,-14.1375732421875,0.00012655438331421465,-0.029879948124289513,5.939297807344701e-06,-0.9995534420013428,5.987164497375488,-0.0015754799824208021,-1.8814468383789062,1.7533309915052087e-08,-0.00031553590088151395,1.7694826226488658e-07
1785523711624451700,30132368,-57.91480255126953,0.009902343153953552,-14.1375732421875,0.00012655438331421465,-0.029879948124289513,5.939297807344701e-06,-0.9995534420013428,5.987164497375488,-0.0015754799824208021,-1.8814468383789062,1.7533309915052087e-08,-0.00031553590088151395,1.7694826226488658e-07
1785523711639574400,30152182,-57.99445343017578,0.009902343153953552,-14.157485008239746,0.00012655442696996033,-0.029878083616495132,5.939219590800349e-06,-0.9995535016059875,5.963450908660889,-0.00155974633526057,-1.8846873044967651,-7.237122190417722e-08,-0.00028957967879250646,-5.606559128068511e-08
1785523711653472500,30165626,-58.11457061767578,0.009902343153953552,-14.187689781188965,0.00012655444152187556,-0.02987515553832054,5.940142727922648e-06,-0.9995535612106323,5.947567939758301,-0.0015491779195144773,-1.886832356452942,6.786950024206817e-08,-0.00027303805109113455,-5.221331811355867e-09
1785523711667604800,30185586,-58.1962890625,0.009902343153953552,-14.20836353302002,0.00012655449972953647,-0.02987329289317131,5.939813490840606e-06,-0.9995536208152771,5.9240403175354,-0.0015334960771724582,-1.8900295495986938,7.395718171210319e-08,-0.000250203040195629,8.001150320069428e-08
1785523711680950300,30198991,-58.315818786621094,0.009902343153953552,-14.238774299621582,0.00012655454338528216,-0.0298708975315094,5.9391559261712246e-06,-0.9995536804199219,5.908459186553955,-0.0015230861026793718,-1.8921279907226562,1.6397450508520706e-07,-0.00023583201982546598,7.083287556497453e-08
1785523711692480000,30198991,-58.315818786621094,0.009902343153953552,-14.238774299621582,0.00012655454338528216,-0.0298708975315094,5.9391559261712246e-06,-0.9995536804199219,5.908459186553955,-0.0015230861026793718,-1.8921279907226562,1.6397450508520706e-07,-0.00023583201982546598,7.083287556497453e-08
1785523711706750800,30219021,-58.39699172973633,0.009902343153953552,-14.25954532623291,0.00012655460159294307,-0.02986930124461651,5.938354206591612e-06,-0.9995537400245667,5.885385513305664,-0.0015076376730576158,-1.8952484130859375,1.0545024053953966e-07,-0.00021585807553492486,5.903827116071625e-08
1785523711720617200,30232250,-58.51581954956055,0.009902343153953552,-14.290102005004883,0.00012655465980060399,-0.02986717037856579,5.9376061471994035e-06,-0.9995537996292114,5.87013053894043,-0.001497398130595684,-1.8972938060760498,7.85206992759413e-08,-0.00020350285922177136,5.227552435371763e-08
1785523711734888000,30252427,-58.59621047973633,0.009902343153953552,-14.310893058776855,0.00012655470345634967,-0.029865838587284088,5.937305104453117e-06,-0.9995538592338562,5.847383975982666,-0.0014820946380496025,-1.900355577468872,5.037269446006576e-08,-0.00018642732175067067,4.3527297322043523e-08
1785523711749903200,30265559,-58.71542739868164,0.009902343153953552,-14.3419189453125,0.00012655474711209536,-0.029863975942134857,5.9370572671468835e-06,-0.999553918838501,5.832447052001953,-0.0014720195904374123,-1.9023492336273193,3.753082111757067e-08,-0.0001758669677656144,3.8548986225350745e-08
1785523711761728500,30265559,-58.71542739868164,0.009902343153953552,-14.3419189453125,0.00012655474711209536,-0.029863975942134857,5.9370572671468835e-06,-0.999553918838501,5.832447052001953,-0.0014720195904374123,-1.9023492336273193,3.753082111757067e-08,-0.0001758669677656144,3.8548986225350745e-08
1785523711778708400,30298913,-58.91058349609375,0.009902343153953552,-14.393138885498047,0.00012655474711209536,-0.029861312359571457,5.93797358305892e-06,-0.9995539784431458,5.7957844734191895,-0.0014472058974206448,-1.907242774963379,-1.7895182224947348e-08,-0.00015189584519248456,4.364888894770047e-08
1785523711790011800,30298913,-58.91058349609375,0.009902343153953552,-14.393138885498047,0.00012655474711209536,-0.029861312359571457,5.93797358305892e-06,-0.9995539784431458,5.7957844734191895,-0.0014472058974206448,-1.907242774963379,-1.7895182224947348e-08,-0.00015189584519248456,4.364888894770047e-08
1785523711806166800,30318845,-58.99116897583008,0.009902343153953552,-14.414438247680664,0.0001265547762159258,-0.029860248789191246,5.938250069448259e-06,-0.9995540380477905,5.773934364318848,-0.0014323617797344923,-1.9101512432098389,-2.2267862220815005e-08,-0.00013877431047149003,1.1708446834290953e-07
1785523711819321600,30332239,-59.10777282714844,0.009902343153953552,-14.4454345703125,0.00012655479076784104,-0.029858918860554695,5.938405593042262e-06,-0.9995540380477905,5.759522914886475,-0.0014225472696125507,-1.91205632686615,-1.6569821070788748e-08,-0.00013087432307656854,1.0366144209683625e-07
1785523711832642300,30352278,-59.18683624267578,0.009902343153953552,-14.466557502746582,0.00012655479076784104,-0.029857855290174484,5.938687081652461e-06,-0.9995540976524353,5.738144397735596,-0.0014079516986384988,-1.9148844480514526,5.813361525497385e-08,-0.00012024871102767065,1.772578972492056e-09
1785523711846802900,30365565,-59.30308532714844,0.009902343153953552,-14.49776840209961,0.0001265548198716715,-0.029856789857149124,5.938109097769484e-06,-0.9995540976524353,5.7240142822265625,-0.0013982843374833465,-1.916743516921997,3.7251169260343886e-08,-0.00011342907964717597,-3.942243864685224e-08
1785523711861082700,30365565,-59.30308532714844,0.009902343153953552,-14.49776840209961,0.0001265548198716715,-0.029856789857149124,5.938109097769484e-06,-0.9995540976524353,5.7240142822265625,-0.0013982843374833465,-1.916743516921997,3.7251169260343886e-08,-0.00011342907964717597,-3.942243864685224e-08
1785523711873922400,30385748,-59.381404876708984,0.009902343153953552,-14.51891040802002,0.0001265548198716715,-0.029856789857149124,5.938109097769484e-06,-0.9995540976524353,5.703010082244873,-0.0013838779414072633,-1.919515609741211,-5.598994334832241e-08,-0.00010380041931057349,1.090081447330249e-08
1785523711886418600,30398901,-59.49738311767578,0.009902343153953552,-14.550375938415527,0.00012655486352741718,-0.029854925349354744,5.938216872891644e-06,-0.9995541572570801,5.68916654586792,-0.0013743559829890728,-1.9213166236877441,-7.218822872800956e-09,-9.805037552723661e-05,9.652987742470032e-09
1785523711900652200,30418865,-59.574764251708984,0.009902343153953552,-14.5714693069458,0.00012655486352741718,-0.029854925349354744,5.938216872891644e-06,-0.9995541572570801,5.6686882972717285,-0.0013602401595562696,-1.9240021705627441,-4.645311690865128e-09,-9.014813986141235e-05,8.051462607738813e-09
1785523711914679400,30432267,-59.68929672241211,0.009902343153953552,-14.602866172790527,0.0001265548780793324,-0.029853327199816704,5.938518370385282e-06,-0.9995542168617249,5.655078411102295,-0.0013508311240002513,-1.9257640838623047,-3.4541685067779326e-09,-8.50342185003683e-05,7.128248658005987e-09
1785523711928701500,30432267,-59.68929672241211,0.009902343153953552,-14.602866172790527,0.0001265548780793324,-0.029853327199816704,5.938518370385282e-06,-0.9995542168617249,5.655078411102295,-0.0013508311240002513,-1.9257640838623047,-3.4541685067779326e-09,-8.50342185003683e-05,7.128248658005987e-09
1785523711942850100,30465554,-59.88113021850586,0.009902343153953552,-14.655844688415527,0.0001265548780793324,-0.029851997271180153,5.9394924392108805e-06,-0.9995542764663696,5.621530055999756,-0.0013275614473968744,-1.9301146268844604,-4.864606495402768e-08,-7.332298991968855e-05,5.259226831810793e-09
1785523711958306400,30465554,-59.88113021850586,0.009902343153953552,-14.655844688415527,0.0001265548780793324,-0.029851997271180153,5.9394924392108805e-06,-0.9995542764663696,5.621530055999756,-0.0013275614473968744,-1.9301146268844604,-4.864606495402768e-08,-7.332298991968855e-05,5.259226831810793e-09
1785523711972978200,30485520,-59.95820236206055,0.009902343153953552,-14.67726993560791,0.0001265548780793324,-0.029851997271180153,5.9394924392108805e-06,-0.9995542764663696,5.601756572723389,-0.0013137940550222993,-1.9326732158660889,-3.129618164621206e-08,-6.726779974997044e-05,4.384530072343296e-09
1785523711986581000,30498878,-60.07140350341797,0.009902343153953552,-14.708910942077637,0.00012655486352741718,-0.029850931838154793,5.9402495935501065e-06,-0.9995542764663696,5.588654041290283,-0.0013046434614807367,-1.9343514442443848,-2.3296596651789514e-08,-6.338394450722262e-05,3.882118626563624e-09
1785523712000317300,30519085,-60.1480827331543,0.009902343153953552,-14.730443954467773,0.00012655486352741718,-0.029850931838154793,5.9402495935501065e-06,-0.9995542764663696,5.569127559661865,-0.0012909783981740475,-1.9368611574172974,-1.494267820589812e-08,-5.795976539957337e-05,3.2327329702042107e-09
1785523712012811400,30532233,-60.26163864135742,0.009902343153953552,-14.762495040893555,0.00012655486352741718,-0.029849866405129433,5.940684786764905e-06,-0.9995543360710144,5.55628776550293,-0.001281965640373528,-1.9384944438934326,-1.1127429644375297e-08,-5.460072497953661e-05,2.862814207915676e-09
1785523712026614700,30532233,-60.26163864135742,0.009902343153953552,-14.762495040893555,0.00012655486352741718,-0.029849866405129433,5.940684786764905e-06,-0.9995543360710144,5.55628776550293,-0.001281965640373528,-1.9384944438934326,-1.1127429644375297e-08,-5.460072497953661e-05,2.862814207915676e-09
1785523712042161000,30552170,-60.33702850341797,0.009902343153953552,-14.7838716506958,0.00012655486352741718,-0.029849866405129433,5.940684786764905e-06,-0.9995543360710144,5.537325382232666,-0.0012686270056292415,-1.9409146308898926,-7.172626936835513e-09,-4.9699487135512754e-05,2.388742981196401e-09
1785523712055126800,30565552,-60.44882583618164,0.009902343153953552,-14.81569766998291,0.00012655486352741718,-0.029849866405129433,5.940684786764905e-06,-0.9995543360710144,5.524683475494385,-0.001259712502360344,-1.9425221681594849,-5.336275421541359e-09,-4.717905176221393e-05,2.1147483764138997e-09
1785523712069353300,30585555,-60.524959564208984,0.009902343153953552,-14.837465286254883,0.00012655489263124764,-0.029848534613847733,5.9410303947515786e-06,-0.9995543956756592,5.505929470062256,-0.0012464489554986358,-1.9448845386505127,-3.4261447012795543e-09,-4.3325995648046955e-05,1.76203018842358e-09
1785523712083371400,30598976,-60.63652038574219,0.009902343153953552,-14.869535446166992,0.00012655489263124764,-0.029848534613847733,5.9410303947515786e-06,-0.9995543956756592,5.493520736694336,-0.0012376531958580017,-1.94645094871521,-2.548430799720336e-09,-4.069579154020175e-05,1.5599537217525494e-09
1785523712097505100,30619165,-60.71187210083008,0.009902343153953552,-14.891303062438965,0.00012655489263124764,-0.029848534613847733,5.9410303947515786e-06,-0.9995543956756592,5.475024700164795,-0.0012245075777173042,-1.9487777948379517,1.844246710902553e-08,-3.7502028135349974e-05,6.04115690805429e-09
1785523712112116000,30632348,-60.823787689208984,0.009902343153953552,-14.9237642288208,0.0001265548780793324,-0.029847735539078712,5.941571998846484e-06,-0.9995543956756592,5.462878227233887,-0.0012158493045717478,-1.950291395187378,1.3740153015362466e-08,-3.526959699229337e-05,4.6696424504943934e-08
1785523712126781700,30632348,-60.823787689208984,0.009902343153953552,-14.9237642288208,0.0001265548780793324,-0.029847735539078712,5.941571998846484e-06,-0.9995543956756592,5.462878227233887,-0.0012158493045717478,-1.950291395187378,1.3740153015362466e-08,-3.526959699229337e-05,4.6696424504943934e-08
1785523712141451700,30652413,-60.89773178100586,0.009902343153953552,-14.945297241210938,0.0001265548780793324,-0.029847735539078712,5.941571998846484e-06,-0.9995543956756592,5.4448394775390625,-0.0012029609642922878,-1.9525437355041504,2.3974415341854183e-08,-3.2349616958526894e-05,-8.472676427118131e-08
1785523712153593600,30665616,-61.00870895385742,0.009902343153953552,-14.977758407592773,0.0001265548780793324,-0.029847735539078712,5.941571998846484e-06,-0.9995543956756592,5.43290901184082,-0.0011944147991016507,-1.954027533531189,-6.213464587290218e-08,-3.0536535632563755e-05,1.2531900850376587e-08
1785523712168381900,30685568,-61.08250045776367,0.009902343153953552,-14.999438285827637,0.0001265548780793324,-0.029847735539078712,5.941571998846484e-06,-0.9995543956756592,5.415234088897705,-0.0011817205231636763,-1.956217646598816,7.39644860914268e-08,-2.8011994800181128e-05,-3.5328028502590314e-08
1785523712182761700,30698901,-61.19230270385742,0.009902343153953552,-15.03184986114502,0.00012655489263124764,-0.02984667383134365,5.941721610724926e-06,-0.999554455280304,5.403499603271484,-0.0011732671409845352,-1.9576551914215088,5.5066404769377186e-08,-2.6494069970794953e-05,-3.128016601294803e-08
1785523712195513700,30698901,-61.19230270385742,0.009902343153953552,-15.03184986114502,0.00012655489263124764,-0.02984667383134365,5.941721610724926e-06,-0.999554455280304,5.403499603271484,-0.0011732671409845352,-1.9576551914215088,5.5066404769377186e-08,-2.6494069970794953e-05,-3.128016601294803e-08
1785523712210182300,30732261,-61.37589645385742,0.009902343153953552,-15.08639144897461,0.00012655489263124764,-0.02984667383134365,5.941721610724926e-06,-0.999554455280304,5.374534606933594,-0.0011523306602612138,-1.9612106084823608,-3.469065035233143e-08,-2.2938265828997828e-05,6.20547382368386e-08
1785523712224795700,30732261,-61.37589645385742,0.009902343153953552,-15.08639144897461,0.00012655489263124764,-0.02984667383134365,5.941721610724926e-06,-0.999554455280304,5.374534606933594,-0.0011523306602612138,-1.9612106084823608,-3.469065035233143e-08,-2.2938265828997828e-05,6.20547382368386e-08
1785523712238277300,30752898,-61.44937515258789,0.009902343153953552,-15.108344078063965,0.00012655489263124764,-0.02984667383134365,5.941721610724926e-06,-0.999554455280304,5.357189178466797,-0.0011397389462217689,-1.9633262157440186,-2.2155379753030502e-08,-2.097675132972654e-05,5.1584475357913107e-08
1785523712253443800,30765767,-61.560585021972656,0.009902343153953552,-15.14171314239502,0.00012655489263124764,-0.02984667383134365,5.941721610724926e-06,-0.999554455280304,5.34592342376709,-0.0011315392330288887,-1.964694619178772,-1.6520655066187828e-08,-1.9877574231941253e-05,4.5703913542638475e-08
1785523712265706200,30786101,-61.631404876708984,0.009902343153953552,-15.163070678710938,0.00012655486352741718,-0.02984561026096344,5.94323682889808e-06,-0.999554455280304,5.329075336456299,-0.001119233202189207,-1.9667223691940308,-1.0605550215814219e-08,-1.8067177734337747e-05,3.8070446350957354e-08
1785523712279696400,30799169,-61.741912841796875,0.009902343153953552,-15.196508407592773,0.00012655486352741718,-0.02984561026096344,5.94323682889808e-06,-0.999554455280304,5.317950248718262,-0.0011110911145806313,-1.9680628776550293,-7.894575659861403e-09,-1.7183421732624993e-05,-9.521853527871826e-09
1785523712293433700,30799169,-61.741912841796875,0.009902343153953552,-15.196508407592773,0.00012655486352741718,-0.02984561026096344,5.94323682889808e-06,-0.999554455280304,5.317950248718262,-0.0011110911145806313,-1.9680628776550293,-7.894575659861403e-09,-1.7183421732624993e-05,-9.521853527871826e-09
1785523712307443000,30819257,-61.81327819824219,0.009902343153953552,-15.218188285827637,0.00012655486352741718,-0.02984561026096344,5.94323682889808e-06,-0.999554455280304,5.301516056060791,-0.0010990304872393608,-1.9700347185134888,-5.085517784664262e-09,-1.571310895087663e-05,-7.942587920695132e-09
1785523712323430900,30832412,-61.92140579223633,0.009902343153953552,-15.251166343688965,0.00012655486352741718,-0.02984561026096344,5.94323682889808e-06,-0.999554455280304,5.290654182434082,-0.0010910379933193326,-1.9713325500488281,3.077014554264679e-08,-1.4907856893842109e-05,3.4183134545173743e-08
1785523712336284500,30852555,-61.99269485473633,0.009902343153953552,-15.273012161254883,0.00012655486352741718,-0.02984561026096344,5.94323682889808e-06,-0.999554455280304,5.274444580078125,-0.0010790772503241897,-1.9732611179351807,-9.730269923124979e-09,-1.3473218132276088e-05,2.8493005288510176e-08
1785523712349654700,30865729,-62.100624084472656,0.009902343153953552,-15.306205749511719,0.00012655486352741718,-0.02984561026096344,5.94323682889808e-06,-0.999554455280304,5.263728618621826,-0.0010711486684158444,-1.974530577659607,-7.248360134326504e-09,-1.2610517842404079e-05,2.523501230200509e-08
1785523712363649500,30886032,-62.171913146972656,0.009902343153953552,-15.328207969665527,0.00012655486352741718,-0.02984561026096344,5.94323682889808e-06,-0.999554455280304,5.247730731964111,-0.0010592788457870483,-1.9764177799224854,-4.6510537643484895e-09,-1.1850342161778826e-05,-6.723644929707007e-08
1785523712379397600,30899091,-62.279842376708984,0.009902343153953552,-15.361644744873047,0.00012655486352741718,-0.02984561026096344,5.94323682889808e-06,-0.999554455280304,5.237215042114258,-0.0010514543391764164,-1.9776530265808105,-3.465695286308801e-09,-1.1168988748977426e-05,-1.622461809347442e-08
1785523712392290400,30899091,-62.279842376708984,0.009902343153953552,-15.361644744873047,0.00012655486352741718,-0.02984561026096344,5.94323682889808e-06,-0.999554455280304,5.237215042114258,-0.0010514543391764164,-1.9776530265808105,-3.465695286308801e-09,-1.1168988748977426e-05,-1.622461809347442e-08
1785523712406773500,30919145,-62.35027313232422,0.009902343153953552,-15.38356876373291,0.00012655486352741718,-0.02984481118619442,5.943609266978456e-06,-0.999554455280304,5.221590042114258,-0.0010397948790341616,-1.979472041130066,-3.681396165688966e-08,-1.0317051419406198e-05,6.612616232359869e-08
1785523712420783400,30932359,-62.45703125,0.009902343153953552,-15.416909217834473,0.00012655486352741718,-0.02984481118619442,5.943609266978456e-06,-0.999554455280304,5.211244106292725,-0.0010320540750399232,-1.980676531791687,1.247250835945124e-08,-9.767058145371266e-06,1.4889829813569122e-08
1785523712435327400,30952883,-62.52769470214844,0.009902343153953552,-15.439066886901855,0.00012655486352741718,-0.02984481118619442,5.943609266978456e-06,-0.999554455280304,5.195674896240234,-0.0010203737765550613,-1.982480764389038,-3.261357761630279e-08,-8.721714038983919e-06,-2.6207098713371124e-08
1785523712448988600,30965687,-62.6357421875,0.009902343153953552,-15.473051071166992,0.00012655486352741718,-0.02984481118619442,5.943609266978456e-06,-0.999554455280304,5.185551643371582,-0.0010127562563866377,-1.9836490154266357,-2.43284770107266e-08,-8.139031706377864e-06,-2.32227694851872e-08
1785523712461542500,30965687,-62.6357421875,0.009902343153953552,-15.473051071166992,0.00012655486352741718,-0.02984481118619442,5.943609266978456e-06,-0.999554455280304,5.185551643371582,-0.0010127562563866377,-1.9836490154266357,-2.43284770107266e-08,-8.139031706377864e-06,-2.32227694851872e-08
1785523712476857200,30985961,-62.70429611206055,0.009902343153953552,-15.494701385498047,0.00012655486352741718,-0.02984481118619442,5.943609266978456e-06,-0.999554455280304,5.170475006103516,-0.001001381198875606,-1.9853804111480713,-1.5664955554939297e-08,-7.54715711082099e-06,-1.9366648729146618e-08
1785523712488609100,30999018,-62.81081771850586,0.009902343153953552,-15.528451919555664,0.00012655486352741718,-0.02984481118619442,5.943609266978456e-06,-0.999554455280304,5.160485744476318,-0.0009938236325979233,-1.9865221977233887,-1.1672167232745778e-08,-7.112969342415454e-06,-1.7153601206132407e-08
1785523712503027200,31019100,-62.88023376464844,0.009902343153953552,-15.550541877746582,0.00012655486352741718,-0.02984481118619442,5.943609266978456e-06,-0.999554455280304,5.145657062530518,-0.000982571393251419,-1.9882097244262695,-7.512975130907762e-09,-6.489420684374636e-06,-1.4303340734045378e-08
1785523712517370500,31032346,-62.98546600341797,0.009902343153953552,-15.584135055541992,0.00012655486352741718,-0.02984481118619442,5.943609266978456e-06,-0.999554455280304,5.135832786560059,-0.0009750966564752162,-1.9893221855163574,-5.597043717386896e-09,-6.032044439052697e-06,-1.2668085247469207e-08
1785523712533662500,31052728,-63.05519485473633,0.009902343153953552,-15.60646915435791,0.00012655486352741718,-0.02984481118619442,5.943609266978456e-06,-0.999554455280304,5.121097087860107,-0.0009638512274250388,-1.9909828901290894,-3.5839304857177012e-09,-5.46819774172036e-06,-1.054162979130524e-08
1785523712547531600,31065650,-63.16120910644531,0.009902343153953552,-15.640551567077637,0.00012655486352741718,-0.02984481118619442,5.943609266978456e-06,-0.999554455280304,5.111468315124512,-0.0009564830106683075,-1.9920626878738403,-2.6722934975964563e-09,-5.19214245287003e-06,-9.339803597185892e-09
1785523712561594800,31065650,-63.16120910644531,0.009902343153953552,-15.640551567077637,0.00012655486352741718,-0.02984481118619442,5.943609266978456e-06,-0.999554455280304,5.111468315124512,-0.0009564830106683075,-1.9920626878738403,-2.6722934975964563e-09,-5.19214245287003e-06,-9.339803597185892e-09
1785523712574045700,31085604,-63.229373931884766,0.009902343153953552,-15.6625337600708,0.00012655486352741718,-0.02984481118619442,5.943609266978456e-06,-0.999554455280304,5.097259521484375,-0.000945578096434474,-1.9936487674713135,-1.7268115826141184e-09,-5.048934781370917e-06,-7.80036746306223e-09
1785523712590059200,31099004,-63.33280944824219,0.009902343153953552,-15.696020126342773,0.00012655486352741718,-0.02984481118619442,5.943609266978456e-06,-0.999554455280304,5.087738037109375,-0.0009382504504173994,-1.994706392288208,5.480305276250874e-08,-4.607897153618978e-06,3.401220993737297e-08
1785523712602929600,31118847,-63.40281295776367,0.009902343153953552,-15.718764305114746,0.00012655486352741718,-0.02984481118619442,5.943609266978456e-06,-0.999554455280304,5.073629856109619,-0.0009273607283830643,-1.9962658882141113,3.525630276612901e-08,-4.1107164179265965e-06,2.8354220305004674e-08
1785523712618434000,31132332,-63.50566101074219,0.009902343153953552,-15.752299308776855,0.00012655486352741718,-0.02984481118619442,5.943609266978456e-06,-0.999554455280304,5.064273834228516,-0.0009201185312122107,-1.9972950220108032,2.6247253259725767e-08,-3.8815683183202054e-06,2.5105288514737367e-08
1785523712631185300,31152108,-63.57538986206055,0.009902343153953552,-15.775102615356445,0.00012655486352741718,-0.02984481118619442,5.943609266978456e-06,-0.999554455280304,5.0504255294799805,-0.0009093665285035968,-1.9988107681274414,1.6898496824069298e-08,-3.643778200057568e-06,2.0935248201681134e-08
1785523712646997700,31165623,-63.67753601074219,0.009902343153953552,-15.808627128601074,0.00012655486352741718,-0.02984481118619442,5.943609266978456e-06,-0.999554455280304,5.0412139892578125,-0.0009021940059028566,-1.9998136758804321,1.2575175567519636e-08,-3.465629106358392e-06,1.8533324208647173e-08
1785523712659812100,31165623,-63.67753601074219,0.009902343153953552,-15.808627128601074,0.00012655486352741718,-0.02984481118619442,5.943609266978456e-06,-0.999554455280304,5.0412139892578125,-0.0009021940059028566,-1.9998136758804321,1.2575175567519636e-08,-3.465629106358392e-06,1.8533324208647173e-08
1785523712674728000,31185731,-63.74726486206055,0.009902343153953552,-15.831596374511719,0.00012655486352741718,-0.02984481118619442,5.943609266978456e-06,-0.999554455280304,5.02745246887207,-0.0008914479985833168,-2.0013041496276855,8.055952349650397e-09,-3.3751855426089605e-06,1.542447591873497e-08
1785523712686595200,31198944,-63.85027313232422,0.009902343153953552,-15.865649223327637,0.00012655490718316287,-0.0298440121114254,5.943094038229901e-06,-0.9995545148849487,5.01842737197876,-0.0008843795512802899,-2.0022687911987305,6.001089847273988e-09,-3.0549231269105803e-06,1.3660343967103472e-08
1785523712701380000,31219047,-63.918357849121094,0.009902343153953552,-15.888227462768555,0.00012655490718316287,-0.0298440121114254,5.943094038229901e-06,-0.9995545148849487,5.0050225257873535,-0.0008738494943827391,-2.0037057399749756,3.861686082018423e-09,-2.382461616434739e-06,1.1389037268827451e-08
1785523712715610900,31232307,-64.0205078125,0.009902343153953552,-15.922202110290527,0.00012655490718316287,-0.0298440121114254,5.943094038229901e-06,-0.9995545148849487,4.996135711669922,-0.0008668481605127454,-2.0046534538269043,2.8758802006478845e-09,-2.072601319014211e-06,1.0085324575470622e-08
1785523712730000300,31232307,-64.0205078125,0.009902343153953552,-15.922202110290527,0.00012655490718316287,-0.0298440121114254,5.943094038229901e-06,-0.9995545148849487,4.996135711669922,-0.0008668481605127454,-2.0046534538269043,2.8758802006478845e-09,-2.072601319014211e-06,1.0085324575470622e-08
1785523712743104400,31265671,-64.1908950805664,0.009902343153953552,-15.979165077209473,0.00012655490718316287,-0.0298440121114254,5.943094038229901e-06,-0.9995545148849487,4.974152565002441,-0.000849457283038646,-2.0069799423217773,1.3752887717544127e-09,-1.5211634263323504e-06,7.439613813886581e-09
1785523712757195900,31265671,-64.1908950805664,0.009902343153953552,-15.979165077209473,0.00012655490718316287,-0.0298440121114254,5.943094038229901e-06,-0.9995545148849487,4.974152565002441,-0.000849457283038646,-2.0069799423217773,1.3752887717544127e-09,-1.5211634263323504e-06,7.439613813886581e-09
1785523712772710300,31285778,-64.25843811035156,0.009902343153953552,-16.001850128173828,0.00012655490718316287,-0.0298440121114254,5.943094038229901e-06,-0.9995545148849487,4.961130142211914,-0.0008391056908294559,-2.0083465576171875,8.832045095275021e-10,-1.3251632253741263e-06,6.19754203512457e-09
1785523712786920600,31298930,-64.36038970947266,0.009902343153953552,-16.036195755004883,0.00012655490718316287,-0.0298440121114254,5.943094038229901e-06,-0.9995545148849487,4.952559471130371,-0.0008322725770995021,-2.0092406272888184,6.584012224308822e-10,-1.2853332691520336e-06,5.4901376778104805e-09
1785523712799795700,31319138,-64.4272232055664,0.009902343153953552,-16.058774948120117,0.00012655490718316287,-0.0298440121114254,5.943094038229901e-06,-0.9995545148849487,4.939774513244629,-0.0008220489253289998,-2.0105671882629395,4.2324305171703713e-10,-1.1739759884221712e-06,4.575190448719013e-09
1785523712813237900,31332302,-64.52874755859375,0.009902343153953552,-16.09318733215332,0.00012655490718316287,-0.0298440121114254,5.943094038229901e-06,-0.9995545148849487,4.9313273429870605,-0.0008152732625603676,-2.0114386081695557,3.153220184959338e-10,-1.0930803000519518e-06,4.051917912306635e-09
1785523712827499800,31332302,-64.52874755859375,0.009902343153953552,-16.09318733215332,0.00012655490718316287,-0.0298440121114254,5.943094038229901e-06,-0.9995545148849487,4.9313273429870605,-0.0008152732625603676,-2.0114386081695557,3.153220184959338e-10,-1.0930803000519518e-06,4.051917912306635e-09
1785523712842020600,31352120,-64.59554290771484,0.009902343153953552,-16.115903854370117,0.00012655490718316287,-0.0298440121114254,5.943094038229901e-06,-0.9995545148849487,4.918867588043213,-0.0008052490884438157,-2.012716770172119,2.0362633801340735e-10,-1.080287233889976e-06,3.3824865131037996e-09
1785523712854674100,31365601,-64.69507598876953,0.009902343153953552,-16.14984893798828,0.00012655490718316287,-0.0298440121114254,5.943094038229901e-06,-0.9995545148849487,4.910531520843506,-0.0007985227275639772,-2.0135672092437744,1.5158907462620164e-10,-1.0688138445402728e-06,2.994497538821861e-09
1785523712868810400,31385434,-64.76304626464844,0.009902343153953552,-16.173099517822266,0.00012655490718316287,-0.0298440121114254,5.943094038229901e-06,-0.9995545148849487,4.898185729980469,-0.0007885296945460141,-2.014819622039795,9.760342534193e-11,-1.1044437542295782e-06,2.496412188079944e-09
1785523712881489300,31398892,-64.8621826171875,0.009902343153953552,-16.20711326599121,0.00012655490718316287,-0.0298440121114254,5.943094038229901e-06,-0.9995545148849487,4.889987945556641,-0.0007818751619197428,-2.01564621925354,7.270223312261237e-11,-1.1208782098037773e-06,2.2101791508077895e-09
1785523712896005100,31418973,-64.92980194091797,0.009902343153953552,-16.23039436340332,0.00012655490718316287,-0.0298440121114254,5.943094038229901e-06,-0.9995545148849487,4.877801895141602,-0.0007719505811110139,-2.0168681144714355,4.677658260732187e-11,-1.1379887610019068e-06,1.8413942592943044e-09
1785523712910483100,31432250,-65.02906036376953,0.009902343153953552,-16.26466178894043,0.00012655490718316287,-0.0298440121114254,5.943094038229901e-06,-0.9995545148849487,4.869743347167969,-0.000765368458814919,-2.0176713466644287,3.4858393949122046e-11,-1.0308439186701435e-06,1.6304155803226195e-09
1785523712924862900,31432250,-65.02906036376953,0.009902343153953552,-16.26466178894043,0.00012655490718316287,-0.0298440121114254,5.943094038229901e-06,-0.9995545148849487,4.869743347167969,-0.000765368458814919,-2.0176713466644287,3.4858393949122046e-11,-1.0308439186701435e-06,1.6304155803226195e-09
1785523712939874800,31452142,-65.09597778320312,0.009902343153953552,-16.287826538085938,0.00012655490718316287,-0.0298440121114254,5.943094038229901e-06,-0.9995545148849487,4.857797145843506,-0.0007555805495940149,-2.0188546180725098,2.2500390439716966e-11,-1.0402723091829102e-06,1.3593228764818832e-09
1785523712951637300,31465560,-65.19464874267578,0.009902343153953552,-16.322084426879883,0.00012655490718316287,-0.0298440121114254,5.943094038229901e-06,-0.9995545148849487,4.849865436553955,-0.0007490601274184883,-2.0196356773376465,1.6796175561495374e-11,-1.0388914688519435e-06,1.203472210775658e-09
1785523712965738200,31485607,-65.26155853271484,0.009902343153953552,-16.345375061035156,0.00012655490718316287,-0.0298440121114254,5.943094038229901e-06,-0.9995545148849487,4.838068962097168,-0.0007393353153020144,-2.020789623260498,1.0866918476182263e-11,-1.085318103832833e-06,1.0026975916233027e-09
1785523712978864500,31498944,-65.36019134521484,0.009902343153953552,-16.37980842590332,0.00012655490718316287,-0.0298440121114254,5.943094038229901e-06,-0.9995545148849487,4.830265522003174,-0.00073288194835186,-2.0215487480163574,8.137102103233929e-12,-1.0663241027941694e-06,8.877775736770843e-10
1785523712993487900,31498944,-65.36019134521484,0.009902343153953552,-16.37980842590332,0.00012655490718316287,-0.0298440121114254,5.943094038229901e-06,-0.9995545148849487,4.830265522003174,-0.00073288194835186,-2.0215487480163574,8.137102103233929e-12,-1.0663241027941694e-06,8.877775736770843e-10
1785523713008168700,31519056,-65.42655944824219,0.009902343153953552,-16.40304183959961,0.00012655490718316287,-0.0298440121114254,5.943094038229901e-06,-0.9995545148849487,4.818642616271973,-0.0007232398493215442,-2.022671937942505,5.282552173468957e-12,-1.0038600066764047e-06,7.394716505793042e-10
1785523713022349800,31532342,-65.52523040771484,0.009902343153953552,-16.43769073486328,0.00012655490718316287,-0.0298440121114254,5.943094038229901e-06,-0.9995545148849487,4.810973167419434,-0.0007168572628870606,-2.0234081745147705,3.975098028519142e-12,-9.71353529166663e-07,6.548168673958799e-10
1785523713034984400,31552311,-65.59089660644531,0.009902343153953552,-16.4608154296875,0.00012655490718316287,-0.0298440121114254,5.943094038229901e-06,-0.9995545148849487,4.799591064453125,-0.0007073554443195462,-2.0244944095611572,2.622624339920776e-12,-9.774300906428834e-07,5.459215857150923e-10
1785523713048337100,31565592,-65.68878936767578,0.009902343153953552,-16.495386123657227,0.00012655490718316287,-0.0298440121114254,5.943094038229901e-06,-0.9995545148849487,4.792049884796143,-0.0007010403787717223,-2.0252091884613037,1.9948487306464813e-12,-9.516928116681811e-07,4.834787570295873e-10
1785523713062834200,31585551,-65.75433349609375,0.009902343153953552,-16.51858901977539,0.00012655490718316287,-0.0298440121114254,5.943094038229901e-06,-0.9995545148849487,4.780842304229736,-0.0006916255224496126,-2.0262649059295654,1.3390399900004013e-12,-9.1493200216064e-07,4.0303690940213244e-10
1785523713076127200,31598901,-65.85183715820312,0.009902343153953552,-16.553207397460938,0.00012655490718316287,-0.0298440121114254,5.943094038229901e-06,-0.9995545148849487,4.773412704467773,-0.0006853649392724037,-2.0269598960876465,1.0521028492860296e-12,-9.797329312277725e-07,3.5689096122837327e-10
1785523713090596700,31598901,-65.85183715820312,0.009902343153953552,-16.553207397460938,0.00012655490718316287,-0.0298440121114254,5.943094038229901e-06,-0.9995545148849487,4.773412704467773,-0.0006853649392724037,-2.0269598960876465,1.0521028492860296e-12,-9.797329312277725e-07,3.5689096122837327e-10
1785523713103716100,31618722,-65.91726684570312,0.009902343153953552,-16.576507568359375,0.00012655490718316287,-0.0298440121114254,5.943094038229901e-06,-0.9995545148849487,4.76242208480835,-0.0006760734831914306,-2.027981758117676,7.09959868672172e-13,-8.048844506447494e-07,2.9771271559120294e-10
1785523713118442300,31632185,-66.01374816894531,0.009902343153953552,-16.610952377319336,0.00012655490718316287,-0.0298440121114254,5.943094038229901e-06,-0.9995545148849487,4.755095481872559,-0.000669861095957458,-2.028658390045166,5.433431482515516e-13,-6.802696361773997e-07,2.635654472449289e-10
1785523713134068400,31652194,-66.07960510253906,0.009902343153953552,-16.634525299072266,0.00012655490718316287,-0.0298440121114254,5.943094038229901e-06,-0.9995545148849487,4.744219779968262,-0.0006606079405173659,-2.029655694961548,3.7578273825999986e-13,-5.813449206470978e-07,2.1964066676538607e-10
1785523713147402000,31665523,-66.17601776123047,0.009902343153953552,-16.669126510620117,0.00012655490718316287,-0.0298440121114254,5.943094038229901e-06,-0.9995545148849487,4.737014293670654,-0.0006544580683112144,-2.0303118228912354,2.8724245204614363e-13,-4.7319846885329753e-07,1.9446375065790278e-10
1785523713161432600,31665523,-66.17601776123047,0.009902343153953552,-16.669126510620117,0.00012655490718316287,-0.0298440121114254,5.943094038229901e-06,-0.9995545148849487,4.737014293670654,-0.0006544580683112144,-2.0303118228912354,2.8724245204614363e-13,-4.7319846885329753e-07,1.9446375065790278e-10
1785523713173037400,31685523,-66.24136352539062,0.009902343153953552,-16.69264030456543,0.00012655490718316287,-0.0298440121114254,5.943094038229901e-06,-0.9995545148849487,4.72630500793457,-0.0006452888483181596,-2.031280755996704,2.2304380564719395e-13,-5.129234068590449e-07,1.620445028160944e-10
1785523713187068600,31698851,-66.33765411376953,0.009902343153953552,-16.727386474609375,0.00012655490718316287,-0.0298440121114254,5.943094038229901e-06,-0.9995545148849487,4.719216346740723,-0.0006392000941559672,-2.0319175720214844,1.8615664565402312e-13,-4.90858951707196e-07,1.434794782984028e-10
1785523713199923500,31718865,-66.40253448486328,0.009902343153953552,-16.7508544921875,0.00012655490718316287,-0.0298440121114254,5.943094038229901e-06,-0.9995545148849487,4.708706855773926,-0.0006301439134404063,-2.0328545570373535,1.526279103103434e-13,-4.940862936564372e-07,1.1962839052692686e-10
1785523713215007600,31732246,-66.49823760986328,0.009902343153953552,-16.785560607910156,0.00012655490718316287,-0.0298440121114254,5.943094038229901e-06,-0.9995545148849487,4.701724529266357,-0.0006241068476811051,-2.033473014831543,1.3367085216486885e-13,-4.7668297042946506e-07,1.0591302140872116e-10
1785523713228429200,31732246,-66.49823760986328,0.009902343153953552,-16.785560607910156,0.00012655490718316287,-0.0298440121114254,5.943094038229901e-06,-0.9995545148849487,4.701724529266357,-0.0006241068476811051,-2.033473014831543,1.3367085216486885e-13,-4.7668297042946506e-07,1.0591302140872116e-10
1785523713243081900,31752443,-66.56316375732422,0.009902343153953552,-16.809154510498047,0.00012655490718316287,-0.0298440121114254,5.943094038229901e-06,-0.9995545148849487,4.691268444061279,-0.0006150382105261087,-2.0343921184539795,1.1687872891741335e-13,-4.7513512413388526e-07,8.812978125050108e-11
1785523713254633800,31765532,-66.65988159179688,0.009902343153953552,-16.844398498535156,0.00012655490718316287,-0.0298440121114254,5.943094038229901e-06,-0.9995545148849487,4.684421062469482,-0.0006090794922783971,-2.034989833831787,1.145195049900849e-13,-5.029611997997563e-07,7.806259805231974e-11
1785523713270514100,31785483,-66.72319793701172,0.009902343153953552,-16.867523193359375,0.00012655490718316287,-0.0298440121114254,5.943094038229901e-06,-0.9995545148849487,4.674292087554932,-0.000600237981416285,-2.035867214202881,1.0660916593963066e-13,-5.02258899359731e-07,6.515361167247491e-11
1785523713283446300,31798844,-66.81828308105469,0.009902343153953552,-16.9023380279541,0.00012655490718316287,-0.0298440121114254,5.943094038229901e-06,-0.9995545148849487,4.6675238609313965,-0.0005943082505837083,-2.036449432373047,9.939271627956714e-14,-4.827579687116668e-07,5.7680915599434e-11
1785523713299562100,31818640,-66.88277435302734,0.009902343153953552,-16.926010131835938,0.00012655490718316287,-0.0298440121114254,5.943094038229901e-06,-0.9995545148849487,4.657536029815674,-0.0005855328636243939,-2.037302017211914,9.603429163007604e-14,-4.847684635933547e-07,4.8128417917681077e-11
1785523713313211700,31832184,-66.97667694091797,0.009902343153953552,-16.9605712890625,0.00012655490718316287,-0.0298440121114254,5.943094038229901e-06,-0.9995545148849487,4.650863170623779,-0.0005796506302431226,-2.0378670692443848,9.900413822094833e-14,-5.102618274577253e-07,4.260276159628873e-11
1785523713327017700,31832184,-66.97667694091797,0.009902343153953552,-16.9605712890625,0.00012655490718316287,-0.0298440121114254,5.943094038229901e-06,-0.9995545148849487,4.650863170623779,-0.0005796506302431226,-2.0378670692443848,9.900413822094833e-14,-5.102618274577253e-07,4.260276159628873e-11
1785523713338607200,31852033,-67.0416030883789,0.009902343153953552,-16.984525680541992,0.00012655490718316287,-0.0298440121114254,5.943094038229901e-06,-0.9995545148849487,4.640970706939697,-0.0005709014367312193,-2.038698434829712,1.0208500711428314e-13,-5.367155040403304e-07,3.550725338752336e-11
1785523713354670300,31865504,-67.13550567626953,0.009902343153953552,-17.01925277709961,0.00012655490718316287,-0.0298440121114254,5.943094038229901e-06,-0.9995545148849487,4.634401321411133,-0.0005650719394907355,-2.0392463207244873,9.528993416552112e-08,-3.1779879350324336e-07,3.135314230462427e-11
1785523713367590200,31885310,-67.19995880126953,0.009902343153953552,-17.043149948120117,0.00012655490718316287,-0.0298440121114254,5.943094038229901e-06,-0.9995545148849487,4.624678611755371,-0.0005564154125750065,-2.040050983428955,6.1319845201524e-08,3.812852256146471e-09,2.6157742638588388e-11
1785523713381787500,31898884,-67.29351043701172,0.009902343153953552,-17.077905654907227,0.00012655490718316287,-0.0298440121114254,5.943094038229901e-06,-0.9995545148849487,4.618208408355713,-0.0005506367888301611,-2.0405821800231934,4.56229152234755e-08,1.1843555114410265e-07,2.316302705196449e-11
1785523713394873700,31898884,-67.29351043701172,0.009902343153953552,-17.077905654907227,0.00012655490718316287,-0.0298440121114254,5.943094038229901e-06,-0.9995545148849487,4.618208408355713,-0.0005506367888301611,-2.0405821800231934,4.56229152234755e-08,1.1843555114410265e-07,2.316302705196449e-11
1785523713408747800,31918852,-67.3578109741211,0.009902343153953552,-17.101850509643555,0.00012655490718316287,-0.0298440121114254,5.943094038229901e-06,-0.9995545148849487,4.608582973480225,-0.0005420104134827852,-2.0413658618927,2.9283821589842773e-08,2.8529788664855005e-07,1.9301116260805884e-11
1785523713423087000,31932154,-67.4517593383789,0.009902343153953552,-17.136919021606445,0.00012655490718316287,-0.0298440121114254,5.943094038229901e-06,-0.9995545148849487,4.60222864151001,-0.0005362960509955883,-2.041879177093506,2.1803705507750237e-08,3.6168836459182785e-07,1.7094547999363385e-11
1785523713436367100,31952004,-67.51507568359375,0.009902343153953552,-17.16061019897461,0.00012655490718316287,-0.0298440121114254,5.943094038229901e-06,-0.9995545148849487,4.592835426330566,-0.0005278208991512656,-2.0426316261291504,1.4055307140381501e-08,4.1066979861170694e-07,1.426631035528203e-11
1785523713450103400,31965507,-67.6080093383789,0.009902343153953552,-17.195463180541992,0.00012655490718316287,-0.0298440121114254,5.943094038229901e-06,-0.9995545148849487,4.5865631103515625,-0.000522143323905766,-2.0431296825408936,1.0457745780456662e-08,4.143386718169495e-07,1.2630674284253018e-11
1785523713464479200,31985374,-67.671875,0.009902343153953552,-17.219467163085938,0.00012655490718316287,-0.0298440121114254,5.943094038229901e-06,-0.9995545148849487,4.577258586883545,-0.0005136925028637052,-2.0438625812530518,6.722975509632079e-09,4.750573054934648e-07,1.0529022098637597e-11
1785523713479278900,31998886,-67.76476287841797,0.009902343153953552,-17.254457473754883,0.00012655490718316287,-0.0298440121114254,5.943094038229901e-06,-0.9995545148849487,4.571082592010498,-0.000508065102621913,-2.044344902038574,5.002716019220088e-09,5.030248644288804e-07,9.322070892991974e-12
1785523713492089500,31998886,-67.76476287841797,0.009902343153953552,-17.254457473754883,0.00012655490718316287,-0.0298440121114254,5.943094038229901e-06,-0.9995545148849487,4.571082592010498,-0.000508065102621913,-2.044344902038574,5.002716019220088e-09,5.030248644288804e-07,9.322070892991974e-12
1785523713506972600,32019086,-67.82820129394531,0.009902343153953552,-17.27840232849121,0.00012655490718316287,-0.0298440121114254,5.943094038229901e-06,-0.9995545148849487,4.5618414878845215,-0.0004996145144104958,-2.045060634613037,3.2029130458965938e-09,5.322851848177379e-07,7.758002573687861e-12
1785523713521928000,32032402,-67.92214965820312,0.009902343153953552,-17.313949584960938,0.00012655490718316287,-0.0298440121114254,5.943094038229901e-06,-0.9995545148849487,4.555746078491211,-0.0004940219223499298,-2.0455284118652344,2.381620678448826e-09,4.3046441078331554e-07,6.865980006764971e-12
1785523713536375100,32052196,-67.9847640991211,0.009902343153953552,-17.337690353393555,0.00012655490718316287,-0.0298440121114254,5.943094038229901e-06,-0.9995545148849487,4.546789646148682,-0.0004857761086896062,-2.0462098121643066,1.5365078098739104e-09,4.115152876238426e-07,5.730894925282115e-12
1785523713548023900,32065556,-68.07659912109375,0.009902343153953552,-17.372602462768555,0.00012655490718316287,-0.0298440121114254,5.943094038229901e-06,-0.9995545148849487,4.540831565856934,-0.00048027175944298506,-2.046659231185913,1.1452230275210695e-09,4.555282657747739e-07,5.077264997321862e-12
1785523713562489800,32085558,-68.1392593383789,0.009902343153953552,-17.396469116210938,0.00012655490718316287,-0.0298440121114254,5.943094038229901e-06,-0.9995545148849487,4.534866809844971,-0.00047474668826907873,-2.0471057891845703,8.516615190856669e-10,4.485409021981468e-07,4.493995453547228e-12
1785523713576871300,32098907,-68.23214721679688,0.009902343153953552,-17.43191909790039,0.00012655490718316287,-0.0298440121114254,5.943094038229901e-06,-0.9995545148849487,4.5260210037231445,-0.00046652532182633877,-2.047762155532837,5.471666453260582e-10,4.970938221049437e-07,3.745295740209542e-12
1785523713590087300,32098907,-68.23214721679688,0.009902343153953552,-17.43191909790039,0.00012655490718316287,-0.0298440121114254,5.943094038229901e-06,-0.9995545148849487,4.5260210037231445,-0.00046652532182633877,-2.047762155532837,5.471666453260582e-10,4.970938221049437e-07,3.745295740209542e-12
1785523713604609600,32118785,-68.29421997070312,0.009902343153953552,-17.45564842224121,0.00012655490718316287,-0.0298440121114254,5.943094038229901e-06,-0.9995545148849487,4.51731014251709,-0.00045839627273380756,-2.04840087890625,-1.3352857308746025e-07,2.9035834359092405e-07,3.2249758419311547e-12
1785523713617925600,32132157,-68.38593292236328,0.009902343153953552,-17.49080467224121,0.00012655490718316287,-0.0298440121114254,5.943094038229901e-06,-0.9995545148849487,4.511514186859131,-0.0004529678262770176,-2.0488224029541016,-2.144621333854957e-07,2.1624347823490098e-07,2.928324249751313e-12
1785523713631216900,32152100,-68.4482421875,0.009902343153953552,-17.51473045349121,0.00012655490718316287,-0.0298440121114254,5.943094038229901e-06,-0.9995545148849487,4.502918720245361,-0.00044488918501883745,-2.049441337585449,-1.6430465166195063e-07,-8.407021745426846e-09,2.4300561562995426e-12
1785523713645712400,32165534,-68.53960418701172,0.009902343153953552,-17.54988670349121,0.00012655490718316287,-0.0298440121114254,5.943094038229901e-06,-0.9995545148849487,4.497194290161133,-0.0004394901916384697,-2.049849510192871,-1.2226718126839842e-07,-1.557646527317047e-07,2.1316282072803006e-12
1785523713661570500,32165534,-68.53960418701172,0.009902343153953552,-17.54988670349121,0.00012655490718316287,-0.0298440121114254,5.943094038229901e-06,-0.9995545148849487,4.497194290161133,-0.0004394901916384697,-2.049849510192871,-1.2226718126839842e-07,-1.557646527317047e-07,2.1316282072803006e-12
1785523713675115600,32185720,-68.60206604003906,0.009902343153953552,-17.573978424072266,0.00012655490718316287,-0.0298440121114254,5.943094038229901e-06,-0.9995545148849487,4.488638877868652,-0.0004313918761909008,-2.0504536628723145,-7.833770609977364e-08,-2.696496324006148e-07,1.7550405573274475e-12
1785523713688295100,32198877,-68.6943359375,0.009902343153953552,-17.60963249206543,0.00012655490718316287,-0.0298440121114254,5.943094038229901e-06,-0.9995545148849487,4.483017444610596,-0.0004260531859472394,-2.0508463382720947,-5.8355404064514005e-08,-3.4992527275790053e-07,1.5440981826486677e-12
1785523713701234400,32219112,-68.75542449951172,0.009902343153953552,-17.633285522460938,0.00012655490718316287,-0.0298440121114254,5.943094038229901e-06,-0.9995545148849487,4.474647521972656,-0.00041807431261986494,-2.0514259338378906,-3.751194910250888e-08,-4.3366040358705504e-07,1.2756462552943049e-12
1785523713715601500,32232232,-68.84734344482422,0.009902343153953552,-17.668949127197266,0.00012655490718316287,-0.0298440121114254,5.943094038229901e-06,-0.9995545148849487,4.469109058380127,-0.0004127769498154521,-2.0518054962158203,-2.7941569058498317e-08,-4.3216152789682383e-07,1.1249889908526711e-12
1785523713728707600,32232232,-68.84734344482422,0.009902343153953552,-17.668949127197266,0.00012655490718316287,-0.0298440121114254,5.943094038229901e-06,-0.9995545148849487,4.469109058380127,-0.0004127769498154521,-2.0518054962158203,-2.7941569058498317e-08,-4.3216152789682383e-07,1.1249889908526711e-12
1785523713742947700,32265544,-68.99909973144531,0.009902343153953552,-17.728031158447266,0.00012655490718316287,-0.0298440121114254,5.943094038229901e-06,-0.9995545148849487,4.455441951751709,-0.00039963878225535154,-2.0527288913726807,-1.3406100229929052e-08,-4.857969315708033e-07,8.221201497349284e-13
1785523713758783500,32265544,-68.99909973144531,0.009902343153953552,-17.728031158447266,0.00012655490718316287,-0.0298440121114254,5.943094038229901e-06,-0.9995545148849487,4.455441951751709,-0.00039963878225535154,-2.0527288913726807,-1.3406100229929052e-08,-4.857969315708033e-07,8.221201497349284e-13
1785523713772695700,32285674,-69.06073760986328,0.009902343153953552,-17.752094268798828,0.00012655490718316287,-0.0298440121114254,5.943094038229901e-06,-0.9995545148849487,4.447279453277588,-0.00039174931589514017,-2.0532708168029785,-8.599331025038737e-09,-4.4652963993030426e-07,6.817324482710774e-13
1785523713785400700,32298930,-69.15203094482422,0.009902343153953552,-17.78780746459961,0.00012655490718316287,-0.0298440121114254,5.943094038229901e-06,-0.9995545148849487,4.441902160644531,-0.00038653239607810974,-2.053624153137207,-6.404583974273237e-09,-4.471420709251106e-07,6.01657612619988e-13
1785523713800251300,32318997,-69.21273040771484,0.009902343153953552,-17.811595916748047,0.00012655490718316287,-0.0298440121114254,5.943094038229901e-06,-0.9995545148849487,4.433906555175781,-0.0003787486348301172,-2.0541439056396484,-4.119340424324491e-09,-4.2633820385162835e-07,4.994893387788579e-13
1785523713813056500,32332223,-69.30351257324219,0.009873046539723873,-17.84724998474121,0.00012655490718316287,-0.0298440121114254,5.943094038229901e-06,-0.9995545148849487,4.428602695465088,-0.0003735676873475313,-2.0544848442077637,-3.067228249165055e-09,-4.322381528254482e-07,4.4064751847372463e-13
1785523713828117000,32332223,-69.30351257324219,0.009873046539723873,-17.84724998474121,0.00012655490718316287,-0.0298440121114254,5.943094038229901e-06,-0.9995545148849487,4.428602695465088,-0.0003735676873475313,-2.0544848442077637,-3.067228249165055e-09,-4.322381528254482e-07,4.4064751847372463e-13
1785523713842710200,32352228,-69.36429595947266,0.009853515774011612,-17.871156692504883,0.00012655490718316287,-0.0298440121114254,5.943094038229901e-06,-0.9995545148849487,4.420742511749268,-0.0003658613422885537,-2.0549845695495605,-1.974969521256753e-09,-4.4667638121609343e-07,3.6522174173825306e-13
1785523713855496700,32365487,-69.45433807373047,0.009824218228459358,-17.906644821166992,0.00012655490718316287,-0.0298440121114254,5.943094038229901e-06,-0.9995545148849487,4.4155168533325195,-0.00036071951035410166,-2.0553131103515625,-1.4704418793698437e-09,-4.818469392375846e-07,3.213887489472711e-13
1785523713868484800,32385669,-69.51527404785156,0.009804687462747097,-17.930707931518555,0.00012655490718316287,-0.0298440121114254,5.943094038229901e-06,-0.9995545148849487,4.4076995849609375,-0.0003529995447024703,-2.0557992458343506,1.3767824214028224e-07,-2.082509382717035e-07,1.5365486660812167e-13
1785523713882899800,32399048,-69.6060562133789,0.009775390848517418,-17.966625213623047,0.00012655490718316287,-0.0298440121114254,5.943094038229901e-06,-0.9995545148849487,4.402556419372559,-0.00034790404606610537,-2.05611515045166,1.0255470783704368e-07,-6.045861589143442e-09,1.545430450278218e-13
1785523713896351700,32419394,-69.66597747802734,0.009755859151482582,-17.990375518798828,0.00012655490718316287,-0.0298440121114254,5.943094038229901e-06,-0.9995545148849487,4.394825458526611,-0.00034021574538201094,-2.056584596633911,6.562792975728371e-08,2.0654049137647235e-07,1.4921397450962104e-13
1785523713909605300,32432254,-69.75765228271484,0.009726562537252903,-18.026771545410156,0.00012655490718316287,-0.0298440121114254,5.943094038229901e-06,-0.9995545148849487,4.38977575302124,-0.00033517577685415745,-2.056887626647949,4.8936904306629e-08,2.635565294895059e-07,1.4099832412739488e-13
1785523713925207800,32432254,-69.75765228271484,0.009726562537252903,-18.026771545410156,0.00012655490718316287,-0.0298440121114254,5.943094038229901e-06,-0.9995545148849487,4.38977575302124,-0.00033517577685415745,-2.056887626647949,4.8936904306629e-08,2.635565294895059e-07,1.4099832412739488e-13
1785523713939723700,32452582,-69.8162841796875,0.009707030840218067,-18.050092697143555,0.00012655490718316287,-0.0298440121114254,5.943094038229901e-06,-0.9995545148849487,4.38222599029541,-0.0003276141360402107,-2.057335138320923,3.145129667814217e-08,3.781819373216422e-07,1.27675647831893e-13
1785523713953281900,32465503,-69.90730285644531,0.009677734225988388,-18.08637237548828,0.00012655490718316287,-0.0298440121114254,5.943094038229901e-06,-0.9995545148849487,4.377251625061035,-0.00032261398155242205,-2.057626485824585,2.3456301789792633e-08,3.913987427495158e-07,1.176836406102666e-13
1785523713966279900,32485415,-69.96593475341797,0.009658202528953552,-18.10978889465332,0.00012655490718316287,-0.0298440121114254,5.943094038229901e-06,-0.9995545148849487,4.3699049949646,-0.00031520251650363207,-2.058051586151123,1.5165687372586945e-08,4.2529532606749854e-07,1.0330625244137082e-13
1785523713979644500,32498904,-70.05492401123047,0.009628905914723873,-18.145376205444336,0.00012655490718316287,-0.0298440121114254,5.943094038229901e-06,-0.9995545148849487,4.364964962005615,-0.0003102011978626251,-2.0583338737487793,1.1283355583202592e-08,4.6601454073424975e-07,9.442446824436956e-14
1785523713993055500,32498904,-70.05492401123047,0.009628905914723873,-18.145376205444336,0.00012655490718316287,-0.0298440121114254,5.943094038229901e-06,-0.9995545148849487,4.364964962005615,-0.0003102011978626251,-2.0583338737487793,1.1283355583202592e-08,4.6601454073424975e-07,9.442446824436956e-14
1785523714007164100,32519575,-70.11550903320312,0.009609375149011612,-18.169652938842773,0.00012655490718316287,-0.0298440121114254,5.943094038229901e-06,-0.9995545148849487,4.357491493225098,-0.0003026080084964633,-2.0587549209594727,7.18620229989142e-09,3.971714193085063e-07,8.026912468039882e-14
1785523714020946500,32532682,-70.20687103271484,0.009580077603459358,-18.20633316040039,0.00012655490718316287,-0.0298440121114254,5.943094038229901e-06,-0.9995545148849487,4.352585315704346,-0.0002976038958877325,-2.059027910232544,5.332931873880398e-09,4.454450106550212e-07,7.302491944471967e-14
1785523714034897500,32552471,-70.2664794921875,0.009560546837747097,-18.23030662536621,0.00012655490718316287,-0.0298440121114254,5.943094038229901e-06,-0.9995545148849487,4.345437526702881,-0.0002902866108343005,-2.059420108795166,3.444974305821802e-09,4.6055725988480845e-07,6.294964549624638e-14
1785523714049003600,32565812,-70.35421752929688,0.009531250223517418,-18.265649795532227,0.00012655490718316287,-0.0298440121114254,5.943094038229901e-06,-0.9995545148849487,4.34071159362793,-0.0002854327904060483,-2.059675931930542,2.5755324539744606e-09,4.520809966379602e-07,5.677402992176894e-14
1785523714061732200,32565812,-70.35421752929688,0.009531250223517418,-18.265649795532227,0.00012655490718316287,-0.0298440121114254,5.943094038229901e-06,-0.9995545148849487,4.34071159362793,-0.0002854327904060483,-2.059675931930542,2.5755324539744606e-09,4.520809966379602e-07,5.677402992176894e-14
1785523714076337300,32586031,-70.41316223144531,0.009511718526482582,-18.2894287109375,0.00012655490718316287,-0.0298440121114254,5.943094038229901e-06,-0.9995545148849487,4.333537578582764,-0.0002780345967039466,-2.0600593090057373,1.6494463572769291e-09,4.5901006728854554e-07,4.871797409933265e-14
1785523714090617800,32598950,-70.50347137451172,0.009482421912252903,-18.325931549072266,0.00012655490718316287,-0.0298440121114254,5.943094038229901e-06,-0.9995545148849487,4.32884407043457,-0.000273178331553936,-2.0603067874908447,1.230158197529363e-09,4.908716277896019e-07,4.44436154545258e-14
1785523714103307100,32619355,-70.56128692626953,0.009462890215218067,-18.349340438842773,0.00012655490718316287,-0.0298440121114254,5.943094038229901e-06,-0.9995545148849487,4.321813583374023,-0.00026587548200041056,-2.0606720447540283,1.4063978426293033e-07,2.1075960887628753e-07,-7.194245199571014e-14
1785523714116198200,32632225,-70.65132904052734,0.009433593600988388,-18.385845184326172,0.00012655490718316287,-0.0298440121114254,5.943094038229901e-06,-0.9995545148849487,4.317190170288086,-0.0002610564697533846,-2.060908794403076,1.0491046964489215e-07,4.7809805892029544e-08,-5.062616992290714e-14
1785523714130144600,32652363,-70.708984375,0.009414061903953552,-18.40926170349121,0.00012655490718316287,-0.0298440121114254,5.943094038229901e-06,-0.9995545148849487,4.310313701629639,-0.00025386223569512367,-2.061256170272827,6.762834914297855e-08,-1.768446935557222e-07,-2.930988785010413e-14
1785523714144825200,32665500,-70.79777526855469,0.009384765289723873,-18.445384979248047,0.00012655490718316287,-0.0298440121114254,5.943094038229901e-06,-0.9995545148849487,4.3057427406311035,-0.00024906068574637175,-2.06148362159729,5.03938366591683e-08,-2.062368196220632e-07,-1.9317880628477724e-14
1785523714159389600,32665500,-70.79777526855469,0.009384765289723873,-18.445384979248047,0.00012655490718316287,-0.0298440121114254,5.943094038229901e-06,-0.9995545148849487,4.3057427406311035,-0.00024906068574637175,-2.06148362159729,5.03938366591683e-08,-2.062368196220632e-07,-1.9317880628477724e-14
1785523714173934900,32685461,-70.85636901855469,0.009365234524011612,-18.46925163269043,0.00012655490718316287,-0.0298440121114254,5.943094038229901e-06,-0.9995545148849487,4.298962116241455,-0.00024191499687731266,-2.0618155002593994,3.248204905048624e-08,-3.4063543807860697e-07,-9.992007221626409e-15
1785523714189814500,32698830,-70.94413757324219,0.009335936978459358,-18.505083084106445,0.00012655490718316287,-0.0298440121114254,5.943094038229901e-06,-0.9995545148849487,4.294440269470215,-0.00023713242262601852,-2.0620334148406982,2.418131117565281e-08,-4.0291880054610374e-07,-5.88418203051333e-15
1785523714202250900,32718656,-71.00343322753906,0.009316406212747097,-18.529321670532227,0.00012655490718316287,-0.0298440121114254,5.943094038229901e-06,-0.9995545148849487,4.287746906280518,-0.00023002596572041512,-2.0623512268066406,1.5576455680843537e-08,-4.2790370002876443e-07,-1.9984014443252818e-15
1785523714215709400,32732200,-71.09054565429688,0.009287109598517418,-18.56497573852539,0.00012655490718316287,-0.0298440121114254,5.943094038229901e-06,-0.9995545148849487,4.283287048339844,-0.00022527086548507214,-2.0625598430633545,1.1591493986884416e-08,-4.3386054926486395e-07,-3.3306690738754696e-16
1785523714229990900,32752166,-71.15015411376953,0.009267577901482582,-18.58940887451172,0.00012655490718316287,-0.0298440121114254,5.943094038229901e-06,-0.9995545148849487,4.2766571044921875,-0.00021817930974066257,-2.0628647804260254,7.44977635136479e-09,-4.4792378162128443e-07,9.43689570931383e-16
1785523714244303600,32765496,-71.2373046875,0.009238281287252903,-18.62520980834961,0.00012655490718316287,-0.0298440121114254,5.943094038229901e-06,-0.9995545148849487,4.272262096405029,-0.00021346088033169508,-2.063063621520996,5.545717662869265e-09,-4.827952579944395e-07,1.2490009027033011e-15
1785523714259999000,32765496,-71.2373046875,0.009238281287252903,-18.62520980834961,0.00012655490718316287,-0.0298440121114254,5.943094038229901e-06,-0.9995545148849487,4.272262096405029,-0.00021346088033169508,-2.063063621520996,5.545717662869265e-09,-4.827952579944395e-07,1.2490009027033011e-15
1785523714273100600,32785527,-71.29644012451172,0.009218749590218067,-18.649545669555664,0.00012655490718316287,-0.0298440121114254,5.943094038229901e-06,-0.9995545148849487,4.265727519989014,-0.0002064185682684183,-2.063354015350342,3.564605721706471e-09,-5.190778438191046e-07,1.2490009027033011e-15
1785523714286074600,32798835,-71.38359069824219,0.009189452975988388,-18.685453414916992,0.00012655490718316287,-0.0298440121114254,5.943094038229901e-06,-0.9995545148849487,4.2613959312438965,-0.00020173285156488419,-2.0635435581207275,2.6536539632360245e-09,-5.35761273567914e-07,1.124100812432971e-15
1785523714299171400,32818745,-71.44242095947266,0.009169921278953552,-18.70973014831543,0.00012655490718316287,-0.0298440121114254,5.943094038229901e-06,-0.9995545148849487,4.254979133605957,-0.00019476411398500204,-2.063819408416748,1.7087732340215211e-09,-5.530661724151287e-07,8.118505867571457e-16
1785523714313206700,32832146,-71.52898406982422,0.009140624664723873,-18.745502471923828,0.00012655490718316287,-0.0298440121114254,5.943094038229901e-06,-0.9995545148849487,4.250703811645508,-0.00019010412506759167,-2.063999652862549,-7.998679052434454e-08,-4.391839922845975e-07,6.927791673660977e-14
1785523714327582800,32832146,-71.52898406982422,0.009140624664723873,-18.745502471923828,0.00012655490718316287,-0.0298440121114254,5.943094038229901e-06,-0.9995545148849487,4.250703811645508,-0.00019010412506759167,-2.063999652862549,-7.998679052434454e-08,-4.391839922845975e-07,6.927791673660977e-14
1785523714340408100,32852111,-71.58804321289062,0.009121093899011612,-18.769956588745117,0.00012655490718316287,-0.0298440121114254,5.943094038229901e-06,-0.9995545148849487,4.244350910186768,-0.00018315238412469625,-2.064262866973877,-1.0124435334546433e-07,-2.0274764267469436e-07,8.704148513061227e-14
1785523714356339900,32865520,-71.67464447021484,0.009091796353459358,-18.805843353271484,0.00012655490718316287,-0.0298440121114254,5.943094038229901e-06,-0.9995545148849487,4.240137100219727,-0.00017852429300546646,-2.064434289932251,-7.53534123987265e-08,-1.4627496991437283e-09,6.705747068735946e-14
1785523714368625000,32885508,-71.73336029052734,0.009072265587747097,-18.830219268798828,0.00012655490718316287,-0.0298440121114254,5.943094038229901e-06,-0.9995545148849487,4.233872890472412,-0.0001716172555461526,-2.0646843910217285,-4.842478062982991e-08,2.0788932886262046e-07,4.529709940470639e-14
1785523714382975500,32898807,-71.8199234008789,0.009042968973517418,-18.866195678710938,0.00012655490718316287,-0.0298440121114254,5.943094038229901e-06,-0.9995545148849487,4.229727268218994,-0.00016702734865248203,-2.0648465156555176,-3.606159282298904e-08,3.0400502737393253e-07,3.597122599785507e-14
1785523714396274300,32918857,-71.87820434570312,0.009023437276482582,-18.890453338623047,0.00012655490718316287,-0.0298440121114254,5.943094038229901e-06,-0.9995545148849487,4.223556995391846,-0.00016017153393477201,-2.0650827884674072,-2.3186052189316797e-08,3.6967466598980536e-07,2.5424107263916085e-14
1785523714408797400,32918857,-71.87820434570312,0.009023437276482582,-18.890453338623047,0.00012655490718316287,-0.0298440121114254,5.943094038229901e-06,-0.9995545148849487,4.223556995391846,-0.00016017153393477201,-2.0650827884674072,-2.3186052189316797e-08,3.6967466598980536e-07,2.5424107263916085e-14
1785523714422922300,32932146,-71.96464538574219,0.008994140662252903,-18.926498413085938,0.00012655490718316287,-0.0298440121114254,5.943094038229901e-06,-0.9995545148849487,4.219465732574463,-0.00015560828614979982,-2.0652365684509277,-1.7262896889747026e-08,4.245186460138939e-07,2.0761170560490427e-14
1785523714436103400,32952309,-72.02277374267578,0.008974608965218067,-18.950775146484375,0.00012655490718316287,-0.0298440121114254,5.943094038229901e-06,-0.9995545148849487,4.213351726531982,-0.00014876166824251413,-2.0654616355895996,-1.1072275540868759e-08,4.518844889389584e-07,1.5987211554602254e-14
1785523714450490500,32965570,-72.10968780517578,0.008945312350988388,-18.987123489379883,0.00012655490718316287,-0.0298440121114254,5.943094038229901e-06,-0.9995545148849487,4.209320545196533,-0.00014423055108636618,-2.0656068325042725,-8.245538474227487e-09,4.4579863356375427e-07,1.3433698597964394e-14
1785523714463086100,32985686,-72.16718292236328,0.008925780653953552,-19.011205673217773,0.00012655490718316287,-0.0298440121114254,5.943094038229901e-06,-0.9995545148849487,4.203311443328857,-0.00013744994066655636,-2.0658183097839355,-5.297031258066909e-09,4.953469101565133e-07,1.149080830487037e-14
1785523714476834300,32998913,-72.25386810302734,0.008896484039723873,-19.04755401611328,0.00012655490718316287,-0.0298440121114254,5.943094038229901e-06,-0.9995545148849487,4.199332237243652,-0.00013294164091348648,-2.065955638885498,-3.943090742808408e-09,5.180991138331592e-07,1.0602629885170245e-14
1785523714489933000,32998913,-72.25386810302734,0.008896484039723873,-19.04755401611328,0.00012655490718316287,-0.0298440121114254,5.943094038229901e-06,-0.9995545148849487,4.199332237243652,-0.00013294164091348648,-2.065955638885498,-3.943090742808408e-09,5.180991138331592e-07,1.0602629885170245e-14
1785523714506332600,33018829,-72.3114013671875,0.008876953274011612,-19.071712493896484,0.00012655490718316287,-0.0298440121114254,5.943094038229901e-06,-0.9995545148849487,4.193455696105957,-0.0001262597506865859,-2.0661532878875732,-2.5431861061520067e-09,4.6780797902101767e-07,8.701372955499664e-15
1785523714518150900,33032228,-72.39663696289062,0.008847655728459358,-19.107572555541992,0.00012655490718316287,-0.0298440121114254,5.943094038229901e-06,-0.9995545148849487,4.189542293548584,-0.00012179207988083363,-2.066282033920288,-1.894839840588247e-09,4.975221941094787e-07,8.507083926190262e-15
1785523714531979300,33052311,-72.45452880859375,0.008828124962747097,-19.131948471069336,0.00012655490718316287,-0.0298440121114254,5.943094038229901e-06,-0.9995545148849487,4.183692932128906,-0.0001150874886661768,-2.066469669342041,-1.2165969343058691e-09,5.286063924359041e-07,8.278100427361323e-15
1785523714546336300,33065545,-72.54046630859375,0.008798828348517418,-19.168188095092773,0.00012655490718316287,-0.0298440121114254,5.943094038229901e-06,-0.9995545148849487,4.179829120635986,-0.00011064240243285894,-2.0665907859802246,1.4823552874076995e-07,3.591828772187e-07,-1.0835776720341528e-13
1785523714561642000,33065545,-72.54046630859375,0.008798828348517418,-19.168188095092773,0.00012655490718316287,-0.0298440121114254,5.943094038229901e-06,-0.9995545148849487,4.179829120635986,-0.00011064240243285894,-2.0665907859802246,1.4823552874076995e-07,3.591828772187e-07,-1.0835776720341528e-13
1785523714574777000,33085690,-72.59777069091797,0.008779296651482582,-19.192386627197266,0.00012655490718316287,-0.0298440121114254,5.943094038229901e-06,-0.9995545148849487,4.174062252044678,-0.00010398379527032375,-2.0667667388916016,8.560706277194186e-08,1.2133266125147202e-07,-6.439293542825908e-14
1785523714587066600,33098847,-72.68378448486328,0.008750000037252903,-19.228744506835938,0.00012655490718316287,-0.0298440121114254,5.943094038229901e-06,-0.9995545148849487,4.170257568359375,-9.957165457308292e-05,-2.0668797492980957,6.378298422760054e-08,-5.8571732353129846e-08,-4.929390229335695e-14
1785523714599653000,33118739,-72.74066162109375,0.008730468340218067,-19.252826690673828,0.00012655490718316287,-0.0298440121114254,5.943094038229901e-06,-0.9995545148849487,4.164620399475098,-9.301246609538794e-05,-2.067042589187622,4.1134963879585484e-08,-2.452682394959993e-07,-3.3306690738754696e-14
1785523714613453500,33132187,-72.8255844116211,0.008701171725988388,-19.28883171081543,0.00012655490718316287,-0.0298440121114254,5.943094038229901e-06,-0.9995545148849487,4.160850524902344,-8.860707748681307e-05,-2.0671489238739014,3.060303654933705e-08,-2.914543415499793e-07,-2.5979218776228663e-14
1785523714628311500,33132187,-72.8255844116211,0.008701171725988388,-19.28883171081543,0.00012655490718316287,-0.0298440121114254,5.943094038229901e-06,-0.9995545148849487,4.160850524902344,-8.860707748681307e-05,-2.0671489238739014,3.060303654933705e-08,-2.914543415499793e-07,-2.5979218776228663e-14
1785523714642536500,33152101,-72.88347625732422,0.008681640028953552,-19.31340217590332,0.00012655490718316287,-0.0298440121114254,5.943094038229901e-06,-0.9995545148849487,4.155264377593994,-8.20548739284277e-05,-2.0673017501831055,1.968971830024202e-08,-3.220785345092736e-07,-1.765254609153999e-14
1785523714656863800,33165519,-72.96800994873047,0.008652343414723873,-19.349321365356445,0.00012655490718316287,-0.0298440121114254,5.943094038229901e-06,-0.9995545148849487,4.151552200317383,-7.768487557768822e-05,-2.0674002170562744,1.4658034785952623e-08,-3.485374406864139e-07,-1.3933298959045715e-14
1785523714669886700,33185570,-73.02566528320312,0.008632812649011612,-19.373870849609375,0.00012655490718316287,-0.0298440121114254,5.943094038229901e-06,-0.9995545148849487,4.146014213562012,-7.113674655556679e-05,-2.067542552947998,9.406613266094155e-09,-3.640407442162541e-07,-9.71445146547012e-15
1785523714685772800,33198799,-73.1107406616211,0.008603515103459358,-19.410140991210938,0.00012655490718316287,-0.0298440121114254,5.943094038229901e-06,-0.9995545148849487,4.142359256744385,-6.67991116642952e-05,-2.067633628845215,7.006107693996455e-09,-4.2026528035421507e-07,-8.132383655379272e-15
1785523714698656800,33218649,-73.16761779785156,0.008583984337747097,-19.434398651123047,0.00012655490718316287,-0.0298440121114254,5.943094038229901e-06,-0.9995545148849487,4.136952877044678,-6.035692058503628e-05,-2.0677645206451416,4.51815562740876e-09,-4.4432172785491275e-07,-6.2450045135165055e-15
1785523714714376500,33232122,-73.25171661376953,0.008554687723517418,-19.470346450805664,0.00012655490718316287,-0.0298440121114254,5.943094038229901e-06,-0.9995545148849487,4.133337497711182,-5.6033022701740265e-05,-2.0678486824035645,3.362247369409488e-09,-4.801491968464688e-07,-5.4817261840867104e-15
1785523714726891700,33232122,-73.25171661376953,0.008554687723517418,-19.470346450805664,0.00012655490718316287,-0.0298440121114254,5.943094038229901e-06,-0.9995545148849487,4.133337497711182,-5.6033022701740265e-05,-2.0678486824035645,3.362247369409488e-09,-4.801491968464688e-07,-5.4817261840867104e-15
1785523714740819600,33251896,-73.30929565429688,0.008535156026482582,-19.494976043701172,0.00012655490718316287,-0.0298440121114254,5.943094038229901e-06,-0.9995545148849487,4.127991676330566,-4.961201921105385e-05,-2.06796932220459,2.165697399192368e-09,-4.526820021055755e-07,-4.3298697960381105e-15
1785523714755029200,33265421,-73.39292907714844,0.008505859412252903,-19.530805587768555,0.00012655490718316287,-0.0298440121114254,5.943094038229901e-06,-0.9995545148849487,4.124423980712891,-4.53100074082613e-05,-2.068046808242798,1.6112193801376407e-09,-4.863965159529471e-07,-4.017619570362285e-15
1785523714770639100,33285373,-73.45069885253906,0.008486327715218067,-19.555580139160156,0.00012655490718316287,-0.0298440121114254,5.943094038229901e-06,-0.9995545148849487,4.119113445281982,-3.888108767569065e-05,-2.068157911300659,1.0343622625086368e-09,-4.130529589474463e-07,-3.139849491518021e-15
1785523714783335500,33298806,-73.53480529785156,0.008457031100988388,-19.591703414916992,0.00012655490718316287,-0.0298440121114254,5.943094038229901e-06,-0.9995545148849487,4.115600109100342,-3.4611206501722336e-05,-2.0682284832000732,7.699555437667982e-10,-3.8215333120206196e-07,-2.744332538995309e-15
1785523714797884000,33318548,-73.59183502197266,0.008437499403953552,-19.616214752197266,0.00012655490718316287,-0.0298440121114254,5.943094038229901e-06,-0.9995545148849487,4.110406875610352,-2.8274022042751312e-05,-2.068328380584717,4.963390254353328e-10,-4.1456567601017014e-07,-2.6593310886724453e-15
1785523714811971100,33332165,-73.67515563964844,0.008408202789723873,-19.652074813842773,0.00012655490718316287,-0.0298440121114254,5.943094038229901e-06,-0.9995545148849487,4.106934547424316,-2.4019740521907806e-05,-2.068392515182495,3.6922748192225185e-10,-4.580588779390382e-07,-2.764281858969042e-15
1785523714826652300,33332165,-73.67515563964844,0.008408202789723873,-19.652074813842773,0.00012655490718316287,-0.0298440121114254,5.943094038229901e-06,-0.9995545148849487,4.106934547424316,-2.4019740521907806e-05,-2.068392515182495,3.6922748192225185e-10,-4.580588779390382e-07,-2.764281858969042e-15
1785523714839795800,33352151,-73.73269653320312,0.008388672024011612,-19.6768798828125,0.00012655490718316287,-0.0298440121114254,5.943094038229901e-06,-0.9995545148849487,4.101759910583496,-1.7654849216341972e-05,-2.06848406791687,-1.0837359099014066e-07,-2.861130781184329e-07,9.237055564881302e-14
1785523714853819500,33365507,-73.81664276123047,0.008359374478459358,-19.713090896606445,0.00012655490718316287,-0.0298440121114254,5.943094038229901e-06,-0.9995545148849487,4.098344326019287,-1.3436190783977509e-05,-2.0685415267944336,-1.8965528170156176e-07,-2.1302439279224927e-07,1.6431300764452317e-13
1785523714870027300,33385867,-73.87319946289062,0.008339843712747097,-19.7375431060791,0.00012655490718316287,-0.0298440121114254,5.943094038229901e-06,-0.9995545148849487,4.093198776245117,-7.054302841424942e-06,-2.0686240196228027,-1.4597416964079457e-07,-2.5546663451336826e-08,1.2878587085651816e-13
1785523714882608800,33398794,-73.95863342285156,0.008310547098517418,-19.774517059326172,0.00012655490718316287,-0.0298440121114254,5.943094038229901e-06,-0.9995545148849487,4.089846134185791,-2.8780195862054825e-06,-2.0686748027801514,-1.0884124179710852e-07,1.296012470675123e-07,9.814371537686384e-14
1785523714896408400,33398794,-73.95863342285156,0.008310547098517418,-19.774517059326172,0.00012655490718316287,-0.0298440121114254,5.943094038229901e-06,-0.9995545148849487,4.089846134185791,-2.8780195862054825e-06,-2.0686748027801514,-1.0884124179710852e-07,1.296012470675123e-07,9.814371537686384e-14
1785523714909894800,33432120,-74.09722137451172,0.008261718787252903,-19.834564208984375,0.00012655490718316287,-0.0298440121114254,5.943094038229901e-06,-0.9995545148849487,4.081560134887695,7.500406354665756e-06,-2.0687906742095947,-5.234119271335658e-08,3.656686260455899e-07,5.306866057708248e-14
1785523714925539200,33432120,-74.09722137451172,0.008261718787252903,-19.834564208984375,0.00012655490718316287,-0.0298440121114254,5.943094038229901e-06,-0.9995545148849487,4.081560134887695,7.500406354665756e-06,-2.0687906742095947,-5.234119271335658e-08,3.656686260455899e-07,5.306866057708248e-14
1785523714939993500,33451997,-74.15339660644531,0.008242187090218067,-19.85894012451172,0.00012655490718316287,-0.0298440121114254,5.943094038229901e-06,-0.9995545148849487,4.07664680480957,1.3695098459720612e-05,-2.0688529014587402,-3.374920254373137e-08,4.433493927535892e-07,3.8191672047105385e-14
1785523714953870900,33465423,-74.23625183105469,0.008212890475988388,-19.89494514465332,0.00012655490718316287,-0.0298440121114254,5.943094038229901e-06,-0.9995545148849487,4.073362350463867,1.7852289602160454e-05,-2.068892002105713,-2.5114172075291208e-08,4.387096055324946e-07,3.042011087472929e-14
1785523714966650600,33485360,-74.29304504394531,0.008193358778953552,-19.9196720123291,0.00012655490718316287,-0.0298440121114254,5.943094038229901e-06,-0.9995545148849487,4.068487167358398,2.4049775674939156e-05,-2.0689456462860107,-1.6147588155490666e-08,4.907114430352522e-07,2.3647750424515834e-14
1785523714980758800,33498860,-74.37593841552734,0.008164062164723873,-19.955766677856445,0.00012655490718316287,-0.0298440121114254,5.943094038229901e-06,-0.9995545148849487,4.065245151519775,2.8186244890093803e-05,-2.0689785480499268,-1.2014563566253855e-08,5.146808916833834e-07,2.0539125955565396e-14
1785523714995223900,33498860,-74.37593841552734,0.008164062164723873,-19.955766677856445,0.00012655490718316287,-0.0298440121114254,5.943094038229901e-06,-0.9995545148849487,4.065245151519775,2.8186244890093803e-05,-2.0689785480499268,-1.2014563566253855e-08,5.146808916833834e-07,2.0539125955565396e-14
1785523715006701700,33519392,-74.43257904052734,0.008144531399011612,-19.980453491210938,0.00012655490718316287,-0.0298440121114254,5.943094038229901e-06,-0.9995545148849487,4.060347557067871,3.4464290365576744e-05,-2.0690245628356934,-7.657359191171054e-09,5.048673301644158e-07,1.659783421814609e-14
1785523715020659600,33532205,-74.51765441894531,0.008115233853459358,-20.017602920532227,0.00012655490718316287,-0.0298440121114254,5.943094038229901e-06,-0.9995545148849487,4.05717658996582,3.8545578718185425e-05,-2.069051504135132,-5.711760842075364e-09,5.250651042842946e-07,1.5237811012980274e-14
1785523715036454100,33552235,-74.57171630859375,0.008095703087747097,-20.041234970092773,0.00012655490718316287,-0.0298440121114254,5.943094038229901e-06,-0.9995545148849487,4.052476406097412,4.461733624339104e-05,-2.069087266921997,-3.6894953758803695e-09,5.460585725813871e-07,1.3850032232198828e-14
1785523715048773800,33565522,-74.65496063232422,0.008066406473517418,-20.07765007019043,0.00012655490718316287,-0.0298440121114254,5.943094038229901e-06,-0.9995545148849487,4.049332618713379,4.869583062827587e-05,-2.069108486175537,-2.7481004138962817e-09,5.558314910558693e-07,1.3183898417423734e-14
1785523715063013200,33585517,-74.7105484008789,0.008046874776482582,-20.101985931396484,0.00012655490718316287,-0.0298440121114254,5.943094038229901e-06,-0.9995545148849487,4.044662952423096,5.477946251630783e-05,-2.069136619567871,1.4663758918231906e-07,3.4881045962720236e-07,-1.092459456231154e-13
1785523715077784700,33598932,-74.79331970214844,0.008017578162252903,-20.138286590576172,0.00012655490718316287,-0.0298440121114254,5.943094038229901e-06,-0.9995545148849487,4.0415544509887695,5.8845849707722664e-05,-2.069152593612671,2.5856846264105116e-07,2.5961526262108237e-07,-1.9895196601282805e-13
1785523715092314300,33598932,-74.79331970214844,0.008017578162252903,-20.138286590576172,0.00012655490718316287,-0.0298440121114254,5.943094038229901e-06,-0.9995545148849487,4.0415544509887695,5.8845849707722664e-05,-2.069152593612671,2.5856846264105116e-07,2.5961526262108237e-07,-1.9895196601282805e-13
1785523715105408300,33619240,-74.84925842285156,0.007998046465218067,-20.1628360748291,0.00012655490718316287,-0.0298440121114254,5.943094038229901e-06,-0.9995545148849487,4.036902904510498,6.49553257972002e-05,-2.0691723823547363,3.756081525807531e-07,1.663490252212796e-07,-2.948752353404416e-13
1785523715118586800,33632450,-74.93273162841797,0.007968749850988388,-20.19951629638672,0.00012655490718316287,-0.0298440121114254,5.943094038229901e-06,-0.9995545148849487,4.033817768096924,6.902101449668407e-05,-2.069182872772217,2.790751523207291e-07,-5.548413994915791e-08,-2.2026824808563106e-13
1785523715134553800,33652335,-74.98859405517578,0.007949218153953552,-20.22408676147461,0.00012655490718316287,-0.0298440121114254,5.943094038229901e-06,-0.9995545148849487,4.02928352355957,7.502478547394276e-05,-2.0691945552825928,1.798337336822442e-07,-1.435822269968412e-07,-1.412203687323199e-13
1785523715146738700,33665533,-75.07042694091797,0.007919921539723873,-20.260122299194336,0.00012655490718316287,-0.0298440121114254,5.943094038229901e-06,-0.9995545148849487,4.026281833648682,7.901294156908989e-05,-2.069199800491333,1.342023381312174e-07,-2.1537633188017935e-07,-1.056932319443149e-13
1785523715159870800,33665533,-75.07042694091797,0.007919921539723873,-20.260122299194336,0.00012655490718316287,-0.0298440121114254,5.943094038229901e-06,-0.9995545148849487,4.026281833648682,7.901294156908989e-05,-2.069199800491333,1.342023381312174e-07,-2.1537633188017935e-07,-1.056932319443149e-13
1785523715173160500,33685587,-75.12566375732422,0.007900390774011612,-20.28447723388672,0.00012655490718316287,-0.0298440121114254,5.943094038229901e-06,-0.9995545148849487,4.021783828735352,8.501647971570492e-05,-2.0692038536071777,8.626283687362957e-08,-3.173513505316805e-07,-6.794564910705958e-14
1785523715187431900,33698821,-75.2083969116211,0.007871093228459358,-20.320980072021484,0.00012655490718316287,-0.0298440121114254,5.943094038229901e-06,-0.9995545148849487,4.018805980682373,8.900603279471397e-05,-2.0692038536071777,6.426075316312563e-08,-3.509208852392476e-07,-5.0182080713057076e-14
1785523715200146800,33719221,-75.26347351074219,0.007851562462747097,-20.34529685974121,0.00012655490718316287,-0.0298440121114254,5.943094038229901e-06,-0.9995545148849487,4.0143256187438965,9.503588080406189e-05,-2.069199800491333,4.1117072413499045e-08,-4.0002495893531886e-07,-3.086420008457935e-14
1785523715215774200,33732144,-75.34730529785156,0.007822265848517418,-20.38235855102539,0.00012655490718316287,-0.0298440121114254,5.943094038229901e-06,-0.9995545148849487,4.011396408081055,9.89928375929594e-05,-2.069194793701172,3.0659673910804486e-08,-4.4690719391837774e-07,-2.2426505097428162e-14
1785523715229988400,33732144,-75.34730529785156,0.007822265848517418,-20.38235855102539,0.00012655490718316287,-0.0298440121114254,5.943094038229901e-06,-0.9995545148849487,4.011396408081055,9.89928375929594e-05,-2.069194793701172,3.0659673910804486e-08,-4.4690719391837774e-07,-2.2426505097428162e-14
1785523715244558100,33765496,-75.48410034179688,0.007773437537252903,-20.44292449951172,0.00012655490718316287,-0.0298440121114254,5.943094038229901e-06,-0.9995545148849487,4.004134654998779,0.0001088606659322977,-2.069173574447632,1.4708531281826254e-08,-4.0605112872071913e-07,-9.71445146547012e-15
1785523715259089000,33765496,-75.48410034179688,0.007773437537252903,-20.44292449951172,0.00012655490718316287,-0.0298440121114254,5.943094038229901e-06,-0.9995545148849487,4.004134654998779,0.0001088606659322977,-2.069173574447632,1.4708531281826254e-08,-4.0605112872071913e-07,-9.71445146547012e-15
1785523715270704200,33785528,-75.53851318359375,0.0077539063058793545,-20.467044830322266,0.00012655490718316287,-0.0298440121114254,5.943094038229901e-06,-0.9995545148849487,3.999835968017578,0.0001147417351603508,-2.069154977798462,9.478104523452657e-09,-4.3990263520754525e-07,-4.9960036108132044e-15
1785523715284941000,33798797,-75.6205825805664,0.007724609225988388,-20.503461837768555,0.00012655490718316287,-0.0298440121114254,5.943094038229901e-06,-0.9995545148849487,3.99697208404541,0.00011867680586874485,-2.0691401958465576,7.057499029627934e-09,-4.767956625073566e-07,-2.55351295663786e-15
1785523715300464700,33818602,-75.6756591796875,0.0077050779946148396,-20.527935028076172,0.00012655490718316287,-0.0298440121114254,5.943094038229901e-06,-0.9995545148849487,3.992734909057617,0.00012452318333089352,-2.0691146850585938,4.550033683159427e-09,-4.1120273408523644e-07,-8.881784197001252e-16
1785523715313412300,33832107,-75.75687408447266,0.007675780914723873,-20.564056396484375,0.00012655490718316287,-0.0298440121114254,5.943094038229901e-06,-0.9995545148849487,3.9899039268493652,0.0001284454483538866,-2.0690953731536865,3.3861178305727435e-09,-4.554977692805551e-07,5.412337245047638e-16
1785523715328066300,33832107,-75.75687408447266,0.007675780914723873,-20.564056396484375,0.00012655490718316287,-0.0298440121114254,5.943094038229901e-06,-0.9995545148849487,3.9899039268493652,0.0001284454483538866,-2.0690953731536865,3.3861178305727435e-09,-4.554977692805551e-07,5.412337245047638e-16
1785523715344016600,33865422,-75.89351654052734,0.0076269530691206455,-20.624935150146484,0.00012655490718316287,-0.0298440121114254,5.943094038229901e-06,-0.9995545148849487,3.9829115867614746,0.0001381896436214447,-2.069038152694702,-3.0287776553450385e-07,-1.728487006857904e-07,2.611244553918368e-13
1785523715356718100,33865422,-75.89351654052734,0.0076269530691206455,-20.624935150146484,0.00012655490718316287,-0.0298440121114254,5.943094038229901e-06,-0.9995545148849487,3.9829115867614746,0.0001381896436214447,-2.069038152694702,-3.0287776553450385e-07,-1.728487006857904e-07,2.611244553918368e-13
1785523715370328900,33885325,-75.94921875,0.007607421837747097,-20.6497802734375,0.00012655490718316287,-0.0298440121114254,5.943094038229901e-06,-0.9995545148849487,3.978759765625,0.0001440176274627447,-2.0689985752105713,-4.034262701679836e-07,-1.1110508779665906e-07,3.446132268436486e-13
1785523715384322500,33898744,-76.03031158447266,0.007578124757856131,-20.685991287231445,0.00012655490718316287,-0.0298440121114254,5.943094038229901e-06,-0.9995545148849487,3.976003646850586,0.00014790333807468414,-2.068969964981079,-3.002425899012451e-07,1.0089950563951788e-07,2.646771690706373e-13
1785523715398535500,33918718,-76.08566284179688,0.007558593526482582,-20.710718154907227,0.00012655490718316287,-0.0298440121114254,5.943094038229901e-06,-0.9995545148849487,3.9719090461730957,0.0001537012867629528,-2.0689237117767334,-1.9305446130601922e-07,2.3919889713397424e-07,1.723066134218243e-13
1785523715413455900,33932103,-76.16675567626953,0.007529296912252903,-20.746986389160156,0.00012655490718316287,-0.0298440121114254,5.943094038229901e-06,-0.9995545148849487,3.9691882133483887,0.00015757069922983646,-2.0688905715942383,-1.4366730738402111e-07,3.2749764500294987e-07,1.3145040611561853e-13
1785523715425715700,33932103,-76.16675567626953,0.007529296912252903,-20.746986389160156,0.00012655490718316287,-0.0298440121114254,5.943094038229901e-06,-0.9995545148849487,3.9691882133483887,0.00015757069922983646,-2.0688905715942383,-1.4366730738402111e-07,3.2749764500294987e-07,1.3145040611561853e-13
1785523715441634800,33951952,-76.22195434570312,0.0075097656808793545,-20.77169418334961,0.00012655490718316287,-0.0298440121114254,5.943094038229901e-06,-0.9995545148849487,3.9651551246643066,0.00016333279199898243,-2.068837881088257,-9.244913456996073e-08,3.452193482189614e-07,8.79296635503124e-14
1785523715453531400,33965453,-76.302734375,0.007480468600988388,-20.80787467956543,0.00012655490718316287,-0.0298440121114254,5.943094038229901e-06,-0.9995545148849487,3.962470054626465,0.00016718311235308647,-2.068800449371338,-6.880844694023835e-08,4.0637112874719605e-07,6.927791673660977e-14
1785523715468359500,33985300,-76.3578872680664,0.0074609373696148396,-20.832622528076172,0.00012655490718316287,-0.0298440121114254,5.943094038229901e-06,-0.9995545148849487,3.9584856033325195,0.00017292448319494724,-2.0687415599823,-4.4255578757201874e-08,4.395469943574426e-07,4.8405723873656825e-14
1785523715481123400,33998752,-76.43862915039062,0.007431640289723873,-20.86886215209961,0.00012655490718316287,-0.0298440121114254,5.943094038229901e-06,-0.9995545148849487,3.9558372497558594,0.00017675571143627167,-2.068699836730957,-3.294234574013899e-08,4.3602508981166466e-07,3.863576125695545e-14
1785523715496937200,34018480,-76.4936294555664,0.007412109058350325,-20.89356803894043,0.00012655490718316287,-0.0298440121114254,5.943094038229901e-06,-0.9995545148849487,3.9532089233398438,0.00018057203851640224,-2.0686566829681396,-2.4536896958693433e-08,4.738735412956885e-07,3.2085445411667024e-14
1785523715510002100,34032081,-76.57390594482422,0.0073828124441206455,-20.929662704467773,0.00012655490718316287,-0.0298440121114254,5.943094038229901e-06,-0.9995545148849487,3.9492998123168945,0.00018627243116497993,-2.068589210510254,-1.578671238178231e-08,5.13274187596835e-07,2.5590640717609858e-14
1785523715524639500,34032081,-76.57390594482422,0.0073828124441206455,-20.929662704467773,0.00012655490718316287,-0.0298440121114254,5.943094038229901e-06,-0.9995545148849487,3.9492998123168945,0.00018627243116497993,-2.068589210510254,-1.578671238178231e-08,5.13274187596835e-07,2.5590640717609858e-14
1785523715536360100,34051939,-76.62921905517578,0.007363281212747097,-20.954565048217773,0.00012655490718316287,-0.0298440121114254,5.943094038229901e-06,-0.9995545148849487,3.945415496826172,0.00019196514040231705,-2.0685174465179443,-1.0150761120542029e-08,5.044429940426198e-07,2.0650148258027912e-14
1785523715552351600,34065401,-76.70952606201172,0.007333984132856131,-20.990747451782227,0.00012655490718316287,-0.0298440121114254,5.943094038229901e-06,-0.9995545148849487,3.9428348541259766,0.00019576377235352993,-2.068467617034912,-7.554236347573351e-09,5.248853653938568e-07,1.892930256985892e-14
1785523715565263900,34084805,-76.7645263671875,0.007314452901482582,-21.015541076660156,0.00012655490718316287,-0.0298440121114254,5.943094038229901e-06,-0.9995545148849487,3.9390673637390137,0.00020133331418037415,-2.068391799926758,1.6204387520701857e-07,3.0960347885411466e-07,-1.199040866595169e-13
1785523715581349400,34098748,-76.84281158447266,0.007285156287252903,-21.05086326599121,0.00012655490718316287,-0.0298440121114254,5.943094038229901e-06,-0.9995545148849487,3.9365057945251465,0.00020513753406703472,-2.068337917327881,1.5341520054334978e-07,6.151463338710528e-08,-1.1812772982011666e-13
1785523715595567900,34098748,-76.84281158447266,0.007285156287252903,-21.05086326599121,0.00012655490718316287,-0.0298440121114254,5.943094038229901e-06,-0.9995545148849487,3.9365057945251465,0.00020513753406703472,-2.068337917327881,1.5341520054334978e-07,6.151463338710528e-08,-1.1812772982011666e-13
1785523715608311300,34118514,-76.89968872070312,0.0072656250558793545,-21.076528549194336,0.00012655490718316287,-0.0298440121114254,5.943094038229901e-06,-0.9995545148849487,3.9326882362365723,0.0002108279149979353,-2.068253755569458,9.822489488442443e-08,-9.722541705059484e-08,-7.949196856316121e-14
1785523715622787900,34132052,-76.97956848144531,0.007236327975988388,-21.112621307373047,0.00012655490718316287,-0.0298440121114254,5.943094038229901e-06,-0.9995545148849487,3.930171489715576,0.00021459488198161125,-2.0681960582733154,7.307924931865273e-08,-7.233564502939771e-08,-5.995204332975845e-14
1785523715637042800,34152123,-77.0346450805664,0.0072167967446148396,-21.137523651123047,0.00012655490718316287,-0.0298440121114254,5.943094038229901e-06,-0.9995545148849487,3.926417827606201,0.00022024032659828663,-2.0681066513061523,4.686472010462239e-08,-2.2555559553438798e-07,-4.1522341120980855e-14
1785523715650602100,34165611,-77.11527252197266,0.007187499664723873,-21.174028396606445,0.00012655490718316287,-0.0298440121114254,5.943094038229901e-06,-0.9995545148849487,3.9239330291748047,0.00022399332374334335,-2.0680453777313232,3.4857301045576605e-08,-2.7700068017111334e-07,-3.26405569239796e-14
1785523715665057400,34185561,-77.16976165771484,0.007167968433350325,-21.198715209960938,0.00012655490718316287,-0.0298440121114254,5.943094038229901e-06,-0.9995545148849487,3.920238971710205,0.0002295970916748047,-2.06795072555542,2.2384584852375156e-08,-3.525224201439414e-07,-2.3425705819590803e-14
1785523715678127100,34198767,-77.25027465820312,0.0071386718191206455,-21.235219955444336,0.00012655490718316287,-0.0298440121114254,5.943094038229901e-06,-0.9995545148849487,3.9178028106689453,0.00023330911062657833,-2.0678861141204834,1.6684216674889285e-08,-4.115613023714104e-07,-1.9317880628477724e-14
1785523715692540800,34198767,-77.25027465820312,0.0071386718191206455,-21.235219955444336,0.00012655490718316287,-0.0298440121114254,5.943094038229901e-06,-0.9995545148849487,3.9178028106689453,0.00023330911062657833,-2.0678861141204834,1.6684216674889285e-08,-4.115613023714104e-07,-1.9317880628477724e-14
1785523715705627500,34218520,-77.30393981933594,0.007119140587747097,-21.25957489013672,0.00012655490718316287,-0.0298440121114254,5.943094038229901e-06,-0.9995545148849487,3.9141993522644043,0.00023882160894572735,-2.0677871704101562,1.0776012970836746e-08,-4.7275267434088164e-07,-1.5210055437364645e-14
1785523715720041400,34232055,-77.3833999633789,0.007089843507856131,-21.29566764831543,0.00012655490718316287,-0.0298440121114254,5.943094038229901e-06,-0.9995545148849487,3.9117822647094727,0.0002425371203571558,-2.067718744277954,8.01806088190915e-09,-5.013168902223697e-07,-1.3211653993039363e-14
1785523715733254100,34251834,-77.43820190429688,0.007070312276482582,-21.32056999206543,0.00012655490718316287,-0.0298440121114254,5.943094038229901e-06,-0.9995545148849487,3.9081993103027344,0.0002480668481439352,-2.0676136016845703,5.160380567303946e-09,-4.6623040361737367e-07,-1.0297318553398327e-14
1785523715747597700,34265406,-77.51753997802734,0.007041015662252903,-21.356664657592773,0.00012655490718316287,-0.0298440121114254,5.943094038229901e-06,-0.9995545148849487,3.905811309814453,0.0002517683897167444,-2.0675415992736816,3.839069506739179e-09,-4.555959378649277e-07,-9.034439862887211e-15
1785523715761748800,34265406,-77.51753997802734,0.007041015662252903,-21.356664657592773,0.00012655490718316287,-0.0298440121114254,5.943094038229901e-06,-0.9995545148849487,3.905811309814453,0.0002517683897167444,-2.0675415992736816,3.839069506739179e-09,-4.555959378649277e-07,-9.034439862887211e-15
1785523715776336400,34285634,-77.57230377197266,0.0070214844308793545,-21.38160514831543,0.00012655490718316287,-0.0298440121114254,5.943094038229901e-06,-0.9995545148849487,3.9022231101989746,0.00025735655799508095,-2.067430019378662,2.4533099995949215e-09,-5.020759203944181e-07,-8.298917109073045e-15
1785523715788282500,34298724,-77.65328216552734,0.006992187350988388,-21.41851043701172,0.00012655490718316287,-0.0298440121114254,5.943094038229901e-06,-0.9995545148849487,3.8998794555664062,0.00026102177798748016,-2.067354917526245,1.8283461411527924e-09,-4.486051068397501e-07,-7.098488463697095e-15
1785523715802066500,34318518,-77.70620727539062,0.0069726561196148396,-21.442651748657227,0.00012655490718316287,-0.0298440121114254,5.943094038229901e-06,-0.9995545148849487,3.896428108215332,0.00026644207537174225,-2.0672409534454346,1.1831161605968532e-09,-4.2300945324313943e-07,-6.189493362285248e-15
1785523715816507800,34332076,-77.78523254394531,0.006943359039723873,-21.478715896606445,0.00012655490718316287,-0.0298440121114254,5.943094038229901e-06,-0.9995545148849487,3.894102096557617,0.0002701117191463709,-2.067162036895752,8.802246154182569e-10,-4.643205215870694e-07,-6.328271240363392e-15
1785523715829228200,34352059,-77.83992004394531,0.006923827808350325,-21.50367546081543,0.00012655490718316287,-0.0298440121114254,5.943094038229901e-06,-0.9995545148849487,3.890636444091797,0.00027560233138501644,-2.0670413970947266,1.3574960178175388e-07,-2.674823917914182e-07,-1.2079226507921703e-13
1785523715843954300,34365399,-77.9195327758789,0.0068945311941206455,-21.540063858032227,0.00012655490718316287,-0.0298440121114254,5.943094038229901e-06,-0.9995545148849487,3.8883447647094727,0.0002792512532323599,-2.0669591426849365,1.7574997457359132e-07,-1.990850222455265e-07,-1.5631940186722204e-13
1785523715859720300,34365399,-77.9195327758789,0.0068945311941206455,-21.540063858032227,0.00012655490718316287,-0.0298440121114254,5.943094038229901e-06,-0.9995545148849487,3.8883447647094727,0.0002792512532323599,-2.0669591426849365,1.7574997457359132e-07,-1.990850222455265e-07,-1.5631940186722204e-13
1785523715873058700,34385267,-77.9735107421875,0.006874999962747097,-21.56475067138672,0.00012655490718316287,-0.0298440121114254,5.943094038229901e-06,-0.9995545148849487,3.8849472999572754,0.00028468132950365543,-2.0668346881866455,1.8696854908739624e-07,-1.281943582398526e-07,-1.652011860642233e-13
1785523715886975000,34398764,-78.05265808105469,0.006845702882856131,-21.600961685180664,0.00012655490718316287,-0.0298440121114254,5.943094038229901e-06,-0.9995545148849487,3.8826825618743896,0.00028831628151237965,-2.0667495727539062,2.886223740006244e-07,-9.540177359212976e-08,-2.540190280342358e-13
1785523715899611600,34418640,-78.1068344116211,0.006826171651482582,-21.62576675415039,0.00012655490718316287,-0.0298440121114254,5.943094038229901e-06,-0.9995545148849487,3.8793187141418457,0.0002937391400337219,-2.066619634628296,1.855716362797466e-07,2.0805514111543744e-07,-1.6253665080512292e-13
1785523715915505600,34432051,-78.18605041503906,0.006796875037252903,-21.662065505981445,0.00012655490718316287,-0.0298440121114254,5.943094038229901e-06,-0.9995545148849487,3.877084732055664,0.00029735686257481575,-2.0665314197540283,1.381144727474748e-07,3.042891876248177e-07,-1.234568003383174e-13
1785523715928156500,34432051,-78.18605041503906,0.006796875037252903,-21.662065505981445,0.00012655490718316287,-0.0298440121114254,5.943094038229901e-06,-0.9995545148849487,3.877084732055664,0.00029735686257481575,-2.0665314197540283,1.381144727474748e-07,3.042891876248177e-07,-1.234568003383174e-13
1785523715944147800,34465358,-78.31867218017578,0.006748046725988388,-21.722904205322266,0.00012655490718316287,-0.0298440121114254,5.943094038229901e-06,-0.9995545148849487,3.8715710639953613,0.00030633830465376377,-2.0663061141967773,6.621621650992893e-08,4.275032097211806e-07,-6.084022174945858e-14
1785523715956545100,34465358,-78.31867218017578,0.006748046725988388,-21.722904205322266,0.00012655490718316287,-0.0298440121114254,5.943094038229901e-06,-0.9995545148849487,3.8715710639953613,0.00030633830465376377,-2.0663061141967773,6.621621650992893e-08,4.275032097211806e-07,-6.084022174945858e-14
1785523715970677200,34485521,-78.37297058105469,0.0067285154946148396,-21.747846603393555,0.00012655490718316287,-0.0298440121114254,5.943094038229901e-06,-0.9995545148849487,3.86826753616333,0.00031175813637673855,-2.0661661624908447,4.241531570414736e-08,4.4933972276339773e-07,-4.1300296516055823e-14
1785523715983080300,34498711,-78.45265197753906,0.006699218414723873,-21.784496307373047,0.00012655490718316287,-0.0298440121114254,5.943094038229901e-06,-0.9995545148849487,3.866096019744873,0.0003153369762003422,-2.0660719871520996,3.1593952343200726e-08,4.4923839936927834e-07,-3.219646771412954e-14
1785523715996243700,34518673,-78.50569915771484,0.006679687183350325,-21.808910369873047,0.00012655490718316287,-0.0298440121114254,5.943094038229901e-06,-0.9995545148849487,3.862879514694214,0.0003206611145287752,-2.065929651260376,2.0370833908600616e-08,4.972371243638918e-07,-2.3314683517128287e-14
1785523716010844700,34532113,-78.5845718383789,0.0066503905691206455,-21.8452091217041,0.00012655490718316287,-0.0298440121114254,5.943094038229901e-06,-0.9995545148849487,3.8607285022735596,0.000324237160384655,-2.0658326148986816,1.5157782584651613e-08,5.195320795792213e-07,-1.9262369477246466e-14
1785523716026682400,34532113,-78.5845718383789,0.0066503905691206455,-21.8452091217041,0.00012655490718316287,-0.0298440121114254,5.943094038229901e-06,-0.9995545148849487,3.8607285022735596,0.000324237160384655,-2.0658326148986816,1.5157782584651613e-08,5.195320795792213e-07,-1.9262369477246466e-14
1785523716040741700,34552250,-78.63839721679688,0.006630859337747097,-21.870014190673828,0.00012655490718316287,-0.0298440121114254,5.943094038229901e-06,-0.9995545148849487,3.8575081825256348,0.0003296150825917721,-2.0656838417053223,9.708164938615482e-09,5.428390750239487e-07,-1.4988010832439613e-14
1785523716055213500,34565487,-78.7181625366211,0.006601562257856131,-21.906782150268555,0.00012655490718316287,-0.0298440121114254,5.943094038229901e-06,-0.9995545148849487,3.8553919792175293,0.00033316505141556263,-2.065584182739258,7.231419907327563e-09,5.53431561911566e-07,-1.304512053934559e-14
1785523716068379400,34585317,-78.7708969116211,0.006582031026482582,-21.93109893798828,0.00012655490718316287,-0.0298440121114254,5.943094038229901e-06,-0.9995545148849487,3.852264881134033,0.00033843470737338066,-2.0654337406158447,4.667952691050914e-09,5.30181580415956e-07,-1.0602629885170245e-14
1785523716081068500,34598731,-78.84941101074219,0.006552734412252903,-21.96733856201172,0.00012655490718316287,-0.0298440121114254,5.943094038229901e-06,-0.9995545148849487,3.8501713275909424,0.0003419786226004362,-2.065330982208252,-7.775731347692272e-08,3.8156656501087127e-07,5.684341886080802e-14
1785523716095520500,34618598,-78.90308380126953,0.0065332031808793545,-21.992122650146484,0.00012655490718316287,-0.0298440121114254,5.943094038229901e-06,-0.9995545148849487,3.8470613956451416,0.00034726643934845924,-2.0651755332946777,-2.584649507753056e-07,2.4545971655243193e-07,2.007283228522283e-13
1785523716109740400,34632103,-78.98159790039062,0.006503906100988388,-22.028392791748047,0.00012655490718316287,-0.0298440121114254,5.943094038229901e-06,-0.9995545148849487,3.844991683959961,0.0003508022055029869,-2.0650699138641357,-3.4187451092293486e-07,1.8263652634686878e-07,2.646771690706373e-13
1785523716125911400,34632103,-78.98159790039062,0.006503906100988388,-22.028392791748047,0.00012655490718316287,-0.0298440121114254,5.943094038229901e-06,-0.9995545148849487,3.844991683959961,0.0003508022055029869,-2.0650699138641357,-3.4187451092293486e-07,1.8263652634686878e-07,2.646771690706373e-13
1785523716138639900,34651875,-79.03527069091797,0.0064843748696148396,-22.0532169342041,0.00012655490718316287,-0.0298440121114254,5.943094038229901e-06,-0.9995545148849487,3.841928720474243,0.000356059055775404,-2.064910650253296,-3.8874028973623354e-07,1.1762014651139907e-07,3.0375701953744283e-13
1785523716151781400,34665392,-79.11331939697266,0.006455077789723873,-22.089340209960938,0.00012655490718316287,-0.0298440121114254,5.943094038229901e-06,-0.9995545148849487,3.839886426925659,0.0003595813177525997,-2.064802646636963,-4.3878992528334493e-07,8.752666502687134e-08,3.4283687000424834e-13
1785523716165738200,34685620,-79.16706848144531,0.006435546558350325,-22.114242553710938,0.00012655490718316287,-0.0298440121114254,5.943094038229901e-06,-0.9995545148849487,3.836831569671631,0.0003648749552667141,-2.0646376609802246,-3.8066326624175417e-07,-1.0390982652097591e-07,2.9665159217984183e-13
1785523716179703600,34698795,-79.24605560302734,0.0064062499441206455,-22.150863647460938,0.00012655490718316287,-0.0298440121114254,5.943094038229901e-06,-0.9995545148849487,3.8348190784454346,0.0003683788236230612,-2.0645272731781006,-2.834585188793426e-07,-1.864969902953817e-07,2.184918912462308e-13
1785523716193073200,34698795,-79.24605560302734,0.0064062499441206455,-22.150863647460938,0.00012655490718316287,-0.0298440121114254,5.943094038229901e-06,-0.9995545148849487,3.8348190784454346,0.0003683788236230612,-2.0645272731781006,-2.834585188793426e-07,-1.864969902953817e-07,2.184918912462308e-13
1785523716207460900,34718733,-79.298828125,0.006386718712747097,-22.175336837768555,0.00012655490718316287,-0.0298440121114254,5.943094038229901e-06,-0.9995545148849487,3.831834077835083,0.0003736016806215048,-2.0643606185913086,-1.8254037570386572e-07,-2.682855040347931e-07,1.3944401189291966e-13
1785523716221898800,34732112,-79.37722778320312,0.006357421632856131,-22.21172332763672,0.00012655490718316287,-0.0298440121114254,5.943094038229901e-06,-0.9995545148849487,3.8298451900482178,0.00037709716707468033,-2.0642476081848145,-1.35877883167268e-07,-3.0864211453263124e-07,1.021405182655144e-13
1785523716235121900,34752298,-79.43038940429688,0.006337890401482582,-22.23641014099121,0.00012655490718316287,-0.0298440121114254,5.943094038229901e-06,-0.9995545148849487,3.8268678188323975,0.0003823540173470974,-2.064075469970703,-8.708532561740867e-08,-3.6746843079527025e-07,6.128431095930864e-14
1785523716247301100,34765452,-79.50956726074219,0.006308593787252903,-22.27320671081543,0.00012655490718316287,-0.0298440121114254,5.943094038229901e-06,-0.9995545148849487,3.8249096870422363,0.0003858269192278385,-2.063960313796997,-6.488417625405418e-08,-4.2276155909348745e-07,4.1744385725905886e-14
1785523716263441700,34765452,-79.50956726074219,0.006308593787252903,-22.27320671081543,0.00012655490718316287,-0.0298440121114254,5.943094038229901e-06,-0.9995545148849487,3.8249096870422363,0.0003858269192278385,-2.063960313796997,-6.488417625405418e-08,-4.2276155909348745e-07,4.1744385725905886e-14
1785523716275867100,34785586,-79.56175231933594,0.0062890625558793545,-22.2974853515625,0.00012655490718316287,-0.0298440121114254,5.943094038229901e-06,-0.9995545148849487,3.821986198425293,0.0003910372033715248,-2.0637853145599365,-4.1689862229077335e-08,-4.805280582331761e-07,2.0650148258027912e-14
1785523716290099300,34798739,-79.64085388183594,0.006259765475988388,-22.33428192138672,0.00012655490718316287,-0.0298440121114254,5.943094038229901e-06,-0.9995545148849487,3.820054531097412,0.0003944956697523594,-2.0636680126190186,-3.1068147166024573e-08,-5.069820758762944e-07,1.0658141036401503e-14
1785523716304821800,34818788,-79.69292449951172,0.0062402342446148396,-22.3585205078125,0.00012655490718316287,-0.0298440121114254,5.943094038229901e-06,-0.9995545148849487,3.8171865940093994,0.0003996533341705799,-2.063491106033325,1.284560084968689e-07,-3.516014430715586e-07,-1.1457501614131615e-13
1785523716318814100,34832103,-79.77120971679688,0.006210937164723873,-22.394994735717773,0.00012655490718316287,-0.0298440121114254,5.943094038229901e-06,-0.9995545148849487,3.8152732849121094,0.0004031097050756216,-2.063370943069458,1.7028862941970146e-07,-2.617645122882095e-07,-1.4654943925052066e-13
1785523716331956100,34852077,-79.82402038574219,0.006191405933350325,-22.41960334777832,0.00012655490718316287,-0.0298440121114254,5.943094038229901e-06,-0.9995545148849487,3.812427520751953,0.0004082736559212208,-2.0631895065307617,2.7827630333376874e-07,-1.6831710070164263e-07,-2.362554596402333e-13
1785523716346260400,34865486,-79.90218353271484,0.0061621093191206455,-22.456079483032227,0.00012655490718316287,-0.0298440121114254,5.943094038229901e-06,-0.9995545148849487,3.810537815093994,0.0004117181524634361,-2.0630671977996826,3.565148460893397e-07,-1.2529308435205166e-07,-2.984279490192421e-13
1785523716361186500,34865486,-79.90218353271484,0.0061621093191206455,-22.456079483032227,0.00012655490718316287,-0.0298440121114254,5.943094038229901e-06,-0.9995545148849487,3.810537815093994,0.0004117181524634361,-2.0630671977996826,3.565148460893397e-07,-1.2529308435205166e-07,-2.984279490192421e-13
1785523716373825900,34885489,-79.95500183105469,0.006142578087747097,-22.4807071685791,0.00012655490718316287,-0.0298440121114254,5.943094038229901e-06,-0.9995545148849487,3.8077220916748047,0.0004168720915913582,-2.062882423400879,4.379974711810064e-07,-8.048515098835196e-08,-3.6415315207705135e-13
1785523716389940100,34898749,-80.03327941894531,0.006113281007856131,-22.517269134521484,0.00012655490718316287,-0.0298440121114254,5.943094038229901e-06,-0.9995545148849487,3.8058595657348633,0.0004202965646982193,-2.062757968902588,4.408937570588023e-07,-5.994594687308563e-08,-3.694822225952521e-13
1785523716402678300,34918698,-80.08570098876953,0.006093749776482582,-22.5417423248291,0.00012655490718316287,-0.0298440121114254,5.943094038229901e-06,-0.9995545148849487,3.803096294403076,0.00042539997957646847,-2.062570810317993,4.1791574290073186e-07,-3.861286757000926e-08,-3.481659405224491e-13
1785523716418118800,34932202,-80.16351318359375,0.006064453162252903,-22.578100204467773,0.00012655490718316287,-0.0298440121114254,5.943094038229901e-06,-0.9995545148849487,3.8012516498565674,0.00042882049456238747,-2.062443971633911,4.605036565408227e-07,-2.8732948464949004e-08,-3.8546943414985435e-13
1785523716430064500,34952186,-80.21644592285156,0.0060449219308793545,-22.602846145629883,0.00012655490718316287,-0.0298440121114254,5.943094038229901e-06,-0.9995545148849487,3.798501968383789,0.000433941837400198,-2.0622520446777344,2.3511792335284554e-07,1.9084828295490297e-07,-1.9806378759312793e-13
1785523716446016200,34965490,-80.29460906982422,0.006015624850988388,-22.639408111572266,0.00012655490718316287,-0.0298440121114254,5.943094038229901e-06,-0.9995545148849487,3.7966866493225098,0.00043733837082982063,-2.0621235370635986,1.7512950023501617e-07,2.912493357598578e-07,-1.4921397450962104e-13
1785523716460211900,34965490,-80.29460906982422,0.006015624850988388,-22.639408111572266,0.00012655490718316287,-0.0298440121114254,5.943094038229901e-06,-0.9995545148849487,3.7966866493225098,0.00043733837082982063,-2.0621235370635986,1.7512950023501617e-07,2.912493357598578e-07,-1.4921397450962104e-13
1785523716472743700,34985635,-80.34687042236328,0.0059960936196148396,-22.663881301879883,0.00012655490718316287,-0.0298440121114254,5.943094038229901e-06,-0.9995545148849487,3.79396653175354,0.00044245016761124134,-2.0619282722473145,1.1230368812675806e-07,3.963992014632822e-07,-9.992007221626409e-14
1785523716487023000,34998811,-80.42562103271484,0.005966796539723873,-22.70076560974121,0.00012655490718316287,-0.0298440121114254,5.943094038229901e-06,-0.9995545148849487,3.79217529296875,0.00044583226554095745,-2.061797618865967,8.366777137780446e-08,4.4432638901525934e-07,-7.771561172376096e-14
1785523716500047000,35019076,-80.47726440429688,0.005947265308350325,-22.724985122680664,0.00012655490718316287,-0.0298440121114254,5.943094038229901e-06,-0.9995545148849487,3.7894914150238037,0.00045092287473380566,-2.0615994930267334,5.3668010480123485e-08,4.6507906859005743e-07,-5.3734794391857577e-14
1785523716514981300,35032117,-80.5562515258789,0.0059179686941206455,-22.76201629638672,0.00012655490718316287,-0.0298440121114254,5.943094038229901e-06,-0.9995545148849487,3.7877278327941895,0.00045428331941366196,-2.061467409133911,4.00202715411524e-08,4.5612489429913694e-07,-4.241051954068098e-14
1785523716527537300,35032117,-80.5562515258789,0.0059179686941206455,-22.76201629638672,0.00012655490718316287,-0.0298440121114254,5.943094038229901e-06,-0.9995545148849487,3.7877278327941895,0.00045428331941366196,-2.061467409133911,4.00202715411524e-08,4.5612489429913694e-07,-4.241051954068098e-14
1785523716540092600,35052076,-80.60734558105469,0.005898437462747097,-22.78598976135254,0.00012655490718316287,-0.0298440121114254,5.943094038229901e-06,-0.9995545148849487,3.7851145267486572,0.0004592854529619217,-2.0612692832946777,-1.3341620785922714e-07,4.2192638716187503e-07,9.50350909079134e-14
1785523716554989300,35065436,-80.6849594116211,0.005869140382856131,-22.82243537902832,0.00012655490718316287,-0.0298440121114254,5.943094038229901e-06,-0.9995545148849487,3.7833642959594727,0.00046265171840786934,-2.0611348152160645,-2.143155768408178e-07,3.141226443403866e-07,1.616484723854228e-13
1785523716568422800,35085495,-80.73738098144531,0.005849609151482582,-22.8470458984375,0.00012655490718316287,-0.0298440121114254,5.943094038229901e-06,-0.9995545148849487,3.7807538509368896,0.00046769483014941216,-2.060931444168091,-3.067177658522269e-07,2.017636120399402e-07,2.3803181647963356e-13
1785523716582351100,35098788,-80.81519317626953,0.005820312537252903,-22.883607864379883,0.00012655490718316287,-0.0298440121114254,5.943094038229901e-06,-0.9995545148849487,3.779024600982666,0.0004710529465228319,-2.0607948303222656,-3.3745860150702356e-07,1.5018802912436513e-07,2.611244553918368e-13
1785523716594983600,35098788,-80.81519317626953,0.005820312537252903,-22.883607864379883,0.00012655490718316287,-0.0298440121114254,5.943094038229901e-06,-0.9995545148849487,3.779024600982666,0.0004710529465228319,-2.0607948303222656,-3.3745860150702356e-07,1.5018802912436513e-07,2.611244553918368e-13
1785523716609824100,35118837,-80.86737823486328,0.0058007813058793545,-22.908159255981445,0.00012655490718316287,-0.0298440121114254,5.943094038229901e-06,-0.9995545148849487,3.7764511108398438,0.0004760744050145149,-2.060589075088501,-3.8574125937884673e-07,9.652716670416339e-08,2.984279490192421e-13
1785523716624067500,35132065,-80.94507598876953,0.005771484225988388,-22.944721221923828,0.00012655490718316287,-0.0298440121114254,5.943094038229901e-06,-0.9995545148849487,3.7747485637664795,0.0004794127307832241,-2.060451030731201,-3.9635349935451814e-07,7.192038253833744e-08,3.0730973321624333e-13
1785523716638491800,35152326,-80.9969482421875,0.0057519529946148396,-22.969135284423828,0.00012655490718316287,-0.0298440121114254,5.943094038229901e-06,-0.9995545148849487,3.77219557762146,0.00048444350250065327,-2.06024169921875,-4.290384936211922e-07,4.6122956121052994e-08,3.304023721284466e-13
1785523716651389600,35165503,-81.07527160644531,0.005722655914723873,-23.006019592285156,0.00012655490718316287,-0.0298440121114254,5.943094038229901e-06,-0.9995545148849487,3.770510196685791,0.00048778136260807514,-2.0601017475128174,-4.6872631287442346e-07,3.4337496401803946e-08,3.6060043839825084e-13
1785523716666935700,35185530,-81.1268310546875,0.005703124683350325,-23.030336380004883,0.00012655490718316287,-0.0298440121114254,5.943094038229901e-06,-0.9995545148849487,3.7680094242095947,0.0004927576519548893,-2.0598912239074707,-2.423651039862307e-07,-1.8604313822834229e-07,1.8030021919912542e-13
1785523716679720900,35198734,-81.20429229736328,0.0056738280691206455,-23.066869735717773,0.00012655490718316287,-0.0298440121114254,5.943094038229901e-06,-0.9995545148849487,3.7663512229919434,0.0004960738588124514,-2.0597498416900635,-1.8065198048589082e-07,-2.530082099383435e-07,1.3145040611561853e-13
1785523716694410300,35198734,-81.20429229736328,0.0056738280691206455,-23.066869735717773,0.00012655490718316287,-0.0298440121114254,5.943094038229901e-06,-0.9995545148849487,3.7663512229919434,0.0004960738588124514,-2.0597498416900635,-1.8065198048589082e-07,-2.530082099383435e-07,1.3145040611561853e-13
1785523716706839600,35218753,-81.25593566894531,0.005654296837747097,-23.091243743896484,0.00012655490718316287,-0.0298440121114254,5.943094038229901e-06,-0.9995545148849487,3.763882637023926,0.0005010340828448534,-2.059537172317505,-1.1632585739107526e-07,-3.365868508353742e-07,7.949196856316121e-14
1785523716720926600,35232123,-81.33316040039062,0.005624999757856131,-23.127689361572266,0.00012655490718316287,-0.0298440121114254,5.943094038229901e-06,-0.9995545148849487,3.762239694595337,0.0005043523851782084,-2.0593936443328857,-8.660176575858713e-08,-3.998986244369007e-07,5.46229728115577e-14
1785523716735123800,35252195,-81.38526916503906,0.005605468526482582,-23.152278900146484,0.00012655490718316287,-0.0298440121114254,5.943094038229901e-06,-0.9995545148849487,3.7597901821136475,0.0005093209911137819,-2.0591776371002197,-5.5637329410274106e-08,-4.3580538999776763e-07,2.886579864025407e-14
1785523716749644500,35265437,-81.46261596679688,0.005576171912252903,-23.1888427734375,0.00012655490718316287,-0.0298440121114254,5.943094038229901e-06,-0.9995545148849487,3.7581684589385986,0.0005126269534230232,-2.059032917022705,-4.14306811080678e-08,-4.737376286811923e-07,1.6431300764452317e-14
1785523716762031700,35265437,-81.46261596679688,0.005576171912252903,-23.1888427734375,0.00012655490718316287,-0.0298440121114254,5.943094038229901e-06,-0.9995545148849487,3.7581684589385986,0.0005126269534230232,-2.059032917022705,-4.14306811080678e-08,-4.737376286811923e-07,1.6431300764452317e-14
1785523716778213000,35298815,-81.59163665771484,0.005527343600988388,-23.249868392944336,0.00012655490718316287,-0.0298440121114254,5.943094038229901e-06,-0.9995545148849487,3.754152297973633,0.0005208677612245083,-2.058668613433838,6.053178935871983e-08,-3.409356281736109e-07,-6.261657858885883e-14
1785523716790144900,35298815,-81.59163665771484,0.005527343600988388,-23.249868392944336,0.00012655490718316287,-0.0298440121114254,5.943094038229901e-06,-0.9995545148849487,3.754152297973633,0.0005208677612245083,-2.058668613433838,6.053178935871983e-08,-3.409356281736109e-07,-6.261657858885883e-14
1785523716804321800,35318822,-81.6434326171875,0.0055078123696148396,-23.27437973022461,0.00012655490718316287,-0.0298440121114254,5.943094038229901e-06,-0.9995545148849487,3.751765251159668,0.0005258030723780394,-2.05844783782959,2.1778070902200852e-07,-2.1910149428094883e-07,-1.8918200339612667e-13
1785523716817994200,35332175,-81.72066497802734,0.005478515289723873,-23.310941696166992,0.00012655490718316287,-0.0298440121114254,5.943094038229901e-06,-0.9995545148849487,3.7501838207244873,0.0005290866829454899,-2.0582997798919678,3.1135743938648375e-07,-1.6317122231157555e-07,-2.682298827494378e-13
1785523716832065200,35352108,-81.77230072021484,0.005458984058350325,-23.33539581298828,0.00012655490718316287,-0.0298440121114254,5.943094038229901e-06,-0.9995545148849487,3.747835874557495,0.0005339863710105419,-2.058077573776245,3.4431442941240675e-07,-1.0504482617079702e-07,-2.9309887850104133e-13
1785523716845313500,35365446,-81.84913635253906,0.0054296874441206455,-23.371801376342773,0.00012655490718316287,-0.0298440121114254,5.943094038229901e-06,-0.9995545148849487,3.7462730407714844,0.0005372606683522463,-2.0579280853271484,3.713291221174586e-07,-7.821466141422206e-08,-3.1441516057384433e-13
1785523716859544800,35365446,-81.84913635253906,0.0054296874441206455,-23.371801376342773,0.00012655490718316287,-0.0298440121114254,5.943094038229901e-06,-0.9995545148849487,3.7462730407714844,0.0005372606683522463,-2.0579280853271484,3.713291221174586e-07,-7.821466141422206e-08,-3.1441516057384433e-13
1785523716873729600,35385524,-81.90101623535156,0.005410156212747097,-23.396390914916992,0.00012655490718316287,-0.0298440121114254,5.943094038229901e-06,-0.9995545148849487,3.7439401149749756,0.0005421724636107683,-2.0577023029327393,4.4760201944882283e-07,-5.0210786639581784e-08,-3.7836400679225335e-13
1785523716886461000,35398776,-81.97824096679688,0.005380859132856131,-23.433012008666992,0.00012655490718316287,-0.0298440121114254,5.943094038229901e-06,-0.9995545148849487,3.742398977279663,0.0005454316269606352,-2.057551622390747,4.824966026717448e-07,-3.739905096722396e-08,-4.050093593832571e-13
1785523716900946500,35418572,-82.02964782714844,0.005361327901482582,-23.457406997680664,0.00012655490718316287,-0.0298440121114254,5.943094038229901e-06,-0.9995545148849487,3.7401187419891357,0.0005502752028405666,-2.057326078414917,3.0261986694313237e-07,1.2346724531653308e-07,-2.5579538487363607e-13
1785523716914870700,35432085,-82.1059341430664,0.005332031287252903,-23.49361801147461,0.00012655490718316287,-0.0298440121114254,5.943094038229901e-06,-0.9995545148849487,3.7385919094085693,0.0005535332020372152,-2.057173490524292,2.2516989872656268e-07,2.414239759218617e-07,-1.9273471707492718e-13
1785523716928734200,35451827,-82.158203125,0.0053125000558793545,-23.518442153930664,0.00012655490718316287,-0.0298440121114254,5.943094038229901e-06,-0.9995545148849487,3.7370715141296387,0.000556787708774209,-2.0570201873779297,1.6753457998675003e-07,2.896129558394023e-07,-1.4477308241112041e-13
1785523716944747800,35465422,-82.234375,0.005283202975988388,-23.55465316772461,0.00012655490718316287,-0.0298440121114254,5.943094038229901e-06,-0.9995545148849487,3.7348179817199707,0.0005616371054202318,-2.056790590286255,1.0777922199167733e-07,3.947414199956256e-07,-9.636735853746359e-14
1785523716957654600,35465422,-82.234375,0.005283202975988388,-23.55465316772461,0.00012655490718316287,-0.0298440121114254,5.943094038229901e-06,-0.9995545148849487,3.7348179817199707,0.0005616371054202318,-2.056790590286255,1.0777922199167733e-07,3.947414199956256e-07,-9.636735853746359e-14
1785523716971140400,35485610,-82.28656005859375,0.0052636717446148396,-23.579458236694336,0.00012655490718316287,-0.0298440121114254,5.943094038229901e-06,-0.9995545148849487,3.732562780380249,0.0005665153730660677,-2.0565578937530518,6.907715999204811e-08,4.3254669890302466e-07,-6.572520305780927e-14
1785523716985643900,35498776,-82.36359405517578,0.005234374664723873,-23.616107940673828,0.00012655490718316287,-0.0298440121114254,5.943094038229901e-06,-0.9995545148849487,3.731079339981079,0.000569741940125823,-2.056403160095215,5.145588488630892e-08,4.712733243650291e-07,-5.1958437552457326e-14
1785523716998728500,35518873,-82.41476440429688,0.005214843433350325,-23.64046287536621,0.00012655490718316287,-0.0298440121114254,5.943094038229901e-06,-0.9995545148849487,3.7288670539855957,0.0005745731759816408,-2.0561702251434326,3.3084589290410804e-08,4.4256682940613246e-07,-3.6637359812630166e-14
1785523717014650100,35532138,-82.49163818359375,0.0051855468191206455,-23.67705535888672,0.00012655490718316287,-0.0298440121114254,5.943094038229901e-06,-0.9995545148849487,3.727400541305542,0.0005777925252914429,-2.056014060974121,2.4638577400537542e-08,4.787642069459253e-07,-3.042011087472929e-14
1785523717027415400,35532138,-82.49163818359375,0.0051855468191206455,-23.67705535888672,0.00012655490718316287,-0.0298440121114254,5.943094038229901e-06,-0.9995545148849487,3.727400541305542,0.0005777925252914429,-2.056014060974121,2.4638577400537542e-08,4.787642069459253e-07,-3.042011087472929e-14
1785523717042100600,35552142,-82.54289245605469,0.005166015587747097,-23.70146942138672,0.00012655490718316287,-0.0298440121114254,5.943094038229901e-06,-0.9995545148849487,3.725217580795288,0.0005826062988489866,-2.055779218673706,-1.3296060785705777e-07,3.3316206327071995e-07,9.592326932761353e-14
1785523717054777200,35565480,-82.6195297241211,0.005136718507856131,-23.737972259521484,0.00012655490718316287,-0.0298440121114254,5.943094038229901e-06,-0.9995545148849487,3.723768949508667,0.0005858161021023989,-2.055621862411499,-2.1373685399339593e-07,2.481208127846912e-07,1.5987211554602254e-13
1785523717068344600,35585534,-82.67086029052734,0.005117187276482582,-23.7624454498291,0.00012655490718316287,-0.0298440121114254,5.943094038229901e-06,-0.9995545148849487,3.7216060161590576,0.0005906317383050919,-2.0553841590881348,-3.16434949354516e-07,1.5936200270516565e-07,2.398081733190338e-13
1785523717082720100,35598835,-82.74773406982422,0.005087890662252903,-23.7990665435791,0.00012655490718316287,-0.0298440121114254,5.943094038229901e-06,-0.9995545148849487,3.720175266265869,0.0005938331596553326,-2.0552256107330322,-3.4482491173548624e-07,1.1868539928627797e-07,2.611244553918368e-13
1785523717095198200,35598835,-82.74773406982422,0.005087890662252903,-23.7990665435791,0.00012655490718316287,-0.0298440121114254,5.943094038229901e-06,-0.9995545148849487,3.720175266265869,0.0005938331596553326,-2.0552256107330322,-3.4482491173548624e-07,1.1868539928627797e-07,2.611244553918368e-13
1785523717109713900,35632161,-82.87612915039062,0.005039062350988388,-23.860326766967773,0.00012655490718316287,-0.0298440121114254,5.943094038229901e-06,-0.9995545148849487,3.7166213989257812,0.0006018448621034622,-2.054825782775879,-4.6993275759632525e-07,5.669635783078775e-08,3.5704772471945034e-13
1785523717123991000,35632161,-82.87612915039062,0.005039062350988388,-23.860326766967773,0.00012655490718316287,-0.0298440121114254,5.943094038229901e-06,-0.9995545148849487,3.7166213989257812,0.0006018448621034622,-2.054825782775879,-4.6993275759632525e-07,5.669635783078775e-08,3.5704772471945034e-13
1785523717138706100,35652953,-82.9267578125,0.0050195311196148396,-23.88448715209961,0.00012655490718316287,-0.0298440121114254,5.943094038229901e-06,-0.9995545148849487,3.7144739627838135,0.0006067238282412291,-2.0545804500579834,-3.406342443668109e-07,-3.44952688635658e-08,1.2612572675152478e-07
1785523717153297700,35665447,-83.00597381591797,0.004990234039723873,-23.922338485717773,0.00012655490718316287,-0.0298440121114254,5.943094038229901e-06,-0.9995545148849487,3.7130935192108154,0.0006098770536482334,-2.0544214248657227,-3.2838457286743505e-07,-9.963862623862951e-08,1.9603555756475544e-07
1785523717166287200,35685556,-83.05425262451172,0.004970702808350325,-23.945384979248047,0.00012655490718316287,-0.0298440121114254,5.943094038229901e-06,-0.9995545148849487,3.711050271987915,0.0006145662628114223,-2.0541834831237793,-3.156481227506447e-07,-1.673710556815422e-07,2.856871788026183e-07
1785523717180639800,35698891,-83.130859375,0.0049414061941206455,-23.982006072998047,0.00012655490718316287,-0.0298440121114254,5.943094038229901e-06,-0.9995545148849487,3.709671974182129,0.0006177469622343779,-2.0540213584899902,-2.0049914439823624e-07,-9.00766750078219e-08,2.529837388465239e-07
1785523717193012300,35698891,-83.130859375,0.0049414061941206455,-23.982006072998047,0.00012655490718316287,-0.0298440121114254,5.943094038229901e-06,-0.9995545148849487,3.709671974182129,0.0006177469622343779,-2.0540213584899902,-2.0049914439823624e-07,-9.00766750078219e-08,2.529837388465239e-07
1785523717206922500,35719151,-83.18186950683594,0.004921874962747097,-24.00640106201172,0.00012655490718316287,-0.0298440121114254,5.943094038229901e-06,-0.9995545148849487,3.707606792449951,0.0006225365214049816,-2.053776502609253,-1.2852690645104303e-07,-5.7742276737826614e-08,2.1060286314877885e-07
1785523717221782600,35732154,-83.25897979736328,0.004892577882856131,-24.043285369873047,0.00012655490718316287,-0.0298440121114254,5.943094038229901e-06,-0.9995545148849487,3.7062489986419678,0.0006256985943764448,-2.0536139011383057,-9.581118121104737e-08,-4.304434497726106e-08,1.8656918143733492e-07
1785523717234775900,35752301,-83.30921936035156,0.004873046651482582,-24.06732940673828,0.00012655490718316287,-0.0298440121114254,5.943094038229901e-06,-0.9995545148849487,3.7042202949523926,0.000630449503660202,-2.0533688068389893,-6.15842949969192e-08,-2.7667514501672485e-08,1.5547996667919506e-07
1785523717248871900,35765488,-83.38616943359375,0.004843750037252903,-24.104154586791992,0.00012655490718316287,-0.0298440121114254,5.943094038229901e-06,-0.9995545148849487,3.702878713607788,0.0006336073856800795,-2.0532047748565674,-4.589156432643904e-08,-2.061736914527046e-08,1.37716824610834e-07
1785523717261681500,35765488,-83.38616943359375,0.004843750037252903,-24.104154586791992,0.00012655490718316287,-0.0298440121114254,5.943094038229901e-06,-0.9995545148849487,3.702878713607788,0.0006336073856800795,-2.0532047748565674,-4.589156432643904e-08,-2.061736914527046e-08,1.37716824610834e-07
1785523717276511700,35798931,-83.513671875,0.004794921725988388,-24.16524887084961,0.00012655490718316287,-0.0298440121114254,5.943094038229901e-06,-0.9995545148849487,3.699540615081787,0.0006415147799998522,-2.0527918338775635,-2.1937820449124956e-08,-9.855856575313737e-09,1.0157727814430473e-07
1785523717290025100,35798931,-83.513671875,0.004794921725988388,-24.16524887084961,0.00012655490718316287,-0.0298440121114254,5.943094038229901e-06,-0.9995545148849487,3.699540615081787,0.0006415147799998522,-2.0527918338775635,-2.1937820449124956e-08,-9.855856575313737e-09,1.0157727814430473e-07
1785523717304805800,35819148,-83.56390380859375,0.0047753904946148396,-24.1893310546875,0.00012655490718316287,-0.0298440121114254,5.943094038229901e-06,-0.9995545148849487,3.697558879852295,0.000646248459815979,-2.0525431632995605,-1.4089600597344543e-08,-6.329948565308996e-09,8.462404110787247e-08
1785523717319546200,35832258,-83.64085388183594,0.004746093414723873,-24.226215362548828,0.00012655490718316287,-0.0298440121114254,5.943094038229901e-06,-0.9995545148849487,3.696251630783081,0.0006493846885859966,-2.052377700805664,-1.0504720648896182e-08,-4.719395985119945e-09,7.497123277744322e-08
1785523717331736600,35852409,-83.69093322753906,0.004726562183350325,-24.250219345092773,0.00012655490718316287,-0.0298440121114254,5.943094038229901e-06,-0.9995545148849487,3.694298505783081,0.0006540934555232525,-2.0521280765533447,-6.755210613107465e-09,-3.034881457253391e-09,6.248972539424358e-08
1785523717347221700,35865523,-83.767578125,0.0046972655691206455,-24.287015914916992,0.00012655490718316287,-0.0298440121114254,5.943094038229901e-06,-0.9995545148849487,3.6930058002471924,0.000657225726172328,-2.051961660385132,-5.034527461589278e-09,-2.261840714723462e-09,5.535333613693183e-08
1785523717361754100,35865523,-83.767578125,0.0046972655691206455,-24.287015914916992,0.00012655490718316287,-0.0298440121114254,5.943094038229901e-06,-0.9995545148849487,3.6930058002471924,0.000657225726172328,-2.051961660385132,-5.034527461589278e-09,-2.261840714723462e-09,5.535333613693183e-08
1785523717373794800,35885842,-83.81781005859375,0.004677734337747097,-24.31113624572754,0.00012655490718316287,-0.0298440121114254,5.943094038229901e-06,-0.9995545148849487,3.6910641193389893,0.0006619535852223635,-2.051708936691284,-3.22732951474336e-09,-1.4499338396589678e-09,4.608055093058283e-08
1785523717389980100,35898891,-83.8949966430664,0.004648437257856131,-24.34819793701172,0.00012655490718316287,-0.0298440121114254,5.943094038229901e-06,-0.9995545148849487,3.689788341522217,0.0006650751456618309,-2.051541328430176,-2.405815546779877e-09,-1.080856404378494e-09,4.08218454595044e-08
1785523717403760200,35919036,-83.94476318359375,0.004628906026482582,-24.37210464477539,0.00012655490718316287,-0.0298440121114254,5.943094038229901e-06,-0.9995545148849487,3.6878890991210938,0.0006697450298815966,-2.0512895584106445,-1.5493766269969456e-09,-6.96088908735959e-10,3.404551662811173e-08
1785523717416355800,35932365,-84.0210952758789,0.004599609412252903,-24.408782958984375,0.00012655490718316287,-0.0298440121114254,5.943094038229901e-06,-0.9995545148849487,3.6866159439086914,0.0006728898733854294,-2.051119565963745,-1.1512886199938066e-09,-5.172416939203117e-10,3.0122105698637824e-08
1785523717429674500,35932365,-84.0210952758789,0.004599609412252903,-24.408782958984375,0.00012655490718316287,-0.0298440121114254,5.943094038229901e-06,-0.9995545148849487,3.6866159439086914,0.0006728898733854294,-2.051119565963745,-1.1512886199938066e-09,-5.172416939203117e-10,3.0122105698637824e-08
1785523717443580100,35952357,-84.07234191894531,0.0045800781808793545,-24.433412551879883,0.00012655490718316287,-0.0298440121114254,5.943094038229901e-06,-0.9995545148849487,3.6847333908081055,0.0006775644142180681,-2.050865888595581,-7.402354285090951e-10,-3.325693886946368e-10,2.5105730827590378e-08
1785523717458099900,35965844,-84.1478500366211,0.004550781100988388,-24.469711303710938,0.00012655490718316287,-0.0298440121114254,5.943094038229901e-06,-0.9995545148849487,3.6834781169891357,0.0006806948222219944,-2.0506954193115234,-5.503935085471312e-10,-2.4727947467440003e-10,2.221814732195071e-08
1785523717469852600,35985826,-84.19937133789062,0.0045312498696148396,-24.494497299194336,0.00012655490718316287,-0.0298440121114254,5.943094038229901e-06,-0.9995545148849487,3.6816112995147705,0.0006853777449578047,-2.0504393577575684,-3.531462899886151e-10,-1.586622916383007e-10,1.8502868570635655e-08
1785523717484034800,35998851,-84.27507781982422,0.0045019532553851604,-24.530941009521484,0.00012655490718316287,-0.0298440121114254,5.943094038229901e-06,-0.9995545148849487,3.6803927421569824,0.000688447616994381,-2.0502710342407227,-2.6399971098101105e-10,-1.1861131521406776e-10,1.6409684278073655e-08
1785523717498226600,36018934,-84.3246841430664,0.004482421558350325,-24.5548095703125,0.00012655490718316287,-0.0298440121114254,5.943094038229901e-06,-0.9995545148849487,3.6785666942596436,0.0006930718664079905,-2.0500166416168213,-1.701968566081291e-10,-7.646817207218604e-11,1.3691406230975645e-08
1785523717510648800,36032082,-84.40061950683594,0.0044531249441206455,-24.591371536254883,0.00012655490718316287,-0.0298440121114254,5.943094038229901e-06,-0.9995545148849487,3.6773505210876465,0.000696167116984725,-2.0498454570770264,-1.268073979154849e-10,-5.697443905550159e-11,1.2126491810704465e-08
1785523717525256900,36032082,-84.40061950683594,0.0044531249441206455,-24.591371536254883,0.00012655490718316287,-0.0298440121114254,5.943094038229901e-06,-0.9995545148849487,3.6773505210876465,0.000696167116984725,-2.0498454570770264,-1.268073979154849e-10,-5.697443905550159e-11,1.2126491810704465e-08
1785523717536778700,36052349,-84.45101165771484,0.004433593712747097,-24.61564826965332,0.00012655490718316287,-0.0298440121114254,5.943094038229901e-06,-0.9995545148849487,3.6755266189575195,0.0007008290849626064,-2.0495870113372803,-8.134543039162168e-11,-3.654932953511825e-11,1.009791716910513e-08
1785523717551137100,36065477,-84.52742004394531,0.004404296632856131,-24.652475357055664,0.00012655490718316287,-0.0298440121114254,5.943094038229901e-06,-0.9995545148849487,3.6743252277374268,0.0007039161864668131,-2.049415349960327,-6.060785207040453e-11,-2.7232329238846553e-11,8.943785267945259e-09
1785523717563902100,36085658,-84.57742309570312,0.004384765401482582,-24.676576614379883,0.00012655490718316287,-0.0298440121114254,5.943094038229901e-06,-0.9995545148849487,3.672532081604004,0.0007085478864610195,-2.04915714263916,-3.8951175618251455e-11,-1.7502216689835315e-11,7.453102135457357e-09
1785523717579947600,36098828,-84.65359497070312,0.004355468787252903,-24.713314056396484,0.00012655490718316287,-0.0298440121114254,5.943094038229901e-06,-0.9995545148849487,3.6713452339172363,0.0007116284687072039,-2.0489847660064697,-2.9018676350744954e-11,-1.303956682213725e-11,6.6010406030159174e-09
1785523717593200900,36098828,-84.65359497070312,0.004355468787252903,-24.713314056396484,0.00012655490718316287,-0.0298440121114254,5.943094038229901e-06,-0.9995545148849487,3.6713452339172363,0.0007116284687072039,-2.0489847660064697,-2.9018676350744954e-11,-1.303956682213725e-11,6.6010406030159174e-09
1785523717606168200,36118900,-84.7037124633789,0.0043359375558793545,-24.73749542236328,0.00012655490718316287,-0.0298440121114254,5.943094038229901e-06,-0.9995545148849487,3.6695773601531982,0.0007162378169596195,-2.0487258434295654,-1.867092591645303e-11,-8.390301474425765e-12,5.503353772695618e-09
1785523717620731400,36132145,-84.77941131591797,0.004306640475988388,-24.77402687072754,0.00012655490718316287,-0.0298440121114254,5.943094038229901e-06,-0.9995545148849487,3.668405055999756,0.0007193100173026323,-2.0485527515411377,-1.3911150009704443e-11,-6.251696209325086e-12,4.874411985156257e-09
1785523717636807400,36152236,-84.82972717285156,0.0042871092446148396,-24.79830551147461,0.00012655490718316287,-0.0298440121114254,5.943094038229901e-06,-0.9995545148849487,3.666659116744995,0.0007239093538373709,-2.048292636871338,-8.949396779200924e-12,-4.0222356695318595e-12,4.063674730048206e-09
1785523717649026400,36165445,-84.9052734375,0.0042578126303851604,-24.834779739379883,0.00012655490718316287,-0.0298440121114254,5.943094038229901e-06,-0.9995545148849487,3.665498971939087,0.0007269789930433035,-2.0481183528900146,-6.664641061249199e-12,-2.995569504254947e-12,3.5985783242153957e-09
1785523717663996400,36185551,-84.95578002929688,0.004238280933350325,-24.859174728393555,0.00012655490718316287,-0.0298440121114254,5.943094038229901e-06,-0.9995545148849487,3.6637675762176514,0.0007315834518522024,-2.047856569290161,-4.280228949049558e-12,-1.924117115637003e-12,2.9980831151021903e-09
1785523717676672500,36198854,-85.03147888183594,0.0042089843191206455,-24.895736694335938,0.00012655490718316287,-0.0298440121114254,5.943094038229901e-06,-0.9995545148849487,3.662621259689331,0.0007346472702920437,-2.0476818084716797,-3.186811925459665e-12,-1.4327459574650647e-12,2.65476285399302e-09
1785523717691781300,36198854,-85.03147888183594,0.0042089843191206455,-24.895736694335938,0.00012655490718316287,-0.0298440121114254,5.943094038229901e-06,-0.9995545148849487,3.662621259689331,0.0007346472702920437,-2.0476818084716797,-3.186811925459665e-12,-1.4327459574650647e-12,2.65476285399302e-09
1785523717704535600,36218949,-85.08187103271484,0.004189453087747097,-24.920082092285156,0.00012655490718316287,-0.0298440121114254,5.943094038229901e-06,-0.9995545148849487,3.6609110832214355,0.0007392421830445528,-2.0474190711975098,-2.0463075678378573e-12,-9.201877541192838e-13,2.2116655173931576e-09
1785523717719901100,36232168,-85.15757751464844,0.004160156007856131,-24.956674575805664,0.00012655490718316287,-0.0298440121114254,5.943094038229901e-06,-0.9995545148849487,3.659782648086548,0.0007422908674925566,-2.047244071960449,-1.5246692797177275e-12,-6.857403642319959e-13,1.959011619590001e-09
1785523717731744500,36252438,-85.2076187133789,0.004140624776482582,-24.980873107910156,0.00012655490718316287,-0.0298440121114254,5.943094038229901e-06,-0.9995545148849487,3.6580886840820312,0.000746885547414422,-2.0469796657562256,-9.77877501195934e-13,-4.399660974083175e-13,1.63136915087847e-09
1785523717747426800,36265486,-85.2837905883789,0.004111328162252903,-25.0177001953125,0.00012655490718316287,-0.0298440121114254,5.943094038229901e-06,-0.9995545148849487,3.656973361968994,0.0007499265484511852,-2.046804189682007,-7.286185543797785e-13,-3.2791120079672664e-13,1.4450722840564367e-09
1785523717760423000,36265486,-85.2837905883789,0.004111328162252903,-25.0177001953125,0.00012655490718316287,-0.0298440121114254,5.943094038229901e-06,-0.9995545148849487,3.656973361968994,0.0007499265484511852,-2.046804189682007,-7.286185543797785e-13,-3.2791120079672664e-13,1.4450722840564367e-09
1785523717774910300,36285564,-85.3333969116211,0.0040917969308793545,-25.041723251342773,0.00012655490718316287,-0.0298440121114254,5.943094038229901e-06,-0.9995545148849487,3.655310869216919,0.0007544804830104113,-2.0465404987335205,-4.686806498455098e-13,-2.110317264903197e-13,1.2048347874937804e-09
1785523717789127700,36298845,-85.40898132324219,0.004062499850988388,-25.07831573486328,0.00012655490718316287,-0.0298440121114254,5.943094038229901e-06,-0.9995545148849487,3.654207229614258,0.0007575203198939562,-2.0463638305664062,-3.489639133213984e-13,-1.5719120883411764e-13,1.0669910510685554e-09
1785523717805309400,36319006,-85.45906066894531,0.0040429686196148396,-25.10257339477539,0.00012655490718316287,-0.0298440121114254,5.943094038229901e-06,-0.9995545148849487,3.6525583267211914,0.0007620840333402157,-2.046098232269287,-2.239458618547019e-13,-1.0095596640570179e-13,8.888808022966543e-10
1785523717818139400,36332358,-85.5347671508789,0.0040136720053851604,-25.139223098754883,0.00012655490718316287,-0.0298440121114254,5.943094038229901e-06,-0.9995545148849487,3.6514596939086914,0.0007651392370462418,-2.0459201335906982,-1.663148785358004e-13,-7.502542153075414e-14,7.864601192508758e-10
1785523717831526100,36352870,-85.58546447753906,0.003994140308350325,-25.163793563842773,0.00012655490718316287,-0.0298440121114254,5.943094038229901e-06,-0.9995545148849487,3.649808406829834,0.000769755570217967,-2.045650005340576,-1.0598813493523096e-13,-4.787235061490258e-14,6.534869312346814e-10
1785523717845735900,36365496,-85.66214752197266,0.0039648436941206455,-25.20094108581543,0.00012655490718316287,-0.0298440121114254,5.943094038229901e-06,-0.9995545148849487,3.648745059967041,0.0007727434858679771,-2.0454750061035156,-7.918665723138929e-14,-3.58017923033499e-14,5.796288449211318e-10
1785523717859431800,36365496,-85.66214752197266,0.0039648436941206455,-25.20094108581543,0.00012655490718316287,-0.0298440121114254,5.943094038229901e-06,-0.9995545148849487,3.648745059967041,0.0007727434858679771,-2.0454750061035156,-7.918665723138929e-14,-3.58017923033499e-14,5.796288449211318e-10
1785523717873530700,36385676,-85.71011352539062,0.003945312462747097,-25.22420310974121,0.00012655490718316287,-0.0298440121114254,5.943094038229901e-06,-0.9995545148849487,3.647160053253174,0.0007772189565002918,-2.0452117919921875,-5.112923973094041e-14,-2.3160120333045112e-14,4.842320988629467e-10
1785523717889113900,36398805,-85.78558349609375,0.003916015382856131,-25.260766983032227,0.00012655490718316287,-0.0298440121114254,5.943094038229901e-06,-0.9995545148849487,3.6460978984832764,0.0007802334148436785,-2.045034170150757,-3.8049424722075287e-14,-1.726156923561456e-14,4.289139876600956e-10
1785523717900335000,36418808,-85.8354263305664,0.0038964843843132257,-25.28494644165039,0.00012655490718316287,-0.0298440121114254,5.943094038229901e-06,-0.9995545148849487,3.644514560699463,0.000784748001024127,-2.044767379760742,-2.4417967647849537e-14,-1.1110665000340324e-14,3.575980067616058e-10
1785523717916168900,36432088,-85.9105453491211,0.0038671873044222593,-25.32139015197754,0.00012655490718316287,-0.0298440121114254,5.943094038229901e-06,-0.9995545148849487,3.643463611602783,0.0007877610623836517,-2.044588804244995,-1.8148677005669356e-14,-8.27719156100892e-15,3.1667951594371857e-10
1785523717930920000,36452291,-85.96070098876953,0.003847656073048711,-25.345727920532227,0.00012655490718316287,-0.0298440121114254,5.943094038229901e-06,-0.9995545148849487,3.641890048980713,0.0007922924123704433,-2.0443196296691895,-1.1596626436904955e-14,-5.313650283395987e-15,2.6373300765492047e-10
1785523717944923900,36465468,-86.03624725341797,0.003818359225988388,-25.38237762451172,0.00012655490718316287,-0.0298440121114254,5.943094038229901e-06,-0.9995545148849487,3.640850067138672,0.0007953036110848188,-2.044140338897705,-8.604228440844963e-15,-3.957073655292548e-15,2.3350907318864245e-10
1785523717958092400,36465468,-86.03624725341797,0.003818359225988388,-25.38237762451172,0.00012655490718316287,-0.0298440121114254,5.943094038229901e-06,-0.9995545148849487,3.640850067138672,0.0007953036110848188,-2.044140338897705,-8.604228440844963e-15,-3.957073655292548e-15,2.3350907318864245e-10
1785523717971079600,36485621,-86.08625030517578,0.0037988279946148396,-25.406635284423828,0.00012655490718316287,-0.0298440121114254,5.943094038229901e-06,-0.9995545148849487,3.63930344581604,0.0007998028304427862,-2.0438718795776367,-5.499940780584467e-15,-2.546802338113238e-15,1.946465072455439e-10
1785523717986775800,36498749,-86.16124725341797,0.003769531147554517,-25.443050384521484,0.00012655490718316287,-0.0298440121114254,5.943094038229901e-06,-0.9995545148849487,3.6382806301116943,0.0008027947042137384,-2.0436933040618896,-4.08006961549745e-15,-1.899579804435017e-15,1.7243352579132676e-10
1785523717999396100,36518870,-86.21109008789062,0.0037499999161809683,-25.46725082397461,0.00012655490718316287,-0.0298440121114254,5.943094038229901e-06,-0.9995545148849487,3.6367528438568115,0.0008072841446846724,-2.043424129486084,-2.598615767013257e-15,-1.2230423074852722e-15,1.437364532952401e-10
1785523718013790600,36532205,-86.28617095947266,0.0037207030691206455,-25.503725051879883,0.00012655490718316287,-0.0298440121114254,5.943094038229901e-06,-0.9995545148849487,3.6357381343841553,0.000810281140729785,-2.0432443618774414,-1.919471526168337e-15,-9.114079806412192e-16,1.2727291442971023e-10
1785523718026346800,36532205,-86.28617095947266,0.0037207030691206455,-25.503725051879883,0.00012655490718316287,-0.0298440121114254,5.943094038229901e-06,-0.9995545148849487,3.6357381343841553,0.000810281140729785,-2.0432443618774414,-1.919471526168337e-15,-9.114079806412192e-16,1.2727291442971023e-10
1785523718039858000,36552177,-86.33625030517578,0.003701171837747097,-25.528060913085938,0.00012655490718316287,-0.0298440121114254,5.943094038229901e-06,-0.9995545148849487,3.634228229522705,0.0008147640619426966,-2.0429742336273193,-1.2156074757907476e-15,-5.869516925581042e-16,1.0607851402832935e-10
1785523718054731900,36565469,-86.4111328125,0.0036718749906867743,-25.5644474029541,0.00012655490718316287,-0.0298440121114254,5.943094038229901e-06,-0.9995545148849487,3.6332268714904785,0.0008177503477782011,-2.0427939891815186,-8.933825901280557e-16,-4.3779416686518706e-16,9.394519884242669e-11
1785523718067521500,36585584,-86.46112823486328,0.0036523437593132257,-25.588764190673828,0.00012655490718316287,-0.0298440121114254,5.943094038229901e-06,-0.9995545148849487,3.6317336559295654,0.0008222269825637341,-2.0425236225128174,-5.598820018715145e-16,-2.820863765724748e-16,7.82901937723679e-11
1785523718081071000,36598778,-86.5360107421875,0.0036230466794222593,-25.625179290771484,0.00012655490718316287,-0.0298440121114254,5.943094038229901e-06,-0.9995545148849487,3.630744218826294,0.0008252086117863655,-2.0423431396484375,-4.0896105946153227e-16,-2.105182864579132e-16,6.933116580842835e-11
1785523718096971800,36598778,-86.5360107421875,0.0036230466794222593,-25.625179290771484,0.00012655490718316287,-0.0298440121114254,5.943094038229901e-06,-0.9995545148849487,3.630744218826294,0.0008252086117863655,-2.0423431396484375,-4.0896105946153227e-16,-2.105182864579132e-16,6.933116580842835e-11
1785523718109995000,36632121,-86.66078186035156,0.003574218600988388,-25.685882568359375,0.00012655490718316287,-0.0298440121114254,5.943094038229901e-06,-0.9995545148849487,3.6282925605773926,0.0008326501119881868,-2.041890859603882,-1.8127860323957634e-16,-1.0148798049421304e-16,5.116957899065078e-11
1785523718124471000,36632121,-86.66078186035156,0.003574218600988388,-25.685882568359375,0.00012655490718316287,-0.0298440121114254,5.943094038229901e-06,-0.9995545148849487,3.6282925605773926,0.0008326501119881868,-2.041890859603882,-1.8127860323957634e-16,-1.0148798049421304e-16,5.116957899065078e-11
1785523718138579700,36652305,-86.71077728271484,0.0035546873696148396,-25.71021842956543,0.00012655490718316287,-0.0298440121114254,5.943094038229901e-06,-0.9995545148849487,3.626840353012085,0.0008370927534997463,-2.0416200160980225,-1.0907073855204175e-16,-6.571376896005428e-17,4.267026662563289e-11
1785523718151567500,36665470,-86.78519439697266,0.003525390522554517,-25.746429443359375,0.00012655490718316287,-0.0298440121114254,5.943094038229901e-06,-0.9995545148849487,3.625871419906616,0.0008400736842304468,-2.041438102722168,-7.632783294297951e-17,-4.9114447749099507e-17,3.776905177499401e-11
1785523718167444200,36685553,-86.83573913574219,0.0035058592911809683,-25.771059036254883,0.00012655490718316287,-0.0298440121114254,5.943094038229901e-06,-0.9995545148849487,3.62442684173584,0.0008445372804999352,-2.0411648750305176,-4.3151246464923076e-17,-3.179893702018407e-17,3.1456528354345537e-11
1785523718181602900,36698895,-86.91038513183594,0.0034765624441206455,-25.807416915893555,0.00012655490718316287,-0.0298440121114254,5.943094038229901e-06,-0.9995545148849487,3.6234700679779053,0.0008475116919726133,-2.040982723236084,-2.873135757086587e-17,-2.3826229477985617e-17,2.7843782834935382e-11
1785523718194810500,36698895,-86.91038513183594,0.0034765624441206455,-25.807416915893555,0.00012655490718316287,-0.0298440121114254,5.943094038229901e-06,-0.9995545148849487,3.6234700679779053,0.0008475116919726133,-2.040982723236084,-2.873135757086587e-17,-2.3826229477985617e-17,2.7843782834935382e-11
1785523718208127200,36719026,-86.96070098876953,0.003457031212747097,-25.831928253173828,0.00012655490718316287,-0.0298440121114254,5.943094038229901e-06,-0.9995545148849487,3.622044801712036,0.0008519610855728388,-2.0407094955444336,-1.441988889405721e-17,-1.550433922072648e-17,2.319505525150145e-11
1785523718222596100,36732024,-87.03534698486328,0.0034277343656867743,-25.8682861328125,0.00012655490718316287,-0.0298440121114254,5.943094038229901e-06,-0.9995545148849487,3.6211085319519043,0.0008549001067876816,-2.0405287742614746,-8.239936510889834e-18,-1.1695132795250384e-17,2.0556775032209984e-11
1785523718235248300,36751886,-87.08464813232422,0.0034082031343132257,-25.892309188842773,0.00012655490718316287,-0.0298440121114254,5.943094038229901e-06,-0.9995545148849487,3.6197173595428467,0.0008592866361141205,-2.0402586460113525,-2.168404344971009e-18,-7.703089675898018e-18,1.7163902243932938e-11
1785523718249613700,36765336,-87.1585922241211,0.003378906287252903,-25.928373336791992,0.00012655490718316287,-0.0298440121114254,5.943094038229901e-06,-0.9995545148849487,3.618784189224243,0.0008622456807643175,-2.0400757789611816,3.7947076036992655e-19,-5.8256246046966106e-18,1.5194893954184607e-11
1785523718264100200,36785328,-87.20913696289062,0.003359374823048711,-25.953022003173828,0.00012655490718316287,-0.0298440121114254,5.943094038229901e-06,-0.9995545148849487,3.6173958778381348,0.000866670161485672,-2.039802312850952,2.4936649967166602e-18,-3.855369721101454e-18,1.2662060636103867e-11
1785523718277202600,36798675,-87.28327941894531,0.003330077975988388,-25.989173889160156,0.00012655490718316287,-0.0298440121114254,5.943094038229901e-06,-0.9995545148849487,3.6164746284484863,0.0008696198929101229,-2.0396194458007812,3.3068166260807885e-18,-2.938827132613098e-18,1.121120470765069e-11
1785523718293224600,36798675,-87.28327941894531,0.003330077975988388,-25.989173889160156,0.00012655490718316287,-0.0298440121114254,5.943094038229901e-06,-0.9995545148849487,3.6164746284484863,0.0008696198929101229,-2.0396194458007812,3.3068166260807885e-18,-2.938827132613098e-18,1.121120470765069e-11
1785523718307291000,36818808,-87.33351135253906,0.0033105467446148396,-26.01368522644043,0.00012655490718316287,-0.0298440121114254,5.943094038229901e-06,-0.9995545148849487,3.615098476409912,0.0008740485645830631,-2.0393450260162354,3.848917712323541e-18,-1.9684317775250893e-18,9.337216763660727e-12
1785523718319934400,36832176,-87.40816497802734,0.003281249897554517,-26.05010223388672,0.00012655490718316287,-0.0298440121114254,5.943094038229901e-06,-0.9995545148849487,3.6141884326934814,0.00087699294090271,-2.0391616821289062,3.848917712323541e-18,-1.516006995850436e-18,8.267188149335691e-12
1785523718335263300,36852222,-87.4580078125,0.0032617186661809683,-26.074438095092773,0.00012655490718316287,-0.0298440121114254,5.943094038229901e-06,-0.9995545148849487,3.6128315925598145,0.0008814057800918818,-2.0388870239257812,3.74049749507499e-18,-1.034402590887362e-18,6.887533945953983e-12
1785523718347548500,36865461,-87.53265380859375,0.0032324218191206455,-26.11085319519043,0.00012655490718316287,-0.0298440121114254,5.943094038229901e-06,-0.9995545148849487,3.611933946609497,0.0008843389805406332,-2.0387041568756104,3.550762114890027e-18,-8.077898446335596e-19,6.099669380699169e-12
1785523718362855900,36865461,-87.53265380859375,0.0032324218191206455,-26.11085319519043,0.00012655490718316287,-0.0298440121114254,5.943094038229901e-06,-0.9995545148849487,3.611933946609497,0.0008843389805406332,-2.0387041568756104,3.550762114890027e-18,-8.077898446335596e-19,6.099669380699169e-12
1785523718374709100,36885698,-87.58226013183594,0.003212890587747097,-26.135072708129883,0.00012655490718316287,-0.0298440121114254,5.943094038229901e-06,-0.9995545148849487,3.610591173171997,0.0008887515868991613,-2.038428783416748,3.198396408832238e-18,-5.631793026118285e-19,5.079812438746334e-12
1785523718388543100,36898891,-87.65726470947266,0.0031835937406867743,-26.171693801879883,0.00012655490718316287,-0.0298440121114254,5.943094038229901e-06,-0.9995545148849487,3.6097054481506348,0.0008916766382753849,-2.038245916366577,2.927345865710862e-18,-4.471060103359374e-19,4.499249497275093e-12
1785523718404577100,36919586,-87.70648193359375,0.0031640625093132257,-26.195735931396484,0.00012655490718316287,-0.0298440121114254,5.943094038229901e-06,-0.9995545148849487,3.608358144760132,0.0008961493149399757,-2.037966012954712,2.5478751053409354e-18,-3.1826187658284016e-19,3.736114716212935e-12
1785523718417481700,36932122,-87.78335571289062,0.003134765662252903,-26.23332405090332,0.00012655490718316287,-0.0298440121114254,5.943094038229901e-06,-0.9995545148849487,3.607490062713623,0.0008990450296550989,-2.0377845764160156,2.303929616531697e-18,-2.5781234459807745e-19,3.3125008812306955e-12
1785523718431980900,36952834,-87.83039093017578,0.003115234198048711,-26.25631332397461,0.00012655490718316287,-0.0298440121114254,5.943094038229901e-06,-0.9995545148849487,3.606179714202881,0.0009034392423927784,-2.037508487701416,1.9651164376299768e-18,-1.898106536207056e-19,2.7588794963839813e-12
1785523718444609400,36965467,-87.9071044921875,0.003085937350988388,-26.293813705444336,0.00012655490718316287,-0.0298440121114254,5.943094038229901e-06,-0.9995545148849487,3.6053202152252197,0.0009063358884304762,-2.0373265743255615,1.802486111757151e-18,-1.5653069603585964e-19,2.4453835224119702e-12
1785523718459354900,36965467,-87.9071044921875,0.003085937350988388,-26.293813705444336,0.00012655490718316287,-0.0298440121114254,5.943094038229901e-06,-0.9995545148849487,3.6053202152252197,0.0009063358884304762,-2.0373265743255615,1.802486111757151e-18,-1.5653069603585964e-19,2.4453835224119702e-12
1785523718471888600,36985621,-87.95445251464844,0.0030664061196148396,-26.31697654724121,0.00012655490718316287,-0.0298440121114254,5.943094038229901e-06,-0.9995545148849487,3.6040470600128174,0.000910651171579957,-2.0370547771453857,1.5043305143236374e-18,-1.1899158547697814e-19,2.0429179181657986e-12
1785523718486307800,36998959,-88.02906036376953,0.003037109272554517,-26.353450775146484,0.00012655490718316287,-0.0298440121114254,5.943094038229901e-06,-0.9995545148849487,3.6031882762908936,0.0009135720320045948,-2.0368704795837402,1.3552527156068805e-18,-9.963142324017452e-20,1.808473076153616e-12
1785523718500420800,37018913,-88.07878875732422,0.0030175780411809683,-26.37776756286621,0.00012655490718316287,-0.0298440121114254,5.943094038229901e-06,-0.9995545148849487,3.6019139289855957,0.00091793411411345,-2.036595106124878,1.145188544687814e-18,-7.731284954257501e-20,1.5073043724625479e-12
1785523718514966900,37032059,-88.15296936035156,0.0029882811941206455,-26.414037704467773,0.00012655490718316287,-0.0298440121114254,5.943094038229901e-06,-0.9995545148849487,3.601072072982788,0.0009208305273205042,-2.036412000656128,1.0164395367051604e-18,-6.578650129695484e-20,1.335450305027519e-12
1785523718529485100,37052396,-88.20226287841797,0.002968749962747097,-26.43815803527832,0.00012655490718316287,-0.0298440121114254,5.943094038229901e-06,-0.9995545148849487,3.5998082160949707,0.000925200991332531,-2.03613543510437,8.538092108323347e-19,-5.2040000287242354e-20,1.1122761782791923e-12
1785523718543690600,37065658,-88.27706909179688,0.0029394531156867743,-26.47477912902832,0.00012655490718316287,-0.0298440121114254,5.943094038229901e-06,-0.9995545148849487,3.598966598510742,0.0009281260427087545,-2.035949945449829,7.657177843178875e-19,-4.472627610620162e-20,9.840234096308853e-13
1785523718558011700,37065658,-88.27706909179688,0.0029394531156867743,-26.47477912902832,0.00012655490718316287,-0.0298440121114254,5.943094038229901e-06,-0.9995545148849487,3.598966598510742,0.0009281260427087545,-2.035949945449829,7.657177843178875e-19,-4.472627610620162e-20,9.840234096308853e-13
1785523718573198600,37085811,-88.32698822021484,0.0029199218843132257,-26.49923324584961,0.00012655490718316287,-0.0298440121114254,5.943094038229901e-06,-0.9995545148849487,3.597719430923462,0.0009324834682047367,-2.0356733798980713,6.335806445462167e-19,-3.5948028650635753e-20,8.197453675064248e-13
1785523718585986900,37098800,-88.40116882324219,0.002890625037252903,-26.535531997680664,0.00012655490718316287,-0.0298440121114254,5.943094038229901e-06,-0.9995545148849487,3.5969018936157227,0.0009353549685329199,-2.0354909896850586,5.658180087658726e-19,-3.125274469863163e-20,7.26747438270503e-13
1785523718598653000,37118901,-88.44984436035156,0.002871093573048711,-26.55936050415039,0.00012655490718316287,-0.0298440121114254,5.943094038229901e-06,-0.9995545148849487,3.5956780910491943,0.0009396753739565611,-2.0352160930633545,4.70950318673391e-19,-2.5443455256671717e-20,6.061993897306384e-13
1785523718611983200,37132092,-88.52413940429688,0.002841796725988388,-26.59573745727539,0.00012655490718316287,-0.0298440121114254,5.943094038229901e-06,-0.9995545148849487,3.5948634147644043,0.0009425652679055929,-2.035032272338867,4.1335207826009857e-19,-2.2235648841191075e-20,5.368687807684458e-13
1785523718626872900,37132092,-88.52413940429688,0.002841796725988388,-26.59573745727539,0.00012655490718316287,-0.0298440121114254,5.943094038229901e-06,-0.9995545148849487,3.5948634147644043,0.0009425652679055929,-2.035032272338867,4.1335207826009857e-19,-2.2235648841191075e-20,5.368687807684458e-13
1785523718640645300,37152019,-88.57351684570312,0.0028222654946148396,-26.619916915893555,0.00012655490718316287,-0.0298440121114254,5.943094038229901e-06,-0.9995545148849487,3.593653440475464,0.0009468779899179935,-2.034757375717163,3.4728350837426314e-19,-1.8247190722613514e-20,4.4781913637395587e-13
1785523718656358600,37165423,-88.64722442626953,0.002792968647554517,-26.656009674072266,0.00012655490718316287,-0.0298440121114254,5.943094038229901e-06,-0.9995545148849487,3.5928471088409424,0.0009497678838670254,-2.0345730781555176,3.083199928005653e-19,-1.6013389478414063e-20,3.9652355292470187e-13
1785523718668496300,37185635,-88.69706726074219,0.0027734374161809683,-26.680442810058594,0.00012655490718316287,-0.0298440121114254,5.943094038229901e-06,-0.9995545148849487,3.591639280319214,0.0009541211184114218,-2.034294843673706,2.541098841762901e-19,-1.3184328385906139e-20,3.3005637611015215e-13
1785523718682800000,37198713,-88.77159881591797,0.0027441405691206455,-26.71696662902832,0.00012655490718316287,-0.0298440121114254,5.943094038229901e-06,-0.9995545148849487,3.590843915939331,0.0009570012334734201,-2.0341110229492188,2.253107639696439e-19,-1.1608135728686345e-20,2.9231313008158677e-13
1785523718695565400,37198713,-88.77159881591797,0.0027441405691206455,-26.71696662902832,0.00012655490718316287,-0.0298440121114254,5.943094038229901e-06,-0.9995545148849487,3.590843915939331,0.0009570012334734201,-2.0341110229492188,2.253107639696439e-19,-1.1608135728686345e-20,2.9231313008158677e-13
1785523718709749100,37231879,-88.89530944824219,0.0026953124906867743,-26.77762222290039,0.00012655490718316287,-0.0298440121114254,5.943094038229901e-06,-0.9995545148849487,3.58925724029541,0.0009627831168472767,-2.033740520477295,1.7872395187065737e-19,-9.010219918598708e-21,2.2900157790016473e-13
1785523718722525800,37231996,-88.89530944824219,0.0026953124906867743,-26.77762222290039,0.00012655490718316287,-0.0298440121114254,5.943094038229901e-06,-0.9995545148849487,3.588870048522949,0.0009642015211284161,-2.0336496829986572,1.6771252355635147e-19,-8.471104954367272e-21,2.1568822574334623e-13
1785523718735642800,37252231,-88.94398498535156,0.0026757812593132257,-26.801498413085938,0.00012655490718316287,-0.0298440121114254,5.943094038229901e-06,-0.9995545148849487,3.587700843811035,0.0009685023687779903,-2.033374071121216,1.4060746924421386e-19,-7.029535941840483e-21,1.7982911980265331e-13
1785523718749670100,37265649,-89.01828002929688,0.002646484412252903,-26.83794403076172,0.00012655490718316287,-0.0298440121114254,5.943094038229901e-06,-0.9995545148849487,3.586916208267212,0.0009714036714285612,-2.0331878662109375,1.2366681029912785e-19,-6.201631546251471e-21,1.5904932806985045e-13
1785523718762771300,37285424,-89.06847381591797,0.0026269531808793545,-26.86256217956543,0.00012655490718316287,-0.0298440121114254,5.943094038229901e-06,-0.9995545148849487,3.5857651233673096,0.0009756828658282757,-2.0329132080078125,1.0333801956502464e-19,-5.158143203515827e-21,1.326930644356128e-13
1785523718777170600,37298656,-89.14125061035156,0.002597656100988388,-26.89824676513672,0.00012655490718316287,-0.0298440121114254,5.943094038229901e-06,-0.9995545148849487,3.585002899169922,0.0009785299189388752,-2.0327301025390625,9.190307477709159e-20,-4.5644601682500336e-21,1.1761090419701997e-13
1785523718792930500,37298656,-89.14125061035156,0.002597656100988388,-26.89824676513672,0.00012655490718316287,-0.0298440121114254,5.943094038229901e-06,-0.9995545148849487,3.585002899169922,0.0009785299189388752,-2.0327301025390625,9.190307477709159e-20,-4.5644601682500336e-21,1.1761090419701997e-13
1785523718807472700,37318787,-89.19078063964844,0.0025781248696148396,-26.922542572021484,0.00012655490718316287,-0.0298440121114254,5.943094038229901e-06,-0.9995545148849487,3.5838568210601807,0.000982833793386817,-2.0324530601501465,7.665648172651418e-20,-3.795078800999149e-21,9.798453416915223e-14
1785523718820271500,37331996,-89.26483917236328,0.002548828022554517,-26.958871841430664,0.00012655490718316287,-0.0298440121114254,5.943094038229901e-06,-0.9995545148849487,3.5830986499786377,0.0009856962133198977,-2.032268762588501,6.733911930671688e-20,-3.3573710099878856e-21,8.677202700943173e-14
1785523718833174100,37352202,-89.31414031982422,0.0025292967911809683,-26.983051300048828,0.00012655490718316287,-0.0298440121114254,5.943094038229901e-06,-0.9995545148849487,3.5819666385650635,0.000989991007372737,-2.031991720199585,5.590417451878382e-20,-2.793699121321282e-21,7.229810418960328e-14
1785523718847401700,37365333,-89.38819885253906,0.0024999999441206455,-27.0194091796875,0.00012655490718316287,-0.0298440121114254,5.943094038229901e-06,-0.9995545148849487,3.5812180042266846,0.0009928480722010136,-2.0318074226379395,4.997494388800372e-20,-2.4723136039502883e-21,6.402695620867302e-14
1785523718861824100,37365333,-89.38819885253906,0.0024999999441206455,-27.0194091796875,0.00012655490718316287,-0.0298440121114254,5.943094038229901e-06,-0.9995545148849487,3.5812180042266846,0.0009928480722010136,-2.0318074226379395,4.997494388800372e-20,-2.4723136039502883e-21,6.402695620867302e-14
1785523718875277100,37385509,-89.43733978271484,0.002480468712747097,-27.043548583984375,0.00012655490718316287,-0.0298440121114254,5.943094038229901e-06,-0.9995545148849487,3.5801010131835938,0.0009971305262297392,-2.0315306186676025,4.171637265227429e-20,-2.0585552766118496e-21,5.335896926129263e-14
1785523718888319700,37398720,-89.51128387451172,0.0024511718656867743,-27.079877853393555,0.00012655490718316287,-0.0298440121114254,5.943094038229901e-06,-0.9995545148849487,3.5793609619140625,0.00099998340010643,-2.031346321105957,3.705769144237564e-20,-1.8222530400601777e-21,4.725453833570245e-14
1785523718901043300,37418696,-89.56050872802734,0.0024316406343132257,-27.10403823852539,0.00012655490718316287,-0.0298440121114254,5.943094038229901e-06,-0.9995545148849487,3.578261137008667,0.0010042448993772268,-2.0310707092285156,3.091670257478196e-20,-1.5187036046473588e-21,3.9406093676769977e-14
1785523718915282400,37431967,-89.63401794433594,0.002402343787252903,-27.140159606933594,0.00012655490718316287,-0.0298440121114254,5.943094038229901e-06,-0.9995545148849487,3.577528953552246,0.0010070940479636192,-2.030886173248291,2.752857078576476e-20,-1.3445045375225196e-21,3.489583974428459e-14
1785523718928352700,37431967,-89.63401794433594,0.002402343787252903,-27.140159606933594,0.00012655490718316287,-0.0298440121114254,5.943094038229901e-06,-0.9995545148849487,3.577528953552246,0.0010070940479636192,-2.030886173248291,2.752857078576476e-20,-1.3445045375225196e-21,3.489583974428459e-14
1785523718942625700,37465302,-89.75695037841797,0.002353515475988388,-27.200580596923828,0.00012655490718316287,-0.0298440121114254,5.943094038229901e-06,-0.9995545148849487,3.5757157802581787,0.001014205627143383,-2.0304250717163086,2.0328790734103208e-20,-9.917701674054735e-22,2.5755657982328047e-14
1785523718956557000,37465302,-89.75695037841797,0.002353515475988388,-27.200580596923828,0.00012655490718316287,-0.0298440121114254,5.943094038229901e-06,-0.9995545148849487,3.5757157802581787,0.001014205627143383,-2.0304250717163086,2.0328790734103208e-20,-9.917701674054735e-22,2.5755657982328047e-14
1785523718972257200,37485373,-89.80640411376953,0.0023339842446148396,-27.224897384643555,0.00012655490718316287,-0.0298440121114254,5.943094038229901e-06,-0.9995545148849487,3.5746374130249023,0.001018471084535122,-2.030148506164551,1.6940658945086007e-20,-8.262500343639055e-22,2.1461914141490332e-14
1785523718984920300,37498657,-89.87999725341797,0.002304687397554517,-27.261077880859375,0.00012655490718316287,-0.0298440121114254,5.943094038229901e-06,-0.9995545148849487,3.573923110961914,0.0010213118512183428,-2.029963970184326,1.503483481376383e-20,-7.315830906663328e-22,1.9004397122830696e-14
1785523718999511700,37518581,-89.92937469482422,0.0022851561661809683,-27.285335540771484,0.00012655490718316287,-0.0298440121114254,5.943094038229901e-06,-0.9995545148849487,3.572862148284912,0.0010255519300699234,-2.029688596725464,1.2281977735187355e-20,-6.100424705835901e-22,1.5849172289254115e-14
1785523719014079700,37532029,-90.00261688232422,0.0022558593191206455,-27.321311950683594,0.00012655490718316287,-0.0298440121114254,5.943094038229901e-06,-0.9995545148849487,3.5721545219421387,0.001028392929583788,-2.0295040607452393,1.1011428314305904e-20,-5.400616982918969e-22,1.4031925781358111e-14
1785523719030069400,37532029,-90.00261688232422,0.0022558593191206455,-27.321311950683594,0.00012655490718316287,-0.0298440121114254,5.943094038229901e-06,-0.9995545148849487,3.5721545219421387,0.001028392929583788,-2.0295040607452393,1.1011428314305904e-20,-5.400616982918969e-22,1.4031925781358111e-14
1785523719044647000,37565308,-90.12632751464844,0.0022070312406867743,-27.382152557373047,0.00012655490718316287,-0.0298440121114254,5.943094038229901e-06,-0.9995545148849487,3.5703999996185303,0.0010354961268603802,-2.0290415287017822,8.099752558119247e-21,-3.980968256624835e-22,1.0345170832720511e-14
1785523719057924100,37565308,-90.12632751464844,0.0022070312406867743,-27.382152557373047,0.00012655490718316287,-0.0298440121114254,5.943094038229901e-06,-0.9995545148849487,3.5703999996185303,0.0010354961268603802,-2.0290415287017822,8.099752558119247e-21,-3.980968256624835e-22,1.0345170832720511e-14
1785523719069874100,37585271,-90.17515563964844,0.0021875000093132257,-27.40617561340332,0.00012655490718316287,-0.0298440121114254,5.943094038229901e-06,-0.9995545148849487,3.569366455078125,0.001039712456986308,-2.0287671089172363,6.670384459627615e-21,-3.3214532768271846e-22,8.631537630097389e-15
1785523719084211200,37598644,-90.24839782714844,0.002158203162252903,-27.442182540893555,0.00012655490718316287,-0.0298440121114254,5.943094038229901e-06,-0.9995545148849487,3.5686771869659424,0.0010425432119518518,-2.028582811355591,5.982170189983496e-21,-2.9405624541406577e-22,7.642419988138863e-15
1785523719100510000,37618760,-90.29800415039062,0.0021386719308793545,-27.466575622558594,0.00012655490718316287,-0.0298440121114254,5.943094038229901e-06,-0.9995545148849487,3.5676472187042236,0.0010467898100614548,-2.0283055305480957,4.9763185651190145e-21,-2.449488588922653e-22,6.36622593969691e-15
1785523719113189400,37632002,-90.37159729003906,0.002109374850988388,-27.502758026123047,0.00012655490718316287,-0.0298440121114254,5.943094038229901e-06,-0.9995545148849487,3.5669660568237305,0.0010496126487851143,-2.02812123298645,4.446922973085077e-21,-2.1689741948648755e-22,5.637471826164253e-15
1785523719127552700,37632002,-90.37159729003906,0.002109374850988388,-27.502758026123047,0.00012655490718316287,-0.0298440121114254,5.943094038229901e-06,-0.9995545148849487,3.5669660568237305,0.0010496126487851143,-2.02812123298645,4.446922973085077e-21,-2.1689741948648755e-22,5.637471826164253e-15
1785523719140137000,37651941,-90.42081451416016,0.0020898436196148396,-27.52695655822754,0.00012655490718316287,-0.0298440121114254,5.943094038229901e-06,-0.9995545148849487,3.565955877304077,0.0010538243222981691,-2.027846097946167,3.65282958503417e-21,-1.8091344725329695e-22,4.702105200972591e-15
1785523719154834900,37665309,-90.49382781982422,0.002060546772554517,-27.562904357910156,0.00012655490718316287,-0.0298440121114254,5.943094038229901e-06,-0.9995545148849487,3.565281391143799,0.001056648325175047,-2.0276615619659424,3.282252670610414e-21,-1.601579993441783e-22,4.162954330485125e-15
1785523719166924500,37685327,-90.54351043701172,0.0020410155411809683,-27.58734893798828,0.00012655490718316287,-0.0298440121114254,5.943094038229901e-06,-0.9995545148849487,3.564276933670044,0.001060878625139594,-2.0273852348327637,2.7131524091739308e-21,-1.3343780373672806e-22,3.4683572440669715e-15
1785523719181389700,37698641,-90.61675262451172,0.0020117186941206455,-27.623422622680664,0.00012655490718316287,-0.0298440121114254,5.943094038229901e-06,-0.9995545148849487,3.5636115074157715,0.0010636947117745876,-2.027200937271118,2.395515053953568e-21,-1.1815354165653682e-22,3.0711549077374603e-15
1785523719194701800,37698641,-90.61675262451172,0.0020117186941206455,-27.623422622680664,0.00012655490718316287,-0.0298440121114254,5.943094038229901e-06,-0.9995545148849487,3.5636115074157715,0.0010636947117745876,-2.027200937271118,2.395515053953568e-21,-1.1815354165653682e-22,3.0711549077374603e-15
1785523719207581200,37718704,-90.66605377197266,0.001992187462747097,-27.6476993560791,0.00012655490718316287,-0.0298440121114254,5.943094038229901e-06,-0.9995545148849487,3.562620162963867,0.0010679156985133886,-2.0269248485565186,1.9852334701272664e-21,-9.84554955265509e-23,2.5591156560674736e-15
1785523719220328700,37731988,-90.73941040039062,0.0019628906156867743,-27.68385124206543,0.00012655490718316287,-0.0298440121114254,5.943094038229901e-06,-0.9995545148849487,3.561962842941284,0.0010707266628742218,-2.0267410278320312,1.7734752333136913e-21,-8.7183544093382e-23,2.2661491942270766e-15
1785523719234626200,37751924,-90.7885513305664,0.0019433593843132257,-27.708070755004883,0.00012655490718316287,-0.0298440121114254,5.943094038229901e-06,-0.9995545148849487,3.560988187789917,0.001074919942766428,-2.0264663696289062,1.4823076576950256e-21,-7.271192234153875e-23,1.8900858356457172e-15
1785523719248533200,37765279,-90.86144256591797,0.0019140624208375812,-27.743988037109375,0.00012655490718316287,-0.0298440121114254,5.943094038229901e-06,-0.9995545148849487,3.560337781906128,0.0010777311399579048,-2.0262820720672607,1.3102540902839958e-21,-6.437751221457013e-23,1.6734278308696312e-15
1785523719262436600,37785259,-90.91097259521484,0.0018945311894640326,-27.768402099609375,0.00012655490718316287,-0.0298440121114254,5.943094038229901e-06,-0.9995545148849487,3.559370994567871,0.0010819321032613516,-2.0260069370269775,1.0918784085699965e-21,-5.366051496189336e-23,1.3948619879237414e-15
1785523719278455700,37798679,-90.9838638305664,0.0018652343424037099,-27.804330825805664,0.00012655490718316287,-0.0298440121114254,5.943094038229901e-06,-0.9995545148849487,3.558729410171509,0.0010847391095012426,-2.025822877883911,9.661469554619363e-22,-4.751037863994758e-23,1.2349528612730885e-15
1785523719292275900,37798679,-90.9838638305664,0.0018652343424037099,-27.804330825805664,0.00012655490718316287,-0.0298440121114254,5.943094038229901e-06,-0.9995545148849487,3.558729410171509,0.0010847391095012426,-2.025822877883911,9.661469554619363e-22,-4.751037863994758e-23,1.2349528612730885e-15
1785523719305401600,37818563,-91.03339385986328,0.0018457031110301614,-27.8287353515625,0.00012655490718316287,-0.0298440121114254,5.943094038229901e-06,-0.9995545148849487,3.5577735900878906,0.0010889358818531036,-2.025547504425049,8.007108329513308e-22,-3.959965623884231e-23,1.0293534010189995e-15
1785523719318231900,37831994,-91.10628509521484,0.0018164062639698386,-27.864681243896484,0.00012655490718316287,-0.0298440121114254,5.943094038229901e-06,-0.9995545148849487,3.5571393966674805,0.001091738697141409,-2.0253636837005615,7.17992771696028e-22,-3.505945249582054e-23,9.113607585544098e-16
1785523719333108300,37851955,-91.1557388305664,0.0017968749161809683,-27.889066696166992,0.00012655490718316287,-0.0298440121114254,5.943094038229901e-06,-0.9995545148849487,3.5561957359313965,0.0010959240607917309,-2.0250890254974365,5.955700410381799e-22,-2.922879852960203e-23,7.59773360033616e-16
1785523719347289000,37865361,-91.228515625,0.0017675780691206455,-27.924955368041992,0.00012655490718316287,-0.0298440121114254,5.943094038229901e-06,-0.9995545148849487,3.5555689334869385,0.001098723616451025,-2.024905204772949,5.260868695837256e-22,-2.5877868865516972e-23,6.726724326718643e-16
1785523719360072300,37865361,-91.228515625,0.0017675780691206455,-27.924955368041992,0.00012655490718316287,-0.0298440121114254,5.943094038229901e-06,-0.9995545148849487,3.5555689334869385,0.001098723616451025,-2.024905204772949,5.260868695837256e-22,-2.5877868865516972e-23,6.726724326718643e-16
1785523719373329200,37885609,-91.27804565429688,0.001748046837747097,-27.949369430541992,0.00012655490718316287,-0.0298440121114254,5.943094038229901e-06,-0.9995545148849487,3.5546252727508545,0.0011029536835849285,-2.024627685546875,4.433688083284228e-22,-2.152325569450112e-23,5.595264068523453e-16
1785523719386556000,37898809,-91.35210418701172,0.0017187499906867743,-27.98587417602539,0.00012655490718316287,-0.0298440121114254,5.943094038229901e-06,-0.9995545148849487,3.5540049076080322,0.0011057525407522917,-2.024444103240967,3.9373797157524117e-22,-1.9052518095799943e-23,4.952992336542815e-16
1785523719400200300,37919164,-91.40089416503906,0.0016992187593132257,-28.00993537902832,0.00012655490718316287,-0.0298440121114254,5.943094038229901e-06,-0.9995545148849487,3.553074836730957,0.0011099698022007942,-2.024167060852051,3.226004388956808e-22,-1.5854766286847082e-23,4.121409534944229e-16
1785523719414524400,37932029,-91.4751968383789,0.0016699217958375812,-28.046586990356445,0.00012655490718316287,-0.0298440121114254,5.943094038229901e-06,-0.9995545148849487,3.5524685382843018,0.0011127328034490347,-2.0239853858947754,2.8785885316845363e-22,-1.4055204168082427e-23,3.6535535335062766e-16
1785523719428708500,37932029,-91.4751968383789,0.0016699217958375812,-28.046586990356445,0.00012655490718316287,-0.0298440121114254,5.943094038229901e-06,-0.9995545148849487,3.5524685382843018,0.0011127328034490347,-2.0239853858947754,2.8785885316845363e-22,-1.4055204168082427e-23,3.6535535335062766e-16
1785523719443006500,37952003,-91.52261352539062,0.0016503905644640326,-28.069984436035156,0.00012655490718316287,-0.0298440121114254,5.943094038229901e-06,-0.9995545148849487,3.551569938659668,0.0011168529745191336,-2.023714303970337,2.3988237764037803e-22,-1.1742996056894465e-23,3.052467984492491e-16
1785523719456017000,37965413,-91.59550476074219,0.0016210937174037099,-28.105960845947266,0.00012655490718316287,-0.0298440121114254,5.943094038229901e-06,-0.9995545148849487,3.550964832305908,0.0011196383275091648,-2.023531436920166,2.1010387558846903e-22,-1.0398120742124717e-23,2.702862017655975e-16
1785523719469707900,37985362,-91.64472198486328,0.0016015624860301614,-28.130239486694336,0.00012655490718316287,-0.0298440121114254,5.943094038229901e-06,-0.9995545148849487,3.5500648021698,0.0011238069273531437,-2.023257255554199,1.761894704737949e-22,-8.666211334591816e-24,2.25278259080293e-16
1785523719483762100,37998675,-91.7176513671875,0.0015722656389698386,-28.166215896606445,0.00012655490718316287,-0.0298440121114254,5.943094038229901e-06,-0.9995545148849487,3.549467086791992,0.0011265887878835201,-2.0230743885040283,1.5633713577252223e-22,-7.673685476304464e-24,1.994727650674803e-16
1785523719498947000,38018828,-91.76687622070312,0.0015527342911809683,-28.190492630004883,0.00012655490718316287,-0.0298440121114254,5.943094038229901e-06,-0.9995545148849487,3.5485737323760986,0.0011307713575661182,-2.022799015045166,1.2986735617082534e-22,-6.3901014984267676e-24,1.6610611233699389e-16
1785523719510437400,38032045,-91.84034729003906,0.0015234374441206455,-28.22673225402832,0.00012655490718316287,-0.0298440121114254,5.943094038229901e-06,-0.9995545148849487,3.5479841232299805,0.0011335443705320358,-2.022616386413574,1.1497810514487085e-22,-5.659553191319693e-24,1.4711262933956768e-16
1785523719524947400,38032045,-91.84034729003906,0.0015234374441206455,-28.22673225402832,0.00012655490718316287,-0.0298440121114254,5.943094038229901e-06,-0.9995545148849487,3.5479841232299805,0.0011335443705320358,-2.022616386413574,1.1497810514487085e-22,-5.659553191319693e-24,1.4711262933956768e-16
1785523719539546700,38052042,-91.88894653320312,0.001503906212747097,-28.250736236572266,0.00012655490718316287,-0.0298440121114254,5.943094038229901e-06,-0.9995545148849487,3.547106981277466,0.0011376934126019478,-2.022343635559082,9.512577044359818e-23,-4.7190542874534774e-24,1.2266167335831261e-16
1785523719554790000,38065357,-91.96206665039062,0.0014746093656867743,-28.286800384521484,0.00012655490718316287,-0.0298440121114254,5.943094038229901e-06,-0.9995545148849487,3.5465235710144043,0.001140468055382371,-2.0221610069274902,8.437242248040882e-23,-4.1784889298725895e-24,1.0861079966168266e-16
1785523719568228500,38085438,-92.01105499267578,0.0014550781343132257,-28.31100082397461,0.00012655490718316287,-0.0298440121114254,5.943094038229901e-06,-0.9995545148849487,3.5456528663635254,0.001144628506153822,-2.0218873023986816,7.031035206700735e-23,-3.4813378380489516e-24,9.049178553806791e-17
1785523719582885500,38098629,-92.08421325683594,0.0014257811708375812,-28.347124099731445,0.00012655490718316287,-0.0298440121114254,5.943094038229901e-06,-0.9995545148849487,3.545077085494995,0.001147393137216568,-2.021705150604248,6.245213624775359e-23,-3.0833732885830556e-24,8.0147911830427e-17
1785523719596125900,38098629,-92.08421325683594,0.0014257811708375812,-28.347124099731445,0.00012655490718316287,-0.0298440121114254,5.943094038229901e-06,-0.9995545148849487,3.545077085494995,0.001147393137216568,-2.021705150604248,6.245213624775359e-23,-3.0833732885830556e-24,8.0147911830427e-17
1785523719609169900,38131994,-92.20530700683594,0.0013769530924037099,-28.40690803527832,0.00012655490718316287,-0.0298440121114254,5.943094038229901e-06,-0.9995545148849487,3.543654203414917,0.0011542835272848606,-2.021251678466797,4.632211430296955e-23,-2.2779526152396443e-24,5.921332710291446e-17
1785523719624772700,38131994,-92.20530700683594,0.0013769530924037099,-28.40690803527832,0.00012655490718316287,-0.0298440121114254,5.943094038229901e-06,-0.9995545148849487,3.543654203414917,0.0011542835272848606,-2.021251678466797,4.632211430296955e-23,-2.2779526152396443e-24,5.921332710291446e-17
1785523719638289500,38151946,-92.25484466552734,0.0013574218610301614,-28.431381225585938,0.00012655490718316287,-0.0298440121114254,5.943094038229901e-06,-0.9995545148849487,3.542804479598999,0.0011584341991692781,-2.0209784507751465,3.88774887899923e-23,-1.8977216589231166e-24,4.9330920915404634e-17
1785523719651611900,38165323,-92.3276138305664,0.0013281250139698386,-28.46729850769043,0.00012655490718316287,-0.0298440121114254,5.943094038229901e-06,-0.9995545148849487,3.542241096496582,0.0011611999943852425,-2.020796298980713,3.432799542095065e-23,-1.6802106192483375e-24,4.3676886656976023e-17
1785523719666698700,38185529,-92.3768310546875,0.0013085936661809683,-28.491596221923828,0.00012655490718316287,-0.0298440121114254,5.943094038229901e-06,-0.9995545148849487,3.5413978099823,0.001165356719866395,-2.0205225944519043,2.8537731133079455e-23,-1.3991237014999865e-24,3.6370172004446065e-17
1785523719680626400,38198837,-92.4500732421875,0.0012792968191206455,-28.52777862548828,0.00012655490718316287,-0.0298440121114254,5.943094038229901e-06,-0.9995545148849487,3.540842056274414,0.001168115297332406,-2.020340919494629,2.5229008682867344e-23,-1.2389533833039123e-24,3.220713741758919e-17
1785523719696190700,38198837,-92.4500732421875,0.0012792968191206455,-28.52777862548828,0.00012655490718316287,-0.0298440121114254,5.943094038229901e-06,-0.9995545148849487,3.540842056274414,0.001168115297332406,-2.020340919494629,2.5229008682867344e-23,-1.2389533833039123e-24,3.220713741758919e-17
1785523719709969000,38219068,-92.49874877929688,0.001259765587747097,-28.551820755004883,0.00012655490718316287,-0.0298440121114254,5.943094038229901e-06,-0.9995545148849487,3.540009021759033,0.0011722724884748459,-2.0200672149658203,2.1093105620102206e-23,-1.031432478132852e-24,2.681194120771822e-17
1785523719723580800,38232141,-92.57245635986328,0.0012304687406867743,-28.588266372680664,0.00012655490718316287,-0.0298440121114254,5.943094038229901e-06,-0.9995545148849487,3.539461612701416,0.0011750184930860996,-2.0198862552642822,1.8611563782443123e-23,-9.137154984121518e-25,2.3751955276423255e-17
1785523719738019200,38252151,-92.62046813964844,0.0012109375093132257,-28.611976623535156,0.00012655490718316287,-0.0298440121114254,5.943094038229901e-06,-0.9995545148849487,3.5386486053466797,0.001179116079583764,-2.0196163654327393,1.540623890880014e-23,-7.62594992520773e-25,1.9822362638957418e-17
1785523719750996100,38265402,-92.6932373046875,0.0011816405458375812,-28.647924423217773,0.00012655490718316287,-0.0298440121114254,5.943094038229901e-06,-0.9995545148849487,3.5381052494049072,0.001181869301944971,-2.019434928894043,1.3751877683694085e-23,-6.752649348691861e-25,1.7552223350448512e-17
1785523719765462900,38285408,-92.74222564697266,0.0011621093144640326,-28.672122955322266,0.00012655490718316287,-0.0298440121114254,5.943094038229901e-06,-0.9995545148849487,3.5372958183288574,0.0011859952937811613,-2.019163131713867,1.1270335846035002e-23,-5.626723955888015e-25,1.4625602094954247e-17
1785523719781382800,38298693,-92.81511688232422,0.0011328124674037099,-28.708139419555664,0.00012655490718316287,-0.0298440121114254,5.943094038229901e-06,-0.9995545148849487,3.5367586612701416,0.0011887457221746445,-2.018982172012329,1.0132962503774589e-23,-4.982224596322449e-25,1.2950303274183249e-17
1785523719793008000,38298693,-92.81511688232422,0.0011328124674037099,-28.708139419555664,0.00012655490718316287,-0.0298440121114254,5.943094038229901e-06,-0.9995545148849487,3.5367586612701416,0.0011887457221746445,-2.018982172012329,1.0132962503774589e-23,-4.982224596322449e-25,1.2950303274183249e-17
1785523719807382300,38318575,-92.86402130126953,0.0011132812360301614,-28.7322998046875,0.00012655490718316287,-0.0298440121114254,5.943094038229901e-06,-0.9995545148849487,3.535963296890259,0.001192843308672309,-2.018712282180786,8.478601278668534e-24,-4.155782357576708e-25,1.0802775313511853e-17
1785523719821278700,38331977,-92.93632507324219,0.0010839843889698386,-28.768041610717773,0.00012655490718316287,-0.0298440121114254,5.943094038229901e-06,-0.9995545148849487,3.535432815551758,0.001195590477436781,-2.018531322479248,7.599721877830942e-24,-3.6797205784939317e-25,9.565411551625418e-18
1785523719835421700,38351935,-92.98554229736328,0.0010644531575962901,-28.792377471923828,0.00012655490718316287,-0.0298440121114254,5.943094038229901e-06,-0.9995545148849487,3.534642457962036,0.0011997041292488575,-2.0182604789733887,6.255553382432272e-24,-3.0666178829561613e-25,7.971451882028597e-18
1785523719848201400,38365327,-93.0580825805664,0.0010351561941206455,-28.828237533569336,0.00012655490718316287,-0.0298440121114254,5.943094038229901e-06,-0.9995545148849487,3.5341174602508545,0.0012024505995213985,-2.0180795192718506,5.557619740590655e-24,-2.7150225774991563e-25,7.057604247975938e-18
1785523719863729100,38385257,-93.10722351074219,0.001015624962747097,-28.852514266967773,0.00012655490718316287,-0.0298440121114254,5.943094038229901e-06,-0.9995545148849487,3.5333380699157715,0.0012065519113093615,-2.0178096294403076,4.549493369041652e-24,-2.2635574814411713e-25,5.883570260967175e-18
1785523719877929500,38398685,-93.17964935302734,0.0009863281156867743,-28.888315200805664,0.00012655490718316287,-0.0298440121114254,5.943094038229901e-06,-0.9995545148849487,3.532819986343384,0.0012092937249690294,-2.017629384994507,4.03250548619601e-24,-2.004116906932085e-25,5.209340306758878e-18
1785523719890723500,38398685,-93.17964935302734,0.0009863281156867743,-28.888315200805664,0.00012655490718316287,-0.0298440121114254,5.943094038229901e-06,-0.9995545148849487,3.532819986343384,0.0012092937249690294,-2.017629384994507,4.03250548619601e-24,-2.004116906932085e-25,5.209340306758878e-18
1785523719903880000,38418657,-93.22879028320312,0.0009667968261055648,-28.91261100769043,0.00012655490718316287,-0.0298440121114254,5.943094038229901e-06,-0.9995545148849487,3.5320472717285156,0.0012134029529988766,-2.0173587799072266,3.360421238496675e-24,-1.66979765529942e-25,4.3402141925238986e-18
1785523719919926000,38431997,-93.30144500732422,0.0009374999790452421,-28.948558807373047,0.00012655490718316287,-0.0298440121114254,5.943094038229901e-06,-0.9995545148849487,3.5315358638763428,0.0012161396443843842,-2.017178773880005,2.9985297205047253e-24,-1.4785304402195336e-25,3.843213061229069e-18
1785523719933556200,38452010,-93.35027313232422,0.0009179687476716936,-28.972719192504883,0.00012655490718316287,-0.0298440121114254,5.943094038229901e-06,-0.9995545148849487,3.530773401260376,0.0012202397920191288,-2.016909122467041,2.507391231801365e-24,-1.232106070646594e-25,3.2026718986233715e-18
1785523719946256200,38465341,-93.42304229736328,0.0008886718424037099,-29.008695602416992,0.00012655490718316287,-0.0298440121114254,5.943094038229901e-06,-0.9995545148849487,3.5302674770355225,0.0012229732237756252,-2.0167293548583984,2.223047896236262e-24,-1.0909946319206593e-25,2.8359527477814093e-18
1785523719961087900,38465341,-93.42304229736328,0.0008886718424037099,-29.008695602416992,0.00012655490718316287,-0.0298440121114254,5.943094038229901e-06,-0.9995545148849487,3.5302674770355225,0.0012229732237756252,-2.0167293548583984,2.223047896236262e-24,-1.0909946319206593e-25,2.8359527477814093e-18
1785523719975491300,38485424,-93.47179412841797,0.0008691406110301614,-29.03281593322754,0.00012655490718316287,-0.0298440121114254,5.943094038229901e-06,-0.9995545148849487,3.529513120651245,0.001227071275934577,-2.0164597034454346,1.8482316811731712e-24,-9.090201983042763e-26,2.3629859695697672e-18
1785523719988376100,38498692,-93.54468536376953,0.0008398437057621777,-29.068851470947266,0.00012655490718316287,-0.0298440121114254,5.943094038229901e-06,-0.9995545148849487,3.5290138721466064,0.0012297998182475567,-2.016280174255371,1.6414365280349143e-24,-8.049773335146771e-26,2.092535132392492e-18
1785523720002477800,38518738,-93.59327697753906,0.0008203124743886292,-29.0928955078125,0.00012655490718316287,-0.0298440121114254,5.943094038229901e-06,-0.9995545148849487,3.5282695293426514,0.0012338862288743258,-2.0160114765167236,1.3764802380765226e-24,-6.709853644583621e-26,1.744224265697438e-18
1785523720015143500,38532012,-93.66593170166016,0.0007910156273283064,-29.12885093688965,0.00012655490718316287,-0.0298440121114254,5.943094038229901e-06,-0.9995545148849487,3.5277762413024902,0.0012366105802357197,-2.0158321857452393,1.22138387322283e-24,-5.941936996396227e-26,1.5446617730401916e-18
1785523720028520700,38532012,-93.66593170166016,0.0007910156273283064,-29.12885093688965,0.00012655490718316287,-0.0298440121114254,5.943094038229901e-06,-0.9995545148849487,3.5277762413024902,0.0012366105802357197,-2.0158321857452393,1.22138387322283e-24,-5.941936996396227e-26,1.5446617730401916e-18
1785523720044477500,38565221,-93.78761291503906,0.0007421874906867743,-29.18906593322754,0.00012655490718316287,-0.0298440121114254,5.943094038229901e-06,-0.9995545148849487,3.5265517234802246,0.0012434253003448248,-2.0153839588165283,9.04728794979874e-25,-4.3836606072679016e-26,1.1395538937526794e-18
1785523720056312500,38565221,-93.78761291503906,0.0007421874906867743,-29.18906593322754,0.00012655490718316287,-0.0298440121114254,5.943094038229901e-06,-0.9995545148849487,3.5265517234802246,0.0012434253003448248,-2.0153839588165283,9.04728794979874e-25,-4.3836606072679016e-26,1.1395538937526794e-18
1785523720070209500,38585191,-93.83589935302734,0.0007226562593132257,-29.212963104248047,0.00012655490718316287,-0.0298440121114254,5.943094038229901e-06,-0.9995545148849487,3.525829792022705,0.0012474777176976204,-2.015117883682251,7.431700815906108e-25,-3.6582832833945507e-26,9.509589888372736e-19
1785523720083327600,38598817,-93.9080810546875,0.0006933593540452421,-29.248676300048828,0.00012655490718316287,-0.0298440121114254,5.943094038229901e-06,-0.9995545148849487,3.5253453254699707,0.001250206958502531,-2.0149388313293457,6.623907248959792e-25,-3.238076800705948e-26,8.417497963807124e-19
1785523720099611900,38618939,-93.95738220214844,0.0006738281226716936,-29.2730712890625,0.00012655490718316287,-0.0298440121114254,5.943094038229901e-06,-0.9995545148849487,3.524620771408081,0.0012543192133307457,-2.0146687030792236,5.492996255234949e-25,-2.69413748503343e-26,7.003343784731874e-19
1785523720112826300,38632038,-94.03050231933594,0.0006445312174037099,-29.309282302856445,0.00012655490718316287,-0.0298440121114254,5.943094038229901e-06,-0.9995545148849487,3.5241451263427734,0.001257030526176095,-2.0144903659820557,4.879073144355749e-25,-2.3863436813388218e-26,6.203291077355406e-19
1785523720125423500,38632038,-94.03050231933594,0.0006445312174037099,-29.309282302856445,0.00012655490718316287,-0.0298440121114254,5.943094038229901e-06,-0.9995545148849487,3.5241451263427734,0.001257030526176095,-2.0144903659820557,4.879073144355749e-25,-2.3863436813388218e-26,6.203291077355406e-19
1785523720139834800,38652191,-94.0785903930664,0.0006249999860301614,-29.33308982849121,0.00012655490718316287,-0.0298440121114254,5.943094038229901e-06,-0.9995545148849487,3.5234375,0.001261089462786913,-2.014224052429199,4.0389678347315804e-25,-1.9900199625557854e-26,5.172781715418601e-19
1785523720154572500,38665395,-94.1512451171875,0.0005957031389698386,-29.36906623840332,0.00012655490718316287,-0.0298440121114254,5.943094038229901e-06,-0.9995545148849487,3.5229668617248535,0.0012638024054467678,-2.0140459537506104,3.5866034372416434e-25,-1.762265958457164e-26,4.580894179069931e-19
1785523720167330100,38685862,-94.19976043701172,0.0005761718493886292,-29.393089294433594,0.00012655490718316287,-0.0298440121114254,5.943094038229901e-06,-0.9995545148849487,3.5222556591033936,0.001267923740670085,-2.013775587081909,2.9888361977013695e-25,-1.4649442832793647e-26,3.808142567810775e-19
1785523720180039800,38698720,-94.27394104003906,0.0005468750023283064,-29.429800033569336,0.00012655490718316287,-0.0298440121114254,5.943094038229901e-06,-0.9995545148849487,3.5217928886413574,0.0012706192210316658,-2.013598918914795,2.649562899583917e-25,-1.2981988094382733e-26,3.3746185012414405e-19
1785523720193309200,38698720,-94.27394104003906,0.0005468750023283064,-29.429800033569336,0.00012655490718316287,-0.0298440121114254,5.943094038229901e-06,-0.9995545148849487,3.5217928886413574,0.0012706192210316658,-2.013598918914795,2.649562899583917e-25,-1.2981988094382733e-26,3.3746185012414405e-19
1785523720208093500,38718938,-94.32097625732422,0.000527343712747097,-29.453081130981445,0.00012655490718316287,-0.0298440121114254,5.943094038229901e-06,-0.9995545148849487,3.521103620529175,0.001274655107408762,-2.013334274291992,2.1971985020939798e-25,-1.0831947697202866e-26,2.8158042307220544e-19
1785523720220453200,38732124,-94.39405822753906,0.0004980468656867743,-29.489261627197266,0.00012655490718316287,-0.0298440121114254,5.943094038229901e-06,-0.9995545148849487,3.520643949508667,0.0012773643247783184,-2.0131564140319824,1.954860432010085e-25,-9.591956961808588e-27,2.4934715915496876e-19
1785523720233579900,38752604,-94.44234466552734,0.0004785156052093953,-29.51314926147461,0.00012655490718316287,-0.0298440121114254,5.943094038229901e-06,-0.9995545148849487,3.519949197769165,0.001281477976590395,-2.0128870010375977,1.607509198223169e-25,-7.97351020713453e-27,2.072664005181678e-19
1785523720248847500,38765321,-94.51663970947266,0.00041992185288108885,-29.549945831298828,0.00012655490718316287,-0.0298440121114254,5.943094038229901e-06,-0.9995545148849487,3.5194990634918213,0.0012841620482504368,-2.0127112865448,1.4297946134949795e-25,-7.068045799360537e-27,1.837290149620626e-19
1785523720262830200,38765321,-94.51663970947266,0.00041992185288108885,-29.549945831298828,0.00012655490718316287,-0.0298440121114254,5.943094038229901e-06,-0.9995545148849487,3.5194990634918213,0.0012841620482504368,-2.0127112865448,1.4297946134949795e-25,-7.068045799360537e-27,1.837290149620626e-19
1785523720275357400,38785780,-94.56320190429688,0.00040039062150754035,-29.57301139831543,0.00012655490718316287,-0.0298440121114254,5.943094038229901e-06,-0.9995545148849487,3.5188231468200684,0.0012882063165307045,-2.012446641921997,1.1955344790805478e-25,-5.8928402658075345e-27,1.5318398790095544e-19
1785523720289691500,38798930,-94.63699340820312,0.0003417968691792339,-29.60954475402832,0.00012655490718316287,-0.0298440121114254,5.943094038229901e-06,-0.9995545148849487,3.5183753967285156,0.0012909029610455036,-2.012270212173462,1.058209572699674e-25,-5.219744698427706e-27,1.3568910502076184e-19
1785523720303903500,38819624,-94.68448638916016,0.00032226560870185494,-29.633060455322266,0.00012655490718316287,-0.0298440121114254,5.943094038229901e-06,-0.9995545148849487,3.5176968574523926,0.0012950114905834198,-2.0120015144348145,8.845339558062161e-26,-4.3384884596826834e-27,1.1277662856804632e-19
1785523720318193100,38832144,-94.7593765258789,0.0002636718563735485,-29.670150756835938,0.00012655490718316287,-0.0298440121114254,5.943094038229901e-06,-0.9995545148849487,3.517256736755371,0.00129768718034029,-2.011826515197754,7.835597599379266e-26,-3.846115995308331e-27,9.997894249502337e-20
1785523720332576600,38852270,-94.80546569824219,0.000244140625,-29.69297218322754,0.00012655490718316287,-0.0298440121114254,5.943094038229901e-06,-0.9995545148849487,3.5166051387786865,0.0013016767334192991,-2.0115654468536377,6.502738213917845e-26,-3.2136960683539613e-27,8.353739657673361e-20
1785523720345278100,38865477,-94.87835693359375,0.00021484374883584678,-29.729047775268555,0.00012655490718316287,-0.0298440121114254,5.943094038229901e-06,-0.9995545148849487,3.5161666870117188,0.00130437221378088,-2.0113890171051025,5.77572400366616e-26,-2.8459882789078172e-27,7.398052659551099e-20
1785523720359480200,38865477,-94.87835693359375,0.00021484374883584678,-29.729047775268555,0.00012655490718316287,-0.0298440121114254,5.943094038229901e-06,-0.9995545148849487,3.5161666870117188,0.00130437221378088,-2.0113890171051025,5.77572400366616e-26,-2.8459882789078172e-27,7.398052659551099e-20
1785523720372212500,38885677,-94.92655944824219,0.00019531248835846782,-29.752933502197266,0.00012655490718316287,-0.0298440121114254,5.943094038229901e-06,-0.9995545148849487,3.5155105590820312,0.0013084309175610542,-2.0111238956451416,4.806371723330581e-26,-2.3701079378332418e-27,6.160854773226875e-20
1785523720386806700,38898872,-94.99968719482422,0.0001367187505820766,-29.789175033569336,0.00012655490718316287,-0.0298440121114254,5.943094038229901e-06,-0.9995545148849487,3.515078544616699,0.001311116386204958,-2.010948419570923,4.301500743989133e-26,-2.099577951149011e-27,5.457947707952283e-20
1785523720399345800,38919436,-95.04741668701172,0.00011718749738065526,-29.812807083129883,0.00012655490718316287,-0.0298440121114254,5.943094038229901e-06,-0.9995545148849487,3.514425039291382,0.0013152030296623707,-2.010681629180908,3.5946813729111066e-26,-1.7457861611090314e-27,4.5382912109726675e-20
1785523720412079500,38932178,-95.12175750732422,5.859374869032763e-05,-29.849632263183594,0.00012655490718316287,-0.0298440121114254,5.943094038229901e-06,-0.9995545148849487,3.5139994621276855,0.0013178775552660227,-2.0105068683624268,3.150394911090633e-26,-1.5471781022679976e-27,4.02194277751462e-20
1785523720426031400,38932178,-95.12175750732422,5.859374869032763e-05,-29.849632263183594,0.00012655490718316287,-0.0298440121114254,5.943094038229901e-06,-0.9995545148849487,3.5139994621276855,0.0013178775552660227,-2.0105068683624268,3.150394911090633e-26,-1.5471781022679976e-27,4.02194277751462e-20
1785523720440498400,38952142,-95.16839599609375,3.9062499126885086e-05,-29.872718811035156,0.00012655490718316287,-0.0298440121114254,5.943094038229901e-06,-0.9995545148849487,3.51336932182312,0.001321857562288642,-2.010247230529785,2.6253290925755273e-26,-1.2926841786727127e-27,3.3603459521362355e-20
1785523720454804100,38965437,-95.2408218383789,-9.765624781721272e-06,-29.908578872680664,0.00012655490718316287,-0.0298440121114254,5.943094038229901e-06,-0.9995545148849487,3.512946605682373,0.0013245462905615568,-2.0100717544555664,2.3426013441443167e-26,-1.1447111291855526e-27,2.975746064507718e-20
1785523720467118400,38985894,-95.28933715820312,-4.8828122089616954e-05,-29.932601928710938,0.00012655490718316287,-0.0298440121114254,5.943094038229901e-06,-0.9995545148849487,3.5123095512390137,0.0013286154717206955,-2.0098066329956055,1.9588993998448165e-26,-9.522105793841596e-28,2.4753974366714626e-20
1785523720481733900,38998786,-95.36280822753906,-0.00010742187441792339,-29.969017028808594,0.00012655490718316287,-0.0298440121114254,5.943094038229901e-06,-0.9995545148849487,3.511892557144165,0.0013312948867678642,-2.009631872177124,1.7367561689345796e-26,-8.43501848859211e-28,2.1927916650688608e-20
1785523720494903500,38998786,-95.36280822753906,-0.00010742187441792339,-29.969017028808594,0.00012655490718316287,-0.0298440121114254,5.943094038229901e-06,-0.9995545148849487,3.511892557144165,0.0013312948867678642,-2.009631872177124,1.7367561689345796e-26,-8.43501848859211e-28,2.1927916650688608e-20
1785523720508351600,39018995,-95.41030883789062,-0.00012695312034338713,-29.992544174194336,0.00012655490718316287,-0.0298440121114254,5.943094038229901e-06,-0.9995545148849487,3.5112686157226562,0.0013353228569030762,-2.0093696117401123,1.454028420503369e-26,-7.028997184552097e-28,1.8272876942455273e-20
1785523720521491200,39032219,-95.48347473144531,-0.00018554687267169356,-30.028812408447266,0.00012655490718316287,-0.0298440121114254,5.943094038229901e-06,-0.9995545148849487,3.5108556747436523,0.0013380073942244053,-2.00919508934021,1.2722748679404478e-26,-6.224605580259546e-28,1.6181156893158875e-20
1785523720536256700,39052343,-95.53136444091797,-0.00022460936452262104,-30.052562713623047,0.00012655490718316287,-0.0298440121114254,5.943094038229901e-06,-0.9995545148849487,3.5102410316467285,0.0013420211616903543,-2.0089337825775146,1.0753751859972833e-26,-5.189133197519638e-28,1.349035855536305e-20
1785523720549528700,39065497,-95.6039047241211,-0.00028320311685092747,-30.088510513305664,0.00012655490718316287,-0.0298440121114254,5.943094038229901e-06,-0.9995545148849487,3.5098342895507812,0.0013446956872940063,-2.0087599754333496,9.542061509553359e-27,-4.596624701988793e-28,1.1950157140518549e-20
1785523720562381600,39065497,-95.6039047241211,-0.00028320311685092747,-30.088510513305664,0.00012655490718316287,-0.0298440121114254,5.943094038229901e-06,-0.9995545148849487,3.5098342895507812,0.0013446956872940063,-2.0087599754333496,9.542061509553359e-27,-4.596624701988793e-28,1.1950157140518549e-20
1785523720578063900,39098927,-95.72577667236328,-0.0003808593610301614,-30.148910522460938,0.00012655490718316287,-0.0298440121114254,5.943094038229901e-06,-0.9995545148849487,3.508817195892334,0.0013514207676053047,-2.0083231925964355,7.068193710780266e-27,-3.3879726986495845e-28,8.807655180370549e-21
1785523720592202900,39098927,-95.72577667236328,-0.0003808593610301614,-30.148910522460938,0.00012655490718316287,-0.0298440121114254,5.943094038229901e-06,-0.9995545148849487,3.508817195892334,0.0013514207676053047,-2.0083231925964355,7.068193710780266e-27,-3.3879726986495845e-28,8.807655180370549e-21
1785523720605030000,39119147,-95.77265167236328,-0.00040039062150754035,-30.17215347290039,0.00012655490718316287,-0.0298440121114254,5.943094038229901e-06,-0.9995545148849487,3.508216619491577,0.001355430344119668,-2.0080628395080566,5.806016262426647e-27,-2.824368559724104e-28,7.342183556197818e-21
1785523720619388900,39132164,-95.84601593017578,-0.0004589843738358468,-30.208480834960938,0.00012655490718316287,-0.0298440121114254,5.943094038229901e-06,-0.9995545148849487,3.5078189373016357,0.0013580955564975739,-2.007889747619629,5.1749275382498374e-27,-2.5022452209456723e-28,6.505139784192376e-21
1785523720633702700,39152580,-95.89335632324219,-0.0004785156052093953,-30.231937408447266,0.00012655490718316287,-0.0298440121114254,5.943094038229901e-06,-0.9995545148849487,3.50722074508667,0.0013621323741972446,-2.0076279640197754,4.291403324402304e-27,-2.082854716255908e-28,5.414728328739954e-21
1785523720646107100,39165445,-95.9671859741211,-0.0005371093866415322,-30.268529891967773,0.00012655490718316287,-0.0298440121114254,5.943094038229901e-06,-0.9995545148849487,3.5068280696868896,0.0013647908344864845,-2.007455587387085,3.811775894027929e-27,-1.8457650363820615e-28,4.798362450114308e-21
1785523720659764200,39165445,-95.9671859741211,-0.0005371093866415322,-30.268529891967773,0.00012655490718316287,-0.0298440121114254,5.943094038229901e-06,-0.9995545148849487,3.5068280696868896,0.0013647908344864845,-2.007455587387085,3.811775894027929e-27,-1.8457650363820615e-28,4.798362450114308e-21
1785523720673780400,39185507,-96.01398468017578,-0.0005566406180150807,-30.291732788085938,0.00012655490718316287,-0.0298440121114254,5.943094038229901e-06,-0.9995545148849487,3.5062458515167236,0.001368765253573656,-2.0071980953216553,3.205930718818192e-27,-1.540636103432903e-28,4.00511199465051e-21
1785523720688179100,39198752,-96.0865249633789,-0.0006152343703433871,-30.327709197998047,0.00012655490718316287,-0.0298440121114254,5.943094038229901e-06,-0.9995545148849487,3.505856513977051,0.0013714346569031477,-2.0070252418518066,2.7767903863779616e-27,-1.364498254439024e-28,3.5470478057522e-21
1785523720701198700,39219065,-96.1346435546875,-0.0006542968330904841,-30.3515567779541,0.00012655490718316287,-0.0298440121114254,5.943094038229901e-06,-0.9995545148849487,3.5052719116210938,0.0013754647225141525,-2.0067641735076904,2.3224065049706588e-27,-1.1357439993644856e-28,2.9523467486436623e-21
1785523720715369800,39232148,-96.2078857421875,-0.0007128905854187906,-30.387855529785156,0.00012655490718316287,-0.0298440121114254,5.943094038229901e-06,-0.9995545148849487,3.5048880577087402,0.0013781257439404726,-2.006592035293579,2.0447274663328626e-27,-1.0061597289863349e-28,2.6154324096900845e-21
1785523720729979700,39232148,-96.2078857421875,-0.0007128905854187906,-30.387855529785156,0.00012655490718316287,-0.0298440121114254,5.943094038229901e-06,-0.9995545148849487,3.5048880577087402,0.0013781257439404726,-2.006592035293579,2.0447274663328626e-27,-1.0061597289863349e-28,2.6154324096900845e-21
1785523720744472900,39265509,-96.32878875732422,-0.0008105468587018549,-30.447776794433594,0.00012655490718316287,-0.0298440121114254,5.943094038229901e-06,-0.9995545148849487,3.5039327144622803,0.001384800300002098,-2.0061604976654053,1.5272347125078789e-27,-7.42230289407508e-29,1.9294658256459936e-21
1785523720758474200,39265509,-96.32878875732422,-0.0008105468587018549,-30.447776794433594,0.00012655490718316287,-0.0298440121114254,5.943094038229901e-06,-0.9995545148849487,3.5039327144622803,0.001384800300002098,-2.0061604976654053,1.5272347125078789e-27,-7.42230289407508e-29,1.9294658256459936e-21
1785523720770123100,39285988,-96.3759765625,-0.0008496093796566129,-30.471195220947266,0.00012655490718316287,-0.0298440121114254,5.943094038229901e-06,-0.9995545148849487,3.5033605098724365,0.0013888319954276085,-2.0059001445770264,1.268488335595387e-27,-6.175455848078784e-29,1.6053515816058554e-21
1785523720784832400,39298737,-96.45003509521484,-0.0009082031319849193,-30.507904052734375,0.00012655490718316287,-0.0298440121114254,5.943094038229901e-06,-0.9995545148849487,3.502987861633301,0.0013914767187088728,-2.0057294368743896,1.1296488162764889e-27,-5.4735699391463e-29,1.422918270756349e-21
1785523720796884900,39318765,-96.49644470214844,-0.0009277343633584678,-30.530912399291992,0.00012655490718316287,-0.0298440121114254,5.943094038229901e-06,-0.9995545148849487,3.502434492111206,0.001395419705659151,-2.005474805831909,9.466330862652142e-28,-4.572311762370849e-29,1.1886424853415577e-21
1785523720812870400,39332159,-96.5687484741211,-0.0009863281156867743,-30.5667724609375,0.00012655490718316287,-0.0298440121114254,5.943094038229901e-06,-0.9995545148849487,3.502061128616333,0.001398090273141861,-2.0053024291992188,8.330371159133885e-28,-4.0474188153275516e-29,1.0521755567029768e-21
1785523720825570200,39332159,-96.5687484741211,-0.0009863281156867743,-30.5667724609375,0.00012655490718316287,-0.0298440121114254,5.943094038229901e-06,-0.9995545148849487,3.502061128616333,0.001398090273141861,-2.0053024291992188,8.330371159133885e-28,-4.0474188153275516e-29,1.0521755567029768e-21
1785523720839976300,39352100,-96.61726379394531,-0.0010253905784338713,-30.59085464477539,0.00012655490718316287,-0.0298440121114254,5.943094038229901e-06,-0.9995545148849487,3.5015079975128174,0.0014020767994225025,-2.0050456523895264,6.910421529736063e-28,-3.3735744463853456e-29,8.770047139171012e-22
1785523720853346400,39365428,-96.68921661376953,-0.0010839843889698386,-30.626537322998047,0.00012655490718316287,-0.0298440121114254,5.943094038229901e-06,-0.9995545148849487,3.5011401176452637,0.001404736191034317,-2.0048744678497314,6.090006188306211e-28,-2.9874640111345925e-29,7.76616774230023e-22
1785523720867525000,39385374,-96.73765563964844,-0.0011230468517169356,-30.65057945251465,0.00012655490718316287,-0.0298440121114254,5.943094038229901e-06,-0.9995545148849487,3.500593662261963,0.0014087175950407982,-2.0046181678771973,5.080264229623316e-28,-2.4903044552904714e-29,6.473722268993133e-22
1785523720881955900,39398734,-96.80960845947266,-0.0011816405458375812,-30.68624496459961,0.00012655490718316287,-0.0298440121114254,5.943094038229901e-06,-0.9995545148849487,3.5002315044403076,0.0014113704673945904,-2.0044472217559814,4.5122843778641875e-28,-2.2057675653067012e-29,5.734002980546321e-22
1785523720894707900,39398734,-96.80960845947266,-0.0011816405458375812,-30.68624496459961,0.00012655490718316287,-0.0298440121114254,5.943094038229901e-06,-0.9995545148849487,3.5002315044403076,0.0014113704673945904,-2.0044472217559814,4.5122843778641875e-28,-2.2057675653067012e-29,5.734002980546321e-22
1785523720908846200,39419260,-96.8578872680664,-0.001220703125,-30.710189819335938,0.00012655490718316287,-0.0298440121114254,5.943094038229901e-06,-0.9995545148849487,3.4996821880340576,0.0014154140371829271,-2.0041868686676025,3.6918690364343352e-28,-1.8330808617683272e-29,4.764993002734735e-22
1785523720923017900,39432030,-96.93171691894531,-0.0012792968191206455,-30.746810913085938,0.00012655490718316287,-0.0298440121114254,5.943094038229901e-06,-0.9995545148849487,3.49932599067688,0.001418055035173893,-2.0040171146392822,3.281661365719409e-28,-1.6243582040453605e-29,4.222379888461638e-22
1785523720937461000,39452083,-96.97835540771484,-0.0013183593982830644,-30.769935607910156,0.00012655490718316287,-0.0298440121114254,5.943094038229901e-06,-0.9995545148849487,3.49879789352417,0.0014219849836081266,-2.0037648677825928,2.745235950169121e-28,-1.3568754237191393e-29,3.5271392284238284e-22
1785523720949911800,39465397,-97.05043029785156,-0.0013769530924037099,-30.805648803710938,0.00012655490718316287,-0.0298440121114254,5.943094038229901e-06,-0.9995545148849487,3.4984428882598877,0.0014246394857764244,-2.0035946369171143,2.4296915880807164e-28,-1.201510655105421e-29,3.1231949870786123e-22
1785523720966022300,39485569,-97.09878540039062,-0.001416015555150807,-30.829652786254883,0.00012655490718316287,-0.0298440121114254,5.943094038229901e-06,-0.9995545148849487,3.497911214828491,0.0014286397490650415,-2.003337860107422,2.0510383535746307e-28,-1.0000583829225161e-29,2.5997985244566993e-22
1785523720979082700,39498693,-97.17144012451172,-0.0014746093656867743,-30.8657169342041,0.00012655490718316287,-0.0298440121114254,5.943094038229901e-06,-0.9995545148849487,3.4975624084472656,0.0014312842395156622,-2.0031685829162598,1.798602863903907e-28,-8.859085151186846e-30,2.3029348934749075e-22
1785523720991583200,39498693,-97.17144012451172,-0.0014746093656867743,-30.8657169342041,0.00012655490718316287,-0.0298440121114254,5.943094038229901e-06,-0.9995545148849487,3.4975624084472656,0.0014312842395156622,-2.0031685829162598,1.798602863903907e-28,-8.859085151186846e-30,2.3029348934749075e-22
1785523721007517700,39518833,-97.21902465820312,-0.0015136718284338713,-30.88932991027832,0.00012655490718316287,-0.0298440121114254,5.943094038229901e-06,-0.9995545148849487,3.4970405101776123,0.0014352514408528805,-2.0029146671295166,1.5146129380243427e-28,-7.385122816498685e-30,1.9198102691402843e-22
1785523721022127600,39532077,-97.29144287109375,-0.0015722656389698386,-30.925249099731445,0.00012655490718316287,-0.0298440121114254,5.943094038229901e-06,-0.9995545148849487,3.496694803237915,0.0014379003550857306,-2.0027449131011963,1.3489521479279302e-28,-6.53949512616686e-30,1.6999920953076596e-22
1785523721035043100,39552178,-97.33949279785156,-0.0016113281017169356,-30.94907569885254,0.00012655490718316287,-0.0298440121114254,5.943094038229901e-06,-0.9995545148849487,3.4961776733398438,0.001441876869648695,-2.002490758895874,1.1201824854138368e-28,-5.44845581267149e-30,1.4163377824116125e-22
1785523721049338200,39565383,-97.41191101074219,-0.0016699217958375812,-30.984994888305664,0.00012655490718316287,-0.0298440121114254,5.943094038229901e-06,-0.9995545148849487,3.495835781097412,0.001444516470655799,-2.002321720123291,9.781875224740546e-29,-4.826573033628852e-30,1.25461751030896e-22
1785523721061744400,39565383,-97.41191101074219,-0.0016699217958375812,-30.984994888305664,0.00012655490718316287,-0.0298440121114254,5.943094038229901e-06,-0.9995545148849487,3.495835781097412,0.001444516470655799,-2.002321720123291,9.781875224740546e-29,-4.826573033628852e-30,1.25461751030896e-22
1785523721076748500,39586275,-97.45964813232422,-0.001708984375,-31.008686065673828,0.00012655490718316287,-0.0298440121114254,5.943094038229901e-06,-0.9995545148849487,3.4953134059906006,0.0014485798310488462,-2.0020620822906494,8.085824278515371e-29,-4.004056502629673e-30,1.0407834459767247e-22
1785523721088403700,39598711,-97.5347671508789,-0.0017675780691206455,-31.045921325683594,0.00012655490718316287,-0.0298440121114254,5.943094038229901e-06,-0.9995545148849487,3.494978904724121,0.0014511961489915848,-2.0018951892852783,7.218077282772258e-29,-3.5502592594834306e-30,9.228754988080885e-23
1785523721103111500,39619107,-97.57991790771484,-0.001787109300494194,-31.06832504272461,0.00012655490718316287,-0.0298440121114254,5.943094038229901e-06,-0.9995545148849487,3.494478702545166,0.0014551312196999788,-2.0016441345214844,5.99534287967969e-29,-2.962802478196714e-30,7.701247014155438e-23
1785523721116078800,39632025,-97.65351104736328,-0.0018457031110301614,-31.104827880859375,0.00012655490718316287,-0.0298440121114254,5.943094038229901e-06,-0.9995545148849487,3.4941463470458984,0.0014577596448361874,-2.001476526260376,5.285368064980779e-29,-2.6253795519400702e-30,6.824376999815625e-23
1785523721129318200,39652085,-97.70015716552734,-0.0018847655737772584,-31.127973556518555,0.00012655490718316287,-0.0298440121114254,5.943094038229901e-06,-0.9995545148849487,3.493652820587158,0.0014616861008107662,-2.0012261867523193,4.417621069237666e-29,-2.1914554984074736e-30,5.696440327247827e-23
1785523721144906000,39665625,-97.7724609375,-0.0019433593843132257,-31.16383171081543,0.00012655490718316287,-0.0298440121114254,5.943094038229901e-06,-0.9995545148849487,3.493319272994995,0.0014643531758338213,-2.00105619430542,3.9640260487355843e-29,-1.9380994142233327e-30,5.037996746777212e-23
1785523721158053800,39665625,-97.7724609375,-0.0019433593843132257,-31.16383171081543,0.00012655490718316287,-0.0298440121114254,5.943094038229901e-06,-0.9995545148849487,3.493319272994995,0.0014643531758338213,-2.00105619430542,3.9640260487355843e-29,-1.9380994142233327e-30,5.037996746777212e-23
1785523721172076100,39685503,-97.82144165039062,-0.0019824218470603228,-31.188129425048828,0.00012655490718316287,-0.0298440121114254,5.943094038229901e-06,-0.9995545148849487,3.492828130722046,0.0014683003537356853,-2.000805139541626,3.2934942792977243e-29,-1.6159635569002627e-30,4.20062121142947e-23
1785523721184706000,39698629,-97.892578125,-0.0020410155411809683,-31.223432540893555,0.00012655490718316287,-0.0298440121114254,5.943094038229901e-06,-0.9995545148849487,3.4925053119659424,0.0014709162060171366,-2.000638961791992,2.938506871948269e-29,-1.4324103961380067e-30,3.723627629845447e-23
1785523721198029500,39718683,-97.94054412841797,-0.0020800780039280653,-31.247220993041992,0.00012655490718316287,-0.0298440121114254,5.943094038229901e-06,-0.9995545148849487,3.4920198917388916,0.0014748650137335062,-2.0003881454467773,2.4257472835546113e-29,-1.1941247137686959e-30,3.10409792674066e-23
1785523721212529500,39732041,-98.01249694824219,-0.0021386719308793545,-31.282934188842773,0.00012655490718316287,-0.0298440121114254,5.943094038229901e-06,-0.9995545148849487,3.4916961193084717,0.0014775039162486792,-2.000220537185669,2.1693674893577825e-29,-1.0572693356267542e-30,2.7484529249406124e-23
1785523721226525500,39732041,-98.01249694824219,-0.0021386719308793545,-31.282934188842773,0.00012655490718316287,-0.0298440121114254,5.943094038229901e-06,-0.9995545148849487,3.4916961193084717,0.0014775039162486792,-2.000220537185669,2.1693674893577825e-29,-1.0572693356267542e-30,2.7484529249406124e-23
1785523721242623000,39752301,-98.06077575683594,-0.0021777343936264515,-31.3068790435791,0.00012655490718316287,-0.0298440121114254,5.943094038229901e-06,-0.9995545148849487,3.4912118911743164,0.0014814832247793674,-1.9999676942825317,1.8045193206930645e-29,-8.799092433419184e-31,2.287417683924848e-23
1785523721257049900,39765308,-98.13347625732422,-0.002236328087747097,-31.34294319152832,0.00012655490718316287,-0.0298440121114254,5.943094038229901e-06,-0.9995545148849487,3.490894317626953,0.0014841086231172085,-1.9998011589050293,1.5875825717572863e-29,-7.795382005839623e-31,2.0264667563266256e-23
1785523721271014300,39785329,-98.18081665039062,-0.002275390550494194,-31.36642074584961,0.00012655490718316287,-0.0298440121114254,5.943094038229901e-06,-0.9995545148849487,3.490422248840332,0.001488033914938569,-1.9995523691177368,1.3312027775604574e-29,-6.503745051574171e-31,1.6906305251732208e-23
1785523721283856100,39798623,-98.25276947021484,-0.0023339842446148396,-31.40213394165039,0.00012655490718316287,-0.0298440121114254,5.943094038229901e-06,-0.9995545148849487,3.4901063442230225,0.001490667462348938,-1.9993855953216553,1.1832913578315177e-29,-5.758891645582408e-31,1.4970595207057268e-23
1785523721298160300,39818972,-98.30089569091797,-0.0023730467073619366,-31.4260196685791,0.00012655490718316287,-0.0298440121114254,5.943094038229901e-06,-0.9995545148849487,3.4896323680877686,0.0014946488663554192,-1.9991337060928345,9.910065121838961e-30,-4.79078082931863e-31,1.2454363211091091e-23
1785523721312614300,39831953,-98.3739013671875,-0.0024316406343132257,-31.462230682373047,0.00012655490718316287,-0.0298440121114254,5.943094038229901e-06,-0.9995545148849487,3.489323139190674,0.0014972682110965252,-1.998968243598938,8.67746995743113e-30,-4.24480978274023e-31,1.1034482212592024e-23
1785523721326875100,39831953,-98.3739013671875,-0.0024316406343132257,-31.462230682373047,0.00012655490718316287,-0.0298440121114254,5.943094038229901e-06,-0.9995545148849487,3.489323139190674,0.0014972682110965252,-1.998968243598938,8.67746995743113e-30,-4.24480978274023e-31,1.1034482212592024e-23
1785523721341142400,39852054,-98.42093658447266,-0.0024707030970603228,-31.485570907592773,0.00012655490718316287,-0.0298440121114254,5.943094038229901e-06,-0.9995545148849487,3.488863468170166,0.0015011739451438189,-1.9987213611602783,7.247659566718046e-30,-3.543771282983276e-31,9.212214310392392e-24
1785523721355299900,39865277,-98.4926528930664,-0.0025292967911809683,-31.52116584777832,0.00012655490718316287,-0.0298440121114254,5.943094038229901e-06,-0.9995545148849487,3.4885551929473877,0.001503804000094533,-1.9985554218292236,6.409494854920721e-30,-3.137851454548285e-31,8.156907745823931e-24
1785523721368143400,39885513,-98.541015625,-0.0025683592539280653,-31.545150756835938,0.00012655490718316287,-0.0298440121114254,5.943094038229901e-06,-0.9995545148849487,3.4880928993225098,0.0015077712014317513,-1.9983052015304565,5.349463013529986e-30,-2.6116663288829255e-31,6.789149153915532e-24
1785523721382529000,39898633,-98.61355590820312,-0.0026269531808793545,-31.581127166748047,0.00012655490718316287,-0.0298440121114254,5.943094038229901e-06,-0.9995545148849487,3.487790107727051,0.0015103933401405811,-1.9981399774551392,4.708513528037914e-30,-2.313237465469047e-31,6.013112760430698e-24
1785523721395395000,39918549,-98.6611328125,-0.0026660156436264515,-31.604740142822266,0.00012655490718316287,-0.0298440121114254,5.943094038229901e-06,-0.9995545148849487,3.4876396656036377,0.0015116939321160316,-1.9980579614639282,4.412690688580035e-30,-2.178151535463511e-31,5.66182668844854e-24
1785523721409975900,39931950,-98.73331451416016,-0.002724609337747097,-31.640541076660156,0.00012655490718316287,-0.0298440121114254,5.943094038229901e-06,-0.9995545148849487,3.487037420272827,0.0015169442631304264,-1.997727632522583,3.50057026691824e-30,-1.7079086561515245e-31,4.43976597256903e-24
1785523721426073300,39931950,-98.73331451416016,-0.002724609337747097,-31.640541076660156,0.00012655490718316287,-0.0298440121114254,5.943094038229901e-06,-0.9995545148849487,3.487037420272827,0.0015169442631304264,-1.997727632522583,3.50057026691824e-30,-1.7079086561515245e-31,4.43976597256903e-24
1785523721440409100,39952027,-98.78105163574219,-0.002763671800494194,-31.66423225402832,0.00012655490718316287,-0.0298440121114254,5.943094038229901e-06,-0.9995545148849487,3.486591100692749,0.001520864898338914,-1.997480869293213,2.8842726847143244e-30,-1.4242101475466704e-31,3.7022263856894345e-24
1785523721454086400,39965239,-98.85289001464844,-0.0028222654946148396,-31.699867248535156,0.00012655490718316287,-0.0298440121114254,5.943094038229901e-06,-0.9995545148849487,3.4862945079803467,0.0015234877355396748,-1.9973161220550537,2.588449845256445e-30,-1.2611305248729121e-31,3.2784540544940068e-24
1785523721466630200,39985292,-98.90101623535156,-0.0028613279573619366,-31.7237548828125,0.00012655490718316287,-0.0298440121114254,5.943094038229901e-06,-0.9995545148849487,3.4858524799346924,0.0015274160541594028,-1.9970694780349731,2.1693674893577825e-30,-1.051136452460096e-31,2.7325550111176933e-24
1785523721482182700,39998597,-98.97284698486328,-0.0029199218843132257,-31.75937843322754,0.00012655490718316287,-0.0298440121114254,5.943094038229901e-06,-0.9995545148849487,3.4855592250823975,0.0015300374943763018,-1.996904730796814,1.910522504832138e-30,-9.307658309358938e-32,2.4196458388831794e-24
1785523721494453400,39998597,-98.97284698486328,-0.0029199218843132257,-31.75937843322754,0.00012655490718316287,-0.0298440121114254,5.943094038229901e-06,-0.9995545148849487,3.4855592250823975,0.0015300374943763018,-1.996904730796814,1.910522504832138e-30,-9.307658309358938e-32,2.4196458388831794e-24
1785523721508799300,40019075,-99.02104949951172,-0.0029589843470603228,-31.78328514099121,0.00012655490718316287,-0.0298440121114254,5.943094038229901e-06,-0.9995545148849487,3.4851157665252686,0.0015340202953666449,-1.996654987335205,1.6023737137301802e-30,-7.736746466829646e-32,2.0112701004054027e-24
1785523721521009400,40031952,-99.09429168701172,-0.0030175780411809683,-31.819643020629883,0.00012655490718316287,-0.0298440121114254,5.943094038229901e-06,-0.9995545148849487,3.4848272800445557,0.0015366259030997753,-1.9964916706085205,1.4051584874249273e-30,-6.855520669814807e-32,1.7821503808646175e-24
1785523721536671600,40051989,-99.14093780517578,-0.0030566405039280653,-31.84278678894043,0.00012655490718316287,-0.0298440121114254,5.943094038229901e-06,-0.9995545148849487,3.4843993186950684,0.0015405076555907726,-1.996248483657837,1.1771283820094786e-30,-5.725315765341001e-32,1.4883596470985874e-24
1785523721548374600,40065286,-99.21265411376953,-0.003115234198048711,-31.878374099731445,0.00012655490718316287,-0.0298440121114254,5.943094038229901e-06,-0.9995545148849487,3.484112501144409,0.001543127465993166,-1.9960845708847046,1.0415429139246171e-30,-5.069408725491777e-32,1.3178234007850696e-24
1785523721562788600,40085261,-99.26093292236328,-0.0031542968936264515,-31.902318954467773,0.00012655490718316287,-0.0298440121114254,5.943094038229901e-06,-0.9995545148849487,3.4836859703063965,0.0015470415819436312,-1.9958399534225464,8.628166150854817e-31,-4.226475832449325e-32,1.0987313852486144e-24
1785523721575961300,40098623,-99.3324203491211,-0.003212890587747097,-31.937767028808594,0.00012655490718316287,-0.0298440121114254,5.943094038229901e-06,-0.9995545148849487,3.4834024906158447,0.001549658365547657,-1.9956763982772827,7.642090019328552e-31,-3.7425483181028055e-32,9.728959421294452e-25
1785523721589913200,40098623,-99.3324203491211,-0.003212890587747097,-31.937767028808594,0.00012655490718316287,-0.0298440121114254,5.943094038229901e-06,-0.9995545148849487,3.4834024906158447,0.001549658365547657,-1.9956763982772827,7.642090019328552e-31,-3.7425483181028055e-32,9.728959421294452e-25
1785523721606093800,40118620,-99.38077545166016,-0.003251953050494194,-31.96175193786621,0.00012655490718316287,-0.0298440121114254,5.943094038229901e-06,-0.9995545148849487,3.4829800128936768,0.0015535817947238684,-1.9954314231872559,6.347865096700329e-31,-3.1185018771382696e-32,8.106438693082993e-25
1785523721617766200,40131924,-99.45249938964844,-0.0033105467446148396,-31.997318267822266,0.00012655490718316287,-0.0298440121114254,5.943094038229901e-06,-0.9995545148849487,3.4827001094818115,0.0015561962500214577,-1.99526846408844,5.577493118945435e-31,-2.7615653684997836e-32,7.178408919115154e-25
1785523721632066900,40152024,-99.50062561035156,-0.0033496092073619366,-32.02119445800781,0.00012655490718316287,-0.0298440121114254,5.943094038229901e-06,-0.9995545148849487,3.4822826385498047,0.001560113625600934,-1.99502432346344,4.714676503859953e-31,-2.3012982044466153e-32,5.982201936112905e-25
1785523721646158700,40165298,-99.57234191894531,-0.0034082031343132257,-32.05678939819336,0.00012655490718316287,-0.0298440121114254,5.943094038229901e-06,-0.9995545148849487,3.4820055961608887,0.001562729012221098,-1.9948616027832031,4.098378921656038e-31,-2.037630119579773e-32,5.296565452492326e-25
1785523721660943600,40165298,-99.57234191894531,-0.0034082031343132257,-32.05678939819336,0.00012655490718316287,-0.0298440121114254,5.943094038229901e-06,-0.9995545148849487,3.4820055961608887,0.001562729012221098,-1.9948616027832031,4.098378921656038e-31,-2.037630119579773e-32,5.296565452492326e-25
1785523721674948600,40185512,-99.62054443359375,-0.0034472655970603228,-32.08069610595703,0.00012655490718316287,-0.0298440121114254,5.943094038229901e-06,-0.9995545148849487,3.481590986251831,0.0015666636172682047,-1.9946167469024658,3.4512664603419266e-31,-1.6964734471067253e-32,4.409851775397371e-25
1785523721686881600,40198753,-99.69273376464844,-0.0035058592911809683,-32.11652755737305,0.00012655490718316287,-0.0298440121114254,5.943094038229901e-06,-0.9995545148849487,3.4813168048858643,0.0015692792367190123,-1.9944541454315186,3.0506730319093816e-31,-1.5019244300682335e-32,3.904046488921302e-25
1785523721701868200,40219074,-99.7406234741211,-0.0035449217539280653,-32.140296936035156,0.00012655490718316287,-0.0298440121114254,5.943094038229901e-06,-0.9995545148849487,3.480907440185547,0.0015732159372419119,-1.99420964717865,2.5268200870360534e-31,-1.2502181757153587e-32,3.2497263041237995e-25
1785523721713557100,40232464,-99.81316375732422,-0.003603515448048711,-32.17628479003906,0.00012655490718316287,-0.0298440121114254,5.943094038229901e-06,-0.9995545148849487,3.4806342124938965,0.0015758546069264412,-1.9943182468414307,-0.1814442127943039,-2.631713869050145e-08,1.387670636177063e-07
1785523721728099200,40232464,-99.81316375732422,-0.003603515448048711,-32.17628479003906,0.00012655490718316287,-0.0298440121114254,5.943094038229901e-06,-0.9995545148849487,3.4806342124938965,0.0015758546069264412,-1.9943182468414307,-0.1814442127943039,-2.631713869050145e-08,1.387670636177063e-07
1785523721741906200,40251950,-99.86167907714844,-0.0036425781436264515,-32.20036697387695,7.334350084420294e-05,-0.029843656346201897,0.0017881585517898202,-0.9995529055595398,3.4802396297454834,0.00951547734439373,-1.9970507621765137,-0.897810697555542,-2.037850208580494e-07,-2.682209014892578e-07
1785523721754888300,40265274,-99.9315185546875,-0.0037109374534338713,-32.23508071899414,-0.00018140410247724503,-0.029843194410204887,0.010320259258151054,-0.9995012283325195,3.4799766540527344,0.045900460332632065,-1.9985496997833252,-1.2172468900680542,-2.715678419917822e-07,-3.5762786865234375e-07
1785523721767177100,40285367,-99.97972106933594,-0.0037988279946148396,-32.259056091308594,-0.00043084853678010404,-0.029840638861060143,0.018674446269869804,-0.9993800520896912,3.4795820713043213,0.08695747703313828,-2.000277280807495,-1.608742356300354,-1.8218997865915298e-07,-5.21540641784668e-07
1785523721781668800,40298636,-100.05167388916016,-0.004072265699505806,-32.29488754272461,-0.0009070797241292894,-0.029829958453774452,0.0346231535077095,-0.9989546537399292,3.4793214797973633,0.15948790311813354,-1.9990298748016357,-1.9439939260482788,-3.1152740120887756e-07,-7.078051567077637e-07
1785523721796320200,40318853,-100.09957122802734,-0.004404296632856131,-32.31882095336914,-0.0013117793714627624,-0.02981490269303322,0.048175472766160965,-0.9983928799629211,3.4789366722106934,0.23382019996643066,-1.9978185892105103,-2.4013679027557373,-5.559995770454407e-07,-7.003545761108398e-07
1785523721812180700,40332044,-100.1717529296875,-0.005234374664723873,-32.355003356933594,-0.0020256920251995325,-0.029774919152259827,0.072080597281456,-0.9969521760940552,3.478685140609741,0.3475167453289032,-1.9836511611938477,-2.4760313034057617,-7.171183824539185e-07,-6.258487701416016e-07
1785523721825044000,40332044,-100.1717529296875,-0.005234374664723873,-32.355003356933594,-0.0020256920251995325,-0.029774919152259827,0.072080597281456,-0.9969521760940552,3.478685140609741,0.3475167453289032,-1.9836511611938477,-2.4760313034057617,-7.171183824539185e-07,-6.258487701416016e-07
1785523721840838100,40352185,-100.21941375732422,-0.006093749776482582,-32.37889099121094,-0.002513153711333871,-0.029737742617726326,0.0884016826748848,-0.9956377148628235,3.47831392288208,0.44634777307510376,-1.963619589805603,-2.075634002685547,-5.383044481277466e-07,-4.917383193969727e-07
1785523721852385000,40365255,-100.2916030883789,-0.007998046465218067,-32.41507339477539,-0.0031355961691588163,-0.02967856638133526,0.10924050211906433,-0.9935672283172607,3.478071451187134,0.5545861124992371,-1.9346097707748413,-1.8005859851837158,-4.6659260988235474e-07,-3.948807716369629e-07
1785523721866561600,40385427,-100.33901977539062,-0.00969726499170065,-32.43879318237305,-0.0034815995022654533,-0.029639968648552895,0.12082356214523315,-0.9922252893447876,3.4777121543884277,0.6439213156700134,-1.9045414924621582,-1.3714178800582886,-2.8032809495925903e-07,-2.1606683731079102e-07
1785523721880193300,40398638,-100.41104888916016,-0.01308593712747097,-32.4747314453125,-0.0038930990267544985,-0.02958873100578785,0.1345984786748886,-0.9904506802558899,3.4774744510650635,0.7285119891166687,-1.8722792863845825,-1.0099698305130005,-1.317821443080902e-07,-1.7881393432617188e-07
1785523721894630100,40398638,-100.41104888916016,-0.01308593712747097,-32.4747314453125,-0.0038930990267544985,-0.02958873100578785,0.1345984786748886,-0.9904506802558899,3.4774744510650635,0.7285119891166687,-1.8722792863845825,-1.0099698305130005,-1.317821443080902e-07,-1.7881393432617188e-07
1785523721909647800,40418871,-100.45878601074219,-0.015908202156424522,-32.49848937988281,-0.004073007497936487,-0.029564501717686653,0.1406206339597702,-0.9896135926246643,3.477121591567993,0.801778256893158,-1.840923547744751,-0.31834977865219116,4.260800778865814e-08,-1.0989606380462646e-07
1785523721921456900,40431913,-100.5308609008789,-0.02109375037252903,-32.53423309326172,-0.004173431545495987,-0.029550494626164436,0.14398211240768433,-0.9891301393508911,3.4768905639648438,0.8484573364257812,-1.8198490142822266,-0.024080127477645874,-3.671448212116957e-08,3.14321368932724e-09
1785523721936714400,40451923,-100.57835388183594,-0.025126952677965164,-32.55768966674805,-0.0041712187230587006,-0.029550805687904358,0.1439080685377121,-0.9891409277915955,3.4765453338623047,0.8991142511367798,-1.7962465286254883,0.06777017563581467,-5.471520125865936e-08,2.3283064365386963e-08
1785523721948815900,40465213,-100.64995574951172,-0.03211914002895355,-32.592933654785156,-0.004153067246079445,-0.029553363099694252,0.14330047369003296,-0.9892290830612183,3.476314067840576,0.9308925867080688,-1.781501054763794,0.012311291880905628,-4.933099262416363e-08,8.905772119760513e-09
1785523721962903900,40485271,-100.69800567626953,-0.03744140639901161,-32.61650848388672,-0.004153604153543711,-0.029553286731243134,0.14331842958927155,-0.9892264604568481,3.475970983505249,0.9818668961524963,-1.7576954364776611,-0.05668419599533081,-1.2569944374263287e-07,-5.145557224750519e-08
1785523721978019600,40498576,-100.76960754394531,-0.04629882797598839,-32.65151596069336,-0.004169548396021128,-0.02955104224383831,0.1438521295785904,-0.9891490340232849,3.4757444858551025,1.0177372694015503,-1.7406703233718872,-0.06519258767366409,-1.2747477740049362e-07,-4.936009645462036e-08
1785523721989961000,40498576,-100.76960754394531,-0.04629882797598839,-32.65151596069336,-0.004169548396021128,-0.02955104224383831,0.1438521295785904,-0.9891490340232849,3.4757444858551025,1.0177372694015503,-1.7406703233718872,-0.06519258767366409,-1.2747477740049362e-07,-4.936009645462036e-08
1785523722006139200,40518688,-100.81749725341797,-0.052851561456918716,-32.67483901977539,-0.004182085860520601,-0.029549269005656242,0.14427180588245392,-0.9890878796577454,3.475405216217041,1.0704081058502197,-1.7156152725219727,-0.049845147877931595,6.568734534084797e-08,4.563480615615845e-08
1785523722017818700,40531892,-100.88941192626953,-0.06361328065395355,-32.70970153808594,-0.004196902271360159,-0.02954716980457306,0.14476773142814636,-0.9890154600143433,3.475182294845581,1.106226921081543,-1.6983399391174316,-0.03934085741639137,-3.119930624961853e-08,-1.862645149230957e-09
1785523722030983900,40551788,-100.93706512451172,-0.07136718928813934,-32.73272705078125,-0.004204295575618744,-0.029546119272708893,0.14501522481441498,-0.988979160785675,3.47485089302063,1.1578936576843262,-1.6735488176345825,-0.03261076658964157,-9.11823008209467e-08,-1.2479722499847412e-07
1785523722045481800,40565185,-101.00796508789062,-0.08382812142372131,-32.76686096191406,-0.004213888663798571,-0.029544752091169357,0.1453363299369812,-0.9889320135116577,3.4746291637420654,1.193220615386963,-1.6563990116119385,-0.03172595426440239,-1.912703737616539e-07,-1.9615981727838516e-07
1785523722059483000,40565185,-101.00796508789062,-0.08382812142372131,-32.76686096191406,-0.004213888663798571,-0.029544752091169357,0.1453363299369812,-0.9889320135116577,3.4746291637420654,1.193220615386963,-1.6563990116119385,-0.03172595426440239,-1.912703737616539e-07,-1.9615981727838516e-07
1785523722074102800,40585709,-101.05640411376953,-0.09297851473093033,-32.790061950683594,-0.004220203962177038,-0.02954385057091713,0.14554770290851593,-0.9889009594917297,3.4742941856384277,1.2460932731628418,-1.6308202743530273,-0.030820267274975777,-1.2438977137207985e-07,-1.6379635781049728e-07
1785523722089790800,40598587,-101.1292953491211,-0.10771483927965164,-32.824867248535156,-0.004229451529681683,-0.029542528092861176,0.14585724472999573,-0.9888553619384766,3.474076271057129,1.2812540531158447,-1.6135692596435547,-0.029502136632800102,-1.6196281649172306e-08,-1.0279472917318344e-07
1785523722103426000,40618695,-101.17593383789062,-0.11775390058755875,-32.8470344543457,-0.004235047847032547,-0.029541727155447006,0.1460445672273636,-0.9888277053833008,3.4737539291381836,1.3328652381896973,-1.588401198387146,-0.02689182013273239,-2.3195752874016762e-08,7.462222129106522e-08
1785523722115929100,40631909,-101.2475357055664,-0.13410155475139618,-32.880943298339844,-0.004242994356900454,-0.029540587216615677,0.14631056785583496,-0.9887884259223938,3.4735395908355713,1.3679795265197754,-1.571045160293579,-0.025162236765027046,-1.8466380424797535e-08,6.577465683221817e-08
1785523722128620500,40651789,-101.29519653320312,-0.14561523497104645,-32.90342330932617,-0.00424786563962698,-0.029539884999394417,0.14647360146045685,-0.988764226436615,3.47332501411438,1.4026631116867065,-1.5539603233337402,-0.023632828146219254,-9.43400664255023e-08,1.4319084584712982e-08
1785523722143753600,40665294,-101.36632537841797,-0.16374023258686066,-32.93682098388672,-0.004254605621099472,-0.029538916423916817,0.1466992050409317,-0.988730788230896,3.473005771636963,1.4547656774520874,-1.528221845626831,-0.021647486835718155,-9.637733455747366e-08,-6.7870132625103e-08
1785523722158136000,40665294,-101.36632537841797,-0.16374023258686066,-32.93682098388672,-0.004254605621099472,-0.029538916423916817,0.1466992050409317,-0.988730788230896,3.473005771636963,1.4547656774520874,-1.528221845626831,-0.021647486835718155,-9.637733455747366e-08,-6.7870132625103e-08
1785523722170524800,40685214,-101.4144515991211,-0.1766406148672104,-32.959320068359375,-0.004258845467120409,-0.02953830361366272,0.1468411237001419,-0.9887096881866455,3.472689151763916,1.5066251754760742,-1.5026179552078247,-0.019877074286341667,5.340552888810635e-09,-1.6298145055770874e-08
1785523722184910800,40698562,-101.48566436767578,-0.19665038585662842,-32.992454528808594,-0.004264687653630972,-0.029537463560700417,0.14703667163848877,-0.9886806607246399,3.472479820251465,1.5415399074554443,-1.4851651191711426,-0.018761955201625824,3.0995579436421394e-09,-1.4435499906539917e-08
1785523722199181000,40718779,-101.53370666503906,-0.2107812464237213,-33.01470184326172,-0.004268352873623371,-0.029536932706832886,0.14715935289859772,-0.9886623620986938,3.4721643924713135,1.5935946702957153,-1.4593374729156494,-0.017175983637571335,8.585629984736443e-10,7.031485438346863e-08
1785523722213854300,40731980,-101.60554504394531,-0.23287108540534973,-33.04783630371094,-0.004273449070751667,-0.02953619696199894,0.1473299264907837,-0.9886370301246643,3.4719576835632324,1.6284228563308716,-1.4418472051620483,-0.01619550958275795,-1.4551915228366852e-10,6.204936653375626e-08
1785523722226556700,40731980,-101.60554504394531,-0.23287108540534973,-33.04783630371094,-0.004273449070751667,-0.02953619696199894,0.1473299264907837,-0.9886370301246643,3.4719576835632324,1.6284228563308716,-1.4418472051620483,-0.01619550958275795,-1.4551915228366852e-10,6.204936653375626e-08
1785523722242709100,40752196,-101.6531982421875,-0.24815429747104645,-33.06970977783203,-0.0042765880934894085,-0.029535742476582527,0.1474350094795227,-0.9886213541030884,3.4716484546661377,1.680275797843933,-1.416008472442627,-0.01482864934951067,-1.0477378964424133e-09,5.139736458659172e-08
1785523722256947300,40765265,-101.72503662109375,-0.27217772603034973,-33.10257339477539,-0.00428099324926734,-0.02953510545194149,0.14758245646953583,-0.9885993599891663,3.471444606781006,1.7148032188415527,-1.3986027240753174,-0.01399252936244011,-1.433363649994135e-09,4.551839083433151e-08
1785523722270030200,40785938,-101.7720718383789,-0.28852537274360657,-33.12397766113281,-0.004283674992620945,-0.0295347161591053,0.14767220616340637,-0.9885859489440918,3.4711356163024902,1.7671329975128174,-1.3724318742752075,-0.012794525362551212,-1.760781742632389e-09,3.748573362827301e-08
1785523722282512000,40798651,-101.84554290771484,-0.3150585889816284,-33.15727996826172,-0.004287563730031252,-0.029534149914979935,0.14780238270759583,-0.9885664582252502,3.4709341526031494,1.801432728767395,-1.3550794124603271,-0.012078889645636082,3.64379957318306e-08,-5.0873495638370514e-08
1785523722297346000,40818592,-101.89116668701172,-0.33210936188697815,-33.1778450012207,-0.004289809614419937,-0.02953382395207882,0.1478775590658188,-0.9885551929473877,3.4708378314971924,1.8179881572723389,-1.3466609716415405,-0.011753542348742485,3.13884811475873e-08,-9.004725143313408e-08
1785523722310438400,40832029,-101.96311950683594,-0.35997068881988525,-33.21015167236328,-0.004293106961995363,-0.029533343389630318,0.14798793196678162,-0.9885386824607849,3.4704372882843018,1.8867428302764893,-1.3120956420898438,-0.010449892841279507,4.2360625229775906e-08,-1.4668330550193787e-07
1785523722322989300,40832029,-101.96311950683594,-0.35997068881988525,-33.21015167236328,-0.004293106961995363,-0.029533343389630318,0.14798793196678162,-0.9885386824607849,3.4704372882843018,1.8867428302764893,-1.3120956420898438,-0.010449892841279507,4.2360625229775906e-08,-1.4668330550193787e-07
1785523722336388200,40852142,-102.0102310180664,-0.3788378834724426,-33.231204986572266,-0.004295114427804947,-0.029533052816987038,0.14805512130260468,-0.9885286092758179,3.470139980316162,1.938032865524292,-1.2862836122512817,-0.009570300579071045,2.6579073164612055e-08,-1.2246891856193542e-07
1785523722351885900,40865257,-102.08206939697266,-0.4085448980331421,-33.263118743896484,-0.004297955427318811,-0.02953263930976391,0.1481502205133438,-0.9885144233703613,3.4699437618255615,1.9722754955291748,-1.2688874006271362,-0.009027470834553242,-6.013578968122602e-08,-6.507616490125656e-08
1785523722366823500,40885260,-102.12933349609375,-0.4287109375,-33.284019470214844,-0.0042996942065656185,-0.029532385990023613,0.14820842444896698,-0.9885057210922241,3.469569683074951,2.02354097366333,-1.243751049041748,-0.008276582695543766,-0.33853787183761597,-9.335577487945557e-06
1785523722378637600,40898550,-102.20046997070312,-0.460029274225235,-33.315364837646484,0.004790954291820526,0.0262736976146698,-0.14827504754066467,0.9885854721069336,3.4766855239868164,2.058596611022949,-1.204883098602295,-0.007810855749994516,-0.7599382400512695,3.2782554626464844e-07
1785523722394350500,40898550,-102.20046997070312,-0.460029274225235,-33.315364837646484,0.004790954291820526,0.0262736976146698,-0.14827504754066467,0.9885854721069336,3.4766855239868164,2.058596611022949,-1.204883098602295,-0.007810855749994516,-0.7599382400512695,3.2782554626464844e-07
1785523722406132200,40918839,-102.24812316894531,-0.48164060711860657,-33.3362922668457,0.005656453315168619,0.0205097496509552,-0.14829538762569427,0.9887141585350037,3.4856905937194824,2.113414764404297,-1.143578052520752,-0.007155075669288635,-1.5935286283493042,-1.4513731002807617e-05
1785523722419302300,40932069,-102.32011413574219,-0.5153124928474426,-33.36789321899414,0.008001928217709064,0.004875151440501213,-0.14825887978076935,0.9889041781425476,3.5129592418670654,2.150096893310547,-1.0198936462402344,-0.006750941276550293,-2.0355727672576904,2.980232238769531e-07
1785523722433658000,40952129,-102.36687469482422,-0.5378808379173279,-33.38846206665039,0.010077404789626598,-0.008972899988293648,-0.14817558228969574,0.9888689517974854,3.5215306282043457,2.204747200012207,-0.9028258919715881,-0.006183899939060211,-2.4596898555755615,-6.258487701416016e-06
1785523722448524900,40965277,-102.43785095214844,-0.5732421875,-33.419769287109375,0.01370142214000225,-0.03317974880337715,-0.14794579148292542,0.9883437752723694,3.542797803878784,2.240096092224121,-0.716678261756897,-0.0058294981718063354,-2.488156318664551,2.980232238769531e-07
1785523722463143500,40965277,-102.43785095214844,-0.5732421875,-33.419769287109375,0.01370142214000225,-0.03317974880337715,-0.14794579148292542,0.9883437752723694,3.542797803878784,2.240096092224121,-0.716678261756897,-0.0058294981718063354,-2.488156318664551,2.980232238769531e-07
1785523722476917800,40998475,-102.55460357666016,-0.6346191167831421,-33.47166442871094,0.019682152196764946,-0.07320258021354675,-0.14735978841781616,0.9861739277839661,3.5359835624694824,2.3089966773986816,-0.40544915199279785,-0.005184553563594818,-2.37148118019104,2.980232238769531e-07
1785523722489998400,40998611,-102.55460357666016,-0.6346191167831421,-33.47166442871094,0.019682152196764946,-0.07320258021354675,-0.14735978841781616,0.9861739277839661,3.520087480545044,2.325330972671509,-0.3996537923812866,-0.0050360411405563354,-2.177356481552124,2.980232238769531e-07
1785523722502798200,41018746,-102.60034942626953,-0.6598535180091858,-33.49215316772461,0.021720465272665024,-0.08686618506908417,-0.14710521697998047,0.9850597381591797,3.475999593734741,2.373568058013916,-0.28548121452331543,-0.0046132877469062805,-1.4353926181793213,6.8247318267822266e-06
1785523722516278200,41031872,-102.66867065429688,-0.6989062428474426,-33.522972106933594,0.0238631758838892,-0.1012498065829277,-0.14681774377822876,0.9836785197257996,3.443359136581421,2.40519642829895,-0.17404210567474365,-0.004352349787950516,-0.9639503359794617,1.7881393432617188e-07
1785523722530209700,41051894,-102.71331787109375,-0.7253612875938416,-33.54325485229492,0.02469884604215622,-0.10686907172203064,-0.14670699834823608,0.9830798506736755,3.383070468902588,2.4519309997558594,-0.12110984325408936,-0.003989703953266144,-0.5606464147567749,1.385807991027832e-06
1785523722544721100,41065185,-102.77941131591797,-0.7659667730331421,-33.57352066040039,0.025473633781075478,-0.11209121346473694,-0.14661277830600739,0.9824923872947693,3.341393232345581,2.4830307960510254,-0.0765148401260376,-0.0037619294598698616,-0.2793826758861542,7.450580596923828e-09
1785523722558898300,41065185,-102.77941131591797,-0.7659667730331421,-33.57352066040039,0.025473633781075478,-0.11209121346473694,-0.14661277830600739,0.9824923872947693,3.341393232345581,2.4830307960510254,-0.0765148401260376,-0.0037619294598698616,-0.2793826758861542,7.450580596923828e-09
1785523722573125600,41085270,-102.8232421875,-0.7939159870147705,-33.593772888183594,0.0256935004144907,-0.11358428746461868,-0.14659835398197174,0.9823173880577087,3.276838779449463,2.5294833183288574,-0.05376458168029785,-0.0034443228505551815,-0.025257857516407967,1.402106136083603e-06
1785523722585501600,41098553,-102.88761138916016,-0.8364648222923279,-33.623775482177734,0.0257402490824461,-0.11392480880022049,-0.14662328362464905,0.9822729825973511,3.2338931560516357,2.560258388519287,-0.04297924041748047,-0.0032484722323715687,0.015665780752897263,-1.0244548320770264e-08
1785523722599637500,41118487,-102.92987823486328,-0.8654296398162842,-33.643638610839844,0.025725537911057472,-0.11384230107069016,-0.1466463953256607,0.9822794198989868,3.170085906982422,2.6060996055603027,-0.030901074409484863,-0.0029774028807878494,-0.020343901589512825,-3.7299469113349915e-07
1785523722612924300,41131857,-102.99187469482422,-0.9094433188438416,-33.673030853271484,0.02575090155005455,-0.11403628438711166,-0.14667043089866638,0.9822527766227722,3.1274726390838623,2.6367900371551514,-0.021105647087097168,-0.0028074083384126425,-0.045877907425165176,-6.984919309616089e-08
1785523722627092500,41131857,-102.99187469482422,-0.9094433188438416,-33.673030853271484,0.02575090155005455,-0.11403628438711166,-0.14667043089866638,0.9822527766227722,3.1274726390838623,2.6367900371551514,-0.021105647087097168,-0.0028074083384126425,-0.045877907425165176,-6.984919309616089e-08
1785523722641414800,41151754,-103.03331756591797,-0.9399120807647705,-33.69284439086914,0.025797424837946892,-0.11436174064874649,-0.14668019115924835,0.9822121858596802,3.0639495849609375,2.6825127601623535,-0.006423354148864746,-0.002572204452008009,-0.053607143461704254,9.313225746154785e-09
1785523722654620600,41165163,-103.09331512451172,-0.9856347441673279,-33.72182083129883,0.025871358811855316,-0.11487846076488495,-0.1466917246580124,0.9821482300758362,3.021597146987915,2.7129645347595215,0.0052547454833984375,-0.0024256971664726734,-0.04694046452641487,1.1082738637924194e-07
1785523722667379900,41185456,-103.13335418701172,-1.017236351966858,-33.74134063720703,0.025913981720805168,-0.11517614871263504,-0.1466996669769287,0.9821109175682068,2.957892894744873,2.758730411529541,0.01967918872833252,-0.002220047637820244,-0.03673386946320534,1.5459954738616943e-07
1785523722680371200,41198614,-103.19214630126953,-1.065283179283142,-33.770259857177734,0.025965815410017967,-0.1155415028333664,-0.14671194553375244,0.9820648431777954,2.915818214416504,2.7889440059661865,0.03025221824645996,-0.0020943875424563885,-0.033284641802310944,7.450580596923828e-08
1785523722696253700,41198614,-103.19214630126953,-1.065283179283142,-33.770259857177734,0.025965815410017967,-0.1155415028333664,-0.14671194553375244,0.9820648431777954,2.915818214416504,2.7889440059661865,0.03025221824645996,-0.0020943875424563885,-0.033284641802310944,7.450580596923828e-08
1785523722710226500,41231786,-103.28714752197266,-1.147314429283142,-33.81772994995117,0.02603978104889393,-0.11606303602457047,-0.14673051238059998,0.98199862241745,2.831829786300659,2.8492441177368164,0.04996979236602783,-0.0018628346733748913,-0.030628129839897156,-2.7008354663848877e-08
1785523722723092800,41231925,-103.28714752197266,-1.147314429283142,-33.81772994995117,0.02603978104889393,-0.11606303602457047,-0.14673051238059998,0.98199862241745,2.8110620975494385,2.8641622066497803,0.05404841899871826,-0.0018094407860189676,-0.030068732798099518,-6.798654794692993e-08
1785523722736867500,41251967,-103.32405853271484,-1.1807421445846558,-33.836421966552734,0.026067616418004036,-0.11625707149505615,-0.14673694968223572,0.9819740653038025,2.748682737350464,2.908952236175537,0.06747150421142578,-0.0016579395160079002,-0.027921181172132492,-5.774199962615967e-08
1785523722751340500,41265220,-103.3787841796875,-1.2320116758346558,-33.86439895629883,0.026106594130396843,-0.11653142422437668,-0.146745964884758,0.9819391965866089,2.707134485244751,2.9387621879577637,0.07725083827972412,-0.001563654514029622,-0.02626999281346798,-4.98257577419281e-08
1785523722766324300,41285341,-103.41460418701172,-1.2667772769927979,-33.8829231262207,0.026130633428692818,-0.11670093238353729,-0.1467515528202057,0.9819175004959106,2.6449568271636963,2.983389139175415,0.09045100212097168,-0.0014321065973490477,-0.023899788036942482,8.381903171539307e-08
1785523722779734800,41298689,-103.46757507324219,-1.3198827505111694,-33.910579681396484,0.02616405487060547,-0.11693660169839859,-0.14675936102867126,0.9818874001502991,2.603672504425049,3.012998342514038,0.09990179538726807,-0.0013506257673725486,-0.02249789796769619,7.171183824539185e-08
1785523722793785600,41298689,-103.46757507324219,-1.3198827505111694,-33.910579681396484,0.02616405487060547,-0.11693660169839859,-0.14675936102867126,0.9818874001502991,2.603672504425049,3.012998342514038,0.09990179538726807,-0.0013506257673725486,-0.02249789796769619,7.171183824539185e-08
1785523722808082400,41318768,-103.50210571289062,-1.3557226657867432,-33.92881393432617,0.02618481032550335,-0.11708172410726547,-0.14676420390605927,0.9818689227104187,2.5419089794158936,3.057318925857544,0.11284983158111572,-0.001236962852999568,-0.020614076405763626,6.193295121192932e-08
1785523722822263200,41331910,-103.5531997680664,-1.4106152057647705,-33.95609664916992,0.026213480159640312,-0.11728522926568985,-0.14677102863788605,0.9818428754806519,2.5009777545928955,3.086663007736206,0.12200617790222168,-0.0011670358944684267,-0.01946346089243889,-2.60770320892334e-08
1785523722834021800,41351984,-103.58636474609375,-1.4474217891693115,-33.9739875793457,0.02623135969042778,-0.11741029471158981,-0.14677512645721436,0.9818267822265625,2.4399497509002686,3.130436420440674,0.13466882705688477,-0.0010693621588870883,-0.01784670539200306,-5.960464477539063e-08
1785523722848728600,41365203,-103.63534545898438,-1.5037206411361694,-34.00074768066406,0.02625643089413643,-0.11758549511432648,-0.14678095281124115,0.981804370880127,2.3992526531219482,3.1596009731292725,0.14358532428741455,-0.0010081625077873468,-0.01683075912296772,3.259629011154175e-08
1785523722861610500,41365203,-103.63534545898438,-1.5037206411361694,-34.00074768066406,0.02625643089413643,-0.11758549511432648,-0.14678095281124115,0.981804370880127,2.3992526531219482,3.1596009731292725,0.14358532428741455,-0.0010081625077873468,-0.01683075912296772,3.259629011154175e-08
1785523722876251300,41398656,-103.71484375,-1.600185513496399,-34.045005798339844,0.026293370872735977,-0.11784646660089493,-0.1467895656824112,0.9817706942558289,2.2978920936584473,3.2322306632995605,0.1648193597793579,-0.0008712204289622605,-0.014530150219798088,-2.2817403078079224e-08
1785523722889664400,41398656,-103.71484375,-1.600185513496399,-34.045005798339844,0.026293370872735977,-0.11784646660089493,-0.1467895656824112,0.9817706942558289,2.2978920936584473,3.2322306632995605,0.1648193597793579,-0.0008712204289622605,-0.014530150219798088,-2.2817403078079224e-08
1785523722905728800,41419051,-103.74569702148438,-1.63943350315094,-34.06246566772461,0.02630673348903656,-0.11794023960828781,-0.14679266512393951,0.9817585945129395,2.237218141555786,3.2756941318511963,0.17719006538391113,-0.0007974308682605624,-0.013301311060786247,-1.4295801520347595e-07
1785523722920477500,41431887,-103.79151916503906,-1.6997168064117432,-34.088714599609375,0.02632533572614193,-0.11807228624820709,-0.1467970609664917,0.9817416071891785,2.1972668170928955,3.3042805194854736,0.18566513061523438,-0.000752309977542609,-0.012551652267575264,-1.240987330675125e-07
1785523722933631000,41451888,-103.8207015991211,-1.739443302154541,-34.105648040771484,0.02633686549961567,-0.11815210431814194,-0.14679966866970062,0.9817312359809875,2.137878179550171,3.3467814922332764,0.19768214225769043,-0.0006896789418533444,-0.011509658768773079,5.3318217396736145e-08
1785523722947998600,41465225,-103.86405944824219,-1.8005566596984863,-34.13116455078125,0.02635289542376995,-0.1182648241519928,-0.14680340886116028,0.9817167520523071,2.098073959350586,3.375232458114624,0.20599961280822754,-0.0006504013435915112,-0.010853590443730354,1.739244908094406e-07
1785523722960838700,41465225,-103.86405944824219,-1.8005566596984863,-34.13116455078125,0.02635289542376995,-0.1182648241519928,-0.14680340886116028,0.9817167520523071,2.098073959350586,3.375232458114624,0.20599961280822754,-0.0006504013435915112,-0.010853590443730354,1.739244908094406e-07
1785523722974513700,41485486,-103.89265441894531,-1.8422167301177979,-34.148197174072266,0.026362881064414978,-0.11833527684211731,-0.1468057483434677,0.9817076921463013,2.0381598472595215,3.4180586338043213,0.21803903579711914,-0.0005951165221631527,-0.009930121712386608,1.0640360414981842e-07
1785523722989761200,41498766,-103.93484497070312,-1.905859351158142,-34.17368698120117,0.026376815512776375,-0.118433877825737,-0.14680898189544678,0.981694757938385,1.9986894130706787,3.4462273120880127,0.22618722915649414,-0.0005617186543531716,-0.00936791393905878,1.3667158782482147e-07
1785523723004381400,41518893,-103.96175384521484,-1.947939395904541,-34.190189361572266,0.026385406032204628,-0.11849378049373627,-0.14681094884872437,0.9816871881484985,1.9395794868469238,3.4884157180786133,0.23798024654388428,-0.0005143855814822018,-0.008580544963479042,1.1385418474674225e-07
1785523723016487600,41531966,-104.00206756591797,-2.0131542682647705,-34.21525955200195,0.026397496461868286,-0.11857887357473373,-0.1468137800693512,0.9816761016845703,1.900475263595581,3.5162792205810547,0.24595868587493896,-0.00048514996888116,-0.008095581084489822,1.4272518455982208e-07
1785523723030702000,41551878,-104.0277328491211,-2.0561816692352295,-34.231468200683594,0.02640472538769245,-0.11863043904304504,-0.1468154639005661,0.9816694259643555,1.8423924446105957,3.5576534271240234,0.2574681043624878,-0.00044486799743026495,-0.0074225421994924545,3.748573362827301e-08
1785523723045205900,41565225,-104.06570434570312,-2.122080087661743,-34.25581359863281,0.02641521394252777,-0.11870306730270386,-0.1468178629875183,0.9816599488258362,1.803454875946045,3.5853428840637207,0.26531982421875,-0.0004192811611574143,-0.006999230477958918,-8.149072527885437e-09
1785523723060058600,41565225,-104.06570434570312,-2.122080087661743,-34.25581359863281,0.02641521394252777,-0.11870306730270386,-0.1468178629875183,0.9816599488258362,1.803454875946045,3.5853428840637207,0.26531982421875,-0.0004192811611574143,-0.006999230477958918,-8.149072527885437e-09
1785523723073006200,41585257,-104.09073638916016,-2.167050838470459,-34.27210235595703,0.02642158977687359,-0.11874855309724808,-0.1468193680047989,0.981654167175293,1.7452962398529053,3.626681327819824,0.2767658233642578,-0.0003842419828288257,-0.0064103249460458755,-2.1047890186309814e-07
1785523723087176000,41598574,-104.12706756591797,-2.2347264289855957,-34.296138763427734,0.02643042616546154,-0.11881144344806671,-0.14682145416736603,0.9816460013389587,1.706628441810608,3.6541149616241455,0.284481406211853,-0.00036248218384571373,-0.006045848596841097,-9.825453162193298e-08
1785523723099898400,41618792,-104.1508560180664,-2.2806737422943115,-34.31214141845703,0.02643607184290886,-0.11885073781013489,-0.1468227207660675,0.9816407561302185,1.6488004922866821,3.6951074600219727,0.2957770824432373,-0.0003319073002785444,-0.005536897573620081,-4.3190084397792816e-08
1785523723113305400,41631939,-104.185546875,-2.350165843963623,-34.33588409423828,0.02644379809498787,-0.11890522390604019,-0.14682456851005554,0.9816338419914246,1.6104838848114014,3.7222206592559814,0.30334484577178955,-0.00031315055093728006,-0.0052231689915061,6.170012056827545e-09
1785523723127416200,41631939,-104.185546875,-2.350165843963623,-34.33588409423828,0.02644379809498787,-0.11890522390604019,-0.14682456851005554,0.9816338419914246,1.6104838848114014,3.7222206592559814,0.30334484577178955,-0.00031315055093728006,-0.0052231689915061,6.170012056827545e-09
1785523723140254300,41651891,-104.2080078125,-2.3968358039855957,-34.35152816772461,0.026448644697666168,-0.11893884092569351,-0.1468256264925003,0.9816293120384216,1.5534530878067017,3.7625279426574707,0.3143986463546753,-0.00028695794753730297,-0.004787670448422432,1.2782402336597443e-07
1785523723155142600,41665222,-104.24077606201172,-2.467421770095825,-34.37474060058594,0.02645529806613922,-0.11898575723171234,-0.14682716131210327,0.9816232323646545,1.5153238773345947,3.7894229888916016,0.3218495845794678,-0.0002706815139390528,-0.004514460917562246,6.58910721540451e-08
1785523723168333400,41685492,-104.26229858398438,-2.5156543254852295,-34.39030838012695,0.02645951695740223,-0.11901507526636124,-0.14682811498641968,0.9816194176673889,1.4579850435256958,3.829814910888672,0.3328726291656494,-0.00024735298939049244,-0.00413098419085145,-2.3515895009040833e-08
1785523723181177100,41698591,-104.29370880126953,-2.588740110397339,-34.4134521484375,0.026465285569429398,-0.11905603110790253,-0.1468295305967331,0.9816141724586487,1.42024827003479,3.8563387393951416,0.34017181396484375,-0.0002333092998014763,-0.0038978466764092445,-2.0139850676059723e-08
1785523723196082200,41698591,-104.29370880126953,-2.588740110397339,-34.4134521484375,0.026465285569429398,-0.11905603110790253,-0.1468295305967331,0.9816141724586487,1.42024827003479,3.8563387393951416,0.34017181396484375,-0.0002333092998014763,-0.0038978466764092445,-2.0139850676059723e-08
1785523723209782600,41718706,-104.31370544433594,-2.637040853500366,-34.428462982177734,0.02646884135901928,-0.11908093094825745,-0.14683032035827637,0.9816110134124756,1.3639190196990967,3.8958723545074463,0.3509058952331543,-0.00021377005032263696,-0.003572183893993497,2.130400389432907e-08
1785523723224523100,41731909,-104.3432388305664,-2.7112011909484863,-34.451087951660156,0.02647383138537407,-0.11911609768867493,-0.1468314826488495,0.9816063046455383,1.3263791799545288,3.9221506118774414,0.35808682441711426,-0.00020171268261037767,-0.003369305981323123,6.012851372361183e-08
1785523723236066800,41751889,-104.36226654052734,-2.760986328125,-34.465999603271484,0.02647685445845127,-0.11913785338401794,-0.14683221280574799,0.9816035032272339,1.2703595161437988,3.961301803588867,0.3686631917953491,-0.0001850177359301597,-0.0030866514425724745,5.291076377034187e-08
1785523723250003000,41765193,-104.3900375366211,-2.8364453315734863,-34.488197326660156,0.02648119442164898,-0.11916816979646683,-0.14683319628238678,0.9815995097160339,1.233076572418213,3.9872894287109375,0.37571561336517334,-0.00017445709090679884,-0.002911095507442951,4.400499165058136e-08
1785523723264422500,41785302,-104.40800476074219,-2.8873631954193115,-34.50291442871094,0.026483718305826187,-0.11918696761131287,-0.1468338668346405,0.9815971851348877,1.1772370338439941,4.026137828826904,0.38615262508392334,-0.00015974126290529966,-0.0026663257740437984,-6.752088665962219e-09
1785523723279874000,41798572,-104.43413543701172,-2.9646191596984863,-34.524837493896484,0.026487676426768303,-0.11921330541372299,-0.14683467149734497,0.981593668460846,1.1401901245117188,4.051836013793945,0.39307844638824463,-0.0001505952386651188,-0.0025149197317659855,-1.352163963019848e-07
1785523723293326200,41798572,-104.43413543701172,-2.9646191596984863,-34.524837493896484,0.026487676426768303,-0.11921330541372299,-0.14683467149734497,0.981593668460846,1.1401901245117188,4.051836013793945,0.39307844638824463,-0.0001505952386651188,-0.0025149197317659855,-1.352163963019848e-07
1785523723307259400,41818991,-104.45089721679688,-3.016357421875,-34.53926086425781,0.026489868760108948,-0.1192295178771019,-0.14683522284030914,0.9815915822982788,1.084216833114624,4.090578556060791,0.403425931930542,-0.00013793306425213814,-0.0023008892312645912,-1.0035000741481781e-07
1785523723320134100,41831953,-104.47573852539062,-3.0962889194488525,-34.5611572265625,0.02649315632879734,-0.1192525178194046,-0.14683596789836884,0.9815884828567505,1.0475388765335083,4.115887641906738,0.41019976139068604,-0.00013025672524236143,-0.002171108266338706,-4.778848960995674e-08
1785523723336172200,41852272,-104.49105072021484,-3.147841691970825,-34.575035095214844,0.02649507485330105,-0.11926616728305817,-0.14683647453784943,0.9815868735313416,0.9924478530883789,4.154139518737793,0.4197179079055786,-0.00014407187700271606,-0.0019906535744667053,0.14327186346054077
1785523723348912300,41865132,-104.51402282714844,-3.228935480117798,-34.59648895263672,0.025050584226846695,-0.11950240284204483,-0.14666126668453217,0.9816220998764038,0.9683284759521484,4.176836013793945,0.4254441261291504,-0.00014617294073104858,-0.0018775761127471924,0.3116527497768402
1785523723361837000,41885004,-104.52828216552734,-3.281494140625,-34.61017990112305,0.022825760766863823,-0.11984658241271973,-0.14639049768447876,0.98167484998703,0.9514507055282593,4.198207378387451,0.43040549755096436,-0.0001404881477355957,-0.0017716437578201294,0.5109951496124268
1785523723376166200,41898519,-104.54914093017578,-3.3624119758605957,-34.630943298339844,0.01663373038172722,-0.12078467011451721,-0.1456323266029358,0.9817970991134644,0.950393557548523,4.227018356323242,0.43549680709838867,-0.00013327598571777344,-0.001619488000869751,0.9246320724487305
1785523723391441200,41898519,-104.54914093017578,-3.3624119758605957,-34.630943298339844,0.01663373038172722,-0.12078467011451721,-0.1456323266029358,0.9817970991134644,0.950393557548523,4.227018356323242,0.43549680709838867,-0.00013327598571777344,-0.001619488000869751,0.9246320724487305
1785523723404238600,41918584,-104.56272888183594,-3.417841672897339,-34.64499282836914,0.009977702051401138,-0.1217799037694931,-0.1448107212781906,0.9818859696388245,0.9539843797683716,4.2584228515625,0.4356565475463867,-0.00012704730033874512,-0.0014794766902923584,1.487059473991394
1785523723420222500,41931908,-104.58194732666016,-3.5007810592651367,-34.66582489013672,-0.004536752589046955,-0.12392187118530273,-0.1429956555366516,0.9819240570068359,1.0446984767913818,4.258850574493408,0.435644268989563,-0.00011116266250610352,-0.0013935565948486328,1.8094382286071777
1785523723432837300,41952034,-104.59425354003906,-3.556777238845825,-34.67975997924805,-0.016796352341771126,-0.1257067769765854,-0.14143787324428558,0.9817897081375122,1.099771499633789,4.274157524108887,0.44131672382354736,-5.480647087097168e-05,-0.0012840032577514648,1.9057936668395996
1785523723446042300,41965232,-104.61183166503906,-3.641123056411743,-34.70045471191406,0.035355549305677414,0.1283712536096573,0.13903652131557465,-0.9812949299812317,1.2276118993759155,4.257467746734619,0.4472871422767639,-3.0428171157836914e-05,-0.0012156963348388672,1.7343028783798218
1785523723459513700,41965232,-104.61183166503906,-3.641123056411743,-34.70045471191406,0.035355549305677414,0.1283712536096573,0.13903652131557465,-0.9812949299812317,1.2276118993759155,4.257467746734619,0.4472871422767639,-3.0428171157836914e-05,-0.0012156963348388672,1.7343028783798218
1785523723474206300,41985297,-104.62296295166016,-3.6978416442871094,-34.71414566040039,0.046335507184267044,0.12992721796035767,0.13759149610996246,-0.9808366894721985,1.2738314867019653,4.27205228805542,0.45545530319213867,-2.3990869522094727e-05,-0.0011115968227386475,1.2745966911315918
1785523723487099500,41998512,-104.63890075683594,-3.783828020095825,-34.73459243774414,0.05888637900352478,0.13168886303901672,0.13591770827770233,-0.9801616668701172,1.3509916067123413,4.268038749694824,0.4597693681716919,-2.7224421501159668e-05,-0.00104445219039917,0.8921694755554199
1785523723501447200,42019020,-104.6489028930664,-3.841318368911743,-34.74806213378906,0.06404303759336472,0.1324089616537094,0.1352233737707138,-0.9798372983932495,1.3480195999145508,4.300560474395752,0.46436381340026855,-3.430992364883423e-05,-0.0009519457817077637,0.26628583669662476
1785523723515821900,42031955,-104.66331481933594,-3.9302051067352295,-34.76862716674805,0.06679446995258331,0.13279792666435242,0.13485175371170044,-0.9796519875526428,1.340895175933838,4.323423862457275,0.46784496307373047,-4.0981918573379517e-05,-0.0009001148864626884,-0.05354594066739082
1785523723528665900,42051811,-104.67195129394531,-3.98711895942688,-34.7816162109375,0.06610932946205139,0.1327092945575714,0.13494516909122467,-0.9796977043151855,1.3038182258605957,4.354537010192871,0.4724595546722412,-5.0321221351623535e-05,-0.0008535683155059814,-0.2371900975704193
1785523723544680000,42065221,-104.68437194824219,-4.075448989868164,-34.80147933959961,0.06350156664848328,0.1323578655719757,0.13529883325099945,-0.9798688888549805,1.2331149578094482,4.404608249664307,0.4807581305503845,-5.830824375152588e-05,-0.0007854253053665161,-0.2690178453922272
1785523723556387000,42065221,-104.68437194824219,-4.075448989868164,-34.80147933959961,0.06350156664848328,0.1323578655719757,0.13529883325099945,-0.9798688888549805,1.2331149578094482,4.404608249664307,0.4807581305503845,-5.830824375152588e-05,-0.0007854253053665161,-0.2690178453922272
1785523723570047100,42085482,-104.69214630126953,-4.135068416595459,-34.81467056274414,0.06185522675514221,0.1321355402469635,0.13552169501781464,-0.979973554611206,1.170299768447876,4.451886177062988,0.48904770612716675,-5.184300243854523e-05,-0.0007173605263233185,-0.1319286972284317
1785523723584781100,42098653,-104.70304107666016,-4.225908279418945,-34.83445739746094,0.060546427965164185,0.13196155428886414,0.1356988549232483,-0.9800540804862976,1.1265833377838135,4.483381748199463,0.4944080710411072,-4.406692460179329e-05,-0.0006753504276275635,-0.030918549746274948
1785523723598223500,42118947,-104.70964813232422,-4.285683631896973,-34.84727096557617,0.060476064682006836,0.13195621967315674,0.1357087790966034,-0.9800577759742737,1.0780154466629028,4.525971412658691,0.5025216937065125,-3.327708691358566e-05,-0.0006180834025144577,0.06256987899541855
1785523723611575000,42131808,-104.71890258789062,-4.377880573272705,-34.866722106933594,0.06106317415833473,0.132043719291687,0.13563032448291779,-0.9800205230712891,1.051878571510315,4.552472114562988,0.5079110264778137,-2.9223039746284485e-05,-0.0005835983902215958,0.07732470333576202
1785523723624910300,42131808,-104.71890258789062,-4.377880573272705,-34.866722106933594,0.06106317415833473,0.132043719291687,0.13563032448291779,-0.9800205230712891,1.051878571510315,4.552472114562988,0.5079110264778137,-2.9223039746284485e-05,-0.0005835983902215958,0.07732470333576202
1785523723638904000,42151808,-104.72429656982422,-4.437480449676514,-34.87910461425781,0.061543431133031845,0.13211385905742645,0.13556592166423798,-0.9799899458885193,1.009240746498108,4.592754364013672,0.5158786177635193,-2.6827678084373474e-05,-0.0005353838205337524,0.05242374166846275
1785523723652949800,42165181,-104.73167419433594,-4.529414176940918,-34.89790344238281,0.062048155814409256,0.13218902051448822,0.1354983150959015,-0.9799572825431824,0.982167661190033,4.619516849517822,0.5212042331695557,-2.6139896363019943e-05,-0.000504770316183567,0.02388855814933777
1785523723667099200,42185055,-104.73609161376953,-4.591875076293945,-34.910484313964844,0.06216084957122803,0.13220790028572083,0.13548344373703003,-0.9799495935440063,0.9356507062911987,4.660675048828125,0.5290825963020325,-2.5735003873705864e-05,-0.0004627262242138386,-0.009736198000609875
1785523723679498400,42198519,-104.74183654785156,-4.684912204742432,-34.92892074584961,0.06207406520843506,0.13220039010047913,0.1354956328868866,-0.9799544811248779,0.9029523730278015,4.68839693069458,0.5343179106712341,-2.4884939193725586e-05,-0.0004362235777080059,-0.01965528354048729
1785523723694102700,42198519,-104.74183654785156,-4.684912204742432,-34.92892074584961,0.06207406520843506,0.13220039010047913,0.1354956328868866,-0.9799544811248779,0.9029523730278015,4.68839693069458,0.5343179106712341,-2.4884939193725586e-05,-0.0004362235777080059,-0.01965528354048729
1785523723707134900,42218398,-104.74515533447266,-4.748456954956055,-34.94131088256836,0.06193968653678894,0.13218475878238678,0.13551397621631622,-0.9799624681472778,0.8539801239967346,4.729616165161133,0.5420601963996887,-2.313358709216118e-05,-0.0003996896557509899,-0.01792365126311779
1785523723721465800,42231774,-104.74925231933594,-4.842675685882568,-34.95940017700195,0.061768047511577606,0.13216502964496613,0.1355375498533249,-0.979972779750824,0.8204312324523926,4.757145404815674,0.5471858978271484,-2.1705403923988342e-05,-0.00037712627090513706,-0.010879812762141228
1785523723733539200,42251958,-104.75148010253906,-4.906962871551514,-34.9715461730957,0.06170915812253952,0.13215938210487366,0.13554581999778748,-0.9799761176109314,0.7718881368637085,4.797959327697754,0.5548021197319031,-1.9430241081863642e-05,-0.00034515149309299886,-0.00014402170199900866
1785523723748543900,42265121,-104.75394439697266,-5.003095626831055,-34.98942947387695,0.06170518696308136,0.1321621686220169,0.1355466991662979,-0.9799759387969971,0.7399317026138306,4.824899673461914,0.5598166584968567,-1.820409670472145e-05,-0.00032536545768380165,0.004151844885200262
1785523723761328700,42265121,-104.75394439697266,-5.003095626831055,-34.98942947387695,0.06170518696308136,0.1321621686220169,0.1355466991662979,-0.9799759387969971,0.7399317026138306,4.824899673461914,0.5598166584968567,-1.820409670472145e-05,-0.00032536545768380165,0.004151844885200262
1785523723774827400,42285315,-104.75499725341797,-5.067646503448486,-35.001243591308594,0.06173539161682129,0.13216854631900787,0.13554279506206512,-0.9799736738204956,0.6921385526657104,4.865205764770508,0.5672808885574341,-1.6398262232542038e-05,-0.0002981129800900817,0.005490011535584927
1785523723789077100,42298631,-104.75569915771484,-5.165575981140137,-35.018890380859375,0.06178787350654602,0.13217870891094208,0.13553602993488312,-0.9799699187278748,0.6606985926628113,4.891802787780762,0.5721887946128845,-1.5692494343966246e-05,-0.0002810993464663625,0.0040666330605745316
1785523723805261900,42318471,-104.75566101074219,-5.230576038360596,-35.03042221069336,0.061810702085494995,0.1321837455034256,0.13553310930728912,-0.979968249797821,0.6133038401603699,4.931295871734619,0.5794138312339783,-1.4472170732915401e-05,-0.0002578560379333794,0.001027494203299284
1785523723818223300,42331818,-104.75472259521484,-5.32839822769165,-35.04750442504883,0.061820827424526215,0.13218767940998077,0.13553202152252197,-0.9799671173095703,0.5814379453659058,4.957666873931885,0.5842107534408569,-1.3645418221130967e-05,-0.00024303430109284818,-0.0005493360804393888
1785523723832970500,42352321,-104.75350952148438,-5.394980430603027,-35.0589485168457,0.06181522458791733,0.13218849897384644,0.1355329155921936,-0.9799672961235046,0.5326425433158875,4.997683048248291,0.5914353728294373,-1.243839506059885e-05,-0.0002224845957243815,-0.0015118918381631374
1785523723844547500,42365187,-104.75081634521484,-5.496777057647705,-35.076168060302734,0.06180046498775482,0.13218867778778076,0.13553519546985626,-0.9799678325653076,0.5006695985794067,5.023674011230469,0.596099317073822,-1.1653726687654853e-05,-0.00020988177857361734,-0.0013497896725311875
1785523723858776400,42365187,-104.75081634521484,-5.496777057647705,-35.076168060302734,0.06180046498775482,0.13218867778778076,0.13553519546985626,-0.9799678325653076,0.5006695985794067,5.023674011230469,0.596099317073822,-1.1653726687654853e-05,-0.00020988177857361734,-0.0013497896725311875
1785523723874737700,42385160,-104.74858856201172,-5.561621189117432,-35.08696746826172,0.06179238110780716,0.13218893110752106,0.13553640246391296,-0.979968249797821,0.4531925618648529,5.062169075012207,0.602960467338562,-1.0914940503425896e-05,-0.0001925694232340902,-0.0005884159472770989
1785523723886989500,42398584,-104.74433135986328,-5.66222620010376,-35.10346221923828,0.06178634613752365,0.13218998908996582,0.13553738594055176,-0.9799683690071106,0.421092689037323,5.088052749633789,0.6075451970100403,-1.0055518941953778e-05,-0.00018157585873268545,-7.388019002974033e-05
1785523723901768300,42418720,-104.74089813232422,-5.730292797088623,-35.11444854736328,0.06178639456629753,0.13219116628170013,0.1355375200510025,-0.9799681305885315,0.37290704250335693,5.126769065856934,0.6143564581871033,-9.154289728030562e-06,-0.00016630339086987078,0.0003621837531682104
1785523723913279700,42431798,-104.73491668701172,-5.832714557647705,-35.130706787109375,0.06178947910666466,0.13219332695007324,0.135537251830101,-0.9799675941467285,0.3410102128982544,5.152286529541016,0.6188160181045532,-8.7576136138523e-06,-0.00015691490261815488,0.0004059281782247126
1785523723927567800,42431798,-104.73491668701172,-5.832714557647705,-35.130706787109375,0.06178947910666466,0.13219332695007324,0.135537251830101,-0.9799675941467285,0.3410102128982544,5.152286529541016,0.6188160181045532,-8.7576136138523e-06,-0.00015691490261815488,0.0004059281782247126
1785523723940315200,42451690,-104.73043060302734,-5.900683403015137,-35.14133071899414,0.06179175525903702,0.1321946233510971,0.13553698360919952,-0.9799672961235046,0.29343903064727783,5.190136432647705,0.6253812313079834,-8.174257345672231e-06,-0.00014390847354661673,0.00024714134633541107
1785523723955327900,42465134,-104.72284698486328,-6.00304651260376,-35.1570930480957,0.061794064939022064,0.13219644129276276,0.13553690910339355,-0.9799670577049255,0.26141083240509033,5.2155022621154785,0.629751443862915,-7.77443710830994e-06,-0.00013558338105212897,9.59630124270916e-05
1785523723968248200,42485063,-104.71710968017578,-6.073163986206055,-35.167720794677734,0.06179428845643997,0.1321972757577896,0.13553692400455475,-0.9799668788909912,0.21351808309555054,5.253209590911865,0.636197030544281,-7.210433977888897e-06,-0.00012397828686516732,-6.751938053639606e-05
1785523723980431200,42498530,-104.70784759521484,-6.176679611206055,-35.18315887451172,0.06179364025592804,0.13219834864139557,0.13553720712661743,-0.9799667000770569,0.18149340152740479,5.278294086456299,0.6404540538787842,-6.658192432951182e-06,-0.0001169390743598342,-0.00010847191151697189
1785523723994757400,42498530,-104.70784759521484,-6.176679611206055,-35.18315887451172,0.06179364025592804,0.13219834864139557,0.13553720712661743,-0.9799667000770569,0.18149340152740479,5.278294086456299,0.6404540538787842,-6.658192432951182e-06,-0.0001169390743598342,-0.00010847191151697189
1785523724008843200,42531751,-104.68988037109375,-6.353818416595459,-35.208900451660156,0.06179187074303627,0.13220007717609406,0.13553765416145325,-0.9799666404724121,0.10132026672363281,5.340665817260742,0.6509202122688293,-5.592588422587141e-06,-0.0001010153500828892,-4.8384015826741233e-05
1785523724023058700,42531751,-104.68988037109375,-6.353818416595459,-35.208900451660156,0.06179187074303627,0.13220007717609406,0.13553765416145325,-0.9799666404724121,0.10132026672363281,5.340665817260742,0.6509202122688293,-5.592588422587141e-06,-0.0001010153500828892,-4.8384015826741233e-05
1785523724036270100,42551684,-104.6821060180664,-6.423525333404541,-35.21880340576172,0.06179187074303627,0.13220007717609406,0.13553765416145325,-0.9799666404724121,0.05399429798126221,5.377207279205322,0.656972348690033,-5.386644261307083e-06,-9.258480713469908e-05,5.024523488827981e-06
1785523724050501300,42565056,-104.66957092285156,-6.529160022735596,-35.23358917236328,0.06179144233465195,0.13220158219337463,0.13553783297538757,-0.9799662828445435,0.022065401077270508,5.4017415046691895,0.6610032916069031,-5.0338458095211536e-06,-8.759714546613395e-05,2.460201176290866e-05
1785523724064585900,42585033,-104.66046905517578,-6.601493835449219,-35.24354934692383,0.06179144233465195,0.13220158219337463,0.13553783297538757,-0.9799662828445435,-0.02558112144470215,5.43818998336792,0.6669398546218872,-4.416913725435734e-06,-8.02624854259193e-05,2.8118141926825047e-05
1785523724079180900,42598472,-104.64628601074219,-6.70812463760376,-35.257991790771484,0.06179162487387657,0.13220298290252686,0.13553790748119354,-0.9799661040306091,-0.05746614933013916,5.462472438812256,0.6708608269691467,-4.299288775655441e-06,-7.541255035903305e-05,1.9412918845773675e-05
1785523724095413000,42598472,-104.64628601074219,-6.70812463760376,-35.257991790771484,0.06179162487387657,0.13220298290252686,0.13553790748119354,-0.9799661040306091,-0.05746614933013916,5.462472438812256,0.6708608269691467,-4.299288775655441e-06,-7.541255035903305e-05,1.9412918845773675e-05
1785523724109831200,42618542,-104.63601684570312,-6.781347274780273,-35.267757415771484,0.06179162487387657,0.13220298290252686,0.13553790748119354,-0.9799661040306091,-0.1053314208984375,5.498754978179932,0.6766672134399414,-3.84941631637048e-06,-6.912250682944432e-05,3.2654170354362577e-06
1785523724122897000,42632062,-104.62003326416016,-6.889999866485596,-35.28202438354492,0.06179167702794075,0.13220417499542236,0.13553807139396667,-0.9799659252166748,-0.13730406761169434,5.522881507873535,0.6804942488670349,-3.548371751094237e-06,-6.501792813651264e-05,-4.318717401474714e-06
1785523724135955800,42652134,-104.60862731933594,-6.964013576507568,-35.291587829589844,0.06179167702794075,0.13220417499542236,0.13553807139396667,-0.9799659252166748,-0.18499934673309326,5.558712005615234,0.6861231327056885,-3.362489223945886e-06,-5.9681126003852114e-05,-8.152226655511186e-06
1785523724150320000,42665185,-104.59104919433594,-7.073466777801514,-35.305503845214844,0.06179147958755493,0.13220523297786713,0.1355382204055786,-0.97996586561203,-0.21645021438598633,5.582237243652344,0.6897837519645691,-3.02315856970381e-06,-5.638993388856761e-05,-6.830124220869038e-06
1785523724164812100,42685309,-104.57882690429688,-7.146288871765137,-35.31462478637695,0.06179147958755493,0.13220523297786713,0.1355382204055786,-0.97996586561203,-0.2637547254562378,5.617466449737549,0.6952130794525146,-2.94692836178001e-06,-5.171347947907634e-05,-2.500324626453221e-06
1785523724179239500,42698510,-104.55948638916016,-7.257294654846191,-35.32829666137695,0.06179147958755493,0.13220523297786713,0.1355382204055786,-0.97996586561203,-0.29532384872436523,5.640878677368164,0.6987851858139038,-2.6260167942382395e-06,-4.8765326937427744e-05,8.014467312023044e-08
1785523724195359100,42698510,-104.55948638916016,-7.257294654846191,-35.32829666137695,0.06179147958755493,0.13220523297786713,0.1355382204055786,-0.97996586561203,-0.29532384872436523,5.640878677368164,0.6987851858139038,-2.6260167942382395e-06,-4.8765326937427744e-05,8.014467312023044e-08
1785523724208295100,42718574,-104.54608917236328,-7.331464767456055,-35.3372802734375,0.06179121881723404,0.1322062909603119,0.13553835451602936,-0.9799655675888062,-0.3425096273422241,5.675719261169434,0.7040477395057678,-2.136028342647478e-06,-4.455140879144892e-05,2.0202442101435736e-06
1785523724221800500,42732046,-104.52519226074219,-7.443085670471191,-35.350582122802734,0.06179121881723404,0.1322062909603119,0.13553835451602936,-0.9799655675888062,-0.37422680854797363,5.6990461349487305,0.70753413438797,-2.1878149709664285e-06,-4.1948242142098024e-05,2.1230439415376168e-06
1785523724234903200,42751933,-104.51039123535156,-7.519384384155273,-35.35952377319336,0.06179121881723404,0.1322062909603119,0.13553835451602936,-0.9799655675888062,-0.42133355140686035,5.733549118041992,0.7126363515853882,-2.2914000510354526e-06,-3.844744787784293e-05,1.2254158718860708e-06
1785523724250327000,42765205,-104.48800659179688,-7.631210803985596,-35.37244415283203,0.061791252344846725,0.13220739364624023,0.13553845882415771,-0.9799654483795166,-0.4524862766265869,5.756277084350586,0.7159604430198669,-2.06937147595454e-06,-3.636247856775299e-05,4.943999556417111e-07
1785523724263485800,42785274,-104.47241973876953,-7.706552505493164,-35.38100051879883,0.061791252344846725,0.13220739364624023,0.13553845882415771,-0.9799654483795166,-0.4993019104003906,5.790294170379639,0.7208809852600098,-1.7780939742806368e-06,-3.349889811943285e-05,-2.852752913895529e-07
1785523724279077500,42798440,-104.4482421875,-7.820165634155273,-35.393714904785156,0.061791252344846725,0.13220739364624023,0.13553845882415771,-0.9799654483795166,-0.5305404663085938,5.81290340423584,0.7241144180297852,-1.6225494618993253e-06,-3.180958083248697e-05,-4.6386821850319393e-07
1785523724293132800,42798440,-104.4482421875,-7.820165634155273,-35.393714904785156,0.061791252344846725,0.13220739364624023,0.13553845882415771,-0.9799654483795166,-0.5305404663085938,5.81290340423584,0.7241144180297852,-1.6225494618993253e-06,-3.180958083248697e-05,-4.6386821850319393e-07
1785523724306593100,42818657,-104.43148040771484,-7.896620750427246,-35.40213394165039,0.061791252344846725,0.13220739364624023,0.13553845882415771,-0.9799654483795166,-0.5774800777435303,5.846746921539307,0.7288981080055237,-1.6187632354558446e-06,-2.9114920835127123e-05,-3.811505848716479e-07
1785523724318834800,42831766,-104.40546417236328,-8.0120210647583,-35.41461181640625,0.061790987849235535,0.1322084367275238,0.13553857803344727,-0.9799653887748718,-0.6085500717163086,5.869062423706055,0.7320133447647095,-1.598245944478549e-06,-2.7199643227504566e-05,-1.6769899957580492e-07
1785523724333286600,42851634,-104.38777160644531,-8.088388442993164,-35.42273712158203,0.061790987849235535,0.1322084367275238,0.13553857803344727,-0.9799653887748718,-0.6546907424926758,5.9020795822143555,0.7365685105323792,-1.416284248989541e-06,-2.490599945303984e-05,6.224399839993566e-08
1785523724349187900,42865190,-104.36054229736328,-8.203095436096191,-35.434749603271484,0.061790987849235535,0.1322084367275238,0.13553857803344727,-0.9799653887748718,-0.6857399940490723,5.924216270446777,0.7395845055580139,-1.271684595849365e-06,-2.3522881747339852e-05,-3.01588443107903e-08
1785523724360372300,42865190,-104.36054229736328,-8.203095436096191,-35.434749603271484,0.061790987849235535,0.1322084367275238,0.13553857803344727,-0.9799653887748718,-0.6857399940490723,5.924216270446777,0.7395845055580139,-1.271684595849365e-06,-2.3522881747339852e-05,-3.01588443107903e-08
1785523724375857500,42885165,-104.34136199951172,-8.281816482543945,-35.442874908447266,0.061790987849235535,0.1322084367275238,0.13553857803344727,-0.9799653887748718,-0.7321619987487793,5.957190990447998,0.7440195679664612,-1.23893278214382e-06,-2.1625739464070648e-05,-2.0943389245076105e-08
1785523724388279500,42898454,-104.31241607666016,-8.39803695678711,-35.45466232299805,0.061790987849235535,0.1322084367275238,0.13553857803344727,-0.9799653887748718,-0.7630043029785156,5.97902250289917,0.7469174265861511,-1.1807187547674403e-06,-2.0539711840683594e-05,2.246179064968601e-08
1785523724402913800,42918616,-104.29234313964844,-8.476728439331055,-35.4625129699707,0.061790987849235535,0.1322084367275238,0.13553857803344727,-0.9799653887748718,-0.8092875480651855,6.011667251586914,0.7511923313140869,-1.141811935667647e-06,-1.8598526366986334e-05,-1.0556004781392403e-07
1785523724416809900,42931781,-104.26152038574219,-8.594745635986328,-35.474117279052734,0.06179073452949524,0.13220950961112976,0.1355387568473816,-0.9799651503562927,-0.8399331569671631,6.033203125,0.7539730668067932,-9.996419976232573e-07,-1.7730066247167997e-05,-9.348809726361651e-08
1785523724430300300,42951891,-104.24058532714844,-8.673280715942383,-35.48170471191406,0.06179073452949524,0.13220950961112976,0.1355387568473816,-0.9799651503562927,-0.8857371807098389,6.065287113189697,0.7580583095550537,-6.830168786109425e-07,-1.622024501557462e-05,-3.414061211515218e-08
1785523724445976200,42965071,-104.20828247070312,-8.791913986206055,-35.49298095703125,0.06179073452949524,0.13220950961112976,0.1355387568473816,-0.9799651503562927,-0.9162354469299316,6.086577892303467,0.7607303857803345,-9.105269782594405e-07,-1.520707428426249e-05,5.4804104365757667e-08
1785523724459690700,42965071,-104.20828247070312,-8.791913986206055,-35.49298095703125,0.06179073452949524,0.13220950961112976,0.1355387568473816,-0.9799651503562927,-0.9162354469299316,6.086577892303467,0.7607303857803345,-9.105269782594405e-07,-1.520707428426249e-05,5.4804104365757667e-08
1785523724473607100,42985255,-104.18621063232422,-8.871376991271973,-35.50041580200195,0.06179073452949524,0.13220950961112976,0.1355387568473816,-0.9799651503562927,-0.9618816375732422,6.118340015411377,0.7646570205688477,-8.025626812013797e-07,-1.3883112842449918e-05,8.4478188000503e-08
1785523724485678200,42998416,-104.15225982666016,-8.99105453491211,-35.51142883300781,0.06179073452949524,0.13220950961112976,0.1355387568473816,-0.9799651503562927,-0.9922168254852295,6.139377593994141,0.7672187089920044,-5.976999091217294e-07,-1.3064265658613294e-05,7.480889507860411e-08
1785523724498574600,43018372,-104.12909698486328,-9.071093559265137,-35.5186767578125,0.06179073452949524,0.13220950961112976,0.1355387568473816,-0.9799651503562927,-1.0373384952545166,6.170572280883789,0.7709579467773438,-6.037507773726247e-07,-1.2000031347270124e-05,-1.7359297999064438e-08
1785523724512741300,43031746,-104.09386444091797,-9.190683364868164,-35.529319763183594,0.06179073452949524,0.13220950961112976,0.1355387568473816,-0.9799651503562927,-1.067528247833252,6.191379547119141,0.7734119892120361,-6.330119504127651e-07,-1.1500107575557195e-05,2.890442374336999e-08
1785523724526644200,43031746,-104.09386444091797,-9.190683364868164,-35.529319763183594,0.06179073452949524,0.13220950961112976,0.1355387568473816,-0.9799651503562927,-1.067528247833252,6.191379547119141,0.7734119892120361,-6.330119504127651e-07,-1.1500107575557195e-05,2.890442374336999e-08
1785523724539525500,43051790,-104.06941223144531,-9.272177696228027,-35.536460876464844,0.06179073452949524,0.13220950961112976,0.1355387568473816,-0.9799651503562927,-1.1126656532287598,6.222391605377197,0.777010440826416,-5.920614967180882e-07,-1.063185936800437e-05,6.330742507998366e-08
1785523724554021600,43065168,-104.03245544433594,-9.393173217773438,-35.54689025878906,0.06179073452949524,0.13220950961112976,0.1355387568473816,-0.9799651503562927,-1.1426873207092285,6.242954730987549,0.7793560028076172,-6.244754331419244e-07,-9.999233952839859e-06,1.1903239283128642e-08
1785523724568299100,43085221,-104.00702667236328,-9.475028991699219,-35.5538215637207,0.06179060786962509,0.13221041858196259,0.1355387419462204,-0.979965090751648,-1.1874969005584717,6.273556709289551,0.7827832698822021,-5.756928658229299e-07,-9.184487680613529e-06,-2.6626139515428804e-08
1785523724582731300,43098512,-103.96851348876953,-9.596933364868164,-35.563987731933594,0.06179060786962509,0.13221041858196259,0.1355387419462204,-0.979965090751648,-1.2172703742980957,6.293830394744873,0.7850154638290405,-6.123127604951151e-07,-8.589750905230176e-06,6.149832643131958e-08
1785523724595970900,43118547,-103.94214630126953,-9.679081916809082,-35.57072830200195,0.06179060786962509,0.13221041858196259,0.1355387419462204,-0.979965090751648,-1.2470152378082275,6.314038276672363,0.787208080291748,-5.597748895525001e-07,-8.0262434494216e-06,9.584243798599346e-08
1785523724608830200,43131778,-103.90194702148438,-9.802274703979492,-35.580657958984375,0.06179060786962509,0.13221041858196259,0.1355387419462204,-0.979965090751648,-1.2913761138916016,6.344088554382324,0.7904075384140015,-3.598333933041431e-07,-7.420805559377186e-06,7.987398475961527e-08
1785523724623174300,43131778,-103.90194702148438,-9.802274703979492,-35.580657958984375,0.06179060786962509,0.13221041858196259,0.1355387419462204,-0.979965090751648,-1.2913761138916016,6.344088554382324,0.7904075384140015,-3.598333933041431e-07,-7.420805559377186e-06,7.987398475961527e-08
1785523724638013600,43151777,-103.87464904785156,-9.884589195251465,-35.58719253540039,0.06179060786962509,0.13221041858196259,0.1355387419462204,-0.979965090751648,-1.3353650569915771,6.373790264129639,0.7934970855712891,-3.800689682975644e-07,-6.924558419996174e-06,-1.793068804545328e-08
1785523724651191400,43165107,-103.83316040039062,-10.0078706741333,-35.59680938720703,0.06179060786962509,0.13221041858196259,0.1355387419462204,-0.979965090751648,-1.364743947982788,6.393572807312012,0.7955143451690674,-3.112024842266692e-07,-6.49306502964464e-06,-5.683887138729915e-08
1785523724663463700,43185074,-103.80460357666016,-10.091513633728027,-35.60323715209961,0.06179060786962509,0.13221041858196259,0.1355387419462204,-0.979965090751648,-1.4085109233856201,6.422966480255127,0.7984501123428345,-2.948074779851595e-07,-5.9790249906654935e-06,7.621429176651873e-08
1785523724677904700,43198395,-103.76168060302734,-10.21547794342041,-35.61260223388672,0.06179060786962509,0.13221041858196259,0.1355387419462204,-0.979965090751648,-1.437682867050171,6.442506313323975,0.8003609776496887,-3.345667209941894e-07,-5.477828835864784e-06,1.987018549698405e-08
1785523724692338100,43198395,-103.76168060302734,-10.21547794342041,-35.61260223388672,0.06179060786962509,0.13221041858196259,0.1355387419462204,-0.979965090751648,-1.437682867050171,6.442506313323975,0.8003609776496887,-3.345667209941894e-07,-5.477828835864784e-06,1.987018549698405e-08
1785523724706274000,43218708,-103.73202514648438,-10.299853324890137,-35.61886978149414,0.06179060786962509,0.13221041858196259,0.1355387419462204,-0.979965090751648,-1.481266975402832,6.471625804901123,0.803146481513977,-4.982557584298775e-07,-4.8125803004950285e-06,-2.3144366423366591e-07
1785523724720489100,43231729,-103.6873779296875,-10.425166130065918,-35.62803268432617,0.06179060786962509,0.13221041858196259,0.1355387419462204,-0.979965090751648,-1.5101869106292725,6.490899562835693,0.8049490451812744,-4.3407862904132344e-07,-4.398621058498975e-06,-2.8713122901535826e-07
1785523724734529500,43251624,-103.65687561035156,-10.509589195251465,-35.63409423828125,0.06179060786962509,0.13221041858196259,0.1355387419462204,-0.979965090751648,-1.5531320571899414,6.519448757171631,0.8075576424598694,-2.7974817840004107e-07,-3.9077949622878805e-06,-2.395336196059361e-07
1785523724748908500,43265093,-103.61109161376953,-10.634784698486328,-35.64295196533203,0.06179060786962509,0.13221041858196259,0.1355387419462204,-0.979965090751648,-1.5819127559661865,6.538537502288818,0.8092602491378784,-2.0810648493352346e-07,-3.6960270790586947e-06,-2.1202424704824807e-07
1785523724764789700,43285142,-103.57917785644531,-10.720908164978027,-35.64894104003906,0.06179060786962509,0.13221041858196259,0.1355387419462204,-0.979965090751648,-1.624891757965088,6.566973686218262,0.8117344379425049,-1.335466777163674e-07,-3.418637106733513e-06,-1.7657993112152326e-07
1785523724777956200,43298459,-103.53156280517578,-10.84774398803711,-35.65761947631836,0.06179060786962509,0.13221041858196259,0.1355387419462204,-0.979965090751648,-1.653327465057373,6.585744380950928,0.8133258819580078,-9.946461432264186e-08,-3.4007946396741318e-06,-1.5637363048881525e-07
1785523724789777200,43298459,-103.53156280517578,-10.84774398803711,-35.65761947631836,0.06179060786962509,0.13221041858196259,0.1355387419462204,-0.979965090751648,-1.653327465057373,6.585744380950928,0.8133258819580078,-9.946461432264186e-08,-3.4007946396741318e-06,-1.5637363048881525e-07
1785523724804293900,43318594,-103.49909973144531,-10.933212280273438,-35.66337203979492,0.06179060786962509,0.13221041858196259,0.1355387419462204,-0.979965090751648,-1.695932388305664,6.613805770874023,0.8156427145004272,-6.383686468325322e-08,-3.2835014280863106e-06,-4.496331484915572e-08
1785523724819416600,43331773,-103.4496841430664,-11.061689376831055,-35.671878814697266,0.06179060786962509,0.13221041858196259,0.1355387419462204,-0.979965090751648,-1.7241079807281494,6.632322788238525,0.8171295523643494,-7.686139724683017e-09,-3.260560106355115e-06,4.5177444008004386e-08
1785523724833550800,43351861,-103.4164810180664,-11.1470308303833,-35.67743682861328,0.06179060786962509,0.13221041858196259,0.1355387419462204,-0.979965090751648,-1.7660739421844482,6.659844398498535,0.8192775249481201,-1.3875637705496047e-07,-3.0655078262498137e-06,-4.713604084827239e-08
1785523724846353200,43365064,-103.36589813232422,-11.275556564331055,-35.6856575012207,0.06179060786962509,0.13221041858196259,0.1355387419462204,-0.979965090751648,-1.794025182723999,6.678133964538574,0.8206632137298584,-2.2382187125913333e-07,-2.9025968615314923e-06,-3.887987531925319e-08
1785523724859645900,43365064,-103.36589813232422,-11.275556564331055,-35.6856575012207,0.06179060786962509,0.13221041858196259,0.1355387419462204,-0.979965090751648,-1.794025182723999,6.678133964538574,0.8206632137298584,-2.2382187125913333e-07,-2.9025968615314923e-06,-3.887987531925319e-08
1785523724873973600,43385087,-103.3314437866211,-11.362040519714355,-35.69110870361328,0.061790548264980316,0.1322113424539566,0.1355387419462204,-0.9799649119377136,-1.8356735706329346,6.705332279205322,0.8226577639579773,-4.2667556954256725e-07,-2.4980236048577353e-06,9.122075539380603e-08
1785523724888294600,43398491,-103.27944946289062,-11.491132736206055,-35.6990966796875,0.061790548264980316,0.1322113424539566,0.1355387419462204,-0.9799649119377136,-1.8633990287780762,6.723402976989746,0.8239436745643616,-3.1765119956617127e-07,-2.077742919937009e-06,8.076892754615983e-08
1785523724901207200,43418420,-103.24390411376953,-11.578447341918945,-35.70441818237305,0.061790548264980316,0.1322113424539566,0.1355387419462204,-0.9799649119377136,-1.9046413898468018,6.750232219696045,0.8257902264595032,-2.0440313619474182e-07,-1.7235714722119155e-06,6.733944246661849e-08
1785523724915229600,43431776,-103.19062042236328,-11.707948684692383,-35.712181091308594,0.061790548264980316,0.1322113424539566,0.1355387419462204,-0.9799649119377136,-1.9321057796478271,6.768062591552734,0.8269753456115723,-1.521745502941485e-07,-1.5071394727783627e-06,5.96239715378033e-08
1785523724929057000,43431776,-103.19062042236328,-11.707948684692383,-35.712181091308594,0.061790548264980316,0.1322113424539566,0.1355387419462204,-0.9799649119377136,-1.9321057796478271,6.768062591552734,0.8269753456115723,-1.521745502941485e-07,-1.5071394727783627e-06,5.96239715378033e-08
1785523724941799400,43464976,-103.09906005859375,-11.926864624023438,-35.7249641418457,0.061790548264980316,0.1322113424539566,0.1355387419462204,-0.9799649119377136,-1.9866845607757568,6.80341911315918,0.8292249441146851,-8.437794463134196e-08,-1.3303621244631358e-06,4.675129616771301e-08
1785523724954888400,43465097,-103.09906005859375,-11.926864624023438,-35.7249641418457,0.061790548264980316,0.1322113424539566,0.1355387419462204,-0.9799649119377136,-2.00032377243042,6.812239646911621,0.8297649621963501,-7.275917823790223e-08,-1.267870743504318e-06,4.398084740842023e-08
1785523724968039100,43485008,-103.06167602539062,-12.015019416809082,-35.72999572753906,0.061790548264980316,0.1322113424539566,0.1355387419462204,-0.9799649119377136,-2.040717601776123,6.838325500488281,0.8313124775886536,-4.6850402668496827e-08,-1.1928680123673985e-06,3.667780390514963e-08
1785523724983100800,43498418,-103.00562286376953,-12.145849227905273,-35.73733901977539,0.061790548264980316,0.1322113424539566,0.1355387419462204,-0.9799649119377136,-2.0676448345184326,6.855682849884033,0.8322999477386475,-3.488059974188218e-08,-1.146249815064948e-06,3.247592417210399e-08
1785523724994998500,43518128,-102.96707153320312,-12.234960556030273,-35.74225997924805,0.061790548264980316,0.1322113424539566,0.1355387419462204,-0.9799649119377136,-2.081193208694458,6.86440896987915,0.8327838778495789,-3.005186499649426e-08,-1.1089119880125509e-06,3.054110209177452e-08
1785523725008590300,43531698,-102.9095687866211,-12.366640090942383,-35.74940872192383,0.061790548264980316,0.1322113424539566,0.1355387419462204,-0.9799649119377136,-2.120961904525757,6.889986515045166,0.8341516256332397,-1.9382554228286608e-08,-1.0560758028077544e-06,2.548625843701302e-08
1785523725021686400,43531861,-102.9095687866211,-12.366640090942383,-35.74940872192383,0.061790548264980316,0.1322113424539566,0.1355387419462204,-0.9799649119377136,-2.1344311237335205,6.898637771606445,0.8345974683761597,-1.6693064708306338e-08,-1.031163833431492e-06,2.3964389583852608e-08
1785523725034856800,43551727,-102.8699951171875,-12.45645523071289,-35.75420379638672,0.061790548264980316,0.1322113424539566,0.1355387419462204,-0.9799649119377136,-2.1741156578063965,6.924098968505859,0.8358587026596069,-1.0734993338701315e-08,-1.0116430075868266e-06,1.997500476136338e-08
1785523725049154900,43565170,-102.81117248535156,-12.588729858398438,-35.76115798950195,0.061790548264980316,0.1322113424539566,0.1355387419462204,-0.9799649119377136,-2.200526237487793,6.9410176277160645,0.8366547226905823,-7.988944616954541e-09,-1.0518228918954264e-06,1.768370339050307e-08
1785523725062046100,43585158,-102.77062225341797,-12.679033279418945,-35.76582336425781,0.061790548264980316,0.1322113424539566,0.1355387419462204,-0.9799649119377136,-2.2398416996002197,6.966165065765381,0.8377751708030701,-5.134381808602484e-09,-1.0289702458976535e-06,1.4736286857441883e-08
1785523725076567100,43598506,-102.71031188964844,-12.812255859375,-35.77260208129883,0.061790548264980316,0.1322113424539566,0.1355387419462204,-0.9799649119377136,-2.265904188156128,6.982811450958252,0.8384745121002197,-3.823970473604277e-09,-1.0243644510410377e-06,1.3049984204371867e-08
1785523725091457000,43598506,-102.71031188964844,-12.812255859375,-35.77260208129883,0.061790548264980316,0.1322113424539566,0.1355387419462204,-0.9799649119377136,-2.265904188156128,6.982811450958252,0.8384745121002197,-3.823970473604277e-09,-1.0243644510410377e-06,1.3049984204371867e-08
1785523725106003700,43618625,-102.66913604736328,-12.9024019241333,-35.77711486816406,0.061790548264980316,0.1322113424539566,0.1355387419462204,-0.9799649119377136,-2.304922103881836,7.007699489593506,0.8394573330879211,-2.453731440255069e-09,-1.07608912003343e-06,1.0868177469092188e-08
1785523725120446400,43631782,-102.60694885253906,-13.037450790405273,-35.78376388549805,0.061790548264980316,0.1322113424539566,0.1355387419462204,-0.9799649119377136,-2.33069109916687,7.024116039276123,0.8400635719299316,-1.82768644663156e-09,-1.0650861668182188e-06,9.624997687751602e-09
1785523725133161600,43651610,-102.56523132324219,-13.127245903015137,-35.78812026977539,0.061790548264980316,0.1322113424539566,0.1355387419462204,-0.9799649119377136,-2.3687832355499268,7.048349380493164,0.840896725654602,-1.1799272670032224e-09,-1.0324459935873165e-06,8.035243581616669e-09
1785523725147368500,43665105,-102.50261688232422,-13.260966300964355,-35.79450607299805,0.061790548264980316,0.1322113424539566,0.1355387419462204,-0.9799649119377136,-2.394343852996826,7.064591884613037,0.8414133787155151,-8.779750260146102e-10,-1.067312609848159e-06,7.1133570145320846e-09
1785523725161712400,43665105,-102.50261688232422,-13.260966300964355,-35.79450607299805,0.061790548264980316,0.1322113424539566,0.1355387419462204,-0.9799649119377136,-2.394343852996826,7.064591884613037,0.8414133787155151,-8.779750260146102e-10,-1.067312609848159e-06,7.1133570145320846e-09
1785523725174369500,43685267,-102.45909881591797,-13.353105545043945,-35.798831939697266,0.061790548264980316,0.1322113424539566,0.1355387419462204,-0.9799649119377136,-2.4326000213623047,7.088872909545898,0.8421224355697632,-5.626077381748473e-10,-1.0691793477235478e-06,5.921009460507776e-09
1785523725189071400,43698465,-102.39433288574219,-13.4892578125,-35.80513000488281,0.061790548264980316,0.1322113424539566,0.1355387419462204,-0.9799649119377136,-2.457791805267334,7.104842662811279,0.8425467610359192,-4.190496838418767e-10,-1.0545878694756539e-06,5.243634859652957e-09
1785523725204912400,43718386,-102.35073852539062,-13.580126762390137,-35.809261322021484,0.061790548264980316,0.1322113424539566,0.1355387419462204,-0.9799649119377136,-2.4951868057250977,7.128522872924805,0.8431137800216675,-2.6992097446054686e-10,-9.85838823908125e-07,-3.91408860878073e-08
1785523725217965100,43731764,-102.28511810302734,-13.715937614440918,-35.815345764160156,0.061790548264980316,0.1322113424539566,0.1355387419462204,-0.9799649119377136,-2.5201354026794434,7.144303798675537,0.8434498310089111,-3.445074980845675e-08,-8.770259114498913e-07,-7.557743231245695e-08
1785523725233525400,43751701,-102.24019622802734,-13.80826187133789,-35.819419860839844,0.061790548264980316,0.1322113424539566,0.1355387419462204,-0.9799649119377136,-2.5572500228881836,7.167757987976074,0.8438870310783386,-2.214957817159302e-08,-7.725250839030195e-07,-6.298995458564605e-08
1785523725246274100,43765115,-102.17320251464844,-13.944833755493164,-35.82533645629883,0.061790548264980316,0.1322113424539566,0.1355387419462204,-0.9799649119377136,-2.5818867683410645,7.183312892913818,0.8441354036331177,-1.649061687203357e-08,-6.901616416143952e-07,-5.577373940468533e-08
1785523725260971200,43765115,-102.17320251464844,-13.944833755493164,-35.82533645629883,0.061790548264980316,0.1322113424539566,0.1355387419462204,-0.9799649119377136,-2.5818867683410645,7.183312892913818,0.8441354036331177,-1.649061687203357e-08,-6.901616416143952e-07,-5.577373940468533e-08
1785523725272983300,43785212,-102.12749481201172,-14.0374116897583,-35.82929229736328,0.061790548264980316,0.1322113424539566,0.1355387419462204,-0.9799649119377136,-2.618659496307373,7.206507205963135,0.8444432020187378,-1.058798204667255e-08,-6.522909075101779e-07,-4.645964679639292e-08
1785523725287164800,43798438,-102.05886840820312,-14.1753511428833,-35.83509063720703,0.061790548264980316,0.1322113424539566,0.1355387419462204,-0.9799649119377136,-2.6429824829101562,7.221835136413574,0.8446047306060791,-7.884338515395939e-09,-6.0043828398193e-07,-4.114018281597964e-08
1785523725301911400,43818352,-102.01253509521484,-14.267763137817383,-35.83890914916992,0.061790548264980316,0.1322113424539566,0.1355387419462204,-0.9799649119377136,-2.679080009460449,7.244564533233643,0.8447831273078918,-5.0771546966643655e-09,-5.549601382881519e-07,-3.430970707540837e-08
1785523725314605600,43831818,-101.94304656982422,-14.405488014221191,-35.84453582763672,0.061790548264980316,0.1322113424539566,0.1355387419462204,-0.9799649119377136,-2.703115463256836,7.259688854217529,0.8448601961135864,-3.780073143389018e-09,-5.22085827014962e-07,-3.0379368354260805e-08
1785523725329207300,43851762,-101.89554595947266,-14.498964309692383,-35.84829330444336,0.061790548264980316,0.1322113424539566,0.1355387419462204,-0.9799649119377136,-2.738893985748291,7.282181739807129,0.8449130058288574,-2.4299708911712514e-09,-4.7437259809157695e-07,-2.5318158236586896e-08
1785523725343598300,43865090,-101.82464599609375,-14.637568473815918,-35.85377502441406,0.061790548264980316,0.1322113424539566,0.1355387419462204,-0.9799649119377136,-2.762646198272705,7.297104358673096,0.8449069261550903,-1.8086723230226198e-09,-4.6816626309009735e-07,-2.241552010673331e-08
1785523725359625800,43865090,-101.82464599609375,-14.637568473815918,-35.85377502441406,0.061790548264980316,0.1322113424539566,0.1355387419462204,-0.9799649119377136,-2.762646198272705,7.297104358673096,0.8449069261550903,-1.8086723230226198e-09,-4.6816626309009735e-07,-2.241552010673331e-08
1785523725371595800,43885670,-101.7763671875,-14.73143482208252,-35.85743713378906,0.061790548264980316,0.1322113424539566,0.1355387419462204,-0.9799649119377136,-2.798593044281006,7.319674015045166,0.8448342084884644,-1.1528982213349082e-09,-4.0435904224978003e-07,-1.86189552664473e-08
1785523725386011000,43898438,-101.70230102539062,-14.874384880065918,-35.8629150390625,0.061790548264980316,0.1322113424539566,0.1355387419462204,-0.9799649119377136,-2.8218817710876465,7.334287166595459,0.8447458148002625,-8.599272405263036e-10,-4.500989518874121e-07,-1.6498013621912833e-08
1785523725402049800,43918554,-101.65511322021484,-14.96493148803711,-35.86634063720703,0.061790548264980316,0.1322113424539566,0.1355387419462204,-0.9799649119377136,-2.8563194274902344,7.3558831214904785,0.8445550203323364,-5.559570581681328e-10,-4.686452825808374e-07,-1.3780812935237918e-08
1785523725415067600,43931792,-101.5816421508789,-15.104999542236328,-35.87155532836914,0.061790548264980316,0.1322113424539566,0.1355387419462204,-0.9799649119377136,-2.8794102668762207,7.370358467102051,0.8443869352340698,-4.14075884691556e-10,-4.981699817108165e-07,-1.2204182553432474e-08
1785523725430078500,43931792,-101.5816421508789,-15.104999542236328,-35.87155532836914,0.061790548264980316,0.1322113424539566,0.1355387419462204,-0.9799649119377136,-2.8794102668762207,7.370358467102051,0.8443869352340698,-4.14075884691556e-10,-4.981699817108165e-07,-1.2204182553432474e-08
1785523725443030900,43951912,-101.53195190429688,-15.199081420898438,-35.87501525878906,0.061790548264980316,0.1322113424539566,0.1355387419462204,-0.9799649119377136,-2.9138731956481934,7.39194917678833,0.8440746665000916,-2.659561459950055e-10,-5.289973046274099e-07,-1.0167752861889312e-08
1785523725454737700,43965090,-101.45694732666016,-15.340292930603027,-35.880130767822266,0.061790548264980316,0.1322113424539566,0.1355387419462204,-0.9799649119377136,-2.9366345405578613,7.406200408935547,0.8438277244567871,-7.468020157830324e-08,-4.3403730387581163e-07,7.593861539589852e-08
1785523725469021700,43985195,-101.40679168701172,-15.434218406677246,-35.883480072021484,0.061790548264980316,0.1322113424539566,0.1355387419462204,-0.9799649119377136,-2.97047758102417,7.427385330200195,0.8434001803398132,-1.8335079232656426e-08,-2.4967476974779856e-07,6.332295754418737e-08
1785523725481885300,43998517,-101.33097076416016,-15.575419425964355,-35.888450622558594,0.061790548264980316,0.1322113424539566,0.1355387419462204,-0.9799649119377136,-2.992980480194092,7.441464900970459,0.8430754542350769,-1.3651806796133314e-08,-1.8590112915717327e-07,5.607033770615999e-08
1785523725497892100,44018457,-101.27957153320312,-15.670516967773438,-35.89175033569336,0.061790548264980316,0.1322113424539566,0.1355387419462204,-0.9799649119377136,-3.02640438079834,7.462372303009033,0.8425331711769104,-8.78354811106874e-09,-1.1960847245973127e-07,4.674503628621096e-08
1785523725512160400,44031795,-101.20269012451172,-15.811933517456055,-35.89658737182617,0.061790548264980316,0.1322113424539566,0.1355387419462204,-0.9799649119377136,-3.0486040115356445,7.476253509521484,0.8421326279640198,-6.5394907267091185e-09,-8.905043813456359e-08,4.1389917271317245e-08
1785523725524521700,44031795,-101.20269012451172,-15.811933517456055,-35.89658737182617,0.061790548264980316,0.1322113424539566,0.1355387419462204,-0.9799649119377136,-3.0486040115356445,7.476253509521484,0.8421326279640198,-6.5394907267091185e-09,-8.905043813456359e-08,4.1389917271317245e-08
1785523725538087100,44051749,-101.15035247802734,-15.907694816589355,-35.899818420410156,0.061790548264980316,0.1322113424539566,0.1355387419462204,-0.9799649119377136,-3.081672191619873,7.4969282150268555,0.8414758443832397,-4.201078596111074e-09,-5.7207486747756775e-08,3.448539231953873e-08
1785523725553202400,44065079,-101.07206726074219,-16.050146102905273,-35.904563903808594,0.061790548264980316,0.1322113424539566,0.1355387419462204,-0.9799649119377136,-3.1035561561584473,7.510606288909912,0.8410012722015381,-3.1280631418439953e-09,-4.259587527144504e-08,3.053585828638461e-08
1785523725566088300,44085019,-101.01918029785156,-16.145898818969727,-35.907711029052734,0.061790548264980316,0.1322113424539566,0.1355387419462204,-0.9799649119377136,-3.135988235473633,7.5308756828308105,0.8402385711669922,-2.014568956099083e-09,-2.743304605701269e-08,2.546718746998522e-08
1785523725579573300,44098426,-100.94019317626953,-16.28804588317871,-35.91231918334961,0.061790548264980316,0.1322113424539566,0.1355387419462204,-0.9799649119377136,-3.1575751304626465,7.5443644523620605,0.8396910429000854,-1.4997769692826068e-09,-2.0422945112841262e-08,2.2549059508492064e-08
1785523725594117500,44098426,-100.94019317626953,-16.28804588317871,-35.91231918334961,0.061790548264980316,0.1322113424539566,0.1355387419462204,-0.9799649119377136,-3.1575751304626465,7.5443644523620605,0.8396910429000854,-1.4997769692826068e-09,-2.0422945112841262e-08,2.2549059508492064e-08
1785523725608860700,44131762,-100.80585479736328,-16.527812957763672,-35.91993713378906,0.061790548264980316,0.1322113424539566,0.1355387419462204,-0.9799649119377136,-3.210944652557373,7.5777106285095215,0.8381990194320679,-7.17780612724539e-10,-9.774246301219591e-09,1.663935655926707e-08
1785523725623915600,44131762,-100.80585479736328,-16.527812957763672,-35.91993713378906,0.061790548264980316,0.1322113424539566,0.1355387419462204,-0.9799649119377136,-3.210944652557373,7.5777106285095215,0.8381990194320679,-7.17780612724539e-10,-9.774246301219591e-09,1.663935655926707e-08
1785523725638539800,44151716,-100.75116729736328,-16.624784469604492,-35.9229621887207,0.061790548264980316,0.1322113424539566,0.1355387419462204,-0.9799649119377136,-3.2425718307495117,7.597470283508301,0.8372200727462769,-4.614630899624217e-10,-6.283886300195718e-09,1.3867779813381276e-08
1785523725653009800,44165090,-100.66972351074219,-16.768436431884766,-35.92738723754883,0.061790548264980316,0.1322113424539566,0.1355387419462204,-0.9799649119377136,-3.263566017150879,7.610589027404785,0.836530864238739,-3.4340397192522687e-10,-4.6762353989038274e-09,1.2276786698350861e-08
1785523725665680300,44185224,-100.61417388916016,-16.86589813232422,-35.93034744262695,0.061790548264980316,0.1322113424539566,0.1355387419462204,-0.9799649119377136,-3.2947683334350586,7.630086421966553,0.8354477882385254,-2.2064017279888049e-10,-3.0045193000205472e-09,1.022939510875176e-08
1785523725680091300,44198405,-100.53156280517578,-17.010244369506836,-35.9346809387207,0.061790548264980316,0.1322113424539566,0.1355387419462204,-0.9799649119377136,-3.315385341644287,7.642970085144043,0.834692656993866,-1.643633007475387e-10,-2.2381803077564655e-09,9.059538008671097e-09
1785523725692624100,44198405,-100.53156280517578,-17.010244369506836,-35.9346809387207,0.061790548264980316,0.1322113424539566,0.1355387419462204,-0.9799649119377136,-3.315385341644287,7.642970085144043,0.834692656993866,-1.643633007475387e-10,-2.2381803077564655e-09,9.059538008671097e-09
1785523725706795400,44218350,-100.47570037841797,-17.1072998046875,-35.93756103515625,0.061790548264980316,0.1322113424539566,0.1355387419462204,-0.9799649119377136,-3.3460116386413574,7.662111759185791,0.8335131406784058,-1.0579404019495087e-10,-1.4406247306197884e-09,7.554016967503685e-09
1785523725721722100,44231762,-100.39210510253906,-17.251903533935547,-35.94179916381836,0.061790548264980316,0.1322113424539566,0.1355387419462204,-0.9799649119377136,-3.366365909576416,7.6748366355896,0.8326902389526367,-7.875466945250764e-11,-1.0724208188150897e-09,6.688264608811778e-09
1785523725734010300,44251814,-100.33515167236328,-17.34990692138672,-35.94464111328125,0.061790548264980316,0.1322113424539566,0.1355387419462204,-0.9799649119377136,-3.396648406982422,7.693771839141846,0.8314076066017151,-5.0596526968149647e-11,-6.889850912017437e-10,5.572696526456866e-09
1785523725748494900,44265074,-100.25022888183594,-17.495424270629883,-35.948814392089844,0.061790548264980316,0.1322113424539566,0.1355387419462204,-0.9799649119377136,-3.416682243347168,7.706300258636475,0.8305200338363647,-3.767336442805913e-11,-5.130031954792003e-10,4.934449293614307e-09
1785523725762663300,44285127,-100.19281005859375,-17.593358993530273,-35.95158767700195,0.061790548264980316,0.1322113424539566,0.1355387419462204,-0.9799649119377136,-3.4464311599731445,7.724911689758301,0.8291444182395935,-2.4231672224317435e-11,-3.29965832435164e-10,4.113291485197124e-09
1785523725777541500,44298448,-100.10698699951172,-17.739139556884766,-35.9556770324707,0.061790548264980316,0.1322113424539566,0.1355387419462204,-0.9799649119377136,-3.4661550521850586,7.7372565269470215,0.8281939029693604,-1.804317806275435e-11,-2.456965741970407e-10,3.6422593829854577e-09
1785523725790091500,44298448,-100.10698699951172,-17.739139556884766,-35.9556770324707,0.061790548264980316,0.1322113424539566,0.1355387419462204,-0.9799649119377136,-3.4661550521850586,7.7372565269470215,0.8281939029693604,-1.804317806275435e-11,-2.456965741970407e-10,3.6422593829854577e-09
1785523725804400000,44318465,-100.04878997802734,-17.8375244140625,-35.958412170410156,0.061790548264980316,0.1322113424539566,0.1355387419462204,-0.9799649119377136,-3.495540142059326,7.755654811859131,0.8267202377319336,-1.1587730774920146e-11,-1.57791557597875e-10,3.03430658377124e-09
1785523725816962000,44331776,-99.96156311035156,-17.98440933227539,-35.96244430541992,0.061790548264980316,0.1322113424539566,0.1355387419462204,-0.9799649119377136,-3.5149593353271484,7.767815589904785,0.8257076740264893,-8.628264769328098e-12,-1.174899066924695e-10,2.6868030023052825e-09
1785523725831476200,44352029,-99.90288543701172,-18.08272933959961,-35.96512222290039,0.061790548264980316,0.1322113424539566,0.1355387419462204,-0.9799649119377136,-3.544036865234375,7.786033630371094,0.8241338133811951,-5.527522883852498e-12,-7.526818057712603e-11,2.236149709844426e-09
1785523725844044000,44365150,-99.81375122070312,-18.231536865234375,-35.96912384033203,0.061790548264980316,0.1322113424539566,0.1355387419462204,-0.9799649119377136,-3.563084125518799,7.797975063323975,0.8230647444725037,-4.1202874445644966e-12,-5.610434339331505e-11,1.980899666520486e-09
1785523725859375700,44365150,-99.81375122070312,-18.231536865234375,-35.96912384033203,0.061790548264980316,0.1322113424539566,0.1355387419462204,-0.9799649119377136,-3.563084125518799,7.797975063323975,0.8230647444725037,-4.1202874445644966e-12,-5.610434339331505e-11,1.980899666520486e-09
1785523725873802200,44385199,-99.75538635253906,-18.32854461669922,-35.97171401977539,0.061790548264980316,0.1322113424539566,0.1355387419462204,-0.9799649119377136,-3.5913524627685547,7.8157057762146,0.8214216232299805,-2.6550706078154462e-12,-3.615285848468375e-11,1.6524511758930771e-09
1785523725886105500,44398397,-99.66613006591797,-18.476337432861328,-35.97562026977539,0.061790548264980316,0.1322113424539566,0.1355387419462204,-0.9799649119377136,-3.610133647918701,7.82749080657959,0.8202922940254211,-1.977973340672179e-12,-2.6932900354381673e-11,1.4635033185328439e-09
1785523725899213600,44418707,-99.60628509521484,-18.57499885559082,-35.97819900512695,0.061790548264980316,0.1322113424539566,0.1355387419462204,-0.9799649119377136,-3.6382150650024414,7.845124244689941,0.8185467720031738,-1.2689571615709383e-12,-1.727770704285092e-11,1.2186894826626826e-09
1785523725915201000,44431846,-99.51535034179688,-18.724334716796875,-35.98207473754883,0.061790548264980316,0.1322113424539566,0.1355387419462204,-0.9799649119377136,-3.6567001342773438,7.85673713684082,0.8173600435256958,-9.452438831658583e-13,-1.2870260412967127e-11,1.0793025362332287e-09
1785523725928925800,44431846,-99.51535034179688,-18.724334716796875,-35.98207473754883,0.061790548264980316,0.1322113424539566,0.1355387419462204,-0.9799649119377136,-3.6567001342773438,7.85673713684082,0.8173600435256958,-9.452438831658583e-13,-1.2870260412967127e-11,1.0793025362332287e-09
1785523725943196200,44451878,-99.45526885986328,-18.822635650634766,-35.98460388183594,0.061790548264980316,0.1322113424539566,0.1355387419462204,-0.9799649119377136,-3.684115409851074,7.873974323272705,0.8155439496040344,-6.086381398873186e-13,-8.2867601669534e-12,9.000596934427563e-10
1785523725957767200,44465114,-99.36409759521484,-18.971210479736328,-35.9883918762207,0.061790548264980316,0.1322113424539566,0.1355387419462204,-0.9799649119377136,-3.702312469482422,7.885422706604004,0.8143010139465332,-4.5326242759102797e-13,-6.1714799937107045e-12,7.970469839690963e-10
1785523725971992900,44485124,-99.30277252197266,-19.07076644897461,-35.99091339111328,0.061790548264980316,0.1322113424539566,0.1355387419462204,-0.9799649119377136,-3.729343891143799,7.902442455291748,0.8123989105224609,-2.915168106909505e-13,-3.969186090913013e-12,6.643891548030467e-10
1785523725984594100,44498462,-99.21073913574219,-19.219594955444336,-35.99464416503906,0.061790548264980316,0.1322113424539566,0.1355387419462204,-0.9799649119377136,-3.7472357749938965,7.9137139320373535,0.8111026287078857,-2.1717350140448843e-13,-2.9564545256377528e-12,5.883836751152671e-10
1785523725997743900,44518439,-99.14875030517578,-19.319486618041992,-35.99712371826172,0.061790548264980316,0.1322113424539566,0.1355387419462204,-0.9799649119377136,-3.7738308906555176,7.930481910705566,0.809120237827301,-1.3963830092222906e-13,-1.9011875407315415e-12,4.904299744090679e-10
1785523726013580000,44531767,-99.05577850341797,-19.46878433227539,-36.000816345214844,0.061790548264980316,0.1322113424539566,0.1355387419462204,-0.9799649119377136,-3.7914443016052246,7.941597938537598,0.8077703714370728,-1.03965447362242e-13,-1.4156037453361137e-12,4.342662895950866e-10
1785523726026135600,44531767,-99.05577850341797,-19.46878433227539,-36.000816345214844,0.061790548264980316,0.1322113424539566,0.1355387419462204,-0.9799649119377136,-3.7914443016052246,7.941597938537598,0.8077703714370728,-1.03965447362242e-13,-1.4156037453361137e-12,4.342662895950866e-10
1785523726040754500,44551862,-98.9930419921875,-19.569164276123047,-36.00327682495117,0.061790548264980316,0.1322113424539566,0.1355387419462204,-0.9799649119377136,-3.817659854888916,7.958155632019043,0.805705726146698,-6.679379271901098e-14,-9.092587793801954e-13,3.6180505813554475e-10
1785523726053327500,44565074,-98.89886474609375,-19.719295501708984,-36.00693893432617,0.061790548264980316,0.1322113424539566,0.1355387419462204,-0.9799649119377136,-3.834960460662842,7.969092845916748,0.8043065071105957,-4.975186929101483e-14,-6.772360450213455e-13,3.204129184197768e-10
1785523726066813000,44585275,-98.8358154296875,-19.819486618041992,-36.009361267089844,0.061790548264980316,0.1322113424539566,0.1355387419462204,-0.9799649119377136,-3.860762119293213,7.985419273376465,0.8021644353866577,-3.193972863968497e-14,-4.347494586554035e-13,2.6689520038480907e-10
1785523726080876800,44598431,-98.74034881591797,-19.970643997192383,-36.01299285888672,0.061790548264980316,0.1322113424539566,0.1355387419462204,-0.9799649119377136,-3.877774238586426,7.996194839477539,0.8007155060768127,-2.3800406090401793e-14,-3.237965451319269e-13,2.363550744011178e-10
1785523726094999700,44618154,-98.67691040039062,-20.07076072692871,-36.015384674072266,0.061790548264980316,0.1322113424539566,0.1355387419462204,-0.9799649119377136,-3.886202812194824,8.001534461975098,0.7999864816665649,-2.0556473190325164e-14,-2.7959579096403786e-13,2.224772172043643e-10
1785523726109621800,44618374,-98.67691040039062,-20.07076072692871,-36.015384674072266,0.061790548264980316,0.1322113424539566,0.1355387419462204,-0.9799649119377136,-3.902937889099121,8.01214599609375,0.798517644405365,-1.5341894421538882e-14,-2.0863866190268254e-13,1.9717102950345122e-10
1785523726121994000,44631833,-98.58148193359375,-20.220815658569336,-36.018959045410156,0.061790548264980316,0.1322113424539566,0.1355387419462204,-0.9799649119377136,-3.919682025909424,8.022772789001465,0.7970190048217773,-1.1424888812783252e-14,-1.553202011450594e-13,1.7458166856609836e-10
1785523726137874300,44652231,-98.5166015625,-20.32247543334961,-36.0213623046875,0.061790548264980316,0.1322113424539566,0.1355387419462204,-0.9799649119377136,-3.944843292236328,8.038755416870117,0.7947118878364563,-7.306655280814311e-15,-9.92608772953929e-14,1.4516753077398192e-10
1785523726151797800,44665100,-98.4183578491211,-20.475902557373047,-36.02496337890625,0.061790548264980316,0.1322113424539566,0.1355387419462204,-0.9799649119377136,-3.961207389831543,8.049161911010742,0.7931751012802124,-5.4539706084710815e-15,-7.40171812729784e-14,1.2862313991668373e-10
1785523726164465300,44685426,-98.3548812866211,-20.57477569580078,-36.027278900146484,0.061790548264980316,0.1322113424539566,0.1355387419462204,-0.9799649119377136,-3.9856386184692383,8.064717292785645,0.7908269166946411,-3.5110803153770576e-15,-4.757305660518796e-14,1.0719398979563977e-10
1785523726177834300,44698445,-98.25605010986328,-20.728178024291992,-36.030853271484375,0.061790548264980316,0.1322113424539566,0.1355387419462204,-0.9799649119377136,-4.001746654510498,8.074983596801758,0.7892425656318665,-2.6142282782970483e-15,-3.545774784896594e-14,9.495717406826643e-11
1785523726192367200,44698445,-98.25605010986328,-20.728178024291992,-36.030853271484375,0.061790548264980316,0.1322113424539566,0.1355387419462204,-0.9799649119377136,-4.001746654510498,8.074983596801758,0.7892425656318665,-2.6142282782970483e-15,-3.545774784896594e-14,9.495717406826643e-11
1785523726206821400,44718553,-98.19155883789062,-20.827943801879883,-36.03317642211914,0.061790548264980316,0.1322113424539566,0.1355387419462204,-0.9799649119377136,-4.025652885437012,8.090238571166992,0.7868385314941406,-1.6826817716975029e-15,-2.2830695667330758e-14,7.91985782511162e-11
1785523726219466900,44731797,-98.0927734375,-20.980327606201172,-36.03669357299805,0.061790548264980316,0.1322113424539566,0.1355387419462204,-0.9799649119377136,-4.041515350341797,8.100371360778809,0.785207211971283,-1.2559397966072083e-15,-1.7002024788048686e-14,7.013788855259051e-11
1785523726232579900,44751920,-98.0268325805664,-21.081756591796875,-36.03903579711914,0.061790548264980316,0.1322113424539566,0.1355387419462204,-0.9799649119377136,-4.065108776092529,8.115462303161621,0.782728374004364,-8.083811398051921e-16,-1.0918349557798024e-14,5.844896788786969e-11
1785523726246565200,44765143,-97.92718505859375,-21.234506607055664,-36.04255294799805,0.061790548264980316,0.1322113424539566,0.1355387419462204,-0.9799649119377136,-4.080694198608398,8.125444412231445,0.7810553908348083,-6.045511313779173e-16,-8.128914208427318e-15,5.176047784827276e-11
1785523726259492500,44765143,-97.92718505859375,-21.234506607055664,-36.04255294799805,0.061790548264980316,0.1322113424539566,0.1355387419462204,-0.9799649119377136,-4.080694198608398,8.125444412231445,0.7810553908348083,-6.045511313779173e-16,-8.128914208427318e-15,5.176047784827276e-11
1785523726275488300,44785274,-97.86062622070312,-21.33626365661621,-36.04487609863281,0.061790548264980316,0.1322113424539566,0.1355387419462204,-0.9799649119377136,-4.103861331939697,8.140301704406738,0.7785153388977051,-3.894454203567932e-16,-5.221517662690189e-15,4.3136060695614376e-11
1785523726287993100,44798471,-97.7602310180664,-21.489295959472656,-36.048362731933594,0.061790548264980316,0.1322113424539566,0.1355387419462204,-0.9799649119377136,-4.1191534996032715,8.150277137756348,0.7765726447105408,-0.17985214293003082,5.960464477539063e-08,-2.2351741790771484e-08
1785523726302140200,44818543,-97.69308471679688,-21.59132194519043,-36.05068588256836,0.062021464109420776,0.13210316002368927,0.13725081086158752,-0.9797266721725464,-4.1416015625,8.164690017700195,0.8004159331321716,-0.9190012216567993,1.4901161193847656e-07,-2.9802322387695312e-08
1785523726316106600,44831847,-97.591796875,-21.744853973388672,-36.05423355102539,0.06320520490407944,0.131540909409523,0.14604289829730988,-0.9784547090530396,-4.156008720397949,8.16287899017334,0.9442158937454224,-1.4109470844268799,2.980232238769531e-07,-1.1920928955078125e-07
1785523726328933900,44851840,-97.52413940429688,-21.847171783447266,-36.05662536621094,0.06453245878219604,0.13089489936828613,0.15593214333057404,-0.9769275188446045,-4.176263332366943,8.169181823730469,1.1068259477615356,-2.1827304363250732,2.9802322387695312e-08,-1.1920928955078125e-07
1785523726345247500,44865137,-97.42237854003906,-22.000839233398438,-36.06027603149414,0.06733235716819763,0.1294768750667572,0.1769043654203415,-0.9733483195304871,-4.18886137008667,8.13534927368164,1.4609229564666748,-2.419694185256958,-1.1920928955078125e-07,1.7881393432617188e-07
1785523726357702400,44865137,-97.42237854003906,-22.000839233398438,-36.06027603149414,0.06733235716819763,0.1294768750667572,0.1769043654203415,-0.9733483195304871,-4.18886137008667,8.13534927368164,1.4609229564666748,-2.419694185256958,-1.1920928955078125e-07,1.7881393432617188e-07
1785523726371757300,44885302,-97.35382843017578,-22.10438346862793,-36.06272888183594,0.06943067908287048,0.12836389243602753,0.19272218644618988,-0.9703403115272522,-4.206300258636475,8.11943244934082,1.740899682044983,-2.4330618381500244,-1.7881393432617188e-07,1.7881393432617188e-07
1785523726386073800,44898438,-97.25093841552734,-22.259897232055664,-36.0662727355957,0.0725347250699997,0.12663578987121582,0.21628502011299133,-0.9653615355491638,-4.216841220855713,8.051437377929688,2.1512646675109863,-2.385006904602051,-1.1920928955078125e-07,1.7881393432617188e-07
1785523726399281200,44918605,-97.1826171875,-22.363388061523438,-36.06848907470703,0.07452094554901123,0.12547723948955536,0.23146799206733704,-0.9618340134620667,-4.231324195861816,8.02121353149414,2.439842462539673,-2.0115952491760254,-2.980232238769531e-07,3.5762786865234375e-07
1785523726413974800,44931745,-97.07913970947266,-22.52064323425293,-36.07154846191406,0.07704783976078033,0.12394167482852936,0.25090742111206055,-0.9569470286369324,-4.240169048309326,7.944037914276123,2.792829751968384,-1.7807480096817017,-5.960464477539063e-08,3.5762786865234375e-07
1785523726426663100,44931745,-97.07913970947266,-22.52064323425293,-36.07154846191406,0.07704783976078033,0.12394167482852936,0.25090742111206055,-0.9569470286369324,-4.240169048309326,7.944037914276123,2.792829751968384,-1.7807480096817017,-5.960464477539063e-08,3.5762786865234375e-07
1785523726441284400,44952053,-97.01039123535156,-22.62553596496582,-36.073326110839844,0.07848767191171646,0.12303493916988373,0.2620476484298706,-0.9539565443992615,-4.2524518966674805,7.920217990875244,3.0294294357299805,-1.0506644248962402,1.043081283569336e-07,8.940696716308594e-08
1785523726455134800,44965133,-96.90601348876953,-22.785594940185547,-36.07558059692383,0.07981029152870178,0.12218112498521805,0.27232277393341064,-0.9510743618011475,-4.260131359100342,7.881626129150391,3.237410068511963,-0.6333906650543213,7.450580596923828e-08,-2.9802322387695312e-08
1785523726468331600,44985425,-96.83753967285156,-22.89116668701172,-36.076744079589844,0.08028358966112137,0.12187065184116364,0.2760096490383148,-0.9500110149383545,-4.271305084228516,7.899256706237793,3.3576529026031494,-0.24872413277626038,2.2351741790771484e-08,-1.043081283569336e-07
1785523726482652900,44998675,-96.73233795166016,-23.054271697998047,-36.07802963256836,0.08060451596975327,0.12165862321853638,0.278512567281723,-0.9492802023887634,-4.278573513031006,7.909919738769531,3.439241409301758,-0.06997100263834,3.5390257835388184e-08,-1.0058283805847168e-07
1785523726496356700,44998675,-96.73233795166016,-23.054271697998047,-36.07802963256836,0.08060451596975327,0.12165862321853638,0.278512567281723,-0.9492802023887634,-4.278573513031006,7.909919738769531,3.439241409301758,-0.06997100263834,3.5390257835388184e-08,-1.0058283805847168e-07
1785523726508956000,45018895,-96.6630859375,-23.16221046447754,-36.07854080200195,0.08064036816358566,0.12163485586643219,0.2787923514842987,-0.9491980671882629,-4.289304733276367,7.950069427490234,3.503392219543457,0.012724824249744415,2.9103830456733704e-08,-9.266659617424011e-08
1785523726521655000,45031872,-96.55850982666016,-23.32610321044922,-36.07880401611328,0.08063019812107086,0.121641606092453,0.27871301770210266,-0.9492213129997253,-4.296319007873535,7.97828483581543,3.5409326553344727,-0.008456991985440254,1.885928213596344e-08,-7.986091077327728e-08
1785523726536813000,45052208,-96.49031066894531,-23.43355369567871,-36.07865524291992,0.08064296841621399,0.1216331347823143,0.27881261706352234,-0.9491921067237854,-4.306811332702637,8.019048690795898,3.6008639335632324,-0.04791511967778206,1.0896474123001099e-07,2.421438694000244e-08
1785523726549600100,45065161,-96.384765625,-23.600736618041992,-36.07794189453125,0.08070005476474762,0.12159528583288193,0.2792581021785736,-0.9490611553192139,-4.31369686126709,8.04304313659668,3.646841526031494,-0.05584610626101494,1.4901161193847656e-07,6.146728992462158e-08
1785523726562476100,45085315,-96.31616973876953,-23.709989547729492,-36.07716369628906,0.08074425160884857,0.12156593799591064,0.27960309386253357,-0.9489595890045166,-4.32388973236084,8.081171035766602,3.7100062370300293,-0.04862024262547493,-1.2479722499847412e-07,-3.3527612686157227e-08
1785523726576180100,45098469,-96.21109008789062,-23.87822151184082,-36.07548141479492,0.08080346882343292,0.1215265765786171,0.2800654172897339,-0.9488231539726257,-4.330610752105713,8.104602813720703,3.755939483642578,-0.041360288858413696,-9.499490261077881e-08,-2.7939677238464355e-08
1785523726590551500,45098469,-96.21109008789062,-23.87822151184082,-36.07548141479492,0.08080346882343292,0.1215265765786171,0.2800654172897339,-0.9488231539726257,-4.330610752105713,8.104602813720703,3.755939483642578,-0.041360288858413696,-9.499490261077881e-08,-2.7939677238464355e-08
1785523726603409300,45118573,-96.1414794921875,-23.990169525146484,-36.074058532714844,0.08083567023277283,0.12150516360998154,0.2803168296813965,-0.9487489461898804,-4.340573787689209,8.142915725708008,3.8169054985046387,-0.03480023518204689,1.0523945093154907e-07,9.96515154838562e-08
1785523726618856600,45131885,-96.03632354736328,-24.16020393371582,-36.07143783569336,0.08087819069623947,0.12147685885429382,0.2806488573551178,-0.9486507773399353,-4.34714412689209,8.166956901550293,3.860156536102295,-0.032936640083789825,1.9650906324386597e-07,8.381903171539307e-08
1785523726631520600,45152330,-95.96617126464844,-24.274173736572266,-36.06938934326172,0.08090461790561676,0.12145925313234329,0.28085529804229736,-0.9485896825790405,-4.357004165649414,8.20556640625,3.92028546333313,-0.031138455495238304,3.306195139884949e-08,-1.424923539161682e-07
1785523726645709100,45165175,-95.85874938964844,-24.44956398010254,-36.06577682495117,0.08094316720962524,0.1214335709810257,0.28115639090538025,-0.9485005140304565,-4.363376617431641,8.229241371154785,3.9622039794921875,-0.02977815829217434,-4.0046870708465576e-08,-2.5331974029541016e-07
1785523726661461900,45165175,-95.85874938964844,-24.44956398010254,-36.06577682495117,0.08094316720962524,0.1214335709810257,0.28115639090538025,-0.9485005140304565,-4.363376617431641,8.229241371154785,3.9622039794921875,-0.02977815829217434,-4.0046870708465576e-08,-2.5331974029541016e-07
1785523726674555600,45185273,-95.7906265258789,-24.56132698059082,-36.06319808959961,0.08096623420715332,0.12141818553209305,0.28133657574653625,-0.948447048664093,-4.372777938842773,8.266515731811523,4.019672393798828,-0.027363579720258713,-6.752088665962219e-08,-8.381903171539307e-08
1785523726686806200,45198449,-95.6850357055664,-24.735395431518555,-36.05874252319336,0.0809994786977768,0.1213960126042366,0.28159624338150024,-0.9483700394630432,-4.379027366638184,8.290205001831055,4.060434818267822,-0.025708826258778572,1.6624107956886292e-07,9.592622518539429e-08
1785523726701246700,45218408,-95.61479949951172,-24.851722717285156,-36.055503845214844,0.08101990073919296,0.12138238549232483,0.2817557752132416,-0.948322594165802,-4.388275146484375,8.327327728271484,4.116998195648193,-0.023458870127797127,2.0070001482963562e-07,1.993030309677124e-07
1785523726715709400,45231846,-95.50929260253906,-25.027231216430664,-36.05019760131836,0.08104828745126724,0.12136343121528625,0.2819775938987732,-0.9482566714286804,-4.394399642944336,8.350994110107422,4.156596660614014,-0.02211495116353035,1.601874828338623e-07,4.6566128730773926e-08
1785523726728673800,45251841,-95.43820190429688,-25.146087646484375,-36.04633331298828,0.0810660570859909,0.12135157734155655,0.2821163833141327,-0.9482153654098511,-4.403469562530518,8.387846946716309,4.212041854858398,-0.020284244790673256,7.683411240577698e-08,-8.242204785346985e-08
1785523726744324500,45265045,-95.33234405517578,-25.323802947998047,-36.0401496887207,0.08109061419963837,0.12133516371250153,0.28230828046798706,-0.948158323764801,-4.409441947937012,8.411297798156738,4.2503862380981445,-0.0191508736461401,1.6763806343078613e-08,-1.993030309677124e-07
1785523726756625600,45265045,-95.33234405517578,-25.323802947998047,-36.0401496887207,0.08109061419963837,0.12133516371250153,0.28230828046798706,-0.948158323764801,-4.409441947937012,8.411297798156738,4.2503862380981445,-0.0191508736461401,1.6763806343078613e-08,-1.993030309677124e-07
1785523726769984500,45285708,-95.26148223876953,-25.44330596923828,-36.035736083984375,0.08110590279102325,0.12132494151592255,0.2824277877807617,-0.9481226801872253,-4.418457984924316,8.448368072509766,4.305380821228027,-0.017514154314994812,-2.561137080192566e-08,-3.91155481338501e-08
1785523726784427700,45298697,-95.15234375,-25.628183364868164,-36.028499603271484,0.08112773299217224,0.12131034582853317,0.2825984060764313,-0.9480718374252319,-4.424321174621582,8.471711158752441,4.342848300933838,-0.016520792618393898,-8.987262845039368e-08,8.381903171539307e-09
1785523726799434200,45318506,-95.08265686035156,-25.746747970581055,-36.02360916137695,0.0811406672000885,0.12130170315504074,0.28269946575164795,-0.9480417370796204,-4.43284273147583,8.507098197937012,4.394739151000977,-0.015172149986028671,-5.8673322200775146e-08,6.51925802230835e-09
1785523726810957500,45331730,-94.97769165039062,-25.926034927368164,-36.01585388183594,0.08115880191326141,0.12128956615924835,0.2828412353992462,-0.9479994773864746,-4.438506603240967,8.53000259399414,4.430605888366699,-0.014319870620965958,-4.423782229423523e-08,6.05359673500061e-09
1785523726825182200,45331730,-94.97769165039062,-25.926034927368164,-36.01585388183594,0.08115880191326141,0.12128956615924835,0.2828412353992462,-0.9479994773864746,-4.438506603240967,8.53000259399414,4.430605888366699,-0.014319870620965958,-4.423782229423523e-08,6.05359673500061e-09
1785523726839649100,45351784,-94.9066390991211,-26.047929763793945,-36.010345458984375,0.0811702162027359,0.1212819293141365,0.2829303741455078,-0.94797283411026,-4.446966648101807,8.565478324890137,4.482025146484375,-0.013116437010467052,-2.9103830456733704e-08,6.05359673500061e-09
1785523726854314300,45365169,-94.79991912841797,-26.23170280456543,-36.00168228149414,0.08118611574172974,0.1212712824344635,0.2830546796321869,-0.9479357004165649,-4.45257568359375,8.588446617126465,4.5173020362854,-0.012367259711027145,-2.2351741790771484e-08,5.587935447692871e-09
1785523726866858500,45385143,-94.72796630859375,-26.356157302856445,-35.99557876586914,0.08119606971740723,0.12126461416482925,0.28313249349594116,-0.9479124546051025,-4.460849285125732,8.623435974121094,4.567442417144775,-0.01133563369512558,-1.4668330550193787e-08,4.6566128730773926e-09
1785523726882104300,45398418,-94.62163543701172,-26.54069709777832,-35.9861946105957,0.08120972663164139,0.12125547975301743,0.2832392454147339,-0.9478806257247925,-4.466299533843994,8.646017074584961,4.60147762298584,-0.01069758739322424,-1.1175870895385742e-08,3.958120942115784e-09
1785523726894892300,45398418,-94.62163543701172,-26.54069709777832,-35.9861946105957,0.08120972663164139,0.12125547975301743,0.2832392454147339,-0.9478806257247925,-4.466299533843994,8.646017074584961,4.60147762298584,-0.01069758739322424,-1.1175870895385742e-08,3.958120942115784e-09
1785523726907490800,45418523,-94.55007934570312,-26.6654052734375,-35.97962188720703,0.08121825754642487,0.12124976515769958,0.28330597281455994,-0.9478607177734375,-4.474409103393555,8.680602073669434,4.6504364013671875,-0.009801969863474369,7.264316082000732e-08,3.259629011154175e-09
1785523726923588600,45431677,-94.4428482055664,-26.85298728942871,-35.969417572021484,0.08123015612363815,0.12124178558588028,0.28339898586273193,-0.9478328824043274,-4.479745388031006,8.702951431274414,4.683555603027344,-0.009247981943190098,1.9208528101444244e-07,3.259629011154175e-09
1785523726936645800,45451592,-94.37144470214844,-26.978378295898438,-35.96237564086914,0.08123750239610672,0.1212368756532669,0.28345638513565063,-0.9478157162666321,-4.487625598907471,8.736828804016113,4.730962753295898,-0.008480643853545189,1.234002411365509e-07,2.7939677238464355e-09
1785523726949732100,45465091,-94.26487731933594,-27.166229248046875,-35.95151901245117,0.08124770224094391,0.12123002856969833,0.2835361361503601,-0.9477918744087219,-4.49287223815918,8.759021759033203,4.763261318206787,-0.007997722364962101,5.133915692567825e-08,2.3283064365386963e-09
1785523726964139500,45485154,-94.19214630126953,-27.294872283935547,-35.943870544433594,0.08125415444374084,0.12122570723295212,0.2835865914821625,-0.947776734828949,-4.50067663192749,8.792803764343262,4.8100056648254395,-0.007323612459003925,-2.0954757928848267e-09,2.0954757928848267e-09
1785523726977184300,45498524,-94.0843734741211,-27.48625373840332,-35.93218994140625,0.08126305043697357,0.12121975421905518,0.28365612030029297,-0.9477559328079224,-4.505797386169434,8.814653396606445,4.841315746307373,-0.006910084746778011,-1.7462298274040222e-09,1.862645149230957e-09
1785523726991405100,45498524,-94.0843734741211,-27.48625373840332,-35.93218994140625,0.08126305043697357,0.12121975421905518,0.28365612030029297,-0.9477559328079224,-4.505797386169434,8.814653396606445,4.841315746307373,-0.006910084746778011,-1.7462298274040222e-09,1.862645149230957e-09
1785523727007256000,45518710,-94.0125732421875,-27.614164352416992,-35.9241943359375,0.0812685489654541,0.1212160512804985,0.283699095249176,-0.9477431178092957,-4.5134406089782715,8.847970962524414,4.886864185333252,-0.006328296847641468,-1.280568540096283e-09,1.6298145055770874e-09
1785523727021876300,45531764,-93.90367126464844,-27.808856964111328,-35.911712646484375,0.08127628266811371,0.12121086567640305,0.28375959396362305,-0.9477249383926392,-4.518438339233398,8.869475364685059,4.917217254638672,-0.00597277469933033,-1.280568540096283e-09,1.6298145055770874e-09
1785523727034915400,45551732,-93.83273315429688,-27.9361572265625,-35.90337371826172,0.08128097653388977,0.12120772898197174,0.2837963104248047,-0.9477139711380005,-4.525818347930908,8.901838302612305,4.960966110229492,-0.005478754173964262,-1.0477378964424133e-09,1.3969838619232178e-09
1785523727048205500,45565090,-93.72515106201172,-28.129770278930664,-35.890403747558594,0.08128759264945984,0.12120329588651657,0.28384798765182495,-0.9476985335350037,-4.530731678009033,8.923151016235352,4.990558624267578,-0.0051676188595592976,-9.313225746154785e-10,1.1641532182693481e-09
1785523727062528800,45565090,-93.72515106201172,-28.129770278930664,-35.890403747558594,0.08128759264945984,0.12120329588651657,0.28384798765182495,-0.9476985335350037,-4.530731678009033,8.923151016235352,4.990558624267578,-0.0051676188595592976,-9.313225746154785e-10,1.1641532182693481e-09
1785523727075484700,45598431,-93.54331970214844,-28.458797454833984,-35.86764144897461,0.08129751682281494,0.12119664251804352,0.2839255928993225,-0.9476752877235413,-4.542871952056885,8.97648811340332,5.062533378601074,-0.004463545978069305,-6.984919309616089e-10,1.0477378964424133e-09
1785523727089898900,45598431,-93.54331970214844,-28.458797454833984,-35.86764144897461,0.08129751682281494,0.12119664251804352,0.2839255928993225,-0.9476752877235413,-4.542871952056885,8.97648811340332,5.062533378601074,-0.004463545978069305,-6.984919309616089e-10,1.0477378964424133e-09
1785523727104276000,45618667,-93.47183227539062,-28.58870506286621,-35.85841369628906,0.08130103349685669,0.1211942657828331,0.28395307064056396,-0.9476670026779175,-4.550018310546875,9.008186340332031,5.104419708251953,-0.004089942201972008,-8.149072527885437e-10,9.313225746154785e-10
1785523727118794600,45631720,-93.36241912841797,-28.788236618041992,-35.84397888183594,0.08130602538585663,0.12119092047214508,0.28399214148521423,-0.9476553201675415,-4.554717540740967,9.028841972351074,5.132288455963135,-0.0038598203100264072,-5.820766091346741e-10,8.149072527885437e-10
1785523727133504100,45652357,-93.29085540771484,-28.91910171508789,-35.8343505859375,0.08130906522274017,0.12118887901306152,0.284015953540802,-0.9476481080055237,-4.561767101287842,9.060263633728027,5.173334121704102,-0.003532620146870613,-6.984919309616089e-10,6.984919309616089e-10
1785523727145874400,45665099,-93.18003845214844,-29.122406005859375,-35.81913375854492,0.08131343126296997,0.12118595838546753,0.2840500473976135,-0.9476379752159119,-4.566364765167236,9.080582618713379,5.200370788574219,-0.003334145760163665,-6.984919309616089e-10,6.984919309616089e-10
1785523727159754600,45665099,-93.18003845214844,-29.122406005859375,-35.81913375854492,0.08131343126296997,0.12118595838546753,0.2840500473976135,-0.9476379752159119,-4.566364765167236,9.080582618713379,5.200370788574219,-0.003334145760163665,-6.984919309616089e-10,6.984919309616089e-10
1785523727175777100,45685248,-93.109375,-29.252416610717773,-35.80925369262695,0.0813160166144371,0.12118422240018845,0.2840702533721924,-0.9476318955421448,-4.5731587409973145,9.111014366149902,5.239668846130371,-0.0030585669446736574,-6.984919309616089e-10,5.820766091346741e-10
1785523727188619200,45698504,-93.00022888183594,-29.4538516998291,-35.793697357177734,0.08131971955299377,0.12118174135684967,0.284099280834198,-0.9476232528686523,-4.5776777267456055,9.131113052368164,5.266019821166992,-0.0028853972908109426,-5.238689482212067e-10,3.4924596548080444e-10
1785523727201016000,45718706,-92.92769622802734,-29.588119506835938,-35.78318786621094,0.08132201433181763,0.12118019163608551,0.284117192029953,-0.9476178288459778,-4.584405899047852,9.16136646270752,5.304656982421875,-0.0026424480602145195,-5.238689482212067e-10,4.0745362639427185e-10
1785523727215106300,45731894,-92.81792449951172,-29.791805267333984,-35.76701736450195,0.0813252329826355,0.1211780309677124,0.2841423451900482,-0.9476102590560913,-4.588827133178711,9.181132316589355,5.330226898193359,-0.0024933062959462404,-5.238689482212067e-10,2.9103830456733704e-10
1785523727228434700,45731894,-92.81792449951172,-29.791805267333984,-35.76701736450195,0.0813252329826355,0.1211780309677124,0.2841423451900482,-0.9476102590560913,-4.588827133178711,9.181132316589355,5.330226898193359,-0.0024933062959462404,-5.238689482212067e-10,2.9103830456733704e-10
1785523727243843300,45765116,-92.63597106933594,-30.1309757232666,-35.739505767822266,0.08132998645305634,0.12117484211921692,0.2841795086860657,-0.9475991129875183,-4.599732398986816,9.230259895324707,5.3925089836120605,-0.0021559395827353,-3.4924596548080444e-10,4.0745362639427185e-10
1785523727255392800,45765116,-92.63597106933594,-30.1309757232666,-35.739505767822266,0.08132998645305634,0.12117484211921692,0.2841795086860657,-0.9475991129875183,-4.599732398986816,9.230259895324707,5.3925089836120605,-0.0021559395827353,-3.4924596548080444e-10,4.0745362639427185e-10
1785523727268662900,45785329,-92.56331634521484,-30.26691246032715,-35.72828674316406,0.08133168518543243,0.12117370218038559,0.284192830324173,-0.9475951790809631,-4.606186866760254,9.259515762329102,5.429009914398193,-0.0019753072410821915,-3.4924596548080444e-10,2.9103830456733704e-10
1785523727282907700,45798480,-92.45316314697266,-30.473573684692383,-35.711021423339844,0.08133408427238464,0.12117208540439606,0.2842116355895996,-0.9475895166397095,-4.610429286956787,9.27865982055664,5.453114032745361,-0.0018638873007148504,-2.9103830456733704e-10,3.4924596548080444e-10
1785523727296342700,45818692,-92.38069915771484,-30.60986328125,-35.69950485229492,0.08133555948734283,0.12117110192775726,0.28422313928604126,-0.9475860595703125,-4.616728782653809,9.3073091506958,5.488443851470947,-0.0017085678409785032,-2.9103830456733704e-10,2.9103830456733704e-10
1785523727311380600,45831770,-92.27078247070312,-30.817129135131836,-35.681800842285156,0.08133763074874878,0.12116970866918564,0.2842393219470978,-0.9475811719894409,-4.620893478393555,9.326173782348633,5.5118818283081055,-0.0016118378844112158,-2.6193447411060333e-10,2.9103830456733704e-10
1785523727325270700,45831770,-92.27078247070312,-30.817129135131836,-35.681800842285156,0.08133763074874878,0.12116970866918564,0.2842393219470978,-0.9475811719894409,-4.620893478393555,9.326173782348633,5.5118818283081055,-0.0016118378844112158,-2.6193447411060333e-10,2.9103830456733704e-10
1785523727339829800,45851774,-92.1976547241211,-30.9553165435791,-35.66987609863281,0.08133891224861145,0.1211688444018364,0.28424936532974243,-0.9475781917572021,-4.627058982849121,9.354301452636719,5.546164512634277,-0.001477046636864543,-2.9103830456733704e-10,2.3283064365386963e-10
1785523727353230000,45865072,-92.08816528320312,-31.162782669067383,-35.65178298950195,0.08134070038795471,0.12116765975952148,0.2842632830142975,-0.9475740194320679,-4.631145000457764,9.372888565063477,5.568948745727539,-0.001393565908074379,-2.9103830456733704e-10,2.3283064365386963e-10
1785523727366583700,45885137,-92.01433563232422,-31.303070068359375,-35.639427185058594,0.08134181052446365,0.12116691470146179,0.2842720150947571,-0.947571337223053,-4.637221813201904,9.40069580078125,5.602441787719727,-0.001276641502045095,-2.9103830456733704e-10,1.7462298274040222e-10
1785523727380063800,45898424,-91.9041748046875,-31.512802124023438,-35.620784759521484,0.08134336024522781,0.12116586416959763,0.2842840850353241,-0.9475677609443665,-4.641225814819336,9.418964385986328,5.6245436668396,-0.0012043890310451388,-2.6193447411060333e-10,1.7462298274040222e-10
1785523727394726500,45898424,-91.9041748046875,-31.512802124023438,-35.620784759521484,0.08134336024522781,0.12116586416959763,0.2842840850353241,-0.9475677609443665,-4.641225814819336,9.418964385986328,5.6245436668396,-0.0012043890310451388,-2.6193447411060333e-10,1.7462298274040222e-10
1785523727408834100,45918942,-91.83058166503906,-31.653242111206055,-35.60818862915039,0.08134432882070541,0.12116523087024689,0.28429165482521057,-0.947565495967865,-4.647256851196289,9.446643829345703,5.657477378845215,-0.0011019002413377166,-2.6193447411060333e-10,1.1641532182693481e-10
1785523727421381100,45931770,-91.71784973144531,-31.86890983581543,-35.58867645263672,0.08134567737579346,0.12116431444883347,0.2843022644519806,-0.9475623369216919,-4.6511640548706055,9.464529037475586,5.678833961486816,-0.001040204893797636,-1.7462298274040222e-10,1.1641532182693481e-10
1785523727434682100,45951903,-91.6463623046875,-32.00596618652344,-35.576168060302734,0.08134648203849792,0.1211637631058693,0.2843085527420044,-0.9475604295730591,-4.656919479370117,9.491022109985352,5.70997428894043,-0.0009547920199111104,-1.7462298274040222e-10,1.1641532182693481e-10
1785523727450085100,45965200,-91.5361328125,-32.217742919921875,-35.55668258666992,0.08134764432907104,0.12116298824548721,0.28431761264801025,-0.9475577473640442,-4.660766124725342,9.508683204650879,5.730782508850098,-0.0009007431799545884,-1.6007106751203537e-10,1.1641532182693481e-10
1785523727463099900,45985399,-91.46210479736328,-32.360286712646484,-35.54347229003906,0.08134835213422775,0.1211625188589096,0.28432318568229675,-0.9475560188293457,-4.666508197784424,9.535179138183594,5.761551380157471,-0.0008241489413194358,-1.4551915228366852e-10,8.731149137020111e-11
1785523727477849200,45998519,-91.3505859375,-32.57548141479492,-35.523372650146484,0.08134935796260834,0.12116184085607529,0.2843310534954071,-0.9475536346435547,-4.670281410217285,9.552556037902832,5.781757354736328,-0.0007777159917168319,-1.7462298274040222e-10,8.731149137020111e-11
1785523727489388200,45998519,-91.3505859375,-32.57548141479492,-35.523372650146484,0.08134935796260834,0.12116184085607529,0.2843310534954071,-0.9475536346435547,-4.670281410217285,9.552556037902832,5.781757354736328,-0.0007777159917168319,-1.7462298274040222e-10,8.731149137020111e-11
1785523727503996800,46018533,-91.27699279785156,-32.7177734375,-35.50998306274414,0.08134998381137848,0.12116140872240067,0.2843359410762787,-0.9475522637367249,-4.675857067108154,9.578338623046875,5.8113250732421875,-0.0007131383172236383,-1.1641532182693481e-10,1.0186340659856796e-10
1785523727519534200,46031765,-91.1664810180664,-32.93186950683594,-35.48970031738281,0.08135084062814713,0.1211608499288559,0.28434258699417114,-0.9475502371788025,-4.67954158782959,9.595349311828613,5.830840110778809,-0.0006729962769895792,-1.4551915228366852e-10,8.731149137020111e-11
1785523727532080200,46051677,-91.09257507324219,-33.07537078857422,-35.476009368896484,0.0813513845205307,0.12116047739982605,0.2843468487262726,-0.9475488662719727,-4.68501091003418,9.620705604553223,5.859565734863281,-0.0006166913080960512,-1.4551915228366852e-10,8.731149137020111e-11
1785523727546365800,46065030,-90.9818344116211,-33.29081344604492,-35.455326080322266,0.0813521146774292,0.12115998566150665,0.284352570772171,-0.947547197341919,-4.688638210296631,9.637487411499023,5.878559112548828,-0.0005819069338031113,-1.3096723705530167e-10,5.820766091346741e-11
1785523727559544600,46065030,-90.9818344116211,-33.29081344604492,-35.455326080322266,0.0813521146774292,0.12115998566150665,0.284352570772171,-0.947547197341919,-4.688638210296631,9.637487411499023,5.878559112548828,-0.0005819069338031113,-1.3096723705530167e-10,5.820766091346741e-11
1785523727573522000,46085137,-90.90730285644531,-33.43607711791992,-35.44129180908203,0.0813525840640068,0.12115967273712158,0.2843562662601471,-0.9475461840629578,-4.694023132324219,9.66250228881836,5.906530380249023,-0.0005332413129508495,-1.0186340659856796e-10,4.3655745685100555e-11
1785523727586450500,46098375,-90.79608917236328,-33.65325164794922,-35.420188903808594,0.08135323226451874,0.12115924060344696,0.2843612730503082,-0.9475446343421936,-4.697572708129883,9.678972244262695,5.924931526184082,-0.0005029754247516394,-1.0186340659856796e-10,4.3655745685100555e-11
1785523727602544400,46118586,-90.72171783447266,-33.79874038696289,-35.40597152709961,0.08135362714529037,0.12115896493196487,0.28436440229415894,-0.9475436806678772,-4.7028703689575195,9.703628540039062,5.952152729034424,-0.0004608115996234119,-8.731149137020111e-11,5.820766091346741e-11
1785523727615329500,46131771,-90.60948944091797,-34.01874542236328,-35.38434982299805,0.08135418593883514,0.12115859240293503,0.2843687832355499,-0.9475423097610474,-4.7063469886779785,9.71979808807373,5.969973087310791,-0.00043460223241709173,-8.731149137020111e-11,2.9103830456733704e-11
1785523727628904200,46131771,-90.60948944091797,-34.01874542236328,-35.38434982299805,0.08135418593883514,0.12115859240293503,0.2843687832355499,-0.9475423097610474,-4.7063469886779785,9.71979808807373,5.969973087310791,-0.00043460223241709173,-8.731149137020111e-11,2.9103830456733704e-11
1785523727641402400,46152142,-90.53569793701172,-34.16364288330078,-35.370033264160156,0.0813545361161232,0.12115836888551712,0.2843714952468872,-0.9475415349006653,-4.711546897888184,9.744043350219727,5.996395587921143,-0.0003980202309321612,-8.003553375601768e-11,2.9103830456733704e-11
1785523727656046400,46165184,-90.42253875732422,-34.386253356933594,-35.347923278808594,0.081355020403862,0.12115803360939026,0.2843753397464752,-0.9475404024124146,-4.714967250823975,9.759973526000977,6.013718128204346,-0.00037569995038211346,-8.003553375601768e-11,3.637978807091713e-11
1785523727670335100,46185196,-90.3486328125,-34.53187561035156,-35.33339309692383,0.08135531842708588,0.12115783989429474,0.2843776047229767,-0.9475396871566772,-4.720038414001465,9.784062385559082,6.038818359375,-0.0003445446491241455,-0.3138701915740967,-3.129243850708008e-07
1785523727685397000,46198605,-90.23722076416016,-34.751792907714844,-35.31134033203125,0.08048590272665024,0.12405379116535187,0.28462833166122437,-0.9471638798713684,-4.760959625244141,9.801138877868652,6.026093482971191,-0.0003249943256378174,-0.7148364186286926,1.7881393432617188e-07
1785523727697702000,46218903,-90.16222381591797,-34.90005111694336,-35.29642868041992,0.07891450822353363,0.1292780190706253,0.28507012128829956,-0.9464644193649292,-4.8366265296936035,9.830254554748535,5.996243953704834,-0.0002974271774291992,-1.5338804721832275,1.7881393432617188e-07
1785523727713324600,46231708,-90.04914093017578,-35.12385177612305,-35.27388000488281,0.07457420974969864,0.14364352822303772,0.2862391471862793,-0.944390058517456,-5.027189254760742,9.850021362304688,5.861373424530029,-0.00028133392333984375,-1.9802460670471191,1.1324882507324219e-06
1785523727726780200,46231708,-90.04914093017578,-35.12385177612305,-35.27388000488281,0.07457420974969864,0.14364352822303772,0.2862391471862793,-0.944390058517456,-5.027189254760742,9.850021362304688,5.861373424530029,-0.00028133392333984375,-1.9802460670471191,1.1324882507324219e-06
1785523727742651900,46252013,-89.97573852539062,-35.26910400390625,-35.259212493896484,0.07069261372089386,0.1564151793718338,0.287224143743515,-0.9423583149909973,-5.209090232849121,9.878801345825195,5.745693206787109,-0.0002570152282714844,-2.3638882637023926,2.384185791015625e-07
1785523727755441100,46265132,-89.86160278320312,-35.49475860595703,-35.236263275146484,0.06382361799478531,0.17884279787540436,0.2888306975364685,-0.9383596181869507,-5.500941276550293,9.895940780639648,5.5056962966918945,-0.00024199485778808594,-2.4300713539123535,5.960464477539062e-07
1785523727768726700,46285251,-89.7869873046875,-35.641841888427734,-35.22115707397461,-0.05920734629034996,-0.19379140436649323,-0.28981369733810425,0.9353862404823303,-5.7197699546813965,9.918926239013672,5.349092483520508,-0.0002225041389465332,-2.3880133628845215,1.1920928955078125e-07
1785523727782824000,46298459,-89.67257690429688,-35.866695404052734,-35.19771957397461,-0.05225197598338127,-0.2161312848329544,-0.29115021228790283,0.930477499961853,-6.006743431091309,9.931964874267578,5.082491874694824,-0.0002092123031616211,-2.1852927207946777,-1.1920928955078125e-07
1785523727797291600,46318464,-89.59620666503906,-36.01600646972656,-35.18186950683594,-0.04818028584122658,-0.22910717129707336,-0.29185283184051514,0.9273675084114075,-6.210688591003418,9.94739055633545,4.931686878204346,-0.00019174814224243164,-1.4627355337142944,-2.980232238769531e-07
1785523727811811600,46331756,-89.48038482666016,-36.24117660522461,-35.15742492675781,-0.04384738951921463,-0.24283432960510254,-0.29253700375556946,0.923867404460907,-6.401027679443359,9.956398010253906,4.756551742553711,-0.00018092989921569824,-1.151667594909668,-2.980232238769531e-07
1785523727825713300,46331756,-89.48038482666016,-36.24117660522461,-35.15742492675781,-0.04384738951921463,-0.24283432960510254,-0.29253700375556946,0.923867404460907,-6.401027679443359,9.956398010253906,4.756551742553711,-0.00018092989921569824,-1.151667594909668,-2.980232238769531e-07
1785523727838443800,46351761,-89.40261840820312,-36.39136505126953,-35.140716552734375,-0.041823726147413254,-0.249217227101326,-0.2928343415260315,0.9221657514572144,-6.539934158325195,9.969261169433594,4.682799339294434,-0.00016610324382781982,-0.38412684202194214,1.6391277313232422e-07
1785523727851804800,46365021,-89.28499603271484,-36.61699676513672,-35.114994049072266,-0.04064421355724335,-0.2529297471046448,-0.29300200939178467,0.9211539030075073,-6.6275248527526855,9.977428436279297,4.639521598815918,-0.00015676021575927734,-0.0581294484436512,-2.421438694000244e-08
1785523727867437000,46385385,-89.20570373535156,-36.76804733276367,-35.09736633300781,-0.04059486836194992,-0.2530852258205414,-0.29300978779792786,0.9211109280586243,-6.704553127288818,9.98910140991211,4.651660442352295,-0.00014348886907100677,0.04626507684588432,-2.421438694000244e-08
1785523727880360200,46398363,-89.083984375,-36.99836730957031,-35.06983947753906,-0.040714479982852936,-0.2527107000350952,-0.29299458861351013,0.9212132692337036,-6.7498555183410645,9.996691703796387,4.666444301605225,-0.00013543968088924885,0.010425389744341373,-1.2153759598731995e-07
1785523727894784600,46398363,-89.083984375,-36.99836730957031,-35.06983947753906,-0.040714479982852936,-0.2527107000350952,-0.29299458861351013,0.9212132692337036,-6.7498555183410645,9.996691703796387,4.666444301605225,-0.00013543968088924885,0.010425389744341373,-1.2153759598731995e-07
1785523727909058700,46431684,-88.88108825683594,-37.37815856933594,-35.02277755737305,-0.04056887328624725,-0.25316983461380005,-0.29301682114601135,0.9210865497589111,-6.876351833343506,10.015554428100586,4.682299613952637,-0.00011693499982357025,-0.06296560913324356,8.009374141693115e-08
1785523727923467500,46431684,-88.88108825683594,-37.37815856933594,-35.02277755737305,-0.04056887328624725,-0.25316983461380005,-0.29301682114601135,0.9210865497589111,-6.876351833343506,10.015554428100586,4.682299613952637,-0.00011693499982357025,-0.06296560913324356,8.009374141693115e-08
1785523727937678000,46451738,-88.80152130126953,-37.52577209472656,-35.00394058227539,-0.04045023396611214,-0.25354352593421936,-0.2930339574813843,0.9209834337234497,-6.951747417449951,10.026507377624512,4.689601898193359,-0.00010752677917480469,-0.05408431589603424,6.705522537231445e-08
1785523727952695600,46464991,-88.67788696289062,-37.75364303588867,-34.97426223754883,-0.04029249772429466,-0.25403985381126404,-0.2930567264556885,0.9208464622497559,-7.004828929901123,10.033803939819336,4.690572738647461,-0.00010140426456928253,-0.04425456002354622,1.0058283805847168e-07
1785523727967058800,46484939,-88.5943374633789,-37.90666961669922,-34.953941345214844,-0.04020966589450836,-0.25430071353912354,-0.2930688261985779,0.9207742214202881,-7.078662395477295,10.044570922851562,4.698904991149902,-9.299907833337784e-05,-0.035711031407117844,-2.9802322387695312e-08
1785523727981248900,46498279,-88.4696044921875,-38.133689880371094,-34.92319869995117,-0.04010544344782829,-0.2546287775039673,-0.29308396577835083,0.9206833243370056,-7.129408359527588,10.051711082458496,4.701902389526367,-8.776877075433731e-05,-0.033707499504089355,1.1175870895385742e-08
1785523727993552300,46498279,-88.4696044921875,-38.133689880371094,-34.92319869995117,-0.04010544344782829,-0.2546287775039673,-0.29308396577835083,0.9206833243370056,-7.129408359527588,10.051711082458496,4.701902389526367,-8.776877075433731e-05,-0.033707499504089355,1.1175870895385742e-08
1785523728006748200,46518274,-88.38410186767578,-38.28831481933594,-34.90187072753906,-0.04003949090838432,-0.2548364996910095,-0.2930934727191925,0.920625627040863,-7.202077388763428,10.062309265136719,4.710430145263672,-8.043088018894196e-05,-0.03234662860631943,3.725290298461914e-09
1785523728021303800,46531623,-88.25687408447266,-38.517005920410156,-34.8697509765625,-0.039945315569639206,-0.25513261556625366,-0.2931070923805237,0.9205434322357178,-7.251816749572754,10.069303512573242,4.713433265686035,-7.597170770168304e-05,-0.03115473873913288,8.66129994392395e-08
1785523728036347000,46551758,-88.17046356201172,-38.67140579223633,-34.847679138183594,-0.039885155856609344,-0.2553226351737976,-0.2931157946586609,0.9204904437065125,-7.323281764984131,10.079694747924805,4.721597671508789,-6.950180977582932e-05,-0.028687039390206337,7.450580596923828e-08
1785523728048777800,46565071,-88.04097747802734,-38.9013557434082,-34.81425094604492,-0.03980131074786186,-0.2555862069129944,-0.2931279242038727,0.920417070388794,-7.371963977813721,10.086546897888184,4.724649906158447,-6.542913615703583e-05,-0.02692248299717903,1.1362135410308838e-07
1785523728063134700,46585101,-87.9535903930664,-39.05561828613281,-34.79145812988281,-0.039749450981616974,-0.25574925541877747,-0.2931353449821472,0.9203715920448303,-7.4419660568237305,10.096723556518555,4.73261022567749,-6.000138819217682e-05,-0.024512913078069687,4.936009645462036e-08
1785523728077694300,46598327,-87.82234191894531,-39.28602600097656,-34.756858825683594,-0.03967791050672531,-0.25597450137138367,-0.29314562678337097,0.9203088879585266,-7.489526748657227,10.103459358215332,4.735846519470215,-5.667516961693764e-05,-0.023102078586816788,-4.0978193283081055e-08
1785523728090417400,46598327,-87.82234191894531,-39.28602600097656,-34.756858825683594,-0.03967791050672531,-0.25597450137138367,-0.29314562678337097,0.9203088879585266,-7.489526748657227,10.103459358215332,4.735846519470215,-5.667516961693764e-05,-0.023102078586816788,-4.0978193283081055e-08
1785523728104727200,46618359,-87.73367309570312,-39.44078826904297,-34.7332649230957,-0.03963330388069153,-0.2561146020889282,-0.29315200448036194,0.9202698469161987,-7.558093547821045,10.113445281982422,4.743587970733643,-5.203019827604294e-05,-0.021206393837928772,-1.1827796697616577e-07
1785523728119189800,46631644,-87.60089874267578,-39.67123031616211,-34.697593688964844,-0.03957170248031616,-0.25630879402160645,-0.29316088557243347,0.9202155470848083,-7.604610919952393,10.120064735412598,4.746932029724121,-4.932750016450882e-05,-0.020027535036206245,-1.0337680578231812e-07
1785523728133164000,46651609,-87.51066589355469,-39.82697296142578,-34.673118591308594,-0.039532795548439026,-0.2564307153224945,-0.2931664288043976,0.9201815128326416,-7.671941757202148,10.12989616394043,4.754437446594238,-4.512770101428032e-05,-0.01836993172764778,3.632158041000366e-08
1785523728145906000,46664949,-87.37612915039062,-40.0579833984375,-34.636314392089844,-0.03947934880852699,-0.2565988004207611,-0.29317405819892883,0.9201343655586243,-7.717462539672852,10.136404991149902,4.75783634185791,-4.245201125741005e-05,-0.017329134047031403,1.1734664440155029e-07
1785523728159780500,46664949,-87.37612915039062,-40.0579833984375,-34.636314392089844,-0.03947934880852699,-0.2565988004207611,-0.29317405819892883,0.9201343655586243,-7.717462539672852,10.136404991149902,4.75783634185791,-4.245201125741005e-05,-0.017329134047031403,1.1734664440155029e-07
1785523728174389800,46685094,-87.28453063964844,-40.21434783935547,-34.61105728149414,-0.03944580629467964,-0.2567044198513031,-0.2931787967681885,0.9201048612594604,-7.783592224121094,10.14610767364502,4.765115737915039,-3.87607142329216e-05,-0.01587880775332451,1.0244548320770264e-08
1785523728187113000,46698435,-87.14788818359375,-40.44642639160156,-34.57307052612305,-0.0393994115293026,-0.25685012340545654,-0.29318538308143616,0.9200641512870789,-7.828113555908203,10.152527809143066,4.768532752990723,-3.665732219815254e-05,-0.01497997809201479,8.381903171539307e-09
1785523728201618100,46718472,-87.0552749633789,-40.60285568237305,-34.547122955322266,-0.03937041014432907,-0.25694116950035095,-0.29318949580192566,0.920038640499115,-7.893062591552734,10.162103652954102,4.775585174560547,-3.3610500395298004e-05,-0.013727161101996899,-7.450580596923828e-08
1785523728214345200,46731736,-86.91629028320312,-40.83652877807617,-34.50786590576172,-0.039330221712589264,-0.25706762075424194,-0.2931952178478241,0.9200032949447632,-7.936565399169922,10.168425559997559,4.778988838195801,-3.1663570553064346e-05,-0.01295388676226139,-2.468004822731018e-08
1785523728229832800,46731736,-86.91629028320312,-40.83652877807617,-34.50786590576172,-0.039330221712589264,-0.25706762075424194,-0.2931952178478241,0.9200032949447632,-7.936565399169922,10.168425559997559,4.778988838195801,-3.1663570553064346e-05,-0.01295388676226139,-2.468004822731018e-08
1785523728241454300,46751908,-86.82304382324219,-40.99240493774414,-34.48134994506836,-0.03930531069636345,-0.2571459412574768,-0.29319876432418823,0.9199812412261963,-8.000061988830566,10.177841186523438,4.785773277282715,-2.9077520594000816e-05,-0.011874138377606869,1.7695128917694092e-08
1785523728255787800,46765036,-86.68230438232422,-41.22658157348633,-34.4410400390625,-0.039270639419555664,-0.2572551965713501,-0.2932037115097046,0.9199506640434265,-8.04252815246582,10.184074401855469,4.789149284362793,-2.7433736249804497e-05,-0.011205490678548813,1.5366822481155396e-08
1785523728269923000,46785553,-86.58820343017578,-41.382362365722656,-34.413902282714844,-0.03924906253814697,-0.2573227882385254,-0.29320675134658813,0.9199317693710327,-8.105469703674316,10.193483352661133,4.795766830444336,-2.5191809982061386e-05,-0.01025431603193283,4.842877388000488e-08
1785523728284600400,46798532,-86.44288635253906,-41.62168884277344,-34.37173080444336,-0.039218470454216,-0.2574189603328705,-0.2932111322879791,0.9199046492576599,-8.146886825561523,10.199607849121094,4.7990522384643555,-2.390262670814991e-05,-0.00968120526522398,1.3969838619232178e-09
1785523728300542400,46818528,-86.35003662109375,-41.77388000488281,-34.34462356567383,-0.03920038416981697,-0.25747594237327576,-0.29321369528770447,0.9198886156082153,-8.207104682922363,10.208685874938965,4.805261611938477,-2.1933577954769135e-05,-0.008886722847819328,4.0512531995773315e-08
1785523728313326700,46831803,-86.20624542236328,-42.008544921875,-34.30237579345703,-0.039174437522888184,-0.25755733251571655,-0.293217271566391,0.9198657274246216,-8.247806549072266,10.214773178100586,4.808549404144287,-2.0670704543590546e-05,-0.008383205160498619,3.4458935260772705e-08
1785523728326616100,46831803,-86.20624542236328,-42.008544921875,-34.30237579345703,-0.039174437522888184,-0.25755733251571655,-0.293217271566391,0.9198657274246216,-8.247806549072266,10.214773178100586,4.808549404144287,-2.0670704543590546e-05,-0.008383205160498619,3.4458935260772705e-08
1785523728342061700,46851863,-86.10910034179688,-42.16633605957031,-34.27365493774414,-0.039158303290605545,-0.2576082944869995,-0.2932196259498596,0.919851541519165,-8.307575225830078,10.223870277404785,4.814563751220703,-1.8813414499163628e-05,-0.007680045440793037,-1.3550743460655212e-07
1785523728354878700,46865074,-85.96311950683594,-42.40232467651367,-34.23026657104492,-0.03913566842675209,-0.25767916440963745,-0.2932228147983551,0.9198316931724548,-8.347227096557617,10.229869842529297,4.817753791809082,-1.7773360013961792e-05,-0.007248315028846264,-2.0558945834636688e-07
1785523728368697500,46885146,-85.86593627929688,-42.55876541137695,-34.20121383666992,-0.03912191465497017,-0.2577226161956787,-0.2932248115539551,0.9198194742202759,-8.405481338500977,10.238824844360352,4.823490619659424,-1.626182347536087e-05,-0.006645213812589645,-4.400499165058136e-08
1785523728382980800,46898375,-85.71839904785156,-42.79512023925781,-34.156898498535156,-0.03910240903496742,-0.25778380036354065,-0.29322755336761475,0.919802188873291,-8.444308280944824,10.24476146697998,4.826605796813965,-1.550221350044012e-05,-0.006270298268646002,4.540197551250458e-08
1785523728396939800,46918483,-85.61968231201172,-42.95263671875,-34.12708282470703,-0.03909039869904518,-0.257821649312973,-0.29322928190231323,0.919791579246521,-8.463666915893555,10.247722625732422,4.8279924392700195,-1.501990482211113e-05,-0.006090817041695118,8.684583008289337e-08
1785523728409725200,46931762,-85.4692153930664,-43.191654205322266,-34.0814208984375,-0.039073437452316284,-0.2578749358654022,-0.29323169589042664,0.9197766184806824,-8.539619445800781,10.259557723999023,4.835132122039795,-1.3125594705343246e-05,-0.005420383997261524,1.1175870895385742e-07
1785523728424135000,46931762,-85.4692153930664,-43.191654205322266,-34.0814208984375,-0.039073437452316284,-0.2578749358654022,-0.29323169589042664,0.9197766184806824,-8.539619445800781,10.259557723999023,4.835132122039795,-1.3125594705343246e-05,-0.005420383997261524,1.1175870895385742e-07
1785523728438264100,46951775,-85.3707046508789,-43.34746170043945,-34.0513801574707,-0.03906312957406044,-0.25790727138519287,-0.29323315620422363,0.9197675585746765,-8.595136642456055,10.268285751342773,4.840327739715576,-1.2036645784974098e-05,-0.004972261376678944,-1.0943040251731873e-07
1785523728452824400,46965196,-85.22035217285156,-43.58428192138672,-34.00532531738281,-0.039048679172992706,-0.2579529285430908,-0.29323524236679077,0.9197546243667603,-8.63229751586914,10.274116516113281,4.843260765075684,-1.13658607006073e-05,-0.004690352827310562,-1.3760291039943695e-07
1785523728465218000,46985203,-85.11878967285156,-43.74358367919922,-33.97407531738281,-0.039039574563503265,-0.25798144936561584,-0.29323649406433105,0.9197466373443604,-8.686954498291016,10.28281307220459,4.84822940826416,-1.043651718646288e-05,-0.004298396408557892,-1.1012889444828033e-07
1785523728481264200,46998415,-84.96691131591797,-43.98085403442383,-33.92714309692383,-0.03902703896164894,-0.25802093744277954,-0.2932382822036743,0.9197355508804321,-8.72313404083252,10.28857135772705,4.851039886474609,-9.895884431898594e-06,-0.004056544043123722,-1.257285475730896e-08
1785523728494164200,46998415,-84.96691131591797,-43.98085403442383,-33.92714309692383,-0.03902703896164894,-0.25802093744277954,-0.2932382822036743,0.9197355508804321,-8.72313404083252,10.28857135772705,4.851039886474609,-9.895884431898594e-06,-0.004056544043123722,-1.257285475730896e-08
1785523728508342500,47031489,-84.71195220947266,-44.37659454345703,-33.84786605834961,-0.03900834172964096,-0.2580794095993042,-0.29324084520339966,0.9197190403938293,-8.794204711914062,10.299994468688965,4.856776714324951,-8.834176696836948e-06,-0.0036133478861302137,1.537846401333809e-07
1785523728523137900,47031609,-84.71195220947266,-44.37659454345703,-33.84786605834961,-0.03900834172964096,-0.2580794095993042,-0.29324084520339966,0.9197190403938293,-8.811753273010254,10.302860260009766,4.8584513664245605,-8.543604053556919e-06,-0.0035093503538519144,1.4458782970905304e-07
1785523728536455400,47052146,-84.60855102539062,-44.53620529174805,-33.8155403137207,-0.03900158777832985,-0.2581007778644562,-0.29324182868003845,0.919713020324707,-8.864656448364258,10.311505317687988,4.862992286682129,-7.800583261996508e-06,-0.0032108768355101347,2.902233973145485e-07
1785523728548407800,47064972,-84.45042419433594,-44.77936553955078,-33.76591110229492,-0.03899191692471504,-0.25813087821006775,-0.2932431399822235,0.9197045564651489,-8.899064064025879,10.317136764526367,4.86555290222168,-7.4204872362315655e-06,-0.003031667321920395,2.1420419216156006e-07
1785523728563050300,47084851,-84.34941101074219,-44.93416976928711,-33.73408508300781,-0.03898640349507332,-0.25814858078956604,-0.29324397444725037,0.9196994304656982,-8.949200630187988,10.325443267822266,4.869729042053223,-6.832706276327372e-06,-0.0027850130572915077,9.499490261077881e-08
1785523728576127300,47098309,-84.19445037841797,-45.17074203491211,-33.68510055541992,-0.038978271186351776,-0.25817394256591797,-0.2932451069355011,0.91969233751297,-8.983038902282715,10.331067085266113,4.872210502624512,-6.46454282104969e-06,-0.0026266041677445173,8.405186235904694e-08
1785523728590098500,47098309,-84.19445037841797,-45.17074203491211,-33.68510055541992,-0.038978271186351776,-0.25817394256591797,-0.2932451069355011,0.91969233751297,-8.983038902282715,10.331067085266113,4.872210502624512,-6.46454282104969e-06,-0.0026266041677445173,8.405186235904694e-08
1785523728603273300,47118383,-84.087890625,-45.33281707763672,-33.651302337646484,-0.038973089307546616,-0.2581900954246521,-0.2932458519935608,0.9196878671646118,-9.033135414123535,10.33949089050293,4.876234531402588,-6.071117240935564e-06,-0.0024051410146057606,3.050081431865692e-08
1785523728617915800,47131590,-83.92972564697266,-45.572509765625,-33.60097885131836,-0.03896617144346237,-0.258212149143219,-0.293246865272522,0.9196817278862,-9.066072463989258,10.34505558013916,4.878589153289795,-5.743757355958223e-06,-0.002269592136144638,-1.4086253941059113e-08
1785523728633721600,47151688,-83.82398223876953,-45.73218536376953,-33.567230224609375,-0.03896181285381317,-0.25822585821151733,-0.29324743151664734,0.9196778535842896,-9.114498138427734,10.35331916809082,4.882346153259277,-4.877976607531309e-06,-0.0020819446071982384,-1.1874362826347351e-08
1785523728646380600,47165008,-83.6655044555664,-45.97068786621094,-33.51648712158203,-0.03895564377307892,-0.25824499130249023,-0.29324832558631897,0.9196725487709045,-9.146751403808594,10.358846664428711,4.884586811065674,-4.64264303445816e-06,-0.0019640489481389523,-5.145557224750519e-08
1785523728659641300,47165008,-83.6655044555664,-45.97068786621094,-33.51648712158203,-0.03895564377307892,-0.25824499130249023,-0.29324832558631897,0.9196725487709045,-9.146751403808594,10.358846664428711,4.884586811065674,-4.64264303445816e-06,-0.0019640489481389523,-5.145557224750519e-08
1785523728675274700,47185201,-83.55745697021484,-46.13269805908203,-33.4818115234375,-0.03895178064703941,-0.25825703144073486,-0.2932488024234772,0.9196690917015076,-9.194519996643066,10.367124557495117,4.888158798217773,-4.335073754191399e-06,-0.0017987630562856793,2.9103830456733704e-09
1785523728688088100,47198299,-83.39617156982422,-46.37379837036133,-33.429866790771484,-0.03894661366939545,-0.2582736015319824,-0.29324960708618164,0.9196644425392151,-9.225862503051758,10.372583389282227,4.89027214050293,-4.172325134277344e-06,-0.001697787083685398,4.4121406972408295e-08
1785523728700727000,47218430,-83.2890625,-46.53335952758789,-33.395286560058594,-0.038943249732255936,-0.2582837641239166,-0.29325008392333984,0.9196615815162659,-9.272137641906738,10.380728721618652,4.8936052322387695,-3.866152837872505e-06,-0.0015565365320071578,7.532071322202682e-08
1785523728716795100,47231578,-83.12691497802734,-46.77412796020508,-33.342796325683594,-0.03893870487809181,-0.2582980990409851,-0.29325070977211,0.9196575284004211,-9.302736282348633,10.38614559173584,4.895599365234375,-3.5616394598037004e-06,-0.0014686663635075092,-1.8335413187742233e-08
1785523728730166300,47251625,-83.01847839355469,-46.93464279174805,-33.30760192871094,-0.03893585503101349,-0.25830695033073425,-0.29325103759765625,0.9196549654006958,-9.317935943603516,10.388839721679688,4.896536827087402,-3.3542164601385593e-06,-0.001426626113243401,-6.129266694188118e-08
1785523728742572200,47265082,-82.85382843017578,-47.17756652832031,-33.25403594970703,-0.03893199563026428,-0.2583193778991699,-0.2932516634464264,0.9196515083312988,-9.378043174743652,10.399650573730469,4.900624752044678,-3.1416129786521196e-06,-0.001269653788767755,-4.778848960995674e-08
1785523728756478400,47265082,-82.85382843017578,-47.17756652832031,-33.25403594970703,-0.03893199563026428,-0.2583193778991699,-0.2932516634464264,0.9196515083312988,-9.378043174743652,10.399650573730469,4.900624752044678,-3.1416129786521196e-06,-0.001269653788767755,-4.778848960995674e-08
1785523728770094800,47284614,-82.74515533447266,-47.337371826171875,-33.21860885620117,-0.038929570466279984,-0.25832703709602356,-0.29325202107429504,0.9196493625640869,-9.421335220336914,10.407526016235352,4.903494834899902,-2.7939677238464355e-06,-0.0011664479970932007,2.3283064365386963e-10
1785523728784991500,47298291,-82.58460998535156,-47.57280731201172,-33.1661376953125,-0.038926173001527786,-0.25833752751350403,-0.2932524085044861,0.9196463823318481,-9.450617790222168,10.412880897521973,4.905274391174316,-2.5511253625154495e-06,-0.001099724555388093,4.0046870708465576e-08
1785523728800998600,47318282,-82.47039031982422,-47.73979568481445,-33.12872314453125,-0.03892405703663826,-0.2583443522453308,-0.29325273633003235,0.9196444153785706,-9.49410629272461,10.421525001525879,4.90779972076416,-1.6514211893081665e-05,-0.001007087528705597,0.14323225617408752
1785523728812826000,47331601,-82.30519104003906,-47.98054885864258,-33.07452392578125,-0.0402522087097168,-0.2587777376174927,-0.2928789556026459,0.9195845127105713,-9.49245548248291,10.456316947937012,4.908799171447754,-2.8878450393676758e-05,-0.0009496510028839111,0.37914419174194336
1785523728825983300,47331601,-82.30519104003906,-47.98054885864258,-33.07452392578125,-0.0402522087097168,-0.2587777376174927,-0.2928789556026459,0.9195845127105713,-9.49245548248291,10.456316947937012,4.908799171447754,-2.8878450393676758e-05,-0.0009496510028839111,0.37914419174194336
1785523728841531900,47351589,-82.19316101074219,-48.14333724975586,-33.0377197265625,-0.04307718202471733,-0.2596825361251831,-0.29208263754844666,0.9194547533988953,-9.47022533416748,10.531533241271973,4.908743381500244,-3.746151924133301e-05,-0.0008660554885864258,0.959263265132904
1785523728854327900,47365051,-82.02659606933594,-48.38472366333008,-32.98301315307617,-0.0517953559756279,-0.2624497413635254,-0.28960666060447693,0.9190022945404053,-9.295988082885742,10.722159385681152,4.909130573272705,-2.8789043426513672e-05,-0.0008144378662109375,1.3186262845993042
1785523728867002900,47385177,-81.9135513305664,-48.54811096191406,-32.945892333984375,-0.060337699949741364,-0.2651365399360657,-0.28715404868125916,0.9184795618057251,-9.133700370788574,10.912271499633789,4.912289619445801,-9.417533874511719e-06,-0.0007483959197998047,1.7205857038497925
1785523728882939600,47398356,-81.74445343017578,-48.79200744628906,-32.89034652709961,-0.0760868564248085,-0.270031601190567,-0.2825629413127899,0.9173069000244141,-8.777606964111328,11.232036590576172,4.916175842285156,-2.3245811462402344e-06,-0.0007088184356689453,1.895582675933838
1785523728894857500,47398356,-81.74445343017578,-48.79200744628906,-32.89034652709961,-0.0760868564248085,-0.270031601190567,-0.2825629413127899,0.9173069000244141,-8.777606964111328,11.232036590576172,4.916175842285156,-2.3245811462402344e-06,-0.0007088184356689453,1.895582675933838
1785523728908123800,47418802,-81.63226318359375,-48.95353317260742,-32.85344314575195,0.0877685546875,0.2736146152019501,0.2790994644165039,-0.9162615537643433,-8.52101993560791,11.468842506408691,4.926004409790039,1.5437602996826172e-05,-0.0006541013717651367,1.834104061126709
1785523728923877400,47431660,-81.46073913574219,-49.200130462646484,-32.796897888183594,0.104669950902462,0.27872759103775024,0.2740000784397125,-0.914482831954956,-8.110916137695312,11.786917686462402,4.9340620040893555,2.4557113647460938e-05,-0.0006188750267028809,1.5647785663604736
1785523728937865800,47451648,-81.34937286376953,-49.36003875732422,-32.760093688964844,0.11348161101341248,0.28136008977890015,0.27130022644996643,-0.9134301543235779,-7.907526016235352,11.962261199951172,4.946030139923096,2.9087066650390625e-05,-0.0005645155906677246,0.8814527988433838
1785523728951045300,47464930,-81.17996215820312,-49.60319900512695,-32.70398712158203,0.12154211103916168,0.2837502062320709,0.26880526542663574,-0.912390947341919,-7.7106523513793945,12.115058898925781,4.954307556152344,1.9371509552001953e-05,-0.0005295276641845703,0.45608940720558167
1785523728962779400,47485066,-81.06523132324219,-49.767738342285156,-32.66594314575195,0.12387079000473022,0.28443893790245056,0.26808005571365356,-0.9120765924453735,-7.671169281005859,12.174562454223633,4.967883586883545,1.2647360563278198e-06,-0.0004856940358877182,0.042506687343120575
1785523728976769500,47498324,-80.89425659179688,-50.01296615600586,-32.60908508300781,0.12434269487857819,0.28458231687545776,0.26793304085731506,-0.9120108485221863,-7.67325496673584,12.195056915283203,4.9771342277526855,-3.7029385566711426e-06,-0.00046022236347198486,-0.11670058220624924
1785523728990334100,47498324,-80.89425659179688,-50.01296615600586,-32.60908508300781,0.12434269487857819,0.28458231687545776,0.26793304085731506,-0.9120108485221863,-7.67325496673584,12.195056915283203,4.9771342277526855,-3.7029385566711426e-06,-0.00046022236347198486,-0.11670058220624924
1785523729004907700,47518546,-80.7797622680664,-50.17705535888672,-32.57093048095703,0.12349654734134674,0.28433671593666077,0.26819705963134766,-0.912124752998352,-7.717891693115234,12.198573112487793,4.991119384765625,-5.543231964111328e-06,-0.00042309612035751343,-0.18425892293453217
1785523729020855600,47531692,-80.60738372802734,-50.4240608215332,-32.51332473754883,0.12185610085725784,0.283858060836792,0.268708199262619,-0.9123439788818359,-7.77635383605957,12.18224811553955,5.00017786026001,-4.526227712631226e-06,-0.00039931386709213257,-0.14555305242538452
1785523729033797000,47551845,-80.49320220947266,-50.58761215209961,-32.47507095336914,0.12106937170028687,0.28362900018692017,0.26895296573638916,-0.912447988986969,-7.819158554077148,12.185934066772461,5.013424873352051,-1.9744038581848145e-06,-0.00036524049937725067,-0.045660410076379776
1785523729049735600,47564946,-80.32081604003906,-50.83443832397461,-32.417171478271484,0.1206415444612503,0.2835064232349396,0.2690860629081726,-0.9125034809112549,-7.8449554443359375,12.189876556396484,5.022049427032471,-5.471520125865936e-08,-0.00034439703449606895,0.010146972723305225
1785523729062442000,47584872,-80.20609283447266,-50.99862289428711,-32.37854766845703,0.12076038867235184,0.28354379534721375,0.2690490782260895,-0.9124869704246521,-7.862850189208984,12.208517074584961,5.03479528427124,1.8272548913955688e-06,-0.00031597353518009186,0.048715729266405106
1785523729076486100,47598278,-80.0346450805664,-51.243953704833984,-32.32068634033203,0.12118448317050934,0.28367185592651367,0.2689175307750702,-0.9124298691749573,-7.865396499633789,12.226887702941895,5.043242931365967,2.1774321794509888e-06,-0.0002979617565870285,0.04687242582440376
1785523729089938500,47598278,-80.0346450805664,-51.243953704833984,-32.32068634033203,0.12118448317050934,0.28367185592651367,0.2689175307750702,-0.9124298691749573,-7.865396499633789,12.226887702941895,5.043242931365967,2.1774321794509888e-06,-0.0002979617565870285,0.04687242582440376
1785523729103070700,47618359,-79.91780853271484,-51.41110610961914,-32.28114700317383,0.12145255506038666,0.2837528586387634,0.26883411407470703,-0.9123933911323547,-7.878628730773926,12.247968673706055,5.055789947509766,1.543201506137848e-06,-0.00027284305542707443,0.022798459976911545
1785523729119153300,47631604,-79.7446060180664,-51.65873336791992,-32.222434997558594,0.12165975570678711,0.28381651639938354,0.2687698006629944,-0.9123649597167969,-7.886397361755371,12.262415885925293,5.063990116119385,8.624047040939331e-07,-0.0002577081322669983,0.00518699549138546
1785523729131324500,47651758,-79.62855529785156,-51.82465744018555,-32.18299102783203,0.12166933715343475,0.2838210165500641,0.2687669098377228,-0.9123630523681641,-7.905791282653809,12.27871322631836,5.076128005981445,3.1851232051849365e-07,-0.0002362644299864769,-0.011006597429513931
1785523729145777600,47665027,-79.45464324951172,-52.07313537597656,-32.123783111572266,0.12157340347766876,0.28379514813423157,0.26879680156707764,-0.9123751521110535,-7.921294212341309,12.2877197265625,5.084066867828369,3.6228448152542114e-07,-0.00022287294268608093,-0.013523215427994728
1785523729159858200,47665027,-79.45464324951172,-52.07313537597656,-32.123783111572266,0.12157340347766876,0.28379514813423157,0.26879680156707764,-0.9123751521110535,-7.921294212341309,12.2877197265625,5.084066867828369,3.6228448152542114e-07,-0.00022287294268608093,-0.013523215427994728
1785523729173272600,47685308,-79.33804321289062,-52.23965835571289,-32.084007263183594,0.12149283289909363,0.2837727665901184,0.2688220739364624,-0.9123855233192444,-7.942630767822266,12.302229881286621,5.095861434936523,3.173481673002243e-07,-0.00020440854132175446,-0.0089256651699543
1785523729187335200,47698400,-79.16226196289062,-52.49074935913086,-32.02389144897461,0.12141107022762299,0.2837507724761963,0.2688475251197815,-0.9123956561088562,-7.95731258392334,12.31122875213623,5.103504657745361,2.4121254682540894e-07,-0.00019272207282483578,-0.003948369063436985
1785523729202024200,47718434,-79.04698944091797,-52.65528106689453,-31.98440933227539,0.12139376997947693,0.2837469279766083,0.26885291934013367,-0.9123976230621338,-7.976133346557617,12.326362609863281,5.114770412445068,1.1263182386755943e-07,-0.00017683126498013735,0.0018049832433462143
1785523729214726600,47731720,-78.87226104736328,-52.90465545654297,-31.9244384765625,0.1214083582162857,0.2837529480457306,0.2688485383987427,-0.9123951196670532,-7.9878435134887695,12.336870193481445,5.122185230255127,1.9778963178396225e-07,-0.00016692676581442356,0.0034616594202816486
1785523729230683600,47751912,-78.75503540039062,-53.071922302246094,-31.88413429260254,0.1214294508099556,0.2837604880332947,0.2688417434692383,-0.9123919010162354,-8.005200386047363,12.35255241394043,5.133194446563721,3.1618401408195496e-07,-0.0001525096595287323,0.0030747931450605392
1785523729242208400,47764975,-78.57820129394531,-53.324153900146484,-31.823226928710938,0.12145689129829407,0.28376996517181396,0.26883336901664734,-0.9123878479003906,-8.016117095947266,12.363059997558594,5.140346050262451,2.8550857678055763e-07,-0.00014404428657144308,0.0018328713485971093
1785523729256478400,47764975,-78.57820129394531,-53.324153900146484,-31.823226928710938,0.12145689129829407,0.28376996517181396,0.26883336901664734,-0.9123878479003906,-8.016117095947266,12.363059997558594,5.140346050262451,2.8550857678055763e-07,-0.00014404428657144308,0.0018328713485971093
1785523729269716400,47785170,-78.46245574951172,-53.48921203613281,-31.783294677734375,0.12146563827991486,0.2837735116481781,0.26883068680763245,-0.912386417388916,-8.033073425292969,12.378119468688965,5.150918006896973,5.595647962763906e-07,-0.00013207389565650374,-1.157088263425976e-05
1785523729283838700,47798401,-78.28585815429688,-53.740989685058594,-31.722259521484375,0.12146559357643127,0.2837746739387512,0.2688307762145996,-0.9123858213424683,-8.044364929199219,12.38797378540039,5.157855033874512,5.662732291966677e-07,-0.00012466356565710157,-0.0007413721177726984
1785523729298589500,47818534,-78.16863250732422,-53.90803146362305,-31.68169403076172,0.12146037817001343,0.28377407789230347,0.2688324749469757,-0.9123862981796265,-8.061182022094727,12.402549743652344,5.1681036949157715,2.981105353683233e-07,-0.00011426582932472229,-0.0009525344939902425
1785523729313485100,47831663,-77.9916763305664,-54.16022491455078,-31.620336532592773,0.12145157158374786,0.2837725877761841,0.2688352167606354,-0.9123872518539429,-8.072335243225098,12.412070274353027,5.174798965454102,2.51369783654809e-07,-0.00010787717474158853,-0.0006987255765125155
1785523729326331400,47831663,-77.9916763305664,-54.16022491455078,-31.620336532592773,0.12145157158374786,0.2837725877761841,0.2688352167606354,-0.9123872518539429,-8.072335243225098,12.412070274353027,5.174798965454102,2.51369783654809e-07,-0.00010787717474158853,-0.0006987255765125155
1785523729339756800,47852021,-77.87433624267578,-54.32738494873047,-31.579593658447266,0.12144771218299866,0.28377217054367065,0.26883643865585327,-0.9123875498771667,-8.088589668273926,12.426417350769043,5.184723854064941,1.2122472980991006e-07,-9.848222543951124e-05,-0.00016396347200497985
1785523729352824300,47865380,-77.6961669921875,-54.581146240234375,-31.517650604248047,0.12144580483436584,0.2837725579738617,0.26883700489997864,-0.9123873114585876,-8.099287986755371,12.435951232910156,5.191257953643799,2.6925044949166477e-07,-9.317955118604004e-05,0.00010772213863674551
1785523729367210700,47885238,-77.57659912109375,-54.751365661621094,-31.476030349731445,0.12144660949707031,0.28377336263656616,0.2688369154930115,-0.9123871326446533,-8.11478328704834,12.450029373168945,5.200797080993652,2.6193083613179624e-07,-8.557358523830771e-05,0.00026542332489043474
1785523729381865800,47898399,-77.4009780883789,-55.001399993896484,-31.414798736572266,0.12144867330789566,0.283774733543396,0.26883625984191895,-0.9123866558074951,-8.124853134155273,12.459307670593262,5.207007884979248,1.9560320652090013e-07,-8.08273907750845e-05,0.00023496335779782385
1785523729396169000,47898399,-77.4009780883789,-55.001399993896484,-31.414798736572266,0.12144867330789566,0.283774733543396,0.26883625984191895,-0.9123866558074951,-8.124853134155273,12.459307670593262,5.207007884979248,1.9560320652090013e-07,-8.08273907750845e-05,0.00023496335779782385
1785523729410828400,47931730,-77.10086059570312,-55.42851257324219,-31.3099365234375,0.1214505136013031,0.2837766408920288,0.26883572340011597,-0.9123859405517578,-8.14985179901123,12.482444763183594,5.222391128540039,1.9496656022965908e-07,-6.951653631404042e-05,7.707179975113831e-06
1785523729423583600,47931730,-77.10086059570312,-55.42851257324219,-31.3099365234375,0.1214505136013031,0.2837766408920288,0.26883572340011597,-0.9123859405517578,-8.14985179901123,12.482444763183594,5.222391128540039,1.9496656022965908e-07,-6.951653631404042e-05,7.707179975113831e-06
1785523729437399100,47951898,-76.98651885986328,-55.59119415283203,-31.269916534423828,0.1214505136013031,0.2837766408920288,0.26883572340011597,-0.9123859405517578,-8.164230346679688,12.495868682861328,5.231232166290283,7.380731403827667e-08,-6.408759509213269e-05,-6.458929419750348e-05
1785523729451861700,47965101,-76.8076171875,-55.84565734863281,-31.20722007751465,0.12144957482814789,0.2837774157524109,0.26883605122566223,-0.9123857021331787,-8.173781394958496,12.504810333251953,5.2370686531066895,2.558954292908311e-08,-6.0326139646349475e-05,-7.074884342728183e-05
1785523729466132600,47985723,-76.68890380859375,-56.014461517333984,-31.16558074951172,0.12144957482814789,0.2837774157524109,0.26883605122566223,-0.9123857021331787,-8.188068389892578,12.518350601196289,5.245851993560791,9.294308256357908e-08,-5.51901975995861e-05,-4.08195483032614e-05
1785523729479361800,47998328,-76.50507354736328,-56.27583312988281,-31.101009368896484,0.12144862115383148,0.2837781012058258,0.26883643865585327,-0.9123854637145996,-8.197213172912598,12.527040481567383,5.251440048217773,6.941263563930988e-08,-5.19770837854594e-05,-1.4602873307012487e-05
1785523729493628100,47998328,-76.50507354736328,-56.27583312988281,-31.101009368896484,0.12144862115383148,0.2837781012058258,0.26883643865585327,-0.9123854637145996,-8.197213172912598,12.527040481567383,5.251440048217773,6.941263563930988e-08,-5.19770837854594e-05,-1.4602873307012487e-05
1785523729508158500,48018615,-76.3912124633789,-56.43769073486328,-31.06097984313965,0.12144862115383148,0.2837781012058258,0.26883643865585327,-0.9123854637145996,-8.210623741149902,12.539944648742676,5.259680271148682,3.4793811209965497e-07,-4.7865702072158456e-05,1.2669552234001458e-05
1785523729520362600,48031686,-76.21086120605469,-56.69402313232422,-30.997514724731445,0.12144862115383148,0.2837781012058258,0.26883643865585327,-0.9123854637145996,-8.21949291229248,12.548542022705078,5.2651286125183105,3.289424057584256e-07,-4.504991011344828e-05,1.911701292556245e-05
1785523729533529800,48051846,-76.09246063232422,-56.86227035522461,-30.9558048248291,0.12144836038351059,0.2837791442871094,0.26883646845817566,-0.9123851656913757,-8.23258113861084,12.561319351196289,5.273138999938965,2.1708729036618024e-07,-4.1425864765187725e-05,1.4940403161745053e-05
1785523729548513700,48065026,-75.91246032714844,-57.11804962158203,-30.8923282623291,0.12144836038351059,0.2837791442871094,0.26883646845817566,-0.9123851656913757,-8.24116325378418,12.56976318359375,5.278406620025635,9.24082996789366e-08,-3.8886635593371466e-05,8.033654012251645e-06
1785523729560819200,48065026,-75.91246032714844,-57.11804962158203,-30.8923282623291,0.12144836038351059,0.2837791442871094,0.26883646845817566,-0.9123851656913757,-8.24116325378418,12.56976318359375,5.278406620025635,9.24082996789366e-08,-3.8886635593371466e-05,8.033654012251645e-06
1785523729575503800,48085098,-75.79300689697266,-57.28776550292969,-30.850160598754883,0.12144836038351059,0.2837791442871094,0.26883646845817566,-0.9123851656913757,-8.253814697265625,12.582310676574707,5.286174774169922,1.0987423593178391e-07,-3.564931466826238e-05,-1.327538484474644e-06
1785523729588670200,48098361,-75.61273193359375,-57.54383850097656,-30.786468505859375,0.12144830822944641,0.28378012776374817,0.2688365876674652,-0.9123847484588623,-8.262100219726562,12.59058952331543,5.291244029998779,3.665991243906319e-08,-3.3705367968650535e-05,-4.602804438036401e-06
1785523729601460000,48118351,-75.49300384521484,-57.71391296386719,-30.744125366210938,0.12144830822944641,0.28378012776374817,0.2688365876674652,-0.9123847484588623,-8.274282455444336,12.60285472869873,5.2987165451049805,1.6761623555794358e-07,-3.0965118639869615e-05,-4.8922738642431796e-06
1785523729616237600,48131826,-75.31324005126953,-57.96921157836914,-30.68050193786621,0.12144830822944641,0.28378012776374817,0.2688365876674652,-0.9123847484588623,-8.28230094909668,12.610991477966309,5.303633213043213,1.1890915629919618e-07,-2.9386685127974488e-05,-3.385655872989446e-06
1785523729629526600,48131826,-75.31324005126953,-57.96921157836914,-30.68050193786621,0.12144830822944641,0.28378012776374817,0.2688365876674652,-0.9123847484588623,-8.28230094909668,12.610991477966309,5.303633213043213,1.1890915629919618e-07,-2.9386685127974488e-05,-3.385655872989446e-06
1785523729644199000,48164946,-75.0113296508789,-58.397884368896484,-30.573509216308594,0.12144830822944641,0.28378012776374817,0.2688365876674652,-0.9123847484588623,-8.30184268951416,12.631033897399902,5.315613746643066,-7.270318747032434e-08,-2.534680606913753e-05,7.593498594360426e-07
1785523729657027400,48164946,-75.0113296508789,-58.397884368896484,-30.573509216308594,0.12144830822944641,0.28378012776374817,0.2688365876674652,-0.9123847484588623,-8.30184268951416,12.631033897399902,5.315613746643066,-7.270318747032434e-08,-2.534680606913753e-05,7.593498594360426e-07
1785523729673325500,48185073,-74.89136505126953,-58.56819152832031,-30.53095054626465,0.12144772708415985,0.2837812602519989,0.2688365876674652,-0.912384569644928,-8.313210487365723,12.642823219299316,5.322541236877441,-1.0006897355196998e-07,-2.2959038687986322e-05,1.4383504094439559e-06
1785523729687482600,48198370,-74.71086120605469,-58.824378967285156,-30.46687889099121,0.12144772708415985,0.2837812602519989,0.2688365876674652,-0.912384569644928,-8.320683479309082,12.650640487670898,5.327116012573242,1.1507108865771443e-07,-2.1905025278101675e-05,1.2676146070589311e-06
1785523729700732100,48218529,-74.58937072753906,-58.99677658081055,-30.423725128173828,0.12144772708415985,0.2837812602519989,0.2688365876674652,-0.912384569644928,-8.331725120544434,12.66228199005127,5.333878040313721,1.431071723345667e-07,-2.0037321519339457e-05,5.50779532204615e-07
1785523729713903400,48231658,-74.40734100341797,-59.25508499145508,-30.359018325805664,0.12144772708415985,0.2837812602519989,0.2688365876674652,-0.912384569644928,-8.338922500610352,12.669931411743164,5.338284492492676,9.62818376137875e-08,-1.9054667063755915e-05,6.269738150876947e-08
1785523729726431200,48231658,-74.40734100341797,-59.25508499145508,-30.359018325805664,0.12144772708415985,0.2837812602519989,0.2688365876674652,-0.912384569644928,-8.338922500610352,12.669931411743164,5.338284492492676,9.62818376137875e-08,-1.9054667063755915e-05,6.269738150876947e-08
1785523729739814300,48251618,-74.28683471679688,-59.42604446411133,-30.3161563873291,0.12144772708415985,0.2837812602519989,0.2688365876674652,-0.912384569644928,-8.349468231201172,12.681227684020996,5.344735622406006,-9.581890481058508e-08,-1.7455404304200783e-05,-2.3253369363374077e-07
1785523729753267700,48265045,-74.10652160644531,-59.6818733215332,-30.251976013183594,0.12144772708415985,0.2837812602519989,0.2688365876674652,-0.912384569644928,-8.356444358825684,12.688755989074707,5.349002838134766,-1.3968292478239164e-07,-1.63053409778513e-05,-2.0582911020028405e-07
1785523729768268100,48285773,-73.98347473144531,-59.856414794921875,-30.208158493041992,0.12144772708415985,0.2837812602519989,0.2688365876674652,-0.912384569644928,-8.36693000793457,12.700161933898926,5.355413913726807,-6.464688340201974e-09,-1.4913024642737582e-05,-1.7076581571018323e-07
1785523729781564500,48298377,-73.7962875366211,-60.12187957763672,-30.141469955444336,0.12144763022661209,0.2837822139263153,0.2688366174697876,-0.9123842120170593,-8.37358283996582,12.70744800567627,5.3594584465026855,1.4312536222860217e-07,-1.4208476386556868e-05,-1.5138948583626188e-07
1785523729794742200,48298377,-73.7962875366211,-60.12187957763672,-30.141469955444336,0.12144763022661209,0.2837822139263153,0.2688366174697876,-0.9123842120170593,-8.37358283996582,12.70744800567627,5.3594584465026855,1.4312536222860217e-07,-1.4208476386556868e-05,-1.5138948583626188e-07
1785523729808906600,48319143,-73.68035125732422,-60.286277770996094,-30.100141525268555,0.12144763022661209,0.2837822139263153,0.2688366174697876,-0.9123842120170593,-8.383536338806152,12.71844482421875,5.365536689758301,-7.680409908061847e-08,-1.3121960364514962e-05,-1.3028511602897197e-09
1785523729822883000,48331700,-73.49187469482422,-60.55352783203125,-30.032915115356445,0.12144763022661209,0.2837822139263153,0.2688366174697876,-0.9123842120170593,-8.389952659606934,12.725592613220215,5.369454860687256,9.065342965186574e-08,-1.239058929058956e-05,8.32096702652052e-08
1785523729834492500,48352116,-73.37632751464844,-60.71738052368164,-29.991674423217773,0.12144763022661209,0.2837822139263153,0.2688366174697876,-0.9123842120170593,-8.399410247802734,12.73620891571045,5.375228404998779,5.8486875786911696e-08,-1.1455840649432503e-05,6.944719643797725e-08
1785523729848516200,48365079,-73.19124603271484,-60.97975540161133,-29.925609588623047,0.12144763022661209,0.2837822139263153,0.2688366174697876,-0.9123842120170593,-8.405632972717285,12.743240356445312,5.379019737243652,-6.980008038226515e-08,-1.0771944289444946e-05,-2.3156644601840526e-08
1785523729862727900,48385697,-73.07202911376953,-61.148738861083984,-29.883031845092773,0.12144763022661209,0.2837822139263153,0.2688366174697876,-0.9123842120170593,-8.414907455444336,12.753814697265625,5.384675979614258,2.519982444937341e-08,-1.0009229299612343e-05,-6.408936314983293e-08
1785523729878142400,48398313,-72.88484191894531,-61.41402816772461,-29.816146850585938,0.12144763022661209,0.2837822139263153,0.2688366174697876,-0.9123842120170593,-8.420897483825684,12.760695457458496,5.38832426071167,-1.672833604970947e-08,-9.47419448493747e-06,-5.679794412571937e-08
1785523729890174200,48398313,-72.88484191894531,-61.41402816772461,-29.816146850585938,0.12144763022661209,0.2837822139263153,0.2688366174697876,-0.9123842120170593,-8.420897483825684,12.760695457458496,5.38832426071167,-1.672833604970947e-08,-9.47419448493747e-06,-5.679794412571937e-08
1785523729905865300,48418686,-72.7670669555664,-61.5809440612793,-29.7740478515625,0.12144763022661209,0.2837822139263153,0.2688366174697876,-0.9123842120170593,-8.429758071899414,12.770956039428711,5.39371919631958,-1.7454567569075152e-07,-8.508057362632826e-06,7.62504441809142e-08
1785523729920088300,48431737,-72.58116912841797,-61.844383239746094,-29.70757293701172,0.12144763022661209,0.2837822139263153,0.2688366174697876,-0.9123842120170593,-8.43556022644043,12.777724266052246,5.397249698638916,-1.3008639143663459e-07,-7.790111340000294e-06,6.754362402716652e-08
1785523729933122600,48451917,-72.46121215820312,-62.01439666748047,-29.66465187072754,0.12144763022661209,0.2837822139263153,0.2688366174697876,-0.9123842120170593,-8.444103240966797,12.78777027130127,5.402445316314697,-8.372535376111045e-08,-7.101886239979649e-06,5.6317958296858706e-08
1785523729947389400,48464956,-72.27671813964844,-62.27578353881836,-29.59864616394043,0.12144763022661209,0.2837822139263153,0.2688366174697876,-0.9123842120170593,-8.449695587158203,12.794402122497559,5.405845642089844,-6.241134542506188e-08,-6.746791768819094e-06,4.989055923942942e-08
1785523729961575300,48464956,-72.27671813964844,-62.27578353881836,-29.59864616394043,0.12144763022661209,0.2837822139263153,0.2688366174697876,-0.9123842120170593,-8.449695587158203,12.794402122497559,5.405845642089844,-6.241134542506188e-08,-6.746791768819094e-06,4.989055923942942e-08
1785523729976239300,48485351,-72.15558624267578,-62.44742202758789,-29.55527687072754,0.12144763022661209,0.2837822139263153,0.2688366174697876,-0.9123842120170593,-8.458003997802734,12.804333686828613,5.410894393920898,-4.000548869953491e-08,-6.312074219749775e-06,4.153207555646077e-08
1785523729988062500,48498560,-71.9692153930664,-62.71144485473633,-29.48853874206543,0.12144763022661209,0.2837822139263153,0.2688366174697876,-0.9123842120170593,-8.463428497314453,12.81086540222168,5.414186954498291,-2.977117219415959e-08,-6.1571577134600375e-06,3.676836968224961e-08
1785523730001362100,48519390,-71.84769439697266,-62.88362121582031,-29.445003509521484,0.12144763022661209,0.2837822139263153,0.2688366174697876,-0.9123842120170593,-8.471575736999512,12.820754051208496,5.419128894805908,6.219238457561005e-08,-5.504632099473383e-06,3.0512410376104526e-08
1785523730015293900,48531724,-71.6566390991211,-63.154296875,-29.376537322998047,0.12144763022661209,0.2837822139263153,0.2688366174697876,-0.9123842120170593,-8.476706504821777,12.827034950256348,5.422240734100342,4.655248631024733e-08,-5.186234375287313e-06,2.7075088837591466e-08
1785523730029932100,48551883,-71.5424575805664,-63.316043853759766,-29.335609436035156,0.12144763022661209,0.2837822139263153,0.2688366174697876,-0.9123842120170593,-8.484256744384766,12.836343765258789,5.426813125610352,3.0171122489264235e-08,-4.875833838013932e-06,2.2637891561316792e-08
1785523730043090800,48564992,-71.35652160644531,-63.57939147949219,-29.268959045410156,0.12144763022661209,0.2837822139263153,0.2688366174697876,-0.9123842120170593,-8.489279747009277,12.842589378356934,5.429853916168213,2.248521013825666e-08,-4.675769559980836e-06,2.0052652871527243e-08
1785523730056405300,48564992,-71.35652160644531,-63.57939147949219,-29.268959045410156,0.12144763022661209,0.2837822139263153,0.2688366174697876,-0.9123842120170593,-8.489279747009277,12.842589378356934,5.429853916168213,2.248521013825666e-08,-4.675769559980836e-06,2.0052652871527243e-08
1785523730070579800,48585209,-71.23511505126953,-63.751346588134766,-29.225433349609375,0.12144763022661209,0.2837822139263153,0.2688366174697876,-0.9123842120170593,-8.49670124053955,12.851888656616211,5.434343338012695,9.02650754142087e-09,-4.160557637078455e-06,1.6707417671568692e-08
1785523730085125900,48598269,-71.04906463623047,-64.01485443115234,-29.15870475769043,0.12144763022661209,0.2837822139263153,0.2688366174697876,-0.9123842120170593,-8.501543045043945,12.85799789428711,5.437267303466797,6.729123924742453e-09,-3.880139956891071e-06,1.4801116776652634e-08
1785523730099356400,48618596,-70.92765808105469,-64.18682098388672,-29.115140914916992,0.12144763022661209,0.2837822139263153,0.2688366174697876,-0.9123842120170593,-8.508708000183105,12.867118835449219,5.441595077514648,4.320554580772296e-09,-3.5830839806294534e-06,1.2329678611422423e-08
1785523730113814100,48631587,-70.74093627929688,-64.45122528076172,-29.04814910888672,0.12144763022661209,0.2837822139263153,0.2688366174697876,-0.9123842120170593,-8.513378143310547,12.873111724853516,5.444412708282471,3.2202933653024957e-09,-3.340233206472476e-06,1.0921894499915652e-08
1785523730126430100,48631587,-70.74093627929688,-64.45122528076172,-29.04814910888672,0.12144763022661209,0.2837822139263153,0.2688366174697876,-0.9123842120170593,-8.513378143310547,12.873111724853516,5.444412708282471,3.2202933653024957e-09,-3.340233206472476e-06,1.0921894499915652e-08
1785523730141258200,48651528,-70.61945343017578,-64.62325286865234,-29.004554748535156,0.12144763022661209,0.2837822139263153,0.2688366174697876,-0.9123842120170593,-8.520210266113281,12.881950378417969,5.448531150817871,2.0792185750906356e-09,-3.2660432225384284e-06,9.117457011598162e-09
1785523730152839400,48664919,-70.435546875,-64.8836898803711,-28.938549041748047,0.12144763022661209,0.2837822139263153,0.2688366174697876,-0.9123842120170593,-8.524725914001465,12.887837409973145,5.451251029968262,1.628429799893638e-07,-3.016834398295032e-06,8.073129720287398e-09
1785523730167222500,48684816,-70.31117248535156,-65.05977630615234,-28.893911361694336,0.12144763022661209,0.2837822139263153,0.2688366174697876,-0.9123842120170593,-8.531352043151855,12.8965482711792,5.455240726470947,2.240489038740634e-07,-2.4172272787836846e-06,-7.332238283197512e-08
1785523730180020800,48698216,-70.12738037109375,-65.31999969482422,-28.827924728393555,0.12144763022661209,0.2837822139263153,0.2688366174697876,-0.9123842120170593,-8.535710334777832,12.902316093444824,5.457860469818115,1.6680115777489846e-07,-2.057769052044023e-06,-6.492143711511744e-08
1785523730194588000,48698216,-70.12738037109375,-65.31999969482422,-28.827924728393555,0.12144763022661209,0.2837822139263153,0.2688366174697876,-0.9123842120170593,-8.535710334777832,12.902316093444824,5.457860469818115,1.6680115777489846e-07,-2.057769052044023e-06,-6.492143711511744e-08
1785523730209255700,48731686,-69.81644439697266,-65.76026153564453,-28.71627426147461,0.12144763022661209,0.2837822139263153,0.2688366174697876,-0.9123842120170593,-8.546345710754395,12.91656494140625,5.464248180389404,7.964547421579482e-08,-1.4364511571329786e-06,-4.786284080182668e-08
1785523730223726600,48731686,-69.81644439697266,-65.76026153564453,-28.71627426147461,0.12144763022661209,0.2837822139263153,0.2688366174697876,-0.9123842120170593,-8.546345710754395,12.91656494140625,5.464248180389404,7.964547421579482e-08,-1.4364511571329786e-06,-4.786284080182668e-08
1785523730238608200,48751693,-69.69316101074219,-65.93477630615234,-28.672006607055664,0.12144763022661209,0.2837822139263153,0.2688366174697876,-0.9123842120170593,-8.552508354187012,12.924927711486816,5.467942714691162,5.12523570250778e-08,-1.2665609574469272e-06,-3.990504637840786e-08
1785523730251204400,48764954,-69.5078125,-66.19721221923828,-28.60543441772461,0.12144763022661209,0.2837822139263153,0.2688366174697876,-0.9123842120170593,-8.556550025939941,12.930458068847656,5.470364570617676,3.817075366896461e-08,-1.2071179753547767e-06,-3.533807557687396e-08
1785523730265481600,48785451,-69.3836669921875,-66.3729248046875,-28.560853958129883,0.12144763022661209,0.2837822139263153,0.2688366174697876,-0.9123842120170593,-8.562572479248047,12.938761711120605,5.473965644836426,2.4400947040703613e-08,-1.1285369510005694e-06,-2.9385802235992742e-08
1785523730279812900,48798224,-69.1947250366211,-66.64036560058594,-28.492992401123047,0.12144763022661209,0.2837822139263153,0.2688366174697876,-0.9123842120170593,-8.566451072692871,12.944154739379883,5.476284503936768,1.8198988982476294e-08,-1.0997273420798592e-06,-2.6037440647996846e-08
1785523730293341500,48798224,-69.1947250366211,-66.64036560058594,-28.492992401123047,0.12144763022661209,0.2837822139263153,0.2688366174697876,-0.9123842120170593,-8.566451072692871,12.944154739379883,5.476284503936768,1.8198988982476294e-08,-1.0997273420798592e-06,-2.6037440647996846e-08
1785523730306415800,48818554,-69.0738296508789,-66.81151580810547,-28.44956398010254,0.12144763022661209,0.2837822139263153,0.2688366174697876,-0.9123842120170593,-8.572169303894043,12.952165603637695,5.479696750640869,1.171815711131785e-08,-9.855018561211182e-07,-2.1713503883802332e-08
1785523730319674000,48831617,-68.88640594482422,-67.0768051147461,-28.382240295410156,0.12144763022661209,0.2837822139263153,0.2688366174697876,-0.9123842120170593,-8.575920104980469,12.957464218139648,5.481932640075684,8.731262823857833e-09,-9.577272521710256e-07,-1.9231919168305467e-08
1785523730333046200,48851743,-68.76343536376953,-67.2508316040039,-28.338069915771484,0.12144763022661209,0.2837822139263153,0.2688366174697876,-0.9123842120170593,-8.581441879272461,12.96533203125,5.485222339630127,5.6153339755837806e-09,-9.68899598774442e-07,-1.603058308319305e-08
1785523730347372100,48864978,-68.5765609741211,-67.51535034179688,-28.27094268798828,0.12144763022661209,0.2837822139263153,0.2688366174697876,-0.9123842120170593,-8.585062980651855,12.970529556274414,5.487374782562256,4.1823113861028105e-09,-9.505691878075595e-07,-1.4196075426298194e-08
1785523730360502300,48864978,-68.5765609741211,-67.51535034179688,-28.27094268798828,0.12144763022661209,0.2837822139263153,0.2688366174697876,-0.9123842120170593,-8.585062980651855,12.970529556274414,5.487374782562256,4.1823113861028105e-09,-9.505691878075595e-07,-1.4196075426298194e-08
1785523730373595000,48885124,-68.45265197753906,-67.69071960449219,-28.226430892944336,0.12144763022661209,0.2837822139263153,0.2688366174697876,-0.9123842120170593,-8.590387344360352,12.978235244750977,5.490538597106934,2.689034772629384e-09,-8.895755172488862e-07,-1.1831673418782884e-08
1785523730387826800,48898243,-68.2660140991211,-67.95486450195312,-28.15938949584961,0.12144763022661209,0.2837822139263153,0.2688366174697876,-0.9123842120170593,-8.593870162963867,12.983314514160156,5.492604732513428,2.003844201681204e-09,-8.862533604769851e-07,-1.0479851653144578e-08
1785523730402368000,48918582,-68.14210510253906,-68.1302490234375,-28.114877700805664,0.12144763022661209,0.2837822139263153,0.2688366174697876,-0.9123842120170593,-8.599026679992676,12.9909029006958,5.495660781860352,1.2854002306994516e-09,-8.424069051216065e-07,-8.726289024707512e-09
1785523730416502100,48931654,-67.95382690429688,-68.39672088623047,-28.047250747680664,0.12144763022661209,0.2837822139263153,0.2688366174697876,-0.9123842120170593,-8.602383613586426,12.995879173278809,5.497645854949951,9.577547643857542e-10,-8.162136850842217e-07,-7.728885975666344e-09
1785523730430607800,48951874,-67.8306655883789,-68.57103729248047,-28.00301170349121,0.12144763022661209,0.2837822139263153,0.2688366174697876,-0.9123842120170593,-8.607330322265625,13.00328254699707,5.5005717277526855,6.156710696814116e-10,-8.377663789360668e-07,-6.4406719957332825e-09
1785523730444842400,48965016,-67.64273071289062,-68.8370132446289,-27.935503005981445,0.12144763022661209,0.2837822139263153,0.2688366174697876,-0.9123842120170593,-8.610565185546875,13.008153915405273,5.502479553222656,4.588400770444423e-10,-8.476487778352748e-07,-5.704578143195249e-09
1785523730457918900,48965016,-67.64273071289062,-68.8370132446289,-27.935503005981445,0.12144763022661209,0.2837822139263153,0.2688366174697876,-0.9123842120170593,-8.610565185546875,13.008153915405273,5.502479553222656,4.588400770444423e-10,-8.476487778352748e-07,-5.704578143195249e-09
1785523730471731800,48985280,-67.5191421508789,-69.01192474365234,-27.8911075592041,0.12144763022661209,0.2837822139263153,0.2688366174697876,-0.9123842120170593,-8.615351676940918,13.015430450439453,5.505300045013428,2.943920662801247e-10,-8.928512897909968e-07,-4.750091875393991e-09
1785523730487464500,48998295,-67.33011627197266,-69.27941131591797,-27.823217391967773,0.12144763022661209,0.2837822139263153,0.2688366174697876,-0.9123842120170593,-8.618461608886719,13.020196914672852,5.5071306228637695,2.1952928364044055e-10,-8.886988211997959e-07,-4.2079193462996045e-09
1785523730500159100,49018381,-67.20734405517578,-69.45314025878906,-27.77913475036621,0.12144763022661209,0.2837822139263153,0.2688366174697876,-0.9123842120170593,-8.623025894165039,13.027250289916992,5.5098137855529785,1.4159695638227277e-10,-9.137177130469354e-07,-3.510507440296351e-09
1785523730516177300,49031649,-67.02027130126953,-69.71785736083984,-27.71196746826172,0.12144763022661209,0.2837822139263153,0.2688366174697876,-0.9123842120170593,-8.626031875610352,13.031929016113281,5.511575222015381,1.0550138540565968e-10,-8.697240900801262e-07,-3.1087097340787295e-09
1785523730528394800,49031649,-67.02027130126953,-69.71785736083984,-27.71196746826172,0.12144763022661209,0.2837822139263153,0.2688366174697876,-0.9123842120170593,-8.626031875610352,13.031929016113281,5.511575222015381,1.0550138540565968e-10,-8.697240900801262e-07,-3.1087097340787295e-09
1785523730542397000,49064919,-66.70648193359375,-70.16193389892578,-27.599300384521484,0.12144763022661209,0.2837822139263153,0.2688366174697876,-0.9123842120170593,-8.633365631103516,13.043482780456543,5.515869617462158,5.0533799367258325e-11,-9.119186188399908e-07,-2.292466660946957e-09
1785523730556746600,49064919,-66.70648193359375,-70.16193389892578,-27.599300384521484,0.12144763022661209,0.2837822139263153,0.2688366174697876,-0.9123842120170593,-8.633365631103516,13.043482780456543,5.515869617462158,5.0533799367258325e-11,-9.119186188399908e-07,-2.292466660946957e-09
1785523730570032500,49084830,-66.58304595947266,-70.33657836914062,-27.554994583129883,0.12144763022661209,0.2837822139263153,0.2688366174697876,-0.9123842120170593,-8.637584686279297,13.05022144317627,5.518333911895752,3.268496584496461e-11,-9.095639939005196e-07,-1.9138326479151146e-09
1785523730585336400,49098240,-66.3970718383789,-70.59977722167969,-27.48822784423828,0.12144763022661209,0.2837822139263153,0.2688366174697876,-0.9123842120170593,-8.640379905700684,13.054716110229492,5.519963264465332,2.4385826691286638e-11,-9.011204156195163e-07,-1.6943886294029653e-09
1785523730598117800,49118426,-66.27043151855469,-70.7789535522461,-27.442777633666992,0.12144763022661209,0.2837822139263153,0.2688366174697876,-0.9123842120170593,-8.644506454467773,13.061418533325195,5.522365570068359,1.5802470443304628e-11,-8.576778327551438e-07,-1.4104273304837989e-09
1785523730612127800,49131602,-66.08222198486328,-71.04527282714844,-27.375228881835938,0.12144763022661209,0.2837822139263153,0.2688366174697876,-0.9123842120170593,-8.647192001342773,13.065811157226562,5.523924350738525,-7.977945415404974e-08,-8.225943020079285e-07,-4.49215065145836e-08
1785523730626434200,49131602,-66.08222198486328,-71.04527282714844,-27.375228881835938,0.12144763022661209,0.2837822139263153,0.2688366174697876,-0.9123842120170593,-8.647192001342773,13.065811157226562,5.523924350738525,-7.977945415404974e-08,-8.225943020079285e-07,-4.49215065145836e-08
1785523730642446200,49151717,-65.95745849609375,-71.22186279296875,-27.3304443359375,0.12144763022661209,0.2837822139263153,0.2688366174697876,-0.9123842120170593,-8.651139259338379,13.072319030761719,5.526211261749268,-5.132420710651786e-08,-6.67918016006297e-07,-3.744882803857763e-08
1785523730654658800,49164978,-65.76980590820312,-71.4874038696289,-27.26310920715332,0.12144763022661209,0.2837822139263153,0.2688366174697876,-0.9123842120170593,-8.653725624084473,13.07662582397461,5.527710437774658,-3.822378857876174e-08,-6.465899105023709e-07,-3.3162777413053846e-08
1785523730670077700,49185426,-65.64433288574219,-71.66497039794922,-27.218090057373047,0.12144763022661209,0.2837822139263153,0.2688366174697876,-0.9123842120170593,-8.65757942199707,13.083087921142578,5.529934406280518,-2.4428032929790788e-08,-5.593952892013476e-07,-2.7574003524932778e-08
1785523730682323400,49198590,-65.45304870605469,-71.9356460571289,-27.149477005004883,0.12144763022661209,0.2837822139263153,0.2688366174697876,-0.9123842120170593,-8.660078048706055,13.087313652038574,5.531376838684082,-1.8168265114582027e-08,-5.306033017404843e-07,-2.4405167664554028e-08
1785523730697745600,49218600,-65.3287124633789,-72.11156463623047,-27.104887008666992,0.12144763022661209,0.2837822139263153,0.2688366174697876,-0.9123842120170593,-8.663735389709473,13.093548774719238,5.533480167388916,-1.1693884971464286e-08,-4.856628947891295e-07,-2.0349332885416516e-08
1785523730710321800,49231614,-65.14054870605469,-72.3778076171875,-27.037416458129883,0.12144763022661209,0.2837822139263153,0.2688366174697876,-0.9123842120170593,-8.666109085083008,13.097639083862305,5.534846305847168,-8.732769174457644e-09,-5.106543312649592e-07,-1.8039699511973595e-08
1785523730726124500,49231614,-65.14054870605469,-72.3778076171875,-27.037416458129883,0.12144763022661209,0.2837822139263153,0.2688366174697876,-0.9123842120170593,-8.666109085083008,13.097639083862305,5.534846305847168,-8.732769174457644e-09,-5.106543312649592e-07,-1.8039699511973595e-08
1785523730737671500,49251814,-65.0171890258789,-72.55239868164062,-26.99317741394043,0.12144763022661209,0.2837822139263153,0.2688366174697876,-0.9123842120170593,-8.669625282287598,13.10373306274414,5.536860942840576,-5.6239173318317626e-09,-4.967754989593232e-07,-1.504503188698436e-08
1785523730753621800,49264949,-64.82843780517578,-72.81947326660156,-26.925512313842773,0.12144763022661209,0.2837822139263153,0.2688366174697876,-0.9123842120170593,-8.671929359436035,13.107763290405273,5.538179397583008,-4.19072421209421e-09,-5.190946126276685e-07,-1.3326015846359951e-08
1785523730765025100,49285239,-64.7035140991211,-72.99620056152344,-26.880746841430664,0.12144763022661209,0.2837822139263153,0.2688366174697876,-0.9123842120170593,-8.67534065246582,13.113778114318848,5.540125846862793,-2.6885231818596367e-09,-4.7255016966119e-07,-1.1097000651716371e-08
1785523730780812800,49298429,-64.51343536376953,-73.26518249511719,-26.8126220703125,0.12144763022661209,0.2837822139263153,0.2688366174697876,-0.9123842120170593,-8.677568435668945,13.117741584777832,5.54139518737793,-2.000604126806138e-09,-4.6629384087282233e-07,-9.823764912653132e-09
1785523730793325900,49298429,-64.51343536376953,-73.26518249511719,-26.8126220703125,0.12144763022661209,0.2837822139263153,0.2688366174697876,-0.9123842120170593,-8.677568435668945,13.117741584777832,5.54139518737793,-2.000604126806138e-09,-4.6629384087282233e-07,-9.823764912653132e-09
1785523730807051300,49318351,-64.38819885253906,-73.44242858886719,-26.767738342285156,0.12144763022661209,0.2837822139263153,0.2688366174697876,-0.9123842120170593,-8.680828094482422,13.123577117919922,5.543243885040283,-1.2888961009593913e-09,-4.441529313226056e-07,-8.194220413315634e-09
1785523730821186500,49331594,-64.20069885253906,-73.707763671875,-26.7005615234375,0.12144763022661209,0.2837822139263153,0.2688366174697876,-0.9123842120170593,-8.682958602905273,13.127432823181152,5.544453144073486,-9.608953632778139e-10,-3.998455042619753e-07,-7.259444601004361e-09
1785523730835939200,49351847,-64.07503509521484,-73.88557434082031,-26.65555191040039,0.12144763022661209,0.2837822139263153,0.2688366174697876,-0.9123842120170593,-8.686120986938477,13.133199691772461,5.5462422370910645,-6.161826604511589e-10,-4.0155504166250466e-07,-6.044274414307438e-09
1785523730848711300,49364951,-63.88488006591797,-74.1546401977539,-26.58745574951172,0.12144763022661209,0.2837822139263153,0.2688366174697876,-0.9123842120170593,-8.688179016113281,13.136979103088379,5.547400951385498,-4.5918113755760714e-10,-4.481260589273006e-07,-5.353797405405203e-09
1785523730863285300,49385217,-63.760467529296875,-74.33068084716797,-26.542903900146484,0.12144763022661209,0.2837822139263153,0.2688366174697876,-0.9123842120170593,-8.691222190856934,13.142620086669922,5.549112796783447,-2.9464786166499835e-10,-3.922541793599521e-07,-4.458811986296496e-09
1785523730877511600,49398322,-63.5695686340332,-74.60076904296875,-26.47457504272461,0.12144763022661209,0.2837822139263153,0.2688366174697876,-0.9123842120170593,-8.693204879760742,13.14632797241211,5.550226211547852,-7.94780277146856e-08,-2.827850948960986e-07,-3.9482230818066455e-09
1785523730891524200,49398322,-63.5695686340332,-74.60076904296875,-26.47457504272461,0.12144763022661209,0.2837822139263153,0.2688366174697876,-0.9123842120170593,-8.693204879760742,13.14632797241211,5.550226211547852,-7.94780277146856e-08,-2.827850948960986e-07,-3.9482230818066455e-09
1785523730906765400,49418591,-63.444881439208984,-74.77721405029297,-26.42994499206543,0.12144763022661209,0.2837822139263153,0.2688366174697876,-0.9123842120170593,-8.696124076843262,13.151833534240723,5.551861763000488,-8.052225553001335e-08,-1.522328716418997e-07,-3.289786221216673e-09
1785523730921439100,49431640,-63.25472640991211,-75.04625701904297,-26.361907958984375,0.12144763022661209,0.2837822139263153,0.2688366174697876,-0.9123842120170593,-8.69802188873291,13.15544319152832,5.552921772003174,-1.342975934903734e-07,-3.9321967904015764e-08,-2.9150086788831686e-09
1785523730934193800,49452202,-63.130741119384766,-75.22174072265625,-26.317533493041992,0.12144763022661209,0.2837822139263153,0.2688366174697876,-0.9123842120170593,-8.700860977172852,13.160887718200684,5.554502487182617,-1.9123935146581061e-07,8.023738473639241e-08,-2.4240591756097274e-09
1785523730949926200,49464913,-62.93699264526367,-75.49590301513672,-26.24821662902832,0.12144763022661209,0.2837822139263153,0.2688366174697876,-0.9123842120170593,-8.702682495117188,13.164412498474121,5.555514335632324,-1.7837257360042713e-07,9.551145296882169e-08,-2.1485959678102518e-09
1785523730962219200,49484920,-62.815818786621094,-75.66734313964844,-26.204896926879883,0.12144763022661209,0.2837822139263153,0.2688366174697876,-0.9123842120170593,-8.705345153808594,13.169605255126953,5.5569891929626465,-1.8985127780979383e-07,1.362179489206028e-07,-1.7954420172827668e-09
1785523730976111200,49498306,-62.62706756591797,-75.93441009521484,-26.137426376342773,0.12144763022661209,0.2837822139263153,0.2688366174697876,-0.9123842120170593,-8.70711612701416,13.173086166381836,5.557966232299805,-1.4136202253212105e-07,1.014269770394094e-07,-1.5898535821179394e-09
1785523730992166200,49498306,-62.62706756591797,-75.93441009521484,-26.137426376342773,0.12144763022661209,0.2837822139263153,0.2688366174697876,-0.9123842120170593,-8.70711612701416,13.173086166381836,5.557966232299805,-1.4136202253212105e-07,1.014269770394094e-07,-1.5898535821179394e-09
1785523731004880000,49518481,-62.50035095214844,-76.11369323730469,-26.092132568359375,0.12144763022661209,0.2837822139263153,0.2688366174697876,-0.9123842120170593,-8.709729194641113,13.178276062011719,5.559406757354736,-1.3090573247609427e-07,1.0531037730743265e-07,-1.323414267062617e-09
1785523731020100400,49531813,-62.30968475341797,-76.38343811035156,-26.023998260498047,0.12144763022661209,0.2837822139263153,0.2688366174697876,-0.9123842120170593,-8.711431503295898,13.181682586669922,5.560341835021973,-1.3729412273733033e-07,1.1823716761227843e-07,-1.1717986581061268e-09
1785523731031925000,49551878,-62.18406295776367,-76.56121063232422,-25.979116439819336,0.12144763022661209,0.2837822139263153,0.2688366174697876,-0.9123842120170593,-8.713935852050781,13.186735153198242,5.561712741851807,-8.822419772513967e-08,7.597834184025487e-08,-9.764704600456753e-10
1785523731045733800,49565124,-61.99398422241211,-76.83013916015625,-25.91123390197754,0.12144763022661209,0.2837822139263153,0.2688366174697876,-0.9123842120170593,-8.715576171875,13.19007396697998,5.562608242034912,-1.404339968757995e-07,1.313228636945496e-07,-8.642757620691555e-10
1785523731059829400,49565124,-61.99398422241211,-76.83013916015625,-25.91123390197754,0.12144763022661209,0.2837822139263153,0.2688366174697876,-0.9123842120170593,-8.715576171875,13.19007396697998,5.562608242034912,-1.404339968757995e-07,1.313228636945496e-07,-8.642757620691555e-10
1785523731074834600,49585700,-61.86726379394531,-77.00948333740234,-25.8659610748291,0.12144763022661209,0.2837822139263153,0.2688366174697876,-0.9123842120170593,-8.718024253845215,13.195099830627441,5.563939094543457,-1.6019849624626659e-07,1.5438932621236745e-07,-7.178755367931444e-10
1785523731086748500,49598236,-61.67320251464844,-77.2840576171875,-25.796674728393555,0.12144763022661209,0.2837822139263153,0.2688366174697876,-0.9123842120170593,-8.719578742980957,13.19831657409668,5.564781665802002,-1.9349572255578096e-07,1.891521037578059e-07,-6.366320803863346e-10
1785523731101375000,49618300,-61.5529670715332,-77.45420837402344,-25.75374412536621,0.12144763022661209,0.2837822139263153,0.2688366174697876,-0.9123842120170593,-8.721851348876953,13.203064918518066,5.566010475158691,-2.282052093960374e-07,2.2538935695592954e-07,-5.322249307937454e-10
1785523731114533600,49631557,-61.363826751708984,-77.72185516357422,-25.68624496459961,0.12144763022661209,0.2837822139263153,0.2688366174697876,-0.9123842120170593,-8.723367691040039,13.206256866455078,5.566826343536377,-2.445408711082564e-07,2.424439458081906e-07,-4.712177315013832e-10
1785523731128796700,49651630,-61.236873626708984,-77.9014892578125,-25.64095115661621,0.12144763022661209,0.2837822139263153,0.2688366174697876,-0.9123842120170593,-8.725590705871582,13.210990905761719,5.568023204803467,-2.3161194917520334e-07,2.3026399276204756e-07,-3.9264591578103136e-10
1785523731144893800,49664851,-61.04753875732422,-78.1694107055664,-25.573421478271484,0.12144763022661209,0.2837822139263153,0.2688366174697876,-0.9123842120170593,-8.72705078125,13.214110374450684,5.5688018798828125,-2.1260406413148303e-07,2.11599967769871e-07,-3.4772540402627783e-10
1785523731158591900,49664851,-61.04753875732422,-78.1694107055664,-25.573421478271484,0.12144763022661209,0.2837822139263153,0.2688366174697876,-0.9123842120170593,-8.72705078125,13.214110374450684,5.5688018798828125,-2.1260406413148303e-07,2.11599967769871e-07,-3.4772540402627783e-10
1785523731171327600,49684922,-60.92081832885742,-78.34870147705078,-25.528226852416992,0.12144763022661209,0.2837822139263153,0.2688366174697876,-0.9123842120170593,-8.7291898727417,13.218735694885254,5.569940567016602,-2.409954618087795e-07,2.403495216185547e-07,-2.8971669507882325e-10
1785523731185474900,49698183,-60.73155975341797,-78.6165771484375,-25.46072769165039,0.12144763022661209,0.2837822139263153,0.2688366174697876,-0.9123842120170593,-8.730591773986816,13.221792221069336,5.570686340332031,-2.5406413328710187e-07,2.5358306743328285e-07,-2.5647750589996576e-10
1785523731200927500,49718174,-60.60445022583008,-78.79641723632812,-25.415414810180664,0.12144763022661209,0.2837822139263153,0.2688366174697876,-0.9123842120170593,-8.732650756835938,13.22632122039795,5.571774959564209,-2.6766929295263253e-07,2.6735997948890144e-07,-2.1367441149777733e-10
1785523731215557500,49731517,-60.41519546508789,-79.0643081665039,-25.347944259643555,0.12144763022661209,0.2837822139263153,0.2688366174697876,-0.9123842120170593,-8.733997344970703,13.229310989379883,5.572484970092773,-1.9933438011321414e-07,1.9910424953195616e-07,8.48862384827953e-08
1785523731228092400,49731517,-60.41519546508789,-79.0643081665039,-25.347944259643555,0.12144763022661209,0.2837822139263153,0.2688366174697876,-0.9123842120170593,-8.733997344970703,13.229310989379883,5.572484970092773,-1.9933438011321414e-07,1.9910424953195616e-07,8.48862384827953e-08
1785523731242569700,49764826,-60.09870910644531,-79.51219177246094,-25.23518943786621,0.12144763022661209,0.2837822139263153,0.2688366174697876,-0.9123842120170593,-8.737275123596191,13.236669540405273,5.574201583862305,-9.545352952500252e-08,9.534401357313982e-08,2.573096082869597e-07
1785523731256843800,49764826,-60.09870910644531,-79.51219177246094,-25.23518943786621,0.12144763022661209,0.2837822139263153,0.2688366174697876,-0.9123842120170593,-8.737275123596191,13.236669540405273,5.574201583862305,-9.545352952500252e-08,9.534401357313982e-08,2.573096082869597e-07
1785523731270186900,49784856,-59.9713249206543,-79.6924819946289,-25.1898193359375,0.12144763022661209,0.2837822139263153,0.2688366174697876,-0.9123842120170593,-8.739179611206055,13.24100399017334,5.575191974639893,-6.141900854572668e-08,6.134907692967317e-08,3.3810761124186683e-07
1785523731284406500,49798676,-59.78234100341797,-79.95992279052734,-25.12252426147461,0.12144763022661209,0.2837822139263153,0.2688366174697876,-0.9123842120170593,-8.74045181274414,13.243929862976074,5.575852394104004,1.226754875460756e-07,4.537317010999686e-08,3.3944721167245007e-07
1785523731299038500,49818005,-59.64921569824219,-80.14830017089844,-25.07514190673828,0.12144763022661209,0.2837822139263153,0.2688366174697876,-0.9123842120170593,-8.742266654968262,13.248138427734375,5.576788902282715,2.144421387129114e-07,2.929111531102535e-08,2.8337126423139125e-07
1785523731312217900,49831462,-59.46640396118164,-80.40703582763672,-25.010072708129883,0.12144763022661209,0.2837822139263153,0.2688366174697876,-0.9123842120170593,-8.743453979492188,13.250909805297852,5.577397346496582,2.6719163770394516e-07,2.1890855350648053e-08,2.512861385639553e-07
1785523731325142300,49831462,-59.46640396118164,-80.40703582763672,-25.010072708129883,0.12144763022661209,0.2837822139263153,0.2688366174697876,-0.9123842120170593,-8.743453979492188,13.250909805297852,5.577397346496582,2.6719163770394516e-07,2.1890855350648053e-08,2.512861385639553e-07
1785523731338386200,49851473,-59.33742141723633,-80.58960723876953,-24.964174270629883,0.12144763022661209,0.2837822139263153,0.2688366174697876,-0.9123842120170593,-8.745218276977539,13.255075454711914,5.578300476074219,3.5036893564210914e-07,1.4054180041966902e-08,2.0931470601226465e-07
1785523731351757800,49864847,-59.14804458618164,-80.85761260986328,-24.896820068359375,0.12144763022661209,0.2837822139263153,0.2688366174697876,-0.9123842120170593,-8.746370315551758,13.257821083068848,5.578888416290283,3.75828307142001e-07,1.0462912314324058e-08,1.8533052070779377e-07
1785523731366326900,49884728,-59.02019500732422,-81.03856658935547,-24.85135269165039,0.12144763022661209,0.2837822139263153,0.2688366174697876,-0.9123842120170593,-8.748063087463379,13.261877059936523,5.579744338989258,4.200695684630773e-07,6.732648216711823e-09,1.5451418278189522e-07
1785523731379697900,49898103,-58.83116912841797,-81.3060531616211,-24.78414535522461,0.12144763022661209,0.2837822139263153,0.2688366174697876,-0.9123842120170593,-8.749170303344727,13.264562606811523,5.580303192138672,4.6205116177588934e-07,5.0122963557441835e-09,1.368092057418835e-07
1785523731393688200,49898103,-58.83116912841797,-81.3060531616211,-24.78414535522461,0.12144763022661209,0.2837822139263153,0.2688366174697876,-0.9123842120170593,-8.749170303344727,13.264562606811523,5.580303192138672,4.6205116177588934e-07,5.0122963557441835e-09,1.368092057418835e-07
1785523731406575500,49918304,-58.70296859741211,-81.4875259399414,-24.73857879638672,0.12144763022661209,0.2837822139263153,0.2688366174697876,-0.9123842120170593,-8.750804901123047,13.26855754852295,5.5811238288879395,5.058833494331338e-07,3.2160585305973655e-09,1.1393142074211937e-07
1785523731422512100,49931500,-58.512420654296875,-81.75724792480469,-24.670854568481445,0.12144763022661209,0.2837822139263153,0.2688366174697876,-0.9123842120170593,-8.751871109008789,13.271183013916016,5.581655502319336,4.513208295975346e-07,2.394983766862424e-09,1.008882577480108e-07
1785523731434959700,49951293,-58.3853874206543,-81.93705749511719,-24.625717163085938,0.12144763022661209,0.2837822139263153,0.2688366174697876,-0.9123842120170593,-8.753422737121582,13.275045394897461,5.58242654800415,3.606944574130466e-07,1.5455157154065091e-09,8.420660435604077e-08
1785523731448156200,49964789,-58.19722366333008,-82.203369140625,-24.55889129638672,0.12144763022661209,0.2837822139263153,0.2688366174697876,-0.9123842120170593,-8.754447937011719,13.277621269226074,5.58293342590332,3.0247301197050547e-07,1.150283424067311e-09,7.455038542047987e-08
1785523731463971900,49984910,-58.0680046081543,-82.38623046875,-24.513011932373047,0.12144763022661209,0.2837822139263153,0.2688366174697876,-0.9123842120170593,-8.755959510803223,13.281450271606445,5.583677768707275,3.6361473121360177e-07,7.376712574114208e-10,6.206983016454615e-08
1785523731476752100,49998192,-57.87757873535156,-82.6557388305664,-24.445425033569336,0.12144763022661209,0.2837822139263153,0.2688366174697876,-0.9123842120170593,-8.756941795349121,13.283963203430176,5.584158420562744,3.4537328019723645e-07,5.493347998708487e-10,5.496269750437932e-08
1785523731490144000,49998192,-57.87757873535156,-82.6557388305664,-24.445425033569336,0.12144763022661209,0.2837822139263153,0.2688366174697876,-0.9123842120170593,-8.756941795349121,13.283963203430176,5.584158420562744,3.4537328019723645e-07,5.493347998708487e-10,5.496269750437932e-08
1785523731504210200,50018161,-57.75015640258789,-82.8360595703125,-24.400209426879883,0.12144763022661209,0.2837822139263153,0.2688366174697876,-0.9123842120170593,-8.758382797241211,13.287681579589844,5.584859848022461,3.608155054735107e-07,3.5352343275008025e-10,4.582341261993861e-08
1785523731518542000,50031535,-57.56031036376953,-83.10472106933594,-24.332855224609375,0.12144763022661209,0.2837822139263153,0.2688366174697876,-0.9123842120170593,-8.759331703186035,13.290143966674805,5.585316181182861,3.835752124814462e-07,2.632276618896867e-10,4.0574349213784444e-08
1785523731532921500,50051497,-57.43230438232422,-83.28590393066406,-24.287445068359375,0.12144763022661209,0.2837822139263153,0.2688366174697876,-0.9123842120170593,-8.76071834564209,13.293792724609375,5.585984230041504,4.5530086367762124e-07,1.6925127965805586e-10,3.381293822712905e-08
1785523731547442800,50064847,-57.242225646972656,-83.55501556396484,-24.220033645629883,0.12144763022661209,0.2837822139263153,0.2688366174697876,-0.9123842120170593,-8.76162338256836,13.296199798583984,5.586419105529785,4.136477684824058e-07,1.2605028132384177e-10,2.994141823364771e-08
1785523731560264600,50064847,-57.242225646972656,-83.55501556396484,-24.220033645629883,0.12144763022661209,0.2837822139263153,0.2688366174697876,-0.9123842120170593,-8.76162338256836,13.296199798583984,5.586419105529785,4.136477684824058e-07,1.2605028132384177e-10,2.994141823364771e-08
1785523731574585100,50084763,-57.11441421508789,-83.73589324951172,-24.174720764160156,0.12144763022661209,0.2837822139263153,0.2688366174697876,-0.9123842120170593,-8.762955665588379,13.299751281738281,5.587048530578613,4.444135015546635e-07,8.120082384266425e-11,2.4969381229311693e-08
1785523731588936800,50098115,-56.92507553100586,-84.0038833618164,-24.10761260986328,0.12144763022661209,0.2837822139263153,0.2688366174697876,-0.9123842120170593,-8.763830184936523,13.302109718322754,5.587460994720459,3.3081298056458763e-07,6.847309919066902e-08,2.21074003547983e-08
1785523731603438900,50118048,-56.79640579223633,-84.18605041503906,-24.0620059967041,0.12144763022661209,0.2837822139263153,0.2688366174697876,-0.9123842120170593,-8.765108108520508,13.305596351623535,5.5880608558654785,2.772993923372269e-07,1.0858241239475319e-07,1.8427513737151457e-08
1785523731617561800,50131433,-56.60691452026367,-84.45427703857422,-23.99488639831543,0.12144763022661209,0.2837822139263153,0.2688366174697876,-0.9123842120170593,-8.765947341918945,13.307902336120605,5.588450908660889,2.468787272391637e-07,1.2129083870604518e-07,1.631516255429233e-08
1785523731632018700,50151381,-56.478240966796875,-84.63644409179688,-23.94930076599121,0.12144763022661209,0.2837822139263153,0.2688366174697876,-0.9123842120170593,-8.76717758178711,13.311309814453125,5.589019298553467,1.8369514975802304e-07,1.0288423624160714e-07,-2.982068991741471e-08
1785523731643796300,50164823,-56.28898239135742,-84.90437316894531,-23.882280349731445,0.12144763022661209,0.2837822139263153,0.2688366174697876,-0.9123842120170593,-8.767984390258789,13.31357192993164,5.589390754699707,1.3672492116256763e-07,7.657709488739783e-08,-1.1161615276478187e-07
1785523731658440100,50164823,-56.28898239135742,-84.90437316894531,-23.882280349731445,0.12144763022661209,0.2837822139263153,0.2688366174697876,-0.9123842120170593,-8.767984390258789,13.31357192993164,5.589390754699707,1.3672492116256763e-07,7.657709488739783e-08,-1.1161615276478187e-07
1785523731669951700,50184759,-56.15999984741211,-85.08698272705078,-23.83661651611328,0.12144763022661209,0.2837822139263153,0.2688366174697876,-0.9123842120170593,-8.769166946411133,13.316913604736328,5.58992862701416,8.784910932035928e-08,4.9202697027794784e-08,-2.1693878693440638e-07
1785523731684463300,50198099,-55.96999740600586,-85.35596466064453,-23.769378662109375,0.12144763022661209,0.2837822139263153,0.2688366174697876,-0.9123842120170593,-8.769938468933105,13.319121360778809,5.590279579162598,6.539395513982527e-08,3.6625991128858004e-08,-2.7725786821974907e-07
1785523731698151000,50218019,-55.84148406982422,-85.53787231445312,-23.72391128540039,0.12144763022661209,0.2837822139263153,0.2688366174697876,-0.9123842120170593,-8.771071434020996,13.322378158569336,5.590787887573242,2.4141186827364436e-09,-1.6102276845231245e-08,-2.703631878375745e-07
1785523731712796900,50231437,-55.65203094482422,-85.80604553222656,-23.65690803527832,0.12144763022661209,0.2837822139263153,0.2688366174697876,-0.9123842120170593,-8.77181625366211,13.324538230895996,5.591118812561035,-7.287930259280984e-08,-8.666320638894831e-08,-2.393774991560349e-07
1785523731725541800,50231437,-55.65203094482422,-85.80604553222656,-23.65690803527832,0.12144763022661209,0.2837822139263153,0.2688366174697876,-0.9123842120170593,-8.77181625366211,13.324538230895996,5.591118812561035,-7.287930259280984e-08,-8.666320638894831e-08,-2.393774991560349e-07
1785523731739831700,50251422,-55.52312469482422,-85.98857116699219,-23.611312866210938,0.12144763022661209,0.2837822139263153,0.2688366174697876,-0.9123842120170593,-8.772905349731445,13.327736854553223,5.591601371765137,-1.210031257414812e-07,-1.298627125834173e-07,-1.994868057408894e-07
1785523731752944100,50264837,-55.333045959472656,-86.25760650634766,-23.54413604736328,0.12144763022661209,0.2837822139263153,0.2688366174697876,-0.9123842120170593,-8.773618698120117,13.329850196838379,5.591914653778076,-1.2434678353656636e-07,-1.309410038174974e-07,-1.7661355400377943e-07
1785523731767222100,50284662,-55.20429611206055,-86.43986511230469,-23.498626708984375,0.12144763022661209,0.2837822139263153,0.2688366174697876,-0.9123842120170593,-8.774663925170898,13.332966804504395,5.592367649078369,-1.539050629162375e-07,-1.5815098208804557e-07,-1.4728423991527961e-07
1785523731779700000,50298577,-55.015037536621094,-86.7077407836914,-23.431772232055664,0.12144763022661209,0.2837822139263153,0.2688366174697876,-0.9123842120170593,-8.775362968444824,13.335073471069336,5.592669486999512,-2.401439473942446e-07,-1.1702054791840055e-07,-1.3009442056954867e-07
1785523731794845400,50298577,-55.015037536621094,-86.7077407836914,-23.431772232055664,0.12144763022661209,0.2837822139263153,0.2688366174697876,-0.9123842120170593,-8.775362968444824,13.335073471069336,5.592669486999512,-2.401439473942446e-07,-1.1702054791840055e-07,-1.3009442056954867e-07
1785523731808059100,50317936,-54.88097381591797,-86.8975601196289,-23.384408950805664,0.12144763022661209,0.2837822139263153,0.2688366174697876,-0.9123842120170593,-8.776357650756836,13.33811092376709,5.593095779418945,-3.2378392234022613e-07,-7.548602809492877e-08,-1.085702265868349e-07
1785523731820787300,50331438,-54.696834564208984,-87.15828704833984,-23.31937026977539,0.12144763022661209,0.2837822139263153,0.2688366174697876,-0.9123842120170593,-8.777003288269043,13.340110778808594,5.593372344970703,-3.157866785841179e-07,-5.638473865587912e-08,-9.625699703974533e-08
1785523731835249600,50351260,-54.56691360473633,-87.3422622680664,-23.27349090576172,0.12144763022661209,0.2837822139263153,0.2688366174697876,-0.9123842120170593,-8.77796745300293,13.343095779418945,5.593775272369385,-3.7735526348114945e-07,-3.6290650484716025e-08,-8.025908471154253e-08
1785523731848369700,50364748,-54.37820053100586,-87.60945892333984,-23.20686912536621,0.12144763022661209,0.2837822139263153,0.2688366174697876,-0.9123842120170593,-8.77859878540039,13.345073699951172,5.594037055969238,-3.5555541444409755e-07,-2.7002442948287353e-08,-7.104748078745615e-08
1785523731862769300,50384658,-54.24812316894531,-87.79367065429688,-23.160951614379883,0.12144763022661209,0.2837822139263153,0.2688366174697876,-0.9123842120170593,-8.77952766418457,13.34800910949707,5.594419002532959,-3.725929786924098e-07,-1.7346096115034015e-08,-5.919444845403632e-08
1785523731877243200,50398142,-54.05828094482422,-88.06246185302734,-23.093969345092773,0.12144763022661209,0.2837822139263153,0.2688366174697876,-0.9123842120170593,-8.780133247375488,13.349946022033691,5.594666481018066,-3.862244284391636e-07,-1.2910263080812001e-08,-5.240626421709749e-08
1785523731893187600,50398142,-54.05828094482422,-88.06246185302734,-23.093969345092773,0.12144763022661209,0.2837822139263153,0.2688366174697876,-0.9123842120170593,-8.780133247375488,13.349946022033691,5.594666481018066,-3.862244284391636e-07,-1.2910263080812001e-08,-5.240626421709749e-08
1785523731906157400,50418038,-53.92906188964844,-88.24539947509766,-23.048402786254883,0.12144763022661209,0.2837822139263153,0.2688366174697876,-0.9123842120170593,-8.78101921081543,13.352808952331543,5.595024108886719,-3.923969984498399e-07,-8.299153364532685e-09,-4.367498718238494e-08
1785523731920694400,50431419,-53.73886489868164,-88.51469421386719,-22.981332778930664,0.12144763022661209,0.2837822139263153,0.2688366174697876,-0.9123842120170593,-8.781599998474121,13.35469913482666,5.595256328582764,-4.071868886512675e-07,-6.178396461109514e-09,-3.867025100134924e-08
1785523731936605500,50451352,-53.61003875732422,-88.69712829589844,-22.935903549194336,0.12144763022661209,0.2837822139263153,0.2688366174697876,-0.9123842120170593,-8.782448768615723,13.357495307922363,5.595592498779297,-4.0589617356090457e-07,-3.974577111875988e-09,-3.223668443297356e-08
1785523731948123200,50464781,-53.419960021972656,-88.96629333496094,-22.868900299072266,0.12144763022661209,0.2837822139263153,0.2688366174697876,-0.9123842120170593,-8.78300952911377,13.359350204467773,5.595809459686279,-4.1104476622422226e-07,-2.958259415208886e-09,-2.8540100061036355e-08
1785523731962371200,50484743,-53.29081726074219,-89.14917755126953,-22.823392868041992,0.12144763022661209,0.2837822139263153,0.2688366174697876,-0.9123842120170593,-8.78382396697998,13.362089157104492,5.596124649047852,-4.0294412428920623e-07,-1.9029329223485547e-09,-2.379114505401958e-08
1785523731978504400,50498093,-53.10085678100586,-89.41819763183594,-22.75644874572754,0.12144763022661209,0.2837822139263153,0.2688366174697876,-0.9123842120170593,-8.7843599319458,13.363896369934082,5.596327781677246,-4.1510219261908787e-07,-1.4166801065584878e-09,-2.1064863631181652e-08
1785523731990104800,50498093,-53.10085678100586,-89.41819763183594,-22.75644874572754,0.12144763022661209,0.2837822139263153,0.2688366174697876,-0.9123842120170593,-8.7843599319458,13.363896369934082,5.596327781677246,-4.1510219261908787e-07,-1.4166801065584878e-09,-2.1064863631181652e-08
1785523732004616500,50517988,-52.971717834472656,-89.60103607177734,-22.710981369018555,0.12144763022661209,0.2837822139263153,0.2688366174697876,-0.9123842120170593,-8.785140991210938,13.366573333740234,5.596622943878174,-3.6717273133035633e-07,-9.114273780141957e-10,-1.756069423208828e-08
1785523732017972500,50531429,-52.78167724609375,-89.87010192871094,-22.644067764282227,0.12144763022661209,0.2837822139263153,0.2688366174697876,-0.9123842120170593,-8.785653114318848,13.36834716796875,5.5968146324157715,-3.543295861163642e-07,-6.783551498301676e-10,-1.5547044540653587e-08
1785523732032381700,50551261,-52.65230178833008,-90.05325317382812,-22.598539352416992,0.12144763022661209,0.2837822139263153,0.2688366174697876,-0.9123842120170593,-8.786401748657227,13.37095832824707,5.597088813781738,-3.322080317502696e-07,-4.369482553556736e-10,-1.2966552276338916e-08
1785523732045417800,50564780,-52.46304702758789,-90.32122802734375,-22.531938552856445,0.12144763022661209,0.2837822139263153,0.2688366174697876,-0.9123842120170593,-8.786893844604492,13.372696876525879,5.597267150878906,-3.2195407584367786e-07,-3.2504487990081543e-10,-1.1476885219963151e-08
1785523732059745800,50564780,-52.46304702758789,-90.32122802734375,-22.531938552856445,0.12144763022661209,0.2837822139263153,0.2688366174697876,-0.9123842120170593,-8.786893844604492,13.372696876525879,5.597267150878906,-3.2195407584367786e-07,-3.2504487990081543e-10,-1.1476885219963151e-08
1785523732074381500,50584684,-52.33261489868164,-90.50590515136719,-22.486040115356445,0.12144763022661209,0.2837822139263153,0.2688366174697876,-0.9123842120170593,-8.787613868713379,13.375263214111328,5.597525596618652,-3.455802186635992e-07,-2.0888535345875425e-10,-9.563080993757467e-09
1785523732087310900,50598108,-52.14269256591797,-90.77481842041016,-22.41924285888672,0.12144763022661209,0.2837822139263153,0.2688366174697876,-0.9123842120170593,-8.7880859375,13.376958847045898,5.597691535949707,-4.066000087732391e-07,-1.5552359400317073e-10,-8.466997769573936e-09
1785523732101752400,50617896,-52.01332092285156,-90.95803833007812,-22.373735427856445,0.12144763022661209,0.2837822139263153,0.2688366174697876,-0.9123842120170593,-8.788773536682129,13.379457473754883,5.59792947769165,-2.0129215272390866e-07,2.0788186816389498e-07,-7.062254780976218e-09
1785523732113306700,50631388,-51.823944091796875,-91.22614288330078,-22.307172775268555,0.12144763022661209,0.2837822139263153,0.2688366174697876,-0.9123842120170593,-8.789225578308105,13.381115913391113,5.59808349609375,-1.4979227103140147e-07,3.042021319288324e-07,-6.252150797081413e-09
1785523732126341400,50631388,-51.823944091796875,-91.22614288330078,-22.307172775268555,0.12144763022661209,0.2837822139263153,0.2688366174697876,-0.9123842120170593,-8.789225578308105,13.381115913391113,5.59808349609375,-1.4979227103140147e-07,3.042021319288324e-07,-6.252150797081413e-09
1785523732141416200,50651476,-51.69378662109375,-91.41044616699219,-22.261430740356445,0.12144763022661209,0.2837822139263153,0.2688366174697876,-0.9123842120170593,-8.78989028930664,13.383581161499023,5.598305702209473,-2.5740746423252858e-08,2.3503537249780493e-07,1.1920330678094615e-07
1785523732152889300,50664758,-51.50230407714844,-91.68157958984375,-22.194135665893555,0.12144763022661209,0.2837822139263153,0.2688366174697876,-0.9123842120170593,-8.790321350097656,13.385202407836914,5.598450183868408,5.5420827038688e-08,2.4962369593595213e-07,1.9063118372741883e-07
1785523732166213600,50685110,-51.37409973144531,-91.86310577392578,-22.14909553527832,0.12144763022661209,0.2837822139263153,0.2688366174697876,-0.9123842120170593,-8.790958404541016,13.387608528137207,5.598656177520752,1.0557482710282784e-07,2.3023238782116096e-07,2.8295647780396394e-07
1785523732180937100,50698134,-51.181678771972656,-92.13561248779297,-22.08150863647461,0.12144763022661209,0.2837822139263153,0.2688366174697876,-0.9123842120170593,-8.791372299194336,13.389192581176758,5.598789215087891,1.9306315834910492e-07,1.6628118260086922e-07,2.9195356887612434e-07
1785523732195332700,50698134,-51.181678771972656,-92.13561248779297,-22.08150863647461,0.12144763022661209,0.2837822139263153,0.2688366174697876,-0.9123842120170593,-8.791372299194336,13.389192581176758,5.598789215087891,1.9306315834910492e-07,1.6628118260086922e-07,2.9195356887612434e-07
1785523732208288500,50731407,-50.86359405517578,-92.58615112304688,-21.969799041748047,0.12144763022661209,0.2837822139263153,0.2688366174697876,-0.9123842120170593,-8.792373657226562,13.393078804016113,5.599099636077881,3.5626101180241676e-07,7.97707144783999e-08,2.1563997165685578e-07
1785523732224132500,50731407,-50.86359405517578,-92.58615112304688,-21.969799041748047,0.12144763022661209,0.2837822139263153,0.2688366174697876,-0.9123842120170593,-8.792373657226562,13.393078804016113,5.599099636077881,3.5626101180241676e-07,7.97707144783999e-08,2.1563997165685578e-07
1785523732238818700,50751322,-50.73453140258789,-92.7689437866211,-21.92448616027832,0.12144763022661209,0.2837822139263153,0.2688366174697876,-0.9123842120170593,-8.792951583862305,13.395367622375488,5.599274158477783,3.6770111933037697e-07,5.1355200980651716e-08,1.7981844280257064e-07
1785523732253006900,50764767,-50.54445266723633,-93.0381851196289,-21.857778549194336,0.12144763022661209,0.2837822139263153,0.2688366174697876,-0.9123842120170593,-8.793333053588867,13.396885871887207,5.599386692047119,3.88959819019874e-07,3.822353278337687e-08,1.5919978579859162e-07
1785523732265699300,50784671,-50.414764404296875,-93.22187042236328,-21.81226921081543,0.12144763022661209,0.2837822139263153,0.2688366174697876,-0.9123842120170593,-8.793889999389648,13.399130821228027,5.599547863006592,3.887128912083426e-07,2.4583044933024212e-08,1.3270134502363362e-07
1785523732280053300,50798155,-50.22445297241211,-93.49139404296875,-21.745512008666992,0.12144763022661209,0.2837822139263153,0.2688366174697876,-0.9123842120170593,-8.794255256652832,13.400618553161621,5.599650859832764,4.046502795063134e-07,1.8288616843165073e-08,1.1746375605525827e-07
1785523732294875700,50798155,-50.22445297241211,-93.49139404296875,-21.745512008666992,0.12144763022661209,0.2837822139263153,0.2688366174697876,-0.9123842120170593,-8.794255256652832,13.400618553161621,5.599650859832764,4.046502795063134e-07,1.8288616843165073e-08,1.1746375605525827e-07
1785523732306404200,50818000,-50.094451904296875,-93.6755142211914,-21.699926376342773,0.12144763022661209,0.2837822139263153,0.2688366174697876,-0.9123842120170593,-8.794788360595703,13.402810096740723,5.599797248840332,3.6990255125601834e-07,1.1765806107177923e-08,9.792429978006112e-08
1785523732322467100,50831452,-49.90449142456055,-93.94452667236328,-21.63333511352539,0.12144763022661209,0.2837822139263153,0.2688366174697876,-0.9123842120170593,-8.795138359069824,13.404263496398926,5.5998921394348145,3.841466593712539e-07,8.759769798416528e-09,8.670568263369205e-08
1785523732335367200,50851422,-49.774803161621094,-94.12821197509766,-21.587865829467773,0.12144763022661209,0.2837822139263153,0.2688366174697876,-0.9123842120170593,-8.795648574829102,13.406413078308105,5.6000261306762695,3.8153552850417327e-07,5.629303245768824e-09,7.225088438644889e-08
1785523732351719500,50864768,-49.58390426635742,-94.39861297607422,-21.520952224731445,0.12144763022661209,0.2837822139263153,0.2688366174697876,-0.9123842120170593,-8.795980453491211,13.407832145690918,5.600111961364746,3.5870073133992264e-07,4.1907526338036405e-09,6.397152674253448e-08
1785523732364507400,50884721,-49.45476531982422,-94.58154296875,-21.475698471069336,0.12144763022661209,0.2837822139263153,0.2688366174697876,-0.9123842120170593,-8.796470642089844,13.409927368164062,5.6002326011657715,3.692715040415351e-07,2.698115508792398e-09,5.334574382231949e-08
1785523732377614800,50898068,-49.264530181884766,-94.85099029541016,-21.409048080444336,0.12144763022661209,0.2837822139263153,0.2688366174697876,-0.9123842120170593,-8.79678726196289,13.411316871643066,5.6003098487854,3.495587179713766e-07,2.0082211449334864e-09,4.722889457298152e-08
1785523732392056300,50898068,-49.264530181884766,-94.85099029541016,-21.409048080444336,0.12144763022661209,0.2837822139263153,0.2688366174697876,-0.9123842120170593,-8.79678726196289,13.411316871643066,5.6003098487854,3.495587179713766e-07,2.0082211449334864e-09,4.722889457298152e-08
1785523732406529300,50918155,-49.13468551635742,-95.03487396240234,-21.36357879638672,0.12144763022661209,0.2837822139263153,0.2688366174697876,-0.9123842120170593,-8.797257423400879,13.413381576538086,5.6004204750061035,3.991798394054058e-07,1.2890239986518282e-09,3.933637060526962e-08
1785523732421959800,50931451,-48.94300842285156,-95.30633544921875,-21.296459197998047,0.12144763022661209,0.2837822139263153,0.2688366174697876,-0.9123842120170593,-8.797560691833496,13.414735794067383,5.600489139556885,4.0629907971379e-07,9.59914814302465e-10,3.4832481787816505e-08
1785523732436547400,50951382,-48.814491271972656,-95.48839569091797,-21.2514591217041,0.12144763022661209,0.2837822139263153,0.2688366174697876,-0.9123842120170593,-8.798005104064941,13.416736602783203,5.600586414337158,3.902449350334791e-07,-3.9111199612307246e-08,-1.4442179008256062e-08
1785523732448244000,50965173,-48.62371063232422,-95.75855255126953,-21.184701919555664,0.12144763022661209,0.2837822139263153,0.2688366174697876,-0.9123842120170593,-8.79830265045166,13.418088912963867,5.600649833679199,2.0551948409774923e-07,-7.070904928241362e-08,-7.881055807956727e-09
1785523732462029600,50984750,-48.490116119384766,-95.94780731201172,-21.137943267822266,0.12144763022661209,0.2837822139263153,0.2688366174697876,-0.9123842120170593,-8.79872989654541,13.420052528381348,5.600735187530518,6.185806000758021e-08,-1.1586544701458479e-07,1.1703139790597561e-07
1785523732477793000,50998103,-48.302616119384766,-96.21331787109375,-21.072378158569336,0.12144763022661209,0.2837822139263153,0.2688366174697876,-0.9123842120170593,-8.799005508422852,13.421335220336914,5.600788116455078,4.621078986133398e-08,-8.655622707465227e-08,1.880228808204265e-07
1785523732489626400,50998103,-48.302616119384766,-96.21331787109375,-21.072378158569336,0.12144763022661209,0.2837822139263153,0.2688366174697876,-0.9123842120170593,-8.799005508422852,13.421335220336914,5.600788116455078,4.621078986133398e-08,-8.655622707465227e-08,1.880228808204265e-07
1785523732504099200,51017931,-48.17378616333008,-96.39582824707031,-21.02730941772461,0.12144763022661209,0.2837822139263153,0.2688366174697876,-0.9123842120170593,-8.79941177368164,13.42324447631836,5.600863933563232,2.9795657496833883e-08,-5.580872652899416e-08,2.799671392494929e-07
1785523732519889800,51031408,-47.983943939208984,-96.66466522216797,-20.96095085144043,0.12144763022661209,0.2837822139263153,0.2688366174697876,-0.9123842120170593,-8.799680709838867,13.424517631530762,5.600912570953369,-5.257291135762898e-08,-1.1627790286183881e-07,3.3310885783066624e-07
1785523732532803400,51051376,-47.85347366333008,-96.84943389892578,-20.915346145629883,0.12144763022661209,0.2837822139263153,0.2688366174697876,-0.9123842120170593,-8.800071716308594,13.426403045654297,5.600977897644043,-9.8520686719894e-08,-1.3943866861154675e-07,4.015431329662533e-07
1785523732547211400,51064733,-47.66246032714844,-97.11994934082031,-20.848588943481445,0.12144763022661209,0.2837822139263153,0.2688366174697876,-0.9123842120170593,-8.80032730102539,13.427642822265625,5.60101842880249,-1.480041191825876e-07,-1.7846693367573607e-07,4.4068937654628826e-07
1785523732561375900,51064733,-47.66246032714844,-97.11994934082031,-20.848588943481445,0.12144763022661209,0.2837822139263153,0.2688366174697876,-0.9123842120170593,-8.80032730102539,13.427642822265625,5.60101842880249,-1.480041191825876e-07,-1.7846693367573607e-07,4.4068937654628826e-07
1785523732574463400,51084588,-47.533084869384766,-97.3031997680664,-20.803373336791992,0.12144763022661209,0.2837822139263153,0.2688366174697876,-0.9123842120170593,-8.800697326660156,13.429475784301758,5.60107421875,-1.9927388450469152e-07,-2.1890414814151882e-07,4.908478672405181e-07
1785523732586993800,51098230,-47.34324264526367,-97.5721435546875,-20.737045288085938,0.12144763022661209,0.2837822139263153,0.2688366174697876,-0.9123842120170593,-8.800939559936523,13.430694580078125,5.601109981536865,-1.4811169535278168e-07,-1.6270212199742673e-07,4.3432700636003574e-07
1785523732600163300,51118102,-47.21175765991211,-97.75838470458984,-20.69112777709961,0.12144763022661209,0.2837822139263153,0.2688366174697876,-0.9123842120170593,-8.801298141479492,13.432499885559082,5.6011576652526855,-9.509030718390932e-08,-1.0445776865708467e-07,3.6178641948936274e-07
1785523732616235500,51131450,-47.021209716796875,-98.02832794189453,-20.62456512451172,0.12144763022661209,0.2837822139263153,0.2688366174697876,-0.9123842120170593,-8.801530838012695,13.433684349060059,5.601186752319336,-7.084312159122419e-08,-7.78220368147231e-08,3.204239646947826e-07
1785523732630349500,51151387,-46.89207077026367,-98.2112808227539,-20.5794677734375,0.12144763022661209,0.2837822139263153,0.2688366174697876,-0.9123842120170593,-8.801871299743652,13.435442924499512,5.601224422454834,-4.5583895769141236e-08,-5.007451875371771e-08,2.6714141654338164e-07
1785523732643127100,51165261,-46.701053619384766,-98.48184967041016,-20.512786865234375,0.12144763022661209,0.2837822139263153,0.2688366174697876,-0.9123842120170593,-8.80209732055664,13.436624526977539,5.601248264312744,-3.37358585511538e-08,-3.7059365354252805e-08,2.359824975428637e-07
1785523732656298500,51165261,-46.701053619384766,-98.48184967041016,-20.512786865234375,0.12144763022661209,0.2837822139263153,0.2688366174697876,-0.9123842120170593,-8.80209732055664,13.436624526977539,5.601248264312744,-3.37358585511538e-08,-3.7059365354252805e-08,2.359824975428637e-07
1785523732669702700,51184820,-46.56683349609375,-98.67201232910156,-20.465932846069336,0.12144763022661209,0.2837822139263153,0.2688366174697876,-0.9123842120170593,-8.802419662475586,13.438342094421387,5.6012773513793945,-2.170592949823913e-08,-2.384436470492801e-08,1.9673889539717493e-07
1785523732685619300,51198086,-46.37957000732422,-98.93726348876953,-20.40060043334961,0.12144763022661209,0.2837822139263153,0.2688366174697876,-0.9123842120170593,-8.802630424499512,13.43946647644043,5.60129451751709,-1.6226733734470145e-08,-1.782542113915042e-08,1.744828352912009e-07
1785523732698446500,51217945,-46.25089645385742,-99.1195297241211,-20.355716705322266,0.12144763022661209,0.2837822139263153,0.2688366174697876,-0.9123842120170593,-8.802936553955078,13.441141128540039,5.601316452026367,-1.045511410779909e-08,-1.148521278082626e-08,1.4554599658822553e-07
1785523732712591500,51231427,-46.06023406982422,-99.38959503173828,-20.289213180541992,0.12144763022661209,0.2837822139263153,0.2688366174697876,-0.9123842120170593,-8.803140640258789,13.442251205444336,5.601329326629639,-7.781398636552694e-09,-8.548099117433594e-09,1.288555608880415e-07
1785523732726359400,51231427,-46.06023406982422,-99.38959503173828,-20.289213180541992,0.12144763022661209,0.2837822139263153,0.2688366174697876,-0.9123842120170593,-8.803140640258789,13.442251205444336,5.601329326629639,-7.781398636552694e-09,-8.548099117433594e-09,1.288555608880415e-07
1785523732739986100,51251398,-45.930233001708984,-99.57379913330078,-20.24386215209961,0.12144763022661209,0.2837822139263153,0.2688366174697876,-0.9123842120170593,-8.803437232971191,13.443904876708984,5.601344108581543,-4.997280811380733e-09,-5.489702914474037e-09,1.0734719069205312e-07
1785523732754311000,51264727,-45.73863220214844,-99.84529113769531,-20.17703628540039,0.12144763022661209,0.2837822139263153,0.2688366174697876,-0.9123842120170593,-8.803630828857422,13.444989204406738,5.601351261138916,-3.7202152469717475e-09,-4.086821547844011e-09,9.504636011570256e-08
1785523732768344100,51284570,-45.609413146972656,-100.02830505371094,-20.131996154785156,0.12144763022661209,0.2837822139263153,0.2688366174697876,-0.9123842120170593,-8.803910255432129,13.446586608886719,5.601357936859131,-2.3995436748691645e-09,-2.6360424953963957e-09,7.931733136956609e-08
1785523732782260100,51298347,-45.41968536376953,-100.2970199584961,-20.065893173217773,0.12144763022661209,0.2837822139263153,0.2688366174697876,-0.9123842120170593,-8.804094314575195,13.447660446166992,5.601361274719238,-1.7796146778437105e-09,-1.9550263630208065e-09,7.0124450246567e-08
1785523732795190300,51317984,-45.28609085083008,-100.48624420166016,-20.019350051879883,0.12144763022661209,0.2837822139263153,0.2688366174697876,-0.9123842120170593,-8.804363250732422,13.449235916137695,5.601360321044922,-1.1443734848626264e-09,-1.2571952368034545e-09,5.845022954531487e-08
1785523732809816500,51331377,-45.0978889465332,-100.75293731689453,-19.953754425048828,0.12144763022661209,0.2837822139263153,0.2688366174697876,-0.9123842120170593,-8.804536819458008,13.45026969909668,5.601357460021973,-8.5359985746436e-10,-9.377636445151438e-10,5.1792817146179004e-08
1785523732823730000,51331377,-45.0978889465332,-100.75293731689453,-19.953754425048828,0.12144763022661209,0.2837822139263153,0.2688366174697876,-0.9123842120170593,-8.804536819458008,13.45026969909668,5.601357460021973,-8.5359985746436e-10,-9.377636445151438e-10,5.1792817146179004e-08
1785523732838132300,51351216,-44.96796798706055,-100.93701934814453,-19.90850067138672,0.12144763022661209,0.2837822139263153,0.2688366174697876,-0.9123842120170593,-8.804790496826172,13.451804161071777,5.601351737976074,-5.498019817196109e-10,-6.040306033128218e-10,4.31982485338267e-08
1785523732851697100,51365093,-44.777889251708984,-101.20624542236328,-19.84231948852539,0.12144763022661209,0.2837822139263153,0.2688366174697876,-0.9123842120170593,-8.804963111877441,13.452836036682129,5.601344108581543,-4.0729464245714553e-10,-4.474767223427989e-10,3.817477889356269e-08
1785523732866406700,51385133,-44.643592834472656,-101.39651489257812,-19.795560836791992,0.12144763022661209,0.2837822139263153,0.2688366174697876,-0.9123842120170593,-8.805205345153809,13.45435905456543,5.601332187652588,-2.603028903536142e-10,-2.859934511434403e-10,3.174271512307314e-08
1785523732879643800,51398069,-44.45210647583008,-101.66780853271484,-19.728900909423828,0.12144763022661209,0.2837822139263153,0.2688366174697876,-0.9123842120170593,-8.805363655090332,13.455341339111328,5.601321220397949,-1.9461232625417324e-10,-2.1382717818596575e-10,2.8153287701115914e-08
1785523732894132400,51398069,-44.45210647583008,-101.66780853271484,-19.728900909423828,0.12144763022661209,0.2837822139263153,0.2688366174697876,-0.9123842120170593,-8.805363655090332,13.455341339111328,5.601321220397949,-1.9461232625417324e-10,-2.1382717818596575e-10,2.8153287701115914e-08
1785523732908353700,51431363,-44.13421630859375,-102.11812591552734,-19.618295669555664,0.12144763022661209,0.2837822139263153,0.2688366174697876,-0.9123842120170593,-8.805743217468262,13.457773208618164,5.601288795471191,-9.351275309654739e-11,-1.0275780226720599e-10,2.080917305136154e-08
1785523732923328200,51431363,-44.13421630859375,-102.11812591552734,-19.618295669555664,0.12144763022661209,0.2837822139263153,0.2688366174697876,-0.9123842120170593,-8.805743217468262,13.457773208618164,5.601288795471191,-9.351275309654739e-11,-1.0275780226720599e-10,2.080917305136154e-08
1785523732936111700,51451424,-44.00523376464844,-102.30085754394531,-19.57341194152832,0.12144763022661209,0.2837822139263153,0.2688366174697876,-0.9123842120170593,-8.805963516235352,13.459212303161621,5.601264476776123,-6.014877484972203e-11,-6.610090252934242e-11,1.734741772452253e-08
1785523732950135900,51464734,-43.81363296508789,-102.57235717773438,-19.50676155090332,0.12144763022661209,0.2837822139263153,0.2688366174697876,-0.9123842120170593,-8.806108474731445,13.460165023803711,5.601245880126953,-4.477307413708331e-11,-4.920952534348544e-11,1.535972948829567e-08
1785523732964461900,51484664,-43.68425750732422,-102.75568389892578,-19.461761474609375,0.12144763022661209,0.2837822139263153,0.2688366174697876,-0.9123842120170593,-8.806315422058105,13.461567878723145,5.601216793060303,-2.8825386522157714e-11,-3.168576512280197e-11,1.2809545424374846e-08
1785523732978460700,51498458,-43.49347686767578,-103.02594757080078,-19.39543342590332,0.12144763022661209,0.2837822139263153,0.2688366174697876,-0.9123842120170593,-8.80645751953125,13.462512969970703,5.601193428039551,-2.134203924697431e-11,-2.3461677045588658e-11,1.1318009640604032e-08
1785523732991635300,51498458,-43.49347686767578,-103.02594757080078,-19.39543342590332,0.12144763022661209,0.2837822139263153,0.2688366174697876,-0.9123842120170593,-8.80645751953125,13.462512969970703,5.601193428039551,-2.134203924697431e-11,-2.3461677045588658e-11,1.1318009640604032e-08
1785523733005926700,51517993,-43.35918045043945,-103.21623992919922,-19.348735809326172,0.12144763022661209,0.2837822139263153,0.2688366174697876,-0.9123842120170593,-8.806652069091797,13.463885307312012,5.60115909576416,-1.3735013126847662e-11,-1.510347402700063e-11,9.438215542445505e-09
1785523733021194300,51531391,-43.17198944091797,-103.48146057128906,-19.283666610717773,0.12144763022661209,0.2837822139263153,0.2688366174697876,-0.9123842120170593,-8.806782722473145,13.464787483215332,5.601133823394775,-1.025379781083302e-11,-1.127764548414234e-11,8.366892956246375e-09
1785523733032820800,51551217,-43.04206848144531,-103.66554260253906,-19.238510131835938,0.12144763022661209,0.2837822139263153,0.2688366174697876,-0.9123842120170593,-8.806970596313477,13.466129302978516,5.601094722747803,-6.601608149026106e-12,-7.263079027097774e-12,6.978521316369779e-09
1785523733047228500,51564719,-42.85183334350586,-103.93510437011719,-19.172407150268555,0.12144763022661209,0.2837822139263153,0.2688366174697876,-0.9123842120170593,-8.807093620300293,13.467020988464355,5.601066589355469,-4.909850304102292e-12,-5.404565683875262e-12,6.177968803200429e-09
1785523733061666600,51564719,-42.85183334350586,-103.93510437011719,-19.172407150268555,0.12144763022661209,0.2837822139263153,0.2688366174697876,-0.9123842120170593,-8.807093620300293,13.467020988464355,5.601066589355469,-4.909850304102292e-12,-5.404565683875262e-12,6.177968803200429e-09
1785523733074973900,51584602,-42.72113037109375,-104.12030792236328,-19.126996994018555,0.12144763022661209,0.2837822139263153,0.2688366174697876,-0.9123842120170593,-8.807271957397461,13.468339920043945,5.601021766662598,-3.1528113453305195e-12,-3.4723335318176396e-12,5.148234283325337e-09
1785523733088312400,51598049,-42.53011703491211,-104.3910140991211,-19.060638427734375,0.12144763022661209,0.2837822139263153,0.2688366174697876,-0.9123842120170593,-8.807388305664062,13.469208717346191,5.600989818572998,-2.345346139520643e-12,-2.5845992013273644e-12,4.558151189826276e-09
1785523733100987500,51617876,-42.400115966796875,-104.57518005371094,-19.0155029296875,0.12144763022661209,0.2837822139263153,0.2688366174697876,-0.9123842120170593,-8.807557106018066,13.47049617767334,5.600942611694336,-1.5090151350705128e-12,-1.6640022693081846e-12,3.801912562551024e-09
1785523733116786700,51631387,-42.209922790527344,-104.8447036743164,-18.949447631835938,0.12144763022661209,0.2837822139263153,0.2688366174697876,-0.9123842120170593,-8.807668685913086,13.471349716186523,5.600907325744629,-1.1209921879640206e-12,-1.2370104940373494e-12,3.3651190722849833e-09
1785523733129835600,51651206,-42.07875061035156,-105.03059387207031,-18.903900146484375,0.12144763022661209,0.2837822139263153,0.2688366174697876,-0.9123842120170593,-8.807827949523926,13.472607612609863,5.600854873657227,-7.196465645620265e-13,-7.952527525389996e-13,2.8051037048726357e-09
1785523733144175000,51664719,-41.88843536376953,-105.30020141601562,-18.837846755981445,0.12144763022661209,0.2837822139263153,0.2688366174697876,-0.9123842120170593,-8.807933807373047,13.473442077636719,5.600818634033203,-5.346278975082441e-13,-5.915268275202834e-13,2.483515615381293e-09
1785523733156814300,51664719,-41.88843536376953,-105.30020141601562,-18.837846755981445,0.12144763022661209,0.2837822139263153,0.2688366174697876,-0.9123842120170593,-8.807933807373047,13.473442077636719,5.600818634033203,-5.346278975082441e-13,-5.915268275202834e-13,2.483515615381293e-09
1785523733170112900,51684603,-41.7578125,-105.48526763916016,-18.79251480102539,0.12144763022661209,0.2837822139263153,0.2688366174697876,-0.9123842120170593,-8.808087348937988,13.4746732711792,5.6007609367370605,-3.428923811554796e-13,-3.802513859341161e-13,2.070592808323113e-09
1785523733184129700,51698048,-41.5673828125,-105.75515747070312,-18.726421356201172,0.12144763022661209,0.2837822139263153,0.2688366174697876,-0.9123842120170593,-8.808184623718262,13.475489616394043,5.600721836090088,-2.5451862839531714e-13,-2.8255175976710234e-13,1.832902274401249e-09
1785523733198794300,51718297,-41.4365234375,-105.94058227539062,-18.681020736694336,0.12144763022661209,0.2837822139263153,0.2688366174697876,-0.9123842120170593,-8.808329582214355,13.476703643798828,5.60066032409668,-1.6225909504896663e-13,-1.80855330711438e-13,1.5254419949428666e-09
1785523733212060100,51731432,-41.24351501464844,-106.214111328125,-18.61404800415039,0.12144763022661209,0.2837822139263153,0.2688366174697876,-0.9123842120170593,-8.808424949645996,13.477498054504395,5.600618362426758,-1.202926647181357e-13,-1.343924971308752e-13,1.3509745544482143e-09
1785523733226506300,51731432,-41.24351501464844,-106.214111328125,-18.61404800415039,0.12144763022661209,0.2837822139263153,0.2688366174697876,-0.9123842120170593,-8.808424949645996,13.477498054504395,5.600618362426758,-1.202926647181357e-13,-1.343924971308752e-13,1.3509745544482143e-09
1785523733240100300,51751217,-41.11531066894531,-106.39575958251953,-18.56959342956543,0.12144763022661209,0.2837822139263153,0.2688366174697876,-0.9123842120170593,-8.80855941772461,13.478666305541992,5.600554466247559,-7.713274463583275e-14,-8.654188476953095e-14,1.127533622025112e-09
1785523733253290500,51764708,-40.924530029296875,-106.66602325439453,-18.50345230102539,0.12144763022661209,0.2837822139263153,0.2688366174697876,-0.9123842120170593,-8.808647155761719,13.479450225830078,5.600510120391846,-5.695444116327053e-14,-6.417089082333405e-14,9.981857562735286e-10
1785523733268016600,51784683,-40.793983459472656,-106.85103607177734,-18.45817756652832,0.12144763022661209,0.2837822139263153,0.2688366174697876,-0.9123842120170593,-8.80877685546875,13.48060417175293,5.600443363189697,-3.6165515027164474e-14,-4.118927421359331e-14,8.317738720009515e-10
1785523733281063800,51798037,-40.602577209472656,-107.12226104736328,-18.391820907592773,0.12144763022661209,0.2837822139263153,0.2688366174697876,-0.9123842120170593,-8.808856964111328,13.481369018554688,5.60039758682251,-2.6673108166619386e-14,-3.0503377601576176e-14,7.363856191489049e-10
1785523733295341900,51817815,-40.47249984741211,-107.3065414428711,-18.346742630004883,0.12144763022661209,0.2837822139263153,0.2688366174697876,-0.9123842120170593,-8.808979034423828,13.482486724853516,5.6003265380859375,-1.6917023337725823e-14,-1.9512169657787126e-14,6.145868258755627e-10
1785523733309793100,51831343,-40.28312301635742,-107.57493591308594,-18.281108856201172,0.12144763022661209,0.2837822139263153,0.2688366174697876,-0.9123842120170593,-8.809056282043457,13.483236312866211,5.600278377532959,-1.2406742300186124e-14,-1.4460654895742664e-14,5.440092820663267e-10
1785523733325163400,51831343,-40.28312301635742,-107.57493591308594,-18.281108856201172,0.12144763022661209,0.2837822139263153,0.2688366174697876,-0.9123842120170593,-8.809056282043457,13.483236312866211,5.600278377532959,-1.2406742300186124e-14,-1.4460654895742664e-14,5.440092820663267e-10
1785523733339077600,51851236,-40.151329040527344,-107.76165771484375,-18.235443115234375,0.12144763022661209,0.2837822139263153,0.2688366174697876,-0.9123842120170593,-8.809175491333008,13.484342575073242,5.600203990936279,-7.716050021144838e-15,-9.18709552877317e-15,4.53132087407937e-10
1785523733353336700,51864689,-39.96007537841797,-108.03258514404297,-18.16920280456543,0.12144763022661209,0.2837822139263153,0.2688366174697876,-0.9123842120170593,-8.809247970581055,13.485074996948242,5.600153923034668,-5.592748486549226e-15,-6.772360450213455e-15,4.0116493460473635e-10
1785523733367445500,51884447,-39.82984161376953,-108.21715545654297,-18.124086380004883,0.12144763022661209,0.2837822139263153,0.2688366174697876,-0.9123842120170593,-8.809354782104492,13.486145973205566,5.6000776290893555,-3.4416913763379853e-15,-4.288236432614667e-15,3.34731353746065e-10
1785523733380609400,51898010,-39.64011764526367,-108.48594665527344,-18.05840301513672,0.12144763022661209,0.2837822139263153,0.2688366174697876,-0.9123842120170593,-8.80942153930664,13.486862182617188,5.600025653839111,-2.4424906541753444e-15,-3.1502578323738817e-15,2.962828593577882e-10
1785523733392689400,51898010,-39.64011764526367,-108.48594665527344,-18.05840301513672,0.12144763022661209,0.2837822139263153,0.2688366174697876,-0.9123842120170593,-8.80942153930664,13.486862182617188,5.600025653839111,-2.4424906541753444e-15,-3.1502578323738817e-15,2.962828593577882e-10
1785523733407184800,51918133,-39.50839614868164,-108.67256927490234,-18.012798309326172,0.12144763022661209,0.2837822139263153,0.2688366174697876,-0.9123842120170593,-8.809524536132812,13.487924575805664,5.599946022033691,-1.4363510381087963e-15,-1.942890293094024e-15,2.465653237138099e-10
1785523733421484600,51931355,-39.31574249267578,-108.94562530517578,-17.946088790893555,0.12144763022661209,0.2837822139263153,0.2688366174697876,-0.9123842120170593,-8.809591293334961,13.488622665405273,5.599891662597656,-9.992007221626409e-16,-1.4155343563970746e-15,2.183421776713601e-10
1785523733433385100,51951344,-39.186912536621094,-109.12813568115234,-17.901498794555664,0.12144763022661209,0.2837822139263153,0.2688366174697876,-0.9123842120170593,-8.80968189239502,13.489648818969727,5.59981107711792,-5.48172618408671e-16,-8.81239525796218e-16,1.8214182939679802e-10
1785523733448028200,51964973,-38.99574279785156,-109.39906311035156,-17.835317611694336,0.12144763022661209,0.2837822139263153,0.2688366174697876,-0.9123842120170593,-8.809744834899902,13.490340232849121,5.59975528717041,-3.3306690738754696e-16,-6.175615574477433e-16,1.6102633115799847e-10
1785523733462768500,51984431,-38.8625373840332,-109.58782958984375,-17.789222717285156,0.12144763022661209,0.2837822139263153,0.2688366174697876,-0.9123842120170593,-8.809776306152344,13.490690231323242,5.599726676940918,-2.6020852139652106e-16,-5.412337245047638e-16,1.511931552178325e-10
1785523733476094600,51984685,-38.8625373840332,-109.58782958984375,-17.789222717285156,0.12144763022661209,0.2837822139263153,0.2688366174697876,-0.9123842120170593,-8.809834480285645,13.49134635925293,5.599671363830566,-1.457167719820518e-16,-3.885780586188048e-16,1.3427028933143959e-10
1785523733489841500,51998060,-38.67398452758789,-109.85503387451172,-17.723979949951172,0.12144763022661209,0.2837822139263153,0.2688366174697876,-0.9123842120170593,-8.809890747070312,13.492009162902832,5.599615097045898,-6.591949208711867e-17,-2.5673907444456745e-16,1.1899235763390692e-10
1785523733503870300,52017841,-38.543983459472656,-110.03927612304688,-17.678998947143555,0.12144763022661209,0.2837822139263153,0.2688366174697876,-0.9123842120170593,-8.809974670410156,13.492993354797363,5.599528789520264,6.938893903907228e-18,-1.5265566588595902e-16,9.924004673589337e-11
1785523733518188800,52031364,-38.35332107543945,-110.30950164794922,-17.613040924072266,0.12144763022661209,0.2837822139263153,0.2688366174697876,-0.9123842120170593,-8.810027122497559,13.49364948272705,5.599470615386963,3.469446951953614e-17,-9.367506770274758e-17,8.785344673967188e-11
1785523733530450800,52051192,-38.22246170043945,-110.49488830566406,-17.56779670715332,0.12144763022661209,0.2837822139263153,0.2688366174697876,-0.9123842120170593,-8.810104370117188,13.49461555480957,5.599384307861328,5.898059818321144e-17,-5.204170427930421e-17,7.324008760578593e-11
1785523733544572100,52065031,-38.03167724609375,-110.76519012451172,-17.501850128173828,0.12144763022661209,0.2837822139263153,0.2688366174697876,-0.9123842120170593,-8.81015396118164,13.495262145996094,5.599323272705078,6.938893903907228e-17,-2.42861286636753e-17,6.472979097171816e-11
1785523733560530000,52065031,-38.03167724609375,-110.76519012451172,-17.501850128173828,0.12144763022661209,0.2837822139263153,0.2688366174697876,-0.9123842120170593,-8.81015396118164,13.495262145996094,5.599323272705078,6.938893903907228e-17,-2.42861286636753e-17,6.472979097171816e-11
1785523733573367200,52084580,-37.8974609375,-110.95536041259766,-17.4554443359375,0.12144763022661209,0.2837822139263153,0.2688366174697876,-0.9123842120170593,-8.810226440429688,13.496204376220703,5.599234580993652,7.28583859910259e-17,-1.0408340855860843e-17,5.398519131727397e-11
1785523733586491400,52098024,-37.709842681884766,-111.22119140625,-17.390600204467773,0.12144763022661209,0.2837822139263153,0.2688366174697876,-0.9123842120170593,-8.810274124145508,13.496826171875,5.5991740226745605,7.28583859910259e-17,0.0,4.7844429806875866e-11
1785523733602636900,52117918,-37.57921600341797,-111.40632629394531,-17.345443725585938,0.12144763022661209,0.2837822139263153,0.2688366174697876,-0.9123842120170593,-8.810338020324707,13.497751235961914,5.599082946777344,6.418476861114186e-17,6.938893903907228e-18,3.9875380775100666e-11
1785523733616606200,52131364,-37.38785171508789,-111.6774673461914,-17.279321670532227,0.12144763022661209,0.2837822139263153,0.2688366174697876,-0.9123842120170593,-8.810384750366211,13.498361587524414,5.599019527435303,6.505213034913027e-17,8.673617379884035e-18,3.530372522098091e-11
1785523733628432300,52151208,-37.25761795043945,-111.862060546875,-17.23432159423828,0.12144763022661209,0.2837822139263153,0.2688366174697876,-0.9123842120170593,-8.810444831848145,13.499261856079102,5.598926544189453,5.637851296924623e-17,1.0408340855860843e-17,2.9437507986784794e-11
1785523733642771400,52164744,-37.06671905517578,-112.13260650634766,-17.168363571166992,0.12144763022661209,0.2837822139263153,0.2688366174697876,-0.9123842120170593,-8.810484886169434,13.499861717224121,5.598862171173096,4.9439619065339e-17,1.0408340855860843e-17,2.6060455876608657e-11
1785523733657831900,52164744,-37.06671905517578,-112.13260650634766,-17.168363571166992,0.12144763022661209,0.2837822139263153,0.2688366174697876,-0.9123842120170593,-8.810484886169434,13.499861717224121,5.598862171173096,4.9439619065339e-17,1.0408340855860843e-17,2.6060455876608657e-11
1785523733669925000,52184843,-36.93601608276367,-112.3178482055664,-17.123207092285156,0.12144763022661209,0.2837822139263153,0.2688366174697876,-0.9123842120170593,-8.810544967651367,13.500752449035645,5.598766803741455,4.336808689942018e-17,1.214306433183765e-17,2.1695423235712497e-11
1785523733684196700,52198031,-36.74300765991211,-112.5914306640625,-17.056528091430664,0.12144763022661209,0.2837822139263153,0.2688366174697876,-0.9123842120170593,-8.81058120727539,13.501334190368652,5.598702430725098,4.0332320816460765e-17,1.214306433183765e-17,1.921370527957489e-11
1785523733697501600,52217912,-36.6144905090332,-112.77359771728516,-17.01213264465332,0.12144763022661209,0.2837822139263153,0.2688366174697876,-0.9123842120170593,-8.81063175201416,13.502196311950684,5.598607063293457,3.469446951953614e-17,1.1275702593849246e-17,1.603214609680048e-11
1785523733712129100,52231336,-36.42335891723633,-113.04452514648438,-16.94612693786621,0.12144763022661209,0.2837822139263153,0.2688366174697876,-0.9123842120170593,-8.810667037963867,13.502769470214844,5.598542213439941,3.122502256758253e-17,1.0408340855860843e-17,1.419375988270799e-11
1785523733726523000,52231336,-36.42335891723633,-113.04452514648438,-16.94612693786621,0.12144763022661209,0.2837822139263153,0.2688366174697876,-0.9123842120170593,-8.810667037963867,13.502769470214844,5.598542213439941,3.122502256758253e-17,1.0408340855860843e-17,1.419375988270799e-11
1785523733740044000,52251189,-36.29288864135742,-113.22940826416016,-16.90108871459961,0.12144763022661209,0.2837822139263153,0.2688366174697876,-0.9123842120170593,-8.810715675354004,13.50361156463623,5.598442554473877,2.5587171270657905e-17,9.107298248878237e-18,1.1834274879496398e-11
1785523733756434000,52264687,-36.10198974609375,-113.50001525878906,-16.83517074584961,0.12144763022661209,0.2837822139263153,0.2688366174697876,-0.9123842120170593,-8.810747146606445,13.504169464111328,5.598376274108887,2.2985086056692694e-17,7.806255641895632e-18,1.047627869871226e-11
1785523733768919200,52284868,-35.97113037109375,-113.68541717529297,-16.790014266967773,0.12144763022661209,0.2837822139263153,0.2688366174697876,-0.9123842120170593,-8.810792922973633,13.505001068115234,5.598275661468506,1.951563910473908e-17,6.938893903907228e-18,8.720988341204272e-12
1785523733783118000,52298082,-35.77800750732422,-113.95912170410156,-16.723363876342773,0.12144763022661209,0.2837822139263153,0.2688366174697876,-0.9123842120170593,-8.810820579528809,13.505550384521484,5.598208904266357,1.7780915628762273e-17,6.938893903907228e-18,7.722642837715288e-12
1785523733796607900,52318195,-35.64925765991211,-114.1415786743164,-16.678930282592773,0.12144763022661209,0.2837822139263153,0.2688366174697876,-0.9123842120170593,-8.810860633850098,13.50636100769043,5.598108291625977,1.496198998029996e-17,5.204170427930421e-18,6.4351059203549e-12
1785523733809895200,52331445,-35.45613098144531,-114.41535186767578,-16.612279891967773,0.12144763022661209,0.2837822139263153,0.2688366174697876,-0.9123842120170593,-8.810887336730957,13.506896018981934,5.5980401039123535,1.3010426069826053e-17,4.553649124439119e-18,5.698724478420125e-12
1785523733824047200,52331445,-35.45613098144531,-114.41535186767578,-16.612279891967773,0.12144763022661209,0.2837822139263153,0.2688366174697876,-0.9123842120170593,-8.810887336730957,13.506896018981934,5.5980401039123535,1.3010426069826053e-17,4.553649124439119e-18,5.698724478420125e-12
1785523733840177700,52351486,-35.327537536621094,-114.59765625,-16.56790542602539,0.12144763022661209,0.2837822139263153,0.2688366174697876,-0.9123842120170593,-8.81092643737793,13.507684707641602,5.597938060760498,1.0733601507606494e-17,4.119968255444917e-18,4.751989166745796e-12
1785523733852504400,52364778,-35.13534927368164,-114.87002563476562,-16.501605987548828,0.12144763022661209,0.2837822139263153,0.2688366174697876,-0.9123842120170593,-8.810948371887207,13.508207321166992,5.597868919372559,9.432558900623889e-18,3.469446951953614e-18,4.20768194592247e-12
1785523733866194800,52384905,-35.005821228027344,-115.05364227294922,-16.456918716430664,0.12144763022661209,0.2837822139263153,0.2688366174697876,-0.9123842120170593,-8.810982704162598,13.508984565734863,5.5977654457092285,8.023096076392733e-18,3.0357660829594124e-18,3.5046601037924674e-12
1785523733879673500,52398228,-34.81257629394531,-115.32754516601562,-16.390268325805664,0.12144763022661209,0.2837822139263153,0.2688366174697876,-0.9123842120170593,-8.811004638671875,13.509498596191406,5.5976972579956055,7.15573433840433e-18,2.3852447794681098e-18,3.103441765725523e-12
1785523733895605400,52398228,-34.81257629394531,-115.32754516601562,-16.390268325805664,0.12144763022661209,0.2837822139263153,0.2688366174697876,-0.9123842120170593,-8.811004638671875,13.509498596191406,5.5976972579956055,7.15573433840433e-18,2.3852447794681098e-18,3.103441765725523e-12
1785523733908526500,52431538,-34.48941421508789,-115.78555297851562,-16.278852462768555,0.12144763022661209,0.2837822139263153,0.2688366174697876,-0.9123842120170593,-8.811051368713379,13.510758399963379,5.597523212432861,5.312590645178972e-18,1.8431436932253575e-18,2.28902660714958e-12
1785523733922825800,52431538,-34.48941421508789,-115.78555297851562,-16.278852462768555,0.12144763022661209,0.2837822139263153,0.2688366174697876,-0.9123842120170593,-8.811051368713379,13.510758399963379,5.597523212432861,5.312590645178972e-18,1.8431436932253575e-18,2.28902660714958e-12
1785523733935977800,52451619,-34.36222457885742,-115.9658203125,-16.235004425048828,0.12144763022661209,0.2837822139263153,0.2688366174697876,-0.9123842120170593,-8.811079025268555,13.511499404907227,5.597418308258057,4.553649124439119e-18,1.5178830414797062e-18,1.9078276285167117e-12
1785523733951861900,52464810,-34.16816329956055,-116.24085998535156,-16.168119430541992,0.12144763022661209,0.2837822139263153,0.2688366174697876,-0.9123842120170593,-8.81109619140625,13.51198959350586,5.597349643707275,3.903127820947816e-18,1.4094628242311558e-18,1.6900153151921948e-12
1785523733964247800,52484600,-34.04066467285156,-116.42153930664062,-16.124174118041992,0.12144763022661209,0.2837822139263153,0.2688366174697876,-0.9123842120170593,-8.811116218566895,13.512704849243164,5.597245216369629,3.2526065174565133e-18,1.3010426069826053e-18,1.4113650569427816e-12
1785523733979739300,52498004,-33.84988021850586,-116.69196319580078,-16.05843162536621,0.12144763022661209,0.2837822139263153,0.2688366174697876,-0.9123842120170593,-8.811132431030273,13.513185501098633,5.597174644470215,2.8731357570865868e-18,1.1926223897340549e-18,1.2493488231804517e-12
1785523733994299800,52498004,-33.84988021850586,-116.69196319580078,-16.05843162536621,0.12144763022661209,0.2837822139263153,0.2688366174697876,-0.9123842120170593,-8.811132431030273,13.513185501098633,5.597174644470215,2.8731357570865868e-18,1.1926223897340549e-18,1.2493488231804517e-12
1785523734006988100,52517980,-33.718788146972656,-116.8778076171875,-16.013256072998047,0.12144763022661209,0.2837822139263153,0.2688366174697876,-0.9123842120170593,-8.811150550842285,13.513897895812988,5.597069263458252,2.4123498337802474e-18,9.215718466126788e-19,1.0410491912971054e-12
1785523734021313700,52531374,-33.527305603027344,-117.14921569824219,-15.947279930114746,0.12144763022661209,0.2837822139263153,0.2688366174697876,-0.9123842120170593,-8.811162948608398,13.514365196228027,5.5969977378845215,2.1412992906588713e-18,8.131516293641283e-19,9.216921930538247e-13
1785523734034265100,52551124,-33.39699172973633,-117.33395385742188,-15.902377128601074,0.12144763022661209,0.2837822139263153,0.2688366174697876,-0.9123842120170593,-8.811182022094727,13.515057563781738,5.596891403198242,1.734723475976807e-18,7.047314121155779e-19,7.688689095119994e-13
1785523734048772100,52564694,-33.20656204223633,-117.60381317138672,-15.83678150177002,0.12144763022661209,0.2837822139263153,0.2688366174697876,-0.9123842120170593,-8.811193466186523,13.51551628112793,5.59682035446167,1.5178830414797062e-18,6.505213034913027e-19,6.805543541904546e-13
1785523734061401400,52584560,-33.07500076293945,-117.79029846191406,-15.79146957397461,0.12144763022661209,0.2837822139263153,0.2688366174697876,-0.9123842120170593,-8.811202049255371,13.515974044799805,5.596749305725098,1.3688052427629493e-18,5.421010862427522e-19,6.0214772621206e-13
1785523734075953500,52598032,-32.88339614868164,-118.0618896484375,-15.725492477416992,0.12144763022661209,0.2837822139263153,0.2688366174697876,-0.9123842120170593,-8.811214447021484,13.516647338867188,5.596642971038818,1.1384122811097797e-18,4.0657581468206416e-19,5.01958988697454e-13
1785523734089824100,52598032,-32.88339614868164,-118.0618896484375,-15.725492477416992,0.12144763022661209,0.2837822139263153,0.2688366174697876,-0.9123842120170593,-8.811214447021484,13.516647338867188,5.596642971038818,1.1384122811097797e-18,4.0657581468206416e-19,5.01958988697454e-13
1785523734105791200,52617831,-32.75324249267578,-118.24638366699219,-15.680668830871582,0.12144763022661209,0.2837822139263153,0.2688366174697876,-0.9123842120170593,-8.811227798461914,13.517309188842773,5.596534729003906,9.486769009248164e-19,3.2526065174565133e-19,4.186616331391946e-13
1785523734118304400,52631357,-32.562461853027344,-118.51683044433594,-15.614974975585938,0.12144763022661209,0.2837822139263153,0.2688366174697876,-0.9123842120170593,-8.811233520507812,13.517752647399902,5.596463680267334,8.402566836762659e-19,3.3881317890172014e-19,3.706162438575633e-13
1785523734132405500,52651319,-32.431365966796875,-118.70263671875,-15.569838523864746,0.12144763022661209,0.2837822139263153,0.2688366174697876,-0.9123842120170593,-8.811244010925293,13.51839828491211,5.596354961395264,7.182839392716467e-19,2.981555974335137e-19,3.0883742828738403e-13
1785523734146832300,52664708,-32.23988342285156,-118.97409057617188,-15.503920555114746,0.12144763022661209,0.2837822139263153,0.2688366174697876,-0.9123842120170593,-8.811248779296875,13.518831253051758,5.596282958984375,6.2341624917916505e-19,2.439454888092385e-19,2.734525388244091e-13
1785523734159448400,52664708,-32.23988342285156,-118.97409057617188,-15.503920555114746,0.12144763022661209,0.2837822139263153,0.2688366174697876,-0.9123842120170593,-8.811248779296875,13.518831253051758,5.596282958984375,6.2341624917916505e-19,2.439454888092385e-19,2.734525388244091e-13
1785523734173821300,52684651,-32.10964584350586,-119.15863800048828,-15.459115982055664,0.12144763022661209,0.2837822139263153,0.2688366174697876,-0.9123842120170593,-8.81125259399414,13.519465446472168,5.596175670623779,5.21772295508649e-19,1.8973538018496328e-19,2.2799665801154223e-13
1785523734186358100,52698033,-31.91827964782715,-119.42984008789062,-15.393256187438965,0.12144763022661209,0.2837822139263153,0.2688366174697876,-0.9123842120170593,-8.811256408691406,13.519887924194336,5.596103668212891,4.675621868843738e-19,1.6263032587282567e-19,2.0184350610179258e-13
1785523734202381200,52718166,-31.787654876708984,-119.6150131225586,-15.348295211791992,0.12144763022661209,0.2837822139263153,0.2688366174697876,-0.9123842120170593,-8.811262130737305,13.520511627197266,5.595993518829346,3.9979955110402976e-19,1.3552527156068805e-19,1.6808180281630003e-13
1785523734214721500,52731379,-31.594648361206055,-119.88850402832031,-15.281908988952637,0.12144763022661209,0.2837822139263153,0.2688366174697876,-0.9123842120170593,-8.811264038085938,13.520925521850586,5.595921516418457,3.4220131069073734e-19,1.2874900798265365e-19,1.4884033133592822e-13
1785523734229358300,52751495,-31.465585708618164,-120.0714111328125,-15.23751449584961,0.12144763022661209,0.2837822139263153,0.2688366174697876,-0.9123842120170593,-8.811264038085938,13.521533012390137,5.595813274383545,2.812149384884277e-19,1.2197274440461925e-19,1.240999490670358e-13
1785523734243252400,52764749,-31.27339744567871,-120.34386444091797,-15.171391487121582,0.12144763022661209,0.2837822139263153,0.2688366174697876,-0.9123842120170593,-8.811264991760254,13.521934509277344,5.595742225646973,2.507217523872729e-19,9.486769009248164e-20,1.0988187085485962e-13
1785523734257767300,52764749,-31.27339744567871,-120.34386444091797,-15.171391487121582,0.12144763022661209,0.2837822139263153,0.2688366174697876,-0.9123842120170593,-8.811264991760254,13.521934509277344,5.595742225646973,2.507217523872729e-19,9.486769009248164e-20,1.0988187085485962e-13
1785523734273612000,52784747,-31.143632888793945,-120.52779388427734,-15.126762390136719,0.12144763022661209,0.2837822139263153,0.2688366174697876,-0.9123842120170593,-8.811264991760254,13.522531509399414,5.5956315994262695,2.1345230270808369e-19,7.792703114739563e-20,9.157597098165271e-14
1785523734286305200,52798014,-30.951210021972656,-120.80049896240234,-15.060590744018555,0.12144763022661209,0.2837822139263153,0.2688366174697876,-0.9123842120170593,-8.811264038085938,13.522924423217773,5.595559597015381,1.8634724839594607e-19,7.115076756936123e-20,8.108813100149437e-14
1785523734302466400,52818233,-30.821678161621094,-120.984130859375,-15.016039848327637,0.12144763022661209,0.2837822139263153,0.2688366174697876,-0.9123842120170593,-8.811260223388672,13.523509979248047,5.595450401306152,1.5585406229479126e-19,5.759824041329242e-20,6.756276310984632e-14
1785523734315119700,52831369,-30.628787994384766,-121.2575912475586,-14.949702262878418,0.12144763022661209,0.2837822139263153,0.2688366174697876,-0.9123842120170593,-8.811259269714355,13.523892402648926,5.595377445220947,1.3721933745519665e-19,5.421010862427522e-20,5.982687896520858e-14
1785523734329236500,52851523,-30.49964714050293,-121.4406509399414,-14.905306816101074,0.12144763022661209,0.2837822139263153,0.2688366174697876,-0.9123842120170593,-8.811254501342773,13.524466514587402,5.5952677726745605,1.1350241493207625e-19,4.404571325722362e-20,4.9849166271600034e-14
1785523734345395700,52864809,-30.306406021118164,-121.71451568603516,-14.83889102935791,0.12144763022661209,0.2837822139263153,0.2688366174697876,-0.9123842120170593,-8.81125259399414,13.52484130859375,5.595193862915039,1.0164395367051604e-19,4.0657581468206416e-20,4.414268158902529e-14
1785523734359596800,52864809,-30.306406021118164,-121.71451568603516,-14.83889102935791,0.12144763022661209,0.2837822139263153,0.2688366174697876,-0.9123842120170593,-8.81125259399414,13.52484130859375,5.595193862915039,1.0164395367051604e-19,4.0657581468206416e-20,4.414268158902529e-14
1785523734372395400,52884634,-30.177499771118164,-121.8972396850586,-14.794574737548828,0.12144763022661209,0.2837822139263153,0.2688366174697876,-0.9123842120170593,-8.811244010925293,13.525400161743164,5.595086574554443,8.555032767268433e-20,3.3881317890172014e-20,3.6826000826247277e-14
1785523734386306700,52898026,-29.98601531982422,-122.16868591308594,-14.728744506835938,0.12144763022661209,0.2837822139263153,0.2688366174697876,-0.9123842120170593,-8.811238288879395,13.525768280029297,5.59501314163208,7.369186641112413e-20,2.710505431213761e-20,3.260578791556071e-14
1785523734400910300,52918219,-29.85562515258789,-122.35345458984375,-14.683939933776855,0.12144763022661209,0.2837822139263153,0.2688366174697876,-0.9123842120170593,-8.811229705810547,13.526318550109863,5.59490442276001,6.013933925505532e-20,2.371692252312041e-20,2.7157870204530705e-14
1785523734413982200,52931414,-29.66273307800293,-122.62689208984375,-14.61764144897461,0.12144763022661209,0.2837822139263153,0.2688366174697876,-0.9123842120170593,-8.811223030090332,13.526679039001465,5.5948309898376465,5.336307567702092e-20,2.0328790734103208e-20,2.4049349073599832e-14
1785523734428622100,52931414,-29.66273307800293,-122.62689208984375,-14.61764144897461,0.12144763022661209,0.2837822139263153,0.2688366174697876,-0.9123842120170593,-8.811223030090332,13.526679039001465,5.5948309898376465,5.336307567702092e-20,2.0328790734103208e-20,2.4049349073599832e-14
1785523734441432900,52964578,-29.3409366607666,-123.08297729492188,-14.50710391998291,0.12144763022661209,0.2837822139263153,0.2688366174697876,-0.9123842120170593,-8.811210632324219,13.527389526367188,5.5946855545043945,4.277516383634217e-20,1.6093625997831706e-20,1.8868394124687757e-14
1785523734454831300,52964706,-29.3409366607666,-123.08297729492188,-14.50710391998291,0.12144763022661209,0.2837822139263153,0.2688366174697876,-0.9123842120170593,-8.811208724975586,13.527567863464355,5.594648361206055,3.9387032047324966e-20,1.5246593050577406e-20,1.775124575868585e-14
1785523734468383300,52984713,-29.21156120300293,-123.26636505126953,-14.462651252746582,0.12144763022661209,0.2837822139263153,0.2688366174697876,-0.9123842120170593,-8.811195373535156,13.528093338012695,5.594539642333984,3.3457801416544863e-20,1.1011428314305904e-20,1.4797635095346526e-14
1785523734482804500,52998049,-29.019140243530273,-123.5390396118164,-14.396567344665527,0.12144763022661209,0.2837822139263153,0.2688366174697876,-0.9123842120170593,-8.811185836791992,13.52843952178955,5.5944671630859375,2.879912020664621e-20,1.1858461261560205e-20,1.310216736131022e-14
1785523734495677900,53018019,-28.889373779296875,-123.72296905517578,-14.351996421813965,0.12144763022661209,0.2837822139263153,0.2688366174697876,-0.9123842120170593,-8.811172485351562,13.528948783874512,5.594357490539551,2.414043899674756e-20,9.317362419797304e-21,1.0921651292226421e-14
1785523734508788700,53031392,-28.697187423706055,-123.995361328125,-14.285990715026855,0.12144763022661209,0.2837822139263153,0.2688366174697876,-0.9123842120170593,-8.811162948608398,13.529287338256836,5.594285011291504,2.202285662861181e-20,8.470329472543003e-21,9.6705277249573e-15
1785523734523284500,53031392,-28.697187423706055,-123.995361328125,-14.285990715026855,0.12144763022661209,0.2837822139263153,0.2688366174697876,-0.9123842120170593,-8.811162948608398,13.529287338256836,5.594285011291504,2.202285662861181e-20,8.470329472543003e-21,9.6705277249573e-15
1785523734539338400,53051311,-28.56734275817871,-124.1794204711914,-14.241400718688965,0.12144763022661209,0.2837822139263153,0.2688366174697876,-0.9123842120170593,-8.811147689819336,13.529788970947266,5.594176292419434,1.8211208365967457e-20,7.623296525288703e-21,8.061099056604244e-15
1785523734551651700,53064755,-28.375272750854492,-124.45172882080078,-14.175424575805664,0.12144763022661209,0.2837822139263153,0.2688366174697876,-0.9123842120170593,-8.811135292053223,13.530120849609375,5.594104290008545,1.6517142471458857e-20,6.3527471044072525e-21,7.137440120809531e-15
1785523734567203800,53084737,-28.24527359008789,-124.63594818115234,-14.1307954788208,0.12144763022661209,0.2837822139263153,0.2688366174697876,-0.9123842120170593,-8.811120986938477,13.53061294555664,5.593994140625,1.3129010682441655e-20,5.082197683525802e-21,5.9481135362732425e-15
1785523734580055300,53098034,-28.0528507232666,-124.90869903564453,-14.06473159790039,0.12144763022661209,0.2837822139263153,0.2688366174697876,-0.9123842120170593,-8.811110496520996,13.530939102172852,5.593921661376953,1.207021949837378e-20,4.235164736271502e-21,5.266927522508966e-15
1785523734594454500,53098034,-28.0528507232666,-124.90869903564453,-14.06473159790039,0.12144763022661209,0.2837822139263153,0.2688366174697876,-0.9123842120170593,-8.811110496520996,13.530939102172852,5.593921661376953,1.207021949837378e-20,4.235164736271502e-21,5.266927522508966e-15
1785523734608841700,53131426,-27.72847557067871,-125.36851501464844,-13.953383445739746,0.12144763022661209,0.2837822139263153,0.2688366174697876,-0.9123842120170593,-8.811079025268555,13.53174114227295,5.5937395095825195,8.999725064576941e-21,3.3881317890172014e-21,3.8824187124203956e-15
1785523734623231100,53131426,-27.72847557067871,-125.36851501464844,-13.953383445739746,0.12144763022661209,0.2837822139263153,0.2688366174697876,-0.9123842120170593,-8.811079025268555,13.53174114227295,5.5937395095825195,8.999725064576941e-21,3.3881317890172014e-21,3.8824187124203956e-15
1785523734638035500,53151452,-27.600975036621094,-125.54927825927734,-13.909613609313965,0.12144763022661209,0.2837822139263153,0.2688366174697876,-0.9123842120170593,-8.811060905456543,13.532205581665039,5.593631267547607,7.199780051661553e-21,2.541098841762901e-21,3.2407177747670888e-15
1785523734652219800,53164757,-27.40913963317871,-125.82111358642578,-13.843803405761719,0.12144763022661209,0.2837822139263153,0.2688366174697876,-0.9123842120170593,-8.81104850769043,13.532516479492188,5.593557834625244,6.3527471044072525e-21,2.4352197233561135e-21,2.869365613438358e-15
1785523734665024900,53184748,-27.278905868530273,-126.00570678710938,-13.799116134643555,0.12144763022661209,0.2837822139263153,0.2688366174697876,-0.9123842120170593,-8.811026573181152,13.532978057861328,5.59345006942749,5.293955920339377e-21,2.329340604949326e-21,2.3903744109966818e-15
1785523734679221300,53198073,-27.086132049560547,-126.27901458740234,-13.732963562011719,0.12144763022661209,0.2837822139263153,0.2688366174697876,-0.9123842120170593,-8.811012268066406,13.533283233642578,5.593378067016602,4.711620769102046e-21,2.0117032497289633e-21,2.116696371672923e-15
1785523734693170500,53198073,-27.086132049560547,-126.27901458740234,-13.732963562011719,0.12144763022661209,0.2837822139263153,0.2688366174697876,-0.9123842120170593,-8.811012268066406,13.533283233642578,5.593378067016602,4.711620769102046e-21,2.0117032497289633e-21,2.116696371672923e-15
1785523734707189900,53218099,-26.95683479309082,-126.46233367919922,-13.68858814239502,0.12144763022661209,0.2837822139263153,0.2688366174697876,-0.9123842120170593,-8.810990333557129,13.533731460571289,5.593268394470215,3.970466940254533e-21,1.7999450129153882e-21,1.7646673612116675e-15
1785523734722704800,53231341,-26.764530181884766,-126.73497772216797,-13.622611999511719,0.12144763022661209,0.2837822139263153,0.2688366174697876,-0.9123842120170593,-8.8109769821167,13.534029006958008,5.593197345733643,3.3881317890172014e-21,1.376428539288238e-21,1.5624695852737517e-15
1785523734735463100,53251344,-26.634687423706055,-126.91903686523438,-13.5780611038208,0.12144763022661209,0.2837822139263153,0.2688366174697876,-0.9123842120170593,-8.810952186584473,13.53447437286377,5.593090057373047,2.8587361969832636e-21,1.2176098616780567e-21,1.3023024626125277e-15
1785523734751640300,53264638,-26.4423828125,-127.19166564941406,-13.5120849609375,0.12144763022661209,0.2837822139263153,0.2688366174697876,-0.9123842120170593,-8.81093692779541,13.534761428833008,5.593017578125,2.5940384009662948e-21,1.1117307432712692e-21,1.1532334518625986e-15
1785523734764392200,53284724,-26.312772750854492,-127.37538146972656,-13.467631340026855,0.12144763022661209,0.2837822139263153,0.2688366174697876,-0.9123842120170593,-8.810914039611816,13.535194396972656,5.5929107666015625,2.1705219273391446e-21,8.470329472543003e-22,9.612951507400637e-16
1785523734778415700,53298031,-26.120351791381836,-127.64808654785156,-13.401655197143555,0.12144763022661209,0.2837822139263153,0.2688366174697876,-0.9123842120170593,-8.810897827148438,13.535481452941895,5.592838764190674,1.9058241313221758e-21,7.940933880509066e-22,8.511132637799019e-16
1785523734792587000,53298031,-26.120351791381836,-127.64808654785156,-13.401655197143555,0.12144763022661209,0.2837822139263153,0.2688366174697876,-0.9123842120170593,-8.810897827148438,13.535481452941895,5.592838764190674,1.9058241313221758e-21,7.940933880509066e-22,8.511132637799019e-16
1785523734806112800,53318066,-25.990428924560547,-127.83226013183594,-13.357104301452637,0.12144763022661209,0.2837822139263153,0.2688366174697876,-0.9123842120170593,-8.810870170593262,13.535902976989746,5.592731952667236,1.641126335305207e-21,6.088049308390284e-22,7.094230746708602e-16
1785523734822096500,53331388,-25.798240661621094,-128.104736328125,-13.291186332702637,0.12144763022661209,0.2837822139263153,0.2688366174697876,-0.9123842120170593,-8.810853958129883,13.536182403564453,5.592659950256348,1.4558378780933287e-21,5.293955920339377e-22,6.281376108271605e-16
1785523734836119400,53351392,-25.668319702148438,-128.28895568847656,-13.246635437011719,0.12144763022661209,0.2837822139263153,0.2688366174697876,-0.9123842120170593,-8.810827255249023,13.53659725189209,5.592552661895752,1.2176098616780567e-21,4.499862532288471e-22,5.233554530266265e-16
1785523734848299900,53364669,-25.47542953491211,-128.56231689453125,-13.180512428283691,0.12144763022661209,0.2837822139263153,0.2688366174697876,-0.9123842120170593,-8.810811996459961,13.536870002746582,5.592482566833496,1.0984958534704208e-21,3.705769144237564e-22,4.634583651944859e-16
1785523734864060900,53384585,-25.346210479736328,-128.74551391601562,-13.136215209960938,0.12144763022661209,0.2837822139263153,0.2688366174697876,-0.9123842120170593,-8.810783386230469,13.537273406982422,5.592375755310059,8.999725064576941e-22,2.9116757561866574e-22,3.8666805226230555e-16
1785523734876848600,53398116,-25.154842376708984,-129.01669311523438,-13.070649147033691,0.12144763022661209,0.2837822139263153,0.2688366174697876,-0.9123842120170593,-8.81076431274414,13.537543296813965,5.5923051834106445,8.07328277851755e-22,2.6469779601696886e-22,3.422347155525947e-16
1785523734889727200,53398116,-25.154842376708984,-129.01669311523438,-13.070649147033691,0.12144763022661209,0.2837822139263153,0.2688366174697876,-0.9123842120170593,-8.81076431274414,13.537543296813965,5.5923051834106445,8.07328277851755e-22,2.6469779601696886e-22,3.422347155525947e-16
1785523734904362400,53417997,-25.023515701293945,-129.20289611816406,-13.025629997253418,0.12144763022661209,0.2837822139263153,0.2688366174697876,-0.9123842120170593,-8.810734748840332,13.53794002532959,5.592198848724365,6.551270451419979e-22,2.514629062161204e-22,2.8514665367134536e-16
1785523734918827000,53431321,-24.83167839050293,-129.4747772216797,-12.959887504577637,0.12144763022661209,0.2837822139263153,0.2688366174697876,-0.9123842120170593,-8.810714721679688,13.538202285766602,5.592128276824951,5.757177063369073e-22,2.117582368135751e-22,2.525138888152058e-16
1785523734935047500,53451171,-24.701757431030273,-129.65896606445312,-12.915355682373047,0.12144763022661209,0.2837822139263153,0.2688366174697876,-0.9123842120170593,-8.810688018798828,13.538589477539062,5.59202241897583,4.830734777309682e-22,1.852884572118782e-22,2.106383798479661e-16
1785523734947996500,53464651,-24.510623931884766,-129.9298095703125,-12.84987735748291,0.12144763022661209,0.2837822139263153,0.2688366174697876,-0.9123842120170593,-8.8106689453125,13.538846015930176,5.591952323913574,4.433688083284228e-22,1.5881867761018131e-22,1.8644210285114876e-16
1785523734960891100,53464651,-24.510623931884766,-129.9298095703125,-12.84987735748291,0.12144763022661209,0.2837822139263153,0.2688366174697876,-0.9123842120170593,-8.8106689453125,13.538846015930176,5.591952323913574,4.433688083284228e-22,1.5881867761018131e-22,1.8644210285114876e-16
1785523734975023800,53484555,-24.37921905517578,-130.11611938476562,-12.804838180541992,0.12144763022661209,0.2837822139263153,0.2688366174697876,-0.9123842120170593,-8.810639381408691,13.539230346679688,5.591846942901611,3.639594695233322e-22,1.3234889800848443e-22,1.5541670212643242e-16
1785523734989331800,53498033,-24.188201904296875,-130.3868865966797,-12.739389419555664,0.12144763022661209,0.2837822139263153,0.2688366174697876,-0.9123842120170593,-8.810616493225098,13.539480209350586,5.591777324676514,3.2425480012078685e-22,1.1911400820763599e-22,1.3759941702049742e-16
1785523735005363400,53518061,-24.05726432800293,-130.572509765625,-12.694525718688965,0.12144763022661209,0.2837822139263153,0.2688366174697876,-0.9123842120170593,-8.810585975646973,13.53985595703125,5.591672420501709,2.6138907356675675e-22,8.602678370551488e-23,1.14596569741692e-16
1785523735019685700,53531326,-23.864492416381836,-130.84580993652344,-12.628471374511719,0.12144763022661209,0.2837822139263153,0.2688366174697876,-0.9123842120170593,-8.810565948486328,13.540103912353516,5.591602325439453,2.3491929396505986e-22,8.602678370551488e-23,1.0147162217041919e-16
1785523735032732600,53551308,-23.734960556030273,-131.02938842773438,-12.584115982055664,0.12144763022661209,0.2837822139263153,0.2688366174697876,-0.9123842120170593,-8.810534477233887,13.540468215942383,5.591497898101807,1.9521462456251453e-22,6.617444900424221e-23,8.458304913414443e-17
1785523735046553300,53564674,-23.542421340942383,-131.30230712890625,-12.518168449401855,0.12144763022661209,0.2837822139263153,0.2688366174697876,-0.9123842120170593,-8.81051254272461,13.540709495544434,5.591427803039551,1.7205356741102976e-22,6.28657265540301e-23,7.489596345031552e-17
1785523735061826900,53564674,-23.542421340942383,-131.30230712890625,-12.518168449401855,0.12144763022661209,0.2837822139263153,0.2688366174697876,-0.9123842120170593,-8.81051254272461,13.540709495544434,5.591427803039551,1.7205356741102976e-22,6.28657265540301e-23,7.489596345031552e-17
1785523735074540200,53584678,-23.41273307800293,-131.4861297607422,-12.4737548828125,0.12144763022661209,0.2837822139263153,0.2688366174697876,-0.9123842120170593,-8.810480117797852,13.54106616973877,5.5913238525390625,1.406207041340147e-22,4.963083675318166e-23,6.242650026620935e-17
1785523735089391400,53598020,-23.22019386291504,-131.75901794433594,-12.4078369140625,0.12144763022661209,0.2837822139263153,0.2688366174697876,-0.9123842120170593,-8.81045913696289,13.541303634643555,5.591255187988281,1.2904017555827232e-22,4.632211430296955e-23,5.52704879951192e-17
1785523735102153500,53618255,-23.090272903442383,-131.94322204589844,-12.363344192504883,0.12144763022661209,0.2837822139263153,0.2688366174697876,-0.9123842120170593,-8.810425758361816,13.541657447814941,5.591150283813477,1.0422475718168149e-22,4.301339185275744e-23,4.599782641562426e-17
1785523735116084700,53631323,-22.8956241607666,-132.2191925048828,-12.296684265136719,0.12144763022661209,0.2837822139263153,0.2688366174697876,-0.9123842120170593,-8.810403823852539,13.541887283325195,5.591081142425537,9.595295105615121e-23,3.474158572722716e-23,4.0748637510036254e-17
1785523735128559500,53651200,-22.768280029296875,-132.399658203125,-12.253090858459473,0.12144763022661209,0.2837822139263153,0.2688366174697876,-0.9123842120170593,-8.810370445251465,13.542226791381836,5.590978622436523,7.77549775799846e-23,2.9778502051908996e-23,3.403228827813029e-17
1785523735143191700,53664699,-22.577030181884766,-132.67071533203125,-12.18761157989502,0.12144763022661209,0.2837822139263153,0.2688366174697876,-0.9123842120170593,-8.810348510742188,13.542455673217773,5.590909004211426,6.782881022934827e-23,2.6469779601696886e-23,3.0126328190765094e-17
1785523735156465700,53664699,-22.577030181884766,-132.67071533203125,-12.18761157989502,0.12144763022661209,0.2837822139263153,0.2688366174697876,-0.9123842120170593,-8.810348510742188,13.542455673217773,5.590909004211426,6.782881022934827e-23,2.6469779601696886e-23,3.0126328190765094e-17
1785523735169214100,53684973,-22.445858001708984,-132.8566131591797,-12.142709732055664,0.12144763022661209,0.2837822139263153,0.2688366174697876,-0.9123842120170593,-8.810315132141113,13.542795181274414,5.590806007385254,5.790264287871194e-23,2.3161057151484775e-23,2.5060230750682024e-17
1785523735183679100,53697992,-22.251327514648438,-133.13238525390625,-12.076117515563965,0.12144763022661209,0.2837822139263153,0.2688366174697876,-0.9123842120170593,-8.810291290283203,13.543015480041504,5.590737819671631,5.045801736573469e-23,1.9025154088719637e-23,2.2198288401644505e-17
1785523735198121700,53717938,-22.12367057800293,-133.31329345703125,-12.032426834106445,0.12144763022661209,0.2837822139263153,0.2688366174697876,-0.9123842120170593,-8.81025505065918,13.543340682983398,5.590635776519775,4.2599801546480925e-23,1.4889251025954498e-23,1.8524610556451548e-17
1785523735211166400,53731297,-21.931365966796875,-133.58580017089844,-11.966626167297363,0.12144763022661209,0.2837822139263153,0.2688366174697876,-0.9123842120170593,-8.810233116149902,13.543559074401855,5.590567588806152,3.7223127564886245e-23,1.406207041340147e-23,1.6402685490099894e-17
1785523735225038600,53731297,-21.931365966796875,-133.58580017089844,-11.966626167297363,0.12144763022661209,0.2837822139263153,0.2688366174697876,-0.9123842120170593,-8.810233116149902,13.543559074401855,5.590567588806152,3.7223127564886245e-23,1.406207041340147e-23,1.6402685490099894e-17
1785523735240334800,53751406,-21.80144500732422,-133.77000427246094,-11.92215347290039,0.12144763022661209,0.2837822139263153,0.2688366174697876,-0.9123842120170593,-8.810196876525879,13.543882369995117,5.590466022491455,3.101927297073854e-23,1.2407709188295415e-23,1.366776582310663e-17
1785523735252718700,53764637,-21.608671188354492,-134.04330444335938,-11.856176376342773,0.12144763022661209,0.2837822139263153,0.2688366174697876,-0.9123842120170593,-8.810171127319336,13.544096946716309,5.59039831161499,2.812414082680294e-23,1.1580528575742387e-23,1.2101807871605955e-17
1785523735265712100,53784826,-21.478984832763672,-134.22708129882812,-11.81180191040039,0.12144763022661209,0.2837822139263153,0.2688366174697876,-0.9123842120170593,-8.810136795043945,13.544412612915039,5.590295791625977,2.274746684520826e-23,9.098986738083304e-24,1.0079213134751506e-17
1785523735279460500,53798048,-21.28515625,-134.5017547607422,-11.745502471923828,0.12144763022661209,0.2837822139263153,0.2688366174697876,-0.9123842120170593,-8.810114860534668,13.544621467590332,5.5902276039123535,2.0472720160687435e-23,7.858215819253763e-24,8.925919874421897e-18
1785523735294711300,53798048,-21.28515625,-134.5017547607422,-11.745502471923828,0.12144763022661209,0.2837822139263153,0.2688366174697876,-0.9123842120170593,-8.810114860534668,13.544621467590332,5.5902276039123535,2.0472720160687435e-23,7.858215819253763e-24,8.925919874421897e-18
1785523735308180500,53818164,-21.156484603881836,-134.68414306640625,-11.701478958129883,0.12144763022661209,0.2837822139263153,0.2688366174697876,-0.9123842120170593,-8.810075759887695,13.54493236541748,5.5901265144348145,1.675040740419881e-23,6.2038545941477076e-24,7.439161985031336e-18
1785523735322491700,53831372,-20.9630069732666,-134.95838928222656,-11.635297775268555,0.12144763022661209,0.2837822139263153,0.2688366174697876,-0.9123842120170593,-8.810054779052734,13.545135498046875,5.590059757232666,1.5096046179092755e-23,5.790264287871194e-24,6.587966664934669e-18
1785523735336470600,53851446,-20.8341007232666,-135.14105224609375,-11.591215133666992,0.12144763022661209,0.2837822139263153,0.2688366174697876,-0.9123842120170593,-8.810015678405762,13.545440673828125,5.589959621429443,1.2614504341433672e-23,4.549493369041652e-24,5.489966706241474e-18
1785523735348005900,53864723,-20.640625,-135.41537475585938,-11.525033950805664,0.12144763022661209,0.2837822139263153,0.2688366174697876,-0.9123842120170593,-8.809991836547852,13.545641899108887,5.589892387390137,1.0960143116327617e-23,4.1359030627651384e-24,4.861656442968139e-18
1785523735361704200,53884862,-20.51171875,-135.59808349609375,-11.480941772460938,0.12144763022661209,0.2837822139263153,0.2688366174697876,-0.9123842120170593,-8.809966087341309,13.545841217041016,5.5898261070251465,9.822769774067204e-24,3.5155176033503676e-24,4.304011805834903e-18
1785523735376960600,53898086,-20.317304611206055,-135.8736572265625,-11.414438247680664,0.12144763022661209,0.2837822139263153,0.2688366174697876,-0.9123842120170593,-8.809927940368652,13.546133995056152,5.589725017547607,8.168408548961148e-24,3.308722450212111e-24,3.5865839984972484e-18
1785523735388298200,53898086,-20.317304611206055,-135.8736572265625,-11.414438247680664,0.12144763022661209,0.2837822139263153,0.2688366174697876,-0.9123842120170593,-8.809927940368652,13.546133995056152,5.589725017547607,8.168408548961148e-24,3.308722450212111e-24,3.5865839984972484e-18
1785523735402511000,53918255,-20.1895694732666,-136.0547332763672,-11.370746612548828,0.12144763022661209,0.2837822139263153,0.2688366174697876,-0.9123842120170593,-8.809890747070312,13.546424865722656,5.589625835418701,6.824240053562478e-24,2.68833699079734e-24,2.989207808591559e-18
1785523735416203500,53931409,-19.995389938354492,-136.32997131347656,-11.304330825805664,0.12144763022661209,0.2837822139263153,0.2688366174697876,-0.9123842120170593,-8.809865951538086,13.546616554260254,5.589559078216553,5.997059441009451e-24,2.3781442610899546e-24,2.6472666462034696e-18
1785523735430508800,53951559,-19.86703109741211,-136.5119171142578,-11.260443687438965,0.12144763022661209,0.2837822139263153,0.2688366174697876,-0.9123842120170593,-8.809825897216797,13.546903610229492,5.589459419250488,4.963083675318166e-24,2.0679515313825692e-24,2.2062073261452948e-18
1785523735444456200,53964819,-19.673202514648438,-136.78663635253906,-11.194174766540527,0.12144763022661209,0.2837822139263153,0.2688366174697876,-0.9123842120170593,-8.80980110168457,13.547094345092773,5.5893940925598145,4.497794580757088e-24,1.8611563782443123e-24,1.9538564415415987e-18
1785523735459116400,53964819,-19.673202514648438,-136.78663635253906,-11.194174766540527,0.12144763022661209,0.2837822139263153,0.2688366174697876,-0.9123842120170593,-8.80980110168457,13.547094345092773,5.5893940925598145,4.497794580757088e-24,1.8611563782443123e-24,1.9538564415415987e-18
1785523735471817600,53984908,-19.54460906982422,-136.96888732910156,-11.150209426879883,0.12144763022661209,0.2837822139263153,0.2688366174697876,-0.9123842120170593,-8.809761047363281,13.547370910644531,5.589295864105225,3.7223127564886245e-24,1.4475660719677984e-24,1.628485981569631e-18
1785523735486237800,53998111,-19.351131439208984,-137.24317932128906,-11.084057807922363,0.12144763022661209,0.2837822139263153,0.2688366174697876,-0.9123842120170593,-8.809714317321777,13.547796249389648,5.589134216308594,-0.16569359600543976,-1.4901161193847656e-08,4.172325134277344e-07
1785523735501619700,54018668,-19.222070693969727,-137.42608642578125,-11.039956092834473,0.1219056248664856,0.2835865914821625,0.27031058073043823,-0.9119484424591064,-8.809306144714355,13.53330135345459,5.632789611816406,-0.8877542614936829,8.940696716308594e-08,5.960464477539063e-08
1785523735513397200,54031395,-19.024023056030273,-137.70684814453125,-10.972299575805664,0.12441766262054443,0.28249359130859375,0.278393417596817,-0.9095134139060974,-8.80874252319336,13.434138298034668,5.8747735023498535,-1.2013068199157715,2.9802322387695312e-08,5.960464477539063e-08
1785523735528145300,54031395,-19.024023056030273,-137.70684814453125,-10.972299575805664,0.12441766262054443,0.28249359130859375,0.278393417596817,-0.9095134139060974,-8.80874252319336,13.434138298034668,5.8747735023498535,-1.2013068199157715,2.9802322387695312e-08,5.960464477539063e-08
1785523735540175100,54051479,-18.899959564208984,-137.8827667236328,-10.929906845092773,0.12664522230625153,0.2815019190311432,0.28556913137435913,-0.9072860479354858,-8.807317733764648,13.34475326538086,6.096510887145996,-1.583665132522583,5.960464477539063e-08,1.1920928955078125e-07
1785523735555268200,54064770,-18.706405639648438,-138.15757751464844,-10.863666534423828,0.1312098205089569,0.27940359711647034,0.3002970516681671,-0.9025183320045471,-8.805608749389648,13.145750045776367,6.5390753746032715,-2.058952808380127,-3.5762786865234375e-07,-0.0
1785523735567937700,54084918,-18.57777214050293,-138.3405303955078,-10.819564819335938,0.1351720243692398,0.27750831842422485,0.3131082355976105,-0.8981541991233826,-8.802248001098633,12.962015151977539,6.93895959854126,-2.4203648567199707,0.0,4.76837158203125e-07
1785523735582374600,54098315,-18.383710861206055,-138.61721801757812,-10.75270938873291,0.1418437659740448,0.27415820956230164,0.3347375988960266,-0.8903192281723022,-8.799516677856445,12.612846374511719,7.58485221862793,-2.4517898559570312,0.0,3.5762786865234375e-07
1785523735595547200,54118172,-18.254335403442383,-138.8023223876953,-10.707817077636719,0.14631932973861694,0.27179598808288574,0.3492887318134308,-0.8847118616104126,-8.794975280761719,12.352428436279297,8.04591178894043,-2.0685510635375977,-5.960464477539063e-08,1.1920928955078125e-07
1785523735609853100,54131425,-18.063711166381836,-139.07620239257812,-10.640981674194336,0.1518811285495758,0.2687276005744934,0.3674195408821106,-0.8773372173309326,-8.791638374328613,12.003232955932617,8.587413787841797,-1.7980276346206665,0.0,2.384185791015625e-07
1785523735623970200,54131425,-18.063711166381836,-139.07620239257812,-10.640981674194336,0.1518811285495758,0.2687276005744934,0.3674195408821106,-0.8773372173309326,-8.791638374328613,12.003232955932617,8.587413787841797,-1.7980276346206665,0.0,2.384185791015625e-07
1785523735638517500,54151461,-17.936132431030273,-139.26039123535156,-10.595698356628418,0.15487781167030334,0.26701170206069946,0.3772111237049103,-0.8731720447540283,-8.786243438720703,11.792011260986328,8.920305252075195,-0.9393231272697449,-8.940696716308594e-08,4.172325134277344e-07
1785523735651627100,54164735,-17.74480438232422,-139.53814697265625,-10.526830673217773,0.15744204819202423,0.2655077874660492,0.38560256361961365,-0.8694988489151001,-8.782506942749023,11.605213165283203,9.192249298095703,-0.5883131623268127,-1.043081283569336e-07,3.8743019104003906e-07
1785523735665863200,54184875,-17.617929458618164,-139.72341918945312,-10.480473518371582,0.15842121839523315,0.26492470502853394,0.3888104557991028,-0.8680692315101624,-8.776833534240723,11.516310691833496,9.348869323730469,-0.2706279754638672,8.940696716308594e-08,1.1920928955078125e-07
1785523735680308000,54198061,-17.427616119384766,-140.0028839111328,-10.409926414489746,0.15916097164154053,0.26448094844818115,0.3912349045276642,-0.8669792413711548,-8.773029327392578,11.4496431350708,9.460775375366211,-0.09851180016994476,7.450580596923828e-08,-1.4901161193847656e-08
1785523735694493000,54198061,-17.427616119384766,-140.0028839111328,-10.409926414489746,0.15916097164154053,0.26448094844818115,0.3912349045276642,-0.8669792413711548,-8.773029327392578,11.4496431350708,9.460775375366211,-0.09851180016994476,7.450580596923828e-08,-1.4901161193847656e-08
1785523735708570100,54231405,-17.112226486206055,-140.47044372558594,-10.290170669555664,0.15928290784358978,0.26440751552581787,0.39163464307785034,-0.8667986989021301,-8.763611793518066,11.40549373626709,9.589326858520508,-0.0037893785629421473,7.62520357966423e-08,-5.122274160385132e-09
1785523735724167400,54231405,-17.112226486206055,-140.47044372558594,-10.290170669555664,0.15928290784358978,0.26440751552581787,0.39163464307785034,-0.8667986989021301,-8.763611793518066,11.40549373626709,9.589326858520508,-0.0037893785629421473,7.62520357966423e-08,-5.122274160385132e-09
1785523735736832800,54251512,-16.987695693969727,-140.65650939941406,-10.241918563842773,0.15930069983005524,0.2643968164920807,0.3916926085948944,-0.8667724132537842,-8.758054733276367,11.383516311645508,9.66024398803711,-0.04028673470020294,4.6566128730773926e-08,7.450580596923828e-09
1785523735750020500,54264702,-16.80042839050293,-140.9379425048828,-10.1683349609375,0.15940430760383606,0.26433438062667847,0.39203229546546936,-0.8666188716888428,-8.75437068939209,11.362239837646484,9.715154647827148,-0.05229155719280243,3.5390257835388184e-08,7.450580596923828e-09
1785523735764313500,54284962,-16.67574119567871,-141.12646484375,-10.118637084960938,0.15949773788452148,0.26427799463272095,0.3923386037349701,-0.8664802312850952,-8.748866081237793,11.33493423461914,9.791779518127441,-0.05008622258901596,2.421438694000244e-08,1.1175870895385742e-08
1785523735779607200,54297977,-16.48894500732422,-141.41046142578125,-10.0431489944458,0.1596299260854721,0.2641981840133667,0.39277198910713196,-0.8662838339805603,-8.745244026184082,11.311685562133789,9.848206520080566,-0.04361940547823906,1.30385160446167e-08,9.313225746154785e-09
1785523735791965200,54297977,-16.48894500732422,-141.41046142578125,-10.0431489944458,0.1596299260854721,0.2641981840133667,0.39277198910713196,-0.8662838339805603,-8.745244026184082,11.311685562133789,9.848206520080566,-0.04361940547823906,1.30385160446167e-08,9.313225746154785e-09
1785523735806640400,54317943,-16.36636734008789,-141.5978546142578,-9.99295425415039,0.15970343351364136,0.26415377855300903,0.393013060092926,-0.866174578666687,-8.739886283874512,11.286357879638672,9.921163558959961,-0.036000967025756836,1.0244548320770264e-08,5.587935447692871e-09
1785523735818432500,54331321,-16.182968139648438,-141.8798065185547,-9.916840553283691,0.15979817509651184,0.2640964388847351,0.39332371950149536,-0.8660334944725037,-8.736296653747559,11.265987396240234,9.973783493041992,-0.03327588737010956,7.450580596923828e-09,7.450580596923828e-09
1785523735832964000,54351462,-16.05843734741211,-142.07225036621094,-9.864497184753418,0.15985673666000366,0.26406097412109375,0.39351579546928406,-0.8659462928771973,-8.730949401855469,11.241874694824219,10.045084953308105,-0.031080882996320724,2.7939677238464355e-09,7.450580596923828e-09
1785523735847301100,54364709,-15.8745698928833,-142.3579559326172,-9.786215782165527,0.15993887186050415,0.2640112638473511,0.3937850892543793,-0.8658238649368286,-8.727428436279297,11.222713470458984,10.095624923706055,-0.02983405441045761,1.862645149230957e-09,3.725290298461914e-09
1785523735861811400,54364709,-15.8745698928833,-142.3579559326172,-9.786215782165527,0.15993887186050415,0.2640112638473511,0.3937850892543793,-0.8658238649368286,-8.727428436279297,11.222713470458984,10.095624923706055,-0.02983405441045761,1.862645149230957e-09,3.725290298461914e-09
1785523735874403700,54384642,-15.752695083618164,-142.54844665527344,-9.733637809753418,0.15999068319797516,0.26397988200187683,0.3939550518989563,-0.8657465577125549,-8.722212791442871,11.199676513671875,10.164499282836914,-0.02765742316842079,2.7939677238464355e-09,5.587935447692871e-09
1785523735890159900,54397962,-15.571054458618164,-142.83380126953125,-9.65433120727539,0.16006329655647278,0.2639358341693878,0.39419320225715637,-0.8656380772590637,-8.718745231628418,11.181449890136719,10.213430404663086,-0.02607077732682228,9.313225746154785e-10,3.725290298461914e-09
1785523735902643900,54417964,-15.448866844177246,-143.02684020996094,-9.60030746459961,0.16010883450508118,0.2639082372188568,0.3943425118923187,-0.8655701279640198,-8.713607788085938,11.15927505493164,10.280618667602539,-0.023797553032636642,-9.313225746154785e-10,3.725290298461914e-09
1785523735917097400,54431330,-15.268632888793945,-143.3130645751953,-9.519662857055664,0.1601712554693222,0.26387035846710205,0.3945472836494446,-0.8654768466949463,-8.710201263427734,11.142091751098633,10.327812194824219,-0.022415639832615852,1.3969838619232178e-09,9.313225746154785e-10
1785523735931658900,54451078,-15.146991729736328,-143.50718688964844,-9.464613914489746,0.16021044552326202,0.2638465464115143,0.3946757912635803,-0.8654181957244873,-8.705172538757324,11.120929718017578,10.392864227294922,-0.020565636456012726,0.0,3.725290298461914e-09
1785523735945974200,54465036,-14.969218254089355,-143.7924041748047,-9.383217811584473,0.16026395559310913,0.2638140320777893,0.39485135674476624,-0.8653380870819092,-8.701764106750488,11.104499816894531,10.4391508102417,-0.019389145076274872,1.3969838619232178e-09,3.725290298461914e-09
1785523735959343000,54465036,-14.969218254089355,-143.7924041748047,-9.383217811584473,0.16026395559310913,0.2638140320777893,0.39485135674476624,-0.8653380870819092,-8.701764106750488,11.104499816894531,10.4391508102417,-0.019389145076274872,1.3969838619232178e-09,3.725290298461914e-09
1785523735972270000,54484685,-14.843124389648438,-143.99571228027344,-9.324819564819336,0.16029927134513855,0.26379260420799255,0.3949671685695648,-0.8652852773666382,-8.69678020477295,11.083927154541016,10.503150939941406,-0.017790677025914192,0.0,1.862645149230957e-09
1785523735986067400,54497902,-14.667695045471191,-144.28009033203125,-9.24264144897461,0.16034524142742157,0.2637646496295929,0.39511799812316895,-0.8652164340019226,-8.693533897399902,11.068739891052246,10.546703338623047,-0.016813240945339203,1.3969838619232178e-09,2.7939677238464355e-09
1785523735999275700,54517813,-14.548632621765137,-144.47412109375,-9.186235427856445,0.16037437319755554,0.2637469470500946,0.3952135145664215,-0.8651727437973022,-8.688687324523926,11.049288749694824,10.608280181884766,-0.015427428297698498,9.313225746154785e-10,1.862645149230957e-09
1785523736013616600,54531260,-14.372187614440918,-144.76300048828125,-9.101762771606445,0.16041472554206848,0.26372241973876953,0.3953458368778229,-0.8651123046875,-8.685458183288574,11.034689903259277,10.65101146697998,-0.014552468433976173,9.313225746154785e-10,1.862645149230957e-09
1785523736028114500,54531260,-14.372187614440918,-144.76300048828125,-9.101762771606445,0.16041472554206848,0.26372241973876953,0.3953458368778229,-0.8651123046875,-8.685458183288574,11.034689903259277,10.65101146697998,-0.014552468433976173,9.313225746154785e-10,1.862645149230957e-09
1785523736042391600,54551353,-14.251953125,-144.9608154296875,-9.043588638305664,0.1604403257369995,0.26370689272880554,0.395429790019989,-0.8650739789009094,-8.680656433105469,11.015816688537598,10.711618423461914,-0.013333369046449661,0.0,9.313225746154785e-10
1785523736054717600,54564739,-14.074960708618164,-145.25347900390625,-8.957036018371582,0.1604754477739334,0.2636854648590088,0.395545095205307,-0.8650212287902832,-8.677494049072266,11.001955032348633,10.75295639038086,-0.012584413401782513,1.3969838619232178e-09,1.862645149230957e-09
1785523736068239100,54584775,-13.95687484741211,-145.44969177246094,-8.898686408996582,0.16049733757972717,0.2636721432209015,0.39561688899993896,-0.864988386631012,-8.67280387878418,10.983942985534668,10.811639785766602,-0.011542043648660183,9.313225746154785e-10,9.313225746154785e-10
1785523736082367500,54598030,-13.78109359741211,-145.7431182861328,-8.810961723327637,0.16052772104740143,0.26365363597869873,0.3957165479660034,-0.8649427890777588,-8.669713973999023,10.970809936523438,10.851602554321289,-0.010895762592554092,6.984919309616089e-10,9.313225746154785e-10
1785523736097888600,54618191,-13.6640625,-145.93943786621094,-8.751957893371582,0.16054661571979523,0.2636421322822571,0.3957785665988922,-0.8649144172668457,-8.66511058807373,10.953503608703613,10.908805847167969,-0.009988965466618538,9.313225746154785e-10,1.862645149230957e-09
1785523736110824300,54631317,-13.488554000854492,-146.23521423339844,-8.662611961364746,0.16057300567626953,0.2636260390281677,0.3958651125431061,-0.8648748397827148,-8.662081718444824,10.941017150878906,10.947537422180176,-0.009428904391825199,1.1641532182693481e-09,2.3283064365386963e-09
1785523736125087500,54631317,-13.488554000854492,-146.23521423339844,-8.662611961364746,0.16057300567626953,0.2636260390281677,0.3958651125431061,-0.8648748397827148,-8.662081718444824,10.941017150878906,10.947537422180176,-0.009428904391825199,1.1641532182693481e-09,2.3283064365386963e-09
1785523736138293700,54651207,-13.372734069824219,-146.43128967285156,-8.603080749511719,0.1605892777442932,0.2636161744594574,0.39591851830482483,-0.8648504018783569,-8.657613754272461,10.924546241760254,11.002729415893555,-0.008653911761939526,1.1641532182693481e-09,9.313225746154785e-10
1785523736153353600,54664652,-13.20003890991211,-146.7250518798828,-8.51346206665039,0.16061189770698547,0.2636023461818695,0.3959927558898926,-0.8648163676261902,-8.654635429382324,10.912642478942871,11.040395736694336,-0.008165577426552773,9.313225746154785e-10,2.3283064365386963e-09
1785523736164864000,54684660,-13.08285140991211,-146.92527770996094,-8.452094078063965,0.16062620282173157,0.2635936141014099,0.3960397243499756,-0.8647948503494263,-8.650227546691895,10.896712303161621,11.094491004943848,-0.007486774120479822,6.984919309616089e-10,1.3969838619232178e-09
1785523736178005600,54698038,-12.910780906677246,-147.2205810546875,-8.361157417297363,0.16064585745334625,0.26358166337013245,0.3961041569709778,-0.8647653460502625,-8.647315979003906,10.88538646697998,11.131013870239258,-0.00706507358700037,6.984919309616089e-10,1.3969838619232178e-09
1785523736191533900,54698038,-12.910780906677246,-147.2205810546875,-8.361157417297363,0.16064585745334625,0.26358166337013245,0.3961041569709778,-0.8647653460502625,-8.647315979003906,10.88538646697998,11.131013870239258,-0.00706507358700037,6.984919309616089e-10,1.3969838619232178e-09
1785523736206123400,54718149,-12.794530868530273,-147.42095947265625,-8.299164772033691,0.16065818071365356,0.26357412338256836,0.3961445987224579,-0.8647468090057373,-8.642988204956055,10.870050430297852,11.183843612670898,-0.006476057693362236,6.984919309616089e-10,1.3969838619232178e-09
1785523736219490700,54731524,-12.622109413146973,-147.71949768066406,-8.206400871276855,0.1606752872467041,0.26356372237205505,0.39620068669319153,-0.8647210597991943,-8.64013385772705,10.859245300292969,11.21929931640625,-0.006111709866672754,2.3283064365386963e-10,1.3969838619232178e-09
1785523736233096500,54751671,-12.507186889648438,-147.91929626464844,-8.144047737121582,0.16068589687347412,0.2635572552680969,0.39623552560806274,-0.8647052049636841,-8.635899543762207,10.844528198242188,11.270729064941406,-0.005601545330137014,5.820766091346741e-10,9.313225746154785e-10
1785523736246167500,54764642,-12.334882736206055,-148.22018432617188,-8.049750328063965,0.16070076823234558,0.26354819536209106,0.3962843120098114,-0.8646827936172485,-8.633129119873047,10.83428955078125,11.304910659790039,-0.005289950408041477,0.0,1.1641532182693481e-09
1785523736260383600,54764642,-12.334882736206055,-148.22018432617188,-8.049750328063965,0.16070076823234558,0.26354819536209106,0.3962843120098114,-0.8646827936172485,-8.633129119873047,10.83428955078125,11.304910659790039,-0.005289950408041477,0.0,1.1641532182693481e-09
1785523736274435400,54784461,-12.22265625,-148.41702270507812,-7.987797737121582,0.16070976853370667,0.26354268193244934,0.39631387591362,-0.8646692633628845,-8.629057884216309,10.820419311523438,11.354043960571289,-0.004858309868723154,2.3283064365386963e-10,1.1641532182693481e-09
1785523736287089700,54797917,-12.054296493530273,-148.71353149414062,-7.894106388092041,0.16072240471839905,0.2635349631309509,0.3963553309440613,-0.864650309085846,-8.626331329345703,10.810614585876465,11.387444496154785,-0.004583369009196758,4.656612873077393e-10,9.313225746154785e-10
1785523736301210200,54817970,-11.938905715942383,-148.9175567626953,-7.829379558563232,0.1607304960489273,0.26353007555007935,0.39638182520866394,-0.8646381497383118,-8.62228012084961,10.797062873840332,11.436073303222656,-0.004199882969260216,2.3283064365386963e-10,6.984919309616089e-10
1785523736312807300,54831359,-11.76976490020752,-149.21783447265625,-7.733754634857178,0.16074153780937195,0.2635233402252197,0.3964180648326874,-0.8646215200424194,-8.619616508483887,10.787708282470703,11.46847152709961,-0.003963370807468891,1.1641532182693481e-10,6.984919309616089e-10
1785523736327363800,54831359,-11.76976490020752,-149.21783447265625,-7.733754634857178,0.16074153780937195,0.2635233402252197,0.3964180648326874,-0.8646215200424194,-8.619616508483887,10.787708282470703,11.46847152709961,-0.003963370807468891,1.1641532182693481e-10,6.984919309616089e-10
1785523736340228800,54851261,-11.656210899353027,-149.4202880859375,-7.669037818908691,0.1607484519481659,0.2635191082954407,0.3964407444000244,-0.8646110892295837,-8.61568546295166,10.774802207946777,11.515412330627441,-0.003636230481788516,0.0,4.656612873077393e-10
1785523736354400500,54864603,-11.4888277053833,-149.71987915039062,-7.572915077209473,0.16075794398784637,0.26351335644721985,0.39647191762924194,-0.8645968437194824,-8.61308765411377,10.765891075134277,11.546829223632812,-0.003432143945246935,0.0,4.656612873077393e-10
1785523736368578100,54884511,-11.37539005279541,-149.92369079589844,-7.507279872894287,0.1607639491558075,0.2635096311569214,0.3964916169643402,-0.8645877838134766,-8.60923957824707,10.753499984741211,11.592523574829102,-0.003148021874949336,3.4924596548080444e-10,4.656612873077393e-10
1785523736383049600,54897934,-11.208788871765137,-150.2241668701172,-7.410180568695068,0.1607721745967865,0.26350459456443787,0.39651861786842346,-0.8645753860473633,-8.606697082519531,10.744982719421387,11.623047828674316,-0.0029705348424613476,3.4924596548080444e-10,6.984919309616089e-10
1785523736394637000,54917826,-11.095664024353027,-150.4290008544922,-7.343764305114746,0.16077736020088196,0.26350137591362,0.396535724401474,-0.8645676374435425,-8.602945327758789,10.733107566833496,11.667464256286621,-0.002724751830101013,4.656612873077393e-10,6.984919309616089e-10
1785523736409188200,54931258,-10.930038452148438,-150.73001098632812,-7.245815277099609,0.16078446805477142,0.2634970247745514,0.39655905961990356,-0.8645569682121277,-8.600458145141602,10.7249755859375,11.697117805480957,-0.0025710584595799446,5.820766091346741e-10,5.820766091346741e-10
1785523736425128200,54931258,-10.930038452148438,-150.73001098632812,-7.245815277099609,0.16078446805477142,0.2634970247745514,0.39655905961990356,-0.8645569682121277,-8.600458145141602,10.7249755859375,11.697117805480957,-0.0025710584595799446,5.820766091346741e-10,5.820766091346741e-10
1785523736439435400,54951376,-10.817148208618164,-150.9359588623047,-7.1785888671875,0.16078896820545197,0.2634942829608917,0.39657384157180786,-0.8645501136779785,-8.596763610839844,10.71350383758545,11.740591049194336,-0.002356084296479821,5.238689482212067e-10,5.820766091346741e-10
1785523736453554200,54964691,-10.650663375854492,-151.24078369140625,-7.078754901885986,0.1607951819896698,0.2634904980659485,0.39659416675567627,-0.8645408153533936,-8.594343185424805,10.7057523727417,11.769315719604492,-0.0022240655962377787,3.4924596548080444e-10,5.820766091346741e-10
1785523736466310100,54984570,-10.539765357971191,-151.4445343017578,-7.011811256408691,0.1607990264892578,0.26348817348480225,0.39660683274269104,-0.8645350337028503,-8.590779304504395,10.694886207580566,11.811111450195312,-0.002041103085502982,2.9103830456733704e-10,3.4924596548080444e-10
1785523736479463500,54997946,-10.3755464553833,-151.7473907470703,-6.911996841430664,0.1608044058084488,0.2634849548339844,0.396624356508255,-0.8645269274711609,-8.588408470153809,10.687471389770508,11.839032173156738,-0.0019258566899225116,5.820766091346741e-11,2.3283064365386963e-10
1785523736493826900,54997946,-10.3755464553833,-151.7473907470703,-6.911996841430664,0.1608044058084488,0.2634849548339844,0.396624356508255,-0.8645269274711609,-8.588408470153809,10.687471389770508,11.839032173156738,-0.0019258566899225116,5.820766091346741e-11,2.3283064365386963e-10
1785523736508227100,55031307,-10.098905563354492,-152.26039123535156,-6.742124080657959,0.1608123779296875,0.263480007648468,0.39665064215660095,-0.8645148873329163,-8.582592010498047,10.669893264770508,11.907057762145996,-0.00166522862855345,2.9103830456733704e-10,3.4924596548080444e-10
1785523736523883100,55031307,-10.098905563354492,-152.26039123535156,-6.742124080657959,0.1608123779296875,0.263480007648468,0.39665064215660095,-0.8645148873329163,-8.582592010498047,10.669893264770508,11.907057762145996,-0.00166522862855345,2.9103830456733704e-10,3.4924596548080444e-10
1785523736536679700,55051347,-9.98910140991211,-152.4650421142578,-6.674077033996582,0.1608152538537979,0.26347824931144714,0.39666005969047546,-0.8645105361938477,-8.579183578491211,10.659883499145508,11.946634292602539,-0.0015275466721504927,2.9103830456733704e-10,3.4924596548080444e-10
1785523736553119100,55064590,-9.82535171508789,-152.77127075195312,-6.571977615356445,0.16081927716732025,0.26347580552101135,0.3966732621192932,-0.8645045161247253,-8.57693099975586,10.653129577636719,11.972922325134277,-0.0014416761696338654,2.9103830456733704e-10,3.4924596548080444e-10
1785523736565681800,55084817,-9.71523380279541,-152.97784423828125,-6.502914905548096,0.16082176566123962,0.2634742856025696,0.39668145775794983,-0.8645007610321045,-8.573580741882324,10.64348030090332,12.011640548706055,-0.0013213185593485832,2.3283064365386963e-10,2.3283064365386963e-10
1785523736581418300,55097952,-9.55093765258789,-153.28720092773438,-6.399203777313232,0.16082525253295898,0.26347213983535767,0.3966929018497467,-0.8644955158233643,-8.571389198303223,10.637046813964844,12.037078857421875,-0.0012475730618461967,2.491287887096405e-08,1.7462298274040222e-10
1785523736595553000,55097952,-9.55093765258789,-153.28720092773438,-6.399203777313232,0.16082525253295898,0.26347213983535767,0.3966929018497467,-0.8644955158233643,-8.571389198303223,10.637046813964844,12.037078857421875,-0.0012475730618461967,2.491287887096405e-08,1.7462298274040222e-10
1785523736608088000,55131323,-9.280390739440918,-153.79910278320312,-6.226870059967041,0.16083046793937683,0.26346907019615173,0.3967098593711853,-0.8644877076148987,-8.566014289855957,10.621747970581055,12.099039077758789,-0.001079703914001584,1.1816155165433884e-08,-5.820766091346741e-11
1785523736624106300,55131323,-9.280390739440918,-153.79910278320312,-6.226870059967041,0.16083046793937683,0.26346907019615173,0.3967098593711853,-0.8644877076148987,-8.566014289855957,10.621747970581055,12.099039077758789,-0.001079703914001584,1.1816155165433884e-08,-5.820766091346741e-11
1785523736636487400,55151438,-9.171210289001465,-154.00668334960938,-6.156743049621582,0.16083231568336487,0.26346784830093384,0.39671605825424194,-0.8644848465919495,-8.562829971313477,10.612909317016602,12.135528564453125,-0.000989797292277217,7.712515071034431e-09,1.1641532182693481e-10
1785523736649869500,55164715,-9.00820255279541,-154.31741333007812,-6.05150842666626,0.16083493828773499,0.26346632838249207,0.39672455191612244,-0.8644808530807495,-8.56074047088623,10.607040405273438,12.159505844116211,-0.000934480398427695,5.675246939063072e-09,1.1641532182693481e-10
1785523736665888800,55184893,-8.900429725646973,-154.52352905273438,-5.981537818908691,0.16083653271198273,0.2634652853012085,0.39672988653182983,-0.8644785284996033,-8.55765438079834,10.598627090454102,12.194770812988281,-0.000856892904266715,3.7834979593753815e-09,1.1641532182693481e-10
1785523736677459800,55198111,-8.738359451293945,-154.83447265625,-5.875737190246582,0.16083881258964539,0.26346391439437866,0.396737277507782,-0.8644750118255615,-8.555620193481445,10.593024253845215,12.218011856079102,-0.0008085256558842957,2.7939677238464355e-09,1.1641532182693481e-10
1785523736693144700,55198111,-8.738359451293945,-154.83447265625,-5.875737190246582,0.16083881258964539,0.26346391439437866,0.396737277507782,-0.8644750118255615,-8.555620193481445,10.593024253845215,12.218011856079102,-0.0008085256558842957,2.7939677238464355e-09,1.1641532182693481e-10
1785523736705778000,55218414,-8.630976676940918,-155.04107666015625,-5.805278301239014,0.16084018349647522,0.2634630501270294,0.3967418670654297,-0.8644730448722839,-8.552592277526855,10.584943771362305,12.252424240112305,-0.0007406061049550772,1.862645149230957e-09,5.820766091346741e-11
1785523736720223200,55231450,-8.468202590942383,-155.35531616210938,-5.6978759765625,0.1608421802520752,0.2634618878364563,0.39674830436706543,-0.8644700050354004,-8.550613403320312,10.579607963562012,12.274934768676758,-0.0006994239520281553,1.3242242857813835e-09,8.731149137020111e-11
1785523736734545200,55251703,-8.362382888793945,-155.56007385253906,-5.627729415893555,0.1608434021472931,0.2634612023830414,0.396752268075943,-0.8644682168960571,-8.547676086425781,10.571914672851562,12.308175086975098,-0.0006415226962417364,8.731149137020111e-10,2.9103830456733704e-11
1785523736749697000,55264681,-8.200312614440918,-155.87464904785156,-5.519741058349609,0.1608451008796692,0.2634601593017578,0.3967578411102295,-0.8644656538963318,-8.54574966430664,10.566831588745117,12.329997062683105,-0.0006054678233340383,6.402842700481415e-10,-0.0
1785523736762561300,55284974,-8.09488296508789,-156.0798797607422,-5.449135780334473,0.16084611415863037,0.2634595036506653,0.3967611789703369,-0.8644641041755676,-8.54288387298584,10.559478759765625,12.362237930297852,-0.0005549067864194512,4.511093720793724e-10,5.820766091346741e-11
1785523736777202600,55298011,-7.933398246765137,-156.39503479003906,-5.340493202209473,0.16084758937358856,0.26345857977867126,0.3967660665512085,-0.8644618391990662,-8.541007995605469,10.55462646484375,12.383387565612793,-0.0005238634184934199,3.637978807091713e-10,5.820766091346741e-11
1785523736790060400,55298011,-7.933398246765137,-156.39503479003906,-5.340493202209473,0.16084758937358856,0.26345857977867126,0.3967660665512085,-0.8644618391990662,-8.541007995605469,10.55462646484375,12.383387565612793,-0.0005238634184934199,3.637978807091713e-10,5.820766091346741e-11
1785523736803377200,55318078,-7.828359127044678,-156.60055541992188,-5.269496917724609,0.16084851324558258,0.2634580731391907,0.39676904678344727,-0.8644604682922363,-8.538233757019043,10.547643661499023,12.41451644897461,-0.0004798476293217391,2.1827872842550278e-10,2.9103830456733704e-11
1785523736819774500,55331316,-7.668515682220459,-156.9142608642578,-5.160932540893555,0.16084977984428406,0.2634572982788086,0.39677318930625916,-0.8644585609436035,-8.536398887634277,10.543010711669922,12.435081481933594,-0.0004529363941401243,1.6007106751203537e-10,2.9103830456733704e-11
1785523736831434900,55351549,-7.562539100646973,-157.12277221679688,-5.088627815246582,0.16085055470466614,0.263456791639328,0.3967757821083069,-0.864457368850708,-8.53367805480957,10.536296844482422,12.465473175048828,-0.0004157658258918673,1.1641532182693481e-10,5.820766091346741e-11
1785523736845500100,55364782,-7.402577877044678,-157.43829345703125,-4.979008674621582,0.1608516275882721,0.2634561359882355,0.396779328584671,-0.8644557595252991,-8.531891822814941,10.531881332397461,12.485418319702148,-0.0003924150951206684,8.731149137020111e-11,2.9103830456733704e-11
1785523736859810800,55364782,-7.402577877044678,-157.43829345703125,-4.979008674621582,0.1608516275882721,0.2634561359882355,0.396779328584671,-0.8644557595252991,-8.531891822814941,10.531881332397461,12.485418319702148,-0.0003924150951206684,8.731149137020111e-11,2.9103830456733704e-11
1785523736875210700,55384814,-7.297226428985596,-157.6466522216797,-4.906489372253418,0.1608523428440094,0.26345574855804443,0.3967815935611725,-0.8644547462463379,-8.529253005981445,10.525504112243652,12.514771461486816,-0.0003596715978346765,5.820766091346741e-11,2.9103830456733704e-11
1785523736888441400,55397994,-7.138554573059082,-157.9613494873047,-4.796772480010986,0.1608532965183258,0.2634551525115967,0.3967847228050232,-0.8644532561302185,-8.527514457702637,10.5212984085083,12.534074783325195,-0.00033915950916707516,3.637978807091713e-11,1.4551915228366852e-11
1785523736901269500,55418655,-7.033437252044678,-158.17034912109375,-4.72378396987915,0.16085384786128998,0.26345473527908325,0.3967866003513336,-0.8644524216651917,-8.524897575378418,10.515105247497559,12.563041687011719,-0.00031061694608069956,5.820766091346741e-11,5.820766091346741e-11
1785523736916566200,55431380,-6.871054649353027,-158.49400329589844,-4.610551834106445,0.16085466742515564,0.2634541690349579,0.39678940176963806,-0.8644511699676514,-8.523215293884277,10.511125564575195,12.581656455993652,-0.00029386539245024323,7.275957614183426e-11,7.275957614183426e-11
1785523736928423100,55451346,-6.770078182220459,-158.69570922851562,-4.539858341217041,0.16085514426231384,0.2634539008140564,0.3967909514904022,-0.8644505143165588,-8.520744323730469,10.505410194396973,12.608879089355469,-0.0002697142190299928,7.275957614183426e-11,5.820766091346741e-11
1785523736942619600,55464579,-6.612617015838623,-159.0110626220703,-4.429174900054932,0.16085585951805115,0.26345348358154297,0.39679330587387085,-0.8644494414329529,-8.519098281860352,10.50159740447998,12.627035140991211,-0.0002545784809626639,7.275957614183426e-11,4.3655745685100555e-11
1785523736958141900,55464579,-6.612617015838623,-159.0110626220703,-4.429174900054932,0.16085585951805115,0.26345348358154297,0.39679330587387085,-0.8644494414329529,-8.519098281860352,10.50159740447998,12.627035140991211,-0.0002545784809626639,7.275957614183426e-11,4.3655745685100555e-11
1785523736969766000,55484634,-6.507656097412109,-159.22174072265625,-4.3551025390625,0.16085630655288696,0.2634531855583191,0.39679476618766785,-0.8644487261772156,-8.516658782958984,10.496073722839355,12.653762817382812,-0.00023346336092799902,3.637978807091713e-11,4.3655745685100555e-11
1785523736985467500,55497914,-6.350937366485596,-159.537109375,-4.244057655334473,0.1608569324016571,0.26345282793045044,0.3967967927455902,-0.864447832107544,-8.515052795410156,10.49244213104248,12.671379089355469,-0.00022045892546884716,2.1827872842550278e-11,2.9103830456733704e-11
1785523736999705800,55518017,-6.245820045471191,-159.74908447265625,-4.169301509857178,0.16085730493068695,0.26345258951187134,0.3967980444431305,-0.8644472360610962,-8.51268196105957,10.487180709838867,12.697296142578125,-0.00020170057541690767,2.9103830456733704e-11,2.9103830456733704e-11
1785523737011352600,55531319,-6.089726448059082,-160.06460571289062,-4.057856559753418,0.16085782647132874,0.26345229148864746,0.3967997431755066,-0.8644464612007141,-8.511114120483398,10.483724594116211,12.71438217163086,-0.00018996308790519834,2.9103830456733704e-11,2.9103830456733704e-11
1785523737025883000,55531319,-6.089726448059082,-160.06460571289062,-4.057856559753418,0.16085782647132874,0.26345229148864746,0.3967997431755066,-0.8644464612007141,-8.511114120483398,10.483724594116211,12.71438217163086,-0.00018996308790519834,2.9103830456733704e-11,2.9103830456733704e-11
1785523737040368400,55551445,-5.984530925750732,-160.27769470214844,-3.982490062713623,0.1608581691980362,0.26345205307006836,0.3968008756637573,-0.8644459843635559,-8.508801460266113,10.47870922088623,12.739557266235352,-0.00017402380763087422,2.546585164964199e-11,2.9103830456733704e-11
1785523737056108100,55564672,-5.828593730926514,-160.5943145751953,-3.8703417778015137,0.1608586311340332,0.26345178484916687,0.3968023657798767,-0.8644452095031738,-8.50727653503418,10.475423812866211,12.756074905395508,-0.00016462593339383602,2.546585164964199e-11,3.637978807091713e-11
1785523737070477600,55584698,-5.724335670471191,-160.80650329589844,-3.7950828075408936,0.16085892915725708,0.26345157623291016,0.3968033790588379,-0.8644447922706604,-8.505026817321777,10.470663070678711,12.780426979064941,-0.000151034866576083,2.1827872842550278e-11,2.1827872842550278e-11
1785523737083282000,55597997,-5.568710803985596,-161.1238555908203,-3.682368040084839,0.16085931658744812,0.26345133781433105,0.3968046307563782,-0.8644442558288574,-8.503544807434082,10.467546463012695,12.796440124511719,-0.00014262732292991132,1.4551915228366852e-11,2.1827872842550278e-11
1785523737096417300,55618175,-5.464570045471191,-161.3366241455078,-3.606699228286743,0.16085955500602722,0.2634512186050415,0.39680540561676025,-0.8644438982009888,-8.501352310180664,10.463011741638184,12.820083618164062,-0.00013072253204882145,1.0913936421275139e-11,1.4551915228366852e-11
1785523737110504100,55631276,-5.30886697769165,-161.65542602539062,-3.493168830871582,0.16085989773273468,0.2634510099887848,0.3968065679073334,-0.864443302154541,-8.499910354614258,10.46004867553711,12.835576057434082,-0.0001234361552633345,3.637978807091713e-12,7.275957614183426e-12
1785523737124689200,55631276,-5.30886697769165,-161.65542602539062,-3.493168830871582,0.16085989773273468,0.2634510099887848,0.3968065679073334,-0.864443302154541,-8.499910354614258,10.46004867553711,12.835576057434082,-0.0001234361552633345,3.637978807091713e-12,7.275957614183426e-12
1785523737138454100,55651104,-5.205546855926514,-161.867431640625,-3.4175829887390137,0.16085989773273468,0.2634510099887848,0.3968065679073334,-0.864443302154541,-8.497795104980469,10.455806732177734,12.858227729797363,-0.00011348666885169223,1.0913936421275139e-11,2.1827872842550278e-11
1785523737153426700,55664565,-5.052187442779541,-162.18264770507812,-3.3050537109375,0.16086043417453766,0.2634506821632385,0.39680829644203186,-0.8644425272941589,-8.496390342712402,10.452964782714844,12.873296737670898,-0.00010723972081905231,7.275957614183426e-12,1.4551915228366852e-11
1785523737166309500,55684713,-4.947148323059082,-162.3990020751953,-3.227729320526123,0.16086043417453766,0.2634506821632385,0.39680829644203186,-0.8644425272941589,-8.494364738464355,10.44952392578125,12.895681381225586,-9.804964065551758e-05,-0.3149734139442444,-6.258487701416016e-07
1785523737180822000,55698012,-4.792382717132568,-162.71841430664062,-3.1134424209594727,0.15963464975357056,0.26611870527267456,0.39730459451675415,-0.863624095916748,-8.573530197143555,10.44837760925293,12.857931137084961,-9.226799011230469e-05,-0.7110089063644409,-3.8743019104003906e-07
1785523737195241700,55717884,-4.689101696014404,-162.931884765625,-3.036977529525757,0.15746164321899414,0.27083319425582886,0.39817142486572266,-0.8621569871902466,-8.717657089233398,10.450005531311035,12.786388397216797,-8.487701416015625e-05,-1.4984996318817139,-1.0132789611816406e-06
1785523737209678200,55731293,-4.535585880279541,-163.24960327148438,-2.923051595687866,0.15161332488059998,0.2834313213825226,0.40043577551841736,-0.858097493648529,-9.09716796875,10.449747085571289,12.540576934814453,-8.034706115722656e-05,-1.7938752174377441,-4.76837158203125e-07
1785523737224081900,55731293,-4.535585880279541,-163.24960327148438,-2.923051595687866,0.15161332488059998,0.2834313213825226,0.40043577551841736,-0.858097493648529,-9.09716796875,10.449747085571289,12.540576934814453,-8.034706115722656e-05,-1.7938752174377441,-4.76837158203125e-07
1785523737236920300,55751234,-4.431445121765137,-163.46527099609375,-2.8455517292022705,0.14670012891292572,0.29391488432884216,0.40226244926452637,-0.8545630574226379,-9.425504684448242,10.447427749633789,12.335672378540039,-7.30752944946289e-05,-2.1784563064575195,3.5762786865234375e-07
1785523737250388500,55764559,-4.277461051940918,-163.78407287597656,-2.7306103706359863,-0.13799579441547394,-0.3122659921646118,-0.40533173084259033,0.8480291366577148,-9.972761154174805,10.444175720214844,11.930917739868164,-6.866455078125e-05,-2.367135763168335,9.5367431640625e-07
1785523737263481400,55784516,-4.173281192779541,-163.99951171875,-2.652587890625,-0.13148020207881927,-0.3258205056190491,-0.40749216079711914,0.8429141044616699,-10.399128913879395,10.43326473236084,11.620973587036133,-6.341934204101562e-05,-2.4116950035095215,2.384185791015625e-07
1785523737276583200,55797876,-4.018788814544678,-164.31822204589844,-2.5364160537719727,-0.12169511616230011,-0.34589046239852905,-0.41052091121673584,0.8348787426948547,-10.983644485473633,10.421091079711914,11.117366790771484,-5.9485435485839844e-05,-2.2168197631835938,-1.430511474609375e-06
1785523737290171900,55797876,-4.018788814544678,-164.31822204589844,-2.5364160537719727,-0.12169511616230011,-0.34589046239852905,-0.41052091121673584,0.8348787426948547,-10.983644485473633,10.421091079711914,11.117366790771484,-5.9485435485839844e-05,-2.2168197631835938,-1.430511474609375e-06
1785523737304415800,55817878,-3.913710832595825,-164.53421020507812,-2.457036018371582,-0.11578395962715149,-0.3578509986400604,-0.41222766041755676,0.8298223614692688,-11.368322372436523,10.395528793334961,10.803009033203125,-5.4717063903808594e-05,-1.503361463546753,-4.76837158203125e-07
1785523737317807300,55831243,-3.7577342987060547,-164.85374450683594,-2.3384814262390137,-0.10952460020780563,-0.3703835606575012,-0.41393500566482544,0.8243048191070557,-11.740987777709961,10.376026153564453,10.45468521118164,-5.1915645599365234e-05,-1.1704165935516357,-8.940696716308594e-07
1785523737331591700,55851141,-3.6523046493530273,-165.06866455078125,-2.2579002380371094,-0.1063760370016098,-0.3766365647315979,-0.41475555300712585,0.8214662671089172,-11.977703094482422,10.344653129577637,10.274093627929688,-4.7266483306884766e-05,-0.794870913028717,-6.556510925292969e-07
1785523737347088400,55864576,-3.4955859184265137,-165.3866729736328,-2.137387752532959,-0.10305442661046982,-0.38319694995880127,-0.41559383273124695,0.8184263706207275,-12.19519329071045,10.322580337524414,10.078893661499023,-4.461407661437988e-05,-0.5236568450927734,-2.980232238769531e-07
1785523737361325400,55864576,-3.4955859184265137,-165.3866729736328,-2.137387752532959,-0.10305442661046982,-0.38319694995880127,-0.41559383273124695,0.8184263706207275,-12.19519329071045,10.322580337524414,10.078893661499023,-4.461407661437988e-05,-0.5236568450927734,-2.980232238769531e-07
1785523737373168400,55884697,-3.3886327743530273,-165.6026153564453,-2.054624080657959,-0.10181805491447449,-0.38562914729118347,-0.4158986508846283,0.817283034324646,-12.337867736816406,10.289124488830566,10.001762390136719,-4.09930944442749e-05,-0.0933619886636734,-1.1548399925231934e-07
1785523737388053200,55897905,-3.2294139862060547,-165.92245483398438,-1.9306834936141968,-0.10137779265642166,-0.38649463653564453,-0.41600677371025085,0.8168737888336182,-12.413858413696289,10.266862869262695,9.972412109375,-3.8564205169677734e-05,0.027264736592769623,-7.264316082000732e-08
1785523737400918800,55917979,-3.1224217414855957,-166.13632202148438,-1.8469091653823853,-0.10147317498922348,-0.3863071799278259,-0.4159836173057556,0.8169624209403992,-12.490235328674316,10.234066009521484,9.973366737365723,-3.563147038221359e-05,0.01856292597949505,-1.862645149230957e-08
1785523737415112700,55931239,-2.9621875286102295,-166.45497131347656,-1.7207274436950684,-0.10154394060373306,-0.3861682415008545,-0.41596660017967224,0.8170279860496521,-12.540197372436523,10.212604522705078,9.974498748779297,-3.3523887395858765e-05,-0.02437656559050083,-9.406358003616333e-08
1785523737428199300,55951207,-2.854140520095825,-166.66883850097656,-1.6351513862609863,-0.1014518216252327,-0.38634952902793884,-0.41598939895629883,0.8169422149658203,-12.623614311218262,10.181005477905273,9.964218139648438,-3.0543655157089233e-05,-0.06110154837369919,-2.2351741790771484e-08
1785523737442241600,55964550,-2.6927733421325684,-166.98667907714844,-1.506689429283142,-0.1012052446603775,-0.38683390617370605,-0.4160497486591339,0.8167128562927246,-12.687719345092773,10.160162925720215,9.945985794067383,-2.9131770133972168e-05,-0.06245778501033783,2.2351741790771484e-08
1785523737457920500,55964550,-2.6927733421325684,-166.98667907714844,-1.506689429283142,-0.1012052446603775,-0.38683390617370605,-0.4160497486591339,0.8167128562927246,-12.687719345092773,10.160162925720215,9.945985794067383,-2.9131770133972168e-05,-0.06245778501033783,2.2351741790771484e-08
1785523737469801800,55984553,-2.583554744720459,-167.20082092285156,-1.4192675352096558,-0.1010356917977333,-0.38716691732406616,-0.4160912036895752,0.8165549039840698,-12.773210525512695,10.129438400268555,9.930648803710938,-2.6732683181762695e-05,-0.0501779243350029,1.0803341865539551e-07
1785523737483864300,55998023,-2.4214062690734863,-167.51718139648438,-1.2888524532318115,-0.10082816332578659,-0.3875741958618164,-0.41614168882369995,0.8163614273071289,-12.83474349975586,10.109017372131348,9.914458274841309,-2.5289133191108704e-05,-0.04221433401107788,8.940696716308594e-08
1785523737496786000,56017783,-2.3094139099121094,-167.73468017578125,-1.1983153820037842,-0.10071256011724472,-0.3878014087677002,-0.4161699414253235,0.8162536025047302,-12.916107177734375,10.079188346862793,9.90213680267334,-2.306327223777771e-05,-0.036008916795253754,4.470348358154297e-08
1785523737509964900,56031209,-2.147226572036743,-168.04818725585938,-1.0665966272354126,-0.10056450217962265,-0.3880916237831116,-0.41620588302612305,0.8161153197288513,-12.973211288452148,10.059565544128418,9.88944149017334,-2.1576881408691406e-05,-0.03438052535057068,6.891787052154541e-08
1785523737524008500,56031209,-2.147226572036743,-168.04818725585938,-1.0665966272354126,-0.10056450217962265,-0.3880916237831116,-0.41620588302612305,0.8161153197288513,-12.973211288452148,10.059565544128418,9.88944149017334,-2.1576881408691406e-05,-0.03438052535057068,6.891787052154541e-08
1785523737540049600,56051098,-2.0355467796325684,-168.26307678222656,-0.9754735827445984,-0.10046867281198502,-0.3882794976234436,-0.4162290692329407,0.816025972366333,-13.051974296569824,10.030648231506348,9.878170013427734,-1.9978731870651245e-05,-0.03275240957736969,4.842877388000488e-08
1785523737553609700,56064522,-1.871132731437683,-168.57801818847656,-0.8407177329063416,-0.1003340408205986,-0.3885437548160553,-0.4162617623806,0.8159000873565674,-13.10757064819336,10.011568069458008,9.866130828857422,-1.882016658782959e-05,-0.03137216344475746,-4.284083843231201e-08
1785523737566818000,56084346,-1.7581640481948853,-168.79347229003906,-0.7477197051048279,-0.10024680197238922,-0.38871487975120544,-0.4162830114364624,0.8158186078071594,-13.184215545654297,9.98359203338623,9.855257034301758,-1.7451122403144836e-05,-0.028871852904558182,-3.166496753692627e-08
1785523737580873200,56097858,-1.5929687023162842,-169.1071319580078,-0.611157238483429,-0.10012830048799515,-0.3889472484588623,-0.416311651468277,0.815707802772522,-13.237931251525879,9.965116500854492,9.844108581542969,-1.652538776397705e-05,-0.027135413140058517,5.960464477539063e-08
1785523737593348800,56097858,-1.5929687023162842,-169.1071319580078,-0.611157238483429,-0.10012830048799515,-0.3889472484588623,-0.416311651468277,0.815707802772522,-13.237931251525879,9.965116500854492,9.844108581542969,-1.652538776397705e-05,-0.027135413140058517,5.960464477539063e-08
1785523737608343300,56117730,-1.4787499904632568,-169.3230438232422,-0.5163378715515137,-0.10005276650190353,-0.3890953063964844,-0.41632989048957825,0.8156369924545288,-13.312525749206543,9.937969207763672,9.833852767944336,-1.518242061138153e-05,-0.024762790650129318,4.6566128730773926e-08
1785523737622140200,56131205,-1.3119921684265137,-169.63706970214844,-0.37729978561401367,-0.09995084255933762,-0.3892950415611267,-0.41635435819625854,0.815541684627533,-13.364346504211426,9.920104026794434,9.82366943359375,-1.428462564945221e-05,-0.0233464352786541,-7.450580596923828e-09
1785523737635733700,56151088,-1.1970702409744263,-169.8525390625,-0.28111815452575684,-0.09988582134246826,-0.38942238688468933,-0.416370153427124,0.8154808282852173,-13.436769485473633,9.893869400024414,9.814020156860352,-1.2887641787528992e-05,-0.02143797092139721,4.190951585769653e-08
1785523737648438200,56164522,-1.028906226158142,-170.16644287109375,-0.13987793028354645,-0.09979750961065292,-0.3895954191684723,-0.41639143228530884,0.815398097038269,-13.486726760864258,9.876635551452637,9.80465316772461,-1.2155622243881226e-05,-0.02025446854531765,-4.842877388000488e-08
1785523737662890900,56184425,-0.9136328101158142,-170.38075256347656,-0.04268554598093033,-0.0997413769364357,-0.3897054195404053,-0.41640496253967285,0.8153454661369324,-13.55695915222168,9.851330757141113,9.795547485351562,-1.1194497346878052e-05,-0.018598336726427078,-8.009374141693115e-08
1785523737677322000,56197867,-0.7441796660423279,-170.69447326660156,0.10065917670726776,-0.099664606153965,-0.3898555636405945,-0.4164232909679413,0.8152738213539124,-13.605276107788086,9.834689140319824,9.786892890930176,-1.0652467608451843e-05,-0.017555244266986847,-7.35744833946228e-08
1785523737690028800,56197867,-0.7441796660423279,-170.69447326660156,0.10065917670726776,-0.099664606153965,-0.3898555636405945,-0.4164232909679413,0.8152738213539124,-13.605276107788086,9.834689140319824,9.786892890930176,-1.0652467608451843e-05,-0.017555244266986847,-7.35744833946228e-08
1785523737706180600,56218225,-0.6279296875,-170.9088592529297,0.1993701159954071,-0.09961600601673126,-0.38995102047920227,-0.41643521189689636,0.8152279853820801,-13.674470901489258,9.80990219116211,9.778181076049805,-9.871087968349457e-06,-0.01607697829604149,-9.96515154838562e-08
1785523737719511100,56231182,-0.4535546898841858,-171.22923278808594,0.3479638695716858,-0.09954825788736343,-0.3900836408138275,-0.41645151376724243,0.8151645660400391,-13.720986366271973,9.793941497802734,9.77011489868164,-9.373761713504791e-06,-0.01518475916236639,-1.30385160446167e-07
1785523737731268100,56250943,-0.34035155177116394,-171.4364471435547,0.4447607398033142,-0.09950754046440125,-0.3901635408401489,-0.4164612889289856,0.8151261210441589,-13.786182403564453,9.770744323730469,9.76209831237793,-8.553266525268555e-06,-0.013960455544292927,-2.60770320892334e-08
1785523737747012500,56264585,-0.16960936784744263,-171.74766540527344,0.5911474227905273,-0.09945039451122284,-0.3902755081653595,-0.4164750277996063,0.8150724768638611,-13.831459045410156,9.755217552185059,9.754692077636719,-8.111819624900818e-06,-0.013171399012207985,1.7695128917694092e-08
1785523737761068000,56264585,-0.16960936784744263,-171.74766540527344,0.5911474227905273,-0.09945039451122284,-0.3902755081653595,-0.4164750277996063,0.8150724768638611,-13.831459045410156,9.755217552185059,9.754692077636719,-8.111819624900818e-06,-0.013171399012207985,1.7695128917694092e-08
1785523737772949700,56284347,-0.05039062350988388,-171.96424865722656,0.69374018907547,-0.09941327571868896,-0.3903481066226959,-0.41648393869400024,0.8150378465652466,-13.895904541015625,9.732499122619629,9.746870040893555,-7.460825145244598e-06,-0.012081313878297806,5.8673322200775146e-08
1785523737786778800,56297857,0.12187499552965164,-172.27593994140625,0.8423632383346558,-0.09936363995075226,-0.39044520258903503,-0.41649577021598816,0.8149912357330322,-13.939547538757324,9.717598915100098,9.739994049072266,-6.816349923610687e-06,-0.01140422560274601,4.470348358154297e-08
1785523737799644100,56317685,0.2407812476158142,-172.49029541015625,0.9452539086341858,-0.09933196753263474,-0.390507310628891,-0.4165034294128418,0.8149614930152893,-14.001874923706055,9.695794105529785,9.732597351074219,-6.105285137891769e-06,-0.010467223823070526,-4.470348358154297e-08
1785523737812964000,56331217,0.4141015410423279,-172.80169677734375,1.0956933498382568,-0.09928897768259048,-0.39059147238731384,-0.41651374101638794,0.8149211406707764,-14.044208526611328,9.681424140930176,9.726189613342285,-6.106682121753693e-06,-0.009878532961010933,-4.0046870708465576e-08
1785523737826977700,56331217,0.4141015410423279,-172.80169677734375,1.0956933498382568,-0.09928897768259048,-0.39059147238731384,-0.41651374101638794,0.8149211406707764,-14.044208526611328,9.681424140930176,9.726189613342285,-6.106682121753693e-06,-0.009878532961010933,-4.0046870708465576e-08
1785523737839738400,56351049,0.5343359112739563,-173.0168914794922,1.2003173828125,-0.09926145523786545,-0.39064550399780273,-0.4165204167366028,0.8148951530456543,-14.104837417602539,9.660392761230469,9.719125747680664,-5.7355500757694244e-06,-0.00906415842473507,-7.636845111846924e-08
1785523737854343100,56364521,0.7089452743530273,-173.3284149169922,1.3527098894119263,-0.09922419488430023,-0.3907184600830078,-0.4165293872356415,0.8148601651191711,-14.145722389221191,9.646602630615234,9.713150978088379,-5.4514966905117035e-06,-0.008556272834539413,-7.031485438346863e-08
1785523737867128800,56384380,0.8292577862739563,-173.54229736328125,1.4579784870147705,-0.09920033067464828,-0.3907650411128998,-0.416534960269928,0.8148376941680908,-14.204423904418945,9.62641716003418,9.706426620483398,-4.741828888654709e-06,-0.007852442562580109,-6.28642737865448e-08
1785523737880000500,56397861,1.0048828125,-173.8534698486328,1.612036108970642,-0.09916806221008301,-0.3908281922340393,-0.4165427088737488,0.8148074150085449,-14.244038581848145,9.613146781921387,9.700834274291992,-4.535075277090073e-06,-0.007410743273794651,3.003515303134918e-08
1785523737893972900,56397861,1.0048828125,-173.8534698486328,1.612036108970642,-0.09916806221008301,-0.3908281922340393,-0.4165427088737488,0.8148074150085449,-14.244038581848145,9.613146781921387,9.700834274291992,-4.535075277090073e-06,-0.007410743273794651,3.003515303134918e-08
1785523737906838800,56417815,1.1262500286102295,-174.06781005859375,1.7187646627426147,-0.09914752840995789,-0.3908686637878418,-0.4165477454662323,0.8147881031036377,-14.30128002166748,9.593669891357422,9.69439697265625,-4.076864570379257e-06,-0.00679706921800971,2.7474015951156616e-08
1785523737921060800,56431165,1.3039844036102295,-174.3806610107422,1.8754442930221558,-0.09911930561065674,-0.3909236788749695,-0.41655433177948,0.8147616386413574,-14.339557647705078,9.580941200256348,9.689146995544434,-3.8156285881996155e-06,-0.006416488904505968,2.1653249859809875e-08
1785523737934951100,56450977,1.4249218702316284,-174.59278869628906,1.9822851419448853,-0.09910159558057785,-0.3909584581851959,-0.4165586531162262,0.8147450089454651,-14.394560813903809,9.562413215637207,9.683053016662598,-3.412831574678421e-06,-0.005891928914934397,5.774199962615967e-08
1785523737948031300,56464486,1.6020312309265137,-174.9025421142578,2.1391258239746094,-0.09907740354537964,-0.39100563526153564,-0.41656437516212463,0.8147222995758057,-14.43167495727539,9.550167083740234,9.678135871887207,-3.103632479906082e-06,-0.005560258869081736,5.029141902923584e-08
1785523737960678700,56464486,1.6020312309265137,-174.9025421142578,2.1391258239746094,-0.09907740354537964,-0.39100563526153564,-0.41656437516212463,0.8147222995758057,-14.43167495727539,9.550167083740234,9.678135871887207,-3.103632479906082e-06,-0.005560258869081736,5.029141902923584e-08
1785523737976450100,56497867,1.9061328172683716,-175.43177795410156,2.4093945026397705,-0.09904062747955322,-0.39107745885849,-0.41657310724258423,0.8146877288818359,-14.521638870239258,9.520408630371094,9.66759204864502,-3.013061359524727e-06,-0.004811558872461319,-0.0
1785523737989886200,56497867,1.9061328172683716,-175.43177795410156,2.4093945026397705,-0.09904062747955322,-0.39107745885849,-0.41657310724258423,0.8146877288818359,-14.521638870239258,9.520408630371094,9.66759204864502,-3.013061359524727e-06,-0.004811558872461319,-0.0
1785523738002720900,56517646,2.0273828506469727,-175.64187622070312,2.517465829849243,-0.09902741014957428,-0.3911033868789673,-0.4165763258934021,0.8146752715110779,-14.57330322265625,9.503368377685547,9.662029266357422,-2.8444919735193253e-06,-0.004418825265020132,8.451752364635468e-08
1785523738017845800,56531147,2.206913948059082,-175.95208740234375,2.6778368949890137,-0.09900914877653122,-0.39113906025886536,-0.41658058762550354,0.8146583437919617,-14.608063697814941,9.492127418518066,9.657663345336914,-2.6745256036520004e-06,-0.0041704438626766205,2.8638169169425964e-08
1785523738030665000,56550998,2.3308982849121094,-176.1656951904297,2.788808584213257,-0.0989975780248642,-0.39116165041923523,-0.41658341884613037,0.8146473169326782,-14.658479690551758,9.47567367553711,9.652303695678711,-2.2668391466140747e-06,-0.0038259909488260746,-5.98374754190445e-08
1785523738045162700,56564470,2.5116405487060547,-176.47618103027344,2.950883626937866,-0.0989818125963211,-0.3911924362182617,-0.4165871739387512,0.8146325945854187,-14.69212818145752,9.464895248413086,9.648187637329102,-2.2514723241329193e-06,-0.0036112775560468435,-5.320180207490921e-08
1785523738058258500,56564470,2.5116405487060547,-176.47618103027344,2.950883626937866,-0.0989818125963211,-0.3911924362182617,-0.4165871739387512,0.8146325945854187,-14.69212818145752,9.464895248413086,9.648187637329102,-2.2514723241329193e-06,-0.0036112775560468435,-5.320180207490921e-08
1785523738073508500,56584366,2.6361327171325684,-176.689453125,3.0627293586730957,-0.098971888422966,-0.3912120759487152,-0.41658952832221985,0.8146230578422546,-14.740939140319824,9.449152946472168,9.643057823181152,-1.9045546650886536e-06,-0.0033138624858111143,-4.202593117952347e-08
1785523738085357300,56597854,2.817617177963257,-176.9994659423828,3.2260594367980957,-0.09895825386047363,-0.39123883843421936,-0.41659286618232727,0.8146103620529175,-14.773536682128906,9.438827514648438,9.639166831970215,-1.8801074475049973e-06,-0.0031274426728487015,8.265487849712372e-09
1785523738101137700,56617982,2.9430859088897705,-177.2131805419922,3.339174747467041,-0.09894955158233643,-0.39125582575798035,-0.4165949821472168,0.8146020174026489,-14.82120132446289,9.423635482788086,9.634218215942383,-1.6739359125494957e-06,-0.002867208793759346,-3.282912075519562e-08
1785523738115337900,56631310,3.1273436546325684,-177.52626037597656,3.505610227584839,-0.09893756359815598,-0.3912792205810547,-0.416597843170166,0.8145908713340759,-14.852664947509766,9.413775444030762,9.630533218383789,-1.4993129298090935e-06,-0.0027066143229603767,-2.9103830456733704e-08
1785523738128350000,56651219,3.2514452934265137,-177.73660278320312,3.6179003715515137,-0.098930224776268,-0.3912937045097351,-0.4165995717048645,0.8145837783813477,-14.898431777954102,9.39936637878418,9.625837326049805,-1.271720975637436e-06,-0.0024843323044478893,-6.55418261885643e-08
1785523738144590900,56664570,3.435624837875366,-178.0479278564453,3.7848193645477295,-0.09891993552446365,-0.3913137912750244,-0.4166020154953003,0.8145742416381836,-14.928876876831055,9.389934539794922,9.622354507446289,-1.3670651242136955e-06,-0.0023451263550668955,-5.820766091346741e-08
1785523738156223700,56664570,3.435624837875366,-178.0479278564453,3.7848193645477295,-0.09891993552446365,-0.3913137912750244,-0.4166020154953003,0.8145742416381836,-14.928876876831055,9.389934539794922,9.622354507446289,-1.3670651242136955e-06,-0.0023451263550668955,-5.820766091346741e-08
1785523738171590300,56684634,3.560976505279541,-178.25924682617188,3.8986034393310547,-0.0989135131239891,-0.3913264870643616,-0.41660362482070923,0.8145681023597717,-14.973369598388672,9.376111030578613,9.617835998535156,-1.3844110071659088e-06,-0.0021512056700885296,3.4691765904426575e-08
1785523738186077300,56698003,3.7464842796325684,-178.5712432861328,4.067250728607178,-0.09890434890985489,-0.39134401082992554,-0.41660553216934204,0.8145597577095032,-15.002843856811523,9.367083549499512,9.614517211914062,-1.478823833167553e-06,-0.0020303875207901,7.043126970529556e-08
1785523738198098700,56718053,3.8722264766693115,-178.7821807861328,4.181723594665527,-0.09889886528253555,-0.3913550078868866,-0.4166069030761719,0.8145543932914734,-15.04595947265625,9.353858947753906,9.610183715820312,-1.1078082025051117e-06,-0.0018623534124344587,5.878973752260208e-08
1785523738211766900,56731319,4.058945178985596,-179.0946807861328,4.351982116699219,-0.09889113903045654,-0.3913702368736267,-0.41660887002944946,0.8145471215248108,-15.07441520690918,9.345253944396973,9.607048034667969,-8.252682164311409e-07,-0.0017582541331648827,5.2445102483034134e-08
1785523738226038500,56731319,4.058945178985596,-179.0946807861328,4.351982116699219,-0.09889113903045654,-0.3913702368736267,-0.41660887002944946,0.8145471215248108,-15.07441520690918,9.345253944396973,9.607048034667969,-8.252682164311409e-07,-0.0017582541331648827,5.2445102483034134e-08
1785523738242087600,56751471,4.184413909912109,-179.30416870117188,4.466552734375,-0.09888625144958496,-0.39137953519821167,-0.4166100025177002,0.8145426511764526,-15.116287231445312,9.332575798034668,9.602884292602539,-9.100185707211494e-07,-0.0016120403306558728,3.8242433220148087e-08
1785523738254676100,56764516,4.373437404632568,-179.61900329589844,4.639374732971191,-0.09887949377298355,-0.3913927674293518,-0.41661155223846436,0.8145362138748169,-15.14374828338623,9.324372291564941,9.599905014038086,-8.964561857283115e-07,-0.001522326492704451,3.550667315721512e-08
1785523738267384600,56784481,4.497929573059082,-179.82591247558594,4.753368854522705,-0.09887560456991196,-0.39140087366104126,-0.41661274433135986,0.8145323991775513,-15.183771133422852,9.312437057495117,9.595968246459961,-1.1114170774817467e-06,-0.001397662446834147,3.050081431865692e-08
1785523738281613000,56797896,4.685234069824219,-180.136474609375,4.925073146820068,-0.09886961430311203,-0.39141222834587097,-0.41661393642425537,0.8145268559455872,-15.21044921875,9.304563522338867,9.593124389648438,-7.929629646241665e-07,-0.001318964408710599,2.6193447411060333e-08
1785523738296619200,56817794,4.813046932220459,-180.3479461669922,5.042402267456055,-0.09886598587036133,-0.39141926169395447,-0.4166148602962494,0.8145236372947693,-15.249486923217773,9.293078422546387,9.589312553405762,-5.896436050534248e-07,-0.0012099272571504116,-2.153683453798294e-08
1785523738309248800,56831235,5.001210689544678,-180.6585693359375,5.215327262878418,-0.09886116534471512,-0.39142903685569763,-0.4166161119937897,0.8145186901092529,-15.2752685546875,9.28557014465332,9.58661937713623,-6.562331691384315e-07,-0.0011423276737332344,-1.8801074475049973e-08
1785523738323297200,56831235,5.001210689544678,-180.6585693359375,5.215327262878418,-0.09886116534471512,-0.39142903685569763,-0.4166161119937897,0.8145186901092529,-15.2752685546875,9.28557014465332,9.58661937713623,-6.562331691384315e-07,-0.0011423276737332344,-1.8801074475049973e-08
1785523738336406500,56851082,5.129296779632568,-180.8695831298828,5.333193302154541,-0.09885790944099426,-0.3914352059364319,-0.4166167974472046,0.8145157694816589,-15.31292724609375,9.274641990661621,9.58297061920166,-6.175250746309757e-07,-0.0010480227647349238,6.816117092967033e-08
1785523738352011400,56864479,5.317538738250732,-181.17906188964844,5.506611347198486,-0.09885361045598984,-0.3914436995983124,-0.41661784052848816,0.8145117163658142,-15.33789348602295,9.267484664916992,9.580400466918945,-5.341717042028904e-07,-0.000989115214906633,9.73232090473175e-08
1785523738364675700,56884414,5.446796894073486,-181.39112854003906,5.625844478607178,-0.09885090589523315,-0.3914489150047302,-0.41661855578422546,0.8145091533660889,-15.374485969543457,9.2570161819458,9.576892852783203,-5.273032002151012e-07,-0.0009074461413547397,-4.272442311048508e-08
1785523738377893900,56897794,5.636523246765137,-181.70172119140625,5.801001071929932,-0.09884700179100037,-0.39145627617836,-0.41661936044692993,0.8145057559013367,-15.398589134216309,9.25020980834961,9.574446678161621,-5.078036338090897e-07,-0.0008567398181185126,-7.904600352048874e-08
1785523738391775300,56897794,5.636523246765137,-181.70172119140625,5.801001071929932,-0.09884700179100037,-0.39145627617836,-0.41661936044692993,0.8145057559013367,-15.398589134216309,9.25020980834961,9.574446678161621,-5.078036338090897e-07,-0.0008567398181185126,-7.904600352048874e-08
1785523738407481700,56917886,5.765390396118164,-181.9122772216797,5.920107364654541,-0.09884455800056458,-0.39146098494529724,-0.4166199266910553,0.8145034313201904,-15.433972358703613,9.240240097045898,9.571077346801758,-6.536138243973255e-07,-0.0007857264135964215,1.2427335605025291e-08
1785523738420251300,56931181,5.956406116485596,-182.22373962402344,6.096821308135986,-0.09884143620729446,-0.391467422246933,-0.41662073135375977,0.8145004510879517,-15.457271575927734,9.233760833740234,9.568748474121094,-6.761692930012941e-07,-0.0007415632717311382,-3.2974639907479286e-08
1785523738432733800,56951247,6.085351467132568,-182.43362426757812,6.216249942779541,-0.0988394096493721,-0.3914714455604553,-0.41662129759788513,0.8144984245300293,-15.491443634033203,9.224279403686523,9.56552505493164,-6.231421139091253e-07,-0.0006804090226069093,5.270703695714474e-08
1785523738446788500,56964492,6.276953220367432,-182.7449188232422,6.393891334533691,-0.09883636236190796,-0.39147689938545227,-0.41662171483039856,0.8144958019256592,-15.513961791992188,9.218099594116211,9.563297271728516,-5.788751877844334e-07,-0.0006421925500035286,1.3137469068169594e-07
1785523738461287800,56964492,6.276953220367432,-182.7449188232422,6.393891334533691,-0.09883636236190796,-0.39147689938545227,-0.41662171483039856,0.8144958019256592,-15.513961791992188,9.218099594116211,9.563297271728516,-5.788751877844334e-07,-0.0006421925500035286,1.3137469068169594e-07
1785523738474722200,56984543,6.406445026397705,-182.95486450195312,6.514042854309082,-0.09883472323417664,-0.39148032665252686,-0.4166222810745239,0.8144941329956055,-15.54699993133545,9.20907974243164,9.560215950012207,-3.7229619920253754e-07,-0.0005891751497983932,1.096632331609726e-07
1785523738488248900,56997862,6.5986328125,-183.26593017578125,6.692553520202637,-0.09883228689432144,-0.39148515462875366,-0.41662293672561646,0.8144919276237488,-15.568755149841309,9.203210830688477,9.558098793029785,-4.0407758206129074e-07,-0.0005562317674048245,8.993083611130714e-09
1785523738500922600,57017805,6.728437423706055,-183.47561645507812,6.813222408294678,-0.09883073717355728,-0.39148813486099243,-0.41662317514419556,0.814490556716919,-15.60062026977539,9.194656372070312,9.555146217346191,-4.202011041343212e-07,-0.0005104715237393975,-1.552689354866743e-07
1785523738514576000,57031190,6.920624732971191,-183.78570556640625,6.992109298706055,-0.09882861375808716,-0.39149224758148193,-0.41662365198135376,0.8144884705543518,-15.621661186218262,9.189059257507324,9.553121566772461,-3.4063123166561127e-07,-0.0004817115841433406,-1.7834827303886414e-07
1785523738529119000,57050916,7.051523208618164,-183.99647521972656,7.114027976989746,-0.09882727265357971,-0.3914947807788849,-0.41662395000457764,0.8144872188568115,-15.652281761169434,9.180967330932617,9.550312042236328,-2.1624146029353142e-07,-0.0004419927136041224,1.8000719137489796e-08
1785523738543662700,57064483,7.2421875,-184.30296325683594,7.29174280166626,-0.09882555902004242,-0.3914982080459595,-0.416624516248703,0.8144854307174683,-15.672662734985352,9.175634384155273,9.548385620117188,-2.6202178560197353e-07,-0.0004170789325144142,5.638867150992155e-08
1785523738558312400,57064483,7.2421875,-184.30296325683594,7.29174280166626,-0.09882555902004242,-0.3914982080459595,-0.416624516248703,0.8144854307174683,-15.672662734985352,9.175634384155273,9.548385620117188,-2.6202178560197353e-07,-0.0004170789325144142,5.638867150992155e-08
1785523738571854100,57084574,7.375585556030273,-184.5170440673828,7.416196346282959,-0.09882433712482452,-0.39150068163871765,-0.4166247844696045,0.8144843578338623,-15.702750205993652,9.167829513549805,9.54564380645752,-1.6784179024398327e-07,-0.00038224010495468974,4.691537469625473e-08
1785523738586477600,57097833,7.569999694824219,-184.82861328125,7.597748756408691,-0.09882282465696335,-0.39150381088256836,-0.41662514209747314,0.8144829869270325,-15.722362518310547,9.162796020507812,9.543806076049805,-1.5943078324198723e-07,-0.00036085123429074883,-8.751521818339825e-08
1785523738598011400,57117735,7.700664043426514,-185.03759765625,7.719814300537109,-0.098821721971035,-0.3915056884288788,-0.41662532091140747,0.8144820332527161,-15.751039505004883,9.155473709106445,9.541219711303711,-7.280323188751936e-08,-0.0003316793008707464,-7.310882210731506e-08
1785523738612004800,57131151,7.894140243530273,-185.3466339111328,7.900737285614014,-0.0988205224275589,-0.39150822162628174,-0.4166257679462433,0.8144806027412415,-15.770020484924316,9.15066909790039,9.539468765258789,-5.4104020819067955e-08,-0.00031312619103118777,-6.461050361394882e-08
1785523738625927600,57131151,7.894140243530273,-185.3466339111328,7.900737285614014,-0.0988205224275589,-0.39150822162628174,-0.4166257679462433,0.8144806027412415,-15.770020484924316,9.15066909790039,9.539468765258789,-5.4104020819067955e-08,-0.00031312619103118777,-6.461050361394882e-08
1785523738640401900,57150932,8.02675724029541,-185.5581817626953,8.024853706359863,-0.09881962835788727,-0.39151012897491455,-0.4166259169578552,0.8144798278808594,-15.797721862792969,9.143735885620117,9.536989212036133,-1.1353404261171818e-07,-0.00028751930221915245,-1.0884832590818405e-08
1785523738653171700,57164484,8.219531059265137,-185.8650665283203,8.205322265625,-0.0988183245062828,-0.391512393951416,-0.41662612557411194,0.8144786953926086,-15.816079139709473,9.139178276062012,9.535306930541992,-5.066976882517338e-08,-0.0002713470603339374,7.56408553570509e-08
1785523738667076500,57184332,8.353632926940918,-186.07833862304688,8.330995559692383,-0.09881751984357834,-0.39151376485824585,-0.4166262745857239,0.8144780993461609,-15.843000411987305,9.132552146911621,9.532926559448242,-1.352163963019848e-07,-0.0002485152508597821,5.948822945356369e-08
1785523738681000900,57197813,8.547929763793945,-186.38681030273438,8.513174057006836,-0.09881658852100372,-0.3915157616138458,-0.41662663221359253,0.8144770860671997,-15.860773086547852,9.128459930419922,9.53136157989502,-2.0563602447509766e-06,-0.00023451074957847595,0.06274446845054626
1785523738694247600,57217483,8.681640625,-186.59873962402344,8.638593673706055,-0.09938351809978485,-0.3918073773384094,-0.41635364294052124,0.8144075870513916,-15.857036590576172,9.148818016052246,9.530622482299805,-3.807246685028076e-06,-0.00022777915000915527,0.1425899863243103
1785523738708542000,57231114,8.876757621765137,-186.90774536132812,8.821757316589355,-0.10300500690937042,-0.3936575949192047,-0.41460663080215454,0.8139564990997314,-15.810381889343262,9.288736343383789,9.529642105102539,-8.165836334228516e-06,-0.00020253658294677734,0.7587170004844666
1785523738724420300,57231114,8.876757621765137,-186.90774536132812,8.821757316589355,-0.10300500690937042,-0.3936575949192047,-0.41460663080215454,0.8139564990997314,-15.810381889343262,9.288736343383789,9.529642105102539,-8.165836334228516e-06,-0.00020253658294677734,0.7587170004844666
1785523738737922100,57250886,9.0103120803833,-187.118896484375,8.947104454040527,-0.107522152364254,-0.39595454931259155,-0.4124147891998291,0.8133713603019714,-15.730903625488281,9.464634895324707,9.531261444091797,-5.185604095458984e-06,-0.00018531084060668945,1.1802823543548584
1785523738750617100,57264431,9.204843521118164,-187.42616271972656,9.1297607421875,-0.11689938604831696,-0.4006883203983307,-0.40781882405281067,0.8120757937431335,-15.523599624633789,9.827085494995117,9.534055709838867,-4.291534423828125e-06,-0.00017499923706054688,1.4625506401062012
1785523738765832500,57284448,9.339961051940918,-187.6394500732422,9.25667953491211,-0.1254093050956726,-0.4049442708492279,-0.40359431505203247,0.8108047842979431,-15.333949089050293,10.15462875366211,9.541398048400879,-2.4437904357910156e-06,-0.0001615285873413086,1.8488450050354004
1785523738778339600,57297833,9.536992073059082,-187.9503631591797,9.4418306350708,-0.14021514356136322,-0.412258505821228,-0.396121621131897,0.8083751201629639,-14.962457656860352,10.708663940429688,9.547979354858398,7.152557373046875e-07,-0.00015342235565185547,1.9117239713668823
1785523738792882400,57297833,9.536992073059082,-187.9503631591797,9.4418306350708,-0.14021514356136322,-0.412258505821228,-0.396121621131897,0.8083751201629639,-14.962457656860352,10.708663940429688,9.547979354858398,7.152557373046875e-07,-0.00015342235565185547,1.9117239713668823
1785523738805621700,57317660,9.670429229736328,-188.16094970703125,9.56734848022461,-0.15044361352920532,-0.4172441065311432,-0.390867680311203,0.8065336346626282,-14.69689655303955,11.081674575805664,9.560293197631836,7.450580596923828e-06,-0.00014162063598632812,1.5227806568145752
1785523738819489300,57331149,9.866250038146973,-188.47021484375,9.751811027526855,-0.16253231465816498,-0.4230652153491974,-0.38456109166145325,0.8041839003562927,-14.362560272216797,11.518299102783203,9.570241928100586,8.821487426757812e-06,-0.00013262033462524414,1.075878620147705
1785523738833168800,57351217,10.000624656677246,-188.68264770507812,9.878559112548828,-0.16771456599235535,-0.4255368709564209,-0.38182514905929565,0.8031187653541565,-14.21790885925293,11.704771041870117,9.586463928222656,5.289912223815918e-06,-0.0001201629638671875,0.4226931631565094
1785523738846893700,57364460,10.197500228881836,-188.99424743652344,10.064492225646973,-0.1712055653333664,-0.4271947145462036,-0.37997087836265564,0.8023812770843506,-14.118001937866211,11.827741622924805,9.597234725952148,1.7993152141571045e-06,-0.00011357665061950684,0.15055668354034424
1785523738859920800,57364460,10.197500228881836,-188.99424743652344,10.064492225646973,-0.1712055653333664,-0.4271947145462036,-0.37997087836265564,0.8023812770843506,-14.118001937866211,11.827741622924805,9.597234725952148,1.7993152141571045e-06,-0.00011357665061950684,0.15055668354034424
1785523738873258500,57384309,10.3306245803833,-189.20523071289062,10.190390586853027,-0.17171543836593628,-0.42743682861328125,-0.37969914078712463,0.802271842956543,-14.106144905090332,11.844372749328613,9.613102912902832,-5.587935447692871e-07,-0.00010506808757781982,-0.11869573593139648
1785523738889038400,57397798,10.526171684265137,-189.5155487060547,10.375605583190918,-0.17083555459976196,-0.42702120542526245,-0.3801676332950592,0.8024591207504272,-14.134284019470215,11.811858177185059,9.623428344726562,-1.1473894119262695e-06,-9.95248556137085e-05,-0.1839560717344284
1785523738903550800,57417642,10.660234451293945,-189.72854614257812,10.502778053283691,-0.169830322265625,-0.4265453815460205,-0.3807021677494049,0.8026721477508545,-14.16740608215332,11.7738618850708,9.6383695602417,-1.1213123798370361e-06,-9.118020534515381e-05,-0.14648611843585968
1785523738916388700,57431136,10.854999542236328,-190.03836059570312,10.687788009643555,-0.16868799924850464,-0.42600396275520325,-0.381308913230896,0.8029125332832336,-14.203444480895996,11.731884002685547,9.6481351852417,-7.413327693939209e-07,-8.58306884765625e-05,-0.07956157624721527
1785523738929133000,57450941,10.989179611206055,-190.25201416015625,10.8154296875,-0.16834819316864014,-0.4258432388305664,-0.38148900866508484,0.8029835820198059,-14.217308044433594,11.717535018920898,9.662416458129883,7.264316082000732e-08,-7.867161184549332e-05,0.01052651833742857
1785523738942431000,57464578,11.18375015258789,-190.5622100830078,11.0007905960083,-0.16841533780097961,-0.42587587237358093,-0.38145339488983154,0.8029690980911255,-14.217945098876953,11.718338012695312,9.671884536743164,5.62518835067749e-07,-7.425621151924133e-05,0.04269856959581375
1785523738956625100,57464578,11.18375015258789,-190.5622100830078,11.0007905960083,-0.16841533780097961,-0.42587587237358093,-0.38145339488983154,0.8029690980911255,-14.217945098876953,11.718338012695312,9.671884536743164,5.62518835067749e-07,-7.425621151924133e-05,0.04269856959581375
1785523738969541500,57484274,11.319023132324219,-190.778076171875,11.129838943481445,-0.16866856813430786,-0.4259965121746063,-0.3813193142414093,0.8029155731201172,-14.214234352111816,11.724967956542969,9.685810089111328,5.979090929031372e-07,-6.819143891334534e-05,0.04705044627189636
1785523738984052600,57497798,11.512421607971191,-191.08706665039062,11.31459903717041,-0.16903084516525269,-0.42616936564445496,-0.3811267912387848,0.8028392195701599,-14.205995559692383,11.736307144165039,9.694994926452637,5.802139639854431e-07,-6.447546184062958e-05,0.032154157757759094
1785523738998215300,57517631,11.645976066589355,-191.3007049560547,11.44237232208252,-0.169179767370224,-0.42624056339263916,-0.38104766607284546,0.8028075098991394,-14.205015182495117,11.739383697509766,9.7086181640625,3.9674341678619385e-07,-5.878601223230362e-05,0.005130480974912643
1785523739012617200,57531101,11.840468406677246,-191.6121063232422,11.628681182861328,-0.16922365128993988,-0.42626190185546875,-0.38102421164512634,0.8027981519699097,-14.205938339233398,11.739521026611328,9.717613220214844,2.996530383825302e-07,-5.554035305976868e-05,-0.007438609376549721
1785523739026759300,57531101,11.840468406677246,-191.6121063232422,11.628681182861328,-0.16922365128993988,-0.42626190185546875,-0.38102421164512634,0.8027981519699097,-14.205938339233398,11.739521026611328,9.717613220214844,2.996530383825302e-07,-5.554035305976868e-05,-0.007438609376549721
1785523739039408700,57550950,11.973905563354492,-191.825927734375,11.7566499710083,-0.16917292773723602,-0.42623811960220337,-0.381051242351532,0.8028085827827454,-14.210671424865723,11.735639572143555,9.730851173400879,1.4761462807655334e-07,-5.102530121803284e-05,-0.013624852523207664
1785523739055279300,57564771,12.16820240020752,-192.1376495361328,11.943251609802246,-0.16906790435314178,-0.42618876695632935,-0.3811070919036865,0.8028304576873779,-14.215926170349121,11.730554580688477,9.739677429199219,2.253800630569458e-07,-4.824995994567871e-05,-0.011182391084730625
1785523739068237600,57584214,12.304491996765137,-192.35655212402344,12.074316024780273,-0.16901181638240814,-0.42616257071495056,-0.38113662600517273,0.8028420209884644,-14.220718383789062,11.726616859436035,9.752429962158203,2.6100315153598785e-07,-4.409719258546829e-05,-0.003968456760048866
1785523739082611500,57597805,12.494726181030273,-192.66238403320312,12.257465362548828,-0.16898037493228912,-0.426147997379303,-0.38115328550338745,0.8028484582901001,-14.223715782165527,11.724231719970703,9.76083755493164,3.0134106054902077e-07,-4.158681258559227e-05,0.0002918904065154493
1785523739096733800,57617774,12.628671646118164,-192.8779296875,12.3865966796875,-0.16898620128631592,-0.4261511564254761,-0.38115033507347107,0.8028470873832703,-14.226640701293945,11.722573280334473,9.773377418518066,1.6088597476482391e-07,-3.8133468478918076e-05,0.0034899679012596607
1785523739108316600,57631134,12.823827743530273,-193.19232177734375,12.574970245361328,-0.16901281476020813,-0.4261641502380371,-0.3811361789703369,0.8028414249420166,-14.227873802185059,11.722320556640625,9.781593322753906,1.6042031347751617e-07,-3.6135315895080566e-05,0.0035099522210657597
1785523739122027600,57631134,12.823827743530273,-193.19232177734375,12.574970245361328,-0.16901281476020813,-0.4261641502380371,-0.3811361789703369,0.8028414249420166,-14.227873802185059,11.722320556640625,9.781593322753906,1.6042031347751617e-07,-3.6135315895080566e-05,0.0035099522210657597
1785523739138204600,57651023,12.955741882324219,-193.405029296875,12.7024507522583,-0.16903065145015717,-0.4261726140975952,-0.3811267018318176,0.8028374314308167,-14.230266571044922,11.721193313598633,9.793668746948242,1.773587428033352e-07,-3.320036921650171e-05,0.0018501109443604946
1785523739150441100,57664507,13.14925765991211,-193.71734619140625,12.889657974243164,-0.1690451055765152,-0.4261799156665802,-0.3811189830303192,0.8028342723846436,-14.231772422790527,11.720579147338867,9.80165958404541,-4.0745362639427185e-09,-3.141941851936281e-05,0.0005305277882143855
1785523739165348900,57684338,13.282343864440918,-193.9323272705078,13.018559455871582,-0.16904626786708832,-0.4261806905269623,-0.3811182677745819,0.8028339147567749,-14.234552383422852,11.718971252441406,9.81341552734375,3.8516009226441383e-07,-2.874655183404684e-05,-0.0007476372411474586
1785523739177661500,57697769,13.475546836853027,-194.24468994140625,13.205883026123047,-0.169040709733963,-0.42617830634117126,-0.38112136721611023,0.8028348088264465,-14.236560821533203,11.717697143554688,9.821170806884766,4.229368641972542e-07,-2.687814412638545e-05,-0.000990606495179236
1785523739192049100,57697769,13.475546836853027,-194.24468994140625,13.205883026123047,-0.169040709733963,-0.42617830634117126,-0.38112136721611023,0.8028348088264465,-14.236560821533203,11.717697143554688,9.821170806884766,4.229368641972542e-07,-2.687814412638545e-05,-0.000990606495179236
1785523739206473800,57717534,13.608124732971191,-194.45925903320312,13.334579467773438,-0.169035404920578,-0.42617592215538025,-0.3811242878437042,0.8028358221054077,-14.239422798156738,11.715959548950195,9.832561492919922,1.095759216696024e-07,-2.4782202672213316e-05,-0.0007059815106913447
1785523739219647200,57731122,13.800663948059082,-194.77114868164062,13.521698951721191,-0.16902978718280792,-0.4261735677719116,-0.3811272382736206,0.8028370141983032,-14.241376876831055,11.714759826660156,9.840106964111328,-6.836489774286747e-08,-2.3508502636104822e-05,-0.00034125769161619246
1785523739234177800,57751111,13.9341402053833,-194.98753356933594,13.651537895202637,-0.16902826726436615,-0.4261731207370758,-0.3811279535293579,0.8028372526168823,-14.244046211242676,11.71324348449707,9.851251602172852,2.3757456801831722e-07,-2.1550185920204967e-05,0.00010706770262913778
1785523739247330400,57764514,14.12816333770752,-195.30238342285156,13.840502738952637,-0.16902826726436615,-0.4261731207370758,-0.3811279535293579,0.8028372526168823,-14.245759963989258,11.712297439575195,9.858562469482422,1.4265242498368025e-07,-2.033333294093609e-05,0.0002460824907757342
1785523739260947300,57764514,14.12816333770752,-195.30238342285156,13.840502738952637,-0.16902826726436615,-0.4261731207370758,-0.3811279535293579,0.8028372526168823,-14.245759963989258,11.712297439575195,9.858562469482422,1.4265242498368025e-07,-2.033333294093609e-05,0.0002460824907757342
1785523739274028500,57784488,14.25960922241211,-195.51585388183594,13.968632698059082,-0.16903024911880493,-0.42617425322532654,-0.3811268210411072,0.802836537361145,-14.248207092285156,11.71098804473877,9.869345664978027,4.752655513584614e-08,-1.847353996708989e-05,0.0002358983037993312
1785523739289886800,57797794,14.453827857971191,-195.83155822753906,14.158173561096191,-0.16903212666511536,-0.4261752665042877,-0.38112595677375793,0.8028360605239868,-14.249798774719238,11.710166931152344,9.876439094543457,1.0410076356492937e-07,-1.730889198370278e-05,0.0001482201332692057
1785523739304348600,57817632,14.584765434265137,-196.04452514648438,14.286049842834473,-0.16903212666511536,-0.4261752665042877,-0.38112595677375793,0.8028360605239868,-14.25219440460205,11.708884239196777,9.886835098266602,4.762750904774293e-08,-1.6182973922695965e-05,9.787660928850528e-06
1785523739316142500,57831146,14.776835441589355,-196.3572540283203,14.47386646270752,-0.16903279721736908,-0.426175981760025,-0.38112562894821167,0.8028358817100525,-14.25377082824707,11.708084106445312,9.8937349319458,1.0324220056645572e-07,-1.5065128536662087e-05,-4.9087819206761196e-05
1785523739332428200,57850917,14.909804344177246,-196.57394409179688,14.604008674621582,-0.16903279721736908,-0.426175981760025,-0.38112562894821167,0.8028358817100525,-14.256091117858887,11.706875801086426,9.903888702392578,1.1354131856933236e-07,-1.4167500921757892e-05,-7.115642074495554e-05
1785523739345448500,57864450,15.101874351501465,-196.8871612548828,14.792186737060547,-0.16903167963027954,-0.4261758029460907,-0.3811260163784027,0.8028360605239868,-14.257648468017578,11.70606803894043,9.910579681396484,1.6600097296759486e-08,-1.3267343092593364e-05,-5.466900984174572e-05
1785523739359766400,57864450,15.101874351501465,-196.8871612548828,14.792186737060547,-0.16903167963027954,-0.4261758029460907,-0.3811260163784027,0.8028360605239868,-14.257648468017578,11.70606803894043,9.910579681396484,1.6600097296759486e-08,-1.3267343092593364e-05,-5.466900984174572e-05
1785523739374478000,57897681,15.427069664001465,-197.4181671142578,15.111259460449219,-0.16903167963027954,-0.4261758029460907,-0.3811260163784027,0.8028360605239868,-14.260608673095703,11.704572677612305,9.92367172241211,-2.457090886309743e-08,-1.209376296174014e-05,-4.077422090631444e-06
1785523739388978000,57897801,15.427069664001465,-197.4181671142578,15.111259460449219,-0.16903167963027954,-0.4261758029460907,-0.3811260163784027,0.8028360605239868,-14.261344909667969,11.704205513000488,9.926952362060547,1.4134775483398698e-07,-1.1630991139099933e-05,5.505370154423872e-06
1785523739402070700,57919177,15.558749198913574,-197.63339233398438,15.240619659423828,-0.16903167963027954,-0.4261758029460907,-0.3811260163784027,0.8028360605239868,-14.263577461242676,11.703105926513672,9.936929702758789,2.9619059205288067e-08,-1.0601117537589744e-05,1.9206310753361322e-05
1785523739415966800,57931284,15.763827323913574,-197.96888732910156,15.442275047302246,-0.16903167963027954,-0.4261758029460907,-0.3811260163784027,0.8028360605239868,-14.26496410369873,11.702434539794922,9.943147659301758,-1.2544865057861898e-07,-9.916155249811709e-06,1.7589480194146745e-05
1785523739430350300,57951104,15.883437156677246,-198.16468811035156,15.559980392456055,-0.16903167963027954,-0.4261758029460907,-0.3811260163784027,0.8028360605239868,-14.266960144042969,11.701480865478516,9.952138900756836,-7.652306521777064e-08,-8.9421364464215e-06,8.47024148242781e-06
1785523739444753700,57964461,16.07581901550293,-198.47979736328125,15.749452590942383,-0.16903167963027954,-0.4261758029460907,-0.3811260163784027,0.8028360605239868,-14.26830768585205,11.700845718383789,9.95824909210205,2.3888333089416847e-08,-8.5052224676474e-06,1.7651640291660442e-06
1785523739457847000,57964461,16.07581901550293,-198.47979736328125,15.749452590942383,-0.16903167963027954,-0.4261758029460907,-0.3811260163784027,0.8028360605239868,-14.26830768585205,11.700845718383789,9.95824909210205,2.3888333089416847e-08,-8.5052224676474e-06,1.7651640291660442e-06
1785523739471342800,57984464,16.20667839050293,-198.69436645507812,15.8784761428833,-0.16903167963027954,-0.4261758029460907,-0.3811260163784027,0.8028360605239868,-14.270292282104492,11.699928283691406,9.967278480529785,4.550747689791024e-08,-7.823110536264721e-06,-4.217410605633631e-06
1785523739485608900,57997791,16.40003776550293,-199.0115966796875,16.069257736206055,-0.16903167963027954,-0.4261758029460907,-0.3811260163784027,0.8028360605239868,-14.271591186523438,11.699337005615234,9.973214149475098,2.7938767743762583e-08,-7.432311576849315e-06,-5.0780845413100906e-06
1785523739500113700,58017611,16.530351638793945,-199.22552490234375,16.197919845581055,-0.16903167963027954,-0.4261758029460907,-0.3811260163784027,0.8028360605239868,-14.273483276367188,11.698490142822266,9.981916427612305,1.9141089069307782e-07,-6.904311248945305e-06,-3.226652097509941e-06
1785523739513135700,58031116,16.72183609008789,-199.5400390625,16.387113571166992,-0.1690313071012497,-0.42617616057395935,-0.3811260759830475,0.8028357028961182,-14.274740219116211,11.697927474975586,9.98767375946045,7.447033567586914e-08,-6.401280188583769e-06,-1.3197128510000766e-06
1785523739527357500,58031116,16.72183609008789,-199.5400390625,16.387113571166992,-0.1690313071012497,-0.42617616057395935,-0.3811260759830475,0.8028357028961182,-14.274740219116211,11.697927474975586,9.98767375946045,7.447033567586914e-08,-6.401280188583769e-06,-1.3197128510000766e-06
1785523739541509500,58050921,16.853866577148438,-199.7571258544922,16.517709732055664,-0.1690313071012497,-0.42617616057395935,-0.3811260759830475,0.8028357028961182,-14.276567459106445,11.697139739990234,9.996156692504883,1.1971951607847586e-07,-5.850403795193415e-06,8.269433919849689e-07
1785523739556076400,58064486,17.045116424560547,-200.07174682617188,16.707012176513672,-0.1690313071012497,-0.42617616057395935,-0.3811260759830475,0.8028357028961182,-14.277767181396484,11.696630477905273,10.001758575439453,1.0973280950565822e-07,-5.549469278776087e-06,1.4063725757296197e-06
1785523739568529600,58084332,17.176992416381836,-200.2888641357422,16.837646484375,-0.1690313071012497,-0.42617616057395935,-0.3811260759830475,0.8028357028961182,-14.279525756835938,11.695897102355957,10.009990692138672,1.2996270015719347e-07,-4.912358690489782e-06,1.286383508158906e-06
1785523739582959500,58097783,17.368242263793945,-200.60389709472656,17.027225494384766,-0.1690313071012497,-0.42617616057395935,-0.3811260759830475,0.8028357028961182,-14.280679702758789,11.695427894592285,10.015420913696289,1.5099703887244686e-07,-4.702116711996496e-06,7.938205044411006e-07
1785523739595251400,58117674,17.499765396118164,-200.82066345214844,17.15767478942871,-0.1690313071012497,-0.42617616057395935,-0.3811260759830475,0.8028357028961182,-14.282369613647461,11.694748878479004,10.023421287536621,1.9604021872510202e-07,-4.373965566628613e-06,8.593906386522576e-08
1785523739608449300,58131150,17.691600799560547,-201.13702392578125,17.34807586669922,-0.1690313071012497,-0.42617616057395935,-0.3811260759830475,0.8028357028961182,-14.283476829528809,11.694314956665039,10.02868938446045,1.329817678197287e-07,-4.104967956664041e-06,-2.2041820102458587e-07
1785523739624172900,58131150,17.691600799560547,-201.13702392578125,17.34807586669922,-0.1690313071012497,-0.42617616057395935,-0.3811260759830475,0.8028357028961182,-14.283476829528809,11.694314956665039,10.02868938446045,1.329817678197287e-07,-4.104967956664041e-06,-2.2041820102458587e-07
1785523739636647600,58151039,17.822538375854492,-201.35304260253906,17.47811508178711,-0.1690313071012497,-0.42617616057395935,-0.3811260759830475,0.8028357028961182,-14.285099029541016,11.69369125366211,10.036436080932617,-1.6783815226517618e-07,-3.7568829611700494e-06,-5.112279950481025e-07
1785523739649795300,58164871,18.014141082763672,-201.66943359375,17.6685733795166,-0.1690313071012497,-0.42617616057395935,-0.3811260759830475,0.8028357028961182,-14.286178588867188,11.693286895751953,10.041629791259766,-6.539266905747354e-09,-3.6737806112796534e-06,-4.0065276607492706e-07
1785523739664291000,58184723,18.149179458618164,-201.8925323486328,17.80289077758789,-0.1690313071012497,-0.42617616057395935,-0.3811260759830475,0.8028357028961182,-14.287750244140625,11.692712783813477,10.049217224121094,6.131836016720627e-08,-3.127888703602366e-06,-8.40421989778406e-08
1785523739679497200,58197787,18.340194702148438,-202.20831298828125,17.993022918701172,-0.1690313071012497,-0.42617616057395935,-0.3811260759830475,0.8028357028961182,-14.2887544631958,11.692351341247559,10.054100036621094,8.538427209714428e-08,-2.9231109692773316e-06,9.351140306534944e-08
1785523739692947100,58197787,18.340194702148438,-202.20831298828125,17.993022918701172,-0.1690313071012497,-0.42617616057395935,-0.3811260759830475,0.8028357028961182,-14.2887544631958,11.692351341247559,10.054100036621094,8.538427209714428e-08,-2.9231109692773316e-06,9.351140306534944e-08
1785523739707354000,58217699,18.467538833618164,-202.41897583007812,18.119857788085938,-0.1690313071012497,-0.42617616057395935,-0.3811260759830475,0.8028357028961182,-14.290241241455078,11.691831588745117,10.061335563659668,1.392709236824885e-07,-2.6518223421589937e-06,3.2348759759770473e-07
1785523739721716900,58231091,18.659217834472656,-202.7362060546875,18.310882568359375,-0.1690313071012497,-0.42617616057395935,-0.3811260759830475,0.8028357028961182,-14.291219711303711,11.69149398803711,10.066141128540039,1.0367818958911812e-07,-2.5714762159623206e-06,4.567552878143033e-07
1785523739734525600,58250933,18.789531707763672,-202.9520263671875,18.440855026245117,-0.1690313071012497,-0.42617616057395935,-0.3811260759830475,0.8028357028961182,-14.292655944824219,11.691020965576172,10.073196411132812,6.235268301679753e-09,-2.4407761429756647e-06,5.435889534055605e-07
1785523739748413700,58264432,18.98027229309082,-203.26803588867188,18.631181716918945,-0.1690313071012497,-0.42617616057395935,-0.3811260759830475,0.8028357028961182,-14.293599128723145,11.690714836120605,10.07787036895752,4.638195605366491e-09,-2.4959804250102025e-06,4.811613507627044e-07
1785523739764276400,58284291,19.11164093017578,-203.48585510253906,18.762353897094727,-0.1690313071012497,-0.42617616057395935,-0.3811260759830475,0.8028357028961182,-14.294981002807617,11.690278053283691,10.084739685058594,1.4149236449156888e-07,-2.160692474717507e-06,1.5355607274614158e-07
1785523739777559000,58298108,19.30253791809082,-203.802490234375,18.95307159423828,-0.1690313071012497,-0.42617616057395935,-0.3811260759830475,0.8028357028961182,-14.295897483825684,11.689998626708984,10.089322090148926,2.978511020046426e-07,-2.0134589249209967e-06,-3.6915594137099106e-08
1785523739790346100,58298108,19.30253791809082,-203.802490234375,18.95307159423828,-0.1690313071012497,-0.42617616057395935,-0.3811260759830475,0.8028357028961182,-14.295897483825684,11.689998626708984,10.089322090148926,2.978511020046426e-07,-2.0134589249209967e-06,-3.6915594137099106e-08
1785523739804731400,58318054,19.43667984008789,-204.02511596679688,19.087162017822266,-0.1690313071012497,-0.42617616057395935,-0.3811260759830475,0.8028357028961182,-14.297228813171387,11.689603805541992,10.096025466918945,-2.5969984562834725e-07,-1.8888088106905343e-06,-3.0732422828805284e-08
1785523739821101700,58331173,19.627147674560547,-204.34140014648438,19.277690887451172,-0.1690313071012497,-0.42617616057395935,-0.3811260759830475,0.8028357028961182,-14.298088073730469,11.68935775756836,10.100360870361328,-3.759428182092961e-07,-1.854477091001172e-06,-2.724848968682636e-08
1785523739832671400,58351049,19.754961013793945,-204.5537872314453,19.4056339263916,-0.1690313071012497,-0.42617616057395935,-0.3811260759830475,0.8028357028961182,-14.299349784851074,11.689007759094238,10.106770515441895,-3.7060965496493736e-07,-1.6997229295157013e-06,1.8078168295687647e-08
1785523739846796900,58364467,19.945819854736328,-204.8710479736328,19.59676170349121,-0.1690313071012497,-0.42617616057395935,-0.3811260759830475,0.8028357028961182,-14.300185203552246,11.688783645629883,10.111026763916016,-2.7581461381487316e-07,-1.3737949302594643e-06,1.600452037564537e-08
1785523739861761400,58364467,19.945819854736328,-204.8710479736328,19.59676170349121,-0.1690313071012497,-0.42617616057395935,-0.3811260759830475,0.8028357028961182,-14.300185203552246,11.688783645629883,10.111026763916016,-2.7581461381487316e-07,-1.3737949302594643e-06,1.600452037564537e-08
1785523739875957400,58384429,20.076366424560547,-205.08811950683594,19.727548599243164,-0.1690313071012497,-0.42617616057395935,-0.3811260759830475,0.8028357028961182,-14.301408767700195,11.688467979431152,10.1173095703125,-1.771568349795416e-07,-1.1918632480956148e-06,1.3333732340470306e-08
1785523739889863500,58397830,20.268085479736328,-205.40716552734375,19.919769287109375,-0.1690313071012497,-0.42617616057395935,-0.3811260759830475,0.8028357028961182,-14.30220890045166,11.688268661499023,10.121434211730957,-1.3188241609896068e-07,-1.036608409776818e-06,1.180571018721821e-08
1785523739904135900,58417993,20.397655487060547,-205.6228485107422,20.04973602294922,-0.1690313071012497,-0.42617616057395935,-0.3811260759830475,0.8028357028961182,-14.303388595581055,11.68798828125,10.127548217773438,-8.455958777631167e-08,-1.0438437811899348e-06,9.828767133512883e-09
1785523739918242900,58431115,20.591014862060547,-205.94496154785156,20.24380874633789,-0.1690313071012497,-0.42617616057395935,-0.3811260759830475,0.8028357028961182,-14.30415153503418,11.687811851501465,10.131534576416016,-6.300933819147758e-08,-9.665027391747572e-07,8.7057117070799e-09
1785523739931386900,58451147,20.71859359741211,-206.15753173828125,20.37190818786621,-0.1690313071012497,-0.42617616057395935,-0.3811260759830475,0.8028357028961182,-14.30527114868164,11.687569618225098,10.137399673461914,-4.060945002493099e-08,-8.306508902933274e-07,7.262713097588858e-09
1785523739946235200,58464467,20.910194396972656,-206.4769287109375,20.56438446044922,-0.1690313071012497,-0.42617616057395935,-0.3811260759830475,0.8028357028961182,-14.306007385253906,11.68741512298584,10.141280174255371,-3.022404371222365e-08,-8.362820835827733e-07,6.429772270166723e-09
1785523739961386800,58464467,20.910194396972656,-206.4769287109375,20.56438446044922,-0.1690313071012497,-0.42617616057395935,-0.3811260759830475,0.8028357028961182,-14.306007385253906,11.68741512298584,10.141280174255371,-3.022404371222365e-08,-8.362820835827733e-07,6.429772270166723e-09
1785523739973425700,58484328,21.039804458618164,-206.693115234375,20.694658279418945,-0.1690313071012497,-0.42617616057395935,-0.3811260759830475,0.8028357028961182,-14.307085990905762,11.687202453613281,10.14697265625,-1.9472224721539533e-08,-8.901395176508231e-07,5.3632618346455274e-09
1785523739988302400,58497743,21.229999542236328,-207.01040649414062,20.88587760925293,-0.1690313071012497,-0.42617616057395935,-0.3811260759830475,0.8028357028961182,-14.30778694152832,11.687070846557617,10.150733947753906,-1.4495014966087183e-08,-9.273114187635656e-07,4.748471837956458e-09
1785523740002834500,58517641,21.36031150817871,-207.22792053222656,21.016977310180664,-0.1690313071012497,-0.42617616057395935,-0.3811260759830475,0.8028357028961182,-14.30882453918457,11.686885833740234,10.156274795532227,-9.319705895904917e-09,-7.95550249677035e-07,3.957694616474328e-09
1785523740014579100,58531082,21.551054000854492,-207.54647827148438,21.208953857421875,-0.1690313071012497,-0.42617616057395935,-0.3811260759830475,0.8028357028961182,-14.309502601623535,11.686772346496582,10.15992546081543,-6.936090812814655e-09,-7.415357572426728e-07,3.5037714951613452e-09
1785523740028966200,58550852,21.681055068969727,-207.7636260986328,21.3398380279541,-0.1690313071012497,-0.42617616057395935,-0.3811260759830475,0.8028357028961182,-14.310492515563965,11.686617851257324,10.16526985168457,-4.470280146051664e-09,-6.515584800581564e-07,2.9230022846604697e-09
1785523740043353800,58564446,21.87042999267578,-208.0802459716797,21.530664443969727,-0.1690313071012497,-0.42617616057395935,-0.3811260759830475,0.8028357028961182,-14.311142921447754,11.6865234375,10.16881275177002,-3.3256810638704337e-09,-6.343514087348012e-07,2.5873418962873984e-09
1785523740058636100,58564446,21.87042999267578,-208.0802459716797,21.530664443969727,-0.1690313071012497,-0.42617616057395935,-0.3811260759830475,0.8028357028961182,-14.311142921447754,11.6865234375,10.16881275177002,-3.3256810638704337e-09,-6.343514087348012e-07,2.5873418962873984e-09
1785523740071660400,58584535,22.001483917236328,-208.29940795898438,21.662757873535156,-0.1690313071012497,-0.42617616057395935,-0.3811260759830475,0.8028357028961182,-14.31209945678711,11.686391830444336,10.174059867858887,-2.130946086253971e-09,-6.508950605166319e-07,2.153527134396427e-09
1785523740086001200,58597838,22.1934757232666,-208.62057495117188,21.856351852416992,-0.1690313071012497,-0.42617616057395935,-0.3811260759830475,0.8028357028961182,-14.312725067138672,11.686317443847656,10.177486419677734,-1.5864998204051517e-09,-6.6836844325735e-07,1.9067698531216593e-09
1785523740101194500,58617713,22.322147369384766,-208.8358917236328,21.986122131347656,-0.1690313071012497,-0.42617616057395935,-0.3811260759830475,0.8028357028961182,-14.31363296508789,11.686212539672852,10.182517051696777,-1.0219878276984673e-09,-6.384751145560585e-07,1.5903651728876866e-09
1785523740114205900,58631133,22.512617111206055,-209.15480041503906,22.178354263305664,-0.1690313071012497,-0.42617616057395935,-0.3811260759830475,0.8028357028961182,-14.314229011535645,11.68615436553955,10.18583869934082,-7.607923180330545e-10,-6.246445423130353e-07,1.4081251720199361e-09
1785523740126753700,58631133,22.512617111206055,-209.15480041503906,22.178354263305664,-0.1690313071012497,-0.42617616057395935,-0.3811260759830475,0.8028357028961182,-14.314229011535645,11.68615436553955,10.18583869934082,-7.607923180330545e-10,-6.246445423130353e-07,1.4081251720199361e-09
1785523740142792700,58664461,22.832773208618164,-209.69119262695312,22.501693725585938,-0.1690313071012497,-0.42617616057395935,-0.3811260759830475,0.8028357028961182,-14.315673828125,11.686036109924316,10.193954467773438,-3.6430947147891857e-10,-6.291828640314634e-07,1.0392113836132921e-09
1785523740155818800,58664461,22.832773208618164,-209.69119262695312,22.501693725585938,-0.1690313071012497,-0.42617616057395935,-0.3811260759830475,0.8028357028961182,-14.315673828125,11.686036109924316,10.193954467773438,-3.6430947147891857e-10,-6.291828640314634e-07,1.0392113836132921e-09
1785523740169122500,58684485,22.962305068969727,-209.90835571289062,22.632606506347656,-0.1690313071012497,-0.42617616057395935,-0.3811260759830475,0.8028357028961182,-14.316512107849121,11.685978889465332,10.198700904846191,-2.3430857254425064e-10,-7.216657422759454e-07,8.660379080538405e-10
1785523740183349800,58698036,23.153085708618164,-210.2283477783203,22.825496673583984,-0.1690313071012497,-0.42617616057395935,-0.3811260759830475,0.8028357028961182,-14.31706428527832,11.685949325561523,10.201822280883789,-1.7433876564609818e-10,-7.612516128574498e-07,7.667324553040089e-10
1785523740197592400,58717878,23.282304763793945,-210.4451141357422,22.956167221069336,-0.1690313071012497,-0.42617616057395935,-0.3811260759830475,0.8028357028961182,-14.317867279052734,11.685916900634766,10.206428527832031,3.97458848055976e-08,-7.970138540258631e-07,4.427045041666133e-08
1785523740212230400,58731294,23.47343635559082,-210.76589965820312,23.149539947509766,-0.1690313071012497,-0.42617616057395935,-0.3811260759830475,0.8028357028961182,-14.318388938903809,11.685901641845703,10.209453582763672,6.395606533260434e-08,-7.08325728737691e-07,1.2433180529569654e-07
1785523740225101700,58731294,23.47343635559082,-210.76589965820312,23.149539947509766,-0.1690313071012497,-0.42617616057395935,-0.3811260759830475,0.8028357028961182,-14.318388938903809,11.685901641845703,10.209453582763672,6.395606533260434e-08,-7.08325728737691e-07,1.2433180529569654e-07
1785523740240920200,58752682,23.60218620300293,-210.9820098876953,23.279829025268555,-0.1690313071012497,-0.42617616057395935,-0.3811260759830475,0.8028357028961182,-14.319196701049805,11.685890197753906,10.214128494262695,1.4879367427056422e-07,-5.464795549414703e-07,5.0729994427456404e-08
1785523740253633100,58764725,23.807147979736328,-211.3262481689453,23.48735237121582,-0.1690313071012497,-0.42617616057395935,-0.3811260759830475,0.8028357028961182,-14.319692611694336,11.68588924407959,10.217025756835938,1.1114644848930766e-07,-4.082114060111053e-07,4.4978719415667e-08
1785523740266625100,58785771,23.92378807067871,-211.522216796875,23.60550308227539,-0.1690313071012497,-0.42617616057395935,-0.3811260759830475,0.8028357028961182,-14.320426940917969,11.685895919799805,10.221328735351562,7.157030523785579e-08,-2.6285854914931406e-07,3.7511483697016956e-08
1785523740282374900,58798035,24.12289047241211,-211.85675048828125,23.807167053222656,-0.1690313071012497,-0.42617616057395935,-0.3811260759830475,0.8028357028961182,-14.320901870727539,11.685909271240234,10.22412109375,5.356721288762856e-08,-1.9673808537845616e-07,3.328402442548395e-08
1785523740296564500,58818055,24.24187469482422,-212.05679321289062,23.92776870727539,-0.1690313071012497,-0.42617616057395935,-0.3811260759830475,0.8028357028961182,-14.321586608886719,11.685934066772461,10.22821044921875,3.4833426809655066e-08,-1.2793390169463237e-07,2.7865489471423643e-08
1785523740309066400,58831296,24.43324089050293,-212.37855529785156,24.12173843383789,-0.1690313071012497,-0.42617616057395935,-0.3811260759830475,0.8028357028961182,-14.322049140930176,11.685955047607422,10.23095703125,2.5952115123573094e-08,-9.531516553806796e-08,2.4679984278463962e-08
1785523740323935300,58831296,24.43324089050293,-212.37855529785156,24.12173843383789,-0.1690313071012497,-0.42617616057395935,-0.3811260759830475,0.8028357028961182,-14.322049140930176,11.685955047607422,10.23095703125,2.5952115123573094e-08,-9.531516553806796e-08,2.4679984278463962e-08
1785523740336994200,58851364,24.561054229736328,-212.59356689453125,24.251371383666992,-0.1690313071012497,-0.42617616057395935,-0.3811260759830475,0.8028357028961182,-14.322721481323242,11.685998916625977,10.23501968383789,1.66834599468757e-08,-6.127387308652033e-08,2.056849979226172e-08
1785523740352190700,58864657,24.752655029296875,-212.91595458984375,24.44572639465332,-0.1690313071012497,-0.42617616057395935,-0.3811260759830475,0.8028357028961182,-14.323164939880371,11.686033248901367,10.237686157226562,1.2424122175502816e-08,-4.563047184547031e-08,1.8213910379927256e-08
1785523740364939000,58884612,24.880624771118164,-213.13128662109375,24.5755558013916,-0.1690313071012497,-0.42617616057395935,-0.3811260759830475,0.8028357028961182,-14.323806762695312,11.686090469360352,10.241616249084473,7.989219064086228e-09,-2.9342253071718005e-08,1.518134418176942e-08
1785523740379539500,58897947,25.071874618530273,-213.4532928466797,24.769681930541992,-0.1690313071012497,-0.42617616057395935,-0.3811260759830475,0.8028357028961182,-14.324228286743164,11.686136245727539,10.244202613830566,5.950072434757203e-09,-2.185300829182779e-08,1.3443920643396723e-08
1785523740392448700,58897947,25.071874618530273,-213.4532928466797,24.769681930541992,-0.1690313071012497,-0.42617616057395935,-0.3811260759830475,0.8028357028961182,-14.324228286743164,11.686136245727539,10.244202613830566,5.950072434757203e-09,-2.185300829182779e-08,1.3443920643396723e-08
1785523740406710400,58918276,25.199920654296875,-213.6688995361328,24.89967155456543,-0.1690313071012497,-0.42617616057395935,-0.3811260759830475,0.8028357028961182,-14.324851989746094,11.686210632324219,10.248047828674316,3.8095619991906915e-09,-1.3991490632747627e-08,1.1186368276128178e-08
1785523740422424100,58931333,25.393632888793945,-213.99526977539062,25.0964298248291,-0.1690313071012497,-0.42617616057395935,-0.3811260759830475,0.8028357028961182,-14.3252534866333,11.686264038085938,10.250545501708984,2.8395124029856333e-09,-1.0428760077729748e-08,9.909318698930747e-09
1785523740434274300,58951739,25.519256591796875,-214.20703125,25.22408103942871,-0.1690313071012497,-0.42617616057395935,-0.3811260759830475,0.8028357028961182,-14.325845718383789,11.68635082244873,10.254256248474121,1.821154671510783e-09,-6.688603448878894e-09,8.250941263554523e-09
1785523740448801000,58964518,25.71367073059082,-214.53468322753906,25.421615600585938,-0.1690313071012497,-0.42617616057395935,-0.3811260759830475,0.8028357028961182,-14.3262300491333,11.686416625976562,10.256670951843262,1.3582166502601467e-09,-4.9883590591548455e-09,7.310695604445527e-09
1785523740461589000,58984606,25.83835792541504,-214.744873046875,25.548343658447266,-0.1690313071012497,-0.42617616057395935,-0.3811260759830475,0.8028357028961182,-14.326786041259766,11.686517715454102,10.26021671295166,8.771504633742211e-10,-3.2215323741979773e-09,6.103839211846207e-09
1785523740474708400,58997910,26.02925682067871,-215.06678771972656,25.742416381835938,-0.1690313071012497,-0.42617616057395935,-0.3811260759830475,0.8028357028961182,-14.327155113220215,11.686590194702148,10.26257038116455,6.531082341609817e-10,-2.3986874708725736e-09,5.404763747662855e-09
1785523740488790700,58997910,26.02925682067871,-215.06678771972656,25.742416381835938,-0.1690313071012497,-0.42617616057395935,-0.3811260759830475,0.8028357028961182,-14.327155113220215,11.686590194702148,10.26257038116455,6.531082341609817e-10,-2.3986874708725736e-09,5.404763747662855e-09
1785523740501679100,59017758,26.15753936767578,-215.283203125,25.87287139892578,-0.1690313071012497,-0.42617616057395935,-0.3811260759830475,0.8028357028961182,-14.327692031860352,11.686704635620117,10.266023635864258,4.20778523135823e-10,-1.5454020285687875e-09,4.5082848565414224e-09
1785523740515680200,59031312,26.347030639648438,-215.60304260253906,26.065692901611328,-0.1690313071012497,-0.42617616057395935,-0.3811260759830475,0.8028357028961182,-14.328041076660156,11.686786651611328,10.268306732177734,3.1318825310933107e-10,-1.1502532260010412e-09,3.9913738980601465e-09
1785523740529748600,59051989,26.47640609741211,-215.82142639160156,26.19734764099121,-0.1690313071012497,-0.42617616057395935,-0.3811260759830475,0.8028357028961182,-14.328563690185547,11.686910629272461,10.271709442138672,2.000703491766842e-10,-7.348022190711845e-10,3.318186836409609e-09
1785523740544244800,59064723,26.670116424560547,-216.14854431152344,26.394559860229492,-0.1690313071012497,-0.42617616057395935,-0.3811260759830475,0.8028357028961182,-14.328895568847656,11.687000274658203,10.273911476135254,1.4912104884245991e-10,-5.476787912073178e-10,2.9393438794045323e-09
1785523740558498300,59064723,26.670116424560547,-216.14854431152344,26.394559860229492,-0.1690313071012497,-0.42617616057395935,-0.3811260759830475,0.8028357028961182,-14.328895568847656,11.687000274658203,10.273911476135254,1.4912104884245991e-10,-5.476787912073178e-10,2.9393438794045323e-09
1785523740572819400,59085360,26.795507431030273,-216.3603057861328,26.522220611572266,-0.1690313071012497,-0.42617616057395935,-0.3811260759830475,0.8028357028961182,-14.32939338684082,11.687140464782715,10.27720832824707,9.52989909208668e-11,-3.500049139404382e-10,2.4439823498312307e-09
1785523740586916900,59098010,26.991912841796875,-216.69212341308594,26.72225570678711,-0.1690313071012497,-0.42617616057395935,-0.3811260759830475,0.8028357028961182,-14.3297119140625,11.68723201751709,10.279330253601074,7.112965771938207e-11,-2.6123836427416336e-10,2.166155477212328e-09
1785523740600971300,59117963,27.114336013793945,-216.89894104003906,26.846933364868164,-0.1690313071012497,-0.42617616057395935,-0.3811260759830475,0.8028357028961182,-14.33017349243164,11.687379837036133,10.28243637084961,4.6041115364658936e-11,-1.6909473821158372e-10,1.810195882079313e-09
1785523740616724900,59131335,27.305233001708984,-217.2216033935547,27.041439056396484,-0.1690313071012497,-0.42617616057395935,-0.3811260759830475,0.8028357028961182,-14.330474853515625,11.687480926513672,10.284509658813477,3.42800787755948e-11,-1.2589984610400506e-10,1.6028496307995965e-09
1785523740629415900,59151488,27.43324089050293,-217.43800354003906,27.171903610229492,-0.1690313071012497,-0.42617616057395935,-0.3811260759830475,0.8028357028961182,-14.330924034118652,11.68763542175293,10.28757381439209,2.200223336856766e-11,-8.080691671352724e-11,1.3349914507188032e-09
1785523740643712400,59164584,27.62495994567871,-217.76220703125,27.367338180541992,-0.1690313071012497,-0.42617616057395935,-0.3811260759830475,0.8028357028961182,-14.331212997436523,11.687742233276367,10.289575576782227,1.6398687963103953e-11,-6.022671250605072e-11,1.1825561641032323e-09
1785523740656395400,59164584,27.62495994567871,-217.76220703125,27.367338180541992,-0.1690313071012497,-0.42617616057395935,-0.3811260759830475,0.8028357028961182,-14.331212997436523,11.687742233276367,10.289575576782227,1.6398687963103953e-11,-6.022671250605072e-11,1.1825561641032323e-09
1785523740669747600,59184543,27.751522064208984,-217.97630310058594,27.496400833129883,-0.1690313071012497,-0.42617616057395935,-0.3811260759830475,0.8028357028961182,-14.331636428833008,11.687909126281738,10.292522430419922,1.0565465169420918e-11,-3.8803349422522615e-11,9.864181693686191e-10
1785523740686494100,59197858,27.941951751708984,-218.29847717285156,27.69060516357422,-0.1690313071012497,-0.42617616057395935,-0.3811260759830475,0.8028357028961182,-14.331912994384766,11.688020706176758,10.294466018676758,7.867179130371937e-12,-2.889322114896231e-11,8.73455974215176e-10
1785523740697776400,59217878,28.070077896118164,-218.5153045654297,27.82132339477539,-0.1690313071012497,-0.42617616057395935,-0.3811260759830475,0.8028357028961182,-14.332321166992188,11.68819522857666,10.297332763671875,5.059008767460682e-12,-1.857980436170692e-11,7.280326341785326e-10
1785523740710575400,59231056,28.26038932800293,-218.83749389648438,28.01553726196289,-0.1690313071012497,-0.42617616057395935,-0.3811260759830475,0.8028357028961182,-14.332585334777832,11.688311576843262,10.299213409423828,3.767208767158081e-12,-1.3835488310576238e-11,6.446773115342808e-10
1785523740724785400,59231056,28.26038932800293,-218.83749389648438,28.01553726196289,-0.1690313071012497,-0.42617616057395935,-0.3811260759830475,0.8028357028961182,-14.332585334777832,11.688311576843262,10.299213409423828,3.767208767158081e-12,-1.3835488310576238e-11,6.446773115342808e-10
1785523740739641200,59251026,28.38847541809082,-219.0543670654297,28.14625358581543,-0.1690313071012497,-0.42617616057395935,-0.3811260759830475,0.8028357028961182,-14.332967758178711,11.688492774963379,10.301979064941406,2.4275303989185204e-12,-8.9152574211937e-12,5.377795431193988e-10
1785523740752280400,59264556,28.577577590942383,-219.37457275390625,28.33926773071289,-0.1690313071012497,-0.42617616057395935,-0.3811260759830475,0.8028357028961182,-14.333222389221191,11.688618659973145,10.303808212280273,1.8060275497333578e-12,-6.63269439371561e-12,4.760354332944416e-10
1785523740766680100,59284592,28.70718765258789,-219.59405517578125,28.471586227416992,-0.1690313071012497,-0.42617616057395935,-0.3811260759830475,0.8028357028961182,-14.333588600158691,11.688809394836426,10.306516647338867,1.1573936253839179e-12,-4.250488849777412e-12,3.9624190040221663e-10
1785523740780725700,59298085,28.89839744567871,-219.91798400878906,28.666826248168945,-0.1690313071012497,-0.42617616057395935,-0.3811260759830475,0.8028357028961182,-14.333830833435059,11.688933372497559,10.308294296264648,8.596040546038353e-13,-3.1568359037947857e-12,3.5051112012851604e-10
1785523740794946300,59317675,29.027929306030273,-220.137451171875,28.799110412597656,-0.1690313071012497,-0.42617616057395935,-0.3811260759830475,0.8028357028961182,-14.334175109863281,11.689127922058105,10.310869216918945,5.556596849309869e-13,-2.0405344081098065e-12,2.927542652741977e-10
1785523740808259000,59317675,29.027929306030273,-220.137451171875,28.799110412597656,-0.1690313071012497,-0.42617616057395935,-0.3811260759830475,0.8028357028961182,-14.334175109863281,11.689127922058105,10.310869216918945,5.556596849309869e-13,-2.0405344081098065e-12,2.927542652741977e-10
1785523740822710300,59332545,29.213905334472656,-220.45269775390625,28.989120483398438,-0.1690313071012497,-0.42617616057395935,-0.3811260759830475,0.8028357028961182,-14.334397315979004,11.689258575439453,10.312576293945312,4.1416176044251074e-13,-1.520894521434002e-12,2.5933205582973073e-10
1785523740838261700,59351227,29.343984603881836,-220.67320251464844,29.12201499938965,-0.1690313071012497,-0.42617616057395935,-0.3811260759830475,0.8028357028961182,-14.334732055664062,11.689458847045898,10.315101623535156,2.659261699733406e-13,-9.765382946724799e-13,2.1602468425196975e-10
1785523740852885500,59364545,29.533592224121094,-220.99464416503906,29.31576156616211,-0.1690313071012497,-0.42617616057395935,-0.3811260759830475,0.8028357028961182,-14.334949493408203,11.689594268798828,10.316760063171387,1.9799439865408885e-13,-7.270156698879759e-13,1.912753150312696e-10
1785523740865664400,59384567,29.662147521972656,-221.212646484375,29.44715690612793,-0.1690313071012497,-0.42617616057395935,-0.3811260759830475,0.8028357028961182,-14.335264205932617,11.689801216125488,10.319205284118652,1.2716910857690777e-13,-4.66945926369533e-13,1.5935427977176175e-10
1785523740879801600,59397940,29.852577209472656,-221.5357208251953,29.641874313354492,-0.1690313071012497,-0.42617616057395935,-0.3811260759830475,0.8028357028961182,-14.335468292236328,11.689939498901367,10.32081127166748,9.467426842491022e-14,-3.4763858458575214e-13,1.410988825778503e-10
1785523740894977300,59397940,29.852577209472656,-221.5357208251953,29.641874313354492,-0.1690313071012497,-0.42617616057395935,-0.3811260759830475,0.8028357028961182,-14.335468292236328,11.689939498901367,10.32081127166748,9.467426842491022e-14,-3.4763858458575214e-13,1.410988825778503e-10
1785523740909221200,59417908,29.98046875,-221.752685546875,29.77264976501465,-0.1690313071012497,-0.42617616057395935,-0.3811260759830475,0.8028357028961182,-14.335766792297363,11.690150260925293,10.323173522949219,6.09061412415457e-14,-2.2361279494731434e-13,1.1762110729840458e-10
1785523740923385500,59431264,30.170429229736328,-222.0751190185547,29.966957092285156,-0.1690313071012497,-0.42617616057395935,-0.3811260759830475,0.8028357028961182,-14.335960388183594,11.69029426574707,10.324726104736328,4.53560800028896e-14,-1.6651957590596567e-13,1.0415664164487026e-10
1785523740937996100,59451424,30.298397064208984,-222.2922821044922,30.09784507751465,-0.1690313071012497,-0.42617616057395935,-0.3811260759830475,0.8028357028961182,-14.336243629455566,11.690507888793945,10.327022552490234,2.9119068267746684e-14,-1.0688672169578695e-13,8.675517249034925e-11
1785523740950339500,59464517,30.489530563354492,-222.61672973632812,30.29338264465332,-0.1690313071012497,-0.42617616057395935,-0.3811260759830475,0.8028357028961182,-14.336429595947266,11.690653800964355,10.328523635864258,2.1690982343613996e-14,-7.962380754733545e-14,7.683510078182465e-11
1785523740964666300,59484559,30.616405487060547,-222.83213806152344,30.423192977905273,-0.1690313071012497,-0.42617616057395935,-0.3811260759830475,0.8028357028961182,-14.336690902709961,11.690873146057129,10.330738067626953,1.3966258705089274e-14,-5.124026203340293e-14,6.406037506012652e-11
1785523740977824400,59497811,30.806835174560547,-223.15550231933594,30.618070602416992,-0.1690313071012497,-0.42617616057395935,-0.3811260759830475,0.8028357028961182,-14.336867332458496,11.691020965576172,10.332193374633789,1.0394463068053028e-14,-3.814656923672999e-14,5.67240490689791e-11
1785523740992010100,59497811,30.806835174560547,-223.15550231933594,30.618070602416992,-0.1690313071012497,-0.42617616057395935,-0.3811260759830475,0.8028357028961182,-14.336867332458496,11.691020965576172,10.332193374633789,1.0394463068053028e-14,-3.814656923672999e-14,5.67240490689791e-11
1785523741006104600,59517965,30.9345703125,-223.3723907470703,30.7487735748291,-0.1690313071012497,-0.42617616057395935,-0.3811260759830475,0.8028357028961182,-14.33712100982666,11.691245079040527,10.33434772491455,6.673481212082777e-15,-2.4490826033840563e-14,4.724837188163633e-11
1785523741019398000,59531161,31.12582015991211,-223.6971893310547,30.944501876831055,-0.1690313071012497,-0.42617616057395935,-0.3811260759830475,0.8028357028961182,-14.337284088134766,11.691394805908203,10.335755348205566,4.973452205625506e-15,-1.823888262642015e-14,4.184095431236656e-11
1785523741033598900,59551138,31.25277328491211,-223.9129180908203,31.074501037597656,-0.1690313071012497,-0.42617616057395935,-0.3811260759830475,0.8028357028961182,-14.337522506713867,11.691619873046875,10.337827682495117,3.2031668983911743e-15,-1.174060848541103e-14,3.4890302452739164e-11
1785523741048548600,59564478,31.442733764648438,-224.2357940673828,31.26905632019043,-0.1690313071012497,-0.42617616057395935,-0.3811260759830475,0.8028357028961182,-14.337677955627441,11.69177532196045,10.339193344116211,2.3843774177301214e-15,-8.741271595447131e-15,3.0895657560092715e-11
1785523741062928300,59584367,31.570547103881836,-224.45306396484375,31.399974822998047,-0.1690313071012497,-0.42617616057395935,-0.3811260759830475,0.8028357028961182,-14.33790397644043,11.692004203796387,10.34119701385498,1.5378323614534395e-15,-5.627442956068762e-15,2.576534992304591e-11
1785523741075866200,59597766,31.759765625,-224.77464294433594,31.593753814697266,-0.1690313071012497,-0.42617616057395935,-0.3811260759830475,0.8028357028961182,-14.338048934936523,11.692157745361328,10.342517852783203,1.1440501324067043e-15,-4.187622471008012e-15,2.2812711789055307e-11
1785523741087918900,59597766,31.759765625,-224.77464294433594,31.593753814697266,-0.1690313071012497,-0.42617616057395935,-0.3811260759830475,0.8028357028961182,-14.338048934936523,11.692157745361328,10.342517852783203,1.1440501324067043e-15,-4.187622471008012e-15,2.2812711789055307e-11
1785523741103489000,59617584,31.88835906982422,-224.99325561523438,31.725473403930664,-0.1690313071012497,-0.42617616057395935,-0.3811260759830475,0.8028357028961182,-14.33825969696045,11.692389488220215,10.34445858001709,7.389922007661198e-16,-2.6957602816679582e-15,1.9025635233926863e-11
1785523741118236900,59631238,32.07691192626953,-225.31378173828125,31.918601989746094,-0.1690313071012497,-0.42617616057395935,-0.3811260759830475,0.8028357028961182,-14.338395118713379,11.692546844482422,10.345743179321289,5.486062992776652e-16,-2.0044729764912006e-15,1.6840704178400223e-11
1785523741132818600,59651159,32.206443786621094,-225.53411865234375,32.05135726928711,-0.1690313071012497,-0.42617616057395935,-0.3811260759830475,0.8028357028961182,-14.33859634399414,11.692782402038574,10.347635269165039,3.5344990823027445e-16,-1.285430095698814e-15,1.4025981764920203e-11
1785523741145501700,59664505,32.39628982543945,-225.85694885253906,32.24586486816406,-0.1690313071012497,-0.42617616057395935,-0.3811260759830475,0.8028357028961182,-14.338726997375488,11.692938804626465,10.348873138427734,2.6281060661048627e-16,-9.566999970012091e-16,1.241951593650148e-11
1785523741160209000,59664505,32.39628982543945,-225.85694885253906,32.24586486816406,-0.1690313071012497,-0.42617616057395935,-0.3811260759830475,0.8028357028961182,-14.338726997375488,11.692938804626465,10.348873138427734,2.6281060661048627e-16,-9.566999970012091e-16,1.241951593650148e-11
1785523741172673200,59684580,32.52425765991211,-226.07460021972656,32.37701416015625,-0.1690313071012497,-0.42617616057395935,-0.3811260759830475,0.8028357028961182,-14.33891487121582,11.69317626953125,10.350702285766602,1.691355389077387e-16,-6.140921104957897e-16,1.03466402112673e-11
1785523741185417300,59697772,32.714805603027344,-226.39878845214844,32.572322845458984,-0.1690313071012497,-0.42617616057395935,-0.3811260759830475,0.8028357028961182,-14.339035987854004,11.693337440490723,10.351897239685059,1.2620113287731272e-16,-4.570996359198887e-16,9.16335930745138e-12
1785523741201296700,59717771,32.841835021972656,-226.61497497558594,32.702571868896484,-0.1690313071012497,-0.42617616057395935,-0.3811260759830475,0.8028357028961182,-14.33920955657959,11.693573951721191,10.353656768798828,8.196568423990414e-17,-2.940356291780688e-16,7.641599159002865e-12
1785523741213653000,59731130,33.0314826965332,-226.937744140625,32.897029876708984,-0.1690313071012497,-0.42617616057395935,-0.3811260759830475,0.8028357028961182,-14.339323997497559,11.693735122680664,10.354819297790527,6.114900252818245e-17,-2.185751579730777e-16,6.7658031954742626e-12
1785523741229225900,59731130,33.0314826965332,-226.937744140625,32.897029876708984,-0.1690313071012497,-0.42617616057395935,-0.3811260759830475,0.8028357028961182,-14.339323997497559,11.693735122680664,10.354819297790527,6.114900252818245e-17,-2.185751579730777e-16,6.7658031954742626e-12
1785523741241692100,59764513,33.352577209472656,-227.48416137695312,33.226200103759766,-0.1690313071012497,-0.42617616057395935,-0.3811260759830475,0.8028357028961182,-14.339595794677734,11.694135665893555,10.357664108276367,2.970713952610282e-17,-1.0408340855860843e-16,4.985162022769218e-12
1785523741257894800,59764513,33.352577209472656,-227.48416137695312,33.226200103759766,-0.1690313071012497,-0.42617616057395935,-0.3811260759830475,0.8028357028961182,-14.339595794677734,11.694135665893555,10.357664108276367,2.970713952610282e-17,-1.0408340855860843e-16,4.985162022769218e-12
1785523741270276500,59784695,33.477420806884766,-227.69671630859375,33.354248046875,-0.1690313071012497,-0.42617616057395935,-0.3811260759830475,0.8028357028961182,-14.339750289916992,11.694375991821289,10.359310150146484,1.8973538018496328e-17,-6.657001339060997e-17,4.157028887785685e-12
1785523741284238500,59797883,33.66878890991211,-228.02249145507812,33.550506591796875,-0.1690313071012497,-0.42617616057395935,-0.3811260759830475,0.8028357028961182,-14.339848518371582,11.694537162780762,10.360393524169922,1.431146867680866e-17,-4.96564594998361e-17,3.681454446846644e-12
1785523741297422000,59817884,33.79527282714844,-228.2379608154297,33.680294036865234,-0.1690313071012497,-0.42617616057395935,-0.3811260759830475,0.8028357028961182,-14.33999252319336,11.694778442382812,10.361989974975586,9.324138683375338e-18,-3.187554387107383e-17,3.0704562156702586e-12
1785523741313399900,59831128,33.98500061035156,-228.56117248535156,33.8749885559082,-0.1690313071012497,-0.42617616057395935,-0.3811260759830475,0.8028357028961182,-14.34008502960205,11.694939613342285,10.363039016723633,7.047314121155779e-18,-2.3635607360183997e-17,2.7192089725736057e-12
1785523741326320600,59831128,33.98500061035156,-228.56117248535156,33.8749885559082,-0.1690313071012497,-0.42617616057395935,-0.3811260759830475,0.8028357028961182,-14.34008502960205,11.694939613342285,10.363039016723633,7.047314121155779e-18,-2.3635607360183997e-17,2.7192089725736057e-12
1785523741341115300,59851134,34.11249923706055,-228.77838134765625,34.00582504272461,-0.1690313071012497,-0.42617616057395935,-0.3811260759830475,0.8028357028961182,-14.340217590332031,11.695182800292969,10.364583969116211,4.607859233063394e-18,-1.5178830414797062e-17,2.2667852837832125e-12
1785523741354300800,59864449,34.30222702026367,-229.1016387939453,34.20053482055664,-0.1690313071012497,-0.42617616057395935,-0.3811260759830475,0.8028357028961182,-14.340303421020508,11.69534683227539,10.3656005859375,3.3610267347050637e-18,-1.0950441942103595e-17,2.006982253999201e-12
1785523741368780700,59884392,34.43019485473633,-229.31971740722656,34.33189392089844,-0.1690313071012497,-0.42617616057395935,-0.3811260759830475,0.8028357028961182,-14.34042739868164,11.695586204528809,10.367094993591309,2.2768245622195593e-18,-7.15573433840433e-18,1.6734562954118237e-12
1785523741381585700,59897728,34.61921691894531,-229.64175415039062,34.5258674621582,-0.1690313071012497,-0.42617616057395935,-0.3811260759830475,0.8028357028961182,-14.340505599975586,11.695749282836914,10.368080139160156,1.8431436932253575e-18,-5.095750210681871e-18,1.4817259832294871e-12
1785523741397571800,59917654,34.74757766723633,-229.86053466796875,34.65764617919922,-0.1690313071012497,-0.42617616057395935,-0.3811260759830475,0.8028357028961182,-14.340620040893555,11.695993423461914,10.369522094726562,1.1926223897340549e-18,-3.144186300207963e-18,1.2357942360402552e-12
1785523741409679900,59931094,34.93589782714844,-230.1814727783203,34.850948333740234,-0.1690313071012497,-0.42617616057395935,-0.3811260759830475,0.8028357028961182,-14.340696334838867,11.69615650177002,10.370473861694336,8.944667923005412e-19,-2.3852447794681098e-18,1.0939642204263467e-12
1785523741424079400,59931094,34.93589782714844,-230.1814727783203,34.850948333740234,-0.1690313071012497,-0.42617616057395935,-0.3811260759830475,0.8028357028961182,-14.340696334838867,11.69615650177002,10.370473861694336,8.944667923005412e-19,-2.3852447794681098e-18,1.0939642204263467e-12
1785523741438662200,59951031,35.06519317626953,-230.40182495117188,34.98365020751953,-0.1690313071012497,-0.42617616057395935,-0.3811260759830475,0.8028357028961182,-14.340799331665039,11.696399688720703,10.371875762939453,5.963111948670274e-19,-1.463672932855431e-18,9.117658884838509e-13
1785523741452924800,59964411,35.253868103027344,-230.7234344482422,35.17734909057617,-0.1690313071012497,-0.42617616057395935,-0.3811260759830475,0.8028357028961182,-14.340864181518555,11.696561813354492,10.372795104980469,4.87890977618477e-19,-1.0299920638612292e-18,8.072416433219098e-13
1785523741466542600,59984557,35.38257598876953,-230.94288635253906,35.30950927734375,-0.1690313071012497,-0.42617616057395935,-0.3811260759830475,0.8028357028961182,-14.340960502624512,11.696805953979492,10.374155044555664,3.2526065174565133e-19,-6.505213034913027e-19,6.723196218499927e-13
1785523741481348000,59997798,35.572654724121094,-231.26705932617188,35.50474548339844,-0.1690313071012497,-0.42617616057395935,-0.3811260759830475,0.8028357028961182,-14.341022491455078,11.696966171264648,10.375044822692871,2.710505431213761e-19,-4.87890977618477e-19,5.953431107472151e-13
1785523741495165200,59997798,35.572654724121094,-231.26705932617188,35.50474548339844,-0.1690313071012497,-0.42617616057395935,-0.3811260759830475,0.8028357028961182,-14.341022491455078,11.696966171264648,10.375044822692871,2.710505431213761e-19,-4.87890977618477e-19,5.953431107472151e-13
1785523741508378200,60017609,35.70000076293945,-231.4842987060547,35.63555908203125,-0.1690313071012497,-0.42617616057395935,-0.3811260759830475,0.8028357028961182,-14.34111213684082,11.697208404541016,10.376346588134766,1.7618285302889447e-19,-3.2526065174565133e-19,4.967290684679271e-13
1785523741522606200,60031057,35.88832092285156,-231.8055419921875,35.82902145385742,-0.1690313071012497,-0.42617616057395935,-0.3811260759830475,0.8028357028961182,-14.341167449951172,11.697371482849121,10.377208709716797,1.6263032587282567e-19,-2.168404344971009e-19,4.397483354019738e-13
1785523741536533200,60050956,36.017303466796875,-232.02561950683594,35.961551666259766,-0.1690313071012497,-0.42617616057395935,-0.3811260759830475,0.8028357028961182,-14.341245651245117,11.697614669799805,10.378475189208984,1.0842021724855044e-19,-1.3552527156068805e-19,3.666217720035836e-13
1785523741548090400,60064381,36.205623626708984,-232.34681701660156,36.15496826171875,-0.1690313071012497,-0.42617616057395935,-0.3811260759830475,0.8028357028961182,-14.341297149658203,11.697774887084961,10.379308700561523,9.486769009248164e-20,-5.421010862427522e-20,3.2454524094213677e-13
1785523741561164100,60084218,36.33480453491211,-232.56719970703125,36.28767395019531,-0.1690313071012497,-0.42617616057395935,-0.3811260759830475,0.8028357028961182,-14.34136962890625,11.698019027709961,10.38053035736084,7.453889935837843e-20,-2.710505431213761e-20,2.7066207348297455e-13
1785523741574531200,60097751,36.522422790527344,-232.8873748779297,36.48047637939453,-0.1690313071012497,-0.42617616057395935,-0.3811260759830475,0.8028357028961182,-14.341415405273438,11.69818115234375,10.381339073181152,6.098637220230962e-20,2.710505431213761e-20,2.3958677923541227e-13
1785523741590020300,60097751,36.522422790527344,-232.8873748779297,36.48047637939453,-0.1690313071012497,-0.42617616057395935,-0.3811260759830475,0.8028357028961182,-14.341415405273438,11.69818115234375,10.381339073181152,6.098637220230962e-20,2.710505431213761e-20,2.3958677923541227e-13
1785523741602830800,60117696,36.65210723876953,-233.10867309570312,36.61370849609375,-0.1690313071012497,-0.42617616057395935,-0.3811260759830475,0.8028357028961182,-14.341476440429688,11.698423385620117,10.382526397705078,3.3881317890172014e-20,0.0,1.996212304613762e-13
1785523741617757700,60131043,36.840782165527344,-233.4306640625,36.80759811401367,-0.1690313071012497,-0.42617616057395935,-0.3811260759830475,0.8028357028961182,-14.341522216796875,11.698587417602539,10.383304595947266,4.0657581468206416e-20,0.0,1.7673758507044668e-13
1785523741630320400,60150974,36.96937561035156,-233.6500701904297,36.93970489501953,-0.1690313071012497,-0.42617616057395935,-0.3811260759830475,0.8028357028961182,-14.341577529907227,11.698826789855957,10.384449005126953,2.710505431213761e-20,0.0,1.473668734784661e-13
1785523741644737700,60164440,37.15769577026367,-233.97157287597656,37.069610595703125,0.2339201420545578,0.43655291199684143,0.20043015480041504,-0.8452991247177124,-1.4067106246948242,18.585662841796875,2.7588343620300293,35.311805725097656,16.845081329345703,36.04354476928711
1785523741657852600,60164440,37.15769577026367,-233.97157287597656,37.069610595703125,0.2339201420545578,0.43655291199684143,0.20043015480041504,-0.8452991247177124,-1.4067106246948242,18.585662841796875,2.7588343620300293,35.311805725097656,16.845081329345703,36.04354476928711
1785523741671085500,60184310,37.28761672973633,-234.19207763671875,37.071598052978516,0.3433099389076233,0.42064571380615234,-0.12000343203544617,-0.8311405181884766,6.775055885314941,16.42635154724121,-6.147717475891113,20.72395133972168,9.701698303222656,29.571460723876953
1785523741686718600,60197845,37.48023223876953,-234.5096435546875,37.07259750366211,0.4617777168750763,0.35070210695266724,-0.43171805143356323,-0.6909332275390625,11.596796035766602,6.509100914001465,-13.120447158813477,13.63763427734375,4.798673629760742,25.647972106933594
1785523741698284900,60217893,37.61668014526367,-234.7230224609375,37.07259750366211,0.5291470289230347,0.29142147302627563,-0.5507984757423401,-0.5759322047233582,11.45117473602295,0.5409469604492188,-14.569727897644043,4.9439239501953125,0.4458885192871094,20.424785614013672
1785523741714195900,60231106,37.824920654296875,-235.02833557128906,37.0743293762207,0.6168102622032166,0.19749507308006287,-0.6288917660713196,-0.4301581382751465,10.08559799194336,-5.121215343475342,-14.654228210449219,0.529815673828125,-0.9745192527770996,17.19054412841797
1785523741727284300,60231106,37.824920654296875,-235.02833557128906,37.0743293762207,0.6168102622032166,0.19749507308006287,-0.6288917660713196,-0.4301581382751465,10.08559799194336,-5.121215343475342,-14.654228210449219,0.529815673828125,-0.9745192527770996,17.19054412841797
1785523741738840000,60251328,37.97050857543945,-235.22889709472656,37.07685852050781,0.664551317691803,0.1291598528623581,-0.6420407295227051,-0.35982340574264526,8.680633544921875,-6.692098617553711,-14.897056579589844,-2.3499698638916016,-0.8900693655014038,12.39979076385498
1785523741752690100,60264382,38.19734191894531,-235.52352905273438,37.08167266845703,0.7128081321716309,0.03667750954627991,-0.6387447118759155,-0.2873404324054718,7.003440856933594,-7.648416519165039,-15.281820297241211,-2.189115524291992,-0.8749023079872131,9.428519248962402
1785523741766864200,60284411,38.35132598876953,-235.71218872070312,37.08498764038086,0.7321698665618896,-0.008103668689727783,-0.6318283081054688,-0.2542726397514343,6.145027160644531,-7.432477951049805,-15.675804138183594,-1.3857502937316895,-0.7352171540260315,5.273828506469727
1785523741779440800,60297760,38.590232849121094,-235.98841857910156,37.09001922607422,0.7488675117492676,-0.04957585036754608,-0.6216262578964233,-0.22432231903076172,5.539270401000977,-7.225949287414551,-15.929952621459961,-1.0636091232299805,-0.5726567506790161,2.68578839302063
1785523741794107100,60297760,38.590232849121094,-235.98841857910156,37.09001922607422,0.7488675117492676,-0.04957585036754608,-0.6216262578964233,-0.22432231903076172,5.539270401000977,-7.225949287414551,-15.929952621459961,-1.0636091232299805,-0.5726567506790161,2.68578839302063
1785523741806506600,60317550,38.75703048706055,-236.17091369628906,37.093589782714844,0.7537676692008972,-0.0626094788312912,-0.6166535019874573,-0.21829523146152496,5.432219505310059,-6.679788112640381,-16.054031372070312,-0.940152645111084,-0.3532949686050415,-0.47238463163375854
1785523741822099900,60331077,39.003868103027344,-236.43067932128906,37.09977340698242,0.7545110583305359,-0.06640486419200897,-0.6121084094047546,-0.2272154837846756,5.618268013000488,-6.139254570007324,-16.03670883178711,-0.9948188066482544,-0.38000401854515076,-1.5640628337860107
1785523741836324000,60351193,39.17523193359375,-236.60760498046875,37.10540008544922,0.7530955672264099,-0.06401249766349792,-0.6091293692588806,-0.24023084342479706,5.883829116821289,-5.574162006378174,-15.859028816223145,-1.06985604763031,-0.5468761920928955,-1.6828653812408447
1785523741849100200,60364395,39.4228515625,-236.8606719970703,37.11582946777344,0.7515972256660461,-0.06068210303783417,-0.6034829616546631,-0.259283185005188,6.246641159057617,-4.909039497375488,-15.75211238861084,-1.0134981870651245,-0.5655859112739563,-1.157379388809204
1785523741861677900,60384358,39.5888671875,-237.0287322998047,37.12433624267578,0.7516686916351318,-0.06069269776344299,-0.5993505120277405,-0.2684948444366455,6.445307731628418,-4.417660713195801,-15.5482759475708,-0.8637918829917908,-0.4614320397377014,-0.19704484939575195
1785523741874997400,60397761,39.83195114135742,-237.27218627929688,37.138885498046875,0.753286600112915,-0.06464862823486328,-0.5937099456787109,-0.27547845244407654,6.6129608154296875,-3.9864070415496826,-15.420957565307617,-0.7934539318084717,-0.3927145004272461,0.2562617063522339
1785523741889029000,60397761,39.83195114135742,-237.27218627929688,37.138885498046875,0.753286600112915,-0.06464862823486328,-0.5937099456787109,-0.27547845244407654,6.6129608154296875,-3.9864070415496826,-15.420957565307617,-0.7934539318084717,-0.3927145004272461,0.2562617063522339
1785523741904772700,60417868,39.997615814208984,-237.4362030029297,37.149898529052734,0.7541549801826477,-0.06905235350131989,-0.5916655659675598,-0.27643072605133057,5.484453201293945,-3.6279306411743164,-14.97111701965332,-1.2446807622909546,1.9564133882522583,-0.9025057554244995
1785523741917035300,60431067,40.23308563232422,-237.66281127929688,37.1505241394043,0.7413614988327026,-0.07762621343135834,-0.6016550064086914,-0.2869994640350342,4.977306365966797,-2.9822580814361572,-15.181042671203613,-0.9616946578025818,-0.1994468867778778,-0.4659513235092163
1785523741931603100,60451012,40.39249801635742,-237.81082153320312,37.15024948120117,0.7422561049461365,-0.0797177255153656,-0.5974825620651245,-0.2927723526954651,5.051475524902344,-2.4794442653656006,-15.07176399230957,-0.33897721767425537,-0.6783820390701294,0.15600481629371643
1785523741945850500,60464362,40.62828063964844,-238.02423095703125,37.150718688964844,0.746391236782074,-0.08144362270832062,-0.5911720395088196,-0.2945888042449951,5.2055816650390625,-2.2370476722717285,-14.907890319824219,-0.1598890721797943,-0.19884200394153595,0.425994873046875
1785523741960993600,60464362,40.62828063964844,-238.02423095703125,37.150718688964844,0.746391236782074,-0.08144362270832062,-0.5911720395088196,-0.2945888042449951,5.2055816650390625,-2.2370476722717285,-14.907890319824219,-0.1598890721797943,-0.19884200394153595,0.425994873046875
1785523741973420000,60484212,40.78941345214844,-238.16734313964844,37.15140151977539,0.7477298378944397,-0.08398385345935822,-0.5897648930549622,-0.29329875111579895,5.1597700119018555,-2.0158796310424805,-14.729297637939453,-0.5821369886398315,-0.24778670072555542,0.35807928442955017
1785523741988419700,60497725,41.02328109741211,-238.37112426757812,37.15309143066406,0.7495055198669434,-0.08947718143463135,-0.5863150358200073,-0.2940576672554016,5.219552993774414,-1.7414133548736572,-14.627140998840332,-0.7510039806365967,-0.4915294647216797,0.19087886810302734
1785523742002834500,60518076,41.18515396118164,-238.50929260253906,37.155513763427734,0.75131756067276,-0.09288083016872406,-0.5821813941001892,-0.2965802550315857,5.331779479980469,-1.3752045631408691,-14.453489303588867,-0.6312258243560791,-0.4105425179004669,-0.03402543067932129
1785523742015329800,60531023,41.425819396972656,-238.71044921875,37.16095733642578,0.7530304193496704,-0.0962834358215332,-0.577178418636322,-0.3008984625339508,5.460553169250488,-1.0375638008117676,-14.325037002563477,-0.5138404369354248,-0.29730767011642456,-0.1094202995300293
1785523742029854400,60550774,41.580467224121094,-238.83694458007812,37.16558074951172,0.7535277605056763,-0.09771737456321716,-0.574925422668457,-0.30349308252334595,5.522624969482422,-0.7131686210632324,-14.167375564575195,-0.41951459646224976,-0.2109154760837555,-0.11686408519744873
1785523742043780400,60564356,41.814022064208984,-239.02371215820312,37.17417907714844,0.7539812922477722,-0.09955845773220062,-0.572185218334198,-0.3069271743297577,5.587657928466797,-0.42848873138427734,-14.053009033203125,-0.39976781606674194,-0.2017926424741745,-0.07856708765029907
1785523742058258400,60564356,41.814022064208984,-239.02371215820312,37.17417907714844,0.7539812922477722,-0.09955845773220062,-0.572185218334198,-0.3069271743297577,5.587657928466797,-0.42848873138427734,-14.053009033203125,-0.39976781606674194,-0.2017926424741745,-0.07856708765029907
1785523742073153600,60584170,41.976951599121094,-239.1509552001953,37.18130874633789,0.7543604373931885,-0.10092286765575409,-0.570347785949707,-0.3089632987976074,5.631026268005371,-0.11438179016113281,-13.898771286010742,-0.3846070170402527,-0.20461603999137878,-0.01106637716293335
1785523742085564100,60597716,42.2119140625,-239.3299560546875,37.19314193725586,0.7550808787345886,-0.10308820009231567,-0.5676683783531189,-0.3114132285118103,5.6886701583862305,0.14817476272583008,-13.783352851867676,-0.36821916699409485,-0.1991119533777237,0.019675731658935547
1785523742098285900,60617588,42.37453079223633,-239.4507293701172,37.20240783691406,0.7556336522102356,-0.10463066399097443,-0.5658696293830872,-0.3128286600112915,5.727746963500977,0.44718408584594727,-13.629873275756836,-0.33635976910591125,-0.18139643967151642,0.03408163785934448
1785523742112218700,60631063,42.61054611206055,-239.62155151367188,37.21736145019531,0.7563955187797546,-0.10676197707653046,-0.5634419322013855,-0.3146442174911499,5.778146743774414,0.6892917156219482,-13.514532089233398,-0.31499212980270386,-0.1686435043811798,0.02770058810710907
1785523742126581700,60631063,42.61054611206055,-239.62155151367188,37.21736145019531,0.7563955187797546,-0.10676197707653046,-0.5634419322013855,-0.3146442174911499,5.778146743774414,0.6892917156219482,-13.514532089233398,-0.31499212980270386,-0.1686435043811798,0.02770058810710907
1785523742140159900,60651333,42.7736701965332,-239.73648071289062,37.22874069213867,0.7568563222885132,-0.1080964207649231,-0.561906635761261,-0.31582367420196533,5.811214447021484,0.977259635925293,-13.361806869506836,-0.28695589303970337,-0.15288396179676056,0.009289324283599854
1785523742155671500,60664584,43.0139045715332,-239.90118408203125,37.24702072143555,0.7574313282966614,-0.10983739793300629,-0.5598301291465759,-0.31752774119377136,5.854098320007324,1.2061245441436768,-13.247902870178223,-0.27084264159202576,-0.144487664103508,-0.0012646019458770752
1785523742170117400,60684537,43.174766540527344,-240.00845336914062,37.26026916503906,0.7577599883079529,-0.1108735203742981,-0.5585445761680603,-0.31864529848098755,5.8827314376831055,1.481661319732666,-13.098018646240234,-0.24873290956020355,-0.13312558829784393,-0.008864745497703552
1785523742182738000,60697833,43.415584564208984,-240.1645965576172,37.281612396240234,0.7581962943077087,-0.11228232085704803,-0.556755542755127,-0.32024118304252625,5.919979095458984,1.6988558769226074,-12.985255241394043,-0.23473583161830902,-0.12578052282333374,-0.008738905191421509
1785523742195442500,60717750,43.578086853027344,-240.26698303222656,37.29702377319336,0.7584664225578308,-0.11316211521625519,-0.5556330680847168,-0.3212399184703827,5.94635009765625,1.9634146690368652,-12.837289810180664,-0.21509405970573425,-0.11523996293544769,-0.0044678449630737305
1785523742208638500,60731187,43.81843566894531,-240.4140625,37.32129669189453,0.758842945098877,-0.11438609659671783,-0.5540869832038879,-0.3225848972797394,5.97932243347168,2.1671576499938965,-12.72648811340332,-0.20273123681545258,-0.10854409635066986,-0.0011823475360870361
1785523742224423400,60731187,43.81843566894531,-240.4140625,37.32129669189453,0.758842945098877,-0.11438609659671783,-0.5540869832038879,-0.3225848972797394,5.97932243347168,2.1671576499938965,-12.72648811340332,-0.20273123681545258,-0.10854409635066986,-0.0011823475360870361
1785523742239183600,60751101,43.982810974121094,-240.5116729736328,37.33891677856445,0.7590866684913635,-0.1151747852563858,-0.5531036257743835,-0.32341712713241577,6.004457473754883,2.4217820167541504,-12.580090522766113,-0.1856348216533661,-0.09931857138872147,0.0019383877515792847
1785523742253230600,60764467,44.224609375,-240.65109252929688,37.3663330078125,0.7594236135482788,-0.11626316606998444,-0.5517576932907104,-0.3245338797569275,6.034457206726074,2.613813877105713,-12.471418380737305,-0.1750282347202301,-0.09362703561782837,0.002490594983100891
1785523742266066100,60784383,44.38980484008789,-240.7434539794922,37.386085510253906,0.7596365213394165,-0.11695460975170135,-0.5509040951728821,-0.3252362012863159,6.058820724487305,2.85929536819458,-12.327173233032227,-0.16032744944095612,-0.08576969802379608,0.0017213672399520874
1785523742279198000,60797783,44.63355255126953,-240.8755340576172,37.41672134399414,0.7599243521690369,-0.11789706349372864,-0.5497349500656128,-0.3262006938457489,6.086393356323242,3.0415220260620117,-12.221006393432617,-0.15121117234230042,-0.08090388774871826,0.0008053779602050781
1785523742293537000,60797783,44.63355255126953,-240.8755340576172,37.41672134399414,0.7599243521690369,-0.11789706349372864,-0.5497349500656128,-0.3262006938457489,6.086393356323242,3.0415220260620117,-12.221006393432617,-0.15121117234230042,-0.08090388774871826,0.0008053779602050781
1785523742308157300,60817918,44.79878616333008,-240.96229553222656,37.43851089477539,0.7601014971733093,-0.11848588287830353,-0.5490003228187561,-0.3268113434314728,6.110185623168945,3.2787513732910156,-12.07943344116211,-0.13850060105323792,-0.0741146132349968,-0.0002944841980934143
1785523742320971400,60831192,45.04460906982422,-241.08726501464844,37.47241973876953,0.7603421211242676,-0.11929246783256531,-0.5479862093925476,-0.32765907049179077,6.135758399963379,3.45267915725708,-11.975881576538086,-0.13061998784542084,-0.06990132480859756,-0.0006259381771087646
1785523742336534200,60851301,45.21015548706055,-241.168701171875,37.49626159667969,0.7604901790618896,-0.119794562458992,-0.5473529100418091,-0.3281899690628052,6.159330368041992,3.6824002265930176,-11.837193489074707,-0.11962714046239853,-0.06401929259300232,-0.0005820170044898987
1785523742349636200,60864493,45.45781326293945,-241.2865447998047,37.53343963623047,0.7606947422027588,-0.12049107253551483,-0.5464737415313721,-0.3289254307746887,6.183372497558594,3.8486547470092773,-11.73650074005127,-0.11282944679260254,-0.06038014218211174,-0.00035812705755233765
1785523742362400300,60884439,45.62351608276367,-241.36273193359375,37.5593147277832,0.7608213424682617,-0.12092375755310059,-0.545927882194519,-0.32938000559806824,6.206884384155273,4.0697784423828125,-11.601888656616211,-0.10343144088983536,-0.05534884333610535,-1.3656914234161377e-05
1785523742376932100,60897767,45.870155334472656,-241.47230529785156,37.59929656982422,0.7609962821006775,-0.12152239680290222,-0.5451726913452148,-0.3300057053565979,6.229717254638672,4.22932243347168,-11.503995895385742,-0.09751676768064499,-0.05218258127570152,0.0001288279891014099
1785523742390029800,60897767,45.870155334472656,-241.47230529785156,37.59929656982422,0.7609962821006775,-0.12152239680290222,-0.5451726913452148,-0.3300057053565979,6.229717254638672,4.22932243347168,-11.503995895385742,-0.09751676768064499,-0.05218258127570152,0.0001288279891014099
1785523742403215800,60917934,46.03917694091797,-241.5447540283203,37.627708435058594,0.7611070275306702,-0.1219031810760498,-0.5446929931640625,-0.3304016888141632,6.253726959228516,4.4459309577941895,-11.371424674987793,-0.08930175751447678,-0.04778598994016647,0.0001774430274963379
1785523742416853900,60931169,46.28828048706055,-241.6477508544922,37.67106246948242,0.7612581253051758,-0.12242335081100464,-0.5440366864204407,-0.3309423625469208,6.27571964263916,4.5991058349609375,-11.276613235473633,-0.08423183858394623,-0.045073188841342926,0.0001337975263595581
1785523742431465800,60951704,46.45281219482422,-241.71163940429688,37.68824768066406,0.7687468528747559,-0.14739716053009033,-0.5320912599563599,-0.32277148962020874,4.484661102294922,4.6945414543151855,-11.055264472961426,-3.0485568046569824,-0.7540843486785889,6.107356548309326
1785523742445441200,60964532,46.69757843017578,-241.79898071289062,37.69487762451172,0.7863959670066833,-0.2009993940591812,-0.505812406539917,-0.29212069511413574,5.242271423339844,4.997626781463623,-10.623751640319824,-0.7317533493041992,-0.4890463352203369,4.783825874328613
1785523742459854800,60964532,46.69757843017578,-241.79898071289062,37.69487762451172,0.7863959670066833,-0.2009993940591812,-0.505812406539917,-0.29212069511413574,5.242271423339844,4.997626781463623,-10.623751640319824,-0.7317533493041992,-0.4890463352203369,4.783825874328613
1785523742472949000,60984588,46.85737991333008,-241.85186767578125,37.699546813964844,0.7954504489898682,-0.21648283302783966,-0.49683877825737,-0.2711917459964752,5.558470726013184,5.1509809494018555,-10.483830451965332,0.6739628911018372,-0.12020064890384674,1.6849390268325806
1785523742486768900,60997853,47.1037483215332,-241.9261932373047,37.70569610595703,0.799313485622406,-0.21817800402641296,-0.49676060676574707,-0.2583121359348297,5.532068252563477,5.118149757385254,-10.496005058288574,0.6667911410331726,0.7958500385284424,-1.751690149307251
1785523742501066400,61017756,47.27066421508789,-241.97225952148438,37.708831787109375,0.7946636080741882,-0.20995064079761505,-0.5039549469947815,-0.2654430866241455,5.319307327270508,5.464908123016357,-10.503451347351074,0.2025529146194458,0.33990275859832764,-2.1476938724517822
1785523742515574200,61031211,47.51972579956055,-242.03610229492188,37.71372985839844,0.7874367833137512,-0.19853100180625916,-0.511843204498291,-0.28025931119918823,4.972230911254883,5.798813819885254,-10.517389297485352,0.07552742958068848,0.5116395950317383,-2.022123336791992
1785523742528372000,61051173,47.690467834472656,-242.0768280029297,37.71657180786133,0.78177809715271,-0.19289027154445648,-0.517798662185669,-0.2889650762081146,4.439797401428223,6.138287544250488,-10.42816162109375,-0.19541491568088531,0.34150925278663635,-0.1716717928647995
1785523742543100800,61064721,47.94058609008789,-242.13104248046875,37.716793060302734,0.7786481380462646,-0.1948174685239792,-0.5203785300254822,-0.2914780378341675,4.27829647064209,6.299432754516602,-10.326109886169434,-0.03301111236214638,-0.01891511306166649,-0.012427672743797302
1785523742556199600,61064721,47.94058609008789,-242.13104248046875,37.716793060302734,0.7786481380462646,-0.1948174685239792,-0.5203785300254822,-0.2914780378341675,4.27829647064209,6.299432754516602,-10.326109886169434,-0.03301111236214638,-0.01891511306166649,-0.012427672743797302
1785523742569202500,61084475,48.10964584350586,-242.16555786132812,37.71681594848633,0.7785089612007141,-0.19502729177474976,-0.5202795267105103,-0.29188597202301025,4.197896957397461,6.349820137023926,-10.14072322845459,-0.054503731429576874,0.0432557538151741,-0.0051876250654459
1785523742583784900,61098064,48.35679626464844,-242.2138214111328,37.71680450439453,0.7779684662818909,-0.19568854570388794,-0.5204682350158691,-0.2925471365451813,4.1271467208862305,6.3855767250061035,-10.002826690673828,-0.07113790512084961,0.07826358824968338,0.008821103721857071
1785523742599213000,61117880,48.525115966796875,-242.24525451660156,37.716758728027344,0.7773965001106262,-0.19630667567253113,-0.5207983255386353,-0.2930656373500824,4.033842086791992,6.431760311126709,-9.807446479797363,-0.06480302661657333,0.09207967668771744,-0.010811638087034225
1785523742610792500,61131063,48.76628875732422,-242.2880859375,37.716732025146484,0.7765516042709351,-0.19719676673412323,-0.5213212370872498,-0.2937777042388916,3.9588699340820312,6.484613418579102,-9.67880630493164,-0.06428021192550659,0.0919603705406189,-0.011045381426811218
1785523742626936900,61131063,48.76628875732422,-242.2880859375,37.716732025146484,0.7765516042709351,-0.19719676673412323,-0.5213212370872498,-0.2937777042388916,3.9588699340820312,6.484613418579102,-9.67880630493164,-0.06428021192550659,0.0919603705406189,-0.011045381426811218
1785523742640861200,61151166,48.92851638793945,-242.3153076171875,37.71672439575195,0.775994598865509,-0.1977781355381012,-0.5216702818870544,-0.2942385673522949,3.870387077331543,6.5586395263671875,-9.499035835266113,-0.0646950900554657,0.09370750188827515,-0.010612412355840206
1785523742653152200,61164387,49.167850494384766,-242.35292053222656,37.7166748046875,0.7751263380050659,-0.198678657412529,-0.5222235321998596,-0.29493826627731323,3.8025636672973633,6.631608486175537,-9.3812837600708,-0.05713915079832077,0.07693640887737274,-0.009085857309401035
1785523742667999700,61184466,49.32823944091797,-242.3763427734375,37.71670913696289,0.7746524214744568,-0.19917692244052887,-0.5225148797035217,-0.29533088207244873,3.722381591796875,6.72921085357666,-9.216222763061523,-0.05948949605226517,0.0813373327255249,-0.008358508348464966
1785523742680666500,61197709,49.56488037109375,-242.4080810546875,37.7166633605957,0.7738155722618103,-0.2000395804643631,-0.5230507254600525,-0.2959926724433899,3.6618003845214844,6.814174652099609,-9.107380867004395,-0.05715683475136757,0.07411479949951172,-0.00920100323855877
1785523742695148800,61197709,49.56488037109375,-242.4080810546875,37.7166633605957,0.7738155722618103,-0.2000395804643631,-0.5230507254600525,-0.2959926724433899,3.6618003845214844,6.814174652099609,-9.107380867004395,-0.05715683475136757,0.07411479949951172,-0.00920100323855877
1785523742708120600,61231018,49.958045959472656,-242.45309448242188,37.71664047241211,0.7725328803062439,-0.2013641893863678,-0.5238658785820007,-0.2970016896724701,3.5219926834106445,7.015962600708008,-8.847023963928223,-0.06855228543281555,0.09359008818864822,-0.011929744854569435
1785523742721214600,61231018,49.958045959472656,-242.45309448242188,37.71664047241211,0.7725328803062439,-0.2013641893863678,-0.5238658785820007,-0.2970016896724701,3.5219926834106445,7.015962600708008,-8.847023963928223,-0.06855228543281555,0.09359008818864822,-0.011929744854569435
1785523742734710200,61250937,50.11683654785156,-242.46847534179688,37.71659469604492,0.7719376683235168,-0.20196533203125,-0.5242559909820557,-0.2974523901939392,3.452998161315918,7.137839317321777,-8.699850082397461,-0.06186273694038391,0.07868731021881104,-0.010051799938082695
1785523742750068900,61264336,50.34878921508789,-242.48800659179688,37.71661376953125,0.7711874842643738,-0.20273357629776,-0.5247398018836975,-0.2980218827724457,3.3902549743652344,7.227908134460449,-8.59703254699707,-0.06799334287643433,0.09162187576293945,-0.007829652167856693
1785523742762724000,61284334,50.50726318359375,-242.49929809570312,37.716583251953125,0.77061927318573,-0.20330888032913208,-0.5251159071922302,-0.2984372079372406,3.3217697143554688,7.349729061126709,-8.453502655029297,-0.07196877896785736,0.09460009634494781,-0.012209465727210045
1785523742776779900,61297757,50.73820114135742,-242.51284790039062,37.71657943725586,0.769804060459137,-0.2041318714618683,-0.5256571173667908,-0.29902589321136475,3.263176918029785,7.440834999084473,-8.353670120239258,-0.0681120753288269,0.08922658860683441,-0.00981503538787365
1785523742789624700,61297757,50.73820114135742,-242.51284790039062,37.71657943725586,0.769804060459137,-0.2041318714618683,-0.5256571173667908,-0.29902589321136475,3.263176918029785,7.440834999084473,-8.353670120239258,-0.0681120753288269,0.08922658860683441,-0.00981503538787365
1785523742804125900,61317752,50.89601516723633,-242.5200653076172,37.716529846191406,0.7691919207572937,-0.20474043488502502,-0.5260735154151917,-0.2994527220726013,3.200802803039551,7.562541961669922,-8.214423179626465,-0.05979742109775543,0.07130172848701477,-0.007691981270909309
1785523742819955000,61331058,51.12617111206055,-242.52777099609375,37.716556549072266,0.7684066891670227,-0.2055271714925766,-0.5266044735908508,-0.299996018409729,3.1373462677001953,7.649003028869629,-8.114921569824219,-0.07647816836833954,0.10246111452579498,-0.008508959785103798
1785523742831882700,61351077,51.28214645385742,-242.53099060058594,37.716514587402344,0.7677735686302185,-0.20615434646606445,-0.5270448327064514,-0.30041295289993286,3.069352149963379,7.766501426696777,-7.97615385055542,-0.08078061789274216,0.11064295470714569,-0.01060452125966549
1785523742845349300,61364360,51.51167678833008,-242.53289794921875,37.71650695800781,0.7669082880020142,-0.20700770616531372,-0.527651309967041,-0.3009711503982544,3.0093202590942383,7.849867820739746,-7.88032341003418,-0.054544009268283844,0.16254538297653198,-0.07818350195884705
1785523742861187700,61364360,51.51167678833008,-242.53289794921875,37.71650695800781,0.7669082880020142,-0.20700770616531372,-0.527651309967041,-0.3009711503982544,3.0093202590942383,7.849867820739746,-7.88032341003418,-0.054544009268283844,0.16254538297653198,-0.07818350195884705
1785523742874535400,61384363,51.666717529296875,-242.5323028564453,37.71650695800781,0.7663622498512268,-0.2074049711227417,-0.5281754732131958,-0.3011689782142639,2.9485206604003906,7.960066795349121,-7.749375343322754,-0.07508815079927444,0.09746398031711578,-0.0036125890910625458
1785523742886575200,61397758,51.89448928833008,-242.52859497070312,37.71644973754883,0.7654435634613037,-0.2083657830953598,-0.528820276260376,-0.3017101585865021,2.9004106521606445,8.045108795166016,-7.656033039093018,-0.06274666637182236,0.07574734091758728,-0.006758660078048706
1785523742899699300,61417710,52.04960632324219,-242.52420043945312,37.716453552246094,0.7648181915283203,-0.20895904302597046,-0.5292805433273315,-0.30207857489585876,2.835789680480957,8.15381908416748,-7.522044658660889,-0.06172296777367592,0.07409531623125076,-0.004058711230754852
1785523742912888500,61431082,52.27656173706055,-242.51502990722656,37.71645736694336,0.7639207243919373,-0.20982567965984344,-0.5299441814422607,-0.3025846779346466,2.775239944458008,8.23161792755127,-7.427119731903076,-0.083391472697258,0.11790762841701508,-0.012193558737635612
1785523742926719800,61431082,52.27656173706055,-242.51502990722656,37.71645736694336,0.7639207243919373,-0.20982567965984344,-0.5299441814422607,-0.3025846779346466,2.775239944458008,8.23161792755127,-7.427119731903076,-0.083391472697258,0.11790762841701508,-0.012193558737635612
1785523742939805500,61450912,52.43027114868164,-242.50698852539062,37.71644592285156,0.7632589340209961,-0.2104528248310089,-0.5304459929466248,-0.3029397428035736,2.7175474166870117,8.337835311889648,-7.296769142150879,-0.06014038622379303,0.07362823188304901,-0.001288384199142456
1785523742953139200,61464353,52.65546798706055,-242.49253845214844,37.716407775878906,0.7622705698013306,-0.21137210726737976,-0.5312163829803467,-0.3034379184246063,2.6582469940185547,8.413414001464844,-7.203800201416016,-0.07721550762653351,0.10872584581375122,-0.009678691625595093
1785523742967021200,61484446,52.80906295776367,-242.48089599609375,37.716392517089844,0.7615918517112732,-0.21199700236320496,-0.5317552089691162,-0.30376243591308594,2.601015090942383,8.514591217041016,-7.075805187225342,-0.06104237213730812,0.08466461300849915,-0.003780495375394821
1785523742981291000,61497920,53.03409957885742,-242.46121215820312,37.71638870239258,0.7606183290481567,-0.21288156509399414,-0.5325468182563782,-0.30419594049453735,2.5409297943115234,8.585948944091797,-6.983676910400391,-0.07611703872680664,0.11355821788311005,-0.006463061086833477
1785523742993484700,61497920,53.03409957885742,-242.46121215820312,37.71638870239258,0.7606183290481567,-0.21288156509399414,-0.5325468182563782,-0.30419594049453735,2.5409297943115234,8.585948944091797,-6.983676910400391,-0.07611703872680664,0.11355821788311005,-0.006463061086833477
1785523743008009100,61518064,53.1867561340332,-242.4460906982422,37.71636199951172,0.7599409222602844,-0.213499516248703,-0.5331043004989624,-0.3044792711734772,-1.3369336128234863,7.218903064727783,-4.9199442863464355,-0.541689395904541,33.76811981201172,-9.688000679016113
1785523743021839000,61531153,53.37136459350586,-242.4070281982422,37.67909622192383,0.6182149052619934,-0.2410227358341217,-0.6842793822288513,-0.3024563193321228,-3.8549509048461914,7.1116461753845215,-3.776439666748047,-0.11757755279541016,23.683574676513672,-8.415672302246094
1785523743034921900,61550933,53.47914123535156,-242.3738555908203,37.64266586303711,-0.4980027973651886,0.24509359896183014,0.7766546607017517,0.2978757619857788,-5.2239837646484375,7.022356986999512,-2.4890875816345215,-0.12388718128204346,11.733129501342773,-6.159241676330566
1785523743047158300,61564347,53.6435546875,-242.31982421875,37.59426498413086,-0.3845982849597931,0.2314048707485199,0.8424038887023926,0.29814669489860535,-6.263857841491699,6.658610820770264,-1.1868877410888672,-0.4199521541595459,5.466436386108398,-4.62272310256958
1785523743060888500,61564347,53.6435546875,-242.31982421875,37.59426498413086,-0.3845982849597931,0.2314048707485199,0.8424038887023926,0.29814669489860535,-6.263857841491699,6.658610820770264,-1.1868877410888672,-0.4199521541595459,5.466436386108398,-4.62272310256958
1785523743075186500,61584317,53.75886535644531,-242.279052734375,37.56645965576172,-0.35144272446632385,0.21645396947860718,0.8582472801208496,0.3050365447998047,-6.38294792175293,6.866421222686768,-0.9496731758117676,-0.4370107650756836,-1.0258033275604248,-2.3620948791503906
1785523743088574700,61597709,53.93113327026367,-242.2135467529297,37.53459167480469,-0.3500499725341797,0.19543926417827606,0.8590092062950134,0.31838923692703247,-6.49456262588501,6.954952716827393,-1.095259189605713,-0.07818055152893066,-2.230281352996826,-0.7601035833358765
1785523743102360300,61617594,54.05043029785156,-242.16525268554688,37.51870346069336,-0.3619080185890198,0.18813800811767578,0.8543787002563477,0.32196861505508423,-6.264734268188477,7.303380489349365,-1.4173898696899414,0.4769250154495239,-1.615051507949829,0.8340263366699219
1785523743115031800,61631029,54.22730255126953,-242.0911865234375,37.50162124633789,-0.37891632318496704,0.1879965364933014,0.8483549952507019,0.3183920085430145,-5.963850021362305,7.494947910308838,-1.7518854141235352,0.40770822763442993,-1.1161962747573853,1.1744654178619385
1785523743127329200,61631029,54.22730255126953,-242.0911865234375,37.50162124633789,-0.37891632318496704,0.1879965364933014,0.8483549952507019,0.3183920085430145,-5.963850021362305,7.494947910308838,-1.7518854141235352,0.40770822763442993,-1.1161962747573853,1.1744654178619385
1785523743140371900,61651207,54.34816360473633,-242.03997802734375,37.493072509765625,-0.3877826929092407,0.19152028858661652,0.844946026802063,0.31465959548950195,-5.625077247619629,7.665060520172119,-1.970231533050537,0.14567169547080994,-0.7922649383544922,0.8721418380737305
1785523743154956100,61664483,54.52574157714844,-241.96444702148438,37.48433303833008,-0.3975019156932831,0.19562043249607086,0.8406335711479187,0.31154465675354004,-5.331784248352051,7.804027557373047,-2.1467175483703613,0.09369374811649323,-0.7697657346725464,0.4419407248497009
1785523743170062100,61684315,54.64562225341797,-241.91326904296875,37.480979919433594,-0.4027004539966583,0.19564539194107056,0.8383020758628845,0.3111352324485779,-5.082243919372559,7.913590908050537,-2.3056650161743164,0.09809893369674683,-0.7873026132583618,-0.10228407382965088
1785523743182397500,61697763,54.8212890625,-241.83792114257812,37.47985076904297,-0.40909358859062195,0.19210392236709595,0.8356295824050903,0.3121888339519501,-4.931117057800293,7.971833229064941,-2.461318016052246,0.09589314460754395,-0.7663530111312866,-0.2832689583301544
1785523743195019900,61717758,54.94214630126953,-241.78578186035156,37.48177719116211,-0.4128645956516266,0.18854200839996338,0.8341046571731567,0.3134712278842926,-4.746106147766113,8.077061653137207,-2.614227294921875,0.08099651336669922,-0.6977018713951111,-0.2871997356414795
1785523743208283000,61731084,55.11945343017578,-241.7086639404297,37.48866271972656,-0.41791555285453796,0.1836952120065689,0.8319975733757019,0.3152504563331604,-4.627671241760254,8.145081520080566,-2.7537050247192383,0.07441186904907227,-0.6486314535140991,-0.18673132359981537
1785523743222732800,61731084,55.11945343017578,-241.7086639404297,37.48866271972656,-0.41791555285453796,0.1836952120065689,0.8319975733757019,0.3152504563331604,-4.627671241760254,8.145081520080566,-2.7537050247192383,0.07441186904907227,-0.6486314535140991,-0.18673132359981537
1785523743237805100,61751025,55.23957061767578,-241.65589904785156,37.49612045288086,-0.4212341904640198,0.18125921487808228,0.8305488228797913,0.31606268882751465,-4.434013366699219,8.295259475708008,-2.8911056518554688,0.07236680388450623,-0.5878862142562866,-0.019516900181770325
1785523743250578000,61764510,55.417030334472656,-241.5771484375,37.511268615722656,-0.42612144351005554,0.17892950773239136,0.8283488750457764,0.31661123037338257,-4.279191970825195,8.405696868896484,-3.013848304748535,0.07265117764472961,-0.5549850463867188,0.05412638187408447
1785523743266908400,61784908,55.53917694091797,-241.5223388671875,37.524559020996094,-0.4294187128543854,0.17790487408638,0.8268397450447083,0.316678911447525,-4.062538146972656,8.590627670288086,-3.1431221961975098,0.0713604986667633,-0.5106191635131836,0.08491024374961853
1785523743278641900,61797737,55.72257614135742,-241.43910217285156,37.54882049560547,-0.43408462405204773,0.17664489150047302,0.8246853947639465,0.3166399896144867,-3.894145965576172,8.716377258300781,-3.254868507385254,0.06819850206375122,-0.4831230044364929,0.06675885617733002
1785523743293257100,61797737,55.72257614135742,-241.43910217285156,37.54882049560547,-0.43408462405204773,0.17664489150047302,0.8246853947639465,0.3166399896144867,-3.894145965576172,8.716377258300781,-3.254868507385254,0.06819850206375122,-0.4831230044364929,0.06675885617733002
1785523743306860300,61817990,55.84128952026367,-241.3845977783203,37.56721496582031,-0.43684759736061096,0.17578981816768646,0.8234016299247742,0.3166574239730835,-3.6867456436157227,8.90489387512207,-3.3722949028015137,0.061153292655944824,-0.4429031312465668,0.020658373832702637
1785523743319520800,61831133,56.02566146850586,-241.29901123046875,37.59992218017578,-0.44069674611091614,0.17428024113178253,0.8215997815132141,0.31683844327926636,-3.533574104309082,9.028582572937012,-3.4721999168395996,0.05635261535644531,-0.417519748210907,-0.004974856972694397
1785523743333848100,61851031,56.14679718017578,-241.2421875,37.62406921386719,-0.4429665803909302,0.17320974171161652,0.820527970790863,0.3170377016067505,-3.5129013061523438,9.062932014465332,-3.3415980339050293,2.173880100250244,2.286881923675537,-0.7543587684631348
1785523743348266800,61864463,56.2707405090332,-241.14295959472656,37.65978240966797,0.46875715255737305,-0.09202781319618225,-0.8554045557975769,-0.2002018392086029,1.1819725036621094,6.382554531097412,1.6609376668930054,36.126136779785156,-4.226450443267822,-2.484416961669922
1785523743362543000,61884271,56.27534866333008,-241.055908203125,37.68484115600586,0.4936196804046631,0.02799142710864544,-0.8691770434379578,-0.009341765195131302,-1.1970587968826294,4.404300212860107,-0.6333933472633362,-1.6292459964752197,2.887587547302246,-1.7565600872039795
1785523743376703000,61897741,56.294803619384766,-240.96730041503906,37.67506408691406,0.46961715817451477,0.0352606475353241,-0.8816196918487549,-0.031035151332616806,-1.2670344114303589,4.38604736328125,-0.8342573046684265,-1.6600327491760254,0.9423686265945435,-1.1413257122039795
1785523743389627700,61897741,56.294803619384766,-240.96730041503906,37.67506408691406,0.46961715817451477,0.0352606475353241,-0.8816196918487549,-0.031035151332616806,-1.2670344114303589,4.38604736328125,-0.8342573046684265,-1.6600327491760254,0.9423686265945435,-1.1413257122039795
1785523743403736700,61917612,56.31269454956055,-240.90682983398438,37.673492431640625,0.4665664732456207,0.03648252412676811,-0.8826965093612671,-0.04279644042253494,-1.1703219413757324,4.4214043617248535,-1.2921713590621948,-0.23376622796058655,-0.6730959415435791,-0.23169168829917908
1785523743419530700,61931015,56.34452819824219,-240.81866455078125,37.67829895019531,0.47156861424446106,0.037504374980926514,-0.8798357248306274,-0.04588667303323746,-0.9339542388916016,4.020769119262695,-1.1082888841629028,0.9215660095214844,-0.8689703941345215,1.9863674640655518
1785523743433800200,61950881,56.35855484008789,-240.768310546875,37.68236541748047,0.4809354543685913,0.022743433713912964,-0.8757980465888977,-0.03407773748040199,-0.03811389207839966,2.762770175933838,-0.1881803274154663,1.2183406352996826,-1.3848519325256348,2.495028257369995
1785523743446174800,61964293,56.362030029296875,-240.71432495117188,37.6881103515625,0.49454519152641296,0.006097316741943359,-0.8690667748451233,-0.010533280670642853,0.18786051869392395,2.4301092624664307,-0.1986842155456543,1.3921160697937012,-0.8145924210548401,2.380419969558716
1785523743460869200,61964293,56.362030029296875,-240.71432495117188,37.6881103515625,0.49454519152641296,0.006097316741943359,-0.8690667748451233,-0.010533280670642853,0.18786051869392395,2.4301092624664307,-0.1986842155456543,1.3921160697937012,-0.8145924210548401,2.380419969558716
1785523743473886500,61984363,56.36296844482422,-240.68472290039062,37.69117736816406,-0.49803921580314636,-0.0010144535917788744,0.8671533465385437,-0.0008998765842989087,-0.03765014559030533,1.175103783607483,-0.03920348733663559,-0.08051887154579163,-0.6048897504806519,-0.10625770688056946
1785523743489436100,61997683,56.36386489868164,-240.66123962402344,37.69068908691406,0.5026490092277527,0.0001705237664282322,-0.8644900321960449,0.0007709629717282951,-0.018011562526226044,0.7889630198478699,-0.020578011870384216,-0.07915976643562317,-0.3648143410682678,-0.13221147656440735
1785523743502254900,62017493,56.364139556884766,-240.65167236328125,37.690528869628906,0.5044200420379639,3.618666960392147e-05,-0.8634582757949829,0.00030076049733906984,-0.00921553187072277,0.42529958486557007,-0.009921567514538765,-0.01664583757519722,-0.15574142336845398,-0.030146116390824318
1785523743518109500,62030949,56.36441421508789,-240.64320373535156,37.69046401977539,0.5055734515190125,-2.613686774566304e-05,-0.8627834916114807,-1.0018472494266462e-05,-0.006474171299487352,0.2329791933298111,-0.005914674140512943,-0.00715763121843338,-0.10634782910346985,-0.00721517251804471
1785523743531947400,62051041,56.3644905090332,-240.6406707763672,37.690399169921875,0.5061247944831848,-2.078930992865935e-05,-0.8624601364135742,-0.00010037213360192254,-0.0017679976299405098,0.005955894477665424,-0.0009572707349434495,0.03798329457640648,0.0159556046128273,0.025559596717357635
1785523743545856800,62064308,56.36457061767578,-240.6403045654297,37.690391540527344,0.5061184167861938,-0.00020863176905550063,-0.8624638915061951,6.846387987025082e-05,0.00040636351332068443,-0.00024120995658449829,-0.0020896492060273886,0.0032737161964178085,-0.011678974144160748,0.001458189683035016
1785523743560064400,62064308,56.36457061767578,-240.6403045654297,37.690391540527344,0.5061184167861938,-0.00020863176905550063,-0.8624638915061951,6.846387987025082e-05,0.00040636351332068443,-0.00024120995658449829,-0.0020896492060273886,0.0032737161964178085,-0.011678974144160748,0.001458189683035016
1785523743574348200,62084502,56.36457061767578,-240.6403045654297,37.69039535522461,0.5061342716217041,-0.00021908948838245124,-0.8624545931816101,7.157918298617005e-05,0.0004685698077082634,-0.00024381301773246378,-0.001840054988861084,0.0034634436015039682,-0.010653994046151638,0.0015131181571632624
1785523743586456900,62097764,56.36457061767578,-240.64031982421875,37.69039535522461,0.5061308145523071,-0.00022133588208816946,-0.8624565601348877,6.477092392742634e-05,0.00043233600445091724,0.0002574315876699984,-0.0018921273294836283,0.007904330268502235,-0.010276785120368004,-0.0006166417151689529
1785523743601271700,62117662,56.36457061767578,-240.6403045654297,37.69039535522461,0.5061301589012146,-0.00022949856065679342,-0.8624569177627563,6.60815421724692e-05,0.00039880839176476,0.00022050400730222464,-0.0019213826162740588,0.0075753796845674515,-0.010247386060655117,-0.0004646414890885353
1785523743614796000,62131072,56.36457061767578,-240.6403045654297,37.69039535522461,0.5061301589012146,-0.00022949856065679342,-0.8624569177627563,6.60815421724692e-05,0.0004807249642908573,-0.0005426795105449855,-0.001804053084924817,0.0007823132909834385,-0.010821664705872536,0.002789141610264778
1785523743628907900,62131072,56.36457061767578,-240.6403045654297,37.69039535522461,0.5061301589012146,-0.00022949856065679342,-0.8624569177627563,6.60815421724692e-05,0.0004807249642908573,-0.0005426795105449855,-0.001804053084924817,0.0007823132909834385,-0.010821664705872536,0.002789141610264778
1785523743641302800,62164497,56.36457061767578,-240.6403045654297,37.69039535522461,0.5061299204826355,-0.00022676648222841322,-0.8624571561813354,6.832550570834428e-05,0.00028889370150864124,-0.00017698183364700526,-0.001752526150085032,0.003939047921448946,-0.009113027714192867,0.0012555960565805435
1785523743655258000,62164497,56.36457061767578,-240.6403045654297,37.69039535522461,0.5061299204826355,-0.00022676648222841322,-0.8624571561813354,6.832550570834428e-05,0.00028889370150864124,-0.00017698183364700526,-0.001752526150085032,0.003939047921448946,-0.009113027714192867,0.0012555960565805435
1785523743669869700,62186094,56.36457061767578,-240.64031982421875,37.69039535522461,0.5061332583427429,-0.00021957534772809595,-0.8624550104141235,6.627340917475522e-05,0.0003070246893912554,-0.00018686689145397395,-0.001777992001734674,0.0038865499664098024,-0.009364789351820946,0.0013005752116441727
1785523743682708000,62197857,56.36457061767578,-240.64031982421875,37.69039535522461,0.5061354041099548,-0.0002209533704444766,-0.8624538779258728,5.990172940073535e-05,0.0002473420463502407,0.00026763821369968355,-0.001856200397014618,0.00795072689652443,-0.008915210142731667,-0.0006537996232509613
1785523743694985600,62218048,56.36457061767578,-240.64031982421875,37.69039535522461,0.5061354041099548,-0.0002209533704444766,-0.8624538779258728,5.990172940073535e-05,0.0004066124092787504,-0.00021441186254378408,-0.001859645126387477,0.0037018172442913055,-0.010459971614181995,0.0014200876466929913
1785523743708350200,62231196,56.36457061767578,-240.64031982421875,37.69039535522461,0.5061354041099548,-0.0002209533704444766,-0.8624538779258728,5.990172940073535e-05,0.000322266248986125,0.00027919342392124236,-0.0018808908062055707,0.008083726279437542,-0.009496123529970646,-0.0007073543965816498
1785523743724166000,62231196,56.36457061767578,-240.64031982421875,37.69039535522461,0.5061354041099548,-0.0002209533704444766,-0.8624538779258728,5.990172940073535e-05,0.000322266248986125,0.00027919342392124236,-0.0018808908062055707,0.008083726279437542,-0.009496123529970646,-0.0007073543965816498
1785523743737830600,62251696,56.36457061767578,-240.6403045654297,37.69039535522461,0.5061332583427429,-0.0002294063160661608,-0.8624550104141235,6.778375245630741e-05,0.0004196465015411377,0.00025542700313962996,-0.0019293393706902862,0.007848829962313175,-0.010434748604893684,-0.0006090989336371422
1785523743750263800,62264350,56.36457061767578,-240.6403045654297,37.69039535522461,0.5061332583427429,-0.0002294063160661608,-0.8624550104141235,6.778375245630741e-05,0.0003987853415310383,-0.00044252435327507555,-0.0018161504995077848,0.0017624108586460352,-0.010248284786939621,0.002379833720624447
1785523743764781000,62284741,56.36457061767578,-240.6403045654297,37.69039535522461,0.5061332583427429,-0.0002294063160661608,-0.8624550104141235,6.778375245630741e-05,0.0003706198185682297,0.00026042628451250494,-0.0019298731349408627,0.007891349494457245,-0.010138734243810177,-0.000621601939201355
1785523743779369400,62297716,56.36457061767578,-240.6403045654297,37.69039535522461,0.5061332583427429,-0.0002294063160661608,-0.8624550104141235,6.778375245630741e-05,0.0004031939897686243,-0.0005144962924532592,-0.0017986823804676533,0.0010862848721444607,-0.01026298850774765,0.0026828425470739603
1785523743792642100,62297716,56.36457061767578,-240.6403045654297,37.69039535522461,0.5061332583427429,-0.0002294063160661608,-0.8624550104141235,6.778375245630741e-05,0.0004031939897686243,-0.0005144962924532592,-0.0017986823804676533,0.0010862848721444607,-0.01026298850774765,0.0026828425470739603
1785523743806893700,62318405,56.36457061767578,-240.6403045654297,37.69039535522461,0.5061332583427429,-0.0002294063160661608,-0.8624550104141235,6.778375245630741e-05,0.0003388740587979555,-0.00039787316927686334,-0.0017215999541804194,0.0019005683716386557,-0.009441555477678776,0.0021752677857875824
1785523743819534600,62331030,56.36457061767578,-240.6403045654297,37.69039535522461,0.5061332583427429,-0.0002294063160661608,-0.8624550104141235,6.778375245630741e-05,0.00032541551627218723,-0.00019705780141521245,-0.0018718974897637963,0.004117075353860855,-0.009869592264294624,0.001376274973154068
1785523743835462300,62351217,56.36457061767578,-240.64031982421875,37.69039535522461,0.5061329007148743,-0.00022086607350502163,-0.8624553680419922,6.373014184646308e-05,0.00030779512599110603,-0.0001881072239484638,-0.001794543582946062,0.003912637941539288,-0.00944926030933857,0.0013103545643389225
1785523743850193600,62364342,56.36457061767578,-240.64031982421875,37.69039535522461,0.5061329007148743,-0.00022086607350502163,-0.8624553680419922,6.373014184646308e-05,0.00028520310297608376,0.0002395728515693918,-0.0018755871569737792,0.007664707489311695,-0.0092955082654953,-0.0005461461842060089
1785523743862867000,62384683,56.36457061767578,-240.6403045654297,37.69039535522461,0.5061342716217041,-0.00023095228243619204,-0.8624546527862549,6.606668466702104e-05,0.0003149190451949835,0.0002743460354395211,-0.0018544619670137763,0.007943663746118546,-0.00936018768697977,-0.0006932439282536507
1785523743877122500,62397791,56.36457061767578,-240.6403045654297,37.69039535522461,0.5061346888542175,-0.00023034210607875139,-0.8624542355537415,6.831152131780982e-05,0.0005117568653076887,-0.0005375916371122003,-0.0018807058222591877,0.0009752595797181129,-0.011396288871765137,0.002787027508020401
1785523743889707500,62397791,56.36457061767578,-240.6403045654297,37.69039535522461,0.5061346888542175,-0.00023034210607875139,-0.8624542355537415,6.831152131780982e-05,0.0005117568653076887,-0.0005375916371122003,-0.0018807058222591877,0.0009752595797181129,-0.011396288871765137,0.002787027508020401
1785523743903643200,62418544,56.36457061767578,-240.6403045654297,37.69039535522461,0.5061339735984802,-0.00022560327488463372,-0.8624546527862549,6.495948764495552e-05,0.0003489397931843996,-0.0004727813939098269,-0.0017232706304639578,0.0012708022259175777,-0.009562996216118336,0.0024965491611510515
1785523743917693300,62431183,56.36457061767578,-240.6403045654297,37.69039535522461,0.5061339735984802,-0.00022560327488463372,-0.8624546527862549,6.495948764495552e-05,0.00032282457686960697,-0.00019569102732930332,-0.001857732073403895,0.004077899269759655,-0.009791209362447262,0.0013639903627336025
1785523743931179000,62451606,56.36457061767578,-240.64031982421875,37.69039535522461,0.5061344504356384,-0.00022028567036613822,-0.862454354763031,6.02945001446642e-05,0.005275018513202667,-0.002568473108112812,0.005899162497371435,-0.013467283919453621,-0.06169189512729645,-0.016668651252985
1785523743945607100,62464591,56.364295959472656,-240.64035034179688,37.69036102294922,0.5069087147712708,-0.00015096471179276705,-0.8619996309280396,-6.397598917828873e-05,0.01981942355632782,-0.0007704474264755845,0.06475639343261719,0.003418867476284504,-0.4994223117828369,-0.00538648571819067
1785523743959779600,62464591,56.364295959472656,-240.64035034179688,37.69036102294922,0.5069087147712708,-0.00015096471179276705,-0.8619996309280396,-6.397598917828873e-05,0.01981942355632782,-0.0007704474264755845,0.06475639343261719,0.003418867476284504,-0.4994223117828369,-0.00538648571819067
1785523743974051500,62484556,56.36320114135742,-240.64035034179688,37.69013595581055,0.5104774832725525,-9.951043466571718e-05,-0.8598909378051758,-3.651091537903994e-05,0.045599088072776794,0.0008446325664408505,0.13207417726516724,0.004419179167598486,-1.0289506912231445,0.00507570942863822
1785523743987514600,62497826,56.3605842590332,-240.64035034179688,37.689666748046875,0.5189342498779297,-0.0001244812592631206,-0.8548141717910767,-1.817959127947688e-05,0.03963625431060791,-0.0009210138232447207,0.12591126561164856,0.005279822740703821,-0.9626370072364807,-0.00780445896089077
1785523744003390800,62518031,56.358943939208984,-240.64035034179688,37.68938446044922,0.5240446925163269,-6.384759763022885e-05,-0.8516905903816223,-2.1028386072430294e-06,0.026794791221618652,0.00024786966969259083,0.08560162782669067,-0.00040974398143589497,-0.6598414182662964,0.0017953310161828995
1785523744014893500,62531098,56.357147216796875,-240.64036560058594,37.68907928466797,0.5296990275382996,-6.453577952925116e-05,-0.848185658454895,-3.880337317241356e-05,0.020922578871250153,-0.0006243032985366881,0.06601481139659882,0.0016799983568489552,-0.5060582756996155,-0.004970433656126261
1785523744029338000,62551481,56.35628890991211,-240.64035034179688,37.688926696777344,0.5324084162712097,-8.059877291088924e-05,-0.8464874625205994,-4.3691848986782134e-05,0.016732748597860336,-0.0003379247209522873,0.052295587956905365,-0.0009490458760410547,-0.4028549790382385,-0.0023104939609766006
1785523744042642800,62564441,56.355194091796875,-240.64036560058594,37.688777923583984,0.5357971787452698,-6.326111906673759e-05,-0.8443465828895569,-5.960890803180519e-07,0.017254192382097244,7.301631558220834e-05,0.04583386704325676,-0.0010265307500958443,-0.36210963129997253,2.8949696570634842e-05
1785523744057267200,62564441,56.355194091796875,-240.64036560058594,37.688777923583984,0.5357971787452698,-6.326111906673759e-05,-0.8443465828895569,-5.960890803180519e-07,0.017254192382097244,7.301631558220834e-05,0.04583386704325676,-0.0010265307500958443,-0.36210963129997253,2.8949696570634842e-05
1785523744073252500,62584994,56.35456848144531,-240.64036560058594,37.68871307373047,0.5376867651939392,-4.982321115676314e-06,-0.8431446552276611,2.5701998310978524e-05,0.011679984629154205,-8.19174965727143e-05,0.037309303879737854,0.0002547164913266897,-0.2859562933444977,-0.0008120309794321656
1785523744086487800,62597755,56.35378646850586,-240.64036560058594,37.68860626220703,0.5401405096054077,-3.144803486065939e-05,-0.8415748476982117,2.190741724916734e-06,0.009201377630233765,-0.00010928534175036475,0.031011801213026047,0.0004312634700909257,-0.2366694211959839,-0.0010095136240124702
1785523744099125800,62618316,56.353397369384766,-240.64036560058594,37.688560485839844,0.5413225889205933,8.334591257153079e-06,-0.8408147096633911,5.8786030422197655e-05,0.006391391158103943,0.0002522565773688257,0.022089175879955292,0.0009515751153230667,-0.17358699440956116,0.0021016730461269617
1785523744114916300,62631050,56.35289001464844,-240.64035034179688,37.68850326538086,0.5428791642189026,-3.5195866075810045e-05,-0.839810848236084,4.5477296225726604e-05,0.005072195082902908,-0.0005004398990422487,0.017237208783626556,0.0035287386272102594,-0.13374759256839752,-0.0037702396512031555
1785523744129144500,62631050,56.35289001464844,-240.64035034179688,37.68850326538086,0.5428791642189026,-3.5195866075810045e-05,-0.839810848236084,4.5477296225726604e-05,0.005072195082902908,-0.0005004398990422487,0.017237208783626556,0.0035287386272102594,-0.13374759256839752,-0.0037702396512031555
1785523744141947700,62664358,56.352420806884766,-240.640380859375,37.688438415527344,-0.5443077683448792,-3.270670276833698e-05,0.8388856053352356,-4.5842883992008865e-05,0.002364667132496834,-3.622865187935531e-05,0.008278090506792068,0.0033077234402298927,-0.06599142402410507,-0.0006534857675433159
1785523744156255100,62664358,56.352420806884766,-240.640380859375,37.688438415527344,-0.5443077683448792,-3.270670276833698e-05,0.8388856053352356,-4.5842883992008865e-05,0.002364667132496834,-3.622865187935531e-05,0.008278090506792068,0.0033077234402298927,-0.06599142402410507,-0.0006534857675433159
1785523744171048800,62684463,56.35234069824219,-240.640380859375,37.68842315673828,-0.5446376800537109,-7.89884779806016e-06,0.8386714458465576,-1.1704416465363465e-05,0.0010996181517839432,8.721696212887764e-05,0.0038534956984221935,-0.0013285106979310513,-0.029810648411512375,0.0008307828102260828
1785523744184078600,62697725,56.352264404296875,-240.64036560058594,37.68840789794922,-0.5449038147926331,-5.4705502407159656e-05,0.8384984135627747,-5.906524165766314e-05,0.0008786590187810361,-0.0004085590480826795,0.00023293762933462858,-0.0034533250145614147,0.0008028518641367555,-0.002764569828286767
1785523744200215400,62717499,56.352264404296875,-240.64036560058594,37.68841552734375,-0.5447906255722046,-1.9691746274475008e-05,0.838572084903717,-1.953654646058567e-05,-0.0024506524205207825,-0.000303183012874797,-0.007840605452656746,-0.002054644748568535,0.0594412237405777,-0.0016438898164778948
1785523744214311400,62731148,56.352420806884766,-240.640380859375,37.68843460083008,-0.5443429946899414,-2.680220677575562e-05,0.8388626575469971,-3.732011828105897e-05,-0.004691805690526962,0.00034366254112683237,-0.01562841236591339,-0.0017135522793978453,0.1177787035703659,0.0027086841873824596
1785523744227127500,62731148,56.352420806884766,-240.640380859375,37.68843460083008,-0.5443429946899414,-2.680220677575562e-05,0.8388626575469971,-3.732011828105897e-05,-0.004691805690526962,0.00034366254112683237,-0.01562841236591339,-0.0017135522793978453,0.1177787035703659,0.0027086841873824596
1785523744241155400,62764305,56.35327911376953,-240.640380859375,37.68853759765625,-0.5416737198829651,-5.8157827879767865e-05,0.8405887484550476,-4.513778549153358e-05,-0.011128842830657959,-4.16293041780591e-05,-0.0356459803879261,0.001045728800818324,0.268557608127594,6.900087464600801e-05
1785523744255205100,62764433,56.35327911376953,-240.640380859375,37.68853759765625,-0.5416737198829651,-5.8157827879767865e-05,0.8405887484550476,-4.513778549153358e-05,-0.013087734580039978,0.0002509443729650229,-0.04194948822259903,-0.006222053896635771,0.31731951236724854,0.0033294707536697388
