t_wall_ns,time_usec,m0,m1,m2,m3
1785517942370043000,199365193,0.05000000074505806,0.05000000074505806,0.05000000074505806,0.05000000074505806
1785517942371134000,199416457,0.05000000074505806,0.05000000074505806,0.05000000074505806,0.05000000074505806
1785517942371961300,199416457,0.05000000074505806,0.05000000074505806,0.05000000074505806,0.05000000074505806
1785517942372355800,199416457,0.05000000074505806,0.05000000074505806,0.05000000074505806,0.05000000074505806
1785517942377230000,199416457,0.05000000074505806,0.05000000074505806,0.05000000074505806,0.05000000074505806
1785517942389042000,199461541,0.05000000074505806,0.05000000074505806,0.05000000074505806,0.05000000074505806
1785517942399521200,199461677,0.05000000074505806,0.05000000074505806,0.05000000074505806,0.05000000074505806
1785517942409977200,199461677,0.05000000074505806,0.05000000074505806,0.05000000074505806,0.05000000074505806
1785517942422252200,199461677,0.05000000074505806,0.05000000074505806,0.05000000074505806,0.05000000074505806
1785517942432017700,199501902,0.05000000074505806,0.05000000074505806,0.05000000074505806,0.05000000074505806
1785517942444165900,199501902,0.05000000074505806,0.05000000074505806,0.05000000074505806,0.05000000074505806
1785517942454110400,199501902,0.05000000074505806,0.05000000074505806,0.05000000074505806,0.05000000074505806
1785517942465948400,199501902,0.05000000074505806,0.05000000074505806,0.05000000074505806,0.05000000074505806
1785517942476517700,199544388,0.05000000074505806,0.05000000074505806,0.05000000074505806,0.05000000074505806
1785517942487381000,199544388,0.05000000074505806,0.05000000074505806,0.05000000074505806,0.05000000074505806
1785517942499678900,199544388,0.05000000074505806,0.05000000074505806,0.05000000074505806,0.05000000074505806
1785517942510066400,199582035,0.05000000074505806,0.05000000074505806,0.05000000074505806,0.05000000074505806
1785517942520308500,199582035,0.05000000074505806,0.05000000074505806,0.05000000074505806,0.05000000074505806
1785517942530307800,199582035,0.05000000074505806,0.05000000074505806,0.05000000074505806,0.05000000074505806
1785517942542151600,199582035,0.05000000074505806,0.05000000074505806,0.05000000074505806,0.05000000074505806
1785517942553513300,199618343,0.05000000074505806,0.05000000074505806,0.05000000074505806,0.05000000074505806
1785517942563328800,199618343,0.05000000074505806,0.05000000074505806,0.05000000074505806,0.05000000074505806
1785517942573542100,199618343,0.05000000074505806,0.05000000074505806,0.05000000074505806,0.05000000074505806
1785517942585623600,199650758,0.05000000074505806,0.05000000074505806,0.05000000074505806,0.05000000074505806
1785517942594973700,199650758,0.05000000074505806,0.05000000074505806,0.05000000074505806,0.05000000074505806
1785517942606418500,199650758,0.05000000074505806,0.05000000074505806,0.05000000074505806,0.05000000074505806
1785517942617756900,199684365,0.05000000074505806,0.05000000074505806,0.05000000074505806,0.05000000074505806
1785517942627209800,199684365,0.05000000074505806,0.05000000074505806,0.05000000074505806,0.05000000074505806
1785517942638415000,199684365,0.05000000074505806,0.05000000074505806,0.05000000074505806,0.05000000074505806
1785517942649561800,199718030,0.05000000074505806,0.05000000074505806,0.05000000074505806,0.05000000074505806
1785517942659905100,199718030,0.05000000074505806,0.05000000074505806,0.05000000074505806,0.05000000074505806
1785517942672112100,199718030,0.05000000074505806,0.05000000074505806,0.05000000074505806,0.05000000074505806
1785517942682094800,199751727,0.05000000074505806,0.05000000074505806,0.05000000074505806,0.05000000074505806
1785517942693612900,199751727,0.05000000074505806,0.05000000074505806,0.05000000074505806,0.05000000074505806
1785517942703527700,199751727,0.05000000074505806,0.05000000074505806,0.05000000074505806,0.05000000074505806
1785517942713948100,199783102,0.05000000074505806,0.05000000074505806,0.05000000074505806,0.05000000074505806
1785517942725573300,199783102,0.05000000074505806,0.05000000074505806,0.05000000074505806,0.05000000074505806
1785517942735734700,199783102,0.05000000074505806,0.05000000074505806,0.05000000074505806,0.05000000074505806
1785517942746805200,199813750,0.05000000074505806,0.05000000074505806,0.05000000074505806,0.05000000074505806
1785517942755963100,199813750,0.05000000074505806,0.05000000074505806,0.05000000074505806,0.05000000074505806
1785517942781938100,199813750,0.05000000074505806,0.05000000074505806,0.05000000074505806,0.05000000074505806
1785517942783357100,199844972,0.05000000074505806,0.05000000074505806,0.05000000074505806,0.05000000074505806
1785517942788462000,199844972,0.05000000074505806,0.05000000074505806,0.05000000074505806,0.05000000074505806
1785517942800929000,199844972,0.05000000074505806,0.05000000074505806,0.05000000074505806,0.05000000074505806
1785517942809011000,199875918,0.05000000074505806,0.05000000074505806,0.05000000074505806,0.05000000074505806
1785517942821378200,199875918,0.05000000074505806,0.05000000074505806,0.05000000074505806,0.05000000074505806
1785517942832192600,199875918,0.05000000074505806,0.05000000074505806,0.05000000074505806,0.05000000074505806
1785517942843978200,199906949,0.05000000074505806,0.05000000074505806,0.05000000074505806,0.05000000074505806
1785517942853014100,199906949,0.05000000074505806,0.05000000074505806,0.05000000074505806,0.05000000074505806
1785517942864530900,199935759,0.05000000074505806,0.05000000074505806,0.05000000074505806,0.05000000074505806
1785517942875885900,199935759,0.05000000074505806,0.05000000074505806,0.05000000074505806,0.05000000074505806
1785517942886092500,199935759,0.05000000074505806,0.05000000074505806,0.05000000074505806,0.05000000074505806
1785517942897508800,199964020,0.05000000074505806,0.05000000074505806,0.05000000074505806,0.05000000074505806
1785517942909141300,199970745,0.05000000074505806,0.05000000074505806,0.05000000074505806,0.05000000074505806
1785517942918560000,199970745,0.05000000074505806,0.05000000074505806,0.05000000074505806,0.05000000074505806
1785517942928170200,199970745,0.05000000074505806,0.05000000074505806,0.05000000074505806,0.05000000074505806
1785517942937809800,199970745,0.05000000074505806,0.05000000074505806,0.05000000074505806,0.05000000074505806
1785517942949185600,200013733,0.05000000074505806,0.05000000074505806,0.05000000074505806,0.05000000074505806
1785517942961099700,200013733,0.05000000074505806,0.05000000074505806,0.05000000074505806,0.05000000074505806
1785517942970895500,200041551,0.05000000074505806,0.05000000074505806,0.05000000074505806,0.05000000074505806
1785517942981077100,200041551,0.05000000074505806,0.05000000074505806,0.05000000074505806,0.05000000074505806
1785517942991745400,200041551,0.05000000074505806,0.05000000074505806,0.05000000074505806,0.05000000074505806
1785517943002417100,200070599,0.05000000074505806,0.05000000074505806,0.05000000074505806,0.05000000074505806
1785517943012435300,200070599,0.05000000074505806,0.05000000074505806,0.05000000074505806,0.05000000074505806
1785517943023838400,200070599,0.05000000074505806,0.05000000074505806,0.05000000074505806,0.05000000074505806
1785517943033985000,200100723,0.05000000074505806,0.05000000074505806,0.05000000074505806,0.05000000074505806
1785517943045743600,200100723,0.05000000074505806,0.05000000074505806,0.05000000074505806,0.05000000074505806
1785517943054992400,200100723,0.05000000074505806,0.05000000074505806,0.05000000074505806,0.05000000074505806
1785517943065389600,200135976,0.05000000074505806,0.05000000074505806,0.05000000074505806,0.05000000074505806
1785517943077362900,200135976,0.05000000074505806,0.05000000074505806,0.05000000074505806,0.05000000074505806
1785517943087459900,200135976,0.05000000074505806,0.05000000074505806,0.05000000074505806,0.05000000074505806
1785517943098385200,200135976,0.05000000074505806,0.05000000074505806,0.05000000074505806,0.05000000074505806
1785517943110165400,200180993,0.05000000074505806,0.05000000074505806,0.05000000074505806,0.05000000074505806
1785517943118861400,200182247,0.05000000074505806,0.05000000074505806,0.05000000074505806,0.05000000074505806
1785517943129371900,200182247,0.05000000074505806,0.05000000074505806,0.05000000074505806,0.05000000074505806
1785517943142503700,200210262,0.05000000074505806,0.05000000074505806,0.05000000074505806,0.05000000074505806
1785517943152539900,200210262,0.05000000074505806,0.05000000074505806,0.05000000074505806,0.05000000074505806
1785517943163520000,200210262,0.05000000074505806,0.05000000074505806,0.05000000074505806,0.05000000074505806
1785517943173786000,200238835,0.05000000074505806,0.05000000074505806,0.05000000074505806,0.05000000074505806
1785517943184569300,200238835,0.05000000074505806,0.05000000074505806,0.05000000074505806,0.05000000074505806
1785517943195444700,200266648,0.05000000074505806,0.05000000074505806,0.05000000074505806,0.05000000074505806
1785517943205674500,200266648,0.05000000074505806,0.05000000074505806,0.05000000074505806,0.05000000074505806
1785517943218916500,200266648,0.05000000074505806,0.05000000074505806,0.05000000074505806,0.05000000074505806
1785517943229763900,200294921,0.05000000074505806,0.05000000074505806,0.05000000074505806,0.05000000074505806
1785517943238248100,200301341,0.05000000074505806,0.05000000074505806,0.05000000074505806,0.05000000074505806
1785517943250782900,200301341,0.05000000074505806,0.05000000074505806,0.05000000074505806,0.05000000074505806
1785517943260564900,200301341,0.05000000074505806,0.05000000074505806,0.05000000074505806,0.05000000074505806
1785517943272512300,200301341,0.05000000074505806,0.05000000074505806,0.05000000074505806,0.05000000074505806
1785517943282760800,200347150,0.05000000074505806,0.05000000074505806,0.05000000074505806,0.05000000074505806
1785517943294442100,200347150,0.05000000074505806,0.05000000074505806,0.05000000074505806,0.05000000074505806
1785517943305331800,200374241,0.05000000074505806,0.05000000074505806,0.05000000074505806,0.05000000074505806
1785517943315929800,200374241,0.05000000074505806,0.05000000074505806,0.05000000074505806,0.05000000074505806
1785517943329775500,200374241,0.05000000074505806,0.05000000074505806,0.05000000074505806,0.05000000074505806
1785517943336080900,200402402,0.05000000074505806,0.05000000074505806,0.05000000074505806,0.05000000074505806
1785517943349890800,200402402,0.05000000074505806,0.05000000074505806,0.05000000074505806,0.05000000074505806
1785517943358741400,200431139,0.05000000074505806,0.05000000074505806,0.05000000074505806,0.05000000074505806
1785517943368182800,200437719,0.05000000074505806,0.05000000074505806,0.05000000074505806,0.05000000074505806
1785517943381382300,200437719,0.05000000074505806,0.05000000074505806,0.05000000074505806,0.05000000074505806
1785517943391927700,200437719,0.05000000074505806,0.05000000074505806,0.05000000074505806,0.05000000074505806
1785517943402890400,200437719,0.05000000074505806,0.05000000074505806,0.05000000074505806,0.05000000074505806
1785517943411863300,200481423,0.05000000074505806,0.05000000074505806,0.05000000074505806,0.05000000074505806
1785517943423058300,200481423,0.05000000074505806,0.05000000074505806,0.05000000074505806,0.05000000074505806
1785517943433067300,200481423,0.05000000074505806,0.05000000074505806,0.05000000074505806,0.05000000074505806
1785517943444872600,200508489,0.05000000074505806,0.05000000074505806,0.05000000074505806,0.05000000074505806
1785517943454815500,200508489,0.05000000074505806,0.05000000074505806,0.05000000074505806,0.05000000074505806
1785517943466597700,200535995,0.05000000074505806,0.05000000074505806,0.05000000074505806,0.05000000074505806
1785517943478227200,200535995,0.05000000074505806,0.05000000074505806,0.05000000074505806,0.05000000074505806
1785517943488334500,200535995,0.05000000074505806,0.05000000074505806,0.05000000074505806,0.05000000074505806
1785517943498969300,200564429,0.05000000074505806,0.05000000074505806,0.05000000074505806,0.05000000074505806
1785517943508910200,200570868,0.05000000074505806,0.05000000074505806,0.05000000074505806,0.05000000074505806
1785517943521112300,200570868,0.05000000074505806,0.05000000074505806,0.05000000074505806,0.05000000074505806
1785517943531865000,200570868,0.05000000074505806,0.05000000074505806,0.05000000074505806,0.05000000074505806
1785517943543458800,200615383,0.05000000074505806,0.05000000074505806,0.05000000074505806,0.05000000074505806
1785517943554028100,200615858,0.05000000074505806,0.05000000074505806,0.05000000074505806,0.05000000074505806
1785517943565058000,200615858,0.05000000074505806,0.05000000074505806,0.05000000074505806,0.05000000074505806
1785517943574542800,200644400,0.05000000074505806,0.05000000074505806,0.05000000074505806,0.05000000074505806
1785517943586108600,200644400,0.05000000074505806,0.05000000074505806,0.05000000074505806,0.05000000074505806
1785517943596462700,200644400,0.05000000074505806,0.05000000074505806,0.05000000074505806,0.05000000074505806
1785517943605793600,200644400,0.05000000074505806,0.05000000074505806,0.05000000074505806,0.05000000074505806
1785517943618151500,200644400,0.05000000074505806,0.05000000074505806,0.05000000074505806,0.05000000074505806
1785517943628099300,200644400,0.05000000074505806,0.05000000074505806,0.05000000074505806,0.05000000074505806
1785517943639404100,200644400,0.05000000074505806,0.05000000074505806,0.05000000074505806,0.05000000074505806
1785517943650672900,200644400,0.05000000074505806,0.05000000074505806,0.05000000074505806,0.05000000074505806
1785517943662332200,200644400,0.05000000074505806,0.05000000074505806,0.05000000074505806,0.05000000074505806
1785517943672663800,200644400,0.05000000074505806,0.05000000074505806,0.05000000074505806,0.05000000074505806
1785517943683448700,200644400,0.05000000074505806,0.05000000074505806,0.05000000074505806,0.05000000074505806
1785517943694970400,200644400,0.05000000074505806,0.05000000074505806,0.05000000074505806,0.05000000074505806
1785517943705824800,200777700,0.05000000074505806,0.05000000074505806,0.05000000074505806,0.05000000074505806
1785517943717114400,200783144,0.05000000074505806,0.05000000074505806,0.05000000074505806,0.05000000074505806
1785517943729162000,200783144,0.05000000074505806,0.05000000074505806,0.05000000074505806,0.05000000074505806
1785517943736561000,200783144,0.05000000074505806,0.05000000074505806,0.05000000074505806,0.05000000074505806
1785517943748501200,200783144,0.05000000074505806,0.05000000074505806,0.05000000074505806,0.05000000074505806
1785517943757347500,200783144,0.05000000074505806,0.05000000074505806,0.05000000074505806,0.05000000074505806
1785517943770169000,200783144,0.05000000074505806,0.05000000074505806,0.05000000074505806,0.05000000074505806
1785517943781143600,200783144,0.05000000074505806,0.05000000074505806,0.05000000074505806,0.05000000074505806
1785517943790117800,200783144,0.05000000074505806,0.05000000074505806,0.05000000074505806,0.05000000074505806
1785517943800502200,200783144,0.05000000074505806,0.05000000074505806,0.05000000074505806,0.05000000074505806
1785517943813258600,200783144,0.05000000074505806,0.05000000074505806,0.05000000074505806,0.05000000074505806
1785517943823895000,200783144,0.05000000074505806,0.05000000074505806,0.05000000074505806,0.05000000074505806
1785517943833098900,200783144,0.05000000074505806,0.05000000074505806,0.05000000074505806,0.05000000074505806
1785517943845857100,200783144,0.05000000074505806,0.05000000074505806,0.05000000074505806,0.05000000074505806
1785517943856371900,200783144,0.05000000074505806,0.05000000074505806,0.05000000074505806,0.05000000074505806
1785517943866062800,200783144,0.05000000074505806,0.05000000074505806,0.05000000074505806,0.05000000074505806
1785517943878310700,200783144,0.05000000074505806,0.05000000074505806,0.05000000074505806,0.05000000074505806
1785517943888662600,200783144,0.05000000074505806,0.05000000074505806,0.05000000074505806,0.05000000074505806
1785517943898373700,200783144,0.05000000074505806,0.05000000074505806,0.05000000074505806,0.05000000074505806
1785517943909712700,200783144,0.05000000074505806,0.05000000074505806,0.05000000074505806,0.05000000074505806
1785517943919944700,200993259,0.05000000074505806,0.05000000074505806,0.05000000074505806,0.05000000074505806
1785517943931595600,200995477,0.05000000074505806,0.05000000074505806,0.05000000074505806,0.05000000074505806
1785517943940979900,200995477,0.05000000074505806,0.05000000074505806,0.05000000074505806,0.05000000074505806
1785517943951907300,200995477,0.05000000074505806,0.05000000074505806,0.05000000074505806,0.05000000074505806
1785517943962803400,200995477,0.05000000074505806,0.05000000074505806,0.05000000074505806,0.05000000074505806
1785517943973646700,200995477,0.05000000074505806,0.05000000074505806,0.05000000074505806,0.05000000074505806
1785517943984522400,200995477,0.05000000074505806,0.05000000074505806,0.05000000074505806,0.05000000074505806
1785517943996123000,200995477,0.05000000074505806,0.05000000074505806,0.05000000074505806,0.05000000074505806
1785517944006322200,200995477,0.05000000074505806,0.05000000074505806,0.05000000074505806,0.05000000074505806
1785517944017156700,200995477,0.05000000074505806,0.05000000074505806,0.05000000074505806,0.05000000074505806
1785517944026698200,200995477,0.05000000074505806,0.05000000074505806,0.05000000074505806,0.05000000074505806
1785517944038560200,200995477,0.05000000074505806,0.05000000074505806,0.05000000074505806,0.05000000074505806
1785517944048645200,200995477,0.05000000074505806,0.05000000074505806,0.05000000074505806,0.05000000074505806
1785517944059795600,200995477,0.05000000074505806,0.05000000074505806,0.05000000074505806,0.05000000074505806
1785517944070728400,200995477,0.05000000074505806,0.05000000074505806,0.05000000074505806,0.05000000074505806
1785517944081763700,200995477,0.05000000074505806,0.05000000074505806,0.05000000074505806,0.05000000074505806
1785517944090122100,200995477,0.05000000074505806,0.05000000074505806,0.05000000074505806,0.05000000074505806
1785517944105206800,200995477,0.05000000074505806,0.05000000074505806,0.05000000074505806,0.05000000074505806
1785517944110749400,200995477,0.05000000074505806,0.05000000074505806,0.05000000074505806,0.05000000074505806
1785517944112511900,200995477,0.05000000074505806,0.05000000074505806,0.05000000074505806,0.05000000074505806
1785517944112787900,200995477,0.05000000074505806,0.05000000074505806,0.05000000074505806,0.05000000074505806
1785517944113261100,200995477,0.05000000074505806,0.05000000074505806,0.05000000074505806,0.05000000074505806
1785517944116962600,200995477,0.05000000074505806,0.05000000074505806,0.05000000074505806,0.05000000074505806
1785517944125237200,200995477,0.05000000074505806,0.05000000074505806,0.05000000074505806,0.05000000074505806
1785517944138217600,200995477,0.05000000074505806,0.05000000074505806,0.05000000074505806,0.05000000074505806
1785517944148110800,200995477,0.05000000074505806,0.05000000074505806,0.05000000074505806,0.05000000074505806
1785517944159481900,200995477,0.05000000074505806,0.05000000074505806,0.05000000074505806,0.05000000074505806
1785517944169242200,200995477,0.05000000074505806,0.05000000074505806,0.05000000074505806,0.05000000074505806
1785517944179346300,200995477,0.05000000074505806,0.05000000074505806,0.05000000074505806,0.05000000074505806
1785517944191363700,200995477,0.05000000074505806,0.05000000074505806,0.05000000074505806,0.05000000074505806
1785517944201506300,200995477,0.05000000074505806,0.05000000074505806,0.05000000074505806,0.05000000074505806
1785517944213377700,200995477,0.05000000074505806,0.05000000074505806,0.05000000074505806,0.05000000074505806
1785517944223313800,200995477,0.05000000074505806,0.05000000074505806,0.05000000074505806,0.05000000074505806
1785517944233661200,200995477,0.05000000074505806,0.05000000074505806,0.05000000074505806,0.05000000074505806
1785517944244082800,200995477,0.05000000074505806,0.05000000074505806,0.05000000074505806,0.05000000074505806
1785517944255929800,200995477,0.05000000074505806,0.05000000074505806,0.05000000074505806,0.05000000074505806
1785517944265819700,200995477,0.05000000074505806,0.05000000074505806,0.05000000074505806,0.05000000074505806
1785517944278100900,200995477,0.05000000074505806,0.05000000074505806,0.05000000074505806,0.05000000074505806
1785517944287854400,200995477,0.05000000074505806,0.05000000074505806,0.05000000074505806,0.05000000074505806
1785517944299723100,200995477,0.05000000074505806,0.05000000074505806,0.05000000074505806,0.05000000074505806
1785517944310530300,200995477,0.05000000074505806,0.05000000074505806,0.05000000074505806,0.05000000074505806
1785517944321803500,200995477,0.05000000074505806,0.05000000074505806,0.05000000074505806,0.05000000074505806
1785517944330869900,228168,0.0,0.0,0.0,0.0
1785517944342209000,228168,0.0,0.0,0.0,0.0
1785517944353563900,228168,0.0,0.0,0.0,0.0
1785517944364910900,228168,0.0,0.0,0.0,0.0
1785517944376382900,274996,0.0,0.0,0.0,0.0
1785517944389912200,274996,0.0,0.0,0.0,0.0
1785517944398291600,274996,0.0,0.0,0.0,0.0
1785517944409675400,274996,0.0,0.0,0.0,0.0
1785517944417451500,315386,0.05000000074505806,0.05000000074505806,0.05000000074505806,0.05000000074505806
1785517944430174600,315386,0.05000000074505806,0.05000000074505806,0.05000000074505806,0.05000000074505806
1785517944441031500,315386,0.05000000074505806,0.05000000074505806,0.05000000074505806,0.05000000074505806
1785517944451148200,352400,0.05000000074505806,0.05000000074505806,0.05000000074505806,0.05000000074505806
1785517944461296200,352400,0.05000000074505806,0.05000000074505806,0.05000000074505806,0.05000000074505806
1785517944472885400,352400,0.05000000074505806,0.05000000074505806,0.05000000074505806,0.05000000074505806
1785517944484069100,352400,0.05000000074505806,0.05000000074505806,0.05000000074505806,0.05000000074505806
1785517944495283700,389730,0.05000000074505806,0.05000000074505806,0.05000000074505806,0.05000000074505806
1785517944506470700,389730,0.05000000074505806,0.05000000074505806,0.05000000074505806,0.05000000074505806
1785517944516510000,389730,0.05000000074505806,0.05000000074505806,0.05000000074505806,0.05000000074505806
1785517944529713900,426295,0.05000000074505806,0.05000000074505806,0.05000000074505806,0.05000000074505806
1785517944539587800,426295,0.05000000074505806,0.05000000074505806,0.05000000074505806,0.05000000074505806
1785517944549188600,426295,0.05000000074505806,0.05000000074505806,0.05000000074505806,0.05000000074505806
1785517944560069900,426295,0.05000000074505806,0.05000000074505806,0.05000000074505806,0.05000000074505806
1785517944571725500,462966,0.05000000074505806,0.05000000074505806,0.05000000074505806,0.05000000074505806
1785517944582954600,462966,0.05000000074505806,0.05000000074505806,0.05000000074505806,0.05000000074505806
1785517944593430100,462966,0.05000000074505806,0.05000000074505806,0.05000000074505806,0.05000000074505806
1785517944603874300,504414,0.05000000074505806,0.05000000074505806,0.05000000074505806,0.05000000074505806
1785517944615377600,504414,0.05000000074505806,0.05000000074505806,0.05000000074505806,0.05000000074505806
1785517944625091300,504414,0.05000000074505806,0.05000000074505806,0.05000000074505806,0.05000000074505806
1785517944636861800,504414,0.05000000074505806,0.05000000074505806,0.05000000074505806,0.05000000074505806
1785517944648662900,542601,0.05000000074505806,0.05000000074505806,0.05000000074505806,0.05000000074505806
1785517944658540100,542601,0.05000000074505806,0.05000000074505806,0.05000000074505806,0.05000000074505806
1785517944668739400,542601,0.05000000074505806,0.05000000074505806,0.05000000074505806,0.05000000074505806
1785517944679321700,579318,0.05000000074505806,0.05000000074505806,0.05000000074505806,0.05000000074505806
1785517944689083500,579318,0.05000000074505806,0.05000000074505806,0.05000000074505806,0.05000000074505806
1785517944701932600,579318,0.05000000074505806,0.05000000074505806,0.05000000074505806,0.05000000074505806
1785517944713583800,579318,0.05000000074505806,0.05000000074505806,0.05000000074505806,0.05000000074505806
1785517944723539100,615215,0.05000000074505806,0.05000000074505806,0.05000000074505806,0.05000000074505806
1785517944733290700,615215,0.05000000074505806,0.05000000074505806,0.05000000074505806,0.05000000074505806
1785517944744954000,615215,0.05000000074505806,0.05000000074505806,0.05000000074505806,0.05000000074505806
1785517944756085100,649252,0.05000000074505806,0.05000000074505806,0.05000000074505806,0.05000000074505806
1785517944767536500,649252,0.05000000074505806,0.05000000074505806,0.05000000074505806,0.05000000074505806
1785517944777471100,649252,0.05000000074505806,0.05000000074505806,0.05000000074505806,0.05000000074505806
1785517944789289300,685208,0.05000000074505806,0.05000000074505806,0.05000000074505806,0.05000000074505806
1785517944799416300,685208,0.05000000074505806,0.05000000074505806,0.05000000074505806,0.05000000074505806
1785517944809780400,685208,0.05000000074505806,0.05000000074505806,0.05000000074505806,0.05000000074505806
1785517944819746800,719244,0.05000000074505806,0.05000000074505806,0.05000000074505806,0.05000000074505806
1785517944831749900,719244,0.05000000074505806,0.05000000074505806,0.05000000074505806,0.05000000074505806
1785517944843078100,719244,0.05000000074505806,0.05000000074505806,0.05000000074505806,0.05000000074505806
1785517944854342900,752339,0.05000000074505806,0.05000000074505806,0.05000000074505806,0.05000000074505806
1785517944864419000,752339,0.05000000074505806,0.05000000074505806,0.05000000074505806,0.05000000074505806
1785517944877101400,752339,0.05000000074505806,0.05000000074505806,0.05000000074505806,0.05000000074505806
1785517944886619500,784352,0.05000000074505806,0.05000000074505806,0.05000000074505806,0.05000000074505806
1785517944898009400,784352,0.05000000074505806,0.05000000074505806,0.05000000074505806,0.05000000074505806
1785517944908773600,784352,0.05000000074505806,0.05000000074505806,0.05000000074505806,0.05000000074505806
1785517944920505700,814671,0.05000000074505806,0.05000000074505806,0.05000000074505806,0.05000000074505806
1785517944931705100,814671,0.05000000074505806,0.05000000074505806,0.05000000074505806,0.05000000074505806
1785517944942608400,844098,0.05000000074505806,0.05000000074505806,0.05000000074505806,0.05000000074505806
1785517944953012200,844659,0.05000000074505806,0.05000000074505806,0.05000000074505806,0.05000000074505806
1785517944963533400,844659,0.05000000074505806,0.05000000074505806,0.05000000074505806,0.05000000074505806
1785517944974052600,875402,0.05000000074505806,0.05000000074505806,0.05000000074505806,0.05000000074505806
1785517944985853900,875402,0.05000000074505806,0.05000000074505806,0.05000000074505806,0.05000000074505806
1785517944995796800,875402,0.05000000074505806,0.05000000074505806,0.05000000074505806,0.05000000074505806
1785517945006087700,905555,0.05000000074505806,0.05000000074505806,0.05000000074505806,0.05000000074505806
1785517945016445000,905555,0.05000000074505806,0.05000000074505806,0.05000000074505806,0.05000000074505806
1785517945027534800,905555,0.05000000074505806,0.05000000074505806,0.05000000074505806,0.05000000074505806
1785517945038576100,937081,0.05000000074505806,0.05000000074505806,0.05000000074505806,0.05000000074505806
1785517945048676000,937081,0.05000000074505806,0.05000000074505806,0.05000000074505806,0.05000000074505806
1785517945059914200,937081,0.05000000074505806,0.05000000074505806,0.05000000074505806,0.05000000074505806
1785517945070403900,965091,0.05000000074505806,0.05000000074505806,0.05000000074505806,0.05000000074505806
1785517945082204000,965091,0.05000000074505806,0.05000000074505806,0.05000000074505806,0.05000000074505806
1785517945091801100,993256,0.05000000074505806,0.05000000074505806,0.05000000074505806,0.05000000074505806
1785517945102014000,999914,0.05000000074505806,0.05000000074505806,0.05000000074505806,0.05000000074505806
1785517945112240300,999914,0.05000000074505806,0.05000000074505806,0.05000000074505806,0.05000000074505806
1785517945123904000,999914,0.05000000074505806,0.05000000074505806,0.05000000074505806,0.05000000074505806
1785517945133771200,999914,0.05000000074505806,0.05000000074505806,0.05000000074505806,0.05000000074505806
1785517945144002300,1044175,0.05000000074505806,0.05000000074505806,0.05000000074505806,0.05000000074505806
1785517945155117600,1044175,0.05000000074505806,0.05000000074505806,0.05000000074505806,0.05000000074505806
1785517945166091400,1044175,0.05000000074505806,0.05000000074505806,0.05000000074505806,0.05000000074505806
1785517945177220500,1072757,0.05000000074505806,0.05000000074505806,0.05000000074505806,0.05000000074505806
1785517945188740200,1072757,0.05000000074505806,0.05000000074505806,0.05000000074505806,0.05000000074505806
1785517945199549800,1072757,0.05000000074505806,0.05000000074505806,0.05000000074505806,0.05000000074505806
1785517945210334700,1101537,0.05000000074505806,0.05000000074505806,0.05000000074505806,0.05000000074505806
1785517945220686800,1101537,0.05000000074505806,0.05000000074505806,0.05000000074505806,0.05000000074505806
1785517945230478200,1130328,0.05000000074505806,0.05000000074505806,0.05000000074505806,0.05000000074505806
1785517945240872700,1130328,0.05000000074505806,0.05000000074505806,0.05000000074505806,0.05000000074505806
1785517945252945300,1130328,0.05000000074505806,0.05000000074505806,0.05000000074505806,0.05000000074505806
1785517945263633100,1159479,0.05000000074505806,0.05000000074505806,0.05000000074505806,0.05000000074505806
1785517945273389000,1165816,0.05000000074505806,0.05000000074505806,0.05000000074505806,0.05000000074505806
1785517945283606400,1165816,0.05000000074505806,0.05000000074505806,0.05000000074505806,0.05000000074505806
1785517945293659800,1165816,0.05000000074505806,0.05000000074505806,0.05000000074505806,0.05000000074505806
1785517945305879100,1165816,0.05000000074505806,0.05000000074505806,0.05000000074505806,0.05000000074505806
1785517945314897700,1212642,0.05000000074505806,0.05000000074505806,0.05000000074505806,0.05000000074505806
1785517945328470200,1212642,0.05000000074505806,0.05000000074505806,0.05000000074505806,0.05000000074505806
1785517945337695900,1212642,0.05000000074505806,0.05000000074505806,0.05000000074505806,0.05000000074505806
1785517945349730200,1241049,0.05000000074505806,0.05000000074505806,0.05000000074505806,0.05000000074505806
1785517945360098100,1241049,0.05000000074505806,0.05000000074505806,0.05000000074505806,0.05000000074505806
1785517945372041500,1270705,0.05000000074505806,0.05000000074505806,0.05000000074505806,0.05000000074505806
1785517945381091400,1270705,0.05000000074505806,0.05000000074505806,0.05000000074505806,0.05000000074505806
1785517945392433200,1270705,0.05000000074505806,0.05000000074505806,0.05000000074505806,0.05000000074505806
1785517945403155100,1300695,0.05000000074505806,0.05000000074505806,0.05000000074505806,0.05000000074505806
1785517945415450100,1300695,0.05000000074505806,0.05000000074505806,0.05000000074505806,0.05000000074505806
1785517945424799100,1300695,0.05000000074505806,0.05000000074505806,0.05000000074505806,0.05000000074505806
1785517945443993900,1330593,0.05000000074505806,0.05000000074505806,0.05000000074505806,0.05000000074505806
1785517945451445800,1330593,0.05000000074505806,0.05000000074505806,0.05000000074505806,0.05000000074505806
1785517945460870100,1330593,0.05000000074505806,0.05000000074505806,0.05000000074505806,0.05000000074505806
1785517945470056900,1362156,0.05000000074505806,0.05000000074505806,0.05000000074505806,0.05000000074505806
1785517945481815900,1362156,0.05000000074505806,0.05000000074505806,0.05000000074505806,0.05000000074505806
1785517945493160500,1393881,0.05000000074505806,0.05000000074505806,0.05000000074505806,0.05000000074505806
1785517945505630000,1399219,0.05000000074505806,0.05000000074505806,0.05000000074505806,0.05000000074505806
1785517945515878100,1399219,0.05000000074505806,0.05000000074505806,0.05000000074505806,0.05000000074505806
1785517945526411700,1399219,0.05000000074505806,0.05000000074505806,0.05000000074505806,0.05000000074505806
1785517945536286600,1399219,0.05000000074505806,0.05000000074505806,0.05000000074505806,0.05000000074505806
1785517945577379400,1448305,0.05000000074505806,0.05000000074505806,0.05000000074505806,0.05000000074505806
1785517945591760500,1451857,0.05000000074505806,0.05000000074505806,0.05000000074505806,0.05000000074505806
1785517945592611600,1451857,0.05000000074505806,0.05000000074505806,0.05000000074505806,0.05000000074505806
1785517945595187700,1451857,0.05000000074505806,0.05000000074505806,0.05000000074505806,0.05000000074505806
1785517945599794400,1491780,0.05000000074505806,0.05000000074505806,0.05000000074505806,0.05000000074505806
1785517945618762900,1491780,0.05000000074505806,0.05000000074505806,0.05000000074505806,0.05000000074505806
1785517945620561900,1491780,0.05000000074505806,0.05000000074505806,0.05000000074505806,0.05000000074505806
1785517945629936100,1521899,0.05000000074505806,0.05000000074505806,0.05000000074505806,0.05000000074505806
1785517945642039700,1521899,0.05000000074505806,0.05000000074505806,0.05000000074505806,0.05000000074505806
1785517945666774000,1521899,0.05000000074505806,0.05000000074505806,0.05000000074505806,0.05000000074505806
1785517945671299600,1554409,0.05000000074505806,0.05000000074505806,0.05000000074505806,0.05000000074505806
1785517945674474100,1554409,0.05000000074505806,0.05000000074505806,0.05000000074505806,0.05000000074505806
1785517945684953100,1586073,0.05000000074505806,0.05000000074505806,0.05000000074505806,0.05000000074505806
1785517945696258500,1586590,0.05000000074505806,0.05000000074505806,0.05000000074505806,0.05000000074505806
1785517945705696400,1586590,0.05000000074505806,0.05000000074505806,0.05000000074505806,0.05000000074505806
1785517945723165500,1617663,0.05000000074505806,0.05000000074505806,0.05000000074505806,0.05000000074505806
1785517945726670800,1617663,0.05000000074505806,0.05000000074505806,0.05000000074505806,0.05000000074505806
1785517945740843400,1617663,0.05000000074505806,0.05000000074505806,0.05000000074505806,0.05000000074505806
1785517945756307200,1646160,0.05000000074505806,0.05000000074505806,0.05000000074505806,0.05000000074505806
1785517945760315900,1646160,0.05000000074505806,0.05000000074505806,0.05000000074505806,0.05000000074505806
1785517945779480900,1646160,0.05000000074505806,0.05000000074505806,0.05000000074505806,0.05000000074505806
1785517945782786500,1673671,0.05000000074505806,0.05000000074505806,0.05000000074505806,0.05000000074505806
1785517945793392800,1673671,0.05000000074505806,0.05000000074505806,0.05000000074505806,0.05000000074505806
1785517945810609700,1702425,0.05000000074505806,0.05000000074505806,0.05000000074505806,0.05000000074505806
1785517945816342200,1702425,0.05000000074505806,0.05000000074505806,0.05000000074505806,0.05000000074505806
1785517945825383000,1702425,0.05000000074505806,0.05000000074505806,0.05000000074505806,0.05000000074505806
1785517945836811200,1732174,0.05000000074505806,0.05000000074505806,0.05000000074505806,0.05000000074505806
1785517945850640800,1732174,0.05000000074505806,0.05000000074505806,0.05000000074505806,0.05000000074505806
1785517945857668600,1732174,0.05000000074505806,0.05000000074505806,0.05000000074505806,0.05000000074505806
1785517945871794500,1732174,0.05000000074505806,0.05000000074505806,0.05000000074505806,0.05000000074505806
1785517945881967800,1732174,0.05000000074505806,0.05000000074505806,0.05000000074505806,0.05000000074505806
1785517945894131700,1732174,0.05000000074505806,0.05000000074505806,0.05000000074505806,0.05000000074505806
1785517945906851200,1732174,0.05000000074505806,0.05000000074505806,0.05000000074505806,0.05000000074505806
1785517945930095000,1732174,0.05000000074505806,0.05000000074505806,0.05000000074505806,0.05000000074505806
1785517945937914800,1732174,0.05000000074505806,0.05000000074505806,0.05000000074505806,0.05000000074505806
1785517945938897900,1732174,0.05000000074505806,0.05000000074505806,0.05000000074505806,0.05000000074505806
1785517945947129500,1732174,0.05000000074505806,0.05000000074505806,0.05000000074505806,0.05000000074505806
1785517945958072400,1732174,0.05000000074505806,0.05000000074505806,0.05000000074505806,0.05000000074505806
1785517945967905200,1732174,0.05000000074505806,0.05000000074505806,0.05000000074505806,0.05000000074505806
1785517945981360200,1732174,0.05000000074505806,0.05000000074505806,0.05000000074505806,0.05000000074505806
1785517945993458600,1732174,0.05000000074505806,0.05000000074505806,0.05000000074505806,0.05000000074505806
1785517946003785500,1732174,0.05000000074505806,0.05000000074505806,0.05000000074505806,0.05000000074505806
1785517946021113500,1914413,0.05000000074505806,0.05000000074505806,0.05000000074505806,0.05000000074505806
1785517946029134700,1918667,0.05000000074505806,0.05000000074505806,0.05000000074505806,0.05000000074505806
1785517946037302500,1918667,0.05000000074505806,0.05000000074505806,0.05000000074505806,0.05000000074505806
1785517946046080100,1918667,0.05000000074505806,0.05000000074505806,0.05000000074505806,0.05000000074505806
1785517946058783900,1918667,0.05000000074505806,0.05000000074505806,0.05000000074505806,0.05000000074505806
1785517946070985500,1918667,0.05000000074505806,0.05000000074505806,0.05000000074505806,0.05000000074505806
1785517946082774900,1918667,0.05000000074505806,0.05000000074505806,0.05000000074505806,0.05000000074505806
1785517946099564600,1918667,0.05000000074505806,0.05000000074505806,0.05000000074505806,0.05000000074505806
1785517946101871500,1918667,0.05000000074505806,0.05000000074505806,0.05000000074505806,0.05000000074505806
1785517946115653000,1918667,0.05000000074505806,0.05000000074505806,0.05000000074505806,0.05000000074505806
1785517946123810100,1918667,0.05000000074505806,0.05000000074505806,0.05000000074505806,0.05000000074505806
1785517946137210500,1918667,0.05000000074505806,0.05000000074505806,0.05000000074505806,0.05000000074505806
1785517946144850800,1918667,0.05000000074505806,0.05000000074505806,0.05000000074505806,0.05000000074505806
1785517946156362200,1918667,0.05000000074505806,0.05000000074505806,0.05000000074505806,0.05000000074505806
1785517946164659700,1918667,0.05000000074505806,0.05000000074505806,0.05000000074505806,0.05000000074505806
1785517946175845200,1918667,0.05000000074505806,0.05000000074505806,0.05000000074505806,0.05000000074505806
1785517946188080200,1918667,0.05000000074505806,0.05000000074505806,0.05000000074505806,0.05000000074505806
1785517946197819500,1918667,0.05000000074505806,0.05000000074505806,0.05000000074505806,0.05000000074505806
1785517946209619100,1918667,0.05000000074505806,0.05000000074505806,0.05000000074505806,0.05000000074505806
1785517946220681500,1918667,0.05000000074505806,0.05000000074505806,0.05000000074505806,0.05000000074505806
1785517946231592700,2133043,0.05000000074505806,0.05000000074505806,0.05000000074505806,0.05000000074505806
1785517946243390700,2138457,0.05000000074505806,0.05000000074505806,0.05000000074505806,0.05000000074505806
1785517946254645200,2138457,0.05000000074505806,0.05000000074505806,0.05000000074505806,0.05000000074505806
1785517946264582900,2138457,0.05000000074505806,0.05000000074505806,0.05000000074505806,0.05000000074505806
1785517946276817700,2138457,0.05000000074505806,0.05000000074505806,0.05000000074505806,0.05000000074505806
1785517946285582600,2138457,0.05000000074505806,0.05000000074505806,0.05000000074505806,0.05000000074505806
1785517946296120900,2138457,0.05000000074505806,0.05000000074505806,0.05000000074505806,0.05000000074505806
1785517946307221200,2138457,0.05000000074505806,0.05000000074505806,0.05000000074505806,0.05000000074505806
1785517946316269700,2138457,0.05000000074505806,0.05000000074505806,0.05000000074505806,0.05000000074505806
1785517946326403300,2138457,0.05000000074505806,0.05000000074505806,0.05000000074505806,0.05000000074505806
1785517946338804400,2138457,0.05000000074505806,0.05000000074505806,0.05000000074505806,0.05000000074505806
1785517946347693300,2138457,0.05000000074505806,0.05000000074505806,0.05000000074505806,0.05000000074505806
1785517946359740100,2138457,0.05000000074505806,0.05000000074505806,0.05000000074505806,0.05000000074505806
1785517946371337700,2138457,0.05000000074505806,0.05000000074505806,0.05000000074505806,0.05000000074505806
1785517946380910200,2138457,0.05000000074505806,0.05000000074505806,0.05000000074505806,0.05000000074505806
1785517946391016600,2138457,0.05000000074505806,0.05000000074505806,0.05000000074505806,0.05000000074505806
1785517946401954500,2303712,0.05000000074505806,0.05000000074505806,0.05000000074505806,0.05000000074505806
1785517946413085700,2304871,0.05000000074505806,0.05000000074505806,0.05000000074505806,0.05000000074505806
1785517946422868500,2304871,0.05000000074505806,0.05000000074505806,0.05000000074505806,0.05000000074505806
1785517946433817600,2304871,0.05000000074505806,0.05000000074505806,0.05000000074505806,0.05000000074505806
1785517946443574500,2304871,0.05000000074505806,0.05000000074505806,0.05000000074505806,0.05000000074505806
1785517946455065700,2304871,0.05000000074505806,0.05000000074505806,0.05000000074505806,0.05000000074505806
1785517946464889700,2304871,0.05000000074505806,0.05000000074505806,0.05000000074505806,0.05000000074505806
1785517946475789400,2304871,0.05000000074505806,0.05000000074505806,0.05000000074505806,0.05000000074505806
1785517946487668600,2304871,0.05000000074505806,0.05000000074505806,0.05000000074505806,0.05000000074505806
1785517946498337800,2393777,0.05000000074505806,0.05000000074505806,0.05000000074505806,0.05000000074505806
1785517946508746700,2393777,0.05000000074505806,0.05000000074505806,0.05000000074505806,0.05000000074505806
1785517946521583400,2393777,0.05000000074505806,0.05000000074505806,0.05000000074505806,0.05000000074505806
1785517946530955600,2393777,0.05000000074505806,0.05000000074505806,0.05000000074505806,0.05000000074505806
1785517946541265000,2393777,0.05000000074505806,0.05000000074505806,0.05000000074505806,0.05000000074505806
1785517946551696400,2449375,0.05000000074505806,0.05000000074505806,0.05000000074505806,0.05000000074505806
1785517946563226000,2449375,0.05000000074505806,0.05000000074505806,0.05000000074505806,0.05000000074505806
1785517946574703900,2449375,0.05000000074505806,0.05000000074505806,0.05000000074505806,0.05000000074505806
1785517946584453400,2449375,0.05000000074505806,0.05000000074505806,0.05000000074505806,0.05000000074505806
1785517946594709700,2449375,0.05000000074505806,0.05000000074505806,0.05000000074505806,0.05000000074505806
1785517946607250100,2505063,0.05000000074505806,0.05000000074505806,0.05000000074505806,0.05000000074505806
1785517946616838800,2509482,0.05000000074505806,0.05000000074505806,0.05000000074505806,0.05000000074505806
1785517946627007900,2509482,0.05000000074505806,0.05000000074505806,0.05000000074505806,0.05000000074505806
1785517946636679100,2509482,0.05000000074505806,0.05000000074505806,0.05000000074505806,0.05000000074505806
1785517946649955400,2509482,0.05000000074505806,0.05000000074505806,0.05000000074505806,0.05000000074505806
1785517946661924600,2561752,0.05000000074505806,0.05000000074505806,0.05000000074505806,0.05000000074505806
1785517946671555300,2562348,0.05000000074505806,0.05000000074505806,0.05000000074505806,0.05000000074505806
1785517946682787600,2562348,0.05000000074505806,0.05000000074505806,0.05000000074505806,0.05000000074505806
1785517946694223300,2562348,0.05000000074505806,0.05000000074505806,0.05000000074505806,0.05000000074505806
1785517946702187400,2562348,0.05000000074505806,0.05000000074505806,0.05000000074505806,0.05000000074505806
1785517946719945200,2562348,0.05000000074505806,0.05000000074505806,0.05000000074505806,0.05000000074505806
1785517946726123200,2618866,0.05000000074505806,0.05000000074505806,0.05000000074505806,0.05000000074505806
1785517946736258300,2618866,0.05000000074505806,0.05000000074505806,0.05000000074505806,0.05000000074505806
1785517946746902700,2618866,0.05000000074505806,0.05000000074505806,0.05000000074505806,0.05000000074505806
1785517946759395500,2656185,0.05000000074505806,0.05000000074505806,0.05000000074505806,0.05000000074505806
1785517946769386700,2656185,0.05000000074505806,0.05000000074505806,0.05000000074505806,0.05000000074505806
1785517946781192000,2656185,0.05000000074505806,0.05000000074505806,0.05000000074505806,0.05000000074505806
1785517946793067000,2656185,0.05000000074505806,0.05000000074505806,0.05000000074505806,0.05000000074505806
1785517946803586800,2695655,0.05000000074505806,0.05000000074505806,0.05000000074505806,0.05000000074505806
1785517946812667000,2695655,0.05000000074505806,0.05000000074505806,0.05000000074505806,0.05000000074505806
1785517946825268700,2695655,0.05000000074505806,0.05000000074505806,0.05000000074505806,0.05000000074505806
1785517946833372300,2735132,0.05000000074505806,0.05000000074505806,0.05000000074505806,0.05000000074505806
1785517946845364500,2735132,0.05000000074505806,0.05000000074505806,0.05000000074505806,0.05000000074505806
1785517946866944000,2735132,0.05000000074505806,0.05000000074505806,0.05000000074505806,0.05000000074505806
1785517946867458400,2735132,0.05000000074505806,0.05000000074505806,0.05000000074505806,0.05000000074505806
1785517946881471000,2735132,0.05000000074505806,0.05000000074505806,0.05000000074505806,0.05000000074505806
1785517946889025900,2783703,0.05000000074505806,0.05000000074505806,0.05000000074505806,0.05000000074505806
1785517946899486300,2783703,0.05000000074505806,0.05000000074505806,0.05000000074505806,0.05000000074505806
1785517946909880200,2783703,0.05000000074505806,0.05000000074505806,0.05000000074505806,0.05000000074505806
1785517946925651100,2820141,0.05000000074505806,0.05000000074505806,0.05000000074505806,0.05000000074505806
1785517946932470100,2820141,0.05000000074505806,0.05000000074505806,0.05000000074505806,0.05000000074505806
1785517946945601100,2820141,0.05000000074505806,0.05000000074505806,0.05000000074505806,0.05000000074505806
1785517946957702300,2820141,0.05000000074505806,0.05000000074505806,0.05000000074505806,0.05000000074505806
1785517946965741800,2858020,0.05000000074505806,0.05000000074505806,0.05000000074505806,0.05000000074505806
1785517946978125400,2858020,0.05000000074505806,0.05000000074505806,0.05000000074505806,0.05000000074505806
1785517946987902300,2858020,0.05000000074505806,0.05000000074505806,0.05000000074505806,0.05000000074505806
1785517946999728000,2896508,0.05000000074505806,0.05000000074505806,0.05000000074505806,0.05000000074505806
1785517947009861400,2896508,0.05000000074505806,0.05000000074505806,0.05000000074505806,0.05000000074505806
1785517947020169100,2896508,0.05000000074505806,0.05000000074505806,0.05000000074505806,0.05000000074505806
1785517947074893300,2953633,0.05000000074505806,0.05000000074505806,0.05000000074505806,0.05000000074505806
1785517947076381000,2959600,0.05000000074505806,0.05000000074505806,0.05000000074505806,0.05000000074505806
1785517947106165600,2959600,0.05000000074505806,0.05000000074505806,0.05000000074505806,0.05000000074505806
1785517947106868300,2959600,0.05000000074505806,0.05000000074505806,0.05000000074505806,0.05000000074505806
1785517947107305500,2959600,0.05000000074505806,0.05000000074505806,0.05000000074505806,0.05000000074505806
1785517947112160600,3008230,0.05000000074505806,0.05000000074505806,0.05000000074505806,0.05000000074505806
1785517947123957000,3008230,0.05000000074505806,0.05000000074505806,0.05000000074505806,0.05000000074505806
1785517947130756100,3008230,0.05000000074505806,0.05000000074505806,0.05000000074505806,0.05000000074505806
1785517947141829600,3040991,0.05000000074505806,0.05000000074505806,0.05000000074505806,0.05000000074505806
1785517947152432700,3040991,0.05000000074505806,0.05000000074505806,0.05000000074505806,0.05000000074505806
1785517947163273600,3040991,0.05000000074505806,0.05000000074505806,0.05000000074505806,0.05000000074505806
1785517947174432600,3073492,0.05000000074505806,0.05000000074505806,0.05000000074505806,0.05000000074505806
1785517947184803700,3073492,0.05000000074505806,0.05000000074505806,0.05000000074505806,0.05000000074505806
1785517947195755700,3073492,0.05000000074505806,0.05000000074505806,0.05000000074505806,0.05000000074505806
1785517947205744500,3105838,0.05000000074505806,0.05000000074505806,0.05000000074505806,0.05000000074505806
1785517947217888700,3105838,0.05000000074505806,0.05000000074505806,0.05000000074505806,0.05000000074505806
1785517947230998900,3105838,0.05000000074505806,0.05000000074505806,0.05000000074505806,0.05000000074505806
1785517947238562900,3136735,0.05000000074505806,0.05000000074505806,0.05000000074505806,0.05000000074505806
1785517947250341900,3136735,0.05000000074505806,0.05000000074505806,0.05000000074505806,0.05000000074505806
1785517947259100700,3136735,0.05000000074505806,0.05000000074505806,0.05000000074505806,0.05000000074505806
1785517947270633700,3165802,0.05000000074505806,0.05000000074505806,0.05000000074505806,0.05000000074505806
1785517947282331900,3165802,0.05000000074505806,0.05000000074505806,0.05000000074505806,0.05000000074505806
1785517947293064200,3165802,0.05000000074505806,0.05000000074505806,0.05000000074505806,0.05000000074505806
1785517947303121300,3196036,0.05000000074505806,0.05000000074505806,0.05000000074505806,0.05000000074505806
1785517947314283300,3196036,0.05000000074505806,0.05000000074505806,0.05000000074505806,0.05000000074505806
1785517947323938300,3224972,0.05000000074505806,0.05000000074505806,0.05000000074505806,0.05000000074505806
1785517947337595300,3230444,0.05000000074505806,0.05000000074505806,0.05000000074505806,0.05000000074505806
1785517947346474400,3230444,0.05000000074505806,0.05000000074505806,0.05000000074505806,0.05000000074505806
1785517947357838100,3230444,0.05000000074505806,0.05000000074505806,0.05000000074505806,0.05000000074505806
1785517947370058500,3230444,0.05000000074505806,0.05000000074505806,0.05000000074505806,0.05000000074505806
1785517947380968000,3276643,0.05000000074505806,0.05000000074505806,0.05000000074505806,0.05000000074505806
1785517947389634800,3276643,0.05000000074505806,0.05000000074505806,0.05000000074505806,0.05000000074505806
1785517947401416800,3276643,0.05000000074505806,0.05000000074505806,0.05000000074505806,0.05000000074505806
1785517947438574900,3307377,0.05000000074505806,0.05000000074505806,0.05000000074505806,0.05000000074505806
1785517947439243600,3307377,0.05000000074505806,0.05000000074505806,0.05000000074505806,0.05000000074505806
1785517947448786500,3307377,0.05000000074505806,0.05000000074505806,0.05000000074505806,0.05000000074505806
1785517947451706900,3337207,0.05000000074505806,0.05000000074505806,0.05000000074505806,0.05000000074505806
1785517947455209900,3337207,0.05000000074505806,0.05000000074505806,0.05000000074505806,0.05000000074505806
1785517947481969300,3367528,0.05000000074505806,0.05000000074505806,0.05000000074505806,0.05000000074505806
1785517947485891100,3368593,0.05000000074505806,0.05000000074505806,0.05000000074505806,0.05000000074505806
1785517947504658700,3368593,0.05000000074505806,0.05000000074505806,0.05000000074505806,0.05000000074505806
1785517947507261300,3368593,0.05000000074505806,0.05000000074505806,0.05000000074505806,0.05000000074505806
1785517947509365300,3401462,0.05000000074505806,0.05000000074505806,0.05000000074505806,0.05000000074505806
1785517947520851500,3401462,0.05000000074505806,0.05000000074505806,0.05000000074505806,0.05000000074505806
1785517947539077200,3432160,0.05000000074505806,0.05000000074505806,0.05000000074505806,0.05000000074505806
1785517947543181900,3432160,0.05000000074505806,0.05000000074505806,0.05000000074505806,0.05000000074505806
1785517947553113800,3432160,0.05000000074505806,0.05000000074505806,0.05000000074505806,0.05000000074505806
1785517947566130700,3461933,0.05000000074505806,0.05000000074505806,0.05000000074505806,0.05000000074505806
1785517947575785500,3461933,0.05000000074505806,0.05000000074505806,0.05000000074505806,0.05000000074505806
1785517947586140300,3488194,0.05000000074505806,0.05000000074505806,0.05000000074505806,0.05000000074505806
1785517947597578500,3495009,0.05000000074505806,0.05000000074505806,0.05000000074505806,0.05000000074505806
1785517947611186000,3495009,0.05000000074505806,0.05000000074505806,0.05000000074505806,0.05000000074505806
1785517947620577200,3495009,0.05000000074505806,0.05000000074505806,0.05000000074505806,0.05000000074505806
1785517947633104700,3495009,0.05000000074505806,0.05000000074505806,0.05000000074505806,0.05000000074505806
1785517947640572800,3540305,0.05000000074505806,0.05000000074505806,0.05000000074505806,0.05000000074505806
1785517947650868700,3540305,0.05000000074505806,0.05000000074505806,0.05000000074505806,0.05000000074505806
1785517947663749300,3540305,0.05000000074505806,0.05000000074505806,0.05000000074505806,0.05000000074505806
1785517947672834900,3568738,0.05000000074505806,0.05000000074505806,0.05000000074505806,0.05000000074505806
1785517947684126500,3568738,0.05000000074505806,0.05000000074505806,0.05000000074505806,0.05000000074505806
1785517947696312800,3568738,0.05000000074505806,0.05000000074505806,0.05000000074505806,0.05000000074505806
1785517947707366800,3568738,0.05000000074505806,0.05000000074505806,0.05000000074505806,0.05000000074505806
1785517947718589000,3568738,0.05000000074505806,0.05000000074505806,0.05000000074505806,0.05000000074505806
1785517947728746100,3568738,0.05000000074505806,0.05000000074505806,0.05000000074505806,0.05000000074505806
1785517947738598200,3568738,0.05000000074505806,0.05000000074505806,0.05000000074505806,0.05000000074505806
1785517947750811500,3568738,0.05000000074505806,0.05000000074505806,0.05000000074505806,0.05000000074505806
1785517947761120500,3568738,0.05000000074505806,0.05000000074505806,0.05000000074505806,0.05000000074505806
1785517947770143300,3568738,0.05000000074505806,0.05000000074505806,0.05000000074505806,0.05000000074505806
1785517947782776900,3568738,0.05000000074505806,0.05000000074505806,0.05000000074505806,0.05000000074505806
1785517947791869100,3568738,0.05000000074505806,0.05000000074505806,0.05000000074505806,0.05000000074505806
1785517947803050300,3568738,0.05000000074505806,0.05000000074505806,0.05000000074505806,0.05000000074505806
1785517947812276100,3568738,0.05000000074505806,0.05000000074505806,0.05000000074505806,0.05000000074505806
1785517947825070400,3568738,0.05000000074505806,0.05000000074505806,0.05000000074505806,0.05000000074505806
1785517947834638800,3568738,0.05000000074505806,0.05000000074505806,0.05000000074505806,0.05000000074505806
1785517947845678900,3568738,0.05000000074505806,0.05000000074505806,0.05000000074505806,0.05000000074505806
1785517947855591200,3568738,0.05000000074505806,0.05000000074505806,0.05000000074505806,0.05000000074505806
1785517947867112200,3568738,0.05000000074505806,0.05000000074505806,0.05000000074505806,0.05000000074505806
1785517947878382400,3778134,0.05000000074505806,0.05000000074505806,0.05000000074505806,0.05000000074505806
1785517947890306200,3778134,0.05000000074505806,0.05000000074505806,0.05000000074505806,0.05000000074505806
1785517947899854300,3778134,0.05000000074505806,0.05000000074505806,0.05000000074505806,0.05000000074505806
1785517947911404600,3778134,0.05000000074505806,0.05000000074505806,0.05000000074505806,0.05000000074505806
1785517947924437800,3778134,0.05000000074505806,0.05000000074505806,0.05000000074505806,0.05000000074505806
1785517947933403300,3778134,0.05000000074505806,0.05000000074505806,0.05000000074505806,0.05000000074505806
1785517947942189300,3778134,0.05000000074505806,0.05000000074505806,0.05000000074505806,0.05000000074505806
1785517947954193800,3778134,0.05000000074505806,0.05000000074505806,0.05000000074505806,0.05000000074505806
1785517947963636600,3778134,0.05000000074505806,0.05000000074505806,0.05000000074505806,0.05000000074505806
1785517947975130000,3778134,0.05000000074505806,0.05000000074505806,0.05000000074505806,0.05000000074505806
1785517947987017300,3778134,0.05000000074505806,0.05000000074505806,0.05000000074505806,0.05000000074505806
1785517947995114800,3778134,0.05000000074505806,0.05000000074505806,0.05000000074505806,0.05000000074505806
1785517948007839300,3778134,0.05000000074505806,0.05000000074505806,0.05000000074505806,0.05000000074505806
1785517948017735400,3778134,0.05000000074505806,0.05000000074505806,0.05000000074505806,0.05000000074505806
1785517948031144400,3778134,0.05000000074505806,0.05000000074505806,0.05000000074505806,0.05000000074505806
1785517948038057000,3940359,0.05000000074505806,0.05000000074505806,0.05000000074505806,0.05000000074505806
1785517948050885200,3942048,0.05000000074505806,0.05000000074505806,0.05000000074505806,0.05000000074505806
1785517948060828700,3942048,0.05000000074505806,0.05000000074505806,0.05000000074505806,0.05000000074505806
1785517948070370000,3942048,0.05000000074505806,0.05000000074505806,0.05000000074505806,0.05000000074505806
1785517948082202500,3942048,0.05000000074505806,0.05000000074505806,0.05000000074505806,0.05000000074505806
1785517948092346400,3942048,0.05000000074505806,0.05000000074505806,0.05000000074505806,0.05000000074505806
1785517948103162300,3942048,0.05000000074505806,0.05000000074505806,0.05000000074505806,0.05000000074505806
1785517948115320700,3942048,0.05000000074505806,0.05000000074505806,0.05000000074505806,0.05000000074505806
1785517948125097300,3942048,0.05000000074505806,0.05000000074505806,0.05000000074505806,0.05000000074505806
1785517948136088800,3942048,0.05000000074505806,0.05000000074505806,0.05000000074505806,0.05000000074505806
1785517948150130300,4040589,0.05000000074505806,0.05000000074505806,0.05000000074505806,0.05000000074505806
1785517948159768400,4040589,0.05000000074505806,0.05000000074505806,0.05000000074505806,0.05000000074505806
1785517948169566400,4040589,0.05000000074505806,0.05000000074505806,0.05000000074505806,0.05000000074505806
1785517948181976300,4040589,0.05000000074505806,0.05000000074505806,0.05000000074505806,0.05000000074505806
1785517948192816300,4040589,0.05000000074505806,0.05000000074505806,0.05000000074505806,0.05000000074505806
1785517948202925100,4098005,0.05000000074505806,0.05000000074505806,0.05000000074505806,0.05000000074505806
1785517948215896200,4098005,0.05000000074505806,0.05000000074505806,0.05000000074505806,0.05000000074505806
1785517948226557300,4098005,0.05000000074505806,0.05000000074505806,0.05000000074505806,0.05000000074505806
1785517948237305600,4098005,0.05000000074505806,0.05000000074505806,0.05000000074505806,0.05000000074505806
1785517948247320300,4146513,0.05000000074505806,0.05000000074505806,0.05000000074505806,0.05000000074505806
1785517948258529600,4146513,0.05000000074505806,0.05000000074505806,0.05000000074505806,0.05000000074505806
1785517948274730300,4146513,0.05000000074505806,0.05000000074505806,0.05000000074505806,0.05000000074505806
1785517948287863200,4146513,0.05000000074505806,0.05000000074505806,0.05000000074505806,0.05000000074505806
1785517948296264700,4188514,0.05000000074505806,0.05000000074505806,0.05000000074505806,0.05000000074505806
1785517948301566400,4188514,0.05000000074505806,0.05000000074505806,0.05000000074505806,0.05000000074505806
1785517948312945800,4188514,0.05000000074505806,0.05000000074505806,0.05000000074505806,0.05000000074505806
1785517948322901600,4188514,0.05000000074505806,0.05000000074505806,0.05000000074505806,0.05000000074505806
1785517948334815100,4230514,0.05000000074505806,0.05000000074505806,0.05000000074505806,0.05000000074505806
1785517948344138200,4230514,0.05000000074505806,0.05000000074505806,0.05000000074505806,0.05000000074505806
1785517948354849400,4230514,0.05000000074505806,0.05000000074505806,0.05000000074505806,0.05000000074505806
1785517948366110900,4230514,0.05000000074505806,0.05000000074505806,0.05000000074505806,0.05000000074505806
1785517948377783800,4272698,0.05000000074505806,0.05000000074505806,0.05000000074505806,0.05000000074505806
1785517948386549100,4272698,0.05000000074505806,0.05000000074505806,0.05000000074505806,0.05000000074505806
1785517948399359600,4272698,0.05000000074505806,0.05000000074505806,0.05000000074505806,0.05000000074505806
1785517948408824700,4310138,0.05000000074505806,0.05000000074505806,0.05000000074505806,0.05000000074505806
1785517948419683100,4310138,0.05000000074505806,0.05000000074505806,0.05000000074505806,0.05000000074505806
1785517948431323400,4310138,0.05000000074505806,0.05000000074505806,0.05000000074505806,0.05000000074505806
1785517948442145600,4310138,0.05000000074505806,0.05000000074505806,0.05000000074505806,0.05000000074505806
1785517948453094800,4349519,0.05000000074505806,0.05000000074505806,0.05000000074505806,0.05000000074505806
1785517948461626500,4349519,0.05000000074505806,0.05000000074505806,0.05000000074505806,0.05000000074505806
1785517948472946800,4349519,0.05000000074505806,0.05000000074505806,0.05000000074505806,0.05000000074505806
1785517948484382600,4349519,0.05000000074505806,0.05000000074505806,0.05000000074505806,0.05000000074505806
1785517948493544300,4386939,0.05000000074505806,0.05000000074505806,0.05000000074505806,0.05000000074505806
1785517948505603800,4386939,0.05000000074505806,0.05000000074505806,0.05000000074505806,0.05000000074505806
1785517948516158700,4386939,0.05000000074505806,0.05000000074505806,0.05000000074505806,0.05000000074505806
1785517948527420200,4425568,0.05000000074505806,0.05000000074505806,0.05000000074505806,0.05000000074505806
1785517948537100600,4425568,0.05000000074505806,0.05000000074505806,0.05000000074505806,0.05000000074505806
1785517948548415800,4425568,0.05000000074505806,0.05000000074505806,0.05000000074505806,0.05000000074505806
1785517948558921300,4425568,0.05000000074505806,0.05000000074505806,0.05000000074505806,0.05000000074505806
1785517948570197100,4463964,0.05000000074505806,0.05000000074505806,0.05000000074505806,0.05000000074505806
1785517948580407900,4463964,0.05000000074505806,0.05000000074505806,0.05000000074505806,0.05000000074505806
1785517948593316700,4463964,0.05000000074505806,0.05000000074505806,0.05000000074505806,0.05000000074505806
1785517948601925500,4500563,0.05000000074505806,0.05000000074505806,0.05000000074505806,0.05000000074505806
1785517948612990600,4500563,0.05000000074505806,0.05000000074505806,0.05000000074505806,0.05000000074505806
1785517948625653100,4500563,0.05000000074505806,0.05000000074505806,0.05000000074505806,0.05000000074505806
1785517948635105500,4533631,0.05000000074505806,0.05000000074505806,0.05000000074505806,0.05000000074505806
1785517948646463500,4533631,0.05000000074505806,0.05000000074505806,0.05000000074505806,0.05000000074505806
1785517948658880900,4533631,0.05000000074505806,0.05000000074505806,0.05000000074505806,0.05000000074505806
1785517948672166100,4566837,0.05000000074505806,0.05000000074505806,0.05000000074505806,0.05000000074505806
1785517948680809500,4566837,0.05000000074505806,0.05000000074505806,0.05000000074505806,0.05000000074505806
1785517948690622800,4566837,0.05000000074505806,0.05000000074505806,0.05000000074505806,0.05000000074505806
1785517948700705600,4599379,0.05000000074505806,0.05000000074505806,0.05000000074505806,0.05000000074505806
1785517948713080300,4599379,0.05000000074505806,0.05000000074505806,0.05000000074505806,0.05000000074505806
1785517948722912100,4599379,0.05000000074505806,0.05000000074505806,0.05000000074505806,0.05000000074505806
1785517948736225400,4634813,0.05000000074505806,0.05000000074505806,0.05000000074505806,0.05000000074505806
1785517948745607300,4634813,0.05000000074505806,0.05000000074505806,0.05000000074505806,0.05000000074505806
1785517948755030300,4634813,0.05000000074505806,0.05000000074505806,0.05000000074505806,0.05000000074505806
1785517948768435100,4663367,0.05000000074505806,0.05000000074505806,0.05000000074505806,0.05000000074505806
1785517948777556800,4663367,0.05000000074505806,0.05000000074505806,0.05000000074505806,0.05000000074505806
1785517948789637600,4663367,0.05000000074505806,0.05000000074505806,0.05000000074505806,0.05000000074505806
1785517948800883300,4701479,0.05000000074505806,0.05000000074505806,0.05000000074505806,0.05000000074505806
1785517948811314700,4701479,0.05000000074505806,0.05000000074505806,0.05000000074505806,0.05000000074505806
1785517948821063600,4701479,0.05000000074505806,0.05000000074505806,0.05000000074505806,0.05000000074505806
1785517948832323900,4701479,0.05000000074505806,0.05000000074505806,0.05000000074505806,0.05000000074505806
1785517948843548300,4701479,0.05000000074505806,0.05000000074505806,0.05000000074505806,0.05000000074505806
1785517948853422600,4751299,0.05000000074505806,0.05000000074505806,0.05000000074505806,0.05000000074505806
1785517948865119500,4751299,0.05000000074505806,0.05000000074505806,0.05000000074505806,0.05000000074505806
1785517948876606400,4751299,0.05000000074505806,0.05000000074505806,0.05000000074505806,0.05000000074505806
1785517948888441700,4781473,0.05000000074505806,0.05000000074505806,0.05000000074505806,0.05000000074505806
1785517948899704400,4781473,0.05000000074505806,0.05000000074505806,0.05000000074505806,0.05000000074505806
1785517948911091800,4811330,0.05000000074505806,0.05000000074505806,0.05000000074505806,0.05000000074505806
1785517948922299300,4811497,0.05000000074505806,0.05000000074505806,0.05000000074505806,0.05000000074505806
1785517948932269000,4811497,0.05000000074505806,0.05000000074505806,0.05000000074505806,0.05000000074505806
1785517948943189800,4840331,0.05000000074505806,0.05000000074505806,0.05000000074505806,0.05000000074505806
1785517948955657000,4840331,0.05000000074505806,0.05000000074505806,0.05000000074505806,0.05000000074505806
1785517948967112900,4840331,0.05000000074505806,0.05000000074505806,0.05000000074505806,0.05000000074505806
1785517948977841200,4869200,0.05000000074505806,0.05000000074505806,0.05000000074505806,0.05000000074505806
1785517948987818500,4869200,0.05000000074505806,0.05000000074505806,0.05000000074505806,0.05000000074505806
1785517949001099000,4899441,0.05000000074505806,0.05000000074505806,0.05000000074505806,0.05000000074505806
1785517949011420800,4899441,0.05000000074505806,0.05000000074505806,0.05000000074505806,0.05000000074505806
1785517949021492600,4899441,0.05000000074505806,0.05000000074505806,0.05000000074505806,0.05000000074505806
1785517949036487700,4928494,0.05000000074505806,0.05000000074505806,0.05000000074505806,0.05000000074505806
1785517949044828400,4935748,0.05000000074505806,0.05000000074505806,0.05000000074505806,0.05000000074505806
1785517949055989800,4935748,0.05000000074505806,0.05000000074505806,0.05000000074505806,0.05000000074505806
1785517949066111700,4935748,0.05000000074505806,0.05000000074505806,0.05000000074505806,0.05000000074505806
1785517949075937200,4935748,0.05000000074505806,0.05000000074505806,0.05000000074505806,0.05000000074505806
1785517949087700700,4981356,0.05000000074505806,0.05000000074505806,0.05000000074505806,0.05000000074505806
1785517949098151400,4981356,0.05000000074505806,0.05000000074505806,0.05000000074505806,0.05000000074505806
1785517949111654100,5009319,0.05000000074505806,0.05000000074505806,0.05000000074505806,0.05000000074505806
1785517949122047200,5009319,0.05000000074505806,0.05000000074505806,0.05000000074505806,0.05000000074505806
1785517949132367600,5009319,0.05000000074505806,0.05000000074505806,0.05000000074505806,0.05000000074505806
1785517949142317700,5039469,0.05000000074505806,0.05000000074505806,0.05000000074505806,0.05000000074505806
1785517949153048100,5039469,0.05000000074505806,0.05000000074505806,0.05000000074505806,0.05000000074505806
1785517949164526600,5039469,0.05000000074505806,0.05000000074505806,0.05000000074505806,0.05000000074505806
1785517949176506200,5067306,0.05000000074505806,0.05000000074505806,0.05000000074505806,0.05000000074505806
1785517949187601300,5067306,0.05000000074505806,0.05000000074505806,0.05000000074505806,0.05000000074505806
1785517949196647100,5096841,0.05000000074505806,0.05000000074505806,0.05000000074505806,0.05000000074505806
1785517949209282500,5096841,0.05000000074505806,0.05000000074505806,0.05000000074505806,0.05000000074505806
1785517949218013000,5096841,0.05000000074505806,0.05000000074505806,0.05000000074505806,0.05000000074505806
1785517949231373300,5127101,0.05000000074505806,0.05000000074505806,0.05000000074505806,0.05000000074505806
1785517949239668700,5133487,0.05000000074505806,0.05000000074505806,0.05000000074505806,0.05000000074505806
1785517949250914500,5133487,0.05000000074505806,0.05000000074505806,0.05000000074505806,0.05000000074505806
1785517949262770700,5133487,0.05000000074505806,0.05000000074505806,0.05000000074505806,0.05000000074505806
1785517949273369000,5133487,0.05000000074505806,0.05000000074505806,0.05000000074505806,0.05000000074505806
1785517949283046200,5177756,0.05000000074505806,0.05000000074505806,0.05000000074505806,0.05000000074505806
1785517949294877600,5177756,0.05000000074505806,0.05000000074505806,0.05000000074505806,0.05000000074505806
1785517949306962400,5204360,0.05000000074505806,0.05000000074505806,0.05000000074505806,0.05000000074505806
1785517949314572100,5204360,0.05000000074505806,0.05000000074505806,0.05000000074505806,0.05000000074505806
1785517949326654700,5204360,0.05000000074505806,0.05000000074505806,0.05000000074505806,0.05000000074505806
1785517949335406700,5234775,0.05000000074505806,0.05000000074505806,0.05000000074505806,0.05000000074505806
1785517949346025500,5234775,0.05000000074505806,0.05000000074505806,0.05000000074505806,0.05000000074505806
1785517949358424400,5234775,0.05000000074505806,0.05000000074505806,0.05000000074505806,0.05000000074505806
1785517949368156400,5263666,0.05000000074505806,0.05000000074505806,0.05000000074505806,0.05000000074505806
1785517949380013600,5263666,0.05000000074505806,0.05000000074505806,0.05000000074505806,0.05000000074505806
1785517949391628500,5263666,0.05000000074505806,0.05000000074505806,0.05000000074505806,0.05000000074505806
1785517949400140100,5298439,0.05000000074505806,0.05000000074505806,0.05000000074505806,0.05000000074505806
1785517949410516200,5298439,0.05000000074505806,0.05000000074505806,0.05000000074505806,0.05000000074505806
1785517949421229500,5298439,0.05000000074505806,0.05000000074505806,0.05000000074505806,0.05000000074505806
1785517949432892900,5298439,0.05000000074505806,0.05000000074505806,0.05000000074505806,0.05000000074505806
1785517949442156200,5342640,0.05000000074505806,0.05000000074505806,0.05000000074505806,0.05000000074505806
1785517949453580200,5342640,0.05000000074505806,0.05000000074505806,0.05000000074505806,0.05000000074505806
1785517949462956400,5342640,0.05000000074505806,0.05000000074505806,0.05000000074505806,0.05000000074505806
1785517949475174000,5370344,0.05000000074505806,0.05000000074505806,0.05000000074505806,0.05000000074505806
1785517949485538900,5370344,0.05000000074505806,0.05000000074505806,0.05000000074505806,0.05000000074505806
1785517949495671900,5370344,0.05000000074505806,0.05000000074505806,0.05000000074505806,0.05000000074505806
1785517949508212800,5398584,0.05000000074505806,0.05000000074505806,0.05000000074505806,0.05000000074505806
1785517949519290300,5398584,0.05000000074505806,0.05000000074505806,0.05000000074505806,0.05000000074505806
1785517949531726100,5428417,0.05000000074505806,0.05000000074505806,0.05000000074505806,0.05000000074505806
1785517949541161800,5428417,0.05000000074505806,0.05000000074505806,0.05000000074505806,0.05000000074505806
1785517949554191100,5428417,0.05000000074505806,0.05000000074505806,0.05000000074505806,0.05000000074505806
1785517949562055200,5459677,0.05000000074505806,0.05000000074505806,0.05000000074505806,0.05000000074505806
1785517949571187200,5465477,0.05000000074505806,0.05000000074505806,0.05000000074505806,0.05000000074505806
1785517949582274200,5465477,0.05000000074505806,0.05000000074505806,0.05000000074505806,0.05000000074505806
1785517949593613100,5465477,0.05000000074505806,0.05000000074505806,0.05000000074505806,0.05000000074505806
1785517949602824000,5465477,0.05000000074505806,0.05000000074505806,0.05000000074505806,0.05000000074505806
1785517949613894200,5511198,0.05000000074505806,0.05000000074505806,0.05000000074505806,0.05000000074505806
1785517949625199300,5511198,0.05000000074505806,0.05000000074505806,0.05000000074505806,0.05000000074505806
1785517949636777300,5511198,0.05000000074505806,0.05000000074505806,0.05000000074505806,0.05000000074505806
1785517949646200900,5539208,0.05000000074505806,0.05000000074505806,0.05000000074505806,0.05000000074505806
1785517949656384400,5539208,0.05000000074505806,0.05000000074505806,0.05000000074505806,0.05000000074505806
1785517949667307600,5568171,0.05000000074505806,0.05000000074505806,0.05000000074505806,0.05000000074505806
1785517949679263800,5568171,0.05000000074505806,0.05000000074505806,0.05000000074505806,0.05000000074505806
1785517949690822000,5568171,0.05000000074505806,0.05000000074505806,0.05000000074505806,0.05000000074505806
1785517949700782000,5597638,0.05000000074505806,0.05000000074505806,0.05000000074505806,0.05000000074505806
1785517949709907200,5597638,0.05000000074505806,0.05000000074505806,0.05000000074505806,0.05000000074505806
1785517949722898700,5597638,0.05000000074505806,0.05000000074505806,0.05000000074505806,0.05000000074505806
1785517949733005900,5633008,0.05000000074505806,0.05000000074505806,0.05000000074505806,0.05000000074505806
1785517949743124700,5633008,0.05000000074505806,0.05000000074505806,0.05000000074505806,0.05000000074505806
1785517949754908800,5633008,0.05000000074505806,0.05000000074505806,0.05000000074505806,0.05000000074505806
1785517949765026500,5633008,0.05000000074505806,0.05000000074505806,0.05000000074505806,0.05000000074505806
1785517949777054200,5677378,0.05000000074505806,0.05000000074505806,0.05000000074505806,0.05000000074505806
1785517949786762800,5677378,0.05000000074505806,0.05000000074505806,0.05000000074505806,0.05000000074505806
1785517949797030200,5677378,0.05000000074505806,0.05000000074505806,0.05000000074505806,0.05000000074505806
1785517949810771400,5705877,0.05000000074505806,0.05000000074505806,0.05000000074505806,0.05000000074505806
1785517949818897300,5705877,0.05000000074505806,0.05000000074505806,0.05000000074505806,0.05000000074505806
1785517949831484400,5705877,0.05000000074505806,0.05000000074505806,0.05000000074505806,0.05000000074505806
1785517949840805200,5735839,0.05000000074505806,0.05000000074505806,0.05000000074505806,0.05000000074505806
1785517949851731700,5735839,0.05000000074505806,0.05000000074505806,0.05000000074505806,0.05000000074505806
1785517949862562100,5735839,0.05000000074505806,0.05000000074505806,0.05000000074505806,0.05000000074505806
1785517949875297000,5765574,0.05000000074505806,0.05000000074505806,0.05000000074505806,0.05000000074505806
1785517949882840800,5765574,0.05000000074505806,0.05000000074505806,0.05000000074505806,0.05000000074505806
1785517949911719700,5765574,0.05000000074505806,0.05000000074505806,0.05000000074505806,0.05000000074505806
1785517949922556000,5800836,0.05000000074505806,0.05000000074505806,0.05000000074505806,0.05000000074505806
1785517949923064600,5800836,0.05000000074505806,0.05000000074505806,0.05000000074505806,0.05000000074505806
1785517949927822400,5800836,0.05000000074505806,0.05000000074505806,0.05000000074505806,0.05000000074505806
1785517949940410500,5841134,0.05000000074505806,0.05000000074505806,0.05000000074505806,0.05000000074505806
1785517949952029700,5842493,0.05000000074505806,0.05000000074505806,0.05000000074505806,0.05000000074505806
1785517949961635800,5842493,0.05000000074505806,0.05000000074505806,0.05000000074505806,0.05000000074505806
1785517949973252000,5872704,0.05000000074505806,0.05000000074505806,0.05000000074505806,0.05000000074505806
1785517949986773500,5872704,0.05000000074505806,0.05000000074505806,0.05000000074505806,0.05000000074505806
1785517950014999300,5872704,0.05000000074505806,0.05000000074505806,0.05000000074505806,0.05000000074505806
1785517950024382600,5905508,0.05000000074505806,0.05000000074505806,0.05000000074505806,0.05000000074505806
1785517950026890800,5905508,0.05000000074505806,0.05000000074505806,0.05000000074505806,0.05000000074505806
1785517950030301100,5905508,0.05000000074505806,0.05000000074505806,0.05000000074505806,0.05000000074505806
1785517950045871900,5905508,0.05000000074505806,0.05000000074505806,0.05000000074505806,0.05000000074505806
1785517950057916200,5947763,0.05000000074505806,0.05000000074505806,0.05000000074505806,0.05000000074505806
1785517950065835000,5947763,0.05000000074505806,0.05000000074505806,0.05000000074505806,0.05000000074505806
1785517950074841400,5947763,0.05000000074505806,0.05000000074505806,0.05000000074505806,0.05000000074505806
1785517950089114900,5984159,0.05000000074505806,0.05000000074505806,0.05000000074505806,0.05000000074505806
1785517950099637400,5984159,0.05000000074505806,0.05000000074505806,0.05000000074505806,0.05000000074505806
1785517950107778500,6008879,0.05000000074505806,0.05000000074505806,0.05000000074505806,0.05000000074505806
1785517950119922800,6008879,0.05000000074505806,0.05000000074505806,0.05000000074505806,0.05000000074505806
1785517950128591400,6008879,0.05000000074505806,0.05000000074505806,0.05000000074505806,0.05000000074505806
1785517950139630600,6035521,0.05000000074505806,0.05000000074505806,0.05000000074505806,0.05000000074505806
1785517950149545600,6035521,0.05000000074505806,0.05000000074505806,0.05000000074505806,0.05000000074505806
1785517950160102400,6035521,0.05000000074505806,0.05000000074505806,0.05000000074505806,0.05000000074505806
1785517950170492700,6062251,0.05000000074505806,0.05000000074505806,0.05000000074505806,0.05000000074505806
1785517950183292000,6062251,0.05000000074505806,0.05000000074505806,0.05000000074505806,0.05000000074505806
1785517950193381800,6088780,0.05000000074505806,0.05000000074505806,0.05000000074505806,0.05000000074505806
1785517950203829700,6095574,0.05000000074505806,0.05000000074505806,0.05000000074505806,0.05000000074505806
1785517950214194700,6095574,0.05000000074505806,0.05000000074505806,0.05000000074505806,0.05000000074505806
1785517950228484300,6095574,0.05000000074505806,0.05000000074505806,0.05000000074505806,0.05000000074505806
1785517950239109200,6139407,0.05000000074505806,0.05000000074505806,0.05000000074505806,0.05000000074505806
1785517950249186700,6140453,0.05000000074505806,0.05000000074505806,0.05000000074505806,0.05000000074505806
1785517950261468200,6140453,0.05000000074505806,0.05000000074505806,0.05000000074505806,0.05000000074505806
1785517950270334500,6140453,0.05000000074505806,0.05000000074505806,0.05000000074505806,0.05000000074505806
1785517950282237800,6173258,0.05000000074505806,0.05000000074505806,0.05000000074505806,0.05000000074505806
1785517950293018400,6173258,0.05000000074505806,0.05000000074505806,0.05000000074505806,0.05000000074505806
1785517950302396800,6203628,0.05000000074505806,0.05000000074505806,0.05000000074505806,0.05000000074505806
1785517950312940900,6203628,0.05000000074505806,0.05000000074505806,0.05000000074505806,0.05000000074505806
1785517950324647300,6203628,0.05000000074505806,0.05000000074505806,0.05000000074505806,0.05000000074505806
1785517950335970400,6234398,0.05000000074505806,0.05000000074505806,0.05000000074505806,0.05000000074505806
1785517950346950300,6234398,0.05000000074505806,0.05000000074505806,0.05000000074505806,0.05000000074505806
1785517950359819900,6234398,0.05000000074505806,0.05000000074505806,0.05000000074505806,0.05000000074505806
1785517950369283000,6266808,0.05000000074505806,0.05000000074505806,0.05000000074505806,0.05000000074505806
1785517950380634000,6266808,0.05000000074505806,0.05000000074505806,0.05000000074505806,0.05000000074505806
1785517950390715700,6266808,0.05000000074505806,0.05000000074505806,0.05000000074505806,0.05000000074505806
1785517950401413900,6297587,0.05000000074505806,0.05000000074505806,0.05000000074505806,0.05000000074505806
1785517950410137700,6297587,0.05000000074505806,0.05000000074505806,0.05000000074505806,0.05000000074505806
1785517950423250700,6297587,0.05000000074505806,0.05000000074505806,0.05000000074505806,0.05000000074505806
1785517950432042500,6332961,0.05000000074505806,0.05000000074505806,0.05000000074505806,0.05000000074505806
1785517950442296000,6332961,0.05000000074505806,0.05000000074505806,0.05000000074505806,0.05000000074505806
1785517950454151900,6332961,0.05000000074505806,0.05000000074505806,0.05000000074505806,0.05000000074505806
1785517950462965800,6332961,0.05000000074505806,0.05000000074505806,0.05000000074505806,0.05000000074505806
1785517950475231900,6332961,0.05000000074505806,0.05000000074505806,0.05000000074505806,0.05000000074505806
1785517950484958400,6377741,0.05000000074505806,0.05000000074505806,0.05000000074505806,0.05000000074505806
1785517950496256700,6377741,0.05000000074505806,0.05000000074505806,0.05000000074505806,0.05000000074505806
1785517950506172900,6405812,0.05000000074505806,0.05000000074505806,0.05000000074505806,0.05000000074505806
1785517950518885400,6405812,0.05000000074505806,0.05000000074505806,0.05000000074505806,0.05000000074505806
1785517950529027300,6405812,0.05000000074505806,0.05000000074505806,0.05000000074505806,0.05000000074505806
1785517950541819800,6436604,0.202049121260643,0.20215220749378204,0.2061270773410797,0.2062656134366989
1785517950549846800,6436604,0.202049121260643,0.20215220749378204,0.2061270773410797,0.2062656134366989
1785517950560000200,6436604,0.202049121260643,0.20215220749378204,0.2061270773410797,0.2062656134366989
1785517950573321400,6466808,0.20188087224960327,0.20252370834350586,0.20573148131370544,0.20653241872787476
1785517950581921500,6466808,0.20188087224960327,0.20252370834350586,0.20573148131370544,0.20653241872787476
1785517950595803700,6466808,0.20188087224960327,0.20252370834350586,0.20573148131370544,0.20653241872787476
1785517950607264200,6497600,0.20216014981269836,0.20241765677928925,0.20599831640720367,0.20612503588199615
1785517950616541100,6497600,0.20216014981269836,0.20241765677928925,0.20599831640720367,0.20612503588199615
1785517950626621500,6527995,0.20312738418579102,0.20410840213298798,0.20444369316101074,0.2050304263830185
1785517950639414600,6534529,0.20671561360359192,0.20811937749385834,0.20075999200344086,0.20112258195877075
1785517950649984100,6534529,0.20671561360359192,0.20811937749385834,0.20075999200344086,0.20112258195877075
1785517950659405500,6534529,0.20671561360359192,0.20811937749385834,0.20075999200344086,0.20112258195877075
1785517950670755800,6534529,0.20671561360359192,0.20811937749385834,0.20075999200344086,0.20112258195877075
1785517950684283200,6581352,0.2148541361093521,0.21617846190929413,0.19311580061912537,0.19257573783397675
1785517950692525500,6581352,0.2148541361093521,0.21617846190929413,0.19311580061912537,0.19257573783397675
1785517950702151300,6581352,0.2148541361093521,0.21617846190929413,0.19311580061912537,0.19257573783397675
1785517950712690400,6609639,0.22010862827301025,0.22165696322917938,0.1879407912492752,0.18701931834220886
1785517950722913800,6609639,0.22010862827301025,0.22165696322917938,0.1879407912492752,0.18701931834220886
1785517950733092900,6609639,0.22010862827301025,0.22165696322917938,0.1879407912492752,0.18701931834220886
1785517950744142600,6640250,0.2257803976535797,0.22769905626773834,0.18221761286258698,0.18102940917015076
1785517950756479700,6640250,0.2257803976535797,0.22769905626773834,0.18221761286258698,0.18102940917015076
1785517950766132500,6640250,0.2257803976535797,0.22769905626773834,0.18221761286258698,0.18102940917015076
1785517950779532900,6671196,0.2309691607952118,0.23335468769073486,0.17682574689388275,0.17557717859745026
1785517950786267300,6671196,0.2309691607952118,0.23335468769073486,0.17682574689388275,0.17557717859745026
1785517950797422300,6699129,0.23246313631534576,0.23497286438941956,0.17525918781757355,0.17403163015842438
1785517950809346300,6700101,0.23667800426483154,0.23942533135414124,0.17083054780960083,0.1697930246591568
1785517950821214900,6700101,0.23667800426483154,0.23942533135414124,0.17083054780960083,0.1697930246591568
1785517950832633200,6728889,0.24240295588970184,0.2452370524406433,0.16487185657024384,0.16421513259410858
1785517950841330300,6728889,0.24240295588970184,0.2452370524406433,0.16487185657024384,0.16421513259410858
1785517950851905800,6728889,0.24240295588970184,0.2452370524406433,0.16487185657024384,0.16421513259410858
1785517950864513000,6760281,0.24861180782318115,0.2511436343193054,0.15859892964363098,0.1583726555109024
1785517950874089600,6767203,0.25040706992149353,0.25279343128204346,0.15681856870651245,0.15670792758464813
1785517950883895200,6767203,0.25040706992149353,0.25279343128204346,0.15681856870651245,0.15670792758464813
1785517950894941100,6767203,0.25040706992149353,0.25279343128204346,0.15681856870651245,0.15670792758464813
1785517950906915900,6767203,0.25040706992149353,0.25279343128204346,0.15681856870651245,0.15670792758464813
1785517950919455200,6814335,0.22659170627593994,0.22719381749629974,0.18147939443588257,0.1814621090888977
1785517950926602200,6814335,0.22659170627593994,0.22719381749629974,0.18147939443588257,0.1814621090888977
1785517950940338500,6814335,0.22659170627593994,0.22719381749629974,0.18147939443588257,0.1814621090888977
1785517950949780700,6841480,0.19873644411563873,0.19843469560146332,0.20973901450634003,0.2098168432712555
1785517950959357800,6841480,0.19873644411563873,0.19843469560146332,0.20973901450634003,0.2098168432712555
1785517950970581600,6841480,0.19873644411563873,0.19843469560146332,0.20973901450634003,0.2098168432712555
1785517950982462200,6879156,0.20499227941036224,0.20488698780536652,0.203328475356102,0.2035192847251892
1785517950992583600,6879156,0.20499227941036224,0.20488698780536652,0.203328475356102,0.2035192847251892
1785517951004074100,6900565,0.20692285895347595,0.20698684453964233,0.2013741135597229,0.20144322514533997
1785517951014620200,6900565,0.20692285895347595,0.20698684453964233,0.2013741135597229,0.20144322514533997
1785517951025622800,6900565,0.20692285895347595,0.20698684453964233,0.2013741135597229,0.20144322514533997
1785517951035740100,6936971,0.20568297803401947,0.20578357577323914,0.20264281332492828,0.20261766016483307
1785517951047392300,6936971,0.20568297803401947,0.20578357577323914,0.20264281332492828,0.20261766016483307
1785517951058112800,6959911,0.20531955361366272,0.2053905576467514,0.20301295816898346,0.20300397276878357
1785517951069910800,6966549,0.2052786648273468,0.2053217738866806,0.20305442810058594,0.20307216048240662
1785517951079767100,6966549,0.2052786648273468,0.2053217738866806,0.20305442810058594,0.20307216048240662
1785517951089606000,6966549,0.2052786648273468,0.2053217738866806,0.20305442810058594,0.20307216048240662
1785517951100983700,6966549,0.2052786648273468,0.2053217738866806,0.20305442810058594,0.20307216048240662
1785517951111294400,7010434,0.20523454248905182,0.20524568855762482,0.2031010389328003,0.20314578711986542
1785517951122579700,7010434,0.20523454248905182,0.20524568855762482,0.2031010389328003,0.20314578711986542
1785517951132958200,7010434,0.20523454248905182,0.20524568855762482,0.2031010389328003,0.20314578711986542
1785517951144273200,7040446,0.20509222149848938,0.20511238276958466,0.2032470554113388,0.2032753974199295
1785517951156781100,7040446,0.20509222149848938,0.20511238276958466,0.2032470554113388,0.2032753974199295
1785517951167963200,7040446,0.20509222149848938,0.20511238276958466,0.2032470554113388,0.2032753974199295
1785517951180073900,7040446,0.20509222149848938,0.20511238276958466,0.2032470554113388,0.2032753974199295
1785517951189778100,7040446,0.20509222149848938,0.20511238276958466,0.2032470554113388,0.2032753974199295
1785517951199631500,7040446,0.20509222149848938,0.20511238276958466,0.2032470554113388,0.2032753974199295
1785517951211213500,7040446,0.20509222149848938,0.20511238276958466,0.2032470554113388,0.2032753974199295
1785517951221184600,7040446,0.20509222149848938,0.20511238276958466,0.2032470554113388,0.2032753974199295
1785517951232683900,7040446,0.20509222149848938,0.20511238276958466,0.2032470554113388,0.2032753974199295
1785517951242119500,7040446,0.20509222149848938,0.20511238276958466,0.2032470554113388,0.2032753974199295
1785517951253263300,7040446,0.20509222149848938,0.20511238276958466,0.2032470554113388,0.2032753974199295
1785517951263904900,7040446,0.20509222149848938,0.20511238276958466,0.2032470554113388,0.2032753974199295
1785517951273798100,7040446,0.20509222149848938,0.20511238276958466,0.2032470554113388,0.2032753974199295
1785517951286337400,7185564,0.20498166978359222,0.20500704646110535,0.2033603936433792,0.20337791740894318
1785517951295687900,7189151,0.20469385385513306,0.20470678806304932,0.20365598797798157,0.2036704272031784
1785517951306802300,7189151,0.20469385385513306,0.20470678806304932,0.20365598797798157,0.2036704272031784
1785517951317462300,7189151,0.20469385385513306,0.20470678806304932,0.20365598797798157,0.2036704272031784
1785517951326336500,7189151,0.20469385385513306,0.20470678806304932,0.20365598797798157,0.2036704272031784
1785517951338982100,7189151,0.20469385385513306,0.20470678806304932,0.20365598797798157,0.2036704272031784
1785517951347474800,7189151,0.20469385385513306,0.20470678806304932,0.20365598797798157,0.2036704272031784
1785517951358877700,7189151,0.20469385385513306,0.20470678806304932,0.20365598797798157,0.2036704272031784
1785517951371274700,7189151,0.20469385385513306,0.20470678806304932,0.20365598797798157,0.2036704272031784
1785517951382173600,7189151,0.20469385385513306,0.20470678806304932,0.20365598797798157,0.2036704272031784
1785517951392899100,7189151,0.20469385385513306,0.20470678806304932,0.20365598797798157,0.2036704272031784
1785517951401925500,7189151,0.20469385385513306,0.20470678806304932,0.20365598797798157,0.2036704272031784
1785517951413724100,7189151,0.20469385385513306,0.20470678806304932,0.20365598797798157,0.2036704272031784
1785517951424857900,7189151,0.20469385385513306,0.20470678806304932,0.20365598797798157,0.2036704272031784
1785517951434706000,7189151,0.20469385385513306,0.20470678806304932,0.20365598797798157,0.2036704272031784
1785517951445179100,7189151,0.20469385385513306,0.20470678806304932,0.20365598797798157,0.2036704272031784
1785517951456087600,7189151,0.20469385385513306,0.20470678806304932,0.20365598797798157,0.2036704272031784
1785517951466288900,7189151,0.20469385385513306,0.20470678806304932,0.20365598797798157,0.2036704272031784
1785517951478761600,7189151,0.20469385385513306,0.20470678806304932,0.20365598797798157,0.2036704272031784
1785517951489686300,7189151,0.20469385385513306,0.20470678806304932,0.20365598797798157,0.2036704272031784
1785517951500934400,7400057,0.20447207987308502,0.20447975397109985,0.20388367772102356,0.2038915455341339
1785517951510010100,7400057,0.20447207987308502,0.20447975397109985,0.20388367772102356,0.2038915455341339
1785517951520897300,7400057,0.20447207987308502,0.20447975397109985,0.20388367772102356,0.2038915455341339
1785517951532200100,7400057,0.20447207987308502,0.20447975397109985,0.20388367772102356,0.2038915455341339
1785517951542146200,7400057,0.20447207987308502,0.20447975397109985,0.20388367772102356,0.2038915455341339
1785517951552907400,7400057,0.20447207987308502,0.20447975397109985,0.20388367772102356,0.2038915455341339
1785517951563256900,7400057,0.20447207987308502,0.20447975397109985,0.20388367772102356,0.2038915455341339
1785517951574742400,7400057,0.20447207987308502,0.20447975397109985,0.20388367772102356,0.2038915455341339
1785517951584804300,7400057,0.20447207987308502,0.20447975397109985,0.20388367772102356,0.2038915455341339
1785517951594836700,7400057,0.20447207987308502,0.20447975397109985,0.20388367772102356,0.2038915455341339
1785517951605757600,7400057,0.20447207987308502,0.20447975397109985,0.20388367772102356,0.2038915455341339
1785517951619186100,7400057,0.20447207987308502,0.20447975397109985,0.20388367772102356,0.2038915455341339
1785517951629378700,7523426,0.20435306429862976,0.20435760915279388,0.2040059119462967,0.2040104866027832
1785517951640126800,7523426,0.20435306429862976,0.20435760915279388,0.2040059119462967,0.2040104866027832
1785517951651572500,7523426,0.20435306429862976,0.20435760915279388,0.2040059119462967,0.2040104866027832
1785517951660803100,7523426,0.20435306429862976,0.20435760915279388,0.2040059119462967,0.2040104866027832
1785517951673995900,7523426,0.20435306429862976,0.20435760915279388,0.2040059119462967,0.2040104866027832
1785517951695922000,7523426,0.20435306429862976,0.20435760915279388,0.2040059119462967,0.2040104866027832
1785517951708336100,7593657,0.204314187169075,0.20431773364543915,0.20404577255249023,0.20404933393001556
1785517951709314300,7593657,0.204314187169075,0.20431773364543915,0.20404577255249023,0.20404933393001556
1785517951716639600,7593657,0.204314187169075,0.20431773364543915,0.20404577255249023,0.20404933393001556
1785517951725613400,7593657,0.204314187169075,0.20431773364543915,0.20404577255249023,0.20404933393001556
1785517951749795500,7593657,0.204314187169075,0.20431773364543915,0.20404577255249023,0.20404933393001556
1785517951752063200,7646259,0.20428326725959778,0.20428600907325745,0.20407751202583313,0.2040802240371704
1785517951759226200,7646259,0.20428326725959778,0.20428600907325745,0.20407751202583313,0.2040802240371704
1785517951770912700,7646259,0.20428326725959778,0.20428600907325745,0.20407751202583313,0.2040802240371704
1785517951782053900,7646259,0.20428326725959778,0.20428600907325745,0.20407751202583313,0.2040802240371704
1785517951792248500,7692848,0.2042703926563263,0.20427274703979492,0.20409075915813446,0.20409315824508667
1785517951802165600,7693387,0.2042645812034607,0.20426681637763977,0.2040966898202896,0.20409893989562988
1785517951812605400,7693387,0.2042645812034607,0.20426681637763977,0.2040966898202896,0.20409893989562988
1785517951823722700,7693387,0.2042645812034607,0.20426681637763977,0.2040966898202896,0.20409893989562988
1785517951833825500,7732908,0.20425142347812653,0.20425327122211456,0.204110249876976,0.20411211252212524
1785517951846067900,7732908,0.20425142347812653,0.20425327122211456,0.204110249876976,0.20411211252212524
1785517951856595400,7732908,0.20425142347812653,0.20425327122211456,0.204110249876976,0.20411211252212524
1785517951866606800,7732908,0.20425142347812653,0.20425327122211456,0.204110249876976,0.20411211252212524
1785517951878459200,7776822,0.2042396515607834,0.20424121618270874,0.20412231981754303,0.2041238695383072
1785517951889437800,7776822,0.2042396515607834,0.20424121618270874,0.20412231981754303,0.2041238695383072
1785517951900481800,7776822,0.2042396515607834,0.20424121618270874,0.20412231981754303,0.2041238695383072
1785517951910439700,7776822,0.2042396515607834,0.20424121618270874,0.20412231981754303,0.2041238695383072
1785517951920410600,7817822,0.20423032343387604,0.20423159003257751,0.20413193106651306,0.20413322746753693
1785517951932783200,7817822,0.20423032343387604,0.20423159003257751,0.20413193106651306,0.20413322746753693
1785517951943533100,7817822,0.20423032343387604,0.20423159003257751,0.20413193106651306,0.20413322746753693
1785517951965889100,7817822,0.20423032343387604,0.20423159003257751,0.20413193106651306,0.20413322746753693
1785517951966632200,7856148,0.20422300696372986,0.204224094748497,0.20413942635059357,0.20414051413536072
1785517951977074600,7856148,0.20422300696372986,0.204224094748497,0.20413942635059357,0.20414051413536072
1785517951986563100,7856148,0.20422300696372986,0.204224094748497,0.20413942635059357,0.20414051413536072
1785517951995610600,7893626,0.2042168378829956,0.204217791557312,0.20414572954177856,0.20414668321609497
1785517952008027200,7893626,0.2042168378829956,0.204217791557312,0.20414572954177856,0.20414668321609497
1785517952020812900,7893626,0.2042168378829956,0.204217791557312,0.20414572954177856,0.20414668321609497
1785517952028652600,7893626,0.2042168378829956,0.204217791557312,0.20414572954177856,0.20414668321609497
1785517952040768700,7933761,0.20421138405799866,0.20421215891838074,0.20415134727954865,0.2041521519422531
1785517952048979000,7933761,0.20421138405799866,0.20421215891838074,0.20415134727954865,0.2041521519422531
1785517952060013100,7933761,0.20421138405799866,0.20421215891838074,0.20415134727954865,0.2041521519422531
1785517952071075400,7933761,0.20421138405799866,0.20421215891838074,0.20415134727954865,0.2041521519422531
1785517952082787500,7975316,0.20420663058757782,0.20420728623867035,0.20415623486042023,0.20415689051151276
1785517952091716100,7975316,0.20420663058757782,0.20420728623867035,0.20415623486042023,0.20415689051151276
1785517952102872100,7975316,0.20420663058757782,0.20420728623867035,0.20415623486042023,0.20415689051151276
1785517952114042800,8010440,0.2042030394077301,0.20420359075069427,0.2041599303483963,0.20416049659252167
1785517952123850000,8010440,0.2042030394077301,0.20420359075069427,0.2041599303483963,0.20416049659252167
1785517952138266200,8010440,0.2042030394077301,0.20420359075069427,0.2041599303483963,0.20416049659252167
1785517952146972200,8044003,0.20420025289058685,0.20420077443122864,0.20416274666786194,0.20416325330734253
1785517952156850100,8044003,0.20420025289058685,0.20420077443122864,0.20416274666786194,0.20416325330734253
1785517952169884700,8044003,0.20420025289058685,0.20420077443122864,0.20416274666786194,0.20416325330734253
1785517952185893700,8079027,0.20419766008853912,0.20419809222221375,0.20416541397571564,0.20416584610939026
1785517952190796800,8079027,0.20419766008853912,0.20419809222221375,0.20416541397571564,0.20416584610939026
1785517952202260400,8079027,0.20419766008853912,0.20419809222221375,0.20416541397571564,0.20416584610939026
1785517952213780200,8113605,0.20419549942016602,0.20419584214687347,0.2041676640510559,0.20416803658008575
1785517952223255400,8113605,0.20419549942016602,0.20419584214687347,0.2041676640510559,0.20416803658008575
1785517952235428800,8113605,0.20419549942016602,0.20419584214687347,0.2041676640510559,0.20416803658008575
1785517952244535100,8113605,0.20419549942016602,0.20419584214687347,0.2041676640510559,0.20416803658008575
1785517952259378200,8148125,0.2041936218738556,0.20419393479824066,0.20416958630084991,0.2041698843240738
1785517952267729100,8148125,0.2041936218738556,0.20419393479824066,0.20416958630084991,0.2041698843240738
1785517952279975800,8180109,0.20419199764728546,0.20419229567050934,0.20417124032974243,0.20417152345180511
1785517952290130900,8180109,0.20419199764728546,0.20419229567050934,0.20417124032974243,0.20417152345180511
1785517952301877600,8180109,0.20419199764728546,0.20419229567050934,0.20417124032974243,0.20417152345180511
1785517952310969200,8211707,0.20419083535671234,0.20419107377529144,0.20417246222496033,0.20417268574237823
1785517952322103500,8211707,0.20419083535671234,0.20419107377529144,0.20417246222496033,0.20417268574237823
1785517952333938300,8211707,0.20419083535671234,0.20419107377529144,0.20417246222496033,0.20417268574237823
1785517952343243400,8242894,0.20418968796730042,0.20418989658355713,0.20417362451553345,0.20417386293411255
1785517952354247300,8242894,0.20418968796730042,0.20418989658355713,0.20417362451553345,0.20417386293411255
1785517952365522900,8242894,0.20418968796730042,0.20418989658355713,0.20417362451553345,0.20417386293411255
1785517952374714800,8273454,0.20418871939182281,0.20418889820575714,0.20417462289333344,0.20417480170726776
1785517952387531200,8273454,0.20418871939182281,0.20418889820575714,0.20417462289333344,0.20417480170726776
1785517952398347200,8273454,0.20418871939182281,0.20418889820575714,0.20417462289333344,0.20417480170726776
1785517952408436200,8304494,0.2082059681415558,0.2082061469554901,0.20819370448589325,0.20819388329982758
1785517952418848300,8304494,0.2082059681415558,0.2082061469554901,0.20819370448589325,0.20819388329982758
1785517952429903500,8304494,0.2082059681415558,0.2082061469554901,0.20819370448589325,0.20819388329982758
1785517952441315700,8336219,0.21423447132110596,0.2142345905303955,0.2142239511013031,0.21422408521175385
1785517952452497100,8336219,0.21423447132110596,0.2142345905303955,0.2142239511013031,0.21422408521175385
1785517952463037400,8336219,0.21423447132110596,0.2142345905303955,0.2142239511013031,0.21422408521175385
1785517952473503400,8365031,0.22714802622795105,0.2271481603384018,0.2271389663219452,0.22713910043239594
1785517952482834100,8365031,0.22714802622795105,0.2271481603384018,0.2271389663219452,0.22713910043239594
1785517952494741000,8394497,0.23863734304904938,0.23863744735717773,0.2386297583580017,0.23862984776496887
1785517952505672000,8400825,0.24026618897914886,0.24026627838611603,0.2402588427066803,0.24025894701480865
1785517952515702000,8400825,0.24026618897914886,0.24026627838611603,0.2402588427066803,0.24025894701480865
1785517952527257200,8400825,0.24026618897914886,0.24026627838611603,0.2402588427066803,0.24025894701480865
1785517952535985200,8400825,0.24026618897914886,0.24026627838611603,0.2402588427066803,0.24025894701480865
1785517952547545600,8446640,0.2666845917701721,0.2666846513748169,0.266679048538208,0.2666790783405304
1785517952559913900,8446640,0.2666845917701721,0.2666846513748169,0.266679048538208,0.2666790783405304
1785517952570122200,8446640,0.2666845917701721,0.2666846513748169,0.266679048538208,0.2666790783405304
1785517952580662800,8474916,0.278226375579834,0.27822646498680115,0.27822163701057434,0.2782216966152191
1785517952593485900,8474916,0.278226375579834,0.27822646498680115,0.27822163701057434,0.2782216966152191
1785517952602630100,8503842,0.2943315804004669,0.2943316400051117,0.29432758688926697,0.29432764649391174
1785517952613849000,8503842,0.2943315804004669,0.2943316400051117,0.29432758688926697,0.29432764649391174
1785517952624751300,8503842,0.2943315804004669,0.2943316400051117,0.29432758688926697,0.29432764649391174
1785517952635712700,8533005,0.30736851692199707,0.30736851692199707,0.3073651194572449,0.30736517906188965
1785517952646790200,8533005,0.30736851692199707,0.30736851692199707,0.3073651194572449,0.30736517906188965
1785517952659802500,8533005,0.30736851692199707,0.30736851692199707,0.3073651194572449,0.30736517906188965
1785517952667016200,8567796,0.32171639800071716,0.32171639800071716,0.3217136561870575,0.3217136859893799
1785517952677820200,8567796,0.32171639800071716,0.32171639800071716,0.3217136561870575,0.3217136859893799
1785517952689923800,8567796,0.32171639800071716,0.32171639800071716,0.3217136561870575,0.3217136859893799
1785517952700206500,8567796,0.32171639800071716,0.32171639800071716,0.3217136561870575,0.3217136859893799
1785517952710166500,8612263,0.33354735374450684,0.3335473835468292,0.3335448205471039,0.33354488015174866
1785517952723419400,8613284,0.34698784351348877,0.34698787331581116,0.34698569774627686,0.34698575735092163
1785517952733066700,8613284,0.34698784351348877,0.34698787331581116,0.34698569774627686,0.34698575735092163
1785517952743200000,8642378,0.35838326811790466,0.35838329792022705,0.3583814799785614,0.3583814799785614
1785517952754603600,8642378,0.35838326811790466,0.35838329792022705,0.3583814799785614,0.3583814799785614
1785517952764181200,8642378,0.35838326811790466,0.35838329792022705,0.3583814799785614,0.3583814799785614
1785517952774645900,8671460,0.3706756830215454,0.3706757128238678,0.37067413330078125,0.37067413330078125
1785517952787695200,8671460,0.3706756830215454,0.3706757128238678,0.37067413330078125,0.37067413330078125
1785517952797249400,8671460,0.3706756830215454,0.3706757128238678,0.37067413330078125,0.37067413330078125
1785517952809299400,8702075,0.3779529631137848,0.3779529929161072,0.37795165181159973,0.37795165181159973
1785517952819165200,8702075,0.3779529631137848,0.3779529929161072,0.37795165181159973,0.37795165181159973
1785517952829214700,8702075,0.3779529631137848,0.3779529929161072,0.37795165181159973,0.37795165181159973
1785517952841287600,8733018,0.3814305365085602,0.3814305067062378,0.3814293146133423,0.38142937421798706
1785517952850959700,8733018,0.3814305365085602,0.3814305067062378,0.3814293146133423,0.38142937421798706
1785517952863617000,8733018,0.3814305365085602,0.3814305067062378,0.3814293146133423,0.38142937421798706
1785517952872846000,8764337,0.382990300655365,0.382990300655365,0.3829892873764038,0.3829893171787262
1785517952883281900,8764337,0.382990300655365,0.382990300655365,0.3829892873764038,0.3829893171787262
1785517952894105000,8794557,0.38320958614349365,0.38320958614349365,0.38320863246917725,0.38320866227149963
1785517952903419200,8795660,0.3836519420146942,0.383652001619339,0.38365107774734497,0.38365107774734497
1785517952913639800,8795660,0.3836519420146942,0.383652001619339,0.38365107774734497,0.38365107774734497
1785517952925560300,8826381,0.3837508261203766,0.383750855922699,0.38374996185302734,0.38374996185302734
1785517952936161400,8833461,0.38398584723472595,0.38398584723472595,0.38398513197898865,0.38398516178131104
1785517952946842900,8833461,0.38398584723472595,0.38398584723472595,0.38398513197898865,0.38398516178131104
1785517952960065300,8833461,0.38398584723472595,0.38398584723472595,0.38398513197898865,0.38398516178131104
1785517952968726200,8833461,0.38398584723472595,0.38398584723472595,0.38398513197898865,0.38398516178131104
1785517952982351700,8877304,0.3841107487678528,0.3841107487678528,0.38411015272140503,0.38411015272140503
1785517952991273000,8877304,0.3841107487678528,0.3841107487678528,0.38411015272140503,0.38411015272140503
1785517953004286300,8877304,0.3841107487678528,0.3841107487678528,0.38411015272140503,0.38411015272140503
1785517953013711000,8906420,0.38414299488067627,0.38414305448532104,0.38414251804351807,0.38414251804351807
1785517953023552400,8906420,0.38414299488067627,0.38414305448532104,0.38414251804351807,0.38414251804351807
1785517953034692500,8906420,0.38414299488067627,0.38414305448532104,0.38414251804351807,0.38414251804351807
1785517953043926400,8936682,0.38415858149528503,0.3841586112976074,0.38415810465812683,0.3841581344604492
1785517953054257300,8936682,0.38415858149528503,0.3841586112976074,0.38415810465812683,0.3841581344604492
1785517953066734300,8936682,0.38415858149528503,0.3841586112976074,0.38415810465812683,0.3841581344604492
1785517953075647500,8969025,0.38416555523872375,0.38416552543640137,0.3841651678085327,0.3841651678085327
1785517953086251900,8969025,0.38416555523872375,0.38416552543640137,0.3841651678085327,0.3841651678085327
1785517953098004700,8997689,0.38416850566864014,0.38416850566864014,0.3841681480407715,0.3841681480407715
1785517953108195200,8997689,0.38416850566864014,0.38416850566864014,0.3841681480407715,0.3841681480407715
1785517953118726900,8997689,0.38416850566864014,0.38416850566864014,0.3841681480407715,0.3841681480407715
1785517953128816300,9025899,0.3841697573661804,0.3841697871685028,0.38416945934295654,0.38416942954063416
1785517953139871300,9032372,0.38416996598243713,0.3841699957847595,0.38416966795921326,0.38416963815689087
1785517953151575400,9032372,0.38416996598243713,0.3841699957847595,0.38416966795921326,0.38416963815689087
1785517953160188800,9032372,0.38416996598243713,0.3841699957847595,0.38416966795921326,0.38416963815689087
1785517953172047700,9032372,0.38416996598243713,0.3841699957847595,0.38416966795921326,0.38416963815689087
1785517953181849900,9078795,0.38417062163352966,0.38417062163352966,0.3841703534126282,0.3841703534126282
1785517953193036500,9078795,0.38417062163352966,0.38417062163352966,0.3841703534126282,0.3841703534126282
1785517953203833800,9078795,0.38417062163352966,0.38417062163352966,0.3841703534126282,0.3841703534126282
1785517953214396700,9108846,0.3841707408428192,0.3841707408428192,0.3841705620288849,0.3841705620288849
1785517953224740800,9108846,0.3841707408428192,0.3841707408428192,0.3841705620288849,0.3841705620288849
1785517953240931400,9108846,0.3841707408428192,0.3841707408428192,0.3841705620288849,0.3841705620288849
1785517953248786400,9138644,0.384170800447464,0.384170800447464,0.38417062163352966,0.38417065143585205
1785517953259558800,9138644,0.384170800447464,0.384170800447464,0.38417062163352966,0.38417065143585205
1785517953269134800,9168310,0.384170800447464,0.384170800447464,0.38417065143585205,0.38417065143585205
1785517953279784300,9168310,0.384170800447464,0.384170800447464,0.38417065143585205,0.38417065143585205
1785517953290261100,9168310,0.384170800447464,0.384170800447464,0.38417065143585205,0.38417065143585205
1785517953302671000,9198544,0.384170800447464,0.384170800447464,0.38417068123817444,0.38417068123817444
1785517953315487300,9198544,0.384170800447464,0.384170800447464,0.38417068123817444,0.38417068123817444
1785517953323707500,9198544,0.384170800447464,0.384170800447464,0.38417068123817444,0.38417068123817444
1785517953333311400,9234413,0.384170800447464,0.384170800447464,0.38417068123817444,0.38417068123817444
1785517953345194700,9234413,0.384170800447464,0.384170800447464,0.38417068123817444,0.38417068123817444
1785517953355638100,9234413,0.384170800447464,0.384170800447464,0.38417068123817444,0.38417068123817444
1785517953367703400,9234413,0.384170800447464,0.384170800447464,0.38417068123817444,0.38417068123817444
1785517953381996000,9279337,0.384170800447464,0.384170800447464,0.3841707110404968,0.3841707110404968
1785517953389430800,9280063,0.384170800447464,0.384170800447464,0.3841707110404968,0.3841707110404968
1785517953398489700,9280063,0.384170800447464,0.384170800447464,0.3841707110404968,0.3841707110404968
1785517953409397100,9309531,0.3841708302497864,0.3841708302497864,0.38417068123817444,0.3841707110404968
1785517953420578900,9309531,0.3841708302497864,0.3841708302497864,0.38417068123817444,0.3841707110404968
1785517953429942800,9309531,0.3841708302497864,0.3841708302497864,0.38417068123817444,0.3841707110404968
1785517953441926000,9338114,0.3841708302497864,0.384170800447464,0.3841707110404968,0.3841707110404968
1785517953451802400,9338114,0.3841708302497864,0.384170800447464,0.3841707110404968,0.3841707110404968
1785517953463572100,9338114,0.3841708302497864,0.384170800447464,0.3841707110404968,0.3841707110404968
1785517953472930600,9367683,0.3841708302497864,0.384170800447464,0.3841707408428192,0.3841707110404968
1785517953483734300,9367683,0.3841708302497864,0.384170800447464,0.3841707408428192,0.3841707110404968
1785517953495210400,9395526,0.3841708302497864,0.384170800447464,0.3841707408428192,0.3841707110404968
1785517953505683800,9395526,0.3841708302497864,0.384170800447464,0.3841707408428192,0.3841707110404968
1785517953515117700,9395526,0.3841708302497864,0.384170800447464,0.3841707408428192,0.3841707110404968
1785517953526541500,9424364,0.3841707706451416,0.384170800447464,0.3841707706451416,0.3841707408428192
1785517953536449700,9430554,0.3841707706451416,0.384170800447464,0.3841707706451416,0.3841707408428192
1785517953547672900,9430554,0.3841707706451416,0.384170800447464,0.3841707706451416,0.3841707408428192
1785517953558051700,9430554,0.3841707706451416,0.384170800447464,0.3841707706451416,0.3841707408428192
1785517953569985400,9430554,0.3841707706451416,0.384170800447464,0.3841707706451416,0.3841707408428192
1785517953580666300,9475925,0.3841707706451416,0.384170800447464,0.3841707706451416,0.3841707408428192
1785517953590813400,9475925,0.3841707706451416,0.384170800447464,0.3841707706451416,0.3841707408428192
1785517953601626500,9475925,0.3841707706451416,0.384170800447464,0.3841707706451416,0.3841707408428192
1785517953612869100,9504344,0.3841707706451416,0.384170800447464,0.3841707706451416,0.3841707408428192
1785517953622395000,9504344,0.3841707706451416,0.384170800447464,0.3841707706451416,0.3841707408428192
1785517953632612400,9533517,0.3841707706451416,0.384170800447464,0.3841707706451416,0.3841707408428192
1785517953644546700,9533517,0.3841707706451416,0.384170800447464,0.3841707706451416,0.3841707408428192
1785517953655899700,9533517,0.3841707706451416,0.384170800447464,0.3841707706451416,0.3841707408428192
1785517953668201600,9562428,0.3841707706451416,0.384170800447464,0.3841707706451416,0.3841707706451416
1785517953677199200,9562428,0.3841707706451416,0.384170800447464,0.3841707706451416,0.3841707706451416
1785517953689971200,9562428,0.3841707706451416,0.384170800447464,0.3841707706451416,0.3841707706451416
1785517953700451100,9598540,0.3841707706451416,0.384170800447464,0.3841707706451416,0.3841707706451416
1785517953712207800,9598540,0.3841707706451416,0.384170800447464,0.3841707706451416,0.3841707706451416
1785517953721169800,9598540,0.3841707706451416,0.384170800447464,0.3841707706451416,0.3841707706451416
1785517953732094200,9598540,0.3841707706451416,0.384170800447464,0.3841707706451416,0.3841707706451416
1785517953745595400,9644808,0.3841707706451416,0.384170800447464,0.3841707706451416,0.3841707706451416
1785517953754944200,9646313,0.3841707408428192,0.384170800447464,0.3841707706451416,0.3841707706451416
1785517953766209700,9646313,0.3841707408428192,0.384170800447464,0.3841707706451416,0.3841707706451416
1785517953775718300,9676231,0.3841707706451416,0.384170800447464,0.3841707706451416,0.3841707408428192
1785517953785831500,9676231,0.3841707706451416,0.384170800447464,0.3841707706451416,0.3841707408428192
1785517953799758900,9676231,0.3841707706451416,0.384170800447464,0.3841707706451416,0.3841707408428192
1785517953809416600,9706363,0.3841707408428192,0.3841707706451416,0.3841707706451416,0.3841707706451416
1785517953820473200,9706363,0.3841707408428192,0.3841707706451416,0.3841707706451416,0.3841707706451416
1785517953831638200,9706363,0.3841707408428192,0.3841707706451416,0.3841707706451416,0.3841707706451416
1785517953841642400,9735515,0.3841707706451416,0.3841707706451416,0.3841707706451416,0.3841707706451416
1785517953851814900,9735515,0.3841707706451416,0.3841707706451416,0.3841707706451416,0.3841707706451416
1785517953863165000,9764126,0.3841707706451416,0.3841707706451416,0.3841707706451416,0.3841707706451416
1785517953873336300,9764126,0.3841707706451416,0.3841707706451416,0.3841707706451416,0.3841707706451416
1785517953883870100,9764126,0.3841707706451416,0.3841707706451416,0.3841707706451416,0.3841707706451416
1785517953893682700,9792661,0.3841707706451416,0.3841707706451416,0.3841707706451416,0.3841707706451416
1785517953904553400,9799328,0.3841707706451416,0.3841707706451416,0.3841707706451416,0.3841707706451416
1785517953917272400,9799328,0.3841707706451416,0.3841707706451416,0.3841707706451416,0.3841707706451416
1785517953927643600,9799328,0.3841707706451416,0.3841707706451416,0.3841707706451416,0.3841707706451416
1785517953938869800,9799328,0.3841707706451416,0.3841707706451416,0.3841707706451416,0.3841707706451416
1785517953948871400,9844940,0.3841707706451416,0.3841707706451416,0.3841707706451416,0.3841707706451416
1785517953959594800,9844940,0.3841707706451416,0.3841707706451416,0.3841707706451416,0.3841707706451416
1785517953971668300,9873323,0.3841707706451416,0.3841707706451416,0.3841707706451416,0.3841707706451416
1785517953982807900,9873323,0.3841707706451416,0.3841707706451416,0.3841707706451416,0.3841707706451416
1785517953995453300,9873323,0.3841707706451416,0.3841707706451416,0.3841707706451416,0.3841707706451416
1785517954003234800,9904794,0.3841707706451416,0.3841707706451416,0.3841707706451416,0.3841707706451416
1785517954019283000,9904794,0.3841707706451416,0.3841707706451416,0.3841707706451416,0.3841707706451416
1785517954027876900,9904794,0.3841707706451416,0.3841707706451416,0.3841707706451416,0.3841707706451416
1785517954041095300,9935374,0.3841707706451416,0.3841707706451416,0.3841707706451416,0.3841707706451416
1785517954049742300,9935374,0.3841707706451416,0.3841707706451416,0.3841707706451416,0.3841707706451416
1785517954059029900,9935374,0.3841707706451416,0.3841707706451416,0.3841707706451416,0.3841707706451416
1785517954072328400,9966947,0.3841707706451416,0.3841707706451416,0.3841707706451416,0.3841707706451416
1785517954082523700,9966947,0.3841707706451416,0.3841707706451416,0.3841707706451416,0.3841707706451416
1785517954093096500,9966947,0.3841707706451416,0.3841707706451416,0.3841707706451416,0.3841707706451416
1785517954104165900,9997310,0.3841707706451416,0.3841707706451416,0.3841707706451416,0.3841707706451416
1785517954115601900,9997310,0.3841707706451416,0.3841707706451416,0.3841707706451416,0.3841707706451416
1785517954124575300,10025944,0.3841707706451416,0.3841707706451416,0.3841707706451416,0.3841707706451416
1785517954135434500,10033195,0.3841707706451416,0.3841707706451416,0.3841707706451416,0.3841707706451416
1785517954145816100,10033195,0.3841707706451416,0.3841707706451416,0.3841707706451416,0.3841707706451416
1785517954159673500,10033195,0.3841707706451416,0.3841707706451416,0.3841707706451416,0.3841707706451416
1785517954166731100,10033195,0.3841707706451416,0.3841707706451416,0.3841707706451416,0.3841707706451416
1785517954181353900,10078680,0.3841707706451416,0.3841707706451416,0.3841707706451416,0.3841707706451416
1785517954189992300,10078680,0.3841707706451416,0.3841707706451416,0.3841707706451416,0.3841707706451416
1785517954200036500,10078680,0.3841707706451416,0.3841707706451416,0.3841707706451416,0.3841707706451416
1785517954210763700,10107352,0.3841707706451416,0.3841707706451416,0.3841707706451416,0.3841707706451416
1785517954220215800,10107352,0.3841707706451416,0.3841707706451416,0.3841707706451416,0.3841707706451416
1785517954231794400,10107352,0.3841707706451416,0.3841707706451416,0.3841707706451416,0.3841707706451416
1785517954244178600,10137982,0.3841707706451416,0.3841707706451416,0.3841707706451416,0.3841707706451416
1785517954253371000,10137982,0.3841707706451416,0.3841707706451416,0.3841707706451416,0.3841707706451416
1785517954263952500,10137982,0.3841707706451416,0.3841707706451416,0.3841707706451416,0.3841707706451416
1785517954273809900,10170194,0.3841707706451416,0.3841707706451416,0.3841707706451416,0.3841707706451416
1785517954286919300,10170194,0.3841707706451416,0.3841707706451416,0.3841707706451416,0.3841707706451416
1785517954299573900,10199072,0.3841707706451416,0.3841707706451416,0.3841707706451416,0.3841707706451416
1785517954309858300,10199072,0.3841707706451416,0.3841707706451416,0.3841707706451416,0.3841707706451416
1785517954320461200,10199072,0.3841707706451416,0.3841707706451416,0.3841707706451416,0.3841707706451416
1785517954330784700,10230601,0.3841707706451416,0.3841707706451416,0.3841707706451416,0.3841707706451416
1785517954341388200,10230601,0.3841707706451416,0.3841707706451416,0.3841707706451416,0.3841707706451416
1785517954351565500,10230601,0.3841707706451416,0.3841707706451416,0.3841707706451416,0.3841707706451416
1785517954367294700,10259989,0.3841707706451416,0.3841707706451416,0.3841707706451416,0.3841707706451416
1785517954373229300,10267305,0.3841707706451416,0.3841707706451416,0.3841707706451416,0.3841707706451416
1785517954383024900,10267305,0.3841707706451416,0.3841707706451416,0.3841707706451416,0.3841707706451416
1785517954394505600,10267305,0.3841707706451416,0.3841707706451416,0.3841707706451416,0.3841707706451416
1785517954405034400,10267305,0.3841707706451416,0.3841707706451416,0.3841707706451416,0.3841707706451416
1785517954414784400,10314318,0.3841707706451416,0.3841707706451416,0.3841707706451416,0.3841707706451416
1785517954424673200,10314318,0.3841707706451416,0.3841707706451416,0.3841707706451416,0.3841707706451416
1785517954439389900,10314318,0.3841707706451416,0.3841707706451416,0.3841707706451416,0.3841707706451416
1785517954449096300,10343277,0.3841707706451416,0.3841707706451416,0.3841707706451416,0.3841707706451416
1785517954459781500,10343277,0.3841707706451416,0.3841707706451416,0.3841707706451416,0.3841707706451416
1785517954470581600,10343277,0.3841707706451416,0.3841707706451416,0.3841707706451416,0.3841707706451416
1785517954481047100,10373305,0.3841707706451416,0.3841707706451416,0.3841707706451416,0.3841707706451416
1785517954492158200,10373305,0.3841707706451416,0.3841707706451416,0.3841707706451416,0.3841707706451416
1785517954502097600,10403691,0.3841707706451416,0.3841707706451416,0.3841707706451416,0.3841707706451416
1785517954514751500,10403691,0.3841707706451416,0.3841707706451416,0.3841707706451416,0.3841707706451416
1785517954524828500,10403691,0.3841707706451416,0.3841707706451416,0.3841707706451416,0.3841707706451416
1785517954535293200,10434375,0.3841707706451416,0.3841707706451416,0.3841707706451416,0.3841707706451416
1785517954546960000,10434375,0.3841707706451416,0.3841707706451416,0.3841707706451416,0.3841707706451416
1785517954560122900,10434375,0.3841707706451416,0.3841707706451416,0.3841707706451416,0.3841707706451416
1785517954570618600,10464074,0.3841707706451416,0.3841707706451416,0.3841707706451416,0.3841707706451416
1785517954579249300,10464074,0.3841707706451416,0.3841707706451416,0.3841707706451416,0.3841707706451416
1785517954590207100,10464074,0.3841707706451416,0.3841707706451416,0.3841707706451416,0.3841707706451416
1785517954602143300,10499223,0.3841707706451416,0.3841707706451416,0.3841707706451416,0.3841707706451416
1785517954613514200,10499223,0.3841707706451416,0.3841707706451416,0.3841707706451416,0.3841707706451416
1785517954623352500,10499223,0.3841707706451416,0.3841707706451416,0.3841707706451416,0.3841707706451416
1785517954634534800,10499223,0.3841707706451416,0.3841707706451416,0.3841707706451416,0.3841707706451416
1785517954644914400,10545372,0.3841707706451416,0.3841707706451416,0.3841707706451416,0.3841707706451416
1785517954654164000,10545372,0.3841707706451416,0.3841707706451416,0.3841707706451416,0.3841707706451416
1785517954666371400,10545372,0.3841707706451416,0.3841707706451416,0.3841707706451416,0.3841707706451416
1785517954676321600,10574550,0.3841707706451416,0.3841707706451416,0.3841707706451416,0.3841707706451416
1785517954688600000,10574550,0.3841707706451416,0.3841707706451416,0.3841707706451416,0.3841707706451416
1785517954700291800,10574550,0.3841707706451416,0.3841707706451416,0.3841707706451416,0.3841707706451416
1785517954709820200,10603834,0.3841707706451416,0.3841707706451416,0.3841707706451416,0.3841707706451416
1785517954720119000,10603834,0.3841707706451416,0.3841707706451416,0.3841707706451416,0.3841707706451416
1785517954730095300,10603834,0.3841707706451416,0.3841707706451416,0.3841707706451416,0.3841707706451416
1785517954742022800,10633087,0.3841707706451416,0.3841707706451416,0.3841707706451416,0.3841707706451416
1785517954752129600,10633087,0.3841707706451416,0.3841707706451416,0.3841707706451416,0.3841707706451416
1785517954763062800,10662418,0.3841707706451416,0.3841707706451416,0.3841707706451416,0.3841707706451416
1785517954773193900,10662418,0.3841707706451416,0.3841707706451416,0.3841707706451416,0.3841707706451416
1785517954783452900,10662418,0.3841707706451416,0.3841707706451416,0.3841707706451416,0.3841707706451416
1785517954794598100,10692916,0.3841707706451416,0.3841707706451416,0.3841707706451416,0.3841707706451416
1785517954805717200,10699118,0.3841707706451416,0.3841707706451416,0.3841707706451416,0.3841707706451416
1785517954816048800,10699118,0.3841707706451416,0.3841707706451416,0.3841707706451416,0.3841707706451416
1785517954827080000,10699118,0.3841707706451416,0.3841707706451416,0.3841707706451416,0.3841707706451416
1785517954838831700,10699118,0.3841707706451416,0.3841707706451416,0.3841707706451416,0.3841707706451416
1785517954849405300,10746007,0.3841707706451416,0.3841707706451416,0.3841707706451416,0.3841707706451416
1785517954859798600,10746007,0.3841707706451416,0.3841707706451416,0.3841707706451416,0.3841707706451416
1785517954870961800,10746007,0.3841707706451416,0.3841707706451416,0.3841707706451416,0.3841707706451416
1785517954881709300,10776455,0.3841707706451416,0.3841707706451416,0.3841707706451416,0.3841707706451416
1785517954893381000,10776455,0.3841707706451416,0.3841707706451416,0.3841707706451416,0.3841707706451416
1785517954903099300,10776455,0.3841707706451416,0.3841707706451416,0.3841707706451416,0.3841707706451416
1785517954912671300,10806555,0.3841707706451416,0.3841707706451416,0.3841707706451416,0.3841707706451416
1785517954924631100,10806555,0.3841707706451416,0.3841707706451416,0.3841707706451416,0.3841707706451416
1785517954935983600,10836999,0.3841707706451416,0.3841707706451416,0.3841707706451416,0.3841707706451416
1785517954945864900,10836999,0.3841707706451416,0.3841707706451416,0.3841707706451416,0.3841707706451416
1785517954958404300,10836999,0.3841707706451416,0.3841707706451416,0.3841707706451416,0.3841707706451416
1785517954967856800,10868006,0.3841707706451416,0.3841707706451416,0.3841707706451416,0.3841707706451416
1785517954978758100,10868006,0.3841707706451416,0.3841707706451416,0.3841707706451416,0.3841707706451416
1785517954989104800,10868006,0.3841707706451416,0.3841707706451416,0.3841707706451416,0.3841707706451416
1785517954999811700,10896857,0.3841707706451416,0.3841707706451416,0.3841707706451416,0.3841707706451416
1785517955009674700,10896857,0.3841707706451416,0.3841707706451416,0.3841707706451416,0.3841707706451416
1785517955025871400,10896857,0.3841707706451416,0.3841707706451416,0.3841707706451416,0.3841707706451416
1785517955033963600,10929286,0.3841707706451416,0.3841707706451416,0.3841707706451416,0.3841707706451416
1785517955042235100,10935489,0.3841707706451416,0.3841707706451416,0.3841707706451416,0.3841707706451416
1785517955055155300,10935489,0.3841707706451416,0.3841707706451416,0.3841707706451416,0.3841707706451416
1785517955064993800,10935489,0.3841707706451416,0.3841707706451416,0.3841707706451416,0.3841707706451416
1785517955075081600,10935489,0.3841707706451416,0.3841707706451416,0.3841707706451416,0.3841707706451416
1785517955086276800,10981736,0.3841707706451416,0.3841707706451416,0.3841707706451416,0.3841707706451416
1785517955098181000,10981736,0.3841707706451416,0.3841707706451416,0.3841707706451416,0.3841707706451416
1785517955108562600,10981736,0.3841707706451416,0.3841707706451416,0.3841707706451416,0.3841707706451416
1785517955119671700,11012930,0.3841707706451416,0.3841707706451416,0.3841707706451416,0.3841707706451416
1785517955130688200,11012930,0.3841707706451416,0.3841707706451416,0.3841707706451416,0.3841707706451416
1785517955143503600,11012930,0.3841707706451416,0.3841707706451416,0.3841707706451416,0.3841707706451416
1785517955151650800,11044266,0.4960257411003113,0.4969311058521271,0.3229830265045166,0.3229830265045166
1785517955161161800,11044266,0.4960257411003113,0.4969311058521271,0.3229830265045166,0.3229830265045166
1785517955171456600,11044266,0.4960257411003113,0.4969311058521271,0.3229830265045166,0.3229830265045166
1785517955182932000,11076627,0.4092840850353241,0.4095042049884796,0.380389928817749,0.38008663058280945
1785517955193454300,11076627,0.4092840850353241,0.4095042049884796,0.380389928817749,0.38008663058280945
1785517955206025400,11076627,0.4092840850353241,0.4095042049884796,0.380389928817749,0.38008663058280945
1785517955216626900,11109317,0.37908875942230225,0.37897640466690063,0.3981465995311737,0.3982195556163788
1785517955226515800,11109317,0.37908875942230225,0.37897640466690063,0.3981465995311737,0.3982195556163788
1785517955243694200,11109317,0.37908875942230225,0.37897640466690063,0.3981465995311737,0.3982195556163788
1785517955249718500,11139469,0.390102744102478,0.3900151550769806,0.3821546137332916,0.3822736442089081
1785517955259806500,11139469,0.390102744102478,0.3900151550769806,0.3821546137332916,0.3822736442089081
1785517955270922300,11170402,0.38549700379371643,0.3854978382587433,0.384586364030838,0.3845863938331604
1785517955282806500,11170402,0.38549700379371643,0.3854978382587433,0.384586364030838,0.3845863938331604
1785517955292071100,11170402,0.38549700379371643,0.3854978382587433,0.384586364030838,0.3845863938331604
1785517955301891800,11200293,0.38496634364128113,0.3850027322769165,0.3841595947742462,0.3841264843940735
1785517955313683200,11200293,0.38496634364128113,0.3850027322769165,0.3841595947742462,0.3841264843940735
1785517955322921000,11200293,0.38496634364128113,0.3850027322769165,0.3841595947742462,0.3841264843940735
1785517955335728500,11230859,0.38494157791137695,0.38495463132858276,0.38374796509742737,0.38373905420303345
1785517955348128700,11230859,0.38494157791137695,0.38495463132858276,0.38374796509742737,0.38373905420303345
1785517955363073100,11259076,0.3848154544830322,0.3848161995410919,0.38376379013061523,0.3837665617465973
1785517955368215400,11266068,0.3846835196018219,0.38467586040496826,0.38379281759262085,0.38380348682403564
1785517955379165000,11266068,0.3846835196018219,0.38467586040496826,0.38379281759262085,0.38380348682403564
1785517955389958800,11266068,0.3846835196018219,0.38467586040496826,0.38379281759262085,0.38380348682403564
1785517955401061600,11266068,0.3846835196018219,0.38467586040496826,0.38379281759262085,0.38380348682403564
1785517955413833100,11312556,0.3845636248588562,0.38456374406814575,0.3838177025318146,0.38382017612457275
1785517955422015500,11312556,0.3845636248588562,0.38456374406814575,0.3838177025318146,0.38382017612457275
1785517955432141800,11312556,0.3845636248588562,0.38456374406814575,0.3838177025318146,0.38382017612457275
1785517955445395500,11340556,0.38450586795806885,0.38450947403907776,0.38385382294654846,0.383852481842041
1785517955455585900,11340556,0.38450586795806885,0.38450947403907776,0.38385382294654846,0.383852481842041
1785517955466719900,11340556,0.38450586795806885,0.38450947403907776,0.38385382294654846,0.383852481842041
1785517955477074100,11370550,0.38445940613746643,0.38446179032325745,0.38388991355895996,0.3838895559310913
1785517955488554000,11370550,0.38445940613746643,0.38446179032325745,0.38388991355895996,0.3838895559310913
1785517955501608300,11400659,0.38442355394363403,0.38442400097846985,0.3839210867881775,0.38392236828804016
1785517955511761400,11400659,0.38442355394363403,0.38442400097846985,0.3839210867881775,0.38392236828804016
1785517955521819500,11400659,0.38442355394363403,0.38442400097846985,0.3839210867881775,0.38392236828804016
1785517955532892400,11429501,0.38439279794692993,0.3843929171562195,0.3839498460292816,0.38395121693611145
1785517955543175100,11429501,0.38439279794692993,0.3843929171562195,0.3839498460292816,0.38395121693611145
1785517955553751400,11429501,0.38439279794692993,0.3843929171562195,0.3839498460292816,0.38395121693611145
1785517955564436100,11465125,0.3843599259853363,0.3843606114387512,0.3839816153049469,0.38398227095603943
1785517955575269100,11465125,0.3843599259853363,0.3843606114387512,0.3839816153049469,0.38398227095603943
1785517955586278100,11465125,0.3843599259853363,0.3843606114387512,0.3839816153049469,0.38398227095603943
1785517955598212200,11465125,0.3843599259853363,0.3843606114387512,0.3839816153049469,0.38398227095603943
1785517955609511100,11510303,0.38433581590652466,0.38433659076690674,0.38400545716285706,0.3840058445930481
1785517955620535700,11510811,0.38432562351226807,0.3843262791633606,0.3840155601501465,0.3840159773826599
1785517955630490300,11510811,0.38432562351226807,0.3843262791633606,0.3840155601501465,0.3840159773826599
1785517955639992200,11538579,0.384307324886322,0.38430777192115784,0.3840338885784149,0.38403430581092834
1785517955652959900,11538579,0.384307324886322,0.38430777192115784,0.3840338885784149,0.38403430581092834
1785517955663453400,11538579,0.384307324886322,0.38430777192115784,0.3840338885784149,0.38403430581092834
1785517955673468500,11567849,0.38429075479507446,0.3842911124229431,0.3840504288673401,0.3840508759021759
1785517955684967500,11567849,0.38429075479507446,0.3842911124229431,0.3840504288673401,0.3840508759021759
1785517955695414100,11597072,0.3842797577381134,0.38428014516830444,0.38406139612197876,0.3840617835521698
1785517955706632400,11597410,0.3842763304710388,0.38427668809890747,0.38406485319137573,0.3840652108192444
1785517955719241200,11597410,0.3842763304710388,0.38427668809890747,0.38406485319137573,0.3840652108192444
1785517955727677100,11627881,0.38426294922828674,0.384263277053833,0.3840782940387726,0.38407862186431885
1785517955739056200,11633853,0.3842611610889435,0.38426151871681213,0.38408008217811584,0.38408035039901733
1785517955750642900,11633853,0.3842611610889435,0.38426151871681213,0.38408008217811584,0.38408035039901733
1785517955760517200,11633853,0.3842611610889435,0.38426151871681213,0.38408008217811584,0.38408035039901733
1785517955771115500,11633853,0.3842611610889435,0.38426151871681213,0.38408008217811584,0.38408035039901733
1785517955784226200,11680581,0.38424405455589294,0.38424429297447205,0.38409727811813354,0.38409754633903503
1785517955794324300,11680581,0.38424405455589294,0.38424429297447205,0.38409727811813354,0.38409754633903503
1785517955805507700,11680581,0.38424405455589294,0.38424429297447205,0.38409727811813354,0.38409754633903503
1785517955814909400,11710325,0.3842350244522095,0.3842352330684662,0.3841063380241394,0.3841065466403961
1785517955824996000,11710325,0.3842350244522095,0.3842352330684662,0.3841063380241394,0.3841065466403961
1785517955836875500,11710325,0.3842350244522095,0.3842352330684662,0.3841063380241394,0.3841065466403961
1785517955846738900,11741367,0.3842267096042633,0.38422688841819763,0.38411465287208557,0.3841148316860199
1785517955860922500,11741367,0.3842267096042633,0.38422688841819763,0.38411465287208557,0.3841148316860199
1785517955867774100,11741367,0.3842267096042633,0.38422688841819763,0.38411465287208557,0.3841148316860199
1785517955879845100,11771692,0.38421982526779175,0.3842200040817261,0.38412153720855713,0.38412174582481384
1785517955891186000,11771692,0.38421982526779175,0.3842200040817261,0.38412153720855713,0.38412174582481384
1785517955901793100,11801879,0.38421371579170227,0.3842138946056366,0.3841276466846466,0.38412779569625854
1785517955912955100,11801879,0.38421371579170227,0.3842138946056366,0.3841276466846466,0.38412779569625854
1785517955922935600,11801879,0.38421371579170227,0.3842138946056366,0.3841276466846466,0.38412779569625854
1785517955933343000,11831444,0.38420847058296204,0.3842085897922516,0.3841329514980316,0.38413310050964355
1785517955943885600,11831444,0.38420847058296204,0.3842085897922516,0.3841329514980316,0.38413310050964355
1785517955956351700,11831444,0.38420847058296204,0.3842085897922516,0.3841329514980316,0.38413310050964355
1785517955968070200,11866959,0.38420307636260986,0.3842031955718994,0.3841383457183838,0.3841384947299957
1785517955980373000,11866959,0.38420307636260986,0.3842031955718994,0.3841383457183838,0.3841384947299957
1785517955987420600,11866959,0.38420307636260986,0.3842031955718994,0.3841383457183838,0.3841384947299957
1785517955999341800,11866959,0.38420307636260986,0.3842031955718994,0.3841383457183838,0.3841384947299957
1785517956010435100,11911687,0.3841972053050995,0.38419729471206665,0.38414421677589417,0.3841443359851837
1785517956020135900,11911687,0.3841972053050995,0.38419729471206665,0.38414421677589417,0.3841443359851837
1785517956031829700,11911687,0.3841972053050995,0.38419729471206665,0.38414421677589417,0.3841443359851837
1785517956045196500,11940953,0.3841939866542816,0.38419410586357117,0.3841474652290344,0.3841475248336792
1785517956053047500,11940953,0.3841939866542816,0.38419410586357117,0.3841474652290344,0.3841475248336792
1785517956063526800,11940953,0.3841939866542816,0.38419410586357117,0.3841474652290344,0.3841475248336792
1785517956074680900,11971476,0.3841910660266876,0.3841911554336548,0.3841503858566284,0.3841504454612732
1785517956087097200,11971476,0.3841910660266876,0.3841911554336548,0.3841503858566284,0.3841504454612732
1785517956100488600,11971476,0.3841910660266876,0.3841911554336548,0.3841503858566284,0.3841504454612732
1785517956114740000,12001633,0.38418859243392944,0.3841886520385742,0.3841528594493866,0.38415294885635376
1785517956123675500,12001633,0.38418859243392944,0.3841886520385742,0.3841528594493866,0.38415294885635376
1785517956132081300,12031221,0.38418638706207275,0.38418644666671753,0.3841550946235657,0.38415512442588806
1785517956142948200,12031221,0.38418638706207275,0.38418644666671753,0.3841550946235657,0.38415512442588806
1785517956153787600,12031221,0.38418638706207275,0.38418644666671753,0.3841550946235657,0.38415512442588806
1785517956163979400,12059643,0.3841845393180847,0.3841845989227295,0.3841569423675537,0.3841569721698761
1785517956174527600,12066029,0.38418418169021606,0.38418424129486084,0.38415732979774475,0.38415735960006714
1785517956185718900,12066029,0.38418418169021606,0.38418424129486084,0.38415732979774475,0.38415735960006714
1785517956195883600,12066029,0.38418418169021606,0.38418424129486084,0.38415732979774475,0.38415735960006714
1785517956205631500,12066029,0.38418418169021606,0.38418424129486084,0.38415732979774475,0.38415735960006714
1785517956216690400,12109362,0.3841818571090698,0.3841818869113922,0.3841596245765686,0.3841596841812134
1785517956226937600,12109362,0.3841818571090698,0.3841818869113922,0.3841596245765686,0.3841596841812134
1785517956238143400,12139215,0.38418102264404297,0.3841809928417206,0.38416051864624023,0.38416051864624023
1785517956247601000,12139893,0.3841804265975952,0.3841804563999176,0.384161114692688,0.3841611444950104
1785517956260783900,12139893,0.3841804265975952,0.3841804563999176,0.384161114692688,0.3841611444950104
1785517956270200700,12168972,0.38417932391166687,0.38417938351631165,0.38416215777397156,0.38416221737861633
1785517956283332600,12168972,0.38417932391166687,0.38417938351631165,0.38416215777397156,0.38416221737861633
1785517956293473300,12168972,0.38417932391166687,0.38417938351631165,0.38416215777397156,0.38416221737861633
1785517956304208600,12199923,0.38417819142341614,0.3841782510280609,0.3841632902622223,0.3841633200645447
1785517956313437800,12199923,0.38417819142341614,0.3841782510280609,0.3841632902622223,0.3841633200645447
1785517956326359900,12199923,0.38417819142341614,0.3841782510280609,0.3841632902622223,0.3841633200645447
1785517956336290800,12229839,0.3841772973537445,0.3841772973537445,0.3841642141342163,0.3841642141342163
1785517956346481300,12229839,0.3841772973537445,0.3841772973537445,0.3841642141342163,0.3841642141342163
1785517956368897500,12229839,0.3841772973537445,0.3841772973537445,0.3841642141342163,0.3841642141342163
1785517956370233400,12268454,0.38417649269104004,0.38417649269104004,0.38416507840156555,0.38416507840156555
1785517956378775000,12268454,0.38417649269104004,0.38417649269104004,0.38416507840156555,0.38416507840156555
1785517956391097700,12268454,0.38417649269104004,0.38417649269104004,0.38416507840156555,0.38416507840156555
1785517956403824900,12268454,0.38417649269104004,0.38417649269104004,0.38416507840156555,0.38416507840156555
1785517956412273900,12313292,0.38417530059814453,0.38417530059814453,0.38416627049446106,0.38416630029678345
1785517956424110500,12313292,0.38417530059814453,0.38417530059814453,0.38416627049446106,0.38416630029678345
1785517956433862200,12313292,0.38417530059814453,0.38417530059814453,0.38416627049446106,0.38416630029678345
1785517956445974900,12342414,0.38417473435401917,0.38417476415634155,0.38416680693626404,0.3841668367385864
1785517956464404300,12342414,0.38417473435401917,0.38417476415634155,0.38416680693626404,0.3841668367385864
1785517956467446200,12342414,0.38417473435401917,0.38417476415634155,0.38416680693626404,0.3841668367385864
1785517956481298700,12372799,0.38417425751686096,0.3841742277145386,0.38416728377342224,0.38416731357574463
1785517956488217100,12372799,0.38417425751686096,0.3841742277145386,0.38416728377342224,0.38416731357574463
1785517956501177200,12372799,0.38417425751686096,0.3841742277145386,0.38416728377342224,0.38416731357574463
1785517956510313500,12403110,0.38417381048202515,0.38417384028434753,0.38416773080825806,0.38416773080825806
1785517956522063100,12403110,0.38417381048202515,0.38417384028434753,0.38416773080825806,0.38416773080825806
1785517956532291900,12432293,0.3841734230518341,0.3841734528541565,0.3841680884361267,0.3841680884361267
1785517956543550700,12432293,0.3841734230518341,0.3841734528541565,0.3841680884361267,0.3841680884361267
1785517956553251500,12432293,0.3841734230518341,0.3841734528541565,0.3841680884361267,0.3841680884361267
1785517956565064300,12459966,0.38417312502861023,0.38417312502861023,0.3841683566570282,0.3841683864593506
1785517956574415200,12466329,0.38417306542396545,0.38417306542396545,0.384168416261673,0.38416844606399536
1785517956586107900,12466329,0.38417306542396545,0.38417306542396545,0.384168416261673,0.38416844606399536
1785517956598745000,12466329,0.38417306542396545,0.38417306542396545,0.384168416261673,0.38416844606399536
1785517956607840600,12509780,0.38417285680770874,0.38417285680770874,0.38416868448257446,0.38416868448257446
1785517956620258200,12510486,0.3841726779937744,0.3841726779937744,0.3841688632965088,0.3841688632965088
1785517956630300900,12510486,0.3841726779937744,0.3841726779937744,0.3841688632965088,0.3841688632965088
1785517956640089500,12538422,0.3841724097728729,0.3841724097728729,0.3841691017150879,0.3841691315174103
1785517956652039100,12538422,0.3841724097728729,0.3841724097728729,0.3841691017150879,0.3841691315174103
1785517956663009300,12538422,0.3841724097728729,0.3841724097728729,0.3841691017150879,0.3841691315174103
1785517956672935000,12567365,0.3841722309589386,0.3841722309589386,0.3841693103313446,0.3841693103313446
1785517956683013200,12567365,0.3841722309589386,0.3841722309589386,0.3841693103313446,0.3841693103313446
1785517956696511700,12594856,0.38417211174964905,0.38417211174964905,0.38416942954063416,0.38416942954063416
1785517956704547000,12601697,0.3841720223426819,0.3841720223426819,0.3841695189476013,0.3841695189476013
1785517956716391700,12601697,0.3841720223426819,0.3841720223426819,0.3841695189476013,0.3841695189476013
1785517956726782500,12601697,0.3841720223426819,0.3841720223426819,0.3841695189476013,0.3841695189476013
1785517956736287700,12601697,0.3841720223426819,0.3841720223426819,0.3841695189476013,0.3841695189476013
1785517956746418200,12646370,0.38417181372642517,0.38417181372642517,0.38416972756385803,0.38416972756385803
1785517956759164200,12646370,0.38417181372642517,0.38417181372642517,0.38416972756385803,0.38416972756385803
1785517956768784100,12646370,0.38417181372642517,0.38417181372642517,0.38416972756385803,0.38416972756385803
1785517956780317400,12673763,0.3841716945171356,0.3841716945171356,0.3841698467731476,0.3841698467731476
1785517956792108900,12673763,0.3841716945171356,0.3841716945171356,0.3841698467731476,0.3841698467731476
1785517956805547700,12702434,0.38417157530784607,0.38417160511016846,0.38416996598243713,0.38416996598243713
1785517956812793600,12702434,0.38417157530784607,0.38417160511016846,0.38416996598243713,0.38416996598243713
1785517956823192800,12702434,0.38417157530784607,0.38417160511016846,0.38416996598243713,0.38416996598243713
1785517956835568200,12702434,0.38417157530784607,0.38417160511016846,0.38416996598243713,0.38416996598243713
1785517956846340100,12737020,0.3841714859008789,0.3841715157032013,0.3841700553894043,0.3841700553894043
1785517956857142200,12737020,0.3841714859008789,0.3841715157032013,0.3841700553894043,0.3841700553894043
1785517956865892900,12765620,0.38417136669158936,0.38417139649391174,0.38417017459869385,0.38417017459869385
1785517956877127200,12765620,0.38417136669158936,0.38417139649391174,0.38417017459869385,0.38417017459869385
1785517956886946300,12765620,0.38417136669158936,0.38417139649391174,0.38417017459869385,0.38417017459869385
1785517956901081500,12795775,0.3841713070869446,0.3841713070869446,0.384170264005661,0.38417020440101624
1785517956908249200,12801789,0.3841713070869446,0.3841713070869446,0.384170264005661,0.3841702342033386
1785517956919644600,12801789,0.3841713070869446,0.3841713070869446,0.384170264005661,0.3841702342033386
1785517956929864200,12801789,0.3841713070869446,0.3841713070869446,0.384170264005661,0.3841702342033386
1785517956940074100,12801789,0.3841713070869446,0.3841713070869446,0.384170264005661,0.3841702342033386
1785517956954209100,12848461,0.3841712176799774,0.38417118787765503,0.3841703534126282,0.3841703534126282
1785517956962622100,12848461,0.3841712176799774,0.38417118787765503,0.3841703534126282,0.3841703534126282
1785517956972331100,12848461,0.3841712176799774,0.38417118787765503,0.3841703534126282,0.3841703534126282
1785517956984496400,12876851,0.38417112827301025,0.38417118787765503,0.38417038321495056,0.38417041301727295
1785517956993194400,12876851,0.38417112827301025,0.38417118787765503,0.38417038321495056,0.38417041301727295
1785517957004601400,12905713,0.38417112827301025,0.38417112827301025,0.38417041301727295,0.38417041301727295
1785517957014330400,12906022,0.38417112827301025,0.38417109847068787,0.38417044281959534,0.38417041301727295
1785517957025880800,12906022,0.38417112827301025,0.38417109847068787,0.38417044281959534,0.38417041301727295
1785517957039885600,12934423,0.3841710686683655,0.3841710686683655,0.3841704726219177,0.3841704726219177
1785517957049283900,12934423,0.3841710686683655,0.3841710686683655,0.3841704726219177,0.3841704726219177
1785517957063196100,12934423,0.3841710686683655,0.3841710686683655,0.3841704726219177,0.3841704726219177
1785517957071895400,12963657,0.3841710090637207,0.3841710090637207,0.3841705024242401,0.3841705322265625
1785517957083067900,12963657,0.3841710090637207,0.3841710090637207,0.3841705024242401,0.3841705322265625
1785517957093418300,12991579,0.3841710090637207,0.3841710090637207,0.3841705620288849,0.3841705322265625
1785517957103244600,12998432,0.3841709792613983,0.3841709792613983,0.3841705620288849,0.3841705322265625
1785517957113633700,12998432,0.3841709792613983,0.3841709792613983,0.3841705620288849,0.3841705322265625
1785517957126033900,12998432,0.3841709792613983,0.3841709792613983,0.3841705620288849,0.3841705322265625
1785517957137139800,12998432,0.3841709792613983,0.3841709792613983,0.3841705620288849,0.3841705322265625
1785517957150403300,13041117,0.3841709494590759,0.3841709494590759,0.3841705918312073,0.3841705918312073
1785517957160260200,13041117,0.3841709494590759,0.3841709494590759,0.3841705918312073,0.3841705918312073
1785517957169976200,13069261,0.38417091965675354,0.38417091965675354,0.38417062163352966,0.38417062163352966
1785517957182033000,13069261,0.38417091965675354,0.38417091965675354,0.38417062163352966,0.38417062163352966
1785517957190734200,13069261,0.38417091965675354,0.38417091965675354,0.38417062163352966,0.38417062163352966
1785517957201776200,13097456,0.38417091965675354,0.38417091965675354,0.38417062163352966,0.38417065143585205
1785517957212287600,13097456,0.38417091965675354,0.38417091965675354,0.38417062163352966,0.38417065143585205
1785517957223103000,13097456,0.38417091965675354,0.38417091965675354,0.38417062163352966,0.38417065143585205
1785517957235406400,13133871,0.38417088985443115,0.38417086005210876,0.38417068123817444,0.38417068123817444
1785517957243070600,13133871,0.38417088985443115,0.38417086005210876,0.38417068123817444,0.38417068123817444
1785517957254044100,13133871,0.38417088985443115,0.38417086005210876,0.38417068123817444,0.38417068123817444
1785517957265833300,13133871,0.38417088985443115,0.38417086005210876,0.38417068123817444,0.38417068123817444
1785517957277109700,13177063,0.38417086005210876,0.38417086005210876,0.38417068123817444,0.38417068123817444
1785517957287933000,13177063,0.38417086005210876,0.38417086005210876,0.38417068123817444,0.38417068123817444
1785517957296871600,13177063,0.38417086005210876,0.38417086005210876,0.38417068123817444,0.38417068123817444
1785517957307669200,13205432,0.38417086005210876,0.38417086005210876,0.38417068123817444,0.38417068123817444
1785517957319241000,13205432,0.38417086005210876,0.38417086005210876,0.38417068123817444,0.38417068123817444
1785517957330152000,13205432,0.38417086005210876,0.38417086005210876,0.38417068123817444,0.38417068123817444
1785517957341189000,13233097,0.38417086005210876,0.38417086005210876,0.38417068123817444,0.38417068123817444
1785517957352176200,13233097,0.38417086005210876,0.38417086005210876,0.38417068123817444,0.38417068123817444
1785517957367018500,13261246,0.38417086005210876,0.38417086005210876,0.38417068123817444,0.38417068123817444
1785517957372458400,13268427,0.38417086005210876,0.38417086005210876,0.38417068123817444,0.38417068123817444
1785517957384040000,13268427,0.38417086005210876,0.38417086005210876,0.38417068123817444,0.38417068123817444
1785517957393656100,13268427,0.38417086005210876,0.38417086005210876,0.38417068123817444,0.38417068123817444
1785517957406683000,13268427,0.38417086005210876,0.38417086005210876,0.38417068123817444,0.38417068123817444
1785517957416512100,13312784,0.38417086005210876,0.38417086005210876,0.38417068123817444,0.38417068123817444
1785517957425982500,13312784,0.38417086005210876,0.38417086005210876,0.38417068123817444,0.38417068123817444
1785517957443569400,13312784,0.38417086005210876,0.38417086005210876,0.38417068123817444,0.38417068123817444
1785517957448665000,13340682,0.3841708302497864,0.3841708302497864,0.3841707110404968,0.3841707110404968
1785517957459802600,13340682,0.3841708302497864,0.3841708302497864,0.3841707110404968,0.3841707110404968
1785517957470898400,13370226,0.3841708302497864,0.3841708302497864,0.3841707110404968,0.3841707110404968
1785517957481532200,13370226,0.3841708302497864,0.3841708302497864,0.3841707110404968,0.3841707110404968
1785517957493933100,13370226,0.3841708302497864,0.3841708302497864,0.3841707110404968,0.3841707110404968
1785517957502580900,13401132,0.3841708302497864,0.3841708302497864,0.3841707110404968,0.3841707110404968
1785517957513217900,13401132,0.3841708302497864,0.3841708302497864,0.3841707110404968,0.3841707110404968
1785517957524649800,13401132,0.3841708302497864,0.3841708302497864,0.3841707110404968,0.3841707110404968
1785517957535876600,13430850,0.3841708302497864,0.3841708302497864,0.3841707110404968,0.3841707110404968
1785517957546083800,13430850,0.3841708302497864,0.3841708302497864,0.3841707110404968,0.3841707110404968
1785517957564039600,13430850,0.3841708302497864,0.3841708302497864,0.3841707110404968,0.3841707110404968
1785517957568795700,13468266,0.3841708302497864,0.3841708302497864,0.3841707110404968,0.3841707110404968
1785517957579989200,13468266,0.3841708302497864,0.3841708302497864,0.3841707110404968,0.3841707110404968
1785517957589216900,13468266,0.3841708302497864,0.3841708302497864,0.3841707110404968,0.3841707110404968
1785517957601346700,13468266,0.3841708302497864,0.3841708302497864,0.3841707110404968,0.3841707110404968
1785517957612637300,13511917,0.384170800447464,0.384170800447464,0.3841707408428192,0.3841707408428192
1785517957623628700,13511917,0.384170800447464,0.384170800447464,0.3841707408428192,0.3841707408428192
1785517957634288100,13511917,0.384170800447464,0.384170800447464,0.3841707408428192,0.3841707408428192
1785517957647531700,13541370,0.3841707706451416,0.384170800447464,0.3841707408428192,0.3841707706451416
1785517957656861300,13541370,0.3841707706451416,0.384170800447464,0.3841707408428192,0.3841707706451416
1785517957666579700,13541370,0.3841707706451416,0.384170800447464,0.3841707408428192,0.3841707706451416
1785517957677722800,13574378,0.3841707706451416,0.3841707706451416,0.3841707706451416,0.3841707706451416
1785517957686226000,13574378,0.3841707706451416,0.3841707706451416,0.3841707706451416,0.3841707706451416
1785517957700684400,13574378,0.3841707706451416,0.3841707706451416,0.3841707706451416,0.3841707706451416
1785517957709990800,13604428,0.3841707706451416,0.3841707706451416,0.3841707706451416,0.3841707706451416
1785517957720043900,13604428,0.3841707706451416,0.3841707706451416,0.3841707706451416,0.3841707706451416
1785517957729421000,13604428,0.3841707706451416,0.3841707706451416,0.3841707706451416,0.3841707706451416
1785517957741489600,13633235,0.3841707706451416,0.3841707706451416,0.3841707706451416,0.3841707706451416
1785517957750896800,13633235,0.3841707706451416,0.3841707706451416,0.3841707706451416,0.3841707706451416
1785517957764735700,13633235,0.3841707706451416,0.3841707706451416,0.3841707706451416,0.3841707706451416
1785517957772003100,13664466,0.3841707706451416,0.3841707706451416,0.3841707706451416,0.3841707706451416
1785517957782454500,13664466,0.3841707706451416,0.3841707706451416,0.3841707706451416,0.3841707706451416
1785517957794202800,13692712,0.384170800447464,0.384170800447464,0.3841707408428192,0.3841707408428192
1785517957804422100,13700010,0.3841707706451416,0.3841707706451416,0.3841707706451416,0.3841707706451416
1785517957816794000,13700010,0.3841707706451416,0.3841707706451416,0.3841707706451416,0.3841707706451416
1785517957826335100,13700010,0.3841707706451416,0.3841707706451416,0.3841707706451416,0.3841707706451416
1785517957836736100,13700010,0.3841707706451416,0.3841707706451416,0.3841707706451416,0.3841707706451416
1785517957848263800,13741018,0.3841707706451416,0.3841707706451416,0.3841707706451416,0.3841707706451416
1785517957859833400,13741018,0.3841707706451416,0.3841707706451416,0.3841707706451416,0.3841707706451416
1785517957871935400,13766846,0.3841707706451416,0.3841707706451416,0.3841707706451416,0.3841707706451416
1785517957880759100,13766846,0.3841707706451416,0.3841707706451416,0.3841707706451416,0.3841707706451416
1785517957893334500,13766846,0.3841707706451416,0.3841707706451416,0.3841707706451416,0.3841707706451416
1785517957903178700,13802857,0.3841707706451416,0.384170800447464,0.3841707408428192,0.3841707706451416
1785517957913399700,13802857,0.3841707706451416,0.384170800447464,0.3841707408428192,0.3841707706451416
1785517957923741000,13802857,0.3841707706451416,0.384170800447464,0.3841707408428192,0.3841707706451416
1785517957935093500,13802857,0.3841707706451416,0.384170800447464,0.3841707408428192,0.3841707706451416
1785517957945445300,13802857,0.3841707706451416,0.384170800447464,0.3841707408428192,0.3841707706451416
1785517957955168700,13849054,0.3841707706451416,0.3841707706451416,0.3841707706451416,0.3841707706451416
1785517957966460400,13849054,0.3841707706451416,0.3841707706451416,0.3841707706451416,0.3841707706451416
1785517957981862700,13878080,0.3841707706451416,0.3841707706451416,0.3841707706451416,0.3841707706451416
1785517957993236500,13878080,0.3841707706451416,0.3841707706451416,0.3841707706451416,0.3841707706451416
1785517958023726800,13878080,0.3841707706451416,0.3841707706451416,0.3841707706451416,0.3841707706451416
1785517958024865300,13908942,0.3841707706451416,0.3841707706451416,0.3841707706451416,0.3841707706451416
1785517958030138800,13908942,0.3841707706451416,0.3841707706451416,0.3841707706451416,0.3841707706451416
1785517958048729200,13908942,0.3841707706451416,0.3841707706451416,0.3841707706451416,0.3841707706451416
1785517958060798000,13939097,0.3841707706451416,0.3841707706451416,0.3841707706451416,0.3841707706451416
1785517958081019600,13939097,0.3841707706451416,0.3841707706451416,0.3841707706451416,0.3841707706451416
1785517958081662800,13939097,0.3841707706451416,0.3841707706451416,0.3841707706451416,0.3841707706451416
1785517958083918100,13969803,0.3841707706451416,0.3841707706451416,0.3841707706451416,0.3841707706451416
1785517958088791100,13969803,0.3841707706451416,0.3841707706451416,0.3841707706451416,0.3841707706451416
1785517958109465600,13969803,0.3841707706451416,0.3841707706451416,0.3841707706451416,0.3841707706451416
1785517958110647000,14000830,0.3841707706451416,0.3841707706451416,0.3841707706451416,0.3841707706451416
1785517958121078600,14000830,0.3841707706451416,0.3841707706451416,0.3841707706451416,0.3841707706451416
1785517958134135900,14031650,0.3841707706451416,0.3841707706451416,0.3841707706451416,0.3841707706451416
1785517958144115500,14032383,0.3841707706451416,0.3841707706451416,0.3841707706451416,0.3841707706451416
1785517958153615600,14032383,0.3841707706451416,0.3841707706451416,0.3841707706451416,0.3841707706451416
1785517958162945400,14062970,0.3841707706451416,0.3841707706451416,0.3841707706451416,0.3841707706451416
1785517958173082500,14063963,0.3841707706451416,0.3841707706451416,0.3841707706451416,0.3841707706451416
1785517958183188900,14063963,0.3841707706451416,0.3841707706451416,0.3841707706451416,0.3841707706451416
1785517958194135500,14094263,0.3841707706451416,0.3841707706451416,0.3841707706451416,0.3841707706451416
1785517958205639200,14098869,0.3841707706451416,0.3841707706451416,0.3841707706451416,0.3841707706451416
1785517958217652000,14098869,0.3841707706451416,0.3841707706451416,0.3841707706451416,0.3841707706451416
1785517958228409900,14098869,0.3841707706451416,0.3841707706451416,0.3841707706451416,0.3841707706451416
1785517958238031300,14098869,0.3841707706451416,0.3841707706451416,0.3841707706451416,0.3841707706451416
1785517958249218600,14147685,0.3841707706451416,0.3841707706451416,0.3841707706451416,0.3841707706451416
1785517958258435200,14147685,0.3841707706451416,0.3841707706451416,0.3841707706451416,0.3841707706451416
1785517958270103100,14147685,0.3841707706451416,0.3841707706451416,0.3841707706451416,0.3841707706451416
1785517958284883400,14175898,0.3841707706451416,0.3841707706451416,0.3841707706451416,0.3841707706451416
1785517958291599300,14175898,0.3841707706451416,0.3841707706451416,0.3841707706451416,0.3841707706451416
1785517958303328200,14175898,0.3841707706451416,0.3841707706451416,0.3841707706451416,0.3841707706451416
1785517958325548200,14205387,0.3841707706451416,0.3841707706451416,0.3841707706451416,0.3841707706451416
1785517958327349900,14205387,0.3841707706451416,0.3841707706451416,0.3841707706451416,0.3841707706451416
1785517958339215700,14235412,0.3841707706451416,0.3841707706451416,0.3841707706451416,0.3841707706451416
1785517958345056000,14236498,0.3841707706451416,0.3841707706451416,0.3841707706451416,0.3841707706451416
1785517958358250100,14236498,0.3841707706451416,0.3841707706451416,0.3841707706451416,0.3841707706451416
1785517958365832400,14265943,0.3841707706451416,0.3841707706451416,0.3841707706451416,0.3841707706451416
1785517958377163900,14265943,0.3841707706451416,0.3841707706451416,0.3841707706451416,0.3841707706451416
1785517958389968600,14265943,0.3841707706451416,0.3841707706451416,0.3841707706451416,0.3841707706451416
1785517958400638100,14299814,0.3841707706451416,0.3841707706451416,0.3841707706451416,0.3841707706451416
1785517958410476900,14299814,0.3841707706451416,0.3841707706451416,0.3841707706451416,0.3841707706451416
1785517958423151900,14299814,0.3841707706451416,0.3841707706451416,0.3841707706451416,0.3841707706451416
1785517958431278200,14299814,0.3841707706451416,0.3841707706451416,0.3841707706451416,0.3841707706451416
1785517958449571400,14344023,0.3841707706451416,0.3841707706451416,0.3841707706451416,0.3841707706451416
1785517958455199500,14346307,0.3841707706451416,0.3841707706451416,0.3841707706451416,0.3841707706451416
1785517958464361200,14346307,0.3841707706451416,0.3841707706451416,0.3841707706451416,0.3841707706451416
1785517958477841700,14376040,0.3841707706451416,0.3841707706451416,0.3841707706451416,0.3841707706451416
1785517958484723300,14376339,0.3841707706451416,0.3841707706451416,0.3841707706451416,0.3841707706451416
1785517958498203200,14376339,0.3841707706451416,0.3841707706451416,0.3841707706451416,0.3841707706451416
1785517958508360000,14404776,0.3841707706451416,0.3841707706451416,0.3841707706451416,0.3841707706451416
1785517958516890900,14404776,0.3841707706451416,0.3841707706451416,0.3841707706451416,0.3841707706451416
1785517958529502100,14404776,0.3841707706451416,0.3841707706451416,0.3841707706451416,0.3841707706451416
1785517958539101400,14432622,0.3841707706451416,0.3841707706451416,0.3841707706451416,0.3841707706451416
1785517958552061100,14432622,0.3841707706451416,0.3841707706451416,0.3841707706451416,0.3841707706451416
1785517958565317600,14461262,0.3841707706451416,0.3841707706451416,0.3841707706451416,0.3841707706451416
1785517958575530000,14467794,0.3841707706451416,0.3841707706451416,0.3841707706451416,0.3841707706451416
1785517958584601200,14467794,0.3841707706451416,0.3841707706451416,0.3841707706451416,0.3841707706451416
1785517958595651100,14467794,0.3841707706451416,0.3841707706451416,0.3841707706451416,0.3841707706451416
1785517958605288100,14467794,0.3841707706451416,0.3841707706451416,0.3841707706451416,0.3841707706451416
1785517958617640800,14509904,0.3841707706451416,0.3841707706451416,0.3841707706451416,0.3841707706451416
1785517958626428600,14509904,0.3841707706451416,0.3841707706451416,0.3841707706451416,0.3841707706451416
1785517958638491200,14538195,0.3841707706451416,0.3841707706451416,0.3841707706451416,0.3841707706451416
1785517958648663300,14538195,0.3841707706451416,0.3841707706451416,0.3841707706451416,0.3841707706451416
1785517958659540300,14538195,0.3841707706451416,0.3841707706451416,0.3841707706451416,0.3841707706451416
1785517958670982200,14566764,0.3841707706451416,0.3841707706451416,0.3841707706451416,0.3841707706451416
1785517958682575600,14566764,0.3841707706451416,0.3841707706451416,0.3841707706451416,0.3841707706451416
1785517958692149500,14594222,0.3841707706451416,0.3841707706451416,0.3841707706451416,0.3841707706451416
1785517958706473300,14601328,0.3841707706451416,0.3841707706451416,0.3841707706451416,0.3841707706451416
1785517958716114800,14601328,0.3841707706451416,0.3841707706451416,0.3841707706451416,0.3841707706451416
1785517958725988600,14601328,0.3841707706451416,0.3841707706451416,0.3841707706451416,0.3841707706451416
1785517958736320400,14601328,0.3841707706451416,0.3841707706451416,0.3841707706451416,0.3841707706451416
1785517958746779400,14644948,0.3841707706451416,0.3841707706451416,0.3841707706451416,0.3841707706451416
1785517958756888700,14644948,0.3841707706451416,0.3841707706451416,0.3841707706451416,0.3841707706451416
1785517958767940200,14644948,0.3841707706451416,0.3841707706451416,0.3841707706451416,0.3841707706451416
1785517958779519700,14673268,0.3841707706451416,0.3841707706451416,0.3841707706451416,0.3841707706451416
1785517958790450700,14673268,0.3841707706451416,0.3841707706451416,0.3841707706451416,0.3841707706451416
1785517958800776200,14701984,0.3841707706451416,0.3841707706451416,0.3841707706451416,0.3841707706451416
1785517958811898400,14701984,0.3841707706451416,0.3841707706451416,0.3841707706451416,0.3841707706451416
1785517958821762000,14701984,0.3841707706451416,0.3841707706451416,0.3841707706451416,0.3841707706451416
1785517958834339600,14730451,0.3841707706451416,0.3841707706451416,0.3841707706451416,0.3841707706451416
1785517958843321800,14730451,0.3841707706451416,0.3841707706451416,0.3841707706451416,0.3841707706451416
1785517958856338600,14730451,0.3841707706451416,0.3841707706451416,0.3841707706451416,0.3841707706451416
1785517958864480400,14763968,0.3841707706451416,0.3841707706451416,0.3841707706451416,0.3841707706451416
1785517958875802600,14763968,0.3841707706451416,0.3841707706451416,0.3841707706451416,0.3841707706451416
1785517958886997800,14763968,0.3841707706451416,0.3841707706451416,0.3841707706451416,0.3841707706451416
1785517958896403100,14763968,0.3841707706451416,0.3841707706451416,0.3841707706451416,0.3841707706451416
1785517958907571400,14806472,0.3841707706451416,0.3841707706451416,0.3841707706451416,0.3841707706451416
1785517958920012700,14806472,0.3841707706451416,0.3841707706451416,0.3841707706451416,0.3841707706451416
1785517958930179600,14806472,0.3841707706451416,0.3841707706451416,0.3841707706451416,0.3841707706451416
1785517958941516200,14835234,0.3841707706451416,0.3841707706451416,0.3841707706451416,0.3841707706451416
1785517958950327900,14835234,0.3841707706451416,0.3841707706451416,0.3841707706451416,0.3841707706451416
1785517958970484800,14835234,0.3841707706451416,0.3841707706451416,0.3841707706451416,0.3841707706451416
1785517958980626800,14866425,0.3841707706451416,0.3841707706451416,0.3841707706451416,0.3841707706451416
1785517958988327900,14866425,0.3841707706451416,0.3841707706451416,0.3841707706451416,0.3841707706451416
1785517959000390700,14897567,0.3841707706451416,0.3841707706451416,0.3841707706451416,0.3841707706451416
1785517959009920100,14897567,0.3841707706451416,0.3841707706451416,0.3841707706451416,0.3841707706451416
1785517959019790100,14897567,0.3841707706451416,0.3841707706451416,0.3841707706451416,0.3841707706451416
1785517959033871600,14932549,0.3841707706451416,0.3841707706451416,0.3841707706451416,0.3841707706451416
1785517959041652300,14932549,0.3841707706451416,0.3841707706451416,0.3841707706451416,0.3841707706451416
1785517959052248900,14932549,0.3841707706451416,0.3841707706451416,0.3841707706451416,0.3841707706451416
1785517959062469700,14932549,0.3841707706451416,0.3841707706451416,0.3841707706451416,0.3841707706451416
1785517959078827700,14932549,0.3841707706451416,0.3841707706451416,0.3841707706451416,0.3841707706451416
1785517959083993200,14978148,0.3841707706451416,0.3841707706451416,0.3841707706451416,0.3841707706451416
1785517959095565000,14978148,0.3841707706451416,0.3841707706451416,0.3841707706451416,0.3841707706451416
1785517959105703200,15006636,0.3841707706451416,0.3841707706451416,0.3841707706451416,0.3841707706451416
1785517959116207000,15006928,0.3841707706451416,0.3841707706451416,0.3841707706451416,0.3841707706451416
1785517959126801400,15006928,0.3841707706451416,0.3841707706451416,0.3841707706451416,0.3841707706451416
1785517959145409800,15037885,0.3841707706451416,0.3841707706451416,0.3841707706451416,0.3841707706451416
1785517959148959200,15037885,0.3841707706451416,0.3841707706451416,0.3841707706451416,0.3841707706451416
1785517959159321600,15037885,0.3841707706451416,0.3841707706451416,0.3841707706451416,0.3841707706451416
1785517959170880200,15067166,0.3841707706451416,0.3841707706451416,0.3841707706451416,0.3841707706451416
1785517959180989100,15067166,0.3841707706451416,0.3841707706451416,0.3841707706451416,0.3841707706451416
1785517959193798800,15067166,0.3841707706451416,0.3841707706451416,0.3841707706451416,0.3841707706451416
1785517959205487400,15099346,0.3841707706451416,0.3841707706451416,0.3841707706451416,0.3841707706451416
1785517959212938200,15099346,0.3841707706451416,0.3841707706451416,0.3841707706451416,0.3841707706451416
1785517959230424200,15099346,0.3841707706451416,0.3841707706451416,0.3841707706451416,0.3841707706451416
1785517959240636500,15128622,0.3841707706451416,0.3841707706451416,0.3841707706451416,0.3841707706451416
1785517959245994700,15137703,0.3841707706451416,0.3841707706451416,0.3841707706451416,0.3841707706451416
1785517959257795900,15137703,0.3841707706451416,0.3841707706451416,0.3841707706451416,0.3841707706451416
1785517959268200100,15137703,0.3841707706451416,0.3841707706451416,0.3841707706451416,0.3841707706451416
1785517959286191100,15137703,0.3841707706451416,0.3841707706451416,0.3841707706451416,0.3841707706451416
1785517959289583200,15181922,0.3841707706451416,0.3841707706451416,0.3841707706451416,0.3841707706451416
1785517959300507600,15181922,0.3841707706451416,0.3841707706451416,0.3841707706451416,0.3841707706451416
1785517959323705600,15211476,0.3841707706451416,0.3841707706451416,0.3841707706451416,0.3841707706451416
1785517959325250000,15211476,0.3841707706451416,0.3841707706451416,0.3841707706451416,0.3841707706451416
1785517959332474100,15211476,0.3841707706451416,0.3841707706451416,0.3841707706451416,0.3841707706451416
1785517959347857200,15241884,0.3841707706451416,0.3841707706451416,0.3841707706451416,0.3841707706451416
1785517959358143200,15241884,0.3841707706451416,0.3841707706451416,0.3841707706451416,0.3841707706451416
1785517959366230000,15241884,0.3841707706451416,0.3841707706451416,0.3841707706451416,0.3841707706451416
1785517959378489200,15273460,0.3841707706451416,0.3841707706451416,0.3841707706451416,0.3841707706451416
1785517959386754100,15273460,0.3841707706451416,0.3841707706451416,0.3841707706451416,0.3841707706451416
1785517959397544400,15273460,0.3841707706451416,0.3841707706451416,0.3841707706451416,0.3841707706451416
1785517959408094500,15302172,0.3841707706451416,0.3841707706451416,0.3841707706451416,0.3841707706451416
1785517959420003100,15302172,0.3841707706451416,0.3841707706451416,0.3841707706451416,0.3841707706451416
1785517959432887100,15302172,0.3841707706451416,0.3841707706451416,0.3841707706451416,0.3841707706451416
1785517959440476300,15333207,0.3841707706451416,0.3841707706451416,0.3841707706451416,0.3841707706451416
1785517959451974000,15333207,0.3841707706451416,0.3841707706451416,0.3841707706451416,0.3841707706451416
1785517959464353100,15362645,0.3841707706451416,0.3841707706451416,0.3841707706451416,0.3841707706451416
1785517959472891400,15371836,0.3841707706451416,0.3841707706451416,0.3841707706451416,0.3841707706451416
1785517959485282900,15371836,0.3841707706451416,0.3841707706451416,0.3841707706451416,0.3841707706451416
1785517959496868400,15371836,0.3841707706451416,0.3841707706451416,0.3841707706451416,0.3841707706451416
1785517959504904700,15371836,0.3841707706451416,0.3841707706451416,0.3841707706451416,0.3841707706451416
1785517959529746700,15412791,0.3841707706451416,0.3841707706451416,0.3841707706451416,0.3841707706451416
1785517959536996800,15412791,0.3841707706451416,0.3841707706451416,0.3841707706451416,0.3841707706451416
1785517959537723500,15412791,0.3841707706451416,0.3841707706451416,0.3841707706451416,0.3841707706451416
1785517959550414100,15442554,0.3841707706451416,0.3841707706451416,0.3841707706451416,0.3841707706451416
1785517959561873900,15442554,0.3841707706451416,0.3841707706451416,0.3841707706451416,0.3841707706451416
1785517959572702400,15472108,0.3841707706451416,0.3841707706451416,0.3841707706451416,0.3841707706451416
1785517959585715800,15472632,0.3841707706451416,0.3841707706451416,0.3841707706451416,0.3841707706451416
1785517959600248000,15472632,0.3841707706451416,0.3841707706451416,0.3841707706451416,0.3841707706451416
1785517959604271700,15503007,0.3841707706451416,0.3841707706451416,0.3841707706451416,0.3841707706451416
1785517959618272900,15503007,0.3841707706451416,0.3841707706451416,0.3841707706451416,0.3841707706451416
1785517959627104200,15503007,0.3841707706451416,0.3841707706451416,0.3841707706451416,0.3841707706451416
1785517959643654500,15532926,0.3841707706451416,0.3841707706451416,0.3841707706451416,0.3841707706451416
1785517959648804100,15532926,0.3841707706451416,0.3841707706451416,0.3841707706451416,0.3841707706451416
1785517959660094700,15532926,0.3841707706451416,0.3841707706451416,0.3841707706451416,0.3841707706451416
1785517959669923700,15569256,0.3841707706451416,0.3841707706451416,0.3841707706451416,0.3841707706451416
1785517959678774500,15569256,0.3841707706451416,0.3841707706451416,0.3841707706451416,0.3841707706451416
1785517959690621900,15569256,0.3841707706451416,0.3841707706451416,0.3841707706451416,0.3841707706451416
1785517959703228500,15569256,0.3841707706451416,0.3841707706451416,0.3841707706451416,0.3841707706451416
1785517959713946500,15613737,0.3245842456817627,0.3245842456817627,0.3245842456817627,0.3245842456817627
1785517959723805300,15615647,0.15285171568393707,0.15285171568393707,0.15285171568393707,0.15285171568393707
1785517959734721700,15615647,0.15285171568393707,0.15285171568393707,0.15285171568393707,0.15285171568393707
1785517959750248300,15643294,0.09773940593004227,0.09773940593004227,0.09773940593004227,0.09773940593004227
1785517959759728400,15643294,0.09773940593004227,0.09773940593004227,0.09773940593004227,0.09773940593004227
1785517959768038000,15643294,0.09773940593004227,0.09773940593004227,0.09773940593004227,0.09773940593004227
1785517959780693500,15674881,0.07081692665815353,0.07081692665815353,0.07081692665815353,0.07081692665815353
1785517959788107300,15674881,0.07081692665815353,0.07081692665815353,0.07081692665815353,0.07081692665815353
1785517959800253000,15674881,0.07081692665815353,0.07081692665815353,0.07081692665815353,0.07081692665815353
1785517959812855700,15707173,0.05912838876247406,0.05912838876247406,0.05912838876247406,0.05912838876247406
1785517959822553500,15707173,0.05912838876247406,0.05912838876247406,0.05912838876247406,0.05912838876247406
1785517959838168600,15707173,0.05912838876247406,0.05912838876247406,0.05912838876247406,0.05912838876247406
1785517959847071900,15736188,0.05424344539642334,0.05424344539642334,0.05424344539642334,0.05424344539642334
1785517959870071900,15736188,0.05424344539642334,0.05424344539642334,0.05424344539642334,0.05424344539642334
1785517959871728000,15763468,0.052022144198417664,0.052022144198417664,0.052022144198417664,0.052022144198417664
1785517959881095800,15763468,0.052022144198417664,0.052022144198417664,0.052022144198417664,0.052022144198417664
1785517959904262700,15763468,0.052022144198417664,0.052022144198417664,0.052022144198417664,0.052022144198417664
1785517959909932500,15794547,0.05087742581963539,0.05087742581963539,0.05087742581963539,0.05087742581963539
1785517959910367800,15794547,0.05087742581963539,0.05087742581963539,0.05087742581963539,0.05087742581963539
1785517959921872500,15820828,0.05044511705636978,0.05044511705636978,0.05044511705636978,0.05044511705636978
1785517959931145500,15820828,0.05044511705636978,0.05044511705636978,0.05044511705636978,0.05044511705636978
1785517959943804300,15820828,0.05044511705636978,0.05044511705636978,0.05044511705636978,0.05044511705636978
1785517959958106400,15852510,0.05018944665789604,0.05018944665789604,0.05018944665789604,0.05018944665789604
1785517959965001600,15852510,0.05018944665789604,0.05018944665789604,0.05018944665789604,0.05018944665789604
1785517959976757500,15852510,0.05018944665789604,0.05018944665789604,0.05018944665789604,0.05018944665789604
1785517959983357900,15883998,0.05008182302117348,0.05008182302117348,0.05008182302117348,0.05008182302117348
1785517959999188900,15883998,0.05008182302117348,0.05008182302117348,0.05008182302117348,0.05008182302117348
1785517960006542900,15883998,0.05008182302117348,0.05008182302117348,0.05008182302117348,0.05008182302117348
1785517960028175300,15911168,0.0500403493642807,0.0500403493642807,0.0500403493642807,0.0500403493642807
1785517960029000800,15911168,0.0500403493642807,0.0500403493642807,0.0500403493642807,0.0500403493642807
1785517960041387200,15911168,0.0500403493642807,0.0500403493642807,0.0500403493642807,0.0500403493642807
1785517960050250800,15945071,0.050016749650239944,0.050016749650239944,0.050016749650239944,0.050016749650239944
1785517960062954800,15945071,0.050016749650239944,0.050016749650239944,0.050016749650239944,0.050016749650239944
1785517960082220700,15974100,0.050007808953523636,0.050007808953523636,0.050007808953523636,0.050007808953523636
1785517960083599500,15974100,0.050007808953523636,0.050007808953523636,0.050007808953523636,0.050007808953523636
1785517960098866100,15974100,0.050007808953523636,0.050007808953523636,0.050007808953523636,0.050007808953523636
1785517960113982500,16006749,0.050006523728370667,0.050006523728370667,0.050006523728370667,0.050006523728370667
1785517960119187900,16007967,0.050003182142972946,0.050003182142972946,0.050003182142972946,0.050003182142972946
1785517960127093000,16007967,0.050003182142972946,0.050003182142972946,0.050003182142972946,0.050003182142972946
1785517960148671500,16039026,0.05000139772891998,0.05000139772891998,0.05000139772891998,0.05000139772891998
1785517960149850900,16039026,0.05000139772891998,0.05000139772891998,0.05000139772891998,0.05000139772891998
1785517960161270500,16039026,0.05000139772891998,0.05000139772891998,0.05000139772891998,0.05000139772891998
1785517960169778200,16067005,0.05000069737434387,0.05000069737434387,0.05000069737434387,0.05000069737434387
1785517960180493800,16067005,0.05000069737434387,0.05000069737434387,0.05000069737434387,0.05000069737434387
1785517960208476800,16067005,0.05000069737434387,0.05000069737434387,0.05000069737434387,0.05000069737434387
1785517960225502600,16067005,0.05000069737434387,0.05000069737434387,0.05000069737434387,0.05000069737434387
1785517960225871600,16067005,0.05000069737434387,0.05000069737434387,0.05000069737434387,0.05000069737434387
1785517960230350400,16067005,0.05000069737434387,0.05000069737434387,0.05000069737434387,0.05000069737434387
1785517960231397400,16067005,0.05000069737434387,0.05000069737434387,0.05000069737434387,0.05000069737434387
1785517960231638500,16067005,0.05000069737434387,0.05000069737434387,0.05000069737434387,0.05000069737434387
1785517960234714700,16067005,0.05000069737434387,0.05000069737434387,0.05000069737434387,0.05000069737434387
1785517960252111500,16067005,0.05000069737434387,0.05000069737434387,0.05000069737434387,0.05000069737434387
1785517960255930900,16067005,0.05000069737434387,0.05000069737434387,0.05000069737434387,0.05000069737434387
1785517960256593000,16067005,0.05000069737434387,0.05000069737434387,0.05000069737434387,0.05000069737434387
1785517960266127400,16067005,0.05000069737434387,0.05000069737434387,0.05000069737434387,0.05000069737434387
1785517960288181300,16067005,0.05000069737434387,0.05000069737434387,0.05000069737434387,0.05000069737434387
1785517960290184800,16067005,0.05000069737434387,0.05000069737434387,0.05000069737434387,0.05000069737434387
1785517960294332200,16067005,0.05000069737434387,0.05000069737434387,0.05000069737434387,0.05000069737434387
1785517960324760000,16067005,0.05000069737434387,0.05000069737434387,0.05000069737434387,0.05000069737434387
1785517960329983100,16067005,0.05000069737434387,0.05000069737434387,0.05000069737434387,0.05000069737434387
1785517960331132500,16067005,0.05000069737434387,0.05000069737434387,0.05000069737434387,0.05000069737434387
1785517960348267000,16067005,0.05000069737434387,0.05000069737434387,0.05000069737434387,0.05000069737434387
1785517960349130200,16067005,0.05000069737434387,0.05000069737434387,0.05000069737434387,0.05000069737434387
1785517960358220100,16067005,0.05000069737434387,0.05000069737434387,0.05000069737434387,0.05000069737434387
1785517960370391100,16067005,0.05000069737434387,0.05000069737434387,0.05000069737434387,0.05000069737434387
1785517960380638900,16067005,0.05000069737434387,0.05000069737434387,0.05000069737434387,0.05000069737434387
1785517960394433000,16067005,0.05000069737434387,0.05000069737434387,0.05000069737434387,0.05000069737434387
1785517960400032100,16067005,0.05000069737434387,0.05000069737434387,0.05000069737434387,0.05000069737434387
1785517960421934000,16067005,0.05000069737434387,0.05000069737434387,0.05000069737434387,0.05000069737434387
1785517960427056300,16067005,0.05000069737434387,0.05000069737434387,0.05000069737434387,0.05000069737434387
1785517960433679700,16067005,0.05000069737434387,0.05000069737434387,0.05000069737434387,0.05000069737434387
1785517960445042000,16067005,0.05000069737434387,0.05000069737434387,0.05000069737434387,0.05000069737434387
1785517960485460800,16067005,0.05000069737434387,0.05000069737434387,0.05000069737434387,0.05000069737434387
1785517960488379900,16067005,0.05000069737434387,0.05000069737434387,0.05000069737434387,0.05000069737434387
1785517960494541200,16067005,0.05000069737434387,0.05000069737434387,0.05000069737434387,0.05000069737434387
1785517960495807500,292373,0.0,0.0,0.0,0.0
1785517960502938000,292373,0.0,0.0,0.0,0.0
1785517960511320700,320093,0.0,0.0,0.0,0.0
1785517960522510800,320093,0.0,0.0,0.0,0.0
1785517960534976500,320093,0.0,0.0,0.0,0.0
1785517960550285000,352860,0.05000000074505806,0.05000000074505806,0.05000000074505806,0.05000000074505806
1785517960553763300,352860,0.05000000074505806,0.05000000074505806,0.05000000074505806,0.05000000074505806
1785517960565176900,352860,0.05000000074505806,0.05000000074505806,0.05000000074505806,0.05000000074505806
1785517960575566100,384809,0.05000000074505806,0.05000000074505806,0.05000000074505806,0.05000000074505806
1785517960586671100,384809,0.05000000074505806,0.05000000074505806,0.05000000074505806,0.05000000074505806
1785517960597812200,384809,0.05000000074505806,0.05000000074505806,0.05000000074505806,0.05000000074505806
1785517960607684700,413595,0.05000000074505806,0.05000000074505806,0.05000000074505806,0.05000000074505806
1785517960618447500,413595,0.05000000074505806,0.05000000074505806,0.05000000074505806,0.05000000074505806
1785517960627656000,413595,0.05000000074505806,0.05000000074505806,0.05000000074505806,0.05000000074505806
1785517960641221300,444390,0.05000000074505806,0.05000000074505806,0.05000000074505806,0.05000000074505806
1785517960650320200,444390,0.05000000074505806,0.05000000074505806,0.05000000074505806,0.05000000074505806
1785517960669631800,444390,0.05000000074505806,0.05000000074505806,0.05000000074505806,0.05000000074505806
1785517960670869200,473273,0.05000000074505806,0.05000000074505806,0.05000000074505806,0.05000000074505806
1785517960681210000,473273,0.05000000074505806,0.05000000074505806,0.05000000074505806,0.05000000074505806
1785517960694334900,502455,0.05000000074505806,0.05000000074505806,0.05000000074505806,0.05000000074505806
1785517960705108500,511130,0.05000000074505806,0.05000000074505806,0.05000000074505806,0.05000000074505806
1785517960716026700,511130,0.05000000074505806,0.05000000074505806,0.05000000074505806,0.05000000074505806
1785517960726389300,511130,0.05000000074505806,0.05000000074505806,0.05000000074505806,0.05000000074505806
1785517960735901500,511130,0.05000000074505806,0.05000000074505806,0.05000000074505806,0.05000000074505806
1785517960749116500,552138,0.05000000074505806,0.05000000074505806,0.05000000074505806,0.05000000074505806
1785517960757415300,552138,0.05000000074505806,0.05000000074505806,0.05000000074505806,0.05000000074505806
1785517960769530300,552138,0.05000000074505806,0.05000000074505806,0.05000000074505806,0.05000000074505806
1785517960780022400,583269,0.05000000074505806,0.05000000074505806,0.05000000074505806,0.05000000074505806
1785517960789889200,583269,0.05000000074505806,0.05000000074505806,0.05000000074505806,0.05000000074505806
1785517960803663900,583269,0.05000000074505806,0.05000000074505806,0.05000000074505806,0.05000000074505806
1785517960812690500,615606,0.05000000074505806,0.05000000074505806,0.05000000074505806,0.05000000074505806
1785517960826905100,615606,0.05000000074505806,0.05000000074505806,0.05000000074505806,0.05000000074505806
1785517960833790300,615606,0.05000000074505806,0.05000000074505806,0.05000000074505806,0.05000000074505806
1785517960844058600,648226,0.05000000074505806,0.05000000074505806,0.05000000074505806,0.05000000074505806
1785517960853835100,648226,0.05000000074505806,0.05000000074505806,0.05000000074505806,0.05000000074505806
1785517960864395200,648226,0.05000000074505806,0.05000000074505806,0.05000000074505806,0.05000000074505806
1785517960875605400,676953,0.05000000074505806,0.05000000074505806,0.05000000074505806,0.05000000074505806
1785517960885318200,676953,0.05000000074505806,0.05000000074505806,0.05000000074505806,0.05000000074505806
1785517960896877200,676953,0.05000000074505806,0.05000000074505806,0.05000000074505806,0.05000000074505806
1785517960906949300,709892,0.05000000074505806,0.05000000074505806,0.05000000074505806,0.05000000074505806
1785517960917105900,709892,0.05000000074505806,0.05000000074505806,0.05000000074505806,0.05000000074505806
1785517960928954600,738582,0.05000000074505806,0.05000000074505806,0.05000000074505806,0.05000000074505806
1785517960940318600,738582,0.05000000074505806,0.05000000074505806,0.05000000074505806,0.05000000074505806
1785517960949950600,738582,0.05000000074505806,0.05000000074505806,0.05000000074505806,0.05000000074505806
1785517960965321000,767852,0.05000000074505806,0.05000000074505806,0.05000000074505806,0.05000000074505806
1785517960973437600,775145,0.05000000074505806,0.05000000074505806,0.05000000074505806,0.05000000074505806
1785517960982112000,775145,0.05000000074505806,0.05000000074505806,0.05000000074505806,0.05000000074505806
1785517960992811700,775145,0.05000000074505806,0.05000000074505806,0.05000000074505806,0.05000000074505806
1785517961002954300,775145,0.05000000074505806,0.05000000074505806,0.05000000074505806,0.05000000074505806
1785517961014681000,822332,0.05000000074505806,0.05000000074505806,0.05000000074505806,0.05000000074505806
1785517961025347900,822332,0.05000000074505806,0.05000000074505806,0.05000000074505806,0.05000000074505806
1785517961035768400,846156,0.05000000074505806,0.05000000074505806,0.05000000074505806,0.05000000074505806
1785517961046809600,847239,0.05000000074505806,0.05000000074505806,0.05000000074505806,0.05000000074505806
1785517961057350500,847239,0.05000000074505806,0.05000000074505806,0.05000000074505806,0.05000000074505806
1785517961075000300,879295,0.05000000074505806,0.05000000074505806,0.05000000074505806,0.05000000074505806
1785517961083828000,881786,0.05000000074505806,0.05000000074505806,0.05000000074505806,0.05000000074505806
1785517961093545600,881786,0.05000000074505806,0.05000000074505806,0.05000000074505806,0.05000000074505806
1785517961106748100,909873,0.05000000074505806,0.05000000074505806,0.05000000074505806,0.05000000074505806
1785517961115062400,909873,0.05000000074505806,0.05000000074505806,0.05000000074505806,0.05000000074505806
1785517961124768900,909873,0.05000000074505806,0.05000000074505806,0.05000000074505806,0.05000000074505806
1785517961136222300,940603,0.05000000074505806,0.05000000074505806,0.05000000074505806,0.05000000074505806
1785517961148346300,940603,0.05000000074505806,0.05000000074505806,0.05000000074505806,0.05000000074505806
1785517961169772900,940603,0.05000000074505806,0.05000000074505806,0.05000000074505806,0.05000000074505806
1785517961172191600,970839,0.05000000074505806,0.05000000074505806,0.05000000074505806,0.05000000074505806
1785517961182905600,970839,0.05000000074505806,0.05000000074505806,0.05000000074505806,0.05000000074505806
1785517961195187900,1001197,0.05000000074505806,0.05000000074505806,0.05000000074505806,0.05000000074505806
1785517961203465500,1009428,0.05000000074505806,0.05000000074505806,0.05000000074505806,0.05000000074505806
1785517961213943900,1009428,0.05000000074505806,0.05000000074505806,0.05000000074505806,0.05000000074505806
1785517961224820000,1009428,0.05000000074505806,0.05000000074505806,0.05000000074505806,0.05000000074505806
1785517961235266200,1009428,0.05000000074505806,0.05000000074505806,0.05000000074505806,0.05000000074505806
1785517961245954200,1052149,0.05000000074505806,0.05000000074505806,0.05000000074505806,0.05000000074505806
1785517961263701700,1052149,0.05000000074505806,0.05000000074505806,0.05000000074505806,0.05000000074505806
1785517961267738200,1052149,0.05000000074505806,0.05000000074505806,0.05000000074505806,0.05000000074505806
1785517961284379500,1085238,0.05000000074505806,0.05000000074505806,0.05000000074505806,0.05000000074505806
1785517961290067900,1085238,0.05000000074505806,0.05000000074505806,0.05000000074505806,0.05000000074505806
1785517961303621900,1085238,0.05000000074505806,0.05000000074505806,0.05000000074505806,0.05000000074505806
1785517961312251800,1116499,0.05000000074505806,0.05000000074505806,0.05000000074505806,0.05000000074505806
1785517961332241000,1116499,0.05000000074505806,0.05000000074505806,0.05000000074505806,0.05000000074505806
1785517961336613600,1116499,0.05000000074505806,0.05000000074505806,0.05000000074505806,0.05000000074505806
1785517961348466400,1148997,0.05000000074505806,0.05000000074505806,0.05000000074505806,0.05000000074505806
1785517961354334200,1148997,0.05000000074505806,0.05000000074505806,0.05000000074505806,0.05000000074505806
1785517961366219000,1148997,0.05000000074505806,0.05000000074505806,0.05000000074505806,0.05000000074505806
1785517961377616900,1180300,0.05000000074505806,0.05000000074505806,0.05000000074505806,0.05000000074505806
1785517961386548100,1180300,0.05000000074505806,0.05000000074505806,0.05000000074505806,0.05000000074505806
1785517961404500800,1180300,0.05000000074505806,0.05000000074505806,0.05000000074505806,0.05000000074505806
1785517961409236000,1209125,0.05000000074505806,0.05000000074505806,0.05000000074505806,0.05000000074505806
1785517961422715100,1209125,0.05000000074505806,0.05000000074505806,0.05000000074505806,0.05000000074505806
1785517961430784000,1239308,0.05000000074505806,0.05000000074505806,0.05000000074505806,0.05000000074505806
1785517961441918400,1239308,0.05000000074505806,0.05000000074505806,0.05000000074505806,0.05000000074505806
1785517961452641100,1239308,0.05000000074505806,0.05000000074505806,0.05000000074505806,0.05000000074505806
1785517961468444400,1270267,0.05000000074505806,0.05000000074505806,0.05000000074505806,0.05000000074505806
1785517961473828600,1277414,0.05000000074505806,0.05000000074505806,0.05000000074505806,0.05000000074505806
1785517961485131400,1277414,0.05000000074505806,0.05000000074505806,0.05000000074505806,0.05000000074505806
1785517961495720200,1277414,0.05000000074505806,0.05000000074505806,0.05000000074505806,0.05000000074505806
1785517961506500900,1277414,0.05000000074505806,0.05000000074505806,0.05000000074505806,0.05000000074505806
1785517961518099600,1321121,0.05000000074505806,0.05000000074505806,0.05000000074505806,0.05000000074505806
1785517961528717500,1321121,0.05000000074505806,0.05000000074505806,0.05000000074505806,0.05000000074505806
1785517961542850500,1321121,0.05000000074505806,0.05000000074505806,0.05000000074505806,0.05000000074505806
1785517961551181300,1351051,0.05000000074505806,0.05000000074505806,0.05000000074505806,0.05000000074505806
1785517961565463600,1351051,0.05000000074505806,0.05000000074505806,0.05000000074505806,0.05000000074505806
1785517961573288600,1381293,0.05000000074505806,0.05000000074505806,0.05000000074505806,0.05000000074505806
1785517961591022400,1381293,0.05000000074505806,0.05000000074505806,0.05000000074505806,0.05000000074505806
1785517961592621600,1381293,0.05000000074505806,0.05000000074505806,0.05000000074505806,0.05000000074505806
1785517961608231800,1413341,0.05000000074505806,0.05000000074505806,0.05000000074505806,0.05000000074505806
1785517961616002400,1413341,0.05000000074505806,0.05000000074505806,0.05000000074505806,0.05000000074505806
1785517961627877900,1413341,0.05000000074505806,0.05000000074505806,0.05000000074505806,0.05000000074505806
1785517961646666600,1446964,0.05000000074505806,0.05000000074505806,0.05000000074505806,0.05000000074505806
1785517961648044800,1447354,0.05000000074505806,0.05000000074505806,0.05000000074505806,0.05000000074505806
1785517961659406100,1447354,0.05000000074505806,0.05000000074505806,0.05000000074505806,0.05000000074505806
1785517961670223700,1478500,0.05000000074505806,0.05000000074505806,0.05000000074505806,0.05000000074505806
1785517961684719800,1478500,0.05000000074505806,0.05000000074505806,0.05000000074505806,0.05000000074505806
1785517961690483000,1478500,0.05000000074505806,0.05000000074505806,0.05000000074505806,0.05000000074505806
1785517961706792000,1510368,0.05000000074505806,0.05000000074505806,0.05000000074505806,0.05000000074505806
1785517961713169600,1510368,0.05000000074505806,0.05000000074505806,0.05000000074505806,0.05000000074505806
1785517961723614400,1510368,0.05000000074505806,0.05000000074505806,0.05000000074505806,0.05000000074505806
1785517961734046600,1539051,0.05000000074505806,0.05000000074505806,0.05000000074505806,0.05000000074505806
1785517961745485900,1539051,0.05000000074505806,0.05000000074505806,0.05000000074505806,0.05000000074505806
1785517961757062000,1539051,0.05000000074505806,0.05000000074505806,0.05000000074505806,0.05000000074505806
1785517961767477300,1568055,0.05000000074505806,0.05000000074505806,0.05000000074505806,0.05000000074505806
1785517961777320400,1577136,0.05000000074505806,0.05000000074505806,0.05000000074505806,0.05000000074505806
1785517961789269300,1577136,0.05000000074505806,0.05000000074505806,0.05000000074505806,0.05000000074505806
1785517961798071700,1577136,0.05000000074505806,0.05000000074505806,0.05000000074505806,0.05000000074505806
1785517961809591900,1618891,0.05000000074505806,0.05000000074505806,0.05000000074505806,0.05000000074505806
1785517961823262400,1618891,0.05000000074505806,0.05000000074505806,0.05000000074505806,0.05000000074505806
1785517961831921700,1618891,0.05000000074505806,0.05000000074505806,0.05000000074505806,0.05000000074505806
1785517961848211100,1649932,0.05000000074505806,0.05000000074505806,0.05000000074505806,0.05000000074505806
1785517961852673500,1649932,0.05000000074505806,0.05000000074505806,0.05000000074505806,0.05000000074505806
1785517961865407600,1649932,0.05000000074505806,0.05000000074505806,0.05000000074505806,0.05000000074505806
1785517961874494000,1680026,0.05000000074505806,0.05000000074505806,0.05000000074505806,0.05000000074505806
1785517961885816500,1680026,0.05000000074505806,0.05000000074505806,0.05000000074505806,0.05000000074505806
1785517961906171300,1680026,0.05000000074505806,0.05000000074505806,0.05000000074505806,0.05000000074505806
1785517961907684500,1710575,0.05000000074505806,0.05000000074505806,0.05000000074505806,0.05000000074505806
1785517961919985400,1710575,0.05000000074505806,0.05000000074505806,0.05000000074505806,0.05000000074505806
1785517961930972800,1739990,0.05000000074505806,0.05000000074505806,0.05000000074505806,0.05000000074505806
1785517961943275000,1740380,0.05000000074505806,0.05000000074505806,0.05000000074505806,0.05000000074505806
1785517961953374300,1740380,0.05000000074505806,0.05000000074505806,0.05000000074505806,0.05000000074505806
1785517961963335500,1772117,0.05000000074505806,0.05000000074505806,0.05000000074505806,0.05000000074505806
1785517961974163600,1772117,0.05000000074505806,0.05000000074505806,0.05000000074505806,0.05000000074505806
1785517961985567700,1772117,0.05000000074505806,0.05000000074505806,0.05000000074505806,0.05000000074505806
1785517961996122400,1800670,0.05000000074505806,0.05000000074505806,0.05000000074505806,0.05000000074505806
1785517962008205100,1808945,0.05000000074505806,0.05000000074505806,0.05000000074505806,0.05000000074505806
1785517962023787800,1808945,0.05000000074505806,0.05000000074505806,0.05000000074505806,0.05000000074505806
1785517962026654700,1808945,0.05000000074505806,0.05000000074505806,0.05000000074505806,0.05000000074505806
1785517962042480600,1808945,0.05000000074505806,0.05000000074505806,0.05000000074505806,0.05000000074505806
1785517962049486300,1850822,0.05000000074505806,0.05000000074505806,0.05000000074505806,0.05000000074505806
1785517962060391000,1850822,0.05000000074505806,0.05000000074505806,0.05000000074505806,0.05000000074505806
1785517962070099100,1879924,0.05000000074505806,0.05000000074505806,0.05000000074505806,0.05000000074505806
1785517962084982500,1879924,0.05000000074505806,0.05000000074505806,0.05000000074505806,0.05000000074505806
1785517962096284900,1879924,0.05000000074505806,0.05000000074505806,0.05000000074505806,0.05000000074505806
1785517962114029500,1912613,0.05000000074505806,0.05000000074505806,0.05000000074505806,0.05000000074505806
1785517962117599500,1912613,0.05000000074505806,0.05000000074505806,0.05000000074505806,0.05000000074505806
1785517962126312600,1912613,0.05000000074505806,0.05000000074505806,0.05000000074505806,0.05000000074505806
1785517962136012500,1944011,0.05000000074505806,0.05000000074505806,0.05000000074505806,0.05000000074505806
1785517962146799700,1944011,0.05000000074505806,0.05000000074505806,0.05000000074505806,0.05000000074505806
1785517962157237200,1944011,0.05000000074505806,0.05000000074505806,0.05000000074505806,0.05000000074505806
1785517962168949400,1975533,0.05000000074505806,0.05000000074505806,0.05000000074505806,0.05000000074505806
1785517962182184800,1975533,0.05000000074505806,0.05000000074505806,0.05000000074505806,0.05000000074505806
1785517962189607800,1975533,0.05000000074505806,0.05000000074505806,0.05000000074505806,0.05000000074505806
1785517962203123700,2004872,0.05000000074505806,0.05000000074505806,0.05000000074505806,0.05000000074505806
1785517962211814000,2004872,0.05000000074505806,0.05000000074505806,0.05000000074505806,0.05000000074505806
1785517962224008000,2004872,0.05000000074505806,0.05000000074505806,0.05000000074505806,0.05000000074505806
1785517962235320500,2036592,0.05000000074505806,0.05000000074505806,0.05000000074505806,0.05000000074505806
1785517962248447400,2046569,0.05000000074505806,0.05000000074505806,0.05000000074505806,0.05000000074505806
1785517962255631300,2046569,0.05000000074505806,0.05000000074505806,0.05000000074505806,0.05000000074505806
1785517962267177700,2046569,0.05000000074505806,0.05000000074505806,0.05000000074505806,0.05000000074505806
1785517962280233700,2087015,0.05000000074505806,0.05000000074505806,0.05000000074505806,0.05000000074505806
1785517962288675200,2088046,0.05000000074505806,0.05000000074505806,0.05000000074505806,0.05000000074505806
1785517962299846500,2088046,0.05000000074505806,0.05000000074505806,0.05000000074505806,0.05000000074505806
1785517962314847400,2118842,0.05000000074505806,0.05000000074505806,0.05000000074505806,0.05000000074505806
1785517962319342000,2118842,0.05000000074505806,0.05000000074505806,0.05000000074505806,0.05000000074505806
1785517962348669000,2118842,0.05000000074505806,0.05000000074505806,0.05000000074505806,0.05000000074505806
1785517962350273000,2118842,0.05000000074505806,0.05000000074505806,0.05000000074505806,0.05000000074505806
1785517962351690800,2153264,0.05000000074505806,0.05000000074505806,0.05000000074505806,0.05000000074505806
1785517962380907800,2153264,0.05000000074505806,0.05000000074505806,0.05000000074505806,0.05000000074505806
1785517962385581300,2153264,0.05000000074505806,0.05000000074505806,0.05000000074505806,0.05000000074505806
1785517962389683700,2187349,0.05000000074505806,0.05000000074505806,0.05000000074505806,0.05000000074505806
1785517962436458200,2187349,0.05000000074505806,0.05000000074505806,0.05000000074505806,0.05000000074505806
1785517962440881000,2187349,0.05000000074505806,0.05000000074505806,0.05000000074505806,0.05000000074505806
1785517962446854700,2222586,0.05000000074505806,0.05000000074505806,0.05000000074505806,0.05000000074505806
1785517962456324300,2222586,0.05000000074505806,0.05000000074505806,0.05000000074505806,0.05000000074505806
1785517962458086400,2222586,0.05000000074505806,0.05000000074505806,0.05000000074505806,0.05000000074505806
1785517962459306100,2254758,0.05000000074505806,0.05000000074505806,0.05000000074505806,0.05000000074505806
1785517962462719200,2254758,0.05000000074505806,0.05000000074505806,0.05000000074505806,0.05000000074505806
1785517962472473300,2254758,0.05000000074505806,0.05000000074505806,0.05000000074505806,0.05000000074505806
1785517962485841800,2289819,0.05000000074505806,0.05000000074505806,0.05000000074505806,0.05000000074505806
1785517962501615000,2289819,0.05000000074505806,0.05000000074505806,0.05000000074505806,0.05000000074505806
1785517962506772300,2289819,0.05000000074505806,0.05000000074505806,0.05000000074505806,0.05000000074505806
1785517962517481200,2289819,0.05000000074505806,0.05000000074505806,0.05000000074505806,0.05000000074505806
1785517962546370000,2334418,0.05000000074505806,0.05000000074505806,0.05000000074505806,0.05000000074505806
1785517962566357300,2334418,0.05000000074505806,0.05000000074505806,0.05000000074505806,0.05000000074505806
1785517962611094200,2356024,0.05000000074505806,0.05000000074505806,0.05000000074505806,0.05000000074505806
1785517962615175500,2356024,0.05000000074505806,0.05000000074505806,0.05000000074505806,0.05000000074505806
1785517962619637900,2356024,0.05000000074505806,0.05000000074505806,0.05000000074505806,0.05000000074505806
1785517962626082800,2389293,0.05000000074505806,0.05000000074505806,0.05000000074505806,0.05000000074505806
1785517962642116200,2389293,0.05000000074505806,0.05000000074505806,0.05000000074505806,0.05000000074505806
1785517962648955600,2389293,0.05000000074505806,0.05000000074505806,0.05000000074505806,0.05000000074505806
1785517962659113500,2425670,0.05000000074505806,0.05000000074505806,0.05000000074505806,0.05000000074505806
1785517962660963800,2425670,0.05000000074505806,0.05000000074505806,0.05000000074505806,0.05000000074505806
1785517962662395300,2425670,0.05000000074505806,0.05000000074505806,0.05000000074505806,0.05000000074505806
1785517962663573700,2458958,0.05000000074505806,0.05000000074505806,0.05000000074505806,0.05000000074505806
1785517962664886400,2458958,0.05000000074505806,0.05000000074505806,0.05000000074505806,0.05000000074505806
1785517962671577000,2458958,0.05000000074505806,0.05000000074505806,0.05000000074505806,0.05000000074505806
1785517962700626000,2488589,0.05000000074505806,0.05000000074505806,0.05000000074505806,0.05000000074505806
1785517962726473900,2488589,0.05000000074505806,0.05000000074505806,0.05000000074505806,0.05000000074505806
1785517962727925700,2488589,0.05000000074505806,0.05000000074505806,0.05000000074505806,0.05000000074505806
1785517962745704200,2519679,0.05000000074505806,0.05000000074505806,0.05000000074505806,0.05000000074505806
1785517962770754800,2519679,0.05000000074505806,0.05000000074505806,0.05000000074505806,0.05000000074505806
1785517962772156400,2519679,0.05000000074505806,0.05000000074505806,0.05000000074505806,0.05000000074505806
1785517962775180900,2553403,0.05000000074505806,0.05000000074505806,0.05000000074505806,0.05000000074505806
1785517962779879600,2553403,0.05000000074505806,0.05000000074505806,0.05000000074505806,0.05000000074505806
1785517962788178700,2553403,0.05000000074505806,0.05000000074505806,0.05000000074505806,0.05000000074505806
1785517962789587600,2586000,0.05000000074505806,0.05000000074505806,0.05000000074505806,0.05000000074505806
1785517962792224500,2586000,0.05000000074505806,0.05000000074505806,0.05000000074505806,0.05000000074505806
1785517962806695200,2586000,0.05000000074505806,0.05000000074505806,0.05000000074505806,0.05000000074505806
1785517962815334400,2616654,0.05000000074505806,0.05000000074505806,0.05000000074505806,0.05000000074505806
1785517962825273200,2616654,0.05000000074505806,0.05000000074505806,0.05000000074505806,0.05000000074505806
1785517962851325600,2616654,0.05000000074505806,0.05000000074505806,0.05000000074505806,0.05000000074505806
1785517962852249700,2647875,0.05000000074505806,0.05000000074505806,0.05000000074505806,0.05000000074505806
1785517962856378400,2647875,0.05000000074505806,0.05000000074505806,0.05000000074505806,0.05000000074505806
1785517962868066800,2647875,0.05000000074505806,0.05000000074505806,0.05000000074505806,0.05000000074505806
1785517962879320000,2677461,0.05000000074505806,0.05000000074505806,0.05000000074505806,0.05000000074505806
1785517962898315800,2677461,0.05000000074505806,0.05000000074505806,0.05000000074505806,0.05000000074505806
1785517962900638300,2709127,0.05000000074505806,0.05000000074505806,0.05000000074505806,0.05000000074505806
1785517962911682400,2709127,0.05000000074505806,0.05000000074505806,0.05000000074505806,0.05000000074505806
1785517962920649600,2709127,0.05000000074505806,0.05000000074505806,0.05000000074505806,0.05000000074505806
1785517962944451100,2739445,0.05000000074505806,0.05000000074505806,0.05000000074505806,0.05000000074505806
1785517962945255400,2739445,0.05000000074505806,0.05000000074505806,0.05000000074505806,0.05000000074505806
1785517962954002400,2739445,0.05000000074505806,0.05000000074505806,0.05000000074505806,0.05000000074505806
1785517962967167900,2772407,0.05000000074505806,0.05000000074505806,0.05000000074505806,0.05000000074505806
1785517962975751300,2772407,0.05000000074505806,0.05000000074505806,0.05000000074505806,0.05000000074505806
1785517962985925900,2772407,0.05000000074505806,0.05000000074505806,0.05000000074505806,0.05000000074505806
1785517962996457100,2801628,0.05000000074505806,0.05000000074505806,0.05000000074505806,0.05000000074505806
1785517963008480400,2812031,0.05000000074505806,0.05000000074505806,0.05000000074505806,0.05000000074505806
1785517963029709600,2812031,0.05000000074505806,0.05000000074505806,0.05000000074505806,0.05000000074505806
1785517963033390500,2812031,0.05000000074505806,0.05000000074505806,0.05000000074505806,0.05000000074505806
1785517963048039400,2850553,0.05000000074505806,0.05000000074505806,0.05000000074505806,0.05000000074505806
1785517963051778200,2850824,0.05000000074505806,0.05000000074505806,0.05000000074505806,0.05000000074505806
1785517963065004400,2850824,0.05000000074505806,0.05000000074505806,0.05000000074505806,0.05000000074505806
1785517963074391000,2882135,0.05000000074505806,0.05000000074505806,0.05000000074505806,0.05000000074505806
1785517963087346200,2882135,0.05000000074505806,0.05000000074505806,0.05000000074505806,0.05000000074505806
1785517963095714900,2882135,0.05000000074505806,0.05000000074505806,0.05000000074505806,0.05000000074505806
1785517963107820200,2914902,0.05000000074505806,0.05000000074505806,0.05000000074505806,0.05000000074505806
1785517963123385800,2914902,0.05000000074505806,0.05000000074505806,0.05000000074505806,0.05000000074505806
1785517963127805200,2914902,0.05000000074505806,0.05000000074505806,0.05000000074505806,0.05000000074505806
1785517963150772300,2946972,0.05000000074505806,0.05000000074505806,0.05000000074505806,0.05000000074505806
1785517963155885000,2946972,0.05000000074505806,0.05000000074505806,0.05000000074505806,0.05000000074505806
1785517963161161900,2946972,0.05000000074505806,0.05000000074505806,0.05000000074505806,0.05000000074505806
1785517963178704800,2946972,0.05000000074505806,0.05000000074505806,0.05000000074505806,0.05000000074505806
1785517963189971100,2984771,0.05000000074505806,0.05000000074505806,0.05000000074505806,0.05000000074505806
1785517963190874000,2984771,0.05000000074505806,0.05000000074505806,0.05000000074505806,0.05000000074505806
1785517963208767200,2984771,0.05000000074505806,0.05000000074505806,0.05000000074505806,0.05000000074505806
1785517963214198600,3016737,0.05000000074505806,0.05000000074505806,0.05000000074505806,0.05000000074505806
1785517963225326700,3016737,0.05000000074505806,0.05000000074505806,0.05000000074505806,0.05000000074505806
1785517963248979700,3016737,0.05000000074505806,0.05000000074505806,0.05000000074505806,0.05000000074505806
1785517963257540000,3051037,0.05000000074505806,0.05000000074505806,0.05000000074505806,0.05000000074505806
1785517963258209700,3051037,0.05000000074505806,0.05000000074505806,0.05000000074505806,0.05000000074505806
1785517963278554600,3051037,0.05000000074505806,0.05000000074505806,0.05000000074505806,0.05000000074505806
1785517963288093100,3086300,0.05000000074505806,0.05000000074505806,0.05000000074505806,0.05000000074505806
1785517963288766700,3086300,0.05000000074505806,0.05000000074505806,0.05000000074505806,0.05000000074505806
1785517963298930900,3086300,0.05000000074505806,0.05000000074505806,0.05000000074505806,0.05000000074505806
1785517963317960200,3118195,0.05000000074505806,0.05000000074505806,0.05000000074505806,0.05000000074505806
1785517963320213100,3118195,0.05000000074505806,0.05000000074505806,0.05000000074505806,0.05000000074505806
1785517963330840700,3118195,0.05000000074505806,0.05000000074505806,0.05000000074505806,0.05000000074505806
1785517963345807600,3118195,0.05000000074505806,0.05000000074505806,0.05000000074505806,0.05000000074505806
1785517963353699200,3162947,0.05000000074505806,0.05000000074505806,0.05000000074505806,0.05000000074505806
1785517963372277600,3164433,0.05000000074505806,0.05000000074505806,0.05000000074505806,0.05000000074505806
1785517963378777400,3180637,0.05000000074505806,0.05000000074505806,0.05000000074505806,0.05000000074505806
1785517963387321100,3180637,0.05000000074505806,0.05000000074505806,0.05000000074505806,0.05000000074505806
1785517963396125600,3180637,0.05000000074505806,0.05000000074505806,0.05000000074505806,0.05000000074505806
1785517963411869500,3212215,0.05000000074505806,0.05000000074505806,0.05000000074505806,0.05000000074505806
1785517963420339200,3212215,0.05000000074505806,0.05000000074505806,0.05000000074505806,0.05000000074505806
1785517963432102200,3239094,0.05000000074505806,0.05000000074505806,0.05000000074505806,0.05000000074505806
1785517963441097700,3239094,0.05000000074505806,0.05000000074505806,0.05000000074505806,0.05000000074505806
1785517963452196000,3239094,0.05000000074505806,0.05000000074505806,0.05000000074505806,0.05000000074505806
1785517963471046900,3270531,0.05000000074505806,0.05000000074505806,0.05000000074505806,0.05000000074505806
1785517963472333100,3278595,0.05000000074505806,0.05000000074505806,0.05000000074505806,0.05000000074505806
1785517963488893200,3278595,0.05000000074505806,0.05000000074505806,0.05000000074505806,0.05000000074505806
1785517963495012500,3278595,0.05000000074505806,0.05000000074505806,0.05000000074505806,0.05000000074505806
1785517963507618200,3278595,0.05000000074505806,0.05000000074505806,0.05000000074505806,0.05000000074505806
1785517963533268800,3278595,0.05000000074505806,0.05000000074505806,0.05000000074505806,0.05000000074505806
1785517963538481900,3333798,0.05000000074505806,0.05000000074505806,0.05000000074505806,0.05000000074505806
1785517963541580400,3333798,0.05000000074505806,0.05000000074505806,0.05000000074505806,0.05000000074505806
1785517963556501700,3353477,0.05000000074505806,0.05000000074505806,0.05000000074505806,0.05000000074505806
1785517963562796800,3353477,0.05000000074505806,0.05000000074505806,0.05000000074505806,0.05000000074505806
1785517963574937400,3353477,0.05000000074505806,0.05000000074505806,0.05000000074505806,0.05000000074505806
1785517963588724900,3385312,0.05000000074505806,0.05000000074505806,0.05000000074505806,0.05000000074505806
1785517963595573200,3385312,0.05000000074505806,0.05000000074505806,0.05000000074505806,0.05000000074505806
1785517963616747200,3385312,0.05000000074505806,0.05000000074505806,0.05000000074505806,0.05000000074505806
1785517963623811100,3385312,0.05000000074505806,0.05000000074505806,0.05000000074505806,0.05000000074505806
1785517963637618400,3432037,0.05000000074505806,0.05000000074505806,0.05000000074505806,0.05000000074505806
1785517963646308000,3432037,0.05000000074505806,0.05000000074505806,0.05000000074505806,0.05000000074505806
1785517963687670300,3432037,0.05000000074505806,0.05000000074505806,0.05000000074505806,0.05000000074505806
1785517963693797500,3464071,0.05000000074505806,0.05000000074505806,0.05000000074505806,0.05000000074505806
1785517963695300200,3464071,0.05000000074505806,0.05000000074505806,0.05000000074505806,0.05000000074505806
1785517963696812800,3464071,0.05000000074505806,0.05000000074505806,0.05000000074505806,0.05000000074505806
1785517963698047800,3495419,0.05000000074505806,0.05000000074505806,0.05000000074505806,0.05000000074505806
1785517963706632500,3495419,0.05000000074505806,0.05000000074505806,0.05000000074505806,0.05000000074505806
1785517963721677700,3526110,0.05000000074505806,0.05000000074505806,0.05000000074505806,0.05000000074505806
1785517963727699000,3526110,0.05000000074505806,0.05000000074505806,0.05000000074505806,0.05000000074505806
1785517963738991000,3526110,0.05000000074505806,0.05000000074505806,0.05000000074505806,0.05000000074505806
1785517963751248200,3557793,0.05000000074505806,0.05000000074505806,0.05000000074505806,0.05000000074505806
1785517963763589700,3557793,0.05000000074505806,0.05000000074505806,0.05000000074505806,0.05000000074505806
1785517963773601800,3557793,0.05000000074505806,0.05000000074505806,0.05000000074505806,0.05000000074505806
1785517963789099600,3590259,0.05000000074505806,0.05000000074505806,0.05000000074505806,0.05000000074505806
1785517963795725800,3590259,0.05000000074505806,0.05000000074505806,0.05000000074505806,0.05000000074505806
1785517963805609200,3590259,0.05000000074505806,0.05000000074505806,0.05000000074505806,0.05000000074505806
1785517963820594100,3621868,0.05000000074505806,0.05000000074505806,0.05000000074505806,0.05000000074505806
1785517963826485500,3621868,0.05000000074505806,0.05000000074505806,0.05000000074505806,0.05000000074505806
1785517963845743900,3621868,0.05000000074505806,0.05000000074505806,0.05000000074505806,0.05000000074505806
1785517963848794900,3653082,0.05000000074505806,0.05000000074505806,0.05000000074505806,0.05000000074505806
1785517963862721900,3653082,0.05000000074505806,0.05000000074505806,0.05000000074505806,0.05000000074505806
1785517963888053800,3653082,0.05000000074505806,0.05000000074505806,0.05000000074505806,0.05000000074505806
1785517963890304900,3686196,0.05000000074505806,0.05000000074505806,0.05000000074505806,0.05000000074505806
1785517963891354300,3686196,0.05000000074505806,0.05000000074505806,0.05000000074505806,0.05000000074505806
1785517963901720100,3686196,0.05000000074505806,0.05000000074505806,0.05000000074505806,0.05000000074505806
1785517963912609200,3718683,0.05000000074505806,0.05000000074505806,0.05000000074505806,0.05000000074505806
1785517963927929500,3718683,0.05000000074505806,0.05000000074505806,0.05000000074505806,0.05000000074505806
1785517963935083500,3718683,0.05000000074505806,0.05000000074505806,0.05000000074505806,0.05000000074505806
1785517963948197000,3751376,0.05000000074505806,0.05000000074505806,0.05000000074505806,0.05000000074505806
1785517963959190100,3751376,0.05000000074505806,0.05000000074505806,0.05000000074505806,0.05000000074505806
1785517963966231700,3751376,0.05000000074505806,0.05000000074505806,0.05000000074505806,0.05000000074505806
1785517963985187800,3781729,0.05000000074505806,0.05000000074505806,0.05000000074505806,0.05000000074505806
1785517963987913800,3781729,0.05000000074505806,0.05000000074505806,0.05000000074505806,0.05000000074505806
1785517964001292000,3781729,0.05000000074505806,0.05000000074505806,0.05000000074505806,0.05000000074505806
1785517964011088000,3815651,0.05000000074505806,0.05000000074505806,0.05000000074505806,0.05000000074505806
1785517964023252400,3815651,0.05000000074505806,0.05000000074505806,0.05000000074505806,0.05000000074505806
1785517964034114400,3842533,0.05000000074505806,0.05000000074505806,0.05000000074505806,0.05000000074505806
1785517964047066600,3842533,0.05000000074505806,0.05000000074505806,0.05000000074505806,0.05000000074505806
1785517964078265200,3842533,0.05000000074505806,0.05000000074505806,0.05000000074505806,0.05000000074505806
1785517964085651600,3876095,0.05000000074505806,0.05000000074505806,0.05000000074505806,0.05000000074505806
1785517964104029300,3877670,0.05000000074505806,0.05000000074505806,0.05000000074505806,0.05000000074505806
1785517964105967200,3877670,0.05000000074505806,0.05000000074505806,0.05000000074505806,0.05000000074505806
1785517964107625600,3909181,0.05000000074505806,0.05000000074505806,0.05000000074505806,0.05000000074505806
1785517964116643700,3909181,0.05000000074505806,0.05000000074505806,0.05000000074505806,0.05000000074505806
1785517964121846800,3909181,0.05000000074505806,0.05000000074505806,0.05000000074505806,0.05000000074505806
1785517964149909400,3909181,0.05000000074505806,0.05000000074505806,0.05000000074505806,0.05000000074505806
1785517964160497300,3945476,0.05000000074505806,0.05000000074505806,0.05000000074505806,0.05000000074505806
1785517964161708800,3945476,0.05000000074505806,0.05000000074505806,0.05000000074505806,0.05000000074505806
1785517964168886300,3975701,0.05000000074505806,0.05000000074505806,0.05000000074505806,0.05000000074505806
1785517964191739700,3976823,0.05000000074505806,0.05000000074505806,0.05000000074505806,0.05000000074505806
1785517964192432100,3976823,0.05000000074505806,0.05000000074505806,0.05000000074505806,0.05000000074505806
1785517964221674100,4007017,0.05000000074505806,0.05000000074505806,0.05000000074505806,0.05000000074505806
1785517964227996300,4008734,0.05000000074505806,0.05000000074505806,0.05000000074505806,0.05000000074505806
1785517964233745700,4008734,0.05000000074505806,0.05000000074505806,0.05000000074505806,0.05000000074505806
1785517964246723100,4008734,0.05000000074505806,0.05000000074505806,0.05000000074505806,0.05000000074505806
1785517964247339400,4008734,0.05000000074505806,0.05000000074505806,0.05000000074505806,0.05000000074505806
1785517964253571400,4008734,0.05000000074505806,0.05000000074505806,0.05000000074505806,0.05000000074505806
1785517964266689200,4008734,0.05000000074505806,0.05000000074505806,0.05000000074505806,0.05000000074505806
1785517964282367400,4008734,0.05000000074505806,0.05000000074505806,0.05000000074505806,0.05000000074505806
1785517964286083500,4008734,0.05000000074505806,0.05000000074505806,0.05000000074505806,0.05000000074505806
1785517964308350900,4008734,0.05000000074505806,0.05000000074505806,0.05000000074505806,0.05000000074505806
1785517964310082100,4008734,0.05000000074505806,0.05000000074505806,0.05000000074505806,0.05000000074505806
1785517964363908200,4008734,0.05000000074505806,0.05000000074505806,0.05000000074505806,0.05000000074505806
1785517964366292500,4008734,0.05000000074505806,0.05000000074505806,0.05000000074505806,0.05000000074505806
1785517964405839600,4008734,0.05000000074505806,0.05000000074505806,0.05000000074505806,0.05000000074505806
1785517964407896000,4163023,0.05000000074505806,0.05000000074505806,0.05000000074505806,0.05000000074505806
1785517964426028600,4165435,0.05000000074505806,0.05000000074505806,0.05000000074505806,0.05000000074505806
1785517964487850900,4165435,0.05000000074505806,0.05000000074505806,0.05000000074505806,0.05000000074505806
1785517964490098900,4165435,0.05000000074505806,0.05000000074505806,0.05000000074505806,0.05000000074505806
1785517964498737000,4207450,0.05000000074505806,0.05000000074505806,0.05000000074505806,0.05000000074505806
1785517964513232500,4207450,0.05000000074505806,0.05000000074505806,0.05000000074505806,0.05000000074505806
1785517964514059500,4207450,0.05000000074505806,0.05000000074505806,0.05000000074505806,0.05000000074505806
1785517964514754100,4207450,0.05000000074505806,0.05000000074505806,0.05000000074505806,0.05000000074505806
1785517964518107900,4244812,0.05000000074505806,0.05000000074505806,0.05000000074505806,0.05000000074505806
1785517964520760700,4244812,0.05000000074505806,0.05000000074505806,0.05000000074505806,0.05000000074505806
1785517964522392500,4244812,0.05000000074505806,0.05000000074505806,0.05000000074505806,0.05000000074505806
1785517964535749600,4277584,0.05000000074505806,0.05000000074505806,0.05000000074505806,0.05000000074505806
1785517964539979000,4277584,0.05000000074505806,0.05000000074505806,0.05000000074505806,0.05000000074505806
1785517964565873500,4277584,0.05000000074505806,0.05000000074505806,0.05000000074505806,0.05000000074505806
1785517964584886900,4307516,0.05000000074505806,0.05000000074505806,0.05000000074505806,0.05000000074505806
1785517964586289200,4307516,0.05000000074505806,0.05000000074505806,0.05000000074505806,0.05000000074505806
1785517964587412000,4307516,0.05000000074505806,0.05000000074505806,0.05000000074505806,0.05000000074505806
1785517964592547500,4338962,0.05000000074505806,0.05000000074505806,0.05000000074505806,0.05000000074505806
1785517964605227500,4338962,0.05000000074505806,0.05000000074505806,0.05000000074505806,0.05000000074505806
1785517964612125200,4338962,0.05000000074505806,0.05000000074505806,0.05000000074505806,0.05000000074505806
1785517964619073500,4378975,0.05000000074505806,0.05000000074505806,0.05000000074505806,0.05000000074505806
1785517964624368300,4379349,0.05000000074505806,0.05000000074505806,0.05000000074505806,0.05000000074505806
1785517964647581100,4379349,0.05000000074505806,0.05000000074505806,0.05000000074505806,0.05000000074505806
1785517964649146500,4379349,0.05000000074505806,0.05000000074505806,0.05000000074505806,0.05000000074505806
1785517964652467700,4420463,0.05000000074505806,0.05000000074505806,0.05000000074505806,0.05000000074505806
1785517964655266200,4420463,0.05000000074505806,0.05000000074505806,0.05000000074505806,0.05000000074505806
1785517964656874100,4420463,0.05000000074505806,0.05000000074505806,0.05000000074505806,0.05000000074505806
1785517964657673600,4451802,0.05000000074505806,0.05000000074505806,0.05000000074505806,0.05000000074505806
1785517964705943400,4455934,0.05000000074505806,0.05000000074505806,0.05000000074505806,0.05000000074505806
1785517964715863000,4455934,0.05000000074505806,0.05000000074505806,0.05000000074505806,0.05000000074505806
1785517964721096700,4455934,0.05000000074505806,0.05000000074505806,0.05000000074505806,0.05000000074505806
1785517964723871300,4492294,0.05000000074505806,0.05000000074505806,0.05000000074505806,0.05000000074505806
1785517964739013900,4492294,0.05000000074505806,0.05000000074505806,0.05000000074505806,0.05000000074505806
1785517964741720400,4492294,0.05000000074505806,0.05000000074505806,0.05000000074505806,0.05000000074505806
1785517964744129700,4530456,0.05000000074505806,0.05000000074505806,0.05000000074505806,0.05000000074505806
1785517964745727500,4530456,0.05000000074505806,0.05000000074505806,0.05000000074505806,0.05000000074505806
1785517964766700300,4530456,0.05000000074505806,0.05000000074505806,0.05000000074505806,0.05000000074505806
1785517964774399800,4563802,0.05000000074505806,0.05000000074505806,0.05000000074505806,0.05000000074505806
1785517964781478800,4565464,0.05000000074505806,0.05000000074505806,0.05000000074505806,0.05000000074505806
1785517964784025900,4565464,0.05000000074505806,0.05000000074505806,0.05000000074505806,0.05000000074505806
1785517964791774600,4565464,0.05000000074505806,0.05000000074505806,0.05000000074505806,0.05000000074505806
1785517964797986600,4600372,0.05000000074505806,0.05000000074505806,0.05000000074505806,0.05000000074505806
1785517964808677000,4600372,0.05000000074505806,0.05000000074505806,0.05000000074505806,0.05000000074505806
1785517964821499900,4600372,0.05000000074505806,0.05000000074505806,0.05000000074505806,0.05000000074505806
1785517964836623600,4634779,0.05000000074505806,0.05000000074505806,0.05000000074505806,0.05000000074505806
1785517964841988900,4634779,0.05000000074505806,0.05000000074505806,0.05000000074505806,0.05000000074505806
1785517964852279200,4634779,0.05000000074505806,0.05000000074505806,0.05000000074505806,0.05000000074505806
1785517964861408800,4667276,0.05000000074505806,0.05000000074505806,0.05000000074505806,0.05000000074505806
1785517964872395200,4667276,0.05000000074505806,0.05000000074505806,0.05000000074505806,0.05000000074505806
1785517964893174200,4667276,0.05000000074505806,0.05000000074505806,0.05000000074505806,0.05000000074505806
1785517964906755000,4700613,0.05000000074505806,0.05000000074505806,0.05000000074505806,0.05000000074505806
1785517964914133800,4700613,0.05000000074505806,0.05000000074505806,0.05000000074505806,0.05000000074505806
1785517964925090800,4700613,0.05000000074505806,0.05000000074505806,0.05000000074505806,0.05000000074505806
1785517964942881900,4733565,0.05000000074505806,0.05000000074505806,0.05000000074505806,0.05000000074505806
1785517964943778200,4733565,0.05000000074505806,0.05000000074505806,0.05000000074505806,0.05000000074505806
1785517964962397800,4733565,0.05000000074505806,0.05000000074505806,0.05000000074505806,0.05000000074505806
1785517965006785600,4767933,0.05000000074505806,0.05000000074505806,0.05000000074505806,0.05000000074505806
1785517965021496500,4771925,0.05000000074505806,0.05000000074505806,0.05000000074505806,0.05000000074505806
1785517965022625100,4771925,0.05000000074505806,0.05000000074505806,0.05000000074505806,0.05000000074505806
1785517965023697300,4771925,0.05000000074505806,0.05000000074505806,0.05000000074505806,0.05000000074505806
1785517965028458000,4807179,0.05000000074505806,0.05000000074505806,0.05000000074505806,0.05000000074505806
1785517965029856500,4807179,0.05000000074505806,0.05000000074505806,0.05000000074505806,0.05000000074505806
1785517965063750600,4807179,0.05000000074505806,0.05000000074505806,0.05000000074505806,0.05000000074505806
1785517965081883400,4844889,0.05000000074505806,0.05000000074505806,0.05000000074505806,0.05000000074505806
1785517965086000200,4844889,0.05000000074505806,0.05000000074505806,0.05000000074505806,0.05000000074505806
1785517965086595400,4844889,0.05000000074505806,0.05000000074505806,0.05000000074505806,0.05000000074505806
1785517965088693600,4876954,0.05000000074505806,0.05000000074505806,0.05000000074505806,0.05000000074505806
1785517965090016500,4876954,0.05000000074505806,0.05000000074505806,0.05000000074505806,0.05000000074505806
1785517965105738800,4876954,0.05000000074505806,0.05000000074505806,0.05000000074505806,0.05000000074505806
1785517965108532700,4908413,0.05000000074505806,0.05000000074505806,0.05000000074505806,0.05000000074505806
1785517965115242100,4908413,0.05000000074505806,0.05000000074505806,0.05000000074505806,0.05000000074505806
1785517965127009500,4908413,0.05000000074505806,0.05000000074505806,0.05000000074505806,0.05000000074505806
1785517965153254700,4941114,0.05000000074505806,0.05000000074505806,0.05000000074505806,0.05000000074505806
1785517965176396700,4941114,0.05000000074505806,0.05000000074505806,0.05000000074505806,0.05000000074505806
1785517965190590700,4941114,0.05000000074505806,0.05000000074505806,0.05000000074505806,0.05000000074505806
1785517965192144200,4977002,0.05000000074505806,0.05000000074505806,0.05000000074505806,0.05000000074505806
1785517965202373300,4977002,0.05000000074505806,0.05000000074505806,0.05000000074505806,0.05000000074505806
1785517965219085000,4977002,0.05000000074505806,0.05000000074505806,0.05000000074505806,0.05000000074505806
1785517965248792500,5010266,0.05000000074505806,0.05000000074505806,0.05000000074505806,0.05000000074505806
1785517965289106800,5010266,0.05000000074505806,0.05000000074505806,0.05000000074505806,0.05000000074505806
1785517965290378100,5010266,0.05000000074505806,0.05000000074505806,0.05000000074505806,0.05000000074505806
1785517965347784700,5046037,0.05000000074505806,0.05000000074505806,0.05000000074505806,0.05000000074505806
1785517965360790600,5049063,0.05000000074505806,0.05000000074505806,0.05000000074505806,0.05000000074505806
1785517965362242400,5049063,0.05000000074505806,0.05000000074505806,0.05000000074505806,0.05000000074505806
1785517965389469200,5049063,0.05000000074505806,0.05000000074505806,0.05000000074505806,0.05000000074505806
1785517965396098500,5084248,0.05000000074505806,0.05000000074505806,0.05000000074505806,0.05000000074505806
1785517965417637900,5084248,0.05000000074505806,0.05000000074505806,0.05000000074505806,0.05000000074505806
1785517965447276200,5084248,0.05000000074505806,0.05000000074505806,0.05000000074505806,0.05000000074505806
1785517965448505300,5117357,0.05000000074505806,0.05000000074505806,0.05000000074505806,0.05000000074505806
1785517965450127900,5117357,0.05000000074505806,0.05000000074505806,0.05000000074505806,0.05000000074505806
1785517965450865500,5117357,0.05000000074505806,0.05000000074505806,0.05000000074505806,0.05000000074505806
1785517965460049800,5152174,0.05000000074505806,0.05000000074505806,0.05000000074505806,0.05000000074505806
1785517965464027100,5152174,0.05000000074505806,0.05000000074505806,0.05000000074505806,0.05000000074505806
1785517965481021300,5152174,0.05000000074505806,0.05000000074505806,0.05000000074505806,0.05000000074505806
1785517965486630400,5187685,0.05000000074505806,0.05000000074505806,0.05000000074505806,0.05000000074505806
1785517965507956700,5187685,0.05000000074505806,0.05000000074505806,0.05000000074505806,0.05000000074505806
1785517965510837100,5187685,0.05000000074505806,0.05000000074505806,0.05000000074505806,0.05000000074505806
1785517965512488700,5221254,0.05000000074505806,0.05000000074505806,0.05000000074505806,0.05000000074505806
1785517965535887500,5221854,0.05000000074505806,0.05000000074505806,0.05000000074505806,0.05000000074505806
1785517965539687100,5221854,0.05000000074505806,0.05000000074505806,0.05000000074505806,0.05000000074505806
1785517965552549800,5252805,0.05000000074505806,0.05000000074505806,0.05000000074505806,0.05000000074505806
1785517965574950300,5252805,0.05000000074505806,0.05000000074505806,0.05000000074505806,0.05000000074505806
1785517965586983200,5252805,0.05000000074505806,0.05000000074505806,0.05000000074505806,0.05000000074505806
1785517965597461600,5285172,0.05000000074505806,0.05000000074505806,0.05000000074505806,0.05000000074505806
1785517965641967200,5285172,0.05000000074505806,0.05000000074505806,0.05000000074505806,0.05000000074505806
1785517965649066200,5285172,0.05000000074505806,0.05000000074505806,0.05000000074505806,0.05000000074505806
1785517965685180300,5316374,0.05000000074505806,0.05000000074505806,0.05000000074505806,0.05000000074505806
1785517965717079900,5316374,0.05000000074505806,0.05000000074505806,0.05000000074505806,0.05000000074505806
1785517965718724700,5316374,0.05000000074505806,0.05000000074505806,0.05000000074505806,0.05000000074505806
1785517965748903700,5355399,0.05000000074505806,0.05000000074505806,0.05000000074505806,0.05000000074505806
1785517965750144000,5355399,0.05000000074505806,0.05000000074505806,0.05000000074505806,0.05000000074505806
1785517965756214400,5355399,0.05000000074505806,0.05000000074505806,0.05000000074505806,0.05000000074505806
1785517965767927600,5382448,0.05000000074505806,0.05000000074505806,0.05000000074505806,0.05000000074505806
1785517965770775500,5382448,0.05000000074505806,0.05000000074505806,0.05000000074505806,0.05000000074505806
1785517965771821200,5382448,0.05000000074505806,0.05000000074505806,0.05000000074505806,0.05000000074505806
1785517965774733400,5414013,0.05000000074505806,0.05000000074505806,0.05000000074505806,0.05000000074505806
1785517965778868600,5414013,0.05000000074505806,0.05000000074505806,0.05000000074505806,0.05000000074505806
1785517965790821600,5445685,0.05000000074505806,0.05000000074505806,0.05000000074505806,0.05000000074505806
1785517965791893400,5446763,0.05000000074505806,0.05000000074505806,0.05000000074505806,0.05000000074505806
1785517965793759300,5446763,0.05000000074505806,0.05000000074505806,0.05000000074505806,0.05000000074505806
1785517965795853100,5446763,0.05000000074505806,0.05000000074505806,0.05000000074505806,0.05000000074505806
1785517965817745200,5481276,0.05000000074505806,0.05000000074505806,0.05000000074505806,0.05000000074505806
1785517965846854500,5481276,0.05000000074505806,0.05000000074505806,0.05000000074505806,0.05000000074505806
1785517965866342700,5481276,0.05000000074505806,0.05000000074505806,0.05000000074505806,0.05000000074505806
1785517965912699400,5514101,0.05000000074505806,0.05000000074505806,0.05000000074505806,0.05000000074505806
1785517965930631300,5514101,0.05000000074505806,0.05000000074505806,0.05000000074505806,0.05000000074505806
1785517965946421400,5514101,0.05000000074505806,0.05000000074505806,0.05000000074505806,0.05000000074505806
1785517965950620700,5549020,0.05000000074505806,0.05000000074505806,0.05000000074505806,0.05000000074505806
1785517965952291700,5549020,0.05000000074505806,0.05000000074505806,0.05000000074505806,0.05000000074505806
1785517965954719500,5549020,0.05000000074505806,0.05000000074505806,0.05000000074505806,0.05000000074505806
1785517965960010500,5579547,0.05000000074505806,0.05000000074505806,0.05000000074505806,0.05000000074505806
1785517965984679200,5579547,0.05000000074505806,0.05000000074505806,0.05000000074505806,0.05000000074505806
1785517966011624000,5609994,0.05000000074505806,0.05000000074505806,0.05000000074505806,0.05000000074505806
1785517966014413100,5611538,0.05000000074505806,0.05000000074505806,0.05000000074505806,0.05000000074505806
1785517966027559500,5611538,0.05000000074505806,0.05000000074505806,0.05000000074505806,0.05000000074505806
1785517966046516600,5611538,0.05000000074505806,0.05000000074505806,0.05000000074505806,0.05000000074505806
1785517966066336600,5646183,0.05000000074505806,0.05000000074505806,0.05000000074505806,0.05000000074505806
1785517966083140600,5646183,0.05000000074505806,0.05000000074505806,0.05000000074505806,0.05000000074505806
1785517966085046400,5646183,0.05000000074505806,0.05000000074505806,0.05000000074505806,0.05000000074505806
1785517966086524500,5678560,0.05000000074505806,0.05000000074505806,0.05000000074505806,0.05000000074505806
1785517966100310100,5678560,0.05000000074505806,0.05000000074505806,0.05000000074505806,0.05000000074505806
1785517966107779400,5709219,0.05000000074505806,0.05000000074505806,0.05000000074505806,0.05000000074505806
1785517966118943300,5710912,0.05000000074505806,0.05000000074505806,0.05000000074505806,0.05000000074505806
1785517966120726500,5710912,0.05000000074505806,0.05000000074505806,0.05000000074505806,0.05000000074505806
1785517966121749700,5710912,0.05000000074505806,0.05000000074505806,0.05000000074505806,0.05000000074505806
1785517966147970200,5747661,0.05000000074505806,0.05000000074505806,0.05000000074505806,0.05000000074505806
1785517966178012600,5747661,0.05000000074505806,0.05000000074505806,0.05000000074505806,0.05000000074505806
1785517966194350400,5747661,0.05000000074505806,0.05000000074505806,0.05000000074505806,0.05000000074505806
1785517966199415500,5779869,0.05000000074505806,0.05000000074505806,0.05000000074505806,0.05000000074505806
1785517966206249700,5779869,0.05000000074505806,0.05000000074505806,0.05000000074505806,0.05000000074505806
1785517966223209700,5779869,0.05000000074505806,0.05000000074505806,0.05000000074505806,0.05000000074505806
1785517966424932100,5817502,0.05000000074505806,0.05000000074505806,0.05000000074505806,0.05000000074505806
1785517966425878700,5817502,0.05000000074505806,0.05000000074505806,0.05000000074505806,0.05000000074505806
1785517966426952400,5817502,0.05000000074505806,0.05000000074505806,0.05000000074505806,0.05000000074505806
1785517966428039200,5853049,0.05000000074505806,0.05000000074505806,0.05000000074505806,0.05000000074505806
1785517966430502800,5853049,0.05000000074505806,0.05000000074505806,0.05000000074505806,0.05000000074505806
1785517966435393000,5853049,0.05000000074505806,0.05000000074505806,0.05000000074505806,0.05000000074505806
1785517966436726300,5887198,0.05000000074505806,0.05000000074505806,0.05000000074505806,0.05000000074505806
1785517966442862600,5887198,0.05000000074505806,0.05000000074505806,0.05000000074505806,0.05000000074505806
1785517966444041100,5887198,0.05000000074505806,0.05000000074505806,0.05000000074505806,0.05000000074505806
1785517966444966700,5915708,0.05000000074505806,0.05000000074505806,0.05000000074505806,0.05000000074505806
1785517966447349500,5915708,0.05000000074505806,0.05000000074505806,0.05000000074505806,0.05000000074505806
1785517966448246100,5915708,0.05000000074505806,0.05000000074505806,0.05000000074505806,0.05000000074505806
1785517966455656100,5945350,0.05000000074505806,0.05000000074505806,0.05000000074505806,0.05000000074505806
1785517966464760900,5945350,0.05000000074505806,0.05000000074505806,0.05000000074505806,0.05000000074505806
1785517966466122900,5945350,0.05000000074505806,0.05000000074505806,0.05000000074505806,0.05000000074505806
1785517966488925800,5978222,0.05000000074505806,0.05000000074505806,0.05000000074505806,0.05000000074505806
1785517966490563200,5978222,0.05000000074505806,0.05000000074505806,0.05000000074505806,0.05000000074505806
1785517966491544600,5978222,0.05000000074505806,0.05000000074505806,0.05000000074505806,0.05000000074505806
1785517966493767300,6014221,0.05000000074505806,0.05000000074505806,0.05000000074505806,0.05000000074505806
1785517966495498000,6014221,0.05000000074505806,0.05000000074505806,0.05000000074505806,0.05000000074505806
1785517966496196600,6014221,0.05000000074505806,0.05000000074505806,0.05000000074505806,0.05000000074505806
1785517966528527100,6044145,0.05000000074505806,0.05000000074505806,0.05000000074505806,0.05000000074505806
1785517966529758900,6044145,0.05000000074505806,0.05000000074505806,0.05000000074505806,0.05000000074505806
1785517966531569400,6044145,0.05000000074505806,0.05000000074505806,0.05000000074505806,0.05000000074505806
1785517966550703600,6044145,0.05000000074505806,0.05000000074505806,0.05000000074505806,0.05000000074505806
1785517966553240800,6044145,0.05000000074505806,0.05000000074505806,0.05000000074505806,0.05000000074505806
1785517966553894300,6044145,0.05000000074505806,0.05000000074505806,0.05000000074505806,0.05000000074505806
1785517966580885900,6110149,0.05000000074505806,0.05000000074505806,0.05000000074505806,0.05000000074505806
1785517966598714200,6110149,0.05000000074505806,0.05000000074505806,0.05000000074505806,0.05000000074505806
1785517966602160700,6110149,0.05000000074505806,0.05000000074505806,0.05000000074505806,0.05000000074505806
1785517966605223500,6110149,0.05000000074505806,0.05000000074505806,0.05000000074505806,0.05000000074505806
1785517966606464600,6110149,0.05000000074505806,0.05000000074505806,0.05000000074505806,0.05000000074505806
1785517966607278300,6110149,0.05000000074505806,0.05000000074505806,0.05000000074505806,0.05000000074505806
1785517966613533800,6183157,0.05000000074505806,0.05000000074505806,0.05000000074505806,0.05000000074505806
1785517966631991700,6186531,0.05000000074505806,0.05000000074505806,0.05000000074505806,0.05000000074505806
1785517966643827800,6186531,0.05000000074505806,0.05000000074505806,0.05000000074505806,0.05000000074505806
1785517966645916600,6186531,0.05000000074505806,0.05000000074505806,0.05000000074505806,0.05000000074505806
1785517966674617900,6223145,0.05000000074505806,0.05000000074505806,0.05000000074505806,0.05000000074505806
1785517966678579900,6223145,0.05000000074505806,0.05000000074505806,0.05000000074505806,0.05000000074505806
1785517966679739300,6223145,0.05000000074505806,0.05000000074505806,0.05000000074505806,0.05000000074505806
1785517966681378600,6253460,0.05000000074505806,0.05000000074505806,0.05000000074505806,0.05000000074505806
1785517966682673300,6253460,0.05000000074505806,0.05000000074505806,0.05000000074505806,0.05000000074505806
1785517966686511000,6253460,0.05000000074505806,0.05000000074505806,0.05000000074505806,0.05000000074505806
1785517966687552900,6294550,0.05000000074505806,0.05000000074505806,0.05000000074505806,0.05000000074505806
1785517966688790500,6296877,0.05000000074505806,0.05000000074505806,0.05000000074505806,0.05000000074505806
1785517966689763000,6296877,0.05000000074505806,0.05000000074505806,0.05000000074505806,0.05000000074505806
1785517966690368100,6296877,0.05000000074505806,0.05000000074505806,0.05000000074505806,0.05000000074505806
1785517966697959000,6335746,0.05000000074505806,0.05000000074505806,0.05000000074505806,0.05000000074505806
1785517966700018200,6335746,0.05000000074505806,0.05000000074505806,0.05000000074505806,0.05000000074505806
1785517966701096300,6335746,0.05000000074505806,0.05000000074505806,0.05000000074505806,0.05000000074505806
1785517966702006300,6335746,0.05000000074505806,0.05000000074505806,0.05000000074505806,0.05000000074505806
1785517966703658600,6376468,0.05000000074505806,0.05000000074505806,0.05000000074505806,0.05000000074505806
1785517966705689600,6376468,0.05000000074505806,0.05000000074505806,0.05000000074505806,0.05000000074505806
1785517966718220600,6376468,0.05000000074505806,0.05000000074505806,0.05000000074505806,0.05000000074505806
1785517966720057900,6376468,0.05000000074505806,0.05000000074505806,0.05000000074505806,0.05000000074505806
1785517966721341700,6424749,0.05000000074505806,0.05000000074505806,0.05000000074505806,0.05000000074505806
1785517966723458000,6424749,0.05000000074505806,0.05000000074505806,0.05000000074505806,0.05000000074505806
1785517966732337300,6424749,0.05000000074505806,0.05000000074505806,0.05000000074505806,0.05000000074505806
1785517966734642200,6452327,0.05000000074505806,0.05000000074505806,0.05000000074505806,0.05000000074505806
1785517966746607200,6452327,0.05000000074505806,0.05000000074505806,0.05000000074505806,0.05000000074505806
1785517966750305600,6452327,0.05000000074505806,0.05000000074505806,0.05000000074505806,0.05000000074505806
1785517966751309900,6494539,0.05000000074505806,0.05000000074505806,0.05000000074505806,0.05000000074505806
1785517966752968500,6496461,0.05000000074505806,0.05000000074505806,0.05000000074505806,0.05000000074505806
1785517966765997100,6496461,0.05000000074505806,0.05000000074505806,0.05000000074505806,0.05000000074505806
1785517966767284700,6496461,0.05000000074505806,0.05000000074505806,0.05000000074505806,0.05000000074505806
1785517966768382000,6538109,0.05000000074505806,0.05000000074505806,0.05000000074505806,0.05000000074505806
1785517966769569000,6539013,0.05000000074505806,0.05000000074505806,0.05000000074505806,0.05000000074505806
1785517966770303800,6539013,0.05000000074505806,0.05000000074505806,0.05000000074505806,0.05000000074505806
1785517966771244400,6539013,0.05000000074505806,0.05000000074505806,0.05000000074505806,0.05000000074505806
1785517966772872800,6575019,0.05000000074505806,0.05000000074505806,0.05000000074505806,0.05000000074505806
1785517966791461600,6575019,0.05000000074505806,0.05000000074505806,0.05000000074505806,0.05000000074505806
1785517966797481600,6575019,0.05000000074505806,0.05000000074505806,0.05000000074505806,0.05000000074505806
1785517966819449900,6575019,0.05000000074505806,0.05000000074505806,0.05000000074505806,0.05000000074505806
1785517966822466700,6619565,0.05000000074505806,0.05000000074505806,0.05000000074505806,0.05000000074505806
1785517966833555200,6619565,0.05000000074505806,0.05000000074505806,0.05000000074505806,0.05000000074505806
1785517966856475400,6619565,0.05000000074505806,0.05000000074505806,0.05000000074505806,0.05000000074505806
1785517966869785100,6619565,0.05000000074505806,0.05000000074505806,0.05000000074505806,0.05000000074505806
1785517966871336400,6664140,0.05000000074505806,0.05000000074505806,0.05000000074505806,0.05000000074505806
1785517966877841400,6664140,0.05000000074505806,0.05000000074505806,0.05000000074505806,0.05000000074505806
1785517966893707400,6694445,0.05000000074505806,0.05000000074505806,0.05000000074505806,0.05000000074505806
1785517966897143500,6696704,0.05000000074505806,0.05000000074505806,0.05000000074505806,0.05000000074505806
1785517966909982100,6696704,0.05000000074505806,0.05000000074505806,0.05000000074505806,0.05000000074505806
1785517966926778600,6727759,0.05000000074505806,0.05000000074505806,0.05000000074505806,0.05000000074505806
1785517966938549500,6729482,0.05000000074505806,0.05000000074505806,0.05000000074505806,0.05000000074505806
1785517966939942500,6729482,0.05000000074505806,0.05000000074505806,0.05000000074505806,0.05000000074505806
1785517966949912500,6729482,0.05000000074505806,0.05000000074505806,0.05000000074505806,0.05000000074505806
1785517966961721000,6764324,0.05000000074505806,0.05000000074505806,0.05000000074505806,0.05000000074505806
1785517966972422900,6764324,0.05000000074505806,0.05000000074505806,0.05000000074505806,0.05000000074505806
1785517966984282800,6792575,0.05000000074505806,0.05000000074505806,0.05000000074505806,0.05000000074505806
1785517966994705800,6794339,0.05000000074505806,0.05000000074505806,0.05000000074505806,0.05000000074505806
1785517967008865600,6794339,0.05000000074505806,0.05000000074505806,0.05000000074505806,0.05000000074505806
1785517967017927000,6824054,0.05000000074505806,0.05000000074505806,0.05000000074505806,0.05000000074505806
1785517967029841200,6824054,0.05000000074505806,0.05000000074505806,0.05000000074505806,0.05000000074505806
1785517967038564700,6824054,0.05000000074505806,0.05000000074505806,0.05000000074505806,0.05000000074505806
1785517967052873500,6824054,0.05000000074505806,0.05000000074505806,0.05000000074505806,0.05000000074505806
1785517967061949700,6862655,0.05000000074505806,0.05000000074505806,0.05000000074505806,0.05000000074505806
1785517967073558300,6862655,0.05000000074505806,0.05000000074505806,0.05000000074505806,0.05000000074505806
1785517967084014300,6862655,0.05000000074505806,0.05000000074505806,0.05000000074505806,0.05000000074505806
1785517967094003700,6897346,0.05000000074505806,0.05000000074505806,0.05000000074505806,0.05000000074505806
1785517967119329300,6897346,0.05000000074505806,0.05000000074505806,0.05000000074505806,0.05000000074505806
1785517967120341300,6897346,0.05000000074505806,0.05000000074505806,0.05000000074505806,0.05000000074505806
1785517967140874000,6934464,0.05000000074505806,0.05000000074505806,0.05000000074505806,0.05000000074505806
1785517967150817700,6934464,0.05000000074505806,0.05000000074505806,0.05000000074505806,0.05000000074505806
1785517967155214900,6934464,0.05000000074505806,0.05000000074505806,0.05000000074505806,0.05000000074505806
1785517967173071000,6967878,0.05000000074505806,0.05000000074505806,0.05000000074505806,0.05000000074505806
1785517967174670500,6967878,0.05000000074505806,0.05000000074505806,0.05000000074505806,0.05000000074505806
1785517967182696800,6967878,0.05000000074505806,0.05000000074505806,0.05000000074505806,0.05000000074505806
1785517967191537400,7001108,0.05000000074505806,0.05000000074505806,0.05000000074505806,0.05000000074505806
1785517967207400300,7002822,0.05000000074505806,0.05000000074505806,0.05000000074505806,0.05000000074505806
1785517967213750200,7002822,0.05000000074505806,0.05000000074505806,0.05000000074505806,0.05000000074505806
1785517967227100700,7031381,0.05000000074505806,0.05000000074505806,0.05000000074505806,0.05000000074505806
1785517967234165500,7031381,0.05000000074505806,0.05000000074505806,0.05000000074505806,0.05000000074505806
1785517967244212700,7031381,0.05000000074505806,0.05000000074505806,0.05000000074505806,0.05000000074505806
1785517967255429500,7063485,0.05000000074505806,0.05000000074505806,0.05000000074505806,0.05000000074505806
1785517967268312000,7063485,0.05000000074505806,0.05000000074505806,0.05000000074505806,0.05000000074505806
1785517967278330000,7063485,0.05000000074505806,0.05000000074505806,0.05000000074505806,0.05000000074505806
1785517967288520500,7095590,0.05000000074505806,0.05000000074505806,0.05000000074505806,0.05000000074505806
1785517967301301100,7095590,0.05000000074505806,0.05000000074505806,0.05000000074505806,0.05000000074505806
1785517967313071800,7095590,0.05000000074505806,0.05000000074505806,0.05000000074505806,0.05000000074505806
1785517967326848300,7133043,0.05000000074505806,0.05000000074505806,0.05000000074505806,0.05000000074505806
1785517967340410300,7136502,0.05000000074505806,0.05000000074505806,0.05000000074505806,0.05000000074505806
1785517967345978200,7136502,0.05000000074505806,0.05000000074505806,0.05000000074505806,0.05000000074505806
1785517967358262900,7136502,0.05000000074505806,0.05000000074505806,0.05000000074505806,0.05000000074505806
1785517967366412600,7172410,0.05000000074505806,0.05000000074505806,0.05000000074505806,0.05000000074505806
1785517967379987400,7172410,0.05000000074505806,0.05000000074505806,0.05000000074505806,0.05000000074505806
1785517967387888000,7172410,0.05000000074505806,0.05000000074505806,0.05000000074505806,0.05000000074505806
1785517967401640000,7209974,0.05000000074505806,0.05000000074505806,0.05000000074505806,0.05000000074505806
1785517967411454500,7209974,0.05000000074505806,0.05000000074505806,0.05000000074505806,0.05000000074505806
1785517967426269100,7209974,0.05000000074505806,0.05000000074505806,0.05000000074505806,0.05000000074505806
1785517967434631200,7240713,0.05000000074505806,0.05000000074505806,0.05000000074505806,0.05000000074505806
1785517967448698500,7240713,0.05000000074505806,0.05000000074505806,0.05000000074505806,0.05000000074505806
1785517967468783900,7240713,0.05000000074505806,0.05000000074505806,0.05000000074505806,0.05000000074505806
1785517967471230000,7273691,0.05000000074505806,0.05000000074505806,0.05000000074505806,0.05000000074505806
1785517967481275600,7273691,0.05000000074505806,0.05000000074505806,0.05000000074505806,0.05000000074505806
1785517967489115400,7273691,0.05000000074505806,0.05000000074505806,0.05000000074505806,0.05000000074505806
1785517967505012500,7273691,0.05000000074505806,0.05000000074505806,0.05000000074505806,0.05000000074505806
1785517967511485200,7313020,0.05000000074505806,0.05000000074505806,0.05000000074505806,0.05000000074505806
1785517967524854100,7313020,0.05000000074505806,0.05000000074505806,0.05000000074505806,0.05000000074505806
1785517967538157000,7344278,0.05000000074505806,0.05000000074505806,0.05000000074505806,0.05000000074505806
1785517967546034800,7345542,0.05000000074505806,0.05000000074505806,0.05000000074505806,0.05000000074505806
1785517967566079800,7345542,0.05000000074505806,0.05000000074505806,0.05000000074505806,0.05000000074505806
1785517967567431100,7376732,0.05000000074505806,0.05000000074505806,0.05000000074505806,0.05000000074505806
1785517967589151000,7378383,0.05000000074505806,0.05000000074505806,0.05000000074505806,0.05000000074505806
1785517967590191700,7378383,0.05000000074505806,0.05000000074505806,0.05000000074505806,0.05000000074505806
1785517967605871800,7378383,0.05000000074505806,0.05000000074505806,0.05000000074505806,0.05000000074505806
1785517967611057000,7418683,0.05000000074505806,0.05000000074505806,0.05000000074505806,0.05000000074505806
1785517967622305500,7418683,0.05000000074505806,0.05000000074505806,0.05000000074505806,0.05000000074505806
1785517967632386600,7418683,0.05000000074505806,0.05000000074505806,0.05000000074505806,0.05000000074505806
1785517967647503900,7448845,0.05000000074505806,0.05000000074505806,0.05000000074505806,0.05000000074505806
1785517967653520900,7448845,0.05000000074505806,0.05000000074505806,0.05000000074505806,0.05000000074505806
1785517967674179800,7448845,0.05000000074505806,0.05000000074505806,0.05000000074505806,0.05000000074505806
1785517967677263900,7485350,0.05000000074505806,0.05000000074505806,0.05000000074505806,0.05000000074505806
1785517967690174200,7485350,0.05000000074505806,0.05000000074505806,0.05000000074505806,0.05000000074505806
1785517967698711100,7485350,0.05000000074505806,0.05000000074505806,0.05000000074505806,0.05000000074505806
1785517967710561600,7515332,0.05000000074505806,0.05000000074505806,0.05000000074505806,0.05000000074505806
1785517967725547300,7515332,0.05000000074505806,0.05000000074505806,0.05000000074505806,0.05000000074505806
1785517967731266200,7515332,0.05000000074505806,0.05000000074505806,0.05000000074505806,0.05000000074505806
1785517967743171100,7548689,0.05000000074505806,0.05000000074505806,0.05000000074505806,0.05000000074505806
1785517967753091300,7548689,0.05000000074505806,0.05000000074505806,0.05000000074505806,0.05000000074505806
1785517967763920900,7548689,0.05000000074505806,0.05000000074505806,0.05000000074505806,0.05000000074505806
1785517967774935800,7582090,0.05000000074505806,0.05000000074505806,0.05000000074505806,0.05000000074505806
1785517967788787600,7582090,0.05000000074505806,0.05000000074505806,0.05000000074505806,0.05000000074505806
1785517967799586200,7582090,0.05000000074505806,0.05000000074505806,0.05000000074505806,0.05000000074505806
1785517967810634600,7613224,0.05000000074505806,0.05000000074505806,0.05000000074505806,0.05000000074505806
1785517967819155800,7613224,0.05000000074505806,0.05000000074505806,0.05000000074505806,0.05000000074505806
1785517967829464100,7613224,0.05000000074505806,0.05000000074505806,0.05000000074505806,0.05000000074505806
1785517967845463500,7649139,0.05000000074505806,0.05000000074505806,0.05000000074505806,0.05000000074505806
1785517967851650100,7649139,0.05000000074505806,0.05000000074505806,0.05000000074505806,0.05000000074505806
1785517967864085500,7649139,0.05000000074505806,0.05000000074505806,0.05000000074505806,0.05000000074505806
1785517967873611800,7678462,0.05000000074505806,0.05000000074505806,0.05000000074505806,0.05000000074505806
1785517967886152800,7678462,0.05000000074505806,0.05000000074505806,0.05000000074505806,0.05000000074505806
1785517967895529400,7678462,0.05000000074505806,0.05000000074505806,0.05000000074505806,0.05000000074505806
1785517967914392500,7709949,0.05000000074505806,0.05000000074505806,0.05000000074505806,0.05000000074505806
1785517967917301900,7709949,0.05000000074505806,0.05000000074505806,0.05000000074505806,0.05000000074505806
1785517967928923200,7709949,0.05000000074505806,0.05000000074505806,0.05000000074505806,0.05000000074505806
1785517967946761700,7744685,0.05000000074505806,0.05000000074505806,0.05000000074505806,0.05000000074505806
1785517967950602900,7744685,0.05000000074505806,0.05000000074505806,0.05000000074505806,0.05000000074505806
1785517967971948500,7744685,0.05000000074505806,0.05000000074505806,0.05000000074505806,0.05000000074505806
1785517967974451100,7779981,0.05000000074505806,0.05000000074505806,0.05000000074505806,0.05000000074505806
1785517967986455200,7779981,0.05000000074505806,0.05000000074505806,0.05000000074505806,0.05000000074505806
1785517967994530900,7779981,0.05000000074505806,0.05000000074505806,0.05000000074505806,0.05000000074505806
1785517968010223300,7812953,0.05000000074505806,0.05000000074505806,0.05000000074505806,0.05000000074505806
1785517968016461700,7815514,0.05000000074505806,0.05000000074505806,0.05000000074505806,0.05000000074505806
1785517968029110800,7815514,0.05000000074505806,0.05000000074505806,0.05000000074505806,0.05000000074505806
1785517968048212900,7849260,0.05000000074505806,0.05000000074505806,0.05000000074505806,0.05000000074505806
1785517968051033000,7850115,0.05000000074505806,0.05000000074505806,0.05000000074505806,0.05000000074505806
1785517968066276700,7850115,0.05000000074505806,0.05000000074505806,0.05000000074505806,0.05000000074505806
1785517968071047100,7881495,0.05000000074505806,0.05000000074505806,0.05000000074505806,0.05000000074505806
1785517968092822200,7882474,0.05000000074505806,0.05000000074505806,0.05000000074505806,0.05000000074505806
1785517968095035000,7882474,0.05000000074505806,0.05000000074505806,0.05000000074505806,0.05000000074505806
1785517968107482600,7882474,0.05000000074505806,0.05000000074505806,0.05000000074505806,0.05000000074505806
1785517968118127500,7921992,0.05000000074505806,0.05000000074505806,0.05000000074505806,0.05000000074505806
1785517968128771800,7921992,0.05000000074505806,0.05000000074505806,0.05000000074505806,0.05000000074505806
1785517968148060100,7921992,0.05000000074505806,0.05000000074505806,0.05000000074505806,0.05000000074505806
1785517968151427300,7951088,0.05000000074505806,0.05000000074505806,0.05000000074505806,0.05000000074505806
1785517968162870000,7951088,0.05000000074505806,0.05000000074505806,0.05000000074505806,0.05000000074505806
1785517968173573300,7951088,0.05000000074505806,0.05000000074505806,0.05000000074505806,0.05000000074505806
1785517968189062000,7986886,0.05000000074505806,0.05000000074505806,0.05000000074505806,0.05000000074505806
1785517968197038400,7986886,0.05000000074505806,0.05000000074505806,0.05000000074505806,0.05000000074505806
1785517968214970100,7986886,0.05000000074505806,0.05000000074505806,0.05000000074505806,0.05000000074505806
1785517968219858400,8024754,0.05000000074505806,0.05000000074505806,0.05000000074505806,0.05000000074505806
1785517968231571400,8024754,0.05000000074505806,0.05000000074505806,0.05000000074505806,0.05000000074505806
1785517968242879400,8024754,0.05000000074505806,0.05000000074505806,0.05000000074505806,0.05000000074505806
1785517968260355200,8054323,0.05000000074505806,0.05000000074505806,0.05000000074505806,0.05000000074505806
1785517968267957400,8054323,0.05000000074505806,0.05000000074505806,0.05000000074505806,0.05000000074505806
1785517968276029100,8054323,0.05000000074505806,0.05000000074505806,0.05000000074505806,0.05000000074505806
1785517968291940100,8089257,0.05000000074505806,0.05000000074505806,0.05000000074505806,0.05000000074505806
1785517968303233000,8089257,0.05000000074505806,0.05000000074505806,0.05000000074505806,0.05000000074505806
1785517968316967100,8089257,0.05000000074505806,0.05000000074505806,0.05000000074505806,0.05000000074505806
1785517968323752400,8121962,0.05000000074505806,0.05000000074505806,0.05000000074505806,0.05000000074505806
1785517968331459800,8121962,0.05000000074505806,0.05000000074505806,0.05000000074505806,0.05000000074505806
1785517968345061200,8121962,0.05000000074505806,0.05000000074505806,0.05000000074505806,0.05000000074505806
1785517968356262400,8155424,0.05000000074505806,0.05000000074505806,0.05000000074505806,0.05000000074505806
1785517968360593600,8167743,0.05000000074505806,0.05000000074505806,0.05000000074505806,0.05000000074505806
1785517968380898600,8167743,0.05000000074505806,0.05000000074505806,0.05000000074505806,0.05000000074505806
1785517968386151800,8167743,0.05000000074505806,0.05000000074505806,0.05000000074505806,0.05000000074505806
1785517968402095300,8201702,0.05000000074505806,0.05000000074505806,0.05000000074505806,0.05000000074505806
1785517968408161400,8201702,0.05000000074505806,0.05000000074505806,0.05000000074505806,0.05000000074505806
1785517968428473000,8201702,0.05000000074505806,0.05000000074505806,0.05000000074505806,0.05000000074505806
1785517968429661500,8235464,0.05000000074505806,0.05000000074505806,0.05000000074505806,0.05000000074505806
1785517968441017200,8235464,0.05000000074505806,0.05000000074505806,0.05000000074505806,0.05000000074505806
1785517968448857700,8235464,0.05000000074505806,0.05000000074505806,0.05000000074505806,0.05000000074505806
1785517968461696300,8268856,0.05000000074505806,0.05000000074505806,0.05000000074505806,0.05000000074505806
1785517968471633000,8268856,0.05000000074505806,0.05000000074505806,0.05000000074505806,0.05000000074505806
1785517968481320200,8268856,0.05000000074505806,0.05000000074505806,0.05000000074505806,0.05000000074505806
1785517968499597000,8299251,0.05000000074505806,0.05000000074505806,0.05000000074505806,0.05000000074505806
1785517968505392900,8299251,0.05000000074505806,0.05000000074505806,0.05000000074505806,0.05000000074505806
1785517968519334400,8325886,0.05000000074505806,0.05000000074505806,0.05000000074505806,0.05000000074505806
1785517968529002000,8327649,0.05000000074505806,0.05000000074505806,0.05000000074505806,0.05000000074505806
1785517968540058600,8327649,0.05000000074505806,0.05000000074505806,0.05000000074505806,0.05000000074505806
1785517968553675900,8355751,0.05000000074505806,0.05000000074505806,0.05000000074505806,0.05000000074505806
1785517968564136600,8355751,0.05000000074505806,0.05000000074505806,0.05000000074505806,0.05000000074505806
1785517968573893500,8355751,0.05000000074505806,0.05000000074505806,0.05000000074505806,0.05000000074505806
1785517968585481000,8387269,0.05000000074505806,0.05000000074505806,0.05000000074505806,0.05000000074505806
1785517968597032800,8387269,0.05000000074505806,0.05000000074505806,0.05000000074505806,0.05000000074505806
1785517968611535800,8387269,0.05000000074505806,0.05000000074505806,0.05000000074505806,0.05000000074505806
1785517968622213500,8424962,0.05000000074505806,0.05000000074505806,0.05000000074505806,0.05000000074505806
1785517968630025900,8424962,0.05000000074505806,0.05000000074505806,0.05000000074505806,0.05000000074505806
1785517968641657200,8424962,0.05000000074505806,0.05000000074505806,0.05000000074505806,0.05000000074505806
1785517968653730900,8459636,0.05000000074505806,0.05000000074505806,0.05000000074505806,0.05000000074505806
1785517968663804500,8459636,0.05000000074505806,0.05000000074505806,0.05000000074505806,0.05000000074505806
1785517968679623100,8459636,0.05000000074505806,0.05000000074505806,0.05000000074505806,0.05000000074505806
1785517968687375800,8494133,0.05000000074505806,0.05000000074505806,0.05000000074505806,0.05000000074505806
1785517968698374700,8494490,0.05000000074505806,0.05000000074505806,0.05000000074505806,0.05000000074505806
1785517968706297200,8494490,0.05000000074505806,0.05000000074505806,0.05000000074505806,0.05000000074505806
1785517968721797200,8525721,0.05000000074505806,0.05000000074505806,0.05000000074505806,0.05000000074505806
1785517968727410500,8525721,0.05000000074505806,0.05000000074505806,0.05000000074505806,0.05000000074505806
1785517968738895500,8525721,0.05000000074505806,0.05000000074505806,0.05000000074505806,0.05000000074505806
1785517968751946800,8558062,0.05000000074505806,0.05000000074505806,0.05000000074505806,0.05000000074505806
1785517968760506800,8558062,0.05000000074505806,0.05000000074505806,0.05000000074505806,0.05000000074505806
1785517968773095100,8558062,0.05000000074505806,0.05000000074505806,0.05000000074505806,0.05000000074505806
1785517968784259900,8589355,0.05000000074505806,0.05000000074505806,0.05000000074505806,0.05000000074505806
1785517968800440300,8589355,0.05000000074505806,0.05000000074505806,0.05000000074505806,0.05000000074505806
1785517968805824900,8589355,0.05000000074505806,0.05000000074505806,0.05000000074505806,0.05000000074505806
1785517968821172800,8622535,0.05000000074505806,0.05000000074505806,0.05000000074505806,0.05000000074505806
1785517968829149500,8622535,0.05000000074505806,0.05000000074505806,0.05000000074505806,0.05000000074505806
1785517968839530100,8622535,0.05000000074505806,0.05000000074505806,0.05000000074505806,0.05000000074505806
1785517968850462300,8658106,0.05000000074505806,0.05000000074505806,0.05000000074505806,0.05000000074505806
1785517968864471200,8658106,0.05000000074505806,0.05000000074505806,0.05000000074505806,0.05000000074505806
1785517968872563900,8658106,0.05000000074505806,0.05000000074505806,0.05000000074505806,0.05000000074505806
1785517968886413200,8658106,0.05000000074505806,0.05000000074505806,0.05000000074505806,0.05000000074505806
1785517968894029700,8695790,0.05000000074505806,0.05000000074505806,0.05000000074505806,0.05000000074505806
1785517968904912700,8695790,0.05000000074505806,0.05000000074505806,0.05000000074505806,0.05000000074505806
1785517968915703100,8695790,0.05000000074505806,0.05000000074505806,0.05000000074505806,0.05000000074505806
1785517968927908900,8731775,0.05000000074505806,0.05000000074505806,0.05000000074505806,0.05000000074505806
1785517968942768900,8731775,0.05000000074505806,0.05000000074505806,0.05000000074505806,0.05000000074505806
1785517968950551800,8731775,0.05000000074505806,0.05000000074505806,0.05000000074505806,0.05000000074505806
1785517968964933700,8768241,0.05000000074505806,0.05000000074505806,0.05000000074505806,0.05000000074505806
1785517968972920900,8768241,0.05000000074505806,0.05000000074505806,0.05000000074505806,0.05000000074505806
1785517968986918600,8768241,0.05000000074505806,0.05000000074505806,0.05000000074505806,0.05000000074505806
1785517968995181200,8800186,0.05000000074505806,0.05000000074505806,0.05000000074505806,0.05000000074505806
1785517969004992200,8800186,0.05000000074505806,0.05000000074505806,0.05000000074505806,0.05000000074505806
1785517969013600700,8800186,0.05000000074505806,0.05000000074505806,0.05000000074505806,0.05000000074505806
1785517969030250900,8830701,0.05000000074505806,0.05000000074505806,0.05000000074505806,0.05000000074505806
1785517969042889100,8830701,0.05000000074505806,0.05000000074505806,0.05000000074505806,0.05000000074505806
1785517969047233100,8830701,0.05000000074505806,0.05000000074505806,0.05000000074505806,0.05000000074505806
1785517969059490300,8866641,0.05000000074505806,0.05000000074505806,0.05000000074505806,0.05000000074505806
1785517969069428400,8867893,0.05000000074505806,0.05000000074505806,0.05000000074505806,0.05000000074505806
1785517969084759600,8867893,0.05000000074505806,0.05000000074505806,0.05000000074505806,0.05000000074505806
1785517969093385300,8900458,0.05000000074505806,0.05000000074505806,0.05000000074505806,0.05000000074505806
1785517969109286500,8900458,0.05000000074505806,0.05000000074505806,0.05000000074505806,0.05000000074505806
1785517969114665400,8900458,0.05000000074505806,0.05000000074505806,0.05000000074505806,0.05000000074505806
1785517969147335100,8933667,0.05000000074505806,0.05000000074505806,0.05000000074505806,0.05000000074505806
1785517969150355200,8936824,0.05000000074505806,0.05000000074505806,0.05000000074505806,0.05000000074505806
1785517969169223400,8936824,0.05000000074505806,0.05000000074505806,0.05000000074505806,0.05000000074505806
1785517969178149200,8936824,0.05000000074505806,0.05000000074505806,0.05000000074505806,0.05000000074505806
1785517969179488400,8980381,0.05000000074505806,0.05000000074505806,0.05000000074505806,0.05000000074505806
1785517969214135100,8982743,0.05000000074505806,0.05000000074505806,0.05000000074505806,0.05000000074505806
1785517969229107900,8982743,0.05000000074505806,0.05000000074505806,0.05000000074505806,0.05000000074505806
1785517969230521300,8982743,0.05000000074505806,0.05000000074505806,0.05000000074505806,0.05000000074505806
1785517969231468400,8982743,0.05000000074505806,0.05000000074505806,0.05000000074505806,0.05000000074505806
1785517969232570500,9027648,0.05000000074505806,0.05000000074505806,0.05000000074505806,0.05000000074505806
1785517969245300600,9027648,0.05000000074505806,0.05000000074505806,0.05000000074505806,0.05000000074505806
1785517969248405700,9027648,0.05000000074505806,0.05000000074505806,0.05000000074505806,0.05000000074505806
1785517969265176000,9061238,0.05000000074505806,0.05000000074505806,0.05000000074505806,0.05000000074505806
1785517969270579100,9061238,0.05000000074505806,0.05000000074505806,0.05000000074505806,0.05000000074505806
1785517969292149800,9061238,0.05000000074505806,0.05000000074505806,0.05000000074505806,0.05000000074505806
1785517969296062400,9097693,0.05000000074505806,0.05000000074505806,0.05000000074505806,0.05000000074505806
1785517969306387800,9097693,0.05000000074505806,0.05000000074505806,0.05000000074505806,0.05000000074505806
1785517969317691900,9097693,0.05000000074505806,0.05000000074505806,0.05000000074505806,0.05000000074505806
1785517969336266400,9128440,0.05000000074505806,0.05000000074505806,0.05000000074505806,0.05000000074505806
1785517969346997700,9128440,0.05000000074505806,0.05000000074505806,0.05000000074505806,0.05000000074505806
1785517969347888000,9128440,0.05000000074505806,0.05000000074505806,0.05000000074505806,0.05000000074505806
1785517969357566600,9164971,0.05000000074505806,0.05000000074505806,0.05000000074505806,0.05000000074505806
1785517969368791900,9164971,0.05000000074505806,0.05000000074505806,0.05000000074505806,0.05000000074505806
1785517969401174200,9164971,0.05000000074505806,0.05000000074505806,0.05000000074505806,0.05000000074505806
1785517969402679900,9164971,0.05000000074505806,0.05000000074505806,0.05000000074505806,0.05000000074505806
1785517969404345900,9206984,0.05000000074505806,0.05000000074505806,0.05000000074505806,0.05000000074505806
1785517969418399300,9206984,0.05000000074505806,0.05000000074505806,0.05000000074505806,0.05000000074505806
1785517969424584600,9206984,0.05000000074505806,0.05000000074505806,0.05000000074505806,0.05000000074505806
1785517969443823200,9240905,0.05000000074505806,0.05000000074505806,0.05000000074505806,0.05000000074505806
1785517969445207100,9240905,0.05000000074505806,0.05000000074505806,0.05000000074505806,0.05000000074505806
1785517969462341700,9240905,0.05000000074505806,0.05000000074505806,0.05000000074505806,0.05000000074505806
1785517969468629000,9240905,0.05000000074505806,0.05000000074505806,0.05000000074505806,0.05000000074505806
1785517969477703100,9287918,0.05000000074505806,0.05000000074505806,0.05000000074505806,0.05000000074505806
1785517969494136900,9288895,0.05000000074505806,0.05000000074505806,0.05000000074505806,0.05000000074505806
1785517969499488800,9288895,0.05000000074505806,0.05000000074505806,0.05000000074505806,0.05000000074505806
1785517969523658500,9319444,0.05000000074505806,0.05000000074505806,0.05000000074505806,0.05000000074505806
1785517969527642600,9323640,0.05000000074505806,0.05000000074505806,0.05000000074505806,0.05000000074505806
1785517969538341200,9323640,0.05000000074505806,0.05000000074505806,0.05000000074505806,0.05000000074505806
1785517969544784400,9352348,0.05000000074505806,0.05000000074505806,0.05000000074505806,0.05000000074505806
1785517969559093500,9355721,0.05000000074505806,0.05000000074505806,0.05000000074505806,0.05000000074505806
1785517969566114100,9355721,0.05000000074505806,0.05000000074505806,0.05000000074505806,0.05000000074505806
1785517969577425300,9355721,0.05000000074505806,0.05000000074505806,0.05000000074505806,0.05000000074505806
1785517969586252100,9392680,0.05000000074505806,0.05000000074505806,0.05000000074505806,0.05000000074505806
1785517969597880000,9392680,0.05000000074505806,0.05000000074505806,0.05000000074505806,0.05000000074505806
1785517969618106000,9420983,0.05000000074505806,0.05000000074505806,0.05000000074505806,0.05000000074505806
1785517969623984700,9423076,0.05000000074505806,0.05000000074505806,0.05000000074505806,0.05000000074505806
1785517969638571100,9423076,0.05000000074505806,0.05000000074505806,0.05000000074505806,0.05000000074505806
1785517969649258200,9423076,0.05000000074505806,0.05000000074505806,0.05000000074505806,0.05000000074505806
1785517969659913700,9464219,0.05000000074505806,0.05000000074505806,0.05000000074505806,0.05000000074505806
1785517969667560200,9464219,0.05000000074505806,0.05000000074505806,0.05000000074505806,0.05000000074505806
1785517969681007900,9464219,0.05000000074505806,0.05000000074505806,0.05000000074505806,0.05000000074505806
1785517969696125900,9500666,0.05000000074505806,0.05000000074505806,0.05000000074505806,0.05000000074505806
1785517969706002300,9500666,0.05000000074505806,0.05000000074505806,0.05000000074505806,0.05000000074505806
1785517969715541500,9500666,0.05000000074505806,0.05000000074505806,0.05000000074505806,0.05000000074505806
1785517969739604000,9532745,0.05000000074505806,0.05000000074505806,0.05000000074505806,0.05000000074505806
1785517969743846700,9532745,0.05000000074505806,0.05000000074505806,0.05000000074505806,0.05000000074505806
1785517969763353500,9532745,0.05000000074505806,0.05000000074505806,0.05000000074505806,0.05000000074505806
1785517969765524800,9568936,0.05000000074505806,0.05000000074505806,0.05000000074505806,0.05000000074505806
1785517969778449600,9568936,0.05000000074505806,0.05000000074505806,0.05000000074505806,0.05000000074505806
1785517969786574800,9568936,0.05000000074505806,0.05000000074505806,0.05000000074505806,0.05000000074505806
1785517969796896900,9600201,0.05000000074505806,0.05000000074505806,0.05000000074505806,0.05000000074505806
1785517969805895000,9600201,0.05000000074505806,0.05000000074505806,0.05000000074505806,0.05000000074505806
1785517969816135500,9600201,0.05000000074505806,0.05000000074505806,0.05000000074505806,0.05000000074505806
1785517969827497500,9630972,0.05000000074505806,0.05000000074505806,0.05000000074505806,0.05000000074505806
1785517969838089300,9630972,0.05000000074505806,0.05000000074505806,0.05000000074505806,0.05000000074505806
1785517969847719700,9630972,0.05000000074505806,0.05000000074505806,0.05000000074505806,0.05000000074505806
1785517969865062000,9666142,0.05000000074505806,0.05000000074505806,0.05000000074505806,0.05000000074505806
1785517969876831300,9666142,0.05000000074505806,0.05000000074505806,0.05000000074505806,0.05000000074505806
1785517969884522300,9666142,0.05000000074505806,0.05000000074505806,0.05000000074505806,0.05000000074505806
1785517969898710700,9697989,0.05000000074505806,0.05000000074505806,0.05000000074505806,0.05000000074505806
1785517969904656300,9697989,0.05000000074505806,0.05000000074505806,0.05000000074505806,0.05000000074505806
1785517969917576800,9697989,0.05000000074505806,0.05000000074505806,0.05000000074505806,0.05000000074505806
1785517969927310800,9732912,0.05000000074505806,0.05000000074505806,0.05000000074505806,0.05000000074505806
1785517969943590300,9732912,0.05000000074505806,0.05000000074505806,0.05000000074505806,0.05000000074505806
1785517969952953000,9732912,0.05000000074505806,0.05000000074505806,0.05000000074505806,0.05000000074505806
1785517969959405800,9768810,0.05000000074505806,0.05000000074505806,0.05000000074505806,0.05000000074505806
1785517969974023800,9771464,0.05000000074505806,0.05000000074505806,0.05000000074505806,0.05000000074505806
1785517969980050800,9771464,0.05000000074505806,0.05000000074505806,0.05000000074505806,0.05000000074505806
1785517969998606600,9799886,0.05000000074505806,0.05000000074505806,0.05000000074505806,0.05000000074505806
1785517970001722700,9799886,0.05000000074505806,0.05000000074505806,0.05000000074505806,0.05000000074505806
1785517970015276200,9799886,0.05000000074505806,0.05000000074505806,0.05000000074505806,0.05000000074505806
1785517970025657100,9833450,0.05000000074505806,0.05000000074505806,0.05000000074505806,0.05000000074505806
1785517970039833900,9833450,0.05000000074505806,0.05000000074505806,0.05000000074505806,0.05000000074505806
1785517970047417500,9833450,0.05000000074505806,0.05000000074505806,0.05000000074505806,0.05000000074505806
1785517970057586600,9864223,0.05000000074505806,0.05000000074505806,0.05000000074505806,0.05000000074505806
1785517970067011000,9864223,0.05000000074505806,0.05000000074505806,0.05000000074505806,0.05000000074505806
1785517970079327200,9864223,0.05000000074505806,0.05000000074505806,0.05000000074505806,0.05000000074505806
1785517970100393100,9894792,0.05000000074505806,0.05000000074505806,0.05000000074505806,0.05000000074505806
1785517970101159100,9894792,0.05000000074505806,0.05000000074505806,0.05000000074505806,0.05000000074505806
1785517970118322700,9894792,0.05000000074505806,0.05000000074505806,0.05000000074505806,0.05000000074505806
1785517970121659400,9927300,0.05000000074505806,0.05000000074505806,0.05000000074505806,0.05000000074505806
1785517970133287200,9927300,0.05000000074505806,0.05000000074505806,0.05000000074505806,0.05000000074505806
1785517970144962400,9927300,0.05000000074505806,0.05000000074505806,0.05000000074505806,0.05000000074505806
1785517970161450500,9958806,0.05000000074505806,0.05000000074505806,0.05000000074505806,0.05000000074505806
1785517970166513400,9958806,0.05000000074505806,0.05000000074505806,0.05000000074505806,0.05000000074505806
1785517970178612400,9958806,0.05000000074505806,0.05000000074505806,0.05000000074505806,0.05000000074505806
1785517970189179600,9958806,0.05000000074505806,0.05000000074505806,0.05000000074505806,0.05000000074505806
1785517970200429600,9958806,0.05000000074505806,0.05000000074505806,0.05000000074505806,0.05000000074505806
1785517970217198400,9958806,0.05000000074505806,0.05000000074505806,0.05000000074505806,0.05000000074505806
1785517970222512800,9958806,0.05000000074505806,0.05000000074505806,0.05000000074505806,0.05000000074505806
1785517970234337700,9958806,0.05000000074505806,0.05000000074505806,0.05000000074505806,0.05000000074505806
1785517970256804600,9958806,0.05000000074505806,0.05000000074505806,0.05000000074505806,0.05000000074505806
1785517970257775500,10064380,0.05000000074505806,0.05000000074505806,0.05000000074505806,0.05000000074505806
1785517970268575300,10066045,0.05000000074505806,0.05000000074505806,0.05000000074505806,0.05000000074505806
1785517970297973900,10066045,0.05000000074505806,0.05000000074505806,0.05000000074505806,0.05000000074505806
1785517970299813100,10066045,0.05000000074505806,0.05000000074505806,0.05000000074505806,0.05000000074505806
1785517970300796000,10066045,0.05000000074505806,0.05000000074505806,0.05000000074505806,0.05000000074505806
1785517970313415600,10066045,0.05000000074505806,0.05000000074505806,0.05000000074505806,0.05000000074505806
1785517970321357400,10066045,0.05000000074505806,0.05000000074505806,0.05000000074505806,0.05000000074505806
1785517970341491800,10140062,0.05000000074505806,0.05000000074505806,0.05000000074505806,0.05000000074505806
1785517970343288400,10140062,0.05000000074505806,0.05000000074505806,0.05000000074505806,0.05000000074505806
1785517970360072500,10140062,0.05000000074505806,0.05000000074505806,0.05000000074505806,0.05000000074505806
1785517970376540600,10140062,0.05000000074505806,0.05000000074505806,0.05000000074505806,0.05000000074505806
1785517970377832300,10184706,0.05000000074505806,0.05000000074505806,0.05000000074505806,0.05000000074505806
1785517970389875100,10184706,0.05000000074505806,0.05000000074505806,0.05000000074505806,0.05000000074505806
1785517970404500800,10184706,0.05000000074505806,0.05000000074505806,0.05000000074505806,0.05000000074505806
1785517970417754000,10216924,0.05000000074505806,0.05000000074505806,0.05000000074505806,0.05000000074505806
1785517970424145100,10216924,0.05000000074505806,0.05000000074505806,0.05000000074505806,0.05000000074505806
1785517970436438300,10216924,0.05000000074505806,0.05000000074505806,0.05000000074505806,0.05000000074505806
1785517970442665200,10216924,0.05000000074505806,0.05000000074505806,0.05000000074505806,0.05000000074505806
1785517970465962400,10256414,0.05000000074505806,0.05000000074505806,0.05000000074505806,0.05000000074505806
1785517970467128500,10256414,0.05000000074505806,0.05000000074505806,0.05000000074505806,0.05000000074505806
1785517970484030800,10256414,0.05000000074505806,0.05000000074505806,0.05000000074505806,0.05000000074505806
1785517970486224800,10295641,0.05000000074505806,0.05000000074505806,0.05000000074505806,0.05000000074505806
1785517970502238400,10296147,0.05000000074505806,0.05000000074505806,0.05000000074505806,0.05000000074505806
1785517970508099000,10296147,0.05000000074505806,0.05000000074505806,0.05000000074505806,0.05000000074505806
1785517970522181100,10296147,0.05000000074505806,0.05000000074505806,0.05000000074505806,0.05000000074505806
1785517970530362200,10329701,0.05000000074505806,0.05000000074505806,0.05000000074505806,0.05000000074505806
1785517970539119400,10329701,0.05000000074505806,0.05000000074505806,0.05000000074505806,0.05000000074505806
1785517970562675700,10329701,0.05000000074505806,0.05000000074505806,0.05000000074505806,0.05000000074505806
1785517970564587900,10365086,0.05000000074505806,0.05000000074505806,0.05000000074505806,0.05000000074505806
1785517970572016600,10365086,0.05000000074505806,0.05000000074505806,0.05000000074505806,0.05000000074505806
1785517970592513400,10365086,0.05000000074505806,0.05000000074505806,0.05000000074505806,0.05000000074505806
1785517970602177900,10396753,0.05000000074505806,0.05000000074505806,0.05000000074505806,0.05000000074505806
1785517970603609500,10396753,0.05000000074505806,0.05000000074505806,0.05000000074505806,0.05000000074505806
1785517970624790000,10396753,0.05000000074505806,0.05000000074505806,0.05000000074505806,0.05000000074505806
1785517970626598100,10431559,0.05000000074505806,0.05000000074505806,0.05000000074505806,0.05000000074505806
1785517970635190200,10431559,0.05000000074505806,0.05000000074505806,0.05000000074505806,0.05000000074505806
1785517970648134200,10431559,0.05000000074505806,0.05000000074505806,0.05000000074505806,0.05000000074505806
1785517970666184800,10466484,0.05000000074505806,0.05000000074505806,0.05000000074505806,0.05000000074505806
1785517970669582800,10466484,0.05000000074505806,0.05000000074505806,0.05000000074505806,0.05000000074505806
1785517970695062200,10466484,0.05000000074505806,0.05000000074505806,0.05000000074505806,0.05000000074505806
1785517970714467700,10501501,0.05000000074505806,0.05000000074505806,0.05000000074505806,0.05000000074505806
1785517970718031900,10503129,0.05000000074505806,0.05000000074505806,0.05000000074505806,0.05000000074505806
1785517970719648900,10503129,0.05000000074505806,0.05000000074505806,0.05000000074505806,0.05000000074505806
1785517970724983900,10503129,0.05000000074505806,0.05000000074505806,0.05000000074505806,0.05000000074505806
1785517970751000100,10542625,0.05000000074505806,0.05000000074505806,0.05000000074505806,0.05000000074505806
1785517970774552500,10542625,0.05000000074505806,0.05000000074505806,0.05000000074505806,0.05000000074505806
1785517970777500900,10542625,0.05000000074505806,0.05000000074505806,0.05000000074505806,0.05000000074505806
1785517970778986200,10542625,0.05000000074505806,0.05000000074505806,0.05000000074505806,0.05000000074505806
1785517970780398200,10542625,0.05000000074505806,0.05000000074505806,0.05000000074505806,0.05000000074505806
1785517970808023400,10593696,0.05000000074505806,0.05000000074505806,0.05000000074505806,0.05000000074505806
1785517970810427500,10593696,0.05000000074505806,0.05000000074505806,0.05000000074505806,0.05000000074505806
1785517970826699600,10593696,0.05000000074505806,0.05000000074505806,0.05000000074505806,0.05000000074505806
1785517970830950900,10626358,0.05000000074505806,0.05000000074505806,0.05000000074505806,0.05000000074505806
1785517970833886300,10626358,0.05000000074505806,0.05000000074505806,0.05000000074505806,0.05000000074505806
1785517970849758000,10626358,0.05000000074505806,0.05000000074505806,0.05000000074505806,0.05000000074505806
1785517970856312000,10662935,0.05000000074505806,0.05000000074505806,0.05000000074505806,0.05000000074505806
1785517970869002400,10662935,0.05000000074505806,0.05000000074505806,0.05000000074505806,0.05000000074505806
1785517970879951700,10662935,0.05000000074505806,0.05000000074505806,0.05000000074505806,0.05000000074505806
1785517970888857400,10691747,0.05000000074505806,0.05000000074505806,0.05000000074505806,0.05000000074505806
1785517970900228300,10691747,0.05000000074505806,0.05000000074505806,0.05000000074505806,0.05000000074505806
1785517970914106200,10691747,0.05000000074505806,0.05000000074505806,0.05000000074505806,0.05000000074505806
1785517970926881400,10722482,0.05000000074505806,0.05000000074505806,0.05000000074505806,0.05000000074505806
1785517970932231900,10722482,0.05000000074505806,0.05000000074505806,0.05000000074505806,0.05000000074505806
1785517970946006800,10722482,0.05000000074505806,0.05000000074505806,0.05000000074505806,0.05000000074505806
1785517970957997800,10757684,0.05000000074505806,0.05000000074505806,0.05000000074505806,0.05000000074505806
1785517970966163800,10757684,0.05000000074505806,0.05000000074505806,0.05000000074505806,0.05000000074505806
1785517970980151400,10757684,0.05000000074505806,0.05000000074505806,0.05000000074505806,0.05000000074505806
1785517970988718900,10790227,0.05000000074505806,0.05000000074505806,0.05000000074505806,0.05000000074505806
1785517970999892300,10790227,0.05000000074505806,0.05000000074505806,0.05000000074505806,0.05000000074505806
1785517971007567400,10790227,0.05000000074505806,0.05000000074505806,0.05000000074505806,0.05000000074505806
1785517971019487900,10827499,0.05000000074505806,0.05000000074505806,0.05000000074505806,0.05000000074505806
1785517971035965400,10827499,0.05000000074505806,0.05000000074505806,0.05000000074505806,0.05000000074505806
1785517971048725500,10827499,0.05000000074505806,0.05000000074505806,0.05000000074505806,0.05000000074505806
1785517971054756000,10861856,0.05000000074505806,0.05000000074505806,0.05000000074505806,0.05000000074505806
1785517971065391100,10862814,0.05000000074505806,0.05000000074505806,0.05000000074505806,0.05000000074505806
1785517971073197700,10862814,0.05000000074505806,0.05000000074505806,0.05000000074505806,0.05000000074505806
1785517971086357800,10894313,0.05000000074505806,0.05000000074505806,0.05000000074505806,0.05000000074505806
1785517971097080900,10894313,0.05000000074505806,0.05000000074505806,0.05000000074505806,0.05000000074505806
1785517971108254000,10894313,0.05000000074505806,0.05000000074505806,0.05000000074505806,0.05000000074505806
1785517971119616400,10926038,0.05000000074505806,0.05000000074505806,0.05000000074505806,0.05000000074505806
1785517971128739600,10926038,0.05000000074505806,0.05000000074505806,0.05000000074505806,0.05000000074505806
1785517971148793000,10926038,0.05000000074505806,0.05000000074505806,0.05000000074505806,0.05000000074505806
1785517971153290100,10957628,0.05000000074505806,0.05000000074505806,0.05000000074505806,0.05000000074505806
1785517971165179900,10957628,0.05000000074505806,0.05000000074505806,0.05000000074505806,0.05000000074505806
1785517971172169900,10957628,0.05000000074505806,0.05000000074505806,0.05000000074505806,0.05000000074505806
1785517971188610400,10990630,0.05000000074505806,0.05000000074505806,0.05000000074505806,0.05000000074505806
1785517971193891600,10990630,0.05000000074505806,0.05000000074505806,0.05000000074505806,0.05000000074505806
1785517971211970600,10990630,0.05000000074505806,0.05000000074505806,0.05000000074505806,0.05000000074505806
1785517971217440100,10990630,0.05000000074505806,0.05000000074505806,0.05000000074505806,0.05000000074505806
1785517971226733000,11030277,0.05000000074505806,0.05000000074505806,0.05000000074505806,0.05000000074505806
1785517971235790100,11030277,0.05000000074505806,0.05000000074505806,0.05000000074505806,0.05000000074505806
1785517971248097400,11057895,0.05000000074505806,0.05000000074505806,0.05000000074505806,0.05000000074505806
1785517971266532500,11059484,0.05000000074505806,0.05000000074505806,0.05000000074505806,0.05000000074505806
1785517971273815000,11059484,0.05000000074505806,0.05000000074505806,0.05000000074505806,0.05000000074505806
1785517971290435900,11094920,0.05000000074505806,0.05000000074505806,0.05000000074505806,0.05000000074505806
1785517971296668300,11096619,0.05000000074505806,0.05000000074505806,0.05000000074505806,0.05000000074505806
1785517971310152000,11096619,0.05000000074505806,0.05000000074505806,0.05000000074505806,0.05000000074505806
1785517971328319700,11127619,0.05000000074505806,0.05000000074505806,0.05000000074505806,0.05000000074505806
1785517971329769000,11128892,0.05000000074505806,0.05000000074505806,0.05000000074505806,0.05000000074505806
1785517971339956000,11128892,0.05000000074505806,0.05000000074505806,0.05000000074505806,0.05000000074505806
1785517971349601700,11128892,0.05000000074505806,0.05000000074505806,0.05000000074505806,0.05000000074505806
1785517971360315900,11163185,0.05000000074505806,0.05000000074505806,0.05000000074505806,0.05000000074505806
1785517971373339100,11163185,0.05000000074505806,0.05000000074505806,0.05000000074505806,0.05000000074505806
1785517971392099700,11163185,0.05000000074505806,0.05000000074505806,0.05000000074505806,0.05000000074505806
1785517971395834800,11195016,0.05000000074505806,0.05000000074505806,0.05000000074505806,0.05000000074505806
1785517971405039700,11195016,0.05000000074505806,0.05000000074505806,0.05000000074505806,0.05000000074505806
1785517971415956400,11195016,0.05000000074505806,0.05000000074505806,0.05000000074505806,0.05000000074505806
1785517971427446300,11227810,0.05000000074505806,0.05000000074505806,0.05000000074505806,0.05000000074505806
1785517971435124300,11227810,0.05000000074505806,0.05000000074505806,0.05000000074505806,0.05000000074505806
1785517971449341900,11227810,0.05000000074505806,0.05000000074505806,0.05000000074505806,0.05000000074505806
1785517971455483000,11263458,0.05000000074505806,0.05000000074505806,0.05000000074505806,0.05000000074505806
1785517971472540700,11263458,0.05000000074505806,0.05000000074505806,0.05000000074505806,0.05000000074505806
1785517971478351800,11263458,0.05000000074505806,0.05000000074505806,0.05000000074505806,0.05000000074505806
1785517971490547100,11298580,0.05000000074505806,0.05000000074505806,0.05000000074505806,0.05000000074505806
1785517971506259500,11298580,0.05000000074505806,0.05000000074505806,0.05000000074505806,0.05000000074505806
1785517971511404100,11298580,0.05000000074505806,0.05000000074505806,0.05000000074505806,0.05000000074505806
1785517971528144300,11329314,0.05000000074505806,0.05000000074505806,0.05000000074505806,0.05000000074505806
1785517971533179500,11329314,0.05000000074505806,0.05000000074505806,0.05000000074505806,0.05000000074505806
1785517971548917600,11329314,0.05000000074505806,0.05000000074505806,0.05000000074505806,0.05000000074505806
1785517971556635600,11365040,0.05000000074505806,0.05000000074505806,0.05000000074505806,0.05000000074505806
1785517971570354400,11365664,0.05000000074505806,0.05000000074505806,0.05000000074505806,0.05000000074505806
1785517971578189900,11365664,0.05000000074505806,0.05000000074505806,0.05000000074505806,0.05000000074505806
1785517971588058400,11398235,0.05000000074505806,0.05000000074505806,0.05000000074505806,0.05000000074505806
1785517971599729500,11398235,0.05000000074505806,0.05000000074505806,0.05000000074505806,0.05000000074505806
1785517971613646400,11398235,0.05000000074505806,0.05000000074505806,0.05000000074505806,0.05000000074505806
1785517971629423500,11429640,0.05000000074505806,0.05000000074505806,0.05000000074505806,0.05000000074505806
1785517971635436700,11429640,0.05000000074505806,0.05000000074505806,0.05000000074505806,0.05000000074505806
1785517971655309300,11429640,0.05000000074505806,0.05000000074505806,0.05000000074505806,0.05000000074505806
1785517971657929100,11429640,0.05000000074505806,0.05000000074505806,0.05000000074505806,0.05000000074505806
1785517971667254800,11469229,0.05000000074505806,0.05000000074505806,0.05000000074505806,0.05000000074505806
1785517971680060600,11469229,0.05000000074505806,0.05000000074505806,0.05000000074505806,0.05000000074505806
1785517971695920100,11500130,0.05000000074505806,0.05000000074505806,0.05000000074505806,0.05000000074505806
1785517971701498500,11500807,0.05000000074505806,0.05000000074505806,0.05000000074505806,0.05000000074505806
1785517971714690500,11500807,0.05000000074505806,0.05000000074505806,0.05000000074505806,0.05000000074505806
1785517971726459000,11533779,0.05000000074505806,0.05000000074505806,0.05000000074505806,0.05000000074505806
1785517971747492100,11536185,0.05000000074505806,0.05000000074505806,0.05000000074505806,0.05000000074505806
1785517971748895000,11536185,0.05000000074505806,0.05000000074505806,0.05000000074505806,0.05000000074505806
1785517971759628300,11566428,0.05000000074505806,0.05000000074505806,0.05000000074505806,0.05000000074505806
1785517971775137800,11568402,0.05000000074505806,0.05000000074505806,0.05000000074505806,0.05000000074505806
1785517971777996900,11568402,0.05000000074505806,0.05000000074505806,0.05000000074505806,0.05000000074505806
1785517971791100800,11597936,0.05000000074505806,0.05000000074505806,0.05000000074505806,0.05000000074505806
1785517971801884300,11597936,0.05000000074505806,0.05000000074505806,0.05000000074505806,0.05000000074505806
1785517971808912100,11597936,0.05000000074505806,0.05000000074505806,0.05000000074505806,0.05000000074505806
1785517971821172000,11628713,0.05000000074505806,0.05000000074505806,0.05000000074505806,0.05000000074505806
1785517971834159200,11628713,0.05000000074505806,0.05000000074505806,0.05000000074505806,0.05000000074505806
1785517971846800200,11628713,0.05000000074505806,0.05000000074505806,0.05000000074505806,0.05000000074505806
1785517971853130900,11661239,0.05000000074505806,0.05000000074505806,0.05000000074505806,0.05000000074505806
1785517971866041700,11661239,0.05000000074505806,0.05000000074505806,0.05000000074505806,0.05000000074505806
1785517971874383500,11661239,0.05000000074505806,0.05000000074505806,0.05000000074505806,0.05000000074505806
1785517971889939000,11692187,0.05000000074505806,0.05000000074505806,0.05000000074505806,0.05000000074505806
1785517971895899700,11692187,0.05000000074505806,0.05000000074505806,0.05000000074505806,0.05000000074505806
1785517971909142600,11692187,0.05000000074505806,0.05000000074505806,0.05000000074505806,0.05000000074505806
1785517971919113800,11723194,0.05000000074505806,0.05000000074505806,0.05000000074505806,0.05000000074505806
1785517971930400300,11723194,0.05000000074505806,0.05000000074505806,0.05000000074505806,0.05000000074505806
1785517971939952600,11723194,0.05000000074505806,0.05000000074505806,0.05000000074505806,0.05000000074505806
1785517971950367200,11758588,0.05000000074505806,0.05000000074505806,0.05000000074505806,0.05000000074505806
1785517971968899500,11758588,0.05000000074505806,0.05000000074505806,0.05000000074505806,0.05000000074505806
1785517971973404000,11758588,0.05000000074505806,0.05000000074505806,0.05000000074505806,0.05000000074505806
1785517971986699500,11789568,0.05000000074505806,0.05000000074505806,0.05000000074505806,0.05000000074505806
1785517972010718200,11789568,0.05000000074505806,0.05000000074505806,0.05000000074505806,0.05000000074505806
1785517972013300100,11789568,0.05000000074505806,0.05000000074505806,0.05000000074505806,0.05000000074505806
1785517972023397600,11789568,0.05000000074505806,0.05000000074505806,0.05000000074505806,0.05000000074505806
1785517972037447000,11835317,0.05000000074505806,0.05000000074505806,0.05000000074505806,0.05000000074505806
1785517972042355300,11835317,0.05000000074505806,0.05000000074505806,0.05000000074505806,0.05000000074505806
1785517972052437600,11835317,0.05000000074505806,0.05000000074505806,0.05000000074505806,0.05000000074505806
1785517972075640500,11872520,0.05000000074505806,0.05000000074505806,0.05000000074505806,0.05000000074505806
1785517972077350900,11873018,0.05000000074505806,0.05000000074505806,0.05000000074505806,0.05000000074505806
1785517972089060800,11873018,0.05000000074505806,0.05000000074505806,0.05000000074505806,0.05000000074505806
1785517972096970600,11873018,0.05000000074505806,0.05000000074505806,0.05000000074505806,0.05000000074505806
1785517972113557500,11910889,0.05000000074505806,0.05000000074505806,0.05000000074505806,0.05000000074505806
1785517972120901000,11910889,0.05000000074505806,0.05000000074505806,0.05000000074505806,0.05000000074505806
1785517972129706900,11910889,0.05000000074505806,0.05000000074505806,0.05000000074505806,0.05000000074505806
1785517972141379900,11949796,0.05000000074505806,0.05000000074505806,0.05000000074505806,0.05000000074505806
1785517972152069000,11950625,0.05000000074505806,0.05000000074505806,0.05000000074505806,0.05000000074505806
1785517972173012600,11950625,0.05000000074505806,0.05000000074505806,0.05000000074505806,0.05000000074505806
1785517972174464900,11950625,0.05000000074505806,0.05000000074505806,0.05000000074505806,0.05000000074505806
1785517972189229700,11988122,0.05000000074505806,0.05000000074505806,0.05000000074505806,0.05000000074505806
1785517972198272800,11988122,0.05000000074505806,0.05000000074505806,0.05000000074505806,0.05000000074505806
1785517972214868400,11988122,0.05000000074505806,0.05000000074505806,0.05000000074505806,0.05000000074505806
1785517972219949500,12022715,0.05000000074505806,0.05000000074505806,0.05000000074505806,0.05000000074505806
1785517972227830700,12022715,0.05000000074505806,0.05000000074505806,0.05000000074505806,0.05000000074505806
1785517972255007600,12022715,0.05000000074505806,0.05000000074505806,0.05000000074505806,0.05000000074505806
1785517972256631600,12059977,0.05000000074505806,0.05000000074505806,0.05000000074505806,0.05000000074505806
1785517972269684300,12059977,0.05000000074505806,0.05000000074505806,0.05000000074505806,0.05000000074505806
1785517972274579800,12059977,0.05000000074505806,0.05000000074505806,0.05000000074505806,0.05000000074505806
1785517972293745900,12091888,0.05000000074505806,0.05000000074505806,0.05000000074505806,0.05000000074505806
1785517972295387600,12091888,0.05000000074505806,0.05000000074505806,0.05000000074505806,0.05000000074505806
1785517972315312100,12091888,0.05000000074505806,0.05000000074505806,0.05000000074505806,0.05000000074505806
1785517972327009200,12124267,0.05000000074505806,0.05000000074505806,0.05000000074505806,0.05000000074505806
1785517972330713500,12124267,0.05000000074505806,0.05000000074505806,0.05000000074505806,0.05000000074505806
1785517972339958600,12124267,0.05000000074505806,0.05000000074505806,0.05000000074505806,0.05000000074505806
1785517972358416500,12124267,0.05000000074505806,0.05000000074505806,0.05000000074505806,0.05000000074505806
1785517972373230700,12171985,0.05000000074505806,0.05000000074505806,0.05000000074505806,0.05000000074505806
1785517972375732700,12173176,0.05000000074505806,0.05000000074505806,0.05000000074505806,0.05000000074505806
1785517972385646900,12173176,0.05000000074505806,0.05000000074505806,0.05000000074505806,0.05000000074505806
1785517972401454400,12173176,0.05000000074505806,0.05000000074505806,0.05000000074505806,0.05000000074505806
1785517972415834000,12212377,0.05000000074505806,0.05000000074505806,0.05000000074505806,0.05000000074505806
1785517972429030200,12212377,0.05000000074505806,0.05000000074505806,0.05000000074505806,0.05000000074505806
1785517972433480400,12212377,0.05000000074505806,0.05000000074505806,0.05000000074505806,0.05000000074505806
1785517972438307400,12212377,0.05000000074505806,0.05000000074505806,0.05000000074505806,0.05000000074505806
1785517972453593000,12255239,0.05000000074505806,0.05000000074505806,0.05000000074505806,0.05000000074505806
1785517972467358600,12255239,0.05000000074505806,0.05000000074505806,0.05000000074505806,0.05000000074505806
1785517972471458900,12255239,0.05000000074505806,0.05000000074505806,0.05000000074505806,0.05000000074505806
1785517972491960700,12291729,0.05000000074505806,0.05000000074505806,0.05000000074505806,0.05000000074505806
1785517972498201100,12293257,0.05000000074505806,0.05000000074505806,0.05000000074505806,0.05000000074505806
1785517972520946100,12293257,0.05000000074505806,0.05000000074505806,0.05000000074505806,0.05000000074505806
1785517972526859800,12293257,0.05000000074505806,0.05000000074505806,0.05000000074505806,0.05000000074505806
1785517972527935800,12335103,0.05000000074505806,0.05000000074505806,0.05000000074505806,0.05000000074505806
1785517972537528800,12337687,0.05000000074505806,0.05000000074505806,0.05000000074505806,0.05000000074505806
1785517972548116300,12337687,0.05000000074505806,0.05000000074505806,0.05000000074505806,0.05000000074505806
1785517972563987200,12367336,0.05000000074505806,0.05000000074505806,0.05000000074505806,0.05000000074505806
1785517972584850900,12370422,0.05000000074505806,0.05000000074505806,0.05000000074505806,0.05000000074505806
1785517972587583000,12370422,0.05000000074505806,0.05000000074505806,0.05000000074505806,0.05000000074505806
1785517972594570900,12400785,0.05000000074505806,0.05000000074505806,0.05000000074505806,0.05000000074505806
1785517972612942100,12400785,0.05000000074505806,0.05000000074505806,0.05000000074505806,0.05000000074505806
1785517972624053200,12400785,0.05000000074505806,0.05000000074505806,0.05000000074505806,0.05000000074505806
1785517972627732000,12400785,0.05000000074505806,0.05000000074505806,0.05000000074505806,0.05000000074505806
1785517972643043900,12437872,0.05000000074505806,0.05000000074505806,0.05000000074505806,0.05000000074505806
1785517972647949200,12437872,0.05000000074505806,0.05000000074505806,0.05000000074505806,0.05000000074505806
1785517972662747500,12467512,0.05000000074505806,0.05000000074505806,0.05000000074505806,0.05000000074505806
1785517972670061100,12467792,0.05000000074505806,0.05000000074505806,0.05000000074505806,0.05000000074505806
1785517972685827600,12467792,0.05000000074505806,0.05000000074505806,0.05000000074505806,0.05000000074505806
1785517972693525500,12467792,0.05000000074505806,0.05000000074505806,0.05000000074505806,0.05000000074505806
1785517972708609300,12501984,0.05000000074505806,0.05000000074505806,0.05000000074505806,0.05000000074505806
1785517972713588200,12501984,0.05000000074505806,0.05000000074505806,0.05000000074505806,0.05000000074505806
1785517972724000500,12501984,0.05000000074505806,0.05000000074505806,0.05000000074505806,0.05000000074505806
1785517972741122000,12541561,0.05000000074505806,0.05000000074505806,0.05000000074505806,0.05000000074505806
1785517972747315100,12541561,0.05000000074505806,0.05000000074505806,0.05000000074505806,0.05000000074505806
1785517972762034300,12541561,0.05000000074505806,0.05000000074505806,0.05000000074505806,0.05000000074505806
1785517972777941500,12541561,0.05000000074505806,0.05000000074505806,0.05000000074505806,0.05000000074505806
1785517972783066900,12587880,0.05000000074505806,0.05000000074505806,0.05000000074505806,0.05000000074505806
1785517972817154100,12587880,0.05000000074505806,0.05000000074505806,0.05000000074505806,0.05000000074505806
1785517972827209600,12587880,0.05000000074505806,0.05000000074505806,0.05000000074505806,0.05000000074505806
1785517972829612200,12622871,0.05000000074505806,0.05000000074505806,0.05000000074505806,0.05000000074505806
1785517972835402400,12623757,0.05000000074505806,0.05000000074505806,0.05000000074505806,0.05000000074505806
1785517972840824100,12623757,0.05000000074505806,0.05000000074505806,0.05000000074505806,0.05000000074505806
1785517972860048100,12623757,0.05000000074505806,0.05000000074505806,0.05000000074505806,0.05000000074505806
1785517972861576800,12670039,0.05000000074505806,0.05000000074505806,0.05000000074505806,0.05000000074505806
1785517972873161400,12670575,0.05000000074505806,0.05000000074505806,0.05000000074505806,0.05000000074505806
1785517972888946800,12670575,0.05000000074505806,0.05000000074505806,0.05000000074505806,0.05000000074505806
1785517972900051300,12670575,0.05000000074505806,0.05000000074505806,0.05000000074505806,0.05000000074505806
1785517972908081200,12708942,0.05000000074505806,0.05000000074505806,0.05000000074505806,0.05000000074505806
1785517972917434400,12708942,0.05000000074505806,0.05000000074505806,0.05000000074505806,0.05000000074505806
1785517972929005000,12708942,0.05000000074505806,0.05000000074505806,0.05000000074505806,0.05000000074505806
1785517972939707000,12745991,0.05000000074505806,0.05000000074505806,0.05000000074505806,0.05000000074505806
1785517972951278500,12745991,0.05000000074505806,0.05000000074505806,0.05000000074505806,0.05000000074505806
1785517972961397200,12745991,0.05000000074505806,0.05000000074505806,0.05000000074505806,0.05000000074505806
1785517972975258000,12745991,0.05000000074505806,0.05000000074505806,0.05000000074505806,0.05000000074505806
1785517972985177800,12790321,0.05000000074505806,0.05000000074505806,0.05000000074505806,0.05000000074505806
1785517972995756700,12790321,0.05000000074505806,0.05000000074505806,0.05000000074505806,0.05000000074505806
1785517973017401400,12790321,0.05000000074505806,0.05000000074505806,0.05000000074505806,0.05000000074505806
1785517973025429600,12822190,0.05000000074505806,0.05000000074505806,0.05000000074505806,0.05000000074505806
1785517973028488300,12822190,0.05000000074505806,0.05000000074505806,0.05000000074505806,0.05000000074505806
1785517973039199400,12822190,0.05000000074505806,0.05000000074505806,0.05000000074505806,0.05000000074505806
1785517973052322400,12859877,0.05000000074505806,0.05000000074505806,0.05000000074505806,0.05000000074505806
1785517973062948000,12861555,0.05000000074505806,0.05000000074505806,0.05000000074505806,0.05000000074505806
1785517973076066900,12861555,0.05000000074505806,0.05000000074505806,0.05000000074505806,0.05000000074505806
1785517973086334800,12893153,0.05000000074505806,0.05000000074505806,0.05000000074505806,0.05000000074505806
1785517973093901500,12894912,0.05000000074505806,0.05000000074505806,0.05000000074505806,0.05000000074505806
1785517973105429700,12894912,0.05000000074505806,0.05000000074505806,0.05000000074505806,0.05000000074505806
1785517973118300000,12894912,0.05000000074505806,0.05000000074505806,0.05000000074505806,0.05000000074505806
1785517973129097400,12928484,0.05000000074505806,0.05000000074505806,0.05000000074505806,0.05000000074505806
1785517973140394400,12928484,0.05000000074505806,0.05000000074505806,0.05000000074505806,0.05000000074505806
1785517973150121200,12957665,0.05000000074505806,0.05000000074505806,0.05000000074505806,0.05000000074505806
1785517973162498500,12957665,0.05000000074505806,0.05000000074505806,0.05000000074505806,0.05000000074505806
1785517973173246600,12957665,0.05000000074505806,0.05000000074505806,0.05000000074505806,0.05000000074505806
1785517973183724500,12988160,0.05000000074505806,0.05000000074505806,0.05000000074505806,0.05000000074505806
